# Model for TARGETID=39628462612284326 at z=0, SPECTYPE=QSO, SUBTYPE=LOZ, smoothing=4.0
# wave_A flux
# 
2.760736196319018291e+03 8.400490021765843807e+00
2.761349693251533608e+03 8.436693312997306293e+00
2.761963190184049381e+03 8.503278862070075661e+00
2.762576687116564699e+03 8.590240968113397102e+00
2.763190184049080017e+03 8.686025212244599558e+00
2.763803680981595789e+03 8.780203530774203458e+00
2.764417177914111107e+03 8.865345461010173622e+00
2.765030674846626425e+03 8.937688989393665295e+00
2.765644171779142198e+03 8.996727089074010308e+00
2.766257668711657516e+03 9.044162956436801792e+00
2.766871165644173288e+03 9.082750036415696115e+00
2.767484662576688606e+03 9.115384404462659518e+00
2.768098159509203924e+03 9.144589143492854788e+00
2.768711656441719697e+03 9.172344691062987110e+00
2.769325153374235015e+03 9.200126457126700075e+00
2.769938650306750333e+03 9.229028058941219470e+00
2.770552147239266105e+03 9.259885898825107375e+00
2.771165644171781423e+03 9.293262821944960450e+00
2.771779141104296741e+03 9.329581881091579376e+00
2.772392638036812514e+03 9.369180907573959161e+00
2.773006134969327832e+03 9.412221273851521630e+00
2.773619631901843150e+03 9.458776218015986004e+00
2.774233128834358922e+03 9.508879908061963704e+00
2.774846625766874240e+03 9.562565398734456323e+00
2.775460122699389558e+03 9.619895410416507531e+00
2.776073619631905331e+03 9.680969674641506373e+00
2.776687116564420649e+03 9.745906518113329753e+00
2.777300613496935966e+03 9.814800806170199010e+00
2.777914110429451739e+03 9.887664609171981311e+00
2.778527607361967057e+03 9.964361098478981660e+00
2.779141104294482830e+03 1.004454811963269201e+01
2.779754601226998147e+03 1.012764982249714230e+01
2.780368098159513465e+03 1.021287347201828943e+01
2.780981595092029238e+03 1.029928219055758909e+01
2.781595092024544556e+03 1.038592278190362705e+01
2.782208588957059874e+03 1.047198834451402405e+01
2.782822085889575646e+03 1.055698141084267050e+01
2.783435582822090964e+03 1.064084013734274770e+01
2.784049079754606282e+03 1.072399638052634963e+01
2.784662576687122055e+03 1.080735101674882159e+01
2.785276073619637373e+03 1.089217753341828399e+01
2.785889570552152691e+03 1.097997800495624077e+01
2.786503067484668463e+03 1.107232203769153500e+01
2.787116564417183781e+03 1.117070164111009767e+01
2.787730061349699099e+03 1.127641863629522945e+01
2.788343558282214872e+03 1.139050650505713769e+01
2.788957055214730190e+03 1.151367825158843772e+01
2.789570552147245508e+03 1.164627847067921174e+01
2.790184049079761280e+03 1.178821226155186963e+01
2.790797546012276598e+03 1.193882834627653189e+01
2.791411042944792371e+03 1.209675455123058008e+01
2.792024539877307689e+03 1.225971204733245834e+01
2.792638036809823006e+03 1.242436666653980026e+01
2.793251533742338779e+03 1.258630016786957206e+01
2.793865030674854097e+03 1.274018197603203362e+01
2.794478527607369415e+03 1.288018194557727014e+01
2.795092024539885188e+03 1.300059859582960442e+01
2.795705521472400505e+03 1.309660393404424816e+01
2.796319018404915823e+03 1.316494679937782486e+01
2.796932515337431596e+03 1.320443941061799897e+01
2.797546012269946914e+03 1.321609038653841495e+01
2.798159509202462232e+03 1.320283043186866045e+01
2.798773006134978004e+03 1.316888146792030057e+01
2.799386503067493322e+03 1.311891425730676630e+01
2.800000000000008640e+03 1.305719088075329637e+01
2.800613496932524413e+03 1.298688402653753471e+01
2.801226993865039731e+03 1.290970786180221452e+01
2.801840490797555049e+03 1.282590964621747531e+01
2.802453987730070821e+03 1.273458127291247521e+01
2.803067484662586139e+03 1.263418149796647860e+01
2.803680981595101912e+03 1.252312978728254578e+01
2.804294478527617230e+03 1.240033986224387519e+01
2.804907975460132548e+03 1.226559522859804119e+01
2.805521472392648320e+03 1.211971432903312618e+01
2.806134969325163638e+03 1.196450573950032137e+01
2.806748466257678956e+03 1.180255182071713982e+01
2.807361963190194729e+03 1.163688150689306156e+01
2.807975460122710047e+03 1.147060826817293488e+01
2.808588957055225364e+03 1.130659914439162961e+01
2.809202453987741137e+03 1.114722133962760253e+01
2.809815950920256455e+03 1.099419296488554565e+01
2.810429447852771773e+03 1.084854077725098875e+01
2.811042944785287546e+03 1.071065062065229512e+01
2.811656441717802863e+03 1.058038330541624816e+01
2.812269938650318181e+03 1.045722920640773168e+01
2.812883435582833954e+03 1.034047377450599114e+01
2.813496932515349272e+03 1.022934783872166520e+01
2.814110429447864590e+03 1.012314477627386289e+01
2.814723926380380362e+03 1.002129488433978288e+01
2.815337423312895680e+03 9.923396769727272471e+00
2.815950920245410998e+03 9.829211580860373942e+00
2.816564417177926771e+03 9.738632138255374215e+00
2.817177914110442089e+03 9.651642445443037843e+00
2.817791411042957861e+03 9.568279271979889700e+00
2.818404907975473179e+03 9.488604679847339796e+00
2.819018404907988497e+03 9.412692343520571825e+00
2.819631901840504270e+03 9.340625318057252713e+00
2.820245398773019588e+03 9.272499878705259491e+00
2.820858895705534906e+03 9.208427977929666497e+00
2.821472392638050678e+03 9.148532899788355266e+00
2.822085889570565996e+03 9.092934532375689827e+00
2.822699386503081314e+03 9.041726474406747371e+00
2.823312883435597087e+03 8.994949171539962762e+00
2.823926380368112405e+03 8.952561881797386434e+00
2.824539877300627722e+03 8.914416214433735774e+00
2.825153374233143495e+03 8.880233812755099265e+00
2.825766871165658813e+03 8.849592734386774850e+00
2.826380368098174131e+03 8.821929833533634024e+00
2.826993865030689904e+03 8.796568138638010126e+00
2.827607361963205221e+03 8.772774180854494119e+00
2.828220858895720539e+03 8.749840610245849248e+00
2.828834355828236312e+03 8.727179531526685352e+00
2.829447852760751630e+03 8.704401153101743560e+00
2.830061349693267402e+03 8.681349416712473399e+00
2.830674846625782720e+03 8.658073887616431819e+00
2.831288343558298038e+03 8.634734971553401195e+00
2.831901840490813811e+03 8.611460530684382775e+00
2.832515337423329129e+03 8.588190767303345297e+00
2.833128834355844447e+03 8.564558208609129863e+00
2.833742331288360219e+03 8.539845005113267717e+00
2.834355828220875537e+03 8.513040278818690965e+00
2.834969325153390855e+03 8.482992964299238992e+00
2.835582822085906628e+03 8.448626646473815782e+00
2.836196319018421946e+03 8.409164599731308698e+00
2.836809815950937264e+03 8.364309712515531459e+00
2.837423312883453036e+03 8.314335677789360446e+00
2.838036809815968354e+03 8.260070982104572579e+00
2.838650306748483672e+03 8.202785497058410868e+00
2.839263803680999445e+03 8.144010011072913002e+00
2.839877300613514763e+03 8.085328639699202569e+00
2.840490797546030080e+03 8.028183332381868098e+00
2.841104294478545853e+03 7.973721534367722796e+00
2.841717791411061171e+03 7.922703484439420407e+00
2.842331288343576944e+03 7.875473509494788971e+00
2.842944785276092261e+03 7.831989456788507553e+00
2.843558282208607579e+03 7.791896989174659005e+00
2.844171779141123352e+03 7.754632498888331504e+00
2.844785276073638670e+03 7.719538043127942117e+00
2.845398773006153988e+03 7.685972994544117753e+00
2.846012269938669760e+03 7.653409041029460624e+00
2.846625766871185078e+03 7.621498106835099762e+00
2.847239263803700396e+03 7.590105922377306413e+00
2.847852760736216169e+03 7.559307141303869493e+00
2.848466257668731487e+03 7.529343040612924476e+00
2.849079754601246805e+03 7.500548378076120848e+00
2.849693251533762577e+03 7.473259725815792009e+00
2.850306748466277895e+03 7.447723398834811270e+00
2.850920245398793213e+03 7.424022786608049707e+00
2.851533742331308986e+03 7.402039673559489330e+00
2.852147239263824304e+03 7.381458726044296093e+00
2.852760736196339622e+03 7.361814502638449831e+00
2.853374233128855394e+03 7.342570239195423731e+00
2.853987730061370712e+03 7.323209721436489517e+00
2.854601226993886485e+03 7.303320897143940726e+00
2.855214723926401803e+03 7.282652951996041679e+00
2.855828220858917120e+03 7.261135968777148619e+00
2.856441717791432893e+03 7.238862397912361857e+00
2.857055214723948211e+03 7.216040016519237987e+00
2.857668711656463529e+03 7.192931649238300196e+00
2.858282208588979302e+03 7.169797701557821590e+00
2.858895705521494619e+03 7.146854004668792726e+00
2.859509202454009937e+03 7.124251086163061686e+00
2.860122699386525710e+03 7.102073880499355951e+00
2.860736196319041028e+03 7.080355709213455917e+00
2.861349693251556346e+03 7.059097536165361397e+00
2.861963190184072118e+03 7.038285956612758909e+00
2.862576687116587436e+03 7.017905239407697948e+00
2.863190184049102754e+03 6.997941535799242274e+00
2.863803680981618527e+03 6.978380864141840334e+00
2.864417177914133845e+03 6.959204277088216095e+00
2.865030674846649163e+03 6.940383004348772644e+00
2.865644171779164935e+03 6.921875554464447688e+00
2.866257668711680253e+03 6.903628940845844220e+00
2.866871165644196026e+03 6.885582663206143650e+00
2.867484662576711344e+03 6.867672721172710659e+00
2.868098159509226662e+03 6.849834087948717176e+00
2.868711656441742434e+03 6.832001015868981675e+00
2.869325153374257752e+03 6.814106060829988820e+00
2.869938650306773070e+03 6.796080669140815544e+00
2.870552147239288843e+03 6.777858914851071503e+00
2.871165644171804161e+03 6.759385007924283428e+00
2.871779141104319478e+03 6.740623415484099823e+00
2.872392638036835251e+03 6.721567747912981616e+00
2.873006134969350569e+03 6.702244327325004747e+00
2.873619631901865887e+03 6.682709176231925063e+00
2.874233128834381660e+03 6.663040835463770684e+00
2.874846625766896977e+03 6.643332361425390964e+00
2.875460122699412295e+03 6.623684978689349023e+00
2.876073619631928068e+03 6.604205423547517384e+00
2.876687116564443386e+03 6.585006390233486329e+00
2.877300613496958704e+03 6.566207202991923175e+00
2.877914110429474476e+03 6.547933059765798980e+00
2.878527607361989794e+03 6.530311071408022805e+00
2.879141104294505567e+03 6.513462052166175020e+00
2.879754601227020885e+03 6.497488634144721331e+00
2.880368098159536203e+03 6.482460940891439982e+00
2.880981595092051975e+03 6.468401909296365382e+00
2.881595092024567293e+03 6.455275904102098394e+00
2.882208588957082611e+03 6.442984139808103805e+00
2.882822085889598384e+03 6.431369008528916353e+00
2.883435582822113702e+03 6.420227665246700077e+00
2.884049079754629020e+03 6.409332493099983097e+00
2.884662576687144792e+03 6.398454096392407919e+00
2.885276073619660110e+03 6.387383364899902105e+00
2.885889570552175428e+03 6.375950504655386375e+00
2.886503067484691201e+03 6.364039682618292559e+00
2.887116564417206519e+03 6.351599837434594775e+00
2.887730061349721836e+03 6.338651872286343192e+00
2.888343558282237609e+03 6.325291157760020155e+00
2.888957055214752927e+03 6.311682789168688856e+00
2.889570552147268245e+03 6.298046959926963950e+00
2.890184049079784018e+03 6.284634324670298255e+00
2.890797546012299335e+03 6.271694421209637937e+00
2.891411042944815108e+03 6.259443014873078859e+00
2.892024539877330426e+03 6.248036333132727549e+00
2.892638036809845744e+03 6.237557600855230255e+00
2.893251533742361516e+03 6.228017768472398075e+00
2.893865030674876834e+03 6.219367250712841688e+00
2.894478527607392152e+03 6.211512540158728335e+00
2.895092024539907925e+03 6.204332716842333006e+00
2.895705521472423243e+03 6.197693689709058873e+00
2.896319018404938561e+03 6.191460035275984097e+00
2.896932515337454333e+03 6.185505682173024766e+00
2.897546012269969651e+03 6.179723428971231947e+00
2.898159509202484969e+03 6.174031851304313534e+00
2.898773006135000742e+03 6.168377474527067861e+00
2.899386503067516060e+03 6.162731001847873813e+00
2.900000000000031378e+03 6.157079330956551466e+00
2.900613496932547150e+03 6.151417086927852829e+00
2.901226993865062468e+03 6.145740893647573699e+00
2.901840490797577786e+03 6.140047464754962547e+00
2.902453987730093559e+03 6.134334324434552066e+00
2.903067484662608877e+03 6.128599904066621029e+00
2.903680981595124194e+03 6.122840622513013642e+00
2.904294478527639967e+03 6.117046650307201183e+00
2.904907975460155285e+03 6.111199973438999677e+00
2.905521472392671058e+03 6.105278920512239083e+00
2.906134969325186375e+03 6.099271815424853749e+00
2.906748466257701693e+03 6.093197446058814748e+00
2.907361963190217466e+03 6.087125108501697746e+00
2.907975460122732784e+03 6.081184178706214638e+00
2.908588957055248102e+03 6.075555584265845965e+00
2.909202453987763874e+03 6.070443948953772484e+00
2.909815950920279192e+03 6.066036600981156823e+00
2.910429447852794510e+03 6.062461117532940591e+00
2.911042944785310283e+03 6.059754712987006187e+00
2.911656441717825601e+03 6.057855953030384377e+00
2.912269938650340919e+03 6.056621461562824216e+00
2.912883435582856691e+03 6.055863345006144982e+00
2.913496932515372009e+03 6.055395850360411281e+00
2.914110429447887327e+03 6.055077874715816932e+00
2.914723926380403100e+03 6.054839045253034513e+00
2.915337423312918418e+03 6.054683368792232123e+00
2.915950920245433736e+03 6.054671422258989466e+00
2.916564417177949508e+03 6.054888297923398000e+00
2.917177914110464826e+03 6.055409685644566942e+00
2.917791411042980599e+03 6.056279010547201302e+00
2.918404907975495917e+03 6.057502794052052053e+00
2.919018404908011235e+03 6.059063874524451165e+00
2.919631901840527007e+03 6.060945347926790738e+00
2.920245398773042325e+03 6.063154233870768905e+00
2.920858895705557643e+03 6.065733784307959731e+00
2.921472392638073416e+03 6.068758211014679382e+00
2.922085889570588733e+03 6.072310563301589248e+00
2.922699386503104051e+03 6.076449795727942416e+00
2.923312883435619824e+03 6.081176362378998057e+00
2.923926380368135142e+03 6.086405670809603485e+00
2.924539877300650460e+03 6.091955818446599835e+00
2.925153374233166232e+03 6.097552439565618876e+00
2.925766871165681550e+03 6.102850060906365393e+00
2.926380368098196868e+03 6.107467054982582688e+00
2.926993865030712641e+03 6.111029713026240096e+00
2.927607361963227959e+03 6.113219414376168892e+00
2.928220858895743277e+03 6.113815904783658439e+00
2.928834355828259049e+03 6.112728864300846610e+00
2.929447852760774367e+03 6.110010833255130613e+00
2.930061349693290140e+03 6.105847817367278552e+00
2.930674846625805458e+03 6.100528291368005007e+00
2.931288343558320776e+03 6.094396382113765220e+00
2.931901840490836548e+03 6.087799566894000591e+00
2.932515337423351866e+03 6.081043487632739719e+00
2.933128834355867184e+03 6.074364624824415415e+00
2.933742331288382957e+03 6.067926713268107619e+00
2.934355828220898275e+03 6.061838993419159216e+00
2.934969325153413592e+03 6.056188013249641955e+00
2.935582822085929365e+03 6.051069884073926985e+00
2.936196319018444683e+03 6.046611256919999455e+00
2.936809815950960001e+03 6.042971656965429261e+00
2.937423312883475774e+03 6.040325542020837268e+00
2.938036809815991091e+03 6.038829069463428567e+00
2.938650306748506409e+03 6.038581780461606208e+00
2.939263803681022182e+03 6.039594596307037655e+00
2.939877300613537500e+03 6.041772755432560871e+00
2.940490797546052818e+03 6.044916801742474810e+00
2.941104294478568590e+03 6.048740539919808867e+00
2.941717791411083908e+03 6.052900433194338348e+00
2.942331288343599681e+03 6.057028851104243827e+00
2.942944785276114999e+03 6.060764938212383157e+00
2.943558282208630317e+03 6.063779560307021477e+00
2.944171779141146089e+03 6.065794083629506339e+00
2.944785276073661407e+03 6.066595785260951779e+00
2.945398773006176725e+03 6.066053451386687279e+00
2.946012269938692498e+03 6.064133457409193184e+00
2.946625766871207816e+03 6.060912439710260280e+00
2.947239263803723134e+03 6.056580381901944143e+00
2.947852760736238906e+03 6.051428177802861796e+00
2.948466257668754224e+03 6.045816522402005511e+00
2.949079754601269542e+03 6.040128671346569611e+00
2.949693251533785315e+03 6.034715451324613511e+00
2.950306748466300633e+03 6.029844257078138092e+00
2.950920245398815950e+03 6.025663947404742871e+00
2.951533742331331723e+03 6.022193684211949893e+00
2.952147239263847041e+03 6.019336612938369413e+00
2.952760736196362359e+03 6.016913230314875349e+00
2.953374233128878132e+03 6.014704850456279672e+00
2.953987730061393449e+03 6.012497302169984792e+00
2.954601226993909222e+03 6.010117123630057456e+00
2.955214723926424540e+03 6.007455361269478544e+00
2.955828220858939858e+03 6.004477226586989680e+00
2.956441717791455631e+03 6.001217353503570884e+00
2.957055214723970948e+03 5.997761687673428987e+00
2.957668711656486266e+03 5.994218606387144099e+00
2.958282208589002039e+03 5.990684194291194586e+00
2.958895705521517357e+03 5.987209819644422559e+00
2.959509202454032675e+03 5.983781869759432048e+00
2.960122699386548447e+03 5.980321074351260258e+00
2.960736196319063765e+03 5.976703526588882376e+00
2.961349693251579083e+03 5.972797383148621186e+00
2.961963190184094856e+03 5.968503715816574129e+00
2.962576687116610174e+03 5.963789260210511145e+00
2.963190184049125492e+03 5.958702185400667872e+00
2.963803680981641264e+03 5.953367877598159552e+00
2.964417177914156582e+03 5.947968386640702043e+00
2.965030674846671900e+03 5.942712168872550826e+00
2.965644171779187673e+03 5.937800401856248911e+00
2.966257668711702991e+03 5.933395736635256767e+00
2.966871165644218763e+03 5.929598451597741793e+00
2.967484662576734081e+03 5.926433063438522275e+00
2.968098159509249399e+03 5.923847645694509723e+00
2.968711656441765172e+03 5.921727107905620180e+00
2.969325153374280490e+03 5.919917718742815360e+00
2.969938650306795807e+03 5.918256592948266892e+00
2.970552147239311580e+03 5.916598189608973435e+00
2.971165644171826898e+03 5.914830579937135013e+00
2.971779141104342216e+03 5.912878559555753810e+00
2.972392638036857988e+03 5.910695448905485705e+00
2.973006134969373306e+03 5.908248210099728226e+00
2.973619631901888624e+03 5.905502101633634204e+00
2.974233128834404397e+03 5.902409684650280930e+00
2.974846625766919715e+03 5.898906216313360318e+00
2.975460122699435033e+03 5.894911336830306325e+00
2.976073619631950805e+03 5.890335883903318859e+00
2.976687116564466123e+03 5.885091944158651778e+00
2.977300613496981441e+03 5.879104136411715587e+00
2.977914110429497214e+03 5.872320445271070888e+00
2.978527607362012532e+03 5.864720917030852299e+00
2.979141104294528304e+03 5.856322278714049645e+00
2.979754601227043622e+03 5.847177686817160769e+00
2.980368098159558940e+03 5.837372447147584076e+00
2.980981595092074713e+03 5.827017391511685851e+00
2.981595092024590031e+03 5.816242512400480180e+00
2.982208588957105349e+03 5.805192614254456984e+00
2.982822085889621121e+03 5.794026111565464099e+00
2.983435582822136439e+03 5.782916089301998852e+00
2.984049079754651757e+03 5.772050497162332761e+00
2.984662576687167530e+03 5.761627186882724239e+00
2.985276073619682847e+03 5.751840434898880972e+00
2.985889570552198165e+03 5.742857287319365511e+00
2.986503067484713938e+03 5.734786003642704522e+00
2.987116564417229256e+03 5.727644001838125831e+00
2.987730061349744574e+03 5.721335705724536425e+00
2.988343558282260346e+03 5.715650130030025977e+00
2.988957055214775664e+03 5.710283953166618076e+00
2.989570552147290982e+03 5.704889361817794935e+00
2.990184049079806755e+03 5.699136755782678421e+00
2.990797546012322073e+03 5.692776198257701203e+00
2.991411042944837391e+03 5.685681526720313350e+00
2.992024539877353163e+03 5.677864996956275334e+00
2.992638036809868481e+03 5.669459331964218585e+00
2.993251533742384254e+03 5.660673817214544101e+00
2.993865030674899572e+03 5.651737640552909170e+00
2.994478527607414890e+03 5.642845975318552476e+00
2.995092024539930662e+03 5.634121706714878997e+00
2.995705521472445980e+03 5.625599504934500672e+00
2.996319018404961298e+03 5.617232224259547380e+00
2.996932515337477071e+03 5.608914811521503729e+00
2.997546012269992389e+03 5.600518039749955435e+00
2.998159509202507707e+03 5.591923854575013841e+00
2.998773006135023479e+03 5.583054745802368046e+00
2.999386503067538797e+03 5.573891878790539600e+00
3.000000000000054115e+03 5.564479881044310794e+00
3.000613496932569888e+03 5.554918748304335629e+00
3.001226993865085205e+03 5.545345634975460847e+00
3.001840490797600523e+03 5.535910740352356640e+00
3.002453987730116296e+03 5.526752359568254391e+00
3.003067484662631614e+03 5.517975722534238514e+00
3.003680981595146932e+03 5.509639563910534221e+00
3.004294478527662704e+03 5.501753547369136577e+00
3.004907975460178022e+03 5.494287452694250007e+00
3.005521472392693795e+03 5.487189809484945613e+00
3.006134969325209113e+03 5.480411234119340058e+00
3.006748466257724431e+03 5.473925151321625826e+00
3.007361963190240203e+03 5.467738883414144269e+00
3.007975460122755521e+03 5.461891336793271989e+00
3.008588957055270839e+03 5.456438007710133320e+00
3.009202453987786612e+03 5.451428282433637307e+00
3.009815950920301930e+03 5.446883073627542871e+00
3.010429447852817248e+03 5.442780697254998579e+00
3.011042944785333020e+03 5.439055183347311306e+00
3.011656441717848338e+03 5.435606212987988073e+00
3.012269938650363656e+03 5.432316133726287966e+00
3.012883435582879429e+03 5.429067215852961148e+00
3.013496932515394747e+03 5.425754317704980956e+00
3.014110429447910064e+03 5.422291956131331858e+00
3.014723926380425837e+03 5.418617063021741842e+00
3.015337423312941155e+03 5.414691649091254000e+00
3.015950920245456473e+03 5.410509112816459520e+00
3.016564417177972246e+03 5.406104647483878978e+00
3.017177914110487563e+03 5.401566737987722355e+00
3.017791411043003336e+03 5.397043753087919171e+00
3.018404907975518654e+03 5.392738905467100885e+00
3.019018404908033972e+03 5.388890177387501979e+00
3.019631901840549745e+03 5.385735061628730946e+00
3.020245398773065062e+03 5.383465202822027784e+00
3.020858895705580380e+03 5.382181269179323380e+00
3.021472392638096153e+03 5.381859965197378415e+00
3.022085889570611471e+03 5.382343768156113484e+00
3.022699386503126789e+03 5.383359160465010618e+00
3.023312883435642561e+03 5.384560797695177925e+00
3.023926380368157879e+03 5.385592061821409260e+00
3.024539877300673197e+03 5.386146795909896312e+00
3.025153374233188970e+03 5.386016560618239524e+00
3.025766871165704288e+03 5.385113579187401633e+00
3.026380368098219606e+03 5.383467048760161688e+00
3.026993865030735378e+03 5.381198279351657732e+00
3.027607361963250696e+03 5.378485405386443041e+00
3.028220858895766014e+03 5.375528963623482426e+00
3.028834355828281787e+03 5.372525665127880323e+00
3.029447852760797105e+03 5.369652090463178595e+00
3.030061349693312877e+03 5.367055251666574378e+00
3.030674846625828195e+03 5.364845048865880983e+00
3.031288343558343513e+03 5.363085714155419126e+00
3.031901840490859286e+03 5.361786873042992951e+00
3.032515337423374604e+03 5.360898441415459459e+00
3.033128834355889921e+03 5.360315292586567359e+00
3.033742331288405694e+03 5.359895518785334545e+00
3.034355828220921012e+03 5.359491090286510051e+00
3.034969325153436330e+03 5.358985304164409769e+00
3.035582822085952102e+03 5.358326400274187939e+00
3.036196319018467420e+03 5.357546653742743636e+00
3.036809815950982738e+03 5.356760393603854808e+00
3.037423312883498511e+03 5.356140538469831291e+00
3.038036809816013829e+03 5.355880335755415445e+00
3.038650306748529147e+03 5.356152145699909717e+00
3.039263803681044919e+03 5.357074510411283796e+00
3.039877300613560237e+03 5.358695403298087356e+00
3.040490797546075555e+03 5.360992928785076828e+00
3.041104294478591328e+03 5.363887663499722791e+00
3.041717791411106646e+03 5.367257927984207200e+00
3.042331288343622418e+03 5.370950640735363990e+00
3.042944785276137736e+03 5.374784926289541964e+00
3.043558282208653054e+03 5.378551605355302634e+00
3.044171779141168827e+03 5.382015378774285708e+00
3.044785276073684145e+03 5.384926627310504976e+00
3.045398773006199463e+03 5.387045783891065476e+00
3.046012269938715235e+03 5.388176347559475055e+00
3.046625766871230553e+03 5.388197333440684744e+00
3.047239263803745871e+03 5.387084676109795467e+00
3.047852760736261644e+03 5.384913711057309982e+00
3.048466257668776962e+03 5.381839711404234450e+00
3.049079754601292279e+03 5.378060489141528677e+00
3.049693251533808052e+03 5.373771054685142268e+00
3.050306748466323370e+03 5.369122960542219047e+00
3.050920245398838688e+03 5.364199526341486113e+00
3.051533742331354460e+03 5.359012610723700831e+00
3.052147239263869778e+03 5.353521085234663524e+00
3.052760736196385096e+03 5.347665462105304357e+00
3.053374233128900869e+03 5.341407684132273737e+00
3.053987730061416187e+03 5.334764355201538244e+00
3.054601226993931959e+03 5.327825401681743678e+00
3.055214723926447277e+03 5.320753437752395065e+00
3.055828220858962595e+03 5.313763970662138902e+00
3.056441717791478368e+03 5.307091793322721962e+00
3.057055214723993686e+03 5.300952203987787215e+00
3.057668711656509004e+03 5.295505384200266619e+00
3.058282208589024776e+03 5.290830963292878053e+00
3.058895705521540094e+03 5.286917506536790157e+00
3.059509202454055412e+03 5.283668884786996145e+00
3.060122699386571185e+03 5.280925267456362704e+00
3.060736196319086503e+03 5.278493583476906004e+00
3.061349693251601821e+03 5.276181533586913552e+00
3.061963190184117593e+03 5.273828534251231659e+00
3.062576687116632911e+03 5.271328882713992137e+00
3.063190184049148229e+03 5.268645715079180114e+00
3.063803680981664002e+03 5.265815479861417181e+00
3.064417177914179319e+03 5.262942604967282278e+00
3.065030674846694637e+03 5.260184528201477860e+00
3.065644171779210410e+03 5.257727531770320262e+00
3.066257668711725728e+03 5.255755075894805728e+00
3.066871165644241501e+03 5.254412910361969224e+00
3.067484662576756818e+03 5.253778263956535355e+00
3.068098159509272136e+03 5.253841214663664161e+00
3.068711656441787909e+03 5.254504535941354249e+00
3.069325153374303227e+03 5.255603685426128102e+00
3.069938650306818545e+03 5.256942278290018145e+00
3.070552147239334317e+03 5.258332910107982094e+00
3.071165644171849635e+03 5.259632091790577668e+00
3.071779141104364953e+03 5.260760399016982447e+00
3.072392638036880726e+03 5.261703014998269978e+00
3.073006134969396044e+03 5.262492699849820710e+00
3.073619631901911362e+03 5.263182396417183995e+00
3.074233128834427134e+03 5.263815920824566064e+00
3.074846625766942452e+03 5.264404645181048892e+00
3.075460122699457770e+03 5.264916191517949429e+00
3.076073619631973543e+03 5.265277242563620952e+00
3.076687116564488861e+03 5.265388887936198081e+00
3.077300613497004178e+03 5.265150206455747828e+00
3.077914110429519951e+03 5.264484709249497740e+00
3.078527607362035269e+03 5.263363004995365912e+00
3.079141104294550587e+03 5.261815558901261625e+00
3.079754601227066360e+03 5.259931968977756611e+00
3.080368098159581677e+03 5.257846286580841522e+00
3.080981595092097450e+03 5.255711401737992894e+00
3.081595092024612768e+03 5.253669615963768358e+00
3.082208588957128086e+03 5.251827096785815385e+00
3.082822085889643859e+03 5.250237588075483686e+00
3.083435582822159176e+03 5.248897747773296985e+00
3.084049079754674494e+03 5.247752878901456697e+00
3.084662576687190267e+03 5.246709146774948707e+00
3.085276073619705585e+03 5.245648651545991470e+00
3.085889570552220903e+03 5.244444822078421886e+00
3.086503067484736675e+03 5.242978007469343282e+00
3.087116564417251993e+03 5.241151793172247331e+00
3.087730061349767311e+03 5.238909357012668799e+00
3.088343558282283084e+03 5.236248218484973904e+00
3.088957055214798402e+03 5.233230493018079521e+00
3.089570552147313720e+03 5.229984610153432634e+00
3.090184049079829492e+03 5.226696348932525105e+00
3.090797546012344810e+03 5.223589115693823004e+00
3.091411042944860128e+03 5.220895303515242780e+00
3.092024539877375901e+03 5.218822853067937473e+00
3.092638036809891219e+03 5.217523397089931514e+00
3.093251533742406991e+03 5.217068976132429370e+00
3.093865030674922309e+03 5.217443820832779799e+00
3.094478527607437627e+03 5.218554559397624359e+00
3.095092024539953400e+03 5.220257412476539294e+00
3.095705521472468718e+03 5.222396428452258377e+00
3.096319018404984035e+03 5.224842897431847710e+00
3.096932515337499808e+03 5.227525618665617380e+00
3.097546012270015126e+03 5.230445558353690849e+00
3.098159509202530444e+03 5.233673468640529514e+00
3.098773006135046217e+03 5.237333873844854715e+00
3.099386503067561534e+03 5.241581385427958040e+00
3.100000000000076852e+03 5.246575454802625771e+00
3.100613496932592625e+03 5.252458053897531620e+00
3.101226993865107943e+03 5.259336426283558907e+00
3.101840490797623261e+03 5.267271307566779193e+00
3.102453987730139033e+03 5.276270991422647327e+00
3.103067484662654351e+03 5.286290952461638604e+00
3.103680981595169669e+03 5.297237867141284084e+00
3.104294478527685442e+03 5.308977078229662361e+00
3.104907975460200760e+03 5.321342121128498803e+00
3.105521472392716532e+03 5.334144907676262370e+00
3.106134969325231850e+03 5.347187011199117990e+00
3.106748466257747168e+03 5.360272343211565982e+00
3.107361963190262941e+03 5.373221807867323285e+00
3.107975460122778259e+03 5.385889299470608016e+00
3.108588957055293577e+03 5.398176748764693222e+00
3.109202453987809349e+03 5.410044587826793538e+00
3.109815950920324667e+03 5.421513324614612550e+00
3.110429447852839985e+03 5.432652975429562936e+00
3.111042944785355758e+03 5.443561553808306641e+00
3.111656441717871076e+03 5.454337165863559989e+00
3.112269938650386393e+03 5.465051132119894461e+00
3.112883435582902166e+03 5.475729960384040140e+00
3.113496932515417484e+03 5.486351414111383384e+00
3.114110429447932802e+03 5.496855776504354196e+00
3.114723926380448574e+03 5.507168977081212446e+00
3.115337423312963892e+03 5.517230829230921785e+00
3.115950920245479210e+03 5.527020435570510593e+00
3.116564417177994983e+03 5.536571716072233862e+00
3.117177914110510301e+03 5.545974362643907973e+00
3.117791411043026073e+03 5.555358693005592485e+00
3.118404907975541391e+03 5.564866612357131537e+00
3.119018404908056709e+03 5.574614976446168768e+00
3.119631901840572482e+03 5.584661534311196718e+00
3.120245398773087800e+03 5.594984682587528901e+00
3.120858895705603118e+03 5.605486312781939873e+00
3.121472392638118890e+03 5.616021011861353607e+00
3.122085889570634208e+03 5.626446456870114687e+00
3.122699386503149526e+03 5.636682720346490427e+00
3.123312883435665299e+03 5.646764046015672278e+00
3.123926380368180617e+03 5.656868144449328284e+00
3.124539877300695935e+03 5.667313597255971835e+00
3.125153374233211707e+03 5.678523738880028482e+00
3.125766871165727025e+03 5.690962504619790252e+00
3.126380368098242343e+03 5.705051999336835600e+00
3.126993865030758116e+03 5.721083553925760512e+00
3.127607361963273434e+03 5.739133393044889786e+00
3.128220858895788751e+03 5.758993376353996219e+00
3.128834355828304524e+03 5.780126207477951361e+00
3.129447852760819842e+03 5.801654351137830901e+00
3.130061349693335615e+03 5.822391978992335737e+00
3.130674846625850932e+03 5.840926528550070884e+00
3.131288343558366250e+03 5.855749574346766906e+00
3.131901840490882023e+03 5.865427375683510469e+00
3.132515337423397341e+03 5.868789386653728180e+00
3.133128834355912659e+03 5.865102839068171647e+00
3.133742331288428431e+03 5.854197944294301514e+00
3.134355828220943749e+03 5.836513502578167589e+00
3.134969325153459067e+03 5.813047193863660311e+00
3.135582822085974840e+03 5.785216088266095014e+00
3.136196319018490158e+03 5.754653698266563033e+00
3.136809815951005476e+03 5.722984574404867075e+00
3.137423312883521248e+03 5.691621410789950097e+00
3.138036809816036566e+03 5.661622178134702921e+00
3.138650306748551884e+03 5.633628163808335643e+00
3.139263803681067657e+03 5.607883319262866983e+00
3.139877300613582975e+03 5.584317931596267215e+00
3.140490797546098293e+03 5.562668450682649812e+00
3.141104294478614065e+03 5.542603012312318889e+00
3.141717791411129383e+03 5.523828383185975355e+00
3.142331288343645156e+03 5.506163029059705671e+00
3.142944785276160474e+03 5.489569946237404352e+00
3.143558282208675791e+03 5.474151125148659425e+00
3.144171779141191564e+03 5.460109882556099414e+00
3.144785276073706882e+03 5.447691067936886178e+00
3.145398773006222200e+03 5.437112088143654098e+00
3.146012269938737973e+03 5.428499181328020562e+00
3.146625766871253290e+03 5.421843086039123349e+00
3.147239263803768608e+03 5.416984090949924280e+00
3.147852760736284381e+03 5.413628600674218028e+00
3.148466257668799699e+03 5.411390903819963683e+00
3.149079754601315017e+03 5.409847084121675032e+00
3.149693251533830789e+03 5.408585959124248888e+00
3.150306748466346107e+03 5.407245469198255883e+00
3.150920245398861425e+03 5.405529949975231396e+00
3.151533742331377198e+03 5.403210918587325828e+00
3.152147239263892516e+03 5.400119316100805200e+00
3.152760736196407834e+03 5.396138211478971769e+00
3.153374233128923606e+03 5.391201900141985526e+00
3.153987730061438924e+03 5.385302270730533358e+00
3.154601226993954242e+03 5.378498656749694184e+00
3.155214723926470015e+03 5.370924558040916175e+00
3.155828220858985333e+03 5.362784995119202591e+00
3.156441717791501105e+03 5.354341651960512038e+00
3.157055214724016423e+03 5.345887242097854042e+00
3.157668711656531741e+03 5.337714446748217156e+00
3.158282208589047514e+03 5.330087234458098067e+00
3.158895705521562832e+03 5.323221872254446652e+00
3.159509202454078149e+03 5.317281173307835118e+00
3.160122699386593922e+03 5.312380312778063107e+00
3.160736196319109240e+03 5.308598542669979103e+00
3.161349693251624558e+03 5.305989038880590591e+00
3.161963190184140331e+03 5.304580818155268496e+00
3.162576687116655648e+03 5.304371778256923520e+00
3.163190184049170966e+03 5.305317003311423640e+00
3.163803680981686739e+03 5.307319743438997151e+00
3.164417177914202057e+03 5.310232293888569544e+00
3.165030674846717375e+03 5.313870074086973538e+00
3.165644171779233147e+03 5.318036754217432716e+00
3.166257668711748465e+03 5.322553447958867423e+00
3.166871165644263783e+03 5.327282671349482079e+00
3.167484662576779556e+03 5.332139324869985764e+00
3.168098159509294874e+03 5.337085473940073044e+00
3.168711656441810646e+03 5.342111190878583216e+00
3.169325153374325964e+03 5.347208176152195236e+00
3.169938650306841282e+03 5.352344698226669806e+00
3.170552147239357055e+03 5.357449161300595009e+00
3.171165644171872373e+03 5.362405889518371715e+00
3.171779141104387691e+03 5.367062618414451869e+00
3.172392638036903463e+03 5.371244989883958709e+00
3.173006134969418781e+03 5.374772666212709993e+00
3.173619631901934099e+03 5.377474328680588833e+00
3.174233128834449872e+03 5.379201634714750213e+00
3.174846625766965190e+03 5.379843909362016063e+00
3.175460122699480507e+03 5.379345722779077299e+00
3.176073619631996280e+03 5.377726309831453833e+00
3.176687116564511598e+03 5.375096713042112562e+00
3.177300613497026916e+03 5.371669167241389431e+00
3.177914110429542689e+03 5.367754294348300093e+00
3.178527607362058006e+03 5.363744913711639306e+00
3.179141104294573324e+03 5.360088261431836365e+00
3.179754601227089097e+03 5.357250598746057690e+00
3.180368098159604415e+03 5.355678305217869806e+00
3.180981595092120187e+03 5.355758866678318242e+00
3.181595092024635505e+03 5.357784293781156393e+00
3.182208588957150823e+03 5.361919591634588755e+00
3.182822085889666596e+03 5.368179236664670562e+00
3.183435582822181914e+03 5.376414317201308357e+00
3.184049079754697232e+03 5.386311935308270904e+00
3.184662576687213004e+03 5.397407574719086831e+00
3.185276073619728322e+03 5.409110083654677936e+00
3.185889570552243640e+03 5.420739245020250507e+00
3.186503067484759413e+03 5.431576388885368978e+00
3.187116564417274731e+03 5.440928325042935221e+00
3.187730061349790049e+03 5.448201355820945224e+00
3.188343558282305821e+03 5.452976865015413566e+00
3.188957055214821139e+03 5.455074740720591286e+00
3.189570552147336457e+03 5.454589087612232490e+00
3.190184049079852230e+03 5.451884803899043064e+00
3.190797546012367548e+03 5.447552029363139425e+00
3.191411042944882865e+03 5.442326212247760253e+00
3.192024539877398638e+03 5.436990233167467323e+00
3.192638036809913956e+03 5.432278975244798858e+00
3.193251533742429729e+03 5.428803952862468307e+00
3.193865030674945046e+03 5.427008492282095808e+00
3.194478527607460364e+03 5.427155557133511721e+00
3.195092024539976137e+03 5.429343312507471708e+00
3.195705521472491455e+03 5.433538659464391074e+00
3.196319018405006773e+03 5.439617770215496861e+00
3.196932515337522545e+03 5.447402671619003378e+00
3.197546012270037863e+03 5.456684797852319413e+00
3.198159509202553181e+03 5.467229559326488797e+00
3.198773006135068954e+03 5.478760078101238662e+00
3.199386503067584272e+03 5.490924164187543255e+00
3.200000000000099590e+03 5.503254688080615686e+00
3.200613496932615362e+03 5.515138843913056199e+00
3.201226993865130680e+03 5.525813589783050261e+00
3.201840490797645998e+03 5.534401265506017964e+00
3.202453987730161771e+03 5.539990178614694116e+00
3.203067484662677089e+03 5.541751809198840917e+00
3.203680981595192407e+03 5.539072473210250536e+00
3.204294478527708179e+03 5.531668185462319975e+00
3.204907975460223497e+03 5.519651689737589351e+00
3.205521472392739270e+03 5.503531852557419057e+00
3.206134969325254588e+03 5.484143070718078050e+00
3.206748466257769905e+03 5.462521016813880692e+00
3.207361963190285678e+03 5.439754628750366194e+00
3.207975460122800996e+03 5.416848734178194569e+00
3.208588957055316314e+03 5.394624014829071612e+00
3.209202453987832087e+03 5.373668007532705460e+00
3.209815950920347404e+03 5.354336536145677172e+00
3.210429447852862722e+03 5.336792677093404436e+00
3.211042944785378495e+03 5.321065198003383401e+00
3.211656441717893813e+03 5.307109053704261115e+00
3.212269938650409131e+03 5.294853758301892199e+00
3.212883435582924903e+03 5.284231850076810844e+00
3.213496932515440221e+03 5.275186492687906181e+00
3.214110429447955539e+03 5.267662114305531773e+00
3.214723926380471312e+03 5.261585265898042429e+00
3.215337423312986630e+03 5.256844460971313637e+00
3.215950920245501948e+03 5.253276989923748808e+00
3.216564417178017720e+03 5.250667411247411209e+00
3.217177914110533038e+03 5.248758554722392056e+00
3.217791411043048811e+03 5.247272152071218443e+00
3.218404907975564129e+03 5.245933904144014726e+00
3.219018404908079447e+03 5.244497112749993306e+00
3.219631901840595219e+03 5.242760624198409047e+00
3.220245398773110537e+03 5.240578130558973591e+00
3.220858895705625855e+03 5.237857941113516880e+00
3.221472392638141628e+03 5.234555111446897335e+00
3.222085889570656946e+03 5.230659233133041042e+00
3.222699386503172263e+03 5.226181456404319192e+00
3.223312883435688036e+03 5.221144828124215209e+00
3.223926380368203354e+03 5.215580364177350603e+00
3.224539877300718672e+03 5.209528405762482883e+00
3.225153374233234445e+03 5.203042702057200763e+00
3.225766871165749762e+03 5.196193454568573955e+00
3.226380368098265080e+03 5.189066654089213415e+00
3.226993865030780853e+03 5.181759080765174552e+00
3.227607361963296171e+03 5.174369845370490495e+00
3.228220858895811489e+03 5.166990822323876742e+00
3.228834355828327261e+03 5.159699727366820809e+00
3.229447852760842579e+03 5.152558064465898369e+00
3.230061349693358352e+03 5.145613905738967375e+00
3.230674846625873670e+03 5.138908558366447110e+00
3.231288343558388988e+03 5.132485540554392323e+00
3.231901840490904760e+03 5.126399436566496881e+00
3.232515337423420078e+03 5.120721698829752810e+00
3.233128834355935396e+03 5.115540428229945036e+00
3.233742331288451169e+03 5.110952572431035179e+00
3.234355828220966487e+03 5.107049782726119425e+00
3.234969325153481805e+03 5.103901876478525779e+00
3.235582822085997577e+03 5.101543087784037311e+00
3.236196319018512895e+03 5.099965317743357929e+00
3.236809815951028213e+03 5.099120096121241730e+00
3.237423312883543986e+03 5.098927165191530442e+00
3.238036809816059304e+03 5.099284684285112945e+00
3.238650306748574621e+03 5.100075993940298424e+00
3.239263803681090394e+03 5.101170974539436465e+00
3.239877300613605712e+03 5.102423391546277998e+00
3.240490797546121030e+03 5.103669177852226291e+00
3.241104294478636803e+03 5.104730479860397629e+00
3.241717791411152120e+03 5.105427183958253678e+00
3.242331288343667438e+03 5.105594297950650784e+00
3.242944785276183211e+03 5.105100596208792751e+00
3.243558282208698529e+03 5.103862639957713832e+00
3.244171779141214301e+03 5.101851707500058453e+00
3.244785276073729619e+03 5.099094779177998582e+00
3.245398773006244937e+03 5.095672038446336316e+00
3.246012269938760710e+03 5.091713355887007353e+00
3.246625766871276028e+03 5.087395048163910083e+00
3.247239263803791346e+03 5.082935191561613664e+00
3.247852760736307118e+03 5.078584400786167130e+00
3.248466257668822436e+03 5.074609691736048589e+00
3.249079754601337754e+03 5.071271155236900086e+00
3.249693251533853527e+03 5.068794392356753775e+00
3.250306748466368845e+03 5.067344909431803046e+00
3.250920245398884163e+03 5.067010856248495010e+00
3.251533742331399935e+03 5.067798213656681483e+00
3.252147239263915253e+03 5.069639123786811474e+00
3.252760736196430571e+03 5.072410106586213274e+00
3.253374233128946344e+03 5.075953108956869464e+00
3.253987730061461662e+03 5.080091996185596592e+00
3.254601226993976979e+03 5.084639985360039915e+00
3.255214723926492752e+03 5.089398006635581062e+00
3.255828220859008070e+03 5.094148506147232247e+00
3.256441717791523843e+03 5.098652390278410884e+00
3.257055214724039161e+03 5.102655425284099877e+00
3.257668711656554478e+03 5.105906149474287226e+00
3.258282208589070251e+03 5.108182579268992995e+00
3.258895705521585569e+03 5.109321216062756577e+00
3.259509202454100887e+03 5.109240283836600227e+00
3.260122699386616659e+03 5.107950972752242969e+00
3.260736196319131977e+03 5.105554518176929513e+00
3.261349693251647295e+03 5.102226640938449798e+00
3.261963190184163068e+03 5.098193132658508375e+00
3.262576687116678386e+03 5.093701449112971069e+00
3.263190184049193704e+03 5.088993001955568474e+00
3.263803680981709476e+03 5.084279056788004070e+00
3.264417177914224794e+03 5.079722299966974219e+00
3.265030674846740112e+03 5.075425984558324721e+00
3.265644171779255885e+03 5.071431891471263498e+00
3.266257668711771203e+03 5.067727387122206828e+00
3.266871165644286521e+03 5.064261079648760600e+00
3.267484662576802293e+03 5.060964872351648935e+00
3.268098159509317611e+03 5.057777789953232350e+00
3.268711656441833384e+03 5.054665610238558315e+00
3.269325153374348702e+03 5.051630663183619419e+00
3.269938650306864020e+03 5.048708624215994867e+00
3.270552147239379792e+03 5.045953188393284883e+00
3.271165644171895110e+03 5.043413055181037663e+00
3.271779141104410428e+03 5.041108238336834191e+00
3.272392638036926201e+03 5.039013374325632455e+00
3.273006134969441518e+03 5.037053129792702144e+00
3.273619631901956836e+03 5.035110784903694459e+00
3.274233128834472609e+03 5.033047659332929413e+00
3.274846625766987927e+03 5.030728530438422830e+00
3.275460122699503245e+03 5.028046977061976008e+00
3.276073619632019017e+03 5.024945081584295536e+00
3.276687116564534335e+03 5.021423531776981086e+00
3.277300613497049653e+03 5.017540562209072519e+00
3.277914110429565426e+03 5.013399941232907331e+00
3.278527607362080744e+03 5.009130333123366974e+00
3.279141104294596062e+03 5.004860351175260291e+00
3.279754601227111834e+03 5.000694424917690561e+00
3.280368098159627152e+03 4.996694487043496835e+00
3.280981595092142925e+03 4.992871325614192557e+00
3.281595092024658243e+03 4.989187881177421957e+00
3.282208588957173561e+03 4.985574646731420145e+00
3.282822085889689333e+03 4.981954424667542014e+00
3.283435582822204651e+03 4.978271906418489046e+00
3.284049079754719969e+03 4.974522520496798883e+00
3.284662576687235742e+03 4.970773606326612359e+00
3.285276073619751060e+03 4.967171776629935032e+00
3.285889570552266377e+03 4.963933058685457311e+00
3.286503067484782150e+03 4.961315811292442923e+00
3.287116564417297468e+03 4.959580689737664194e+00
3.287730061349812786e+03 4.958945905325860437e+00
3.288343558282328559e+03 4.959547344437420513e+00
3.288957055214843876e+03 4.961412394508812440e+00
3.289570552147359194e+03 4.964452829375700205e+00
3.290184049079874967e+03 4.968477393409779452e+00
3.290797546012390285e+03 4.973220102345774052e+00
3.291411042944905603e+03 4.978377408592936426e+00
3.292024539877421375e+03 4.983646400934447662e+00
3.292638036809936693e+03 4.988757206297705693e+00
3.293251533742452466e+03 4.993494821471468725e+00
3.293865030674967784e+03 4.997708212016846119e+00
3.294478527607483102e+03 5.001306642398517077e+00
3.295092024539998874e+03 5.004245445588763275e+00
3.295705521472514192e+03 5.006505148352592194e+00
3.296319018405029510e+03 5.008069368917380970e+00
3.296932515337545283e+03 5.008907011054466452e+00
3.297546012270060601e+03 5.008963551276296222e+00
3.298159509202575919e+03 5.008164104244959169e+00
3.298773006135091691e+03 5.006427303462960943e+00
3.299386503067607009e+03 5.003686149660287796e+00
3.300000000000122327e+03 4.999910775534869067e+00
3.300613496932638100e+03 4.995127671200958019e+00
3.301226993865153418e+03 4.989431004755330967e+00
3.301840490797668735e+03 4.982984201445791683e+00
3.302453987730184508e+03 4.976012382950387725e+00
3.303067484662699826e+03 4.968787858091675780e+00
3.303680981595215144e+03 4.961611208242761251e+00
3.304294478527730917e+03 4.954790327626297675e+00
3.304907975460246234e+03 4.948619085787692384e+00
3.305521472392762007e+03 4.943356659074973791e+00
3.306134969325277325e+03 4.939207769934853332e+00
3.306748466257792643e+03 4.936303561242233684e+00
3.307361963190308416e+03 4.934683568611575311e+00
3.307975460122823733e+03 4.934281094900592635e+00
3.308588957055339051e+03 4.934915569900446997e+00
3.309202453987854824e+03 4.936296568196226531e+00
3.309815950920370142e+03 4.938044792602636512e+00
3.310429447852885460e+03 4.939732304121225326e+00
3.311042944785401232e+03 4.940938824138755514e+00
3.311656441717916550e+03 4.941315487616127378e+00
3.312269938650431868e+03 4.940642379656705607e+00
3.312883435582947641e+03 4.938864851266214551e+00
3.313496932515462959e+03 4.936097919545283652e+00
3.314110429447978277e+03 4.932595370346866126e+00
3.314723926380494049e+03 4.928689970570223622e+00
3.315337423313009367e+03 4.924719620804355991e+00
3.315950920245524685e+03 4.920958406714460054e+00
3.316564417178040458e+03 4.917569294279690695e+00
3.317177914110555776e+03 4.914588950010994495e+00
3.317791411043071548e+03 4.911945850427611227e+00
3.318404907975586866e+03 4.909503575110576890e+00
3.319018404908102184e+03 4.907115211187763393e+00
3.319631901840617957e+03 4.904673257135531372e+00
3.320245398773133275e+03 4.902142699648710078e+00
3.320858895705648592e+03 4.899570885689447763e+00
3.321472392638164365e+03 4.897074676731573817e+00
3.322085889570679683e+03 4.894810929482350303e+00
3.322699386503195001e+03 4.892939668074380855e+00
3.323312883435710773e+03 4.891590172015018112e+00
3.323926380368226091e+03 4.890837867956751239e+00
3.324539877300741409e+03 4.890696376629263931e+00
3.325153374233257182e+03 4.891125240256324780e+00
3.325766871165772500e+03 4.892050082517276799e+00
3.326380368098287818e+03 4.893389207343156855e+00
3.326993865030803590e+03 4.895079421053053714e+00
3.327607361963318908e+03 4.897094278919488453e+00
3.328220858895834226e+03 4.899450522011355780e+00
3.328834355828349999e+03 4.902202352586703782e+00
3.329447852760865317e+03 4.905426071271478783e+00
3.330061349693380635e+03 4.909200366426340167e+00
3.330674846625896407e+03 4.913589024179348286e+00
3.331288343558411725e+03 4.918632170586150210e+00
3.331901840490927498e+03 4.924349293012095785e+00
3.332515337423442816e+03 4.930754453228145096e+00
3.333128834355958134e+03 4.937880166475645538e+00
3.333742331288473906e+03 4.945802978496685931e+00
3.334355828220989224e+03 4.954662906289820867e+00
3.334969325153504542e+03 4.964670432430118296e+00
3.335582822086020315e+03 4.976097084240539203e+00
3.336196319018535632e+03 4.989250639334328774e+00
3.336809815951050950e+03 5.004440674426449576e+00
3.337423312883566723e+03 5.021942649454424590e+00
3.338036809816082041e+03 5.041967721452755846e+00
3.338650306748597359e+03 5.064641816802750718e+00
3.339263803681113131e+03 5.089990811448230623e+00
3.339877300613628449e+03 5.117921981183547686e+00
3.340490797546143767e+03 5.148189855835745732e+00
3.341104294478659540e+03 5.180339230175690091e+00
3.341717791411174858e+03 5.213628884805078911e+00
3.342331288343690176e+03 5.246954698502416470e+00
3.342944785276205948e+03 5.278804424881119672e+00
3.343558282208721266e+03 5.307281400301331331e+00
3.344171779141237039e+03 5.330226354389351329e+00
3.344785276073752357e+03 5.345443977751921594e+00
3.345398773006267675e+03 5.351009408421942837e+00
3.346012269938783447e+03 5.345599018767159372e+00
3.346625766871298765e+03 5.328771140636039405e+00
3.347239263803814083e+03 5.301123692501289675e+00
3.347852760736329856e+03 5.264279303420725142e+00
3.348466257668845174e+03 5.220689318016243696e+00
3.349079754601360492e+03 5.173293482438388935e+00
3.349693251533876264e+03 5.125107934226818429e+00
3.350306748466391582e+03 5.078828906478856098e+00
3.350920245398906900e+03 5.036529865312591170e+00
3.351533742331422673e+03 4.999499574190729767e+00
3.352147239263937990e+03 4.968229494035282912e+00
3.352760736196453308e+03 4.942524016510266627e+00
3.353374233128969081e+03 4.921686412191896842e+00
3.353987730061484399e+03 4.904729181271871852e+00
3.354601226993999717e+03 4.890567069424823110e+00
3.355214723926515489e+03 4.878168563499404087e+00
3.355828220859030807e+03 4.866660362031654863e+00
3.356441717791546580e+03 4.855389735779656490e+00
3.357055214724061898e+03 4.843954189291159729e+00
3.357668711656577216e+03 4.832206710723219167e+00
3.358282208589092988e+03 4.820240541857979899e+00
3.358895705521608306e+03 4.808352728155758093e+00
3.359509202454123624e+03 4.796985169053358256e+00
3.360122699386639397e+03 4.786645306211975814e+00
3.360736196319154715e+03 4.777813658706182132e+00
3.361349693251670033e+03 4.770851486694954069e+00
3.361963190184185805e+03 4.765925591701693165e+00
3.362576687116701123e+03 4.762965933016485742e+00
3.363190184049216441e+03 4.761665941184208606e+00
3.363803680981732214e+03 4.761526560935094743e+00
3.364417177914247532e+03 4.761935499981772679e+00
3.365030674846762849e+03 4.762265871232986392e+00
3.365644171779278622e+03 4.761975127409105113e+00
3.366257668711793940e+03 4.760686208041883027e+00
3.366871165644309258e+03 4.758237309883813992e+00
3.367484662576825031e+03 4.754693794580157729e+00
3.368098159509340348e+03 4.750323486809336693e+00
3.368711656441856121e+03 4.745543203053967929e+00
3.369325153374371439e+03 4.740848598455015939e+00
3.369938650306886757e+03 4.736740838579306612e+00
3.370552147239402530e+03 4.733661713861290643e+00
3.371165644171917847e+03 4.731944679640009532e+00
3.371779141104433165e+03 4.731784474373527338e+00
3.372392638036948938e+03 4.733224016278464674e+00
3.373006134969464256e+03 4.736154829772633690e+00
3.373619631901979574e+03 4.740327419177799761e+00
3.374233128834495346e+03 4.745370613697383000e+00
3.374846625767010664e+03 4.750821349506406222e+00
3.375460122699525982e+03 4.756166821965698510e+00
3.376073619632041755e+03 4.760898927132958036e+00
3.376687116564557073e+03 4.764577345933209251e+00
3.377300613497072391e+03 4.766892201932436457e+00
3.377914110429588163e+03 4.767713406259958653e+00
3.378527607362103481e+03 4.767114108247771043e+00
3.379141104294618799e+03 4.765360280451852226e+00
3.379754601227134572e+03 4.762865751859145291e+00
3.380368098159649890e+03 4.760120813626343761e+00
3.380981595092165662e+03 4.757609654268621924e+00
3.381595092024680980e+03 4.755734264682850210e+00
3.382208588957196298e+03 4.754759735067628945e+00
3.382822085889712071e+03 4.754789494181382636e+00
3.383435582822227389e+03 4.755770933311315396e+00
3.384049079754742706e+03 4.757524915638172480e+00
3.384662576687258479e+03 4.759788931975426962e+00
3.385276073619773797e+03 4.762263456506802051e+00
3.385889570552289115e+03 4.764653798383135630e+00
3.386503067484804887e+03 4.766702929195965943e+00
3.387116564417320205e+03 4.768213936158493205e+00
3.387730061349835523e+03 4.769062756920656732e+00
3.388343558282351296e+03 4.769202697700327676e+00
3.388957055214866614e+03 4.768663026042473163e+00
3.389570552147381932e+03 4.767544241284305429e+00
3.390184049079897704e+03 4.766011893738431482e+00
3.390797546012413022e+03 4.764289767846919155e+00
3.391411042944928340e+03 4.762651565100457951e+00
3.392024539877444113e+03 4.761408408901711020e+00
3.392638036809959431e+03 4.760889129267618536e+00
3.393251533742475203e+03 4.761412152170178658e+00
3.393865030674990521e+03 4.763250836332945326e+00
3.394478527607505839e+03 4.766596934069378122e+00
3.395092024540021612e+03 4.771528976429777025e+00
3.395705521472536930e+03 4.777992356230306825e+00
3.396319018405052248e+03 4.785795984902932787e+00
3.396932515337568020e+03 4.794626923798684714e+00
3.397546012270083338e+03 4.804081152261973742e+00
3.398159509202598656e+03 4.813706192001092177e+00
3.398773006135114429e+03 4.823049777761468704e+00
3.399386503067629747e+03 4.831707909287695557e+00
3.400000000000145064e+03 4.839366145642959083e+00
3.400613496932660837e+03 4.845828682784071972e+00
3.401226993865176155e+03 4.851031571045397506e+00
3.401840490797691473e+03 4.855038908705033407e+00
3.402453987730207245e+03 4.858023384750287832e+00
3.403067484662722563e+03 4.860235136658658917e+00
3.403680981595237881e+03 4.861964942393574240e+00
3.404294478527753654e+03 4.863508717984561081e+00
3.404907975460268972e+03 4.865139482607137467e+00
3.405521472392784744e+03 4.867090603550620287e+00
3.406134969325300062e+03 4.869550963982257841e+00
3.406748466257815380e+03 4.872669695268834644e+00
3.407361963190331153e+03 4.876565774082219029e+00
3.407975460122846471e+03 4.881337519459419738e+00
3.408588957055361789e+03 4.887068979179831629e+00
3.409202453987877561e+03 4.893833306372870062e+00
3.409815950920392879e+03 4.901696380689148924e+00
3.410429447852908197e+03 4.910724513862366969e+00
3.411042944785423970e+03 4.920999395500800233e+00
3.411656441717939288e+03 4.932639567554114812e+00
3.412269938650454606e+03 4.945824369081290861e+00
3.412883435582970378e+03 4.960813824017969331e+00
3.413496932515485696e+03 4.977958194796461733e+00
3.414110429448001014e+03 4.997693551515044241e+00
3.414723926380516787e+03 5.020523690889115542e+00
3.415337423313032104e+03 5.046993604017814938e+00
3.415950920245547422e+03 5.077661654300984040e+00
3.416564417178063195e+03 5.113077091013618514e+00
3.417177914110578513e+03 5.153766269055797267e+00
3.417791411043093831e+03 5.200224920914547688e+00
3.418404907975609603e+03 5.252907513035611764e+00
3.419018404908124921e+03 5.312198246154069992e+00
3.419631901840640694e+03 5.378345676818153009e+00
3.420245398773156012e+03 5.451345493820467958e+00
3.420858895705671330e+03 5.530765160052313334e+00
3.421472392638187102e+03 5.615523552926060091e+00
3.422085889570702420e+03 5.703664120611716015e+00
3.422699386503217738e+03 5.792185384214151078e+00
3.423312883435733511e+03 5.877007364756606123e+00
3.423926380368248829e+03 5.953145457236210802e+00
3.424539877300764147e+03 6.015128274960959587e+00
3.425153374233279919e+03 6.057635721554375685e+00
3.425766871165795237e+03 6.076263102016568496e+00
3.426380368098310555e+03 6.068259799425523404e+00
3.426993865030826328e+03 6.033071234685761119e+00
3.427607361963341646e+03 5.972543400790505608e+00
3.428220858895856963e+03 5.890725586681876180e+00
3.428834355828372736e+03 5.793306608207456243e+00
3.429447852760888054e+03 5.686810227390734163e+00
3.430061349693403372e+03 5.577727351413002133e+00
3.430674846625919145e+03 5.471761911337614137e+00
3.431288343558434462e+03 5.373317272205111017e+00
3.431901840490950235e+03 5.285274659970573552e+00
3.432515337423465553e+03 5.209039319100073229e+00
3.433128834355980871e+03 5.144777671498868443e+00
3.433742331288496644e+03 5.091749513919733516e+00
3.434355828221011961e+03 5.048650395400221313e+00
3.434969325153527279e+03 5.013907970461513486e+00
3.435582822086043052e+03 4.985906897087792444e+00
3.436196319018558370e+03 4.963141739657532803e+00
3.436809815951073688e+03 4.944309916114987047e+00
3.437423312883589460e+03 4.928359416544560112e+00
3.438036809816104778e+03 4.914503264152631168e+00
3.438650306748620096e+03 4.902208264080906375e+00
3.439263803681135869e+03 4.891163228358028192e+00
3.439877300613651187e+03 4.881230724738185422e+00
3.440490797546166505e+03 4.872387556672333808e+00
3.441104294478682277e+03 4.864661797366263585e+00
3.441717791411197595e+03 4.858074559916895296e+00
3.442331288343712913e+03 4.852595292985815156e+00
3.442944785276228686e+03 4.848118099887877008e+00
3.443558282208744004e+03 4.844462882358128830e+00
3.444171779141259776e+03 4.841399668445208526e+00
3.444785276073775094e+03 4.838688364692928623e+00
3.445398773006290412e+03 4.836121594920522959e+00
3.446012269938806185e+03 4.833557010970305434e+00
3.446625766871321503e+03 4.830928883828340403e+00
3.447239263803836820e+03 4.828236112917315914e+00
3.447852760736352593e+03 4.825512140563106733e+00
3.448466257668867911e+03 4.822788315640910817e+00
3.449079754601383229e+03 4.820063694579539870e+00
3.449693251533899002e+03 4.817290850714248229e+00
3.450306748466414319e+03 4.814380776711974619e+00
3.450920245398929637e+03 4.811222651997447031e+00
3.451533742331445410e+03 4.807709388845927023e+00
3.452147239263960728e+03 4.803759289900984442e+00
3.452760736196476046e+03 4.799326689010595004e+00
3.453374233128991818e+03 4.794399734043309991e+00
3.453987730061507136e+03 4.788988902878685394e+00
3.454601226994022454e+03 4.783113098529856444e+00
3.455214723926538227e+03 4.776790803485448933e+00
3.455828220859053545e+03 4.770041851678247014e+00
3.456441717791569317e+03 4.762900875307693127e+00
3.457055214724084635e+03 4.755438527860958331e+00
3.457668711656599953e+03 4.747782723456987597e+00
3.458282208589115726e+03 4.740130600812774375e+00
3.458895705521631044e+03 4.732743781671254979e+00
3.459509202454146362e+03 4.725924634103709110e+00
3.460122699386662134e+03 4.719976599129998007e+00
3.460736196319177452e+03 4.715156542566107056e+00
3.461349693251692770e+03 4.711630271720669505e+00
3.461963190184208543e+03 4.709442311054095498e+00
3.462576687116723861e+03 4.708507631240759217e+00
3.463190184049239178e+03 4.708627493753068549e+00
3.463803680981754951e+03 4.709525192646111691e+00
3.464417177914270269e+03 4.710892283635712552e+00
3.465030674846785587e+03 4.712433908325373011e+00
3.465644171779301359e+03 4.713902776054425203e+00
3.466257668711816677e+03 4.715115109568975171e+00
3.466871165644331995e+03 4.715947461740694457e+00
3.467484662576847768e+03 4.716318573271649939e+00
3.468098159509363086e+03 4.716163562630123707e+00
3.468711656441878858e+03 4.715409658134307236e+00
3.469325153374394176e+03 4.713961866377779586e+00
3.469938650306909494e+03 4.711703824921857020e+00
3.470552147239425267e+03 4.708515183109121871e+00
3.471165644171940585e+03 4.704302783135040578e+00
3.471779141104455903e+03 4.699038774541697272e+00
3.472392638036971675e+03 4.692795647909007606e+00
3.473006134969486993e+03 4.685768299615011401e+00
3.473619631902002311e+03 4.678275037646795198e+00
3.474233128834518084e+03 4.670733835613432916e+00
3.474846625767033402e+03 4.663616196936383851e+00
3.475460122699548720e+03 4.657386438137804952e+00
3.476073619632064492e+03 4.652437805347913624e+00
3.476687116564579810e+03 4.649037868876035873e+00
3.477300613497095128e+03 4.647293455826472908e+00
3.477914110429610901e+03 4.647141295742381217e+00
3.478527607362126219e+03 4.648365131859579336e+00
3.479141104294641536e+03 4.650634792953510122e+00
3.479754601227157309e+03 4.653559006541813758e+00
3.480368098159672627e+03 4.656742532756533492e+00
3.480981595092188400e+03 4.659838025629447600e+00
3.481595092024703717e+03 4.662584367147144526e+00
3.482208588957219035e+03 4.664825808979142785e+00
3.482822085889734808e+03 4.666509309172852227e+00
3.483435582822250126e+03 4.667661175681204533e+00
3.484049079754765444e+03 4.668348927674719206e+00
3.484662576687281216e+03 4.668638192123454544e+00
3.485276073619796534e+03 4.668556040660483575e+00
3.485889570552311852e+03 4.668071318608975062e+00
3.486503067484827625e+03 4.667098056225544411e+00
3.487116564417342943e+03 4.665520631198356583e+00
3.487730061349858261e+03 4.663232377087402014e+00
3.488343558282374033e+03 4.660175224463239729e+00
3.488957055214889351e+03 4.656367303897114951e+00
3.489570552147404669e+03 4.651910018902263744e+00
3.490184049079920442e+03 4.646973442647625241e+00
3.490797546012435760e+03 4.641765888275128482e+00
3.491411042944951078e+03 4.636498176473213384e+00
3.492024539877466850e+03 4.631354365431566755e+00
3.492638036809982168e+03 4.626477511208154425e+00
3.493251533742497941e+03 4.621973134696941266e+00
3.493865030675013259e+03 4.617927038276388174e+00
3.494478527607528576e+03 4.614428734459259829e+00
3.495092024540044349e+03 4.611589964340234715e+00
3.495705521472559667e+03 4.609549966341694116e+00
3.496319018405074985e+03 4.608463143989633970e+00
3.496932515337590758e+03 4.608470486647357589e+00
3.497546012270106075e+03 4.609661776959620205e+00
3.498159509202621393e+03 4.612038951876298754e+00
3.498773006135137166e+03 4.615491281981011440e+00
3.499386503067652484e+03 4.619789971230726877e+00
3.500000000000167802e+03 4.624604576938915912e+00
3.500613496932683574e+03 4.629538130988988698e+00
3.501226993865198892e+03 4.634173388582446762e+00
3.501840490797714210e+03 4.638120531661069634e+00
3.502453987730229983e+03 4.641057916823339902e+00
3.503067484662745301e+03 4.642760565847899201e+00
3.503680981595260619e+03 4.643113889736147470e+00
3.504294478527776391e+03 4.642112310208839077e+00
3.504907975460291709e+03 4.639844647116575516e+00
3.505521472392807027e+03 4.636469386177146212e+00
3.506134969325322800e+03 4.632183751911481906e+00
3.506748466257838118e+03 4.627191714448409599e+00
3.507361963190353890e+03 4.621677263048512785e+00
3.507975460122869208e+03 4.615788751369518828e+00
3.508588957055384526e+03 4.609637791341139490e+00
3.509202453987900299e+03 4.603311669460269151e+00
3.509815950920415617e+03 4.596894272311785379e+00
3.510429447852930934e+03 4.590488104035696182e+00
3.511042944785446707e+03 4.584229527703734597e+00
3.511656441717962025e+03 4.578291831245890897e+00
3.512269938650477343e+03 4.572874278439556406e+00
3.512883435582993116e+03 4.568178878304647306e+00
3.513496932515508433e+03 4.564379186418957346e+00
3.514110429448023751e+03 4.561587024121187106e+00
3.514723926380539524e+03 4.559823253026115353e+00
3.515337423313054842e+03 4.558998173750969052e+00
3.515950920245570160e+03 4.558906296935217206e+00
3.516564417178085932e+03 4.559238440471869325e+00
3.517177914110601250e+03 4.559611214119372313e+00
3.517791411043116568e+03 4.559610406524090997e+00
3.518404907975632341e+03 4.558841671393026651e+00
3.519018404908147659e+03 4.556980283435427381e+00
3.519631901840663431e+03 4.553812335519526577e+00
3.520245398773178749e+03 4.549262025107705831e+00
3.520858895705694067e+03 4.543402737964869154e+00
3.521472392638209840e+03 4.536452532729836840e+00
3.522085889570725158e+03 4.528756200124989917e+00
3.522699386503240476e+03 4.520755844911201748e+00
3.523312883435756248e+03 4.512951913798624481e+00
3.523926380368271566e+03 4.505857156453998869e+00
3.524539877300786884e+03 4.499946915611530152e+00
3.525153374233302657e+03 4.495610466802602012e+00
3.525766871165817975e+03 4.493109530812361641e+00
3.526380368098333292e+03 4.492550209826347896e+00
3.526993865030849065e+03 4.493873393948846662e+00
3.527607361963364383e+03 4.496866056206650697e+00
3.528220858895879701e+03 4.501192394608299452e+00
3.528834355828395474e+03 4.506440384115038889e+00
3.529447852760910791e+03 4.512176736841675861e+00
3.530061349693426109e+03 4.518001070342536174e+00
3.530674846625941882e+03 4.523590163368822914e+00
3.531288343558457200e+03 4.528725432237762583e+00
3.531901840490972972e+03 4.533300213134056733e+00
3.532515337423488290e+03 4.537308080447271408e+00
3.533128834356003608e+03 4.540817455647542467e+00
3.533742331288519381e+03 4.543939601267985573e+00
3.534355828221034699e+03 4.546797393742741278e+00
3.534969325153550017e+03 4.549500154271727936e+00
3.535582822086065789e+03 4.552126388418344050e+00
3.536196319018581107e+03 4.554713887622089175e+00
3.536809815951096425e+03 4.557256544122103570e+00
3.537423312883612198e+03 4.559707081205199408e+00
3.538036809816127516e+03 4.561985532729055492e+00
3.538650306748642834e+03 4.563993541918335950e+00
3.539263803681158606e+03 4.565633472997921771e+00
3.539877300613673924e+03 4.566829249539884117e+00
3.540490797546189242e+03 4.567544337639885654e+00
3.541104294478705015e+03 4.567791953673872918e+00
3.541717791411220333e+03 4.567633880608719110e+00
3.542331288343735650e+03 4.567167279542091229e+00
3.542944785276251423e+03 4.566502699053394565e+00
3.543558282208766741e+03 4.565739285960950689e+00
3.544171779141282514e+03 4.564944224630453462e+00
3.544785276073797831e+03 4.564142193056820673e+00
3.545398773006313149e+03 4.563317421544689445e+00
3.546012269938828922e+03 4.562426689094341015e+00
3.546625766871344240e+03 4.561418242147965429e+00
3.547239263803859558e+03 4.560249598341123978e+00
3.547852760736375330e+03 4.558898403802687405e+00
3.548466257668890648e+03 4.557363841945353045e+00
3.549079754601405966e+03 4.555660067585668216e+00
3.549693251533921739e+03 4.553806495417713762e+00
3.550306748466437057e+03 4.551820562882669563e+00
3.550920245398952375e+03 4.549716279098242389e+00
3.551533742331468147e+03 4.547508630057954804e+00
3.552147239263983465e+03 4.545220633794387233e+00
3.552760736196498783e+03 4.542888348879691840e+00
3.553374233129014556e+03 4.540560282585460072e+00
3.553987730061529874e+03 4.538290529848864274e+00
3.554601226994045192e+03 4.536127481617225676e+00
3.555214723926560964e+03 4.534102306318338549e+00
3.555828220859076282e+03 4.532221403725176678e+00
3.556441717791592055e+03 4.530465081663031413e+00
3.557055214724107373e+03 4.528792214516337289e+00
3.557668711656622690e+03 4.527148374373806128e+00
3.558282208589138463e+03 4.525473143730018855e+00
3.558895705521653781e+03 4.523703146483771143e+00
3.559509202454169099e+03 4.521769199584694476e+00
3.560122699386684872e+03 4.519589015424918976e+00
3.560736196319200189e+03 4.517060165180501130e+00
3.561349693251715507e+03 4.514059269594964618e+00
3.561963190184231280e+03 4.510452129434261437e+00
3.562576687116746598e+03 4.506115840256678773e+00
3.563190184049261916e+03 4.500969226553168667e+00
3.563803680981777688e+03 4.495003617469021329e+00
3.564417177914293006e+03 4.488304619117617023e+00
3.565030674846808324e+03 4.481057286264753081e+00
3.565644171779324097e+03 4.473531869580866349e+00
3.566257668711839415e+03 4.466053163340297338e+00
3.566871165644354733e+03 4.458960919138494461e+00
3.567484662576870505e+03 4.452570883738752983e+00
3.568098159509385823e+03 4.447144651728112130e+00
3.568711656441901596e+03 4.442872726469423661e+00
3.569325153374416914e+03 4.439870519240863622e+00
3.569938650306932232e+03 4.438183302986985268e+00
3.570552147239448004e+03 4.437794735454192896e+00
3.571165644171963322e+03 4.438634573624515411e+00
3.571779141104478640e+03 4.440583479420173951e+00
3.572392638036994413e+03 4.443475757789816072e+00
3.573006134969509731e+03 4.447102943622052607e+00
3.573619631902025048e+03 4.451221385170460287e+00
3.574233128834540821e+03 4.455565725350453476e+00
3.574846625767056139e+03 4.459868285772551566e+00
3.575460122699571457e+03 4.463882259199972502e+00
3.576073619632087230e+03 4.467405290622860292e+00
3.576687116564602547e+03 4.470299658831226708e+00
3.577300613497117865e+03 4.472505946201457583e+00
3.577914110429633638e+03 4.474048314285417050e+00
3.578527607362148956e+03 4.475030720082676439e+00
3.579141104294664274e+03 4.475623786807811477e+00
3.579754601227180046e+03 4.476042868258482521e+00
3.580368098159695364e+03 4.476518333338668221e+00
3.580981595092211137e+03 4.477259874358407998e+00
3.581595092024726455e+03 4.478419068859663454e+00
3.582208588957241773e+03 4.480056761774322993e+00
3.582822085889757545e+03 4.482122944563948330e+00
3.583435582822272863e+03 4.484456080202948058e+00
3.584049079754788181e+03 4.486805588753719043e+00
3.584662576687303954e+03 4.488875205660117551e+00
3.585276073619819272e+03 4.490379357760540202e+00
3.585889570552334590e+03 4.491100483006815303e+00
3.586503067484850362e+03 4.490934107650367935e+00
3.587116564417365680e+03 4.489911472354617850e+00
3.587730061349880998e+03 4.488195278671789801e+00
3.588343558282396771e+03 4.486050557611833689e+00
3.588957055214912089e+03 4.483798372397902909e+00
3.589570552147427406e+03 4.481763654390524820e+00
3.590184049079943179e+03 4.480228478150772631e+00
3.590797546012458497e+03 4.479399580814005688e+00
3.591411042944973815e+03 4.479394290065992656e+00
3.592024539877489588e+03 4.480244010603619209e+00
3.592638036810004905e+03 4.481910271422037795e+00
3.593251533742520223e+03 4.484305812626728560e+00
3.593865030675035996e+03 4.487313386358558809e+00
3.594478527607551314e+03 4.490797051943327567e+00
3.595092024540067086e+03 4.494604384809377962e+00
3.595705521472582404e+03 4.498561848850458844e+00
3.596319018405097722e+03 4.502468088014345504e+00
3.596932515337613495e+03 4.506090561356819180e+00
3.597546012270128813e+03 4.509169946975583265e+00
3.598159509202644131e+03 4.511434482338120056e+00
3.598773006135159903e+03 4.512623364123974135e+00
3.599386503067675221e+03 4.512515697975524098e+00
3.600000000000190539e+03 4.510959505521279667e+00
3.600613496932706312e+03 4.507894992750227203e+00
3.601226993865221630e+03 4.503367792802617231e+00
3.601840490797736948e+03 4.497529312431401749e+00
3.602453987730252720e+03 4.490623466335651237e+00
3.603067484662768038e+03 4.482961412014891067e+00
3.603680981595283356e+03 4.474887594189419282e+00
3.604294478527799129e+03 4.466742036772416213e+00
3.604907975460314447e+03 4.458825258821796922e+00
3.605521472392829764e+03 4.451372197388683283e+00
3.606134969325345537e+03 4.444540692518117453e+00
3.606748466257860855e+03 4.438416978510446143e+00
3.607361963190376628e+03 4.433035794373752836e+00
3.607975460122891946e+03 4.428408230090795428e+00
3.608588957055407263e+03 4.424547718580552846e+00
3.609202453987923036e+03 4.421484824739299491e+00
3.609815950920438354e+03 4.419265015729077817e+00
3.610429447852953672e+03 4.417929635064627547e+00
3.611042944785469444e+03 4.417486418289175987e+00
3.611656441717984762e+03 4.417879731500468310e+00
3.612269938650500080e+03 4.418970826154136056e+00
3.612883435583015853e+03 4.420535074232967432e+00
3.613496932515531171e+03 4.422278540593576501e+00
3.614110429448046489e+03 4.423871468736698453e+00
3.614723926380562261e+03 4.424993039835968034e+00
3.615337423313077579e+03 4.425379978780145329e+00
3.615950920245592897e+03 4.424871852010840101e+00
3.616564417178108670e+03 4.423446461608471658e+00
3.617177914110623988e+03 4.421239048408606820e+00
3.617791411043139306e+03 4.418540278514730524e+00
3.618404907975655078e+03 4.415769909363295831e+00
3.619018404908170396e+03 4.413426581410217153e+00
3.619631901840686169e+03 4.412019564286694617e+00
3.620245398773201487e+03 4.411993673417816453e+00
3.620858895705716805e+03 4.413661413124121857e+00
3.621472392638232577e+03 4.417155571200475528e+00
3.622085889570747895e+03 4.422411056317484324e+00
3.622699386503263213e+03 4.429177013710809518e+00
3.623312883435778986e+03 4.437052665519742867e+00
3.623926380368294303e+03 4.445535699490285708e+00
3.624539877300809621e+03 4.454071644780348116e+00
3.625153374233325394e+03 4.462096616563741236e+00
3.625766871165840712e+03 4.469071593003461906e+00
3.626380368098356030e+03 4.474511271857611661e+00
3.626993865030871802e+03 4.478012709958013815e+00
3.627607361963387120e+03 4.479286998804585807e+00
3.628220858895902438e+03 4.478192892616512211e+00
3.628834355828418211e+03 4.474766838870793961e+00
3.629447852760933529e+03 4.469240853963563964e+00
3.630061349693448847e+03 4.462040180093351793e+00
3.630674846625964619e+03 4.453756044155019467e+00
3.631288343558479937e+03 4.445093395111241463e+00
3.631901840490995710e+03 4.436799111116688010e+00
3.632515337423511028e+03 4.429580469963642742e+00
3.633128834356026346e+03 4.424026126052723384e+00
3.633742331288542118e+03 4.420541789854203429e+00
3.634355828221057436e+03 4.419310657945898058e+00
3.634969325153572754e+03 4.420284286854490929e+00
3.635582822086088527e+03 4.423203910347358381e+00
3.636196319018603845e+03 4.427646427156195053e+00
3.636809815951119162e+03 4.433085281930443600e+00
3.637423312883634935e+03 4.438954785175856621e+00
3.638036809816150253e+03 4.444707367072137316e+00
3.638650306748665571e+03 4.449857039036007045e+00
3.639263803681181344e+03 4.454006754755336139e+00
3.639877300613696661e+03 4.456861221568851228e+00
3.640490797546211979e+03 4.458229208075485950e+00
3.641104294478727752e+03 4.458019764407686658e+00
3.641717791411243070e+03 4.456235788852606738e+00
3.642331288343758388e+03 4.452966782347603569e+00
3.642944785276274160e+03 4.448381029990049917e+00
3.643558282208789478e+03 4.442716538267230675e+00
3.644171779141305251e+03 4.436270139948359947e+00
3.644785276073820569e+03 4.429384740618182548e+00
3.645398773006335887e+03 4.422434916672366434e+00
3.646012269938851659e+03 4.415810764995605986e+00
3.646625766871366977e+03 4.409899241375843104e+00
3.647239263803882295e+03 4.405062098325149833e+00
3.647852760736398068e+03 4.401610307403234224e+00
3.648466257668913386e+03 4.399776974002307384e+00
3.649079754601428704e+03 4.399693344795291061e+00
3.649693251533944476e+03 4.401373982980021360e+00
3.650306748466459794e+03 4.404715903830094703e+00
3.650920245398975112e+03 4.409513450564151782e+00
3.651533742331490885e+03 4.415486477488899553e+00
3.652147239264006203e+03 4.422315045789806831e+00
3.652760736196521520e+03 4.429672822249771436e+00
3.653374233129037293e+03 4.437252995965248026e+00
3.653987730061552611e+03 4.444783804025016494e+00
3.654601226994067929e+03 4.452034827150388452e+00
3.655214723926583702e+03 4.458817756352286388e+00
3.655828220859099019e+03 4.464985247989186057e+00
3.656441717791614792e+03 4.470429061591318032e+00
3.657055214724130110e+03 4.475077081369017051e+00
3.657668711656645428e+03 4.478887914546773708e+00
3.658282208589161201e+03 4.481842213733520985e+00
3.658895705521676518e+03 4.483931883470112290e+00
3.659509202454191836e+03 4.485150460917013859e+00
3.660122699386707609e+03 4.485488435125615680e+00
3.660736196319222927e+03 4.484935908856700237e+00
3.661349693251738245e+03 4.483492385493519805e+00
3.661963190184254017e+03 4.481180293992071739e+00
3.662576687116769335e+03 4.478056921705308113e+00
3.663190184049284653e+03 4.474219449687012684e+00
3.663803680981800426e+03 4.469800224920671639e+00
3.664417177914315744e+03 4.464953216169453398e+00
3.665030674846831062e+03 4.459836205112725160e+00
3.665644171779346834e+03 4.454594868847397748e+00
3.666257668711862152e+03 4.449354374405969814e+00
3.666871165644377470e+03 4.444220752867451552e+00
3.667484662576893243e+03 4.439289422021663434e+00
3.668098159509408561e+03 4.434654921623730317e+00
3.668711656441924333e+03 4.430414695300131989e+00
3.669325153374439651e+03 4.426661718927629607e+00
3.669938650306954969e+03 4.423465507169933808e+00
3.670552147239470742e+03 4.420846516597457310e+00
3.671165644171986060e+03 4.418752287487606623e+00
3.671779141104501377e+03 4.417044335500535546e+00
3.672392638037017150e+03 4.415502477102597467e+00
3.673006134969532468e+03 4.413847918134398363e+00
3.673619631902047786e+03 4.411781144555496859e+00
3.674233128834563558e+03 4.409026961749590079e+00
3.674846625767078876e+03 4.405377033089677319e+00
3.675460122699594194e+03 4.400721404959613281e+00
3.676073619632109967e+03 4.395063937947871757e+00
3.676687116564625285e+03 4.388520586890122921e+00
3.677300613497140603e+03 4.381302396786465714e+00
3.677914110429656375e+03 4.373687253914750883e+00
3.678527607362171693e+03 4.365984903025304398e+00
3.679141104294687011e+03 4.358499240116989526e+00
3.679754601227202784e+03 4.351491402239847872e+00
3.680368098159718102e+03 4.345147751113119128e+00
3.680981595092233420e+03 4.339557875732999115e+00
3.681595092024749192e+03 4.334707695621637491e+00
3.682208588957264510e+03 4.330491392870819745e+00
3.682822085889780283e+03 4.326742740052705649e+00
3.683435582822295601e+03 4.323281600545145764e+00
3.684049079754810919e+03 4.319966184191765812e+00
3.684662576687326691e+03 4.316738732876439499e+00
3.685276073619842009e+03 4.313652887606010289e+00
3.685889570552357327e+03 4.310874521201202292e+00
3.686503067484873100e+03 4.308653887694267937e+00
3.687116564417388417e+03 4.307274304496562678e+00
3.687730061349903735e+03 4.306988950043966646e+00
3.688343558282419508e+03 4.307960310339510990e+00
3.688957055214934826e+03 4.310216372621239245e+00
3.689570552147450144e+03 4.313633989658414158e+00
3.690184049079965916e+03 4.317953403718863825e+00
3.690797546012481234e+03 4.322820346011606141e+00
3.691411042944996552e+03 4.327845908054429813e+00
3.692024539877512325e+03 4.332671176827600945e+00
3.692638036810027643e+03 4.337023127525467814e+00
3.693251533742542961e+03 4.340750844897202754e+00
3.693865030675058733e+03 4.343835809486971122e+00
3.694478527607574051e+03 4.346375209181567278e+00
3.695092024540089824e+03 4.348542631917402090e+00
3.695705521472605142e+03 4.350534708771307102e+00
3.696319018405120460e+03 4.352514437979608353e+00
3.696932515337636232e+03 4.354562408561649001e+00
3.697546012270151550e+03 4.356645108502771535e+00
3.698159509202666868e+03 4.358605560202116536e+00
3.698773006135182641e+03 4.360176877413766583e+00
3.699386503067697959e+03 4.361015216632291747e+00
3.700000000000213277e+03 4.360746124908184029e+00
3.700613496932729049e+03 4.359017728729936536e+00
3.701226993865244367e+03 4.355554466552147730e+00
3.701840490797759685e+03 4.350205606759240062e+00
3.702453987730275458e+03 4.342983089416964759e+00
3.703067484662790775e+03 4.334083371416196151e+00
3.703680981595306093e+03 4.323888607787299776e+00
3.704294478527821866e+03 4.312944666117023651e+00
3.704907975460337184e+03 4.301917035516045651e+00
3.705521472392852502e+03 4.291529627539974356e+00
3.706134969325368274e+03 4.282495370568081050e+00
3.706748466257883592e+03 4.275449016074801989e+00
3.707361963190399365e+03 4.270891835255961055e+00
3.707975460122914683e+03 4.269155230812916813e+00
3.708588957055430001e+03 4.270386373395779422e+00
3.709202453987945773e+03 4.274554812106371671e+00
3.709815950920461091e+03 4.281475339993969342e+00
3.710429447852976409e+03 4.290840655175243157e+00
3.711042944785492182e+03 4.302257542599594586e+00
3.711656441718007500e+03 4.315281967622443204e+00
3.712269938650522818e+03 4.329451290211172143e+00
3.712883435583038590e+03 4.344315469726478085e+00
3.713496932515553908e+03 4.359471600344217990e+00
3.714110429448069226e+03 4.374606648379320006e+00
3.714723926380584999e+03 4.389552669906769289e+00
3.715337423313100317e+03 4.404356059299166404e+00
3.715950920245615634e+03 4.419359415946040315e+00
3.716564417178131407e+03 4.435291109854476055e+00
3.717177914110646725e+03 4.453355341384247268e+00
3.717791411043162043e+03 4.475311150403817884e+00
3.718404907975677816e+03 4.503523742482725467e+00
3.719018404908193133e+03 4.540966459959927093e+00
3.719631901840708906e+03 4.591145996028833665e+00
3.720245398773224224e+03 4.657922177062221891e+00
3.720858895705739542e+03 4.745197742171284538e+00
3.721472392638255315e+03 4.856469399424103273e+00
3.722085889570770632e+03 4.994257157182156348e+00
3.722699386503285950e+03 5.159464080500383076e+00
3.723312883435801723e+03 5.350754188959101931e+00
3.723926380368317041e+03 5.564063923445585758e+00
3.724539877300832359e+03 5.792368699120634012e+00
3.725153374233348131e+03 6.025804921944621029e+00
3.725766871165863449e+03 6.252199141513369085e+00
3.726380368098378767e+03 6.457988583295907858e+00
3.726993865030894540e+03 6.629446457186516817e+00
3.727607361963409858e+03 6.754066692133845251e+00
3.728220858895925176e+03 6.821927752396147682e+00
3.728834355828440948e+03 6.826847966090479503e+00
3.729447852760956266e+03 6.767165143699125807e+00
3.730061349693471584e+03 6.646017188110617369e+00
3.730674846625987357e+03 6.471064378197610267e+00
3.731288343558502675e+03 6.253673645011109450e+00
3.731901840491018447e+03 6.007670645466378190e+00
3.732515337423533765e+03 5.747841120610397425e+00
3.733128834356049083e+03 5.488409909218324501e+00
3.733742331288564856e+03 5.241726817211679545e+00
3.734355828221080174e+03 5.017339492070320262e+00
3.734969325153595491e+03 4.821545958033493839e+00
3.735582822086111264e+03 4.657418528335115049e+00
3.736196319018626582e+03 4.525204055098263289e+00
3.736809815951141900e+03 4.422955704785444198e+00
3.737423312883657673e+03 4.347243673378001994e+00
3.738036809816172990e+03 4.293822273467795547e+00
3.738650306748688308e+03 4.258178455220889447e+00
3.739263803681204081e+03 4.235934289849645040e+00
3.739877300613719399e+03 4.223112189112630865e+00
3.740490797546234717e+03 4.216289523348016210e+00
3.741104294478750489e+03 4.212673302814006426e+00
3.741717791411265807e+03 4.210119252817810853e+00
3.742331288343781125e+03 4.207112141359835356e+00
3.742944785276296898e+03 4.202717231083572536e+00
3.743558282208812216e+03 4.196510510879067013e+00
3.744171779141327988e+03 4.188494529286521662e+00
3.744785276073843306e+03 4.179007794692737754e+00
3.745398773006358624e+03 4.168635076003043949e+00
3.746012269938874397e+03 4.158124402923941254e+00
3.746625766871389715e+03 4.148313372125202569e+00
3.747239263803905033e+03 4.140064094736175981e+00
3.747852760736420805e+03 4.134204241217521059e+00
3.748466257668936123e+03 4.131471522971876809e+00
3.749079754601451441e+03 4.132461095016828345e+00
3.749693251533967214e+03 4.137577628879206770e+00
3.750306748466482532e+03 4.146996069718451139e+00
3.750920245398997849e+03 4.160635874840490800e+00
3.751533742331513622e+03 4.178152486489274509e+00
3.752147239264028940e+03 4.198948038115213777e+00
3.752760736196544258e+03 4.222200941478181591e+00
3.753374233129060030e+03 4.246911947467110870e+00
3.753987730061575348e+03 4.271963787875423080e+00
3.754601226994090666e+03 4.296191299433258060e+00
3.755214723926606439e+03 4.318457971152061425e+00
3.755828220859121757e+03 4.337733601880602308e+00
3.756441717791637075e+03 4.353166391288210590e+00
3.757055214724152847e+03 4.364141283157181306e+00
3.757668711656668165e+03 4.370316732980190189e+00
3.758282208589183938e+03 4.371634363547748592e+00
3.758895705521699256e+03 4.368300191327017856e+00
3.759509202454214574e+03 4.360740956384955069e+00
3.760122699386730346e+03 4.349542909551066927e+00
3.760736196319245664e+03 4.335383003945782576e+00
3.761349693251760982e+03 4.318962582558981467e+00
3.761963190184276755e+03 4.300951931795469640e+00
3.762576687116792073e+03 4.281951329197725364e+00
3.763190184049307391e+03 4.262471266708830697e+00
3.763803680981823163e+03 4.242930946068050879e+00
3.764417177914338481e+03 4.223671191410192094e+00
3.765030674846853799e+03 4.204975669326978860e+00
3.765644171779369572e+03 4.187093349861914504e+00
3.766257668711884889e+03 4.170255482232414046e+00
3.766871165644400207e+03 4.154682534468903121e+00
3.767484662576915980e+03 4.140579740670614406e+00
3.768098159509431298e+03 4.128123654871426851e+00
3.768711656441946616e+03 4.117445224170213081e+00
3.769325153374462388e+03 4.108615880321447200e+00
3.769938650306977706e+03 4.101642347001850375e+00
3.770552147239493479e+03 4.096473072969103235e+00
3.771165644172008797e+03 4.093015271214838435e+00
3.771779141104524115e+03 4.091158209824489411e+00
3.772392638037039887e+03 4.090796338065420201e+00
3.773006134969555205e+03 4.091846050648811683e+00
3.773619631902070523e+03 4.094252030091894312e+00
3.774233128834586296e+03 4.097982029797601733e+00
3.774846625767101614e+03 4.103012086891156152e+00
3.775460122699616932e+03 4.109306797560511093e+00
3.776073619632132704e+03 4.116799615146736535e+00
3.776687116564648022e+03 4.125376758984384828e+00
3.777300613497163340e+03 4.134866964902528252e+00
3.777914110429679113e+03 4.145037268182064416e+00
3.778527607362194431e+03 4.155593883839500791e+00
3.779141104294709749e+03 4.166187134967016092e+00
3.779754601227225521e+03 4.176420357891300839e+00
3.780368098159740839e+03 4.185863592209727813e+00
3.780981595092256157e+03 4.194072715024128151e+00
3.781595092024771930e+03 4.200614313341063166e+00
3.782208588957287247e+03 4.205095519547434435e+00
3.782822085889803020e+03 4.207196411287129401e+00
3.783435582822318338e+03 4.206700776654055396e+00
3.784049079754833656e+03 4.203520925893700522e+00
3.784662576687349429e+03 4.197712597488613362e+00
3.785276073619864746e+03 4.189476762363379514e+00
3.785889570552380064e+03 4.179146720801799830e+00
3.786503067484895837e+03 4.167160522195833217e+00
3.787116564417411155e+03 4.154020388416007847e+00
3.787730061349926473e+03 4.140242856543633998e+00
3.788343558282442245e+03 4.126305587738972491e+00
3.788957055214957563e+03 4.112598711646135996e+00
3.789570552147472881e+03 4.099389545087267273e+00
3.790184049079988654e+03 4.086808122031255763e+00
3.790797546012503972e+03 4.074857021636455912e+00
3.791411042945019290e+03 4.063443410699436598e+00
3.792024539877535062e+03 4.052425548863610949e+00
3.792638036810050380e+03 4.041662457374440187e+00
3.793251533742565698e+03 4.031055585934310237e+00
3.793865030675081471e+03 4.020574754681066842e+00
3.794478527607596789e+03 4.010266221563619560e+00
3.795092024540112561e+03 4.000246090332285398e+00
3.795705521472627879e+03 3.990685579537052163e+00
3.796319018405143197e+03 3.981795200481262675e+00
3.796932515337658970e+03 3.973812332622236099e+00
3.797546012270174288e+03 3.966992268444333725e+00
3.798159509202689605e+03 3.961599733371559129e+00
3.798773006135205378e+03 3.957896170602670516e+00
3.799386503067720696e+03 3.956118926631405408e+00
3.800000000000236014e+03 3.956451598682849458e+00
3.800613496932751787e+03 3.958989423684173836e+00
3.801226993865267104e+03 3.963707560733404467e+00
3.801840490797782422e+03 3.970441459841540066e+00
3.802453987730298195e+03 3.978886993385471804e+00
3.803067484662813513e+03 3.988623963593311839e+00
3.803680981595328831e+03 3.999160973701892274e+00
3.804294478527844603e+03 4.009993396519878850e+00
3.804907975460359921e+03 4.020662499788344668e+00
3.805521472392875239e+03 4.030803055578561001e+00
3.806134969325391012e+03 4.040168773866496643e+00
3.806748466257906330e+03 4.048630356687872300e+00
3.807361963190422102e+03 4.056147822919315971e+00
3.807975460122937420e+03 4.062725159629082761e+00
3.808588957055452738e+03 4.068359932656605338e+00
3.809202453987968511e+03 4.073001942536388142e+00
3.809815950920483829e+03 4.076532696574072467e+00
3.810429447852999147e+03 4.078772138463307328e+00
3.811042944785514919e+03 4.079512037050003315e+00
3.811656441718030237e+03 4.078568363009968500e+00
3.812269938650545555e+03 4.075839098930001292e+00
3.812883435583061328e+03 4.071351648312340643e+00
3.813496932515576646e+03 4.065285827216436942e+00
3.814110429448091963e+03 4.057964352171737232e+00
3.814723926380607736e+03 4.049811223468742227e+00
3.815337423313123054e+03 4.041286977453759199e+00
3.815950920245638372e+03 4.032815762796465364e+00
3.816564417178154144e+03 4.024721134005697643e+00
3.817177914110669462e+03 4.017184408456497380e+00
3.817791411043184780e+03 4.010232702419620487e+00
3.818404907975700553e+03 4.003755832172712914e+00
3.819018404908215871e+03 3.997545047225278481e+00
3.819631901840731643e+03 3.991342779949615505e+00
3.820245398773246961e+03 3.984891884353051861e+00
3.820858895705762279e+03 3.977975311001762826e+00
3.821472392638278052e+03 3.970441193678304614e+00
3.822085889570793370e+03 3.962212848728286829e+00
3.822699386503308688e+03 3.953286662814479602e+00
3.823312883435824460e+03 3.943722399355820141e+00
3.823926380368339778e+03 3.933630071102991455e+00
3.824539877300855096e+03 3.923156098527106561e+00
3.825153374233370869e+03 3.912469231409719583e+00
3.825766871165886187e+03 3.901745884570192224e+00
3.826380368098401505e+03 3.891155258303790720e+00
3.826993865030917277e+03 3.880846089118040521e+00
3.827607361963432595e+03 3.870938424535042444e+00
3.828220858895947913e+03 3.861523742853068430e+00
3.828834355828463686e+03 3.852674277751058529e+00
3.829447852760979004e+03 3.844458850032383967e+00
3.830061349693494321e+03 3.836958860479430466e+00
3.830674846626010094e+03 3.830276537780358481e+00
3.831288343558525412e+03 3.824529121624853367e+00
3.831901840491041185e+03 3.819827275477662099e+00
3.832515337423556502e+03 3.816242322504812101e+00
3.833128834356071820e+03 3.813772252913104843e+00
3.833742331288587593e+03 3.812319166432089457e+00
3.834355828221102911e+03 3.811689442986663234e+00
3.834969325153618229e+03 3.811622221782510866e+00
3.835582822086134001e+03 3.811843424484139486e+00
3.836196319018649319e+03 3.812134045141782668e+00
3.836809815951164637e+03 3.812395396839413308e+00
3.837423312883680410e+03 3.812693123367916659e+00
3.838036809816195728e+03 3.813266409788913069e+00
3.838650306748711046e+03 3.814497609090372610e+00
3.839263803681226818e+03 3.816847814344264123e+00
3.839877300613742136e+03 3.820772851978365470e+00
3.840490797546257454e+03 3.826638427344246640e+00
3.841104294478773227e+03 3.834651903095850134e+00
3.841717791411288545e+03 3.844822948949774499e+00
3.842331288343803863e+03 3.856957809148704008e+00
3.842944785276319635e+03 3.870684770736974478e+00
3.843558282208834953e+03 3.885503469837402246e+00
3.844171779141350271e+03 3.900848034946328369e+00
3.844785276073866044e+03 3.916153539283208751e+00
3.845398773006381361e+03 3.930916462643446074e+00
3.846012269938897134e+03 3.944741834743605846e+00
3.846625766871412452e+03 3.957372641769687061e+00
3.847239263803927770e+03 3.968699909070229292e+00
3.847852760736443543e+03 3.978754142567580310e+00
3.848466257668958860e+03 3.987680827347793944e+00
3.849079754601474178e+03 3.995704030496572745e+00
3.849693251533989951e+03 4.003083392645326199e+00
3.850306748466505269e+03 4.010071385279340817e+00
3.850920245399020587e+03 4.016878516916980502e+00
3.851533742331536359e+03 4.023653645913794819e+00
3.852147239264051677e+03 4.030483933853270528e+00
3.852760736196566995e+03 4.037414935763528945e+00
3.853374233129082768e+03 4.044486220035872215e+00
3.853987730061598086e+03 4.051773944731992927e+00
3.854601226994113404e+03 4.059430558813382106e+00
3.855214723926629176e+03 4.067713827606143973e+00
3.855828220859144494e+03 4.077001923280842099e+00
3.856441717791659812e+03 4.087795752120841897e+00
3.857055214724175585e+03 4.100713032184012619e+00
3.857668711656690903e+03 4.116479844774366015e+00
3.858282208589206675e+03 4.135922988375719811e+00
3.858895705521721993e+03 4.159962961525405234e+00
3.859509202454237311e+03 4.189605284010115227e+00
3.860122699386753084e+03 4.225925630771817154e+00
3.860736196319268402e+03 4.270042312990401712e+00
3.861349693251783719e+03 4.323068740171707169e+00
3.861963190184299492e+03 4.386036366719595847e+00
3.862576687116814810e+03 4.459777077236365628e+00
3.863190184049330128e+03 4.544754812613054362e+00
3.863803680981845901e+03 4.640843034452627691e+00
3.864417177914361218e+03 4.747060647983748716e+00
3.865030674846876536e+03 4.861301882343272318e+00
3.865644171779392309e+03 4.980121969116073188e+00
3.866257668711907627e+03 5.098659897649032935e+00
3.866871165644422945e+03 5.210779165499030086e+00
3.867484662576938717e+03 5.309480615627382605e+00
3.868098159509454035e+03 5.387585822621858256e+00
3.868711656441969353e+03 5.438616153530373865e+00
3.869325153374485126e+03 5.457722571208875273e+00
3.869938650307000444e+03 5.442478541122579117e+00
3.870552147239516216e+03 5.393353638476916068e+00
3.871165644172031534e+03 5.313743903911381850e+00
3.871779141104546852e+03 5.209533667987894745e+00
3.872392638037062625e+03 5.088273576960625100e+00
3.873006134969577943e+03 4.958147443022342671e+00
3.873619631902093261e+03 4.826940471108044584e+00
3.874233128834609033e+03 4.701203087261792923e+00
3.874846625767124351e+03 4.585738051336837096e+00
3.875460122699639669e+03 4.483448461687532749e+00
3.876073619632155442e+03 4.395499819943680109e+00
3.876687116564670760e+03 4.321692712433738315e+00
3.877300613497186077e+03 4.260923357186201521e+00
3.877914110429701850e+03 4.211624460705589712e+00
3.878527607362217168e+03 4.172116022753460385e+00
3.879141104294732486e+03 4.140837757117298956e+00
3.879754601227248259e+03 4.116469252318601946e+00
3.880368098159763576e+03 4.097965457115274823e+00
3.880981595092278894e+03 4.084541399699419095e+00
3.881595092024794667e+03 4.075633819071254216e+00
3.882208588957309985e+03 4.070856746271215520e+00
3.882822085889825757e+03 4.069956600635957322e+00
3.883435582822341075e+03 4.072764406273548410e+00
3.884049079754856393e+03 4.079140018834954695e+00
3.884662576687372166e+03 4.088904967723622441e+00
3.885276073619887484e+03 4.101766803453328336e+00
3.885889570552402802e+03 4.117244447578420896e+00
3.886503067484918574e+03 4.134610152588399146e+00
3.887116564417433892e+03 4.152867324769248469e+00
3.887730061349949210e+03 4.170780692182572302e+00
3.888343558282464983e+03 4.186966950190341485e+00
3.888957055214980301e+03 4.200039902158014371e+00
3.889570552147495619e+03 4.208787768473643887e+00
3.890184049080011391e+03 4.212347677589836081e+00
3.890797546012526709e+03 4.210337812724052498e+00
3.891411042945042027e+03 4.202914393247160874e+00
3.892024539877557800e+03 4.190737717356920022e+00
3.892638036810073118e+03 4.174854254803555875e+00
3.893251533742588435e+03 4.156522690678285059e+00
3.893865030675104208e+03 4.137023468567905482e+00
3.894478527607619526e+03 4.117491585043087099e+00
3.895092024540135299e+03 4.098801776446690859e+00
3.895705521472650616e+03 4.081518306662271556e+00
3.896319018405165934e+03 4.065904482085803018e+00
3.896932515337681707e+03 4.051975504872705081e+00
3.897546012270197025e+03 4.039573295616625259e+00
3.898159509202712343e+03 4.028443563578334441e+00
3.898773006135228115e+03 4.018301512091832173e+00
3.899386503067743433e+03 4.008879776247331606e+00
3.900000000000258751e+03 3.999958234000174251e+00
3.900613496932774524e+03 3.991379222925488524e+00
3.901226993865289842e+03 3.983053343207984209e+00
3.901840490797805160e+03 3.974960467819951937e+00
3.902453987730320932e+03 3.967148334319719361e+00
3.903067484662836250e+03 3.959728759971398837e+00
3.903680981595351568e+03 3.952869920637399392e+00
3.904294478527867341e+03 3.946782407441901341e+00
3.904907975460382659e+03 3.941697411925681571e+00
3.905521472392897977e+03 3.937837251028284413e+00
3.906134969325413749e+03 3.935380844526556565e+00
3.906748466257929067e+03 3.934428553395776795e+00
3.907361963190444840e+03 3.934972096466160973e+00
3.907975460122960158e+03 3.936875689000766343e+00
3.908588957055475475e+03 3.939873343027023189e+00
3.909202453987991248e+03 3.943585051035544353e+00
3.909815950920506566e+03 3.947551300753984638e+00
3.910429447853021884e+03 3.951281049138139156e+00
3.911042944785537657e+03 3.954304854379660839e+00
3.911656441718052974e+03 3.956223581791771693e+00
3.912269938650568292e+03 3.956744025385169117e+00
3.912883435583084065e+03 3.955695971637080532e+00
3.913496932515599383e+03 3.953029426496222687e+00
3.914110429448114701e+03 3.948795347230620756e+00
3.914723926380630473e+03 3.943116411136623700e+00
3.915337423313145791e+03 3.936155665050249386e+00
3.915950920245661109e+03 3.928090305893157108e+00
3.916564417178176882e+03 3.919095586946377274e+00
3.917177914110692200e+03 3.909340314104197134e+00
3.917791411043207518e+03 3.898991659550051558e+00
3.918404907975723290e+03 3.888223550234832793e+00
3.919018404908238608e+03 3.877221194404028459e+00
3.919631901840754381e+03 3.866175024864293874e+00
3.920245398773269699e+03 3.855260757057871857e+00
3.920858895705785017e+03 3.844606989848720957e+00
3.921472392638300789e+03 3.834256709586531642e+00
3.922085889570816107e+03 3.824132667808628927e+00
3.922699386503331425e+03 3.814016907114361477e+00
3.923312883435847198e+03 3.803551780195132181e+00
3.923926380368362516e+03 3.792265119063280121e+00
3.924539877300877833e+03 3.779616960428318517e+00
3.925153374233393606e+03 3.765060956324177255e+00
3.925766871165908924e+03 3.748111170540503689e+00
3.926380368098424242e+03 3.728404632252962703e+00
3.926993865030940015e+03 3.705751657411333166e+00
3.927607361963455332e+03 3.680168925044145389e+00
3.928220858895970650e+03 3.651893716741466900e+00
3.928834355828486423e+03 3.621381038763903604e+00
3.929447852761001741e+03 3.589287043453511128e+00
3.930061349693517059e+03 3.556442672702568419e+00
3.930674846626032831e+03 3.523820282419896088e+00
3.931288343558548149e+03 3.492493995535024265e+00
3.931901840491063467e+03 3.463592651967085434e+00
3.932515337423579240e+03 3.438243647092384059e+00
3.933128834356094558e+03 3.417506804729051773e+00
3.933742331288610330e+03 3.402300373110870080e+00
3.934355828221125648e+03 3.393325066343356511e+00
3.934969325153640966e+03 3.390995169079683791e+00
3.935582822086156739e+03 3.395387551236868529e+00
3.936196319018672057e+03 3.406218780733883733e+00
3.936809815951187375e+03 3.422857219513942617e+00
3.937423312883703147e+03 3.444371684758447572e+00
3.938036809816218465e+03 3.469612340334721434e+00
3.938650306748733783e+03 3.497314322585856949e+00
3.939263803681249556e+03 3.526210967951656450e+00
3.939877300613764874e+03 3.555142347965662530e+00
3.940490797546280191e+03 3.583145820724111807e+00
3.941104294478795964e+03 3.609517993330771723e+00
3.941717791411311282e+03 3.633841772388675562e+00
3.942331288343826600e+03 3.655977165020249053e+00
3.942944785276342373e+03 3.676019849016798346e+00
3.943558282208857690e+03 3.694236410522662606e+00
3.944171779141373008e+03 3.710988225904725990e+00
3.944785276073888781e+03 3.726657092436923335e+00
3.945398773006404099e+03 3.741584033805798182e+00
3.946012269938919871e+03 3.756028587049904832e+00
3.946625766871435189e+03 3.770151190046210132e+00
3.947239263803950507e+03 3.784016629985630598e+00
3.947852760736466280e+03 3.797612793014718768e+00
3.948466257668981598e+03 3.810877163902835374e+00
3.949079754601496916e+03 3.823723719324410020e+00
3.949693251534012688e+03 3.836064557063417979e+00
3.950306748466528006e+03 3.847823211903552476e+00
3.950920245399043324e+03 3.858939509527018252e+00
3.951533742331559097e+03 3.869368077717593835e+00
3.952147239264074415e+03 3.879073750790511976e+00
3.952760736196589733e+03 3.888027114716570143e+00
3.953374233129105505e+03 3.896202568872306315e+00
3.953987730061620823e+03 3.903579502264475920e+00
3.954601226994136141e+03 3.910145711081072228e+00
3.955214723926651914e+03 3.915901480394542666e+00
3.955828220859167232e+03 3.920863047640086307e+00
3.956441717791682549e+03 3.925065141075241293e+00
3.957055214724198322e+03 3.928563781846379221e+00
3.957668711656713640e+03 3.931442192627276455e+00
3.958282208589229413e+03 3.933822748150982207e+00
3.958895705521744731e+03 3.935886066194648425e+00
3.959509202454260048e+03 3.937894705294111120e+00
3.960122699386775821e+03 3.940214516592516425e+00
3.960736196319291139e+03 3.943322951208973137e+00
3.961349693251806457e+03 3.947792342102531826e+00
3.961963190184322229e+03 3.954238434180207928e+00
3.962576687116837547e+03 3.963231269944648361e+00
3.963190184049352865e+03 3.975175665192547392e+00
3.963803680981868638e+03 3.990179270418187762e+00
3.964417177914383956e+03 4.007934907000483271e+00
3.965030674846899274e+03 4.027647592534662202e+00
3.965644171779415046e+03 4.048032603622233161e+00
3.966257668711930364e+03 4.067399275657948898e+00
3.966871165644445682e+03 4.083817956479281364e+00
3.967484662576961455e+03 4.095348931822639926e+00
3.968098159509476773e+03 4.100297416295600961e+00
3.968711656441992091e+03 4.097452092869200868e+00
3.969325153374507863e+03 4.086266737877016553e+00
3.969938650307023181e+03 4.066955146353048001e+00
3.970552147239538954e+03 4.040485508818532523e+00
3.971165644172054272e+03 4.008477404730159677e+00
3.971779141104569590e+03 3.973019457239754360e+00
3.972392638037085362e+03 3.936436297854938537e+00
3.973006134969600680e+03 3.901038703509239092e+00
3.973619631902115998e+03 3.868890610458376234e+00
3.974233128834631771e+03 3.841621645914102601e+00
3.974846625767147088e+03 3.820305227449619867e+00
3.975460122699662406e+03 3.805411490605580926e+00
3.976073619632178179e+03 3.796833109078128210e+00
3.976687116564693497e+03 3.793972410531513795e+00
3.977300613497208815e+03 3.795871151973763347e+00
3.977914110429724587e+03 3.801360778380058036e+00
3.978527607362239905e+03 3.809211494325735359e+00
3.979141104294755223e+03 3.818262096696932062e+00
3.979754601227270996e+03 3.827518495944866483e+00
3.980368098159786314e+03 3.836215565839844022e+00
3.980981595092301632e+03 3.843842996751972496e+00
3.981595092024817404e+03 3.850140238574666363e+00
3.982208588957332722e+03 3.855067552938527875e+00
3.982822085889848495e+03 3.858760643655600564e+00
3.983435582822363813e+03 3.861475955476412203e+00
3.984049079754879131e+03 3.863533080627389094e+00
3.984662576687394903e+03 3.865260213670059564e+00
3.985276073619910221e+03 3.866947716220426212e+00
3.985889570552425539e+03 3.868814127905543465e+00
3.986503067484941312e+03 3.870987246295452433e+00
3.987116564417456630e+03 3.873500579327138649e+00
3.987730061349971947e+03 3.876303109623709275e+00
3.988343558282487720e+03 3.879278391098068379e+00
3.988957055215003038e+03 3.882267801209114744e+00
3.989570552147518356e+03 3.885093196690338146e+00
3.990184049080034129e+03 3.887575474775948337e+00
3.990797546012549446e+03 3.889547577449694593e+00
3.991411042945064764e+03 3.890863197841179399e+00
3.992024539877580537e+03 3.891404072203387798e+00
3.992638036810095855e+03 3.891089060586486958e+00
3.993251533742611173e+03 3.889886480142990433e+00
3.993865030675126945e+03 3.887828352575890101e+00
3.994478527607642263e+03 3.885022477862292156e+00
3.995092024540158036e+03 3.881656633254522148e+00
3.995705521472673354e+03 3.877989834458047902e+00
3.996319018405188672e+03 3.874328290569710731e+00
3.996932515337704444e+03 3.870987706952417895e+00
3.997546012270219762e+03 3.868247140999097500e+00
3.998159509202735080e+03 3.866302103464600570e+00
3.998773006135250853e+03 3.865225578636689363e+00
3.999386503067766171e+03 3.864945211553167503e+00
4.000000000000281489e+03 3.865242944705405304e+00
4.000613496932797261e+03 3.865780057793501978e+00
4.001226993865312579e+03 3.866146516846683312e+00
4.001840490797827897e+03 3.865928708897131028e+00
4.002453987730343670e+03 3.864784709630436854e+00
4.003067484662858988e+03 3.862512779924388795e+00
4.003680981595374305e+03 3.859098425284619882e+00
4.004294478527890078e+03 3.854728858595136476e+00
4.004907975460405396e+03 3.849770318453371143e+00
4.005521472392920714e+03 3.844711896761201508e+00
4.006134969325436487e+03 3.840086961449997727e+00
4.006748466257951804e+03 3.836387975309470288e+00
4.007361963190467577e+03 3.833991239018695651e+00
4.007975460122982895e+03 3.833105103172224748e+00
4.008588957055498213e+03 3.833749295525198608e+00
4.009202453988013986e+03 3.835766400000109932e+00
4.009815950920529303e+03 3.838860644221236296e+00
4.010429447853044621e+03 3.842654881836749858e+00
4.011042944785560394e+03 3.846754328156295699e+00
4.011656441718075712e+03 3.850805007464860097e+00
4.012269938650591030e+03 3.854536800770290039e+00
4.012883435583106802e+03 3.857784958885315696e+00
4.013496932515622120e+03 3.860489147740971738e+00
4.014110429448137438e+03 3.862674240900898948e+00
4.014723926380653211e+03 3.864420661295734138e+00
4.015337423313168529e+03 3.865833069153791435e+00
4.015950920245683847e+03 3.867014421614087372e+00
4.016564417178199619e+03 3.868048824200561064e+00
4.017177914110714937e+03 3.868992941130551255e+00
4.017791411043230255e+03 3.869873697757743258e+00
4.018404907975746028e+03 3.870689739104169469e+00
4.019018404908261346e+03 3.871415435026213547e+00
4.019631901840776663e+03 3.872007516616618350e+00
4.020245398773292436e+03 3.872414675242749293e+00
4.020858895705807754e+03 3.872589538266657083e+00
4.021472392638323527e+03 3.872500441543504035e+00
4.022085889570838845e+03 3.872138760449715722e+00
4.022699386503354162e+03 3.871517788497168766e+00
4.023312883435869935e+03 3.870660815992672532e+00
4.023926380368385253e+03 3.869579472052237179e+00
4.024539877300900571e+03 3.868247283834115535e+00
4.025153374233416343e+03 3.866576129954434116e+00
4.025766871165931661e+03 3.864404132751532384e+00
4.026380368098446979e+03 3.861501967536950630e+00
4.026993865030962752e+03 3.857600757507153144e+00
4.027607361963478070e+03 3.852439638542575651e+00
4.028220858895993388e+03 3.845825617865907375e+00
4.028834355828509160e+03 3.837694497737902388e+00
4.029447852761024478e+03 3.828159989568297839e+00
4.030061349693539796e+03 3.817539249341147745e+00
4.030674846626055569e+03 3.806346905605389352e+00
4.031288343558570887e+03 3.795255286667523542e+00
4.031901840491086205e+03 3.785024941197526527e+00
4.032515337423601977e+03 3.776415096891322598e+00
4.033128834356117295e+03 3.770087570182739434e+00
4.033742331288633068e+03 3.766519402476291134e+00
4.034355828221148386e+03 3.765938308951191971e+00
4.034969325153663704e+03 3.768291226835021934e+00
4.035582822086179476e+03 3.773250350512377338e+00
4.036196319018694794e+03 3.780254020897167333e+00
4.036809815951210112e+03 3.788573532379616360e+00
4.037423312883725885e+03 3.797393197851176794e+00
4.038036809816241202e+03 3.805890690548673128e+00
4.038650306748756520e+03 3.813307426109934006e+00
4.039263803681272293e+03 3.819003268552616071e+00
4.039877300613787611e+03 3.822494725744784105e+00
4.040490797546302929e+03 3.823479332979657919e+00
4.041104294478818701e+03 3.821849948575925637e+00
4.041717791411334019e+03 3.817701612497581554e+00
4.042331288343849337e+03 3.811331405639628578e+00
4.042944785276365110e+03 3.803228829729646598e+00
4.043558282208880428e+03 3.794052217741502808e+00
4.044171779141395746e+03 3.784586325315379085e+00
4.044785276073911518e+03 3.775678530580550696e+00
4.045398773006426836e+03 3.768155932247168494e+00
4.046012269938942609e+03 3.762731618709532988e+00
4.046625766871457927e+03 3.759913910663204462e+00
4.047239263803973245e+03 3.759935166251163086e+00
4.047852760736489017e+03 3.762715171225270439e+00
4.048466257669004335e+03 3.767868498729394222e+00
4.049079754601519653e+03 3.774756800556955838e+00
4.049693251534035426e+03 3.782577787339255870e+00
4.050306748466550744e+03 3.790475479137589865e+00
4.050920245399066062e+03 3.797652736311689203e+00
4.051533742331581834e+03 3.803467993570584849e+00
4.052147239264097152e+03 3.807502562112588862e+00
4.052760736196612470e+03 3.809591323410288943e+00
4.053374233129128243e+03 3.809816928351467347e+00
4.053987730061643560e+03 3.808473498652501288e+00
4.054601226994158878e+03 3.806009119684836239e+00
4.055214723926674651e+03 3.802957436726471130e+00
4.055828220859189969e+03 3.799867789487944680e+00
4.056441717791705287e+03 3.797242064500400360e+00
4.057055214724221059e+03 3.795484513085854772e+00
4.057668711656736377e+03 3.794869037410142809e+00
4.058282208589252150e+03 3.795527291285046623e+00
4.058895705521767468e+03 3.797459237906278595e+00
4.059509202454282786e+03 3.800565371288883831e+00
4.060122699386798558e+03 3.804696530055240000e+00
4.060736196319313876e+03 3.809713517567866692e+00
4.061349693251829194e+03 3.815545491282829271e+00
4.061963190184344967e+03 3.822233768069890125e+00
4.062576687116860285e+03 3.829948276164609755e+00
4.063190184049375603e+03 3.838968016578144127e+00
4.063803680981891375e+03 3.849623933385810659e+00
4.064417177914406693e+03 3.862211691355499354e+00
4.065030674846922011e+03 3.876890567359432715e+00
4.065644171779437784e+03 3.893590200827090619e+00
4.066257668711953102e+03 3.911947828070293731e+00
4.066871165644468419e+03 3.931294205723796509e+00
4.067484662576984192e+03 3.950697357647016350e+00
4.068098159509499510e+03 3.969061479040329576e+00
4.068711656442014828e+03 3.985265938440078148e+00
4.069325153374530601e+03 3.998319262988299982e+00
4.069938650307045918e+03 4.007498187681148849e+00
4.070552147239561691e+03 4.012443743871458857e+00
4.071165644172077009e+03 4.013195485942597784e+00
4.071779141104592327e+03 4.010159298742053124e+00
4.072392638037108100e+03 4.004020093866651919e+00
4.073006134969623417e+03 3.995623172245701848e+00
4.073619631902138735e+03 3.985852964416725985e+00
4.074233128834654508e+03 3.975534668595840593e+00
4.074846625767169826e+03 3.965374317528175929e+00
4.075460122699685144e+03 3.955939449557180687e+00
4.076073619632200916e+03 3.947670768648660733e+00
4.076687116564716234e+03 3.940908093585827832e+00
4.077300613497231552e+03 3.935913753783120583e+00
4.077914110429747325e+03 3.932881832873865502e+00
4.078527607362262643e+03 3.931930152040483684e+00
4.079141104294777961e+03 3.933081162985359924e+00
4.079754601227293733e+03 3.936243640622656859e+00
4.080368098159809051e+03 3.941207956589884098e+00
4.080981595092324369e+03 3.947663515769481712e+00
4.081595092024840142e+03 3.955239018458229339e+00
4.082208588957355460e+03 3.963558060639229552e+00
4.082822085889871232e+03 3.972296252028673536e+00
4.083435582822386550e+03 3.981224886581994582e+00
4.084049079754901868e+03 3.990229958272730748e+00
4.084662576687417641e+03 3.999302086600111217e+00
4.085276073619932959e+03 4.008501140332962009e+00
4.085889570552448276e+03 4.017906255417043937e+00
4.086503067484964049e+03 4.027565001793888655e+00
4.087116564417479367e+03 4.037454790034790797e+00
4.087730061349994685e+03 4.047465560644837090e+00
4.088343558282510458e+03 4.057406306192753220e+00
4.088957055215025775e+03 4.067031767525749686e+00
4.089570552147541093e+03 4.076081242004805816e+00
4.090184049080056866e+03 4.084319707719173742e+00
4.090797546012572184e+03 4.091572814488636745e+00
4.091411042945087502e+03 4.097751138972239637e+00
4.092024539877603274e+03 4.102863440101555348e+00
4.092638036810118592e+03 4.107021926340887141e+00
4.093251533742633910e+03 4.110443383315942611e+00
4.093865030675149683e+03 4.113448113138009177e+00
4.094478527607665001e+03 4.116455339383183087e+00
4.095092024540180773e+03 4.119969958354273487e+00
4.095705521472696091e+03 4.124553473841686468e+00
4.096319018405211864e+03 4.130772459476848901e+00
4.096932515337726727e+03 4.139121536386398681e+00
4.097546012270242500e+03 4.149924781366484794e+00
4.098159509202758272e+03 4.163228237735411952e+00
4.098773006135273135e+03 4.178704838226991569e+00
4.099386503067788908e+03 4.195598165634615739e+00
4.100000000000304681e+03 4.212730937621619987e+00
4.100613496932819544e+03 4.228594634479840408e+00
4.101226993865335317e+03 4.241519737175963201e+00
4.101840490797851089e+03 4.249905058735026664e+00
4.102453987730365952e+03 4.252465412369656583e+00
4.103067484662881725e+03 4.248446432017418672e+00
4.103680981595397498e+03 4.237758068808696876e+00
4.104294478527912361e+03 4.220995362275262508e+00
4.104907975460428133e+03 4.199341578939035813e+00
4.105521472392943906e+03 4.174376711169093923e+00
4.106134969325458769e+03 4.147835688057669223e+00
4.106748466257974542e+03 4.121369198122692090e+00
4.107361963190490314e+03 4.096353684869171730e+00
4.107975460123005178e+03 4.073779484494565395e+00
4.108588957055520950e+03 4.054223408054855149e+00
4.109202453988036723e+03 4.037891326619143406e+00
4.109815950920551586e+03 4.024703270849367520e+00
4.110429447853067359e+03 4.014390730382248584e+00
4.111042944785583131e+03 4.006581654003802839e+00
4.111656441718097994e+03 4.000859592995203329e+00
4.112269938650613767e+03 3.996795396840369108e+00
4.112883435583129540e+03 3.993958722901733260e+00
4.113496932515644403e+03 3.991920685273871339e+00
4.114110429448160176e+03 3.990258248506485472e+00
4.114723926380675948e+03 3.988566683267464885e+00
4.115337423313191721e+03 3.986481243431724941e+00
4.115950920245706584e+03 3.983704437812212618e+00
4.116564417178222357e+03 3.980032551442785671e+00
4.117177914110738129e+03 3.975374568219768534e+00
4.117791411043252992e+03 3.969757642602760761e+00
4.118404907975768765e+03 3.963316353586110008e+00
4.119018404908284538e+03 3.956266430488769359e+00
4.119631901840799401e+03 3.948867086001881965e+00
4.120245398773315173e+03 3.941378557452154041e+00
4.120858895705830946e+03 3.934022577163187151e+00
4.121472392638345809e+03 3.926952251198797761e+00
4.122085889570861582e+03 3.920235173845103560e+00
4.122699386503377355e+03 3.913850515871049485e+00
4.123312883435892218e+03 3.907698319602461723e+00
4.123926380368407990e+03 3.901617919224958708e+00
4.124539877300923763e+03 3.895412262133148840e+00
4.125153374233438626e+03 3.888875441539374478e+00
4.125766871165954399e+03 3.881821122694111725e+00
4.126380368098470171e+03 3.874109432000617304e+00
4.126993865030985035e+03 3.865669556824794739e+00
4.127607361963500807e+03 3.856515429093088976e+00
4.128220858896016580e+03 3.846752562052653701e+00
4.128834355828531443e+03 3.836575261746841381e+00
4.129447852761047216e+03 3.826254775237615036e+00
4.130061349693562988e+03 3.816120134994227531e+00
4.130674846626077851e+03 3.806534204907367602e+00
4.131288343558593624e+03 3.797867329178685303e+00
4.131901840491109397e+03 3.790470150780310910e+00
4.132515337423624260e+03 3.784646277266826786e+00
4.133128834356140032e+03 3.780625014963045594e+00
4.133742331288655805e+03 3.778534531761669868e+00
4.134355828221170668e+03 3.778377043594407958e+00
4.134969325153686441e+03 3.780009604691892289e+00
4.135582822086202214e+03 3.783135612274628468e+00
4.136196319018717077e+03 3.787312311121473929e+00
4.136809815951232849e+03 3.791977865666073200e+00
4.137423312883748622e+03 3.796497959470003458e+00
4.138036809816263485e+03 3.800227651962310826e+00
4.138650306748779258e+03 3.802580110626450516e+00
4.139263803681295030e+03 3.803091966512562205e+00
4.139877300613810803e+03 3.801475560429821154e+00
4.140490797546325666e+03 3.797650622193585068e+00
4.141104294478841439e+03 3.791751389152316687e+00
4.141717791411357211e+03 3.784108608832881693e+00
4.142331288343872075e+03 3.775208625839645116e+00
4.142944785276387847e+03 3.765633845374479094e+00
4.143558282208903620e+03 3.755990900657706799e+00
4.144171779141418483e+03 3.746835079931803314e+00
4.144785276073934256e+03 3.738601538940267588e+00
4.145398773006450028e+03 3.731554614596791275e+00
4.146012269938964891e+03 3.725764689363344040e+00
4.146625766871480664e+03 3.721117283871088421e+00
4.147239263803996437e+03 3.717352442253364586e+00
4.147852760736511300e+03 3.714125418277900437e+00
4.148466257669027073e+03 3.711074973414048017e+00
4.149079754601542845e+03 3.707885018909757413e+00
4.149693251534057708e+03 3.704328606674344826e+00
4.150306748466573481e+03 3.700289390168372883e+00
4.150920245399089254e+03 3.695761896078158415e+00
4.151533742331604117e+03 3.690836831727468681e+00
4.152147239264119889e+03 3.685679012268696653e+00
4.152760736196635662e+03 3.680503313322933234e+00
4.153374233129150525e+03 3.675555112067103281e+00
4.153987730061666298e+03 3.671082354415003302e+00
4.154601226994182070e+03 3.667308191678323670e+00
4.155214723926696934e+03 3.664375016664408236e+00
4.155828220859212706e+03 3.662312834683645768e+00
4.156441717791728479e+03 3.660979400065763834e+00
4.157055214724243342e+03 3.659869693494230525e+00
4.157668711656759115e+03 3.657930934773646392e+00
4.158282208589274887e+03 3.653342525810558516e+00
4.158895705521789750e+03 3.643304671720392740e+00
4.159509202454305523e+03 3.623947462584584223e+00
4.160122699386821296e+03 3.590531556089397114e+00
4.160736196319336159e+03 3.538126828006039837e+00
4.161349693251851932e+03 3.462848315893197526e+00
4.161963190184367704e+03 3.363522792477769308e+00
4.162576687116882567e+03 3.243364148431284733e+00
4.163190184049398340e+03 3.110995372040726181e+00
4.163803680981914113e+03 2.980137341939041562e+00
4.164417177914429885e+03 2.867605842041470510e+00
4.165030674846944748e+03 2.789871211221458758e+00
4.165644171779460521e+03 2.759099161784346332e+00
4.166257668711976294e+03 2.779968698675076233e+00
4.166871165644491157e+03 2.848408424435278974e+00
4.167484662577006929e+03 2.952720642726518463e+00
4.168098159509522702e+03 3.076670707252956660e+00
4.168711656442037565e+03 3.203427118352967007e+00
4.169325153374553338e+03 3.319053133759342078e+00
4.169938650307069111e+03 3.414603334040879012e+00
4.170552147239583974e+03 3.486533478482825910e+00
4.171165644172099746e+03 3.535752013451327613e+00
4.171779141104615519e+03 3.565978983596477470e+00
4.172392638037130382e+03 3.582077239359205301e+00
4.173006134969646155e+03 3.588790173339829526e+00
4.173619631902161927e+03 3.590028203022403552e+00
4.174233128834676791e+03 3.588637668637910227e+00
4.174846625767192563e+03 3.586467882249529726e+00
4.175460122699708336e+03 3.584584996911892585e+00
4.176073619632223199e+03 3.583479444128495395e+00
4.176687116564738972e+03 3.583272196221343631e+00
4.177300613497254744e+03 3.583914841296181208e+00
4.177914110429769607e+03 3.585253145311900980e+00
4.178527607362285380e+03 3.587080791957373727e+00
4.179141104294801153e+03 3.589183562566485186e+00
4.179754601227316016e+03 3.591368551668042919e+00
4.180368098159831789e+03 3.593477711044707146e+00
4.180981595092347561e+03 3.595386950654847702e+00
4.181595092024862424e+03 3.597004725000099157e+00
4.182208588957378197e+03 3.598268935345929620e+00
4.182822085889893970e+03 3.599144453555455314e+00
4.183435582822408833e+03 3.599621430598269001e+00
4.184049079754924605e+03 3.599714236756552221e+00
4.184662576687440378e+03 3.599460889204277869e+00
4.185276073619955241e+03 3.598922744833376708e+00
4.185889570552471014e+03 3.598183984446799322e+00
4.186503067484986786e+03 3.597349726493486166e+00
4.187116564417501650e+03 3.596541200366758950e+00
4.187730061350017422e+03 3.595886524759007941e+00
4.188343558282533195e+03 3.595506298185207505e+00
4.188957055215048058e+03 3.595494685613102703e+00
4.189570552147563831e+03 3.595898385850519574e+00
4.190184049080079603e+03 3.596697264167088459e+00
4.190797546012595376e+03 3.597791136344397067e+00
4.191411042945110239e+03 3.598996756492073512e+00
4.192024539877626012e+03 3.600057813702576937e+00
4.192638036810141784e+03 3.600668928021018900e+00
4.193251533742656648e+03 3.600512185861699965e+00
4.193865030675172420e+03 3.599302083120805129e+00
4.194478527607688193e+03 3.596832329872059919e+00
4.195092024540203056e+03 3.593016240687252782e+00
4.195705521472718829e+03 3.587912358375029420e+00
4.196319018405234601e+03 3.581728806812398691e+00
4.196932515337749464e+03 3.574804077907474564e+00
4.197546012270265237e+03 3.567567289727956670e+00
4.198159509202781010e+03 3.560485880464430597e+00
4.198773006135295873e+03 3.554011479284443276e+00
4.199386503067811645e+03 3.548534468750554005e+00
4.200000000000327418e+03 3.544354718056738296e+00
4.200613496932842281e+03 3.541670933741231764e+00
4.201226993865358054e+03 3.540585949650636444e+00
4.201840490797873827e+03 3.541121543517038006e+00
4.202453987730388690e+03 3.543235318280874679e+00
4.203067484662904462e+03 3.546833461589681047e+00
4.203680981595420235e+03 3.551776452448385246e+00
4.204294478527935098e+03 3.557878692026720024e+00
4.204907975460450871e+03 3.564905910520319132e+00
4.205521472392966643e+03 3.572575491209969645e+00
4.206134969325481507e+03 3.580563991952864011e+00
4.206748466257997279e+03 3.588523749579410449e+00
4.207361963190513052e+03 3.596107139836014710e+00
4.207975460123027915e+03 3.602994315723309082e+00
4.208588957055543688e+03 3.608919002875011550e+00
4.209202453988059460e+03 3.613687733275193548e+00
4.209815950920574323e+03 3.617190208480697500e+00
4.210429447853090096e+03 3.619401193584010024e+00
4.211042944785605869e+03 3.620376459886349707e+00
4.211656441718120732e+03 3.620246357942598525e+00
4.212269938650636504e+03 3.619209573270004476e+00
4.212883435583152277e+03 3.617527203398890556e+00
4.213496932515667140e+03 3.615514870643050660e+00
4.214110429448182913e+03 3.613528830473726750e+00
4.214723926380698686e+03 3.611942146658761565e+00
4.215337423313214458e+03 3.611109159259677348e+00
4.215950920245729321e+03 3.611320134734710585e+00
4.216564417178245094e+03 3.612752259914001840e+00
4.217177914110760867e+03 3.615426013050638154e+00
4.217791411043275730e+03 3.619176805610112790e+00
4.218404907975791502e+03 3.623650175243426030e+00
4.219018404908307275e+03 3.628325156926195394e+00
4.219631901840822138e+03 3.632565605713404366e+00
4.220245398773337911e+03 3.635694204270941476e+00
4.220858895705853683e+03 3.637079965182290486e+00
4.221472392638368547e+03 3.636227619075466766e+00
4.222085889570884319e+03 3.632856398316910873e+00
4.222699386503400092e+03 3.626956594153257996e+00
4.223312883435914955e+03 3.618815044952159887e+00
4.223926380368430728e+03 3.609004394945309446e+00
4.224539877300946500e+03 3.598335240052015216e+00
4.225153374233461363e+03 3.587775168491234012e+00
4.225766871165977136e+03 3.578343016147662148e+00
4.226380368098492909e+03 3.570990351102449889e+00
4.226993865031007772e+03 3.566484856551800142e+00
4.227607361963523545e+03 3.565311486690667664e+00
4.228220858896039317e+03 3.567606551900134093e+00
4.228834355828554180e+03 3.573136476556201480e+00
4.229447852761069953e+03 3.581326958684243333e+00
4.230061349693585726e+03 3.591340313730939648e+00
4.230674846626100589e+03 3.602190216547263013e+00
4.231288343558616361e+03 3.612875503629430440e+00
4.231901840491132134e+03 3.622510643874987668e+00
4.232515337423646997e+03 3.630431472647844160e+00
4.233128834356162770e+03 3.636260580160722178e+00
4.233742331288678542e+03 3.639925491980673833e+00
4.234355828221193406e+03 3.641632312833912088e+00
4.234969325153709178e+03 3.641805155387352055e+00
4.235582822086224951e+03 3.641005983043284377e+00
4.236196319018739814e+03 3.639849981196247697e+00
4.236809815951255587e+03 3.638928900873167560e+00
4.237423312883771359e+03 3.638750607802907044e+00
4.238036809816286222e+03 3.639698089412791937e+00
4.238650306748801995e+03 3.642007192716405495e+00
4.239263803681317768e+03 3.645759792877818484e+00
4.239877300613833540e+03 3.650888093530845424e+00
4.240490797546348404e+03 3.657186525597265980e+00
4.241104294478864176e+03 3.664329110017056745e+00
4.241717791411379949e+03 3.671892004781998065e+00
4.242331288343894812e+03 3.679382216460861166e+00
4.242944785276410585e+03 3.686273115671788059e+00
4.243558282208926357e+03 3.692045807296667093e+00
4.244171779141441220e+03 3.696233618703600676e+00
4.244785276073956993e+03 3.698465522567265573e+00
4.245398773006472766e+03 3.698503468342177136e+00
4.246012269938987629e+03 3.696268948165923440e+00
4.246625766871503401e+03 3.691855206869942840e+00
4.247239263804019174e+03 3.685522992163498657e+00
4.247852760736534037e+03 3.677679625060282564e+00
4.248466257669049810e+03 3.668842820554812256e+00
4.249079754601565583e+03 3.659592392211220346e+00
4.249693251534080446e+03 3.650514720685436920e+00
4.250306748466596218e+03 3.642146210826613384e+00
4.250920245399111991e+03 3.634922816580666627e+00
4.251533742331626854e+03 3.629142471041170825e+00
4.252147239264142627e+03 3.624945413748069001e+00
4.252760736196658399e+03 3.622314606574692508e+00
4.253374233129173263e+03 3.621095065929433865e+00
4.253987730061689035e+03 3.621028223937224233e+00
4.254601226994204808e+03 3.621795609003261696e+00
4.255214723926719671e+03 3.623065750020270315e+00
4.255828220859235444e+03 3.624539326479593981e+00
4.256441717791751216e+03 3.625988538711328424e+00
4.257055214724266079e+03 3.627287396550496368e+00
4.257668711656781852e+03 3.628430053165947022e+00
4.258282208589297625e+03 3.629534434373007379e+00
4.258895705521812488e+03 3.630828465699024843e+00
4.259509202454328261e+03 3.632617592760739367e+00
4.260122699386844033e+03 3.635235302339062891e+00
4.260736196319358896e+03 3.638981902985117145e+00
4.261349693251874669e+03 3.644060309054530045e+00
4.261963190184390442e+03 3.650519572002571600e+00
4.262576687116905305e+03 3.658216924212633891e+00
4.263190184049421077e+03 3.666806617384568145e+00
4.263803680981936850e+03 3.675759297704721096e+00
4.264417177914452623e+03 3.684410485947935410e+00
4.265030674846967486e+03 3.692031855717543110e+00
4.265644171779483258e+03 3.697915356710014034e+00
4.266257668711999031e+03 3.701458463965070944e+00
4.266871165644513894e+03 3.702238969774895416e+00
4.267484662577029667e+03 3.700070010146708555e+00
4.268098159509545440e+03 3.695028693099053463e+00
4.268711656442060303e+03 3.687455660955244685e+00
4.269325153374576075e+03 3.677926562864896720e+00
4.269938650307091848e+03 3.667201145491445935e+00
4.270552147239606711e+03 3.656155292828994874e+00
4.271165644172122484e+03 3.645703956000798662e+00
4.271779141104638256e+03 3.636722759173253827e+00
4.272392638037153120e+03 3.629975519302893083e+00
4.273006134969668892e+03 3.626053840592569077e+00
4.273619631902184665e+03 3.625333439056876550e+00
4.274233128834699528e+03 3.627949720606845840e+00
4.274846625767215301e+03 3.633793379256386125e+00
4.275460122699731073e+03 3.642525102396376724e+00
4.276073619632245936e+03 3.653607729536335391e+00
4.276687116564761709e+03 3.666354323588916664e+00
4.277300613497277482e+03 3.679990329983866548e+00
4.277914110429792345e+03 3.693726225113751038e+00
4.278527607362308117e+03 3.706833969123430883e+00
4.279141104294823890e+03 3.718717025833130130e+00
4.279754601227338753e+03 3.728961679290345721e+00
4.280368098159854526e+03 3.737358926370055290e+00
4.280981595092370299e+03 3.743892079848027077e+00
4.281595092024885162e+03 3.748693699695485826e+00
4.282208588957400934e+03 3.751983411921569367e+00
4.282822085889916707e+03 3.754002653849271898e+00
4.283435582822431570e+03 3.754962077768956075e+00
4.284049079754947343e+03 3.755012206639561700e+00
4.284662576687463115e+03 3.754240505496487579e+00
4.285276073619977979e+03 3.752690876269790810e+00
4.285889570552493751e+03 3.750396904867521641e+00
4.286503067485009524e+03 3.747418479945501257e+00
4.287116564417524387e+03 3.743872341536681247e+00
4.287730061350040160e+03 3.739949270862559239e+00
4.288343558282555932e+03 3.735913665913813908e+00
4.288957055215070795e+03 3.732083956700901428e+00
4.289570552147586568e+03 3.728795437356945186e+00
4.290184049080102341e+03 3.726349537151141256e+00
4.290797546012618113e+03 3.724958933714167308e+00
4.291411042945132976e+03 3.724698098186370210e+00
4.292024539877648749e+03 3.725470402669004866e+00
4.292638036810164522e+03 3.727000753078178352e+00
4.293251533742679385e+03 3.728858194054062380e+00
4.293865030675195158e+03 3.730506684064255118e+00
4.294478527607710930e+03 3.731376118808131359e+00
4.295092024540225793e+03 3.730941333930892334e+00
4.295705521472741566e+03 3.728795689550937986e+00
4.296319018405257339e+03 3.724707476849073551e+00
4.296932515337772202e+03 3.718651538960696890e+00
4.297546012270287974e+03 3.710813212956716178e+00
4.298159509202803747e+03 3.701566301025786210e+00
4.298773006135318610e+03 3.691430030644836879e+00
4.299386503067834383e+03 3.681011562737517728e+00
4.300000000000350155e+03 3.670941292521733068e+00
4.300613496932865019e+03 3.661808213642659737e+00
4.301226993865380791e+03 3.654102484240172366e+00
4.301840490797896564e+03 3.648171943029289377e+00
4.302453987730411427e+03 3.644198354083652003e+00
4.303067484662927200e+03 3.642197307935598705e+00
4.303680981595442972e+03 3.642042616248538422e+00
4.304294478527957835e+03 3.643512250183429835e+00
4.304907975460473608e+03 3.646348987921087303e+00
4.305521472392989381e+03 3.650326030209554595e+00
4.306134969325504244e+03 3.655306210156043623e+00
4.306748466258020017e+03 3.661284100068258773e+00
4.307361963190535789e+03 3.668403166899476986e+00
4.307975460123050652e+03 3.676944542370772950e+00
4.308588957055566425e+03 3.687289541020032146e+00
4.309202453988082198e+03 3.699862939024261443e+00
4.309815950920597061e+03 3.715067667544575070e+00
4.310429447853112833e+03 3.733223045584584732e+00
4.311042944785628606e+03 3.754516916328540788e+00
4.311656441718143469e+03 3.778978055434923711e+00
4.312269938650659242e+03 3.806469705382582003e+00
4.312883435583175014e+03 3.836699724317634619e+00
4.313496932515689878e+03 3.869239380266799699e+00
4.314110429448205650e+03 3.903542810245965722e+00
4.314723926380721423e+03 3.938962395367961999e+00
4.315337423313237196e+03 3.974760307612895893e+00
4.315950920245752059e+03 4.010121338419777359e+00
4.316564417178267831e+03 4.044174454378682171e+00
4.317177914110783604e+03 4.076029508452709393e+00
4.317791411043298467e+03 4.104830896092005688e+00
4.318404907975814240e+03 4.129824053719457488e+00
4.319018404908330012e+03 4.150426061113387632e+00
4.319631901840844876e+03 4.166289918585281526e+00
4.320245398773360648e+03 4.177353104529860417e+00
4.320858895705876421e+03 4.183864102049432709e+00
4.321472392638391284e+03 4.186384004663428193e+00
4.322085889570907057e+03 4.185762870394820645e+00
4.322699386503422829e+03 4.183091550394666847e+00
4.323312883435937692e+03 4.179630142561144623e+00
4.323926380368453465e+03 4.176715831782622956e+00
4.324539877300969238e+03 4.175655782128453453e+00
4.325153374233484101e+03 4.177614711962842620e+00
4.325766871165999873e+03 4.183510667769255065e+00
4.326380368098515646e+03 4.193934162005822586e+00
4.326993865031030509e+03 4.209104270021184035e+00
4.327607361963546282e+03 4.228870165083005617e+00
4.328220858896062055e+03 4.252758973830571776e+00
4.328834355828576918e+03 4.280062399239801252e+00
4.329447852761092690e+03 4.309947671876566133e+00
4.330061349693608463e+03 4.341574914621201486e+00
4.330674846626123326e+03 4.374203700779864867e+00
4.331288343558639099e+03 4.407276126060571286e+00
4.331901840491154871e+03 4.440469339756663913e+00
4.332515337423669735e+03 4.473716842051489451e+00
4.333128834356185507e+03 4.507201075809422086e+00
4.333742331288701280e+03 4.541320144824735117e+00
4.334355828221216143e+03 4.576628384235266189e+00
4.334969325153731916e+03 4.613747538977836626e+00
4.335582822086247688e+03 4.653244916909322626e+00
4.336196319018762551e+03 4.695479868526271083e+00
4.336809815951278324e+03 4.740430696186016313e+00
4.337423312883794097e+03 4.787527896583237741e+00
4.338036809816308960e+03 4.835533054154777410e+00
4.338650306748824732e+03 4.882507619018708667e+00
4.339263803681340505e+03 4.925908207095422320e+00
4.339877300613856278e+03 4.962822894725698930e+00
4.340490797546371141e+03 4.990330054399583659e+00
4.341104294478886914e+03 5.005925617166857577e+00
4.341717791411402686e+03 5.007937370694461876e+00
4.342331288343917549e+03 4.995836435352047467e+00
4.342944785276433322e+03 4.970372346543804554e+00
4.343558282208949095e+03 4.933495677901381882e+00
4.344171779141463958e+03 4.888080662170268376e+00
4.344785276073979730e+03 4.837506727768738912e+00
4.345398773006495503e+03 4.785188009458112290e+00
4.346012269939010366e+03 4.734145670079407786e+00
4.346625766871526139e+03 4.686699804637815880e+00
4.347239263804041911e+03 4.644322974813430704e+00
4.347852760736556775e+03 4.607657256855370420e+00
4.348466257669072547e+03 4.576662739346489595e+00
4.349079754601588320e+03 4.550844694833502402e+00
4.349693251534103183e+03 4.529501531173677265e+00
4.350306748466618956e+03 4.511943622422932343e+00
4.350920245399134728e+03 4.497649345604964211e+00
4.351533742331649592e+03 4.486343818016999663e+00
4.352147239264165364e+03 4.478003743628793387e+00
4.352760736196681137e+03 4.472804407496845158e+00
4.353374233129196000e+03 4.471032419675876390e+00
4.353987730061711773e+03 4.472989264429372724e+00
4.354601226994227545e+03 4.478907672395432193e+00
4.355214723926742408e+03 4.488894958009532310e+00
4.355828220859258181e+03 4.502908543341159309e+00
4.356441717791773954e+03 4.520759342469484743e+00
4.357055214724288817e+03 4.542130853383352651e+00
4.357668711656804589e+03 4.566598234763305619e+00
4.358282208589320362e+03 4.593632299053787449e+00
4.358895705521835225e+03 4.622580287443025071e+00
4.359509202454350998e+03 4.652625616817946508e+00
4.360122699386866771e+03 4.682740144522090198e+00
4.360736196319381634e+03 4.711651128667324606e+00
4.361349693251897406e+03 4.737847591719456020e+00
4.361963190184413179e+03 4.759644723066317695e+00
4.362576687116928042e+03 4.775311495670442774e+00
4.363190184049443815e+03 4.783249049562151356e+00
4.363803680981959587e+03 4.782190997156932966e+00
4.364417177914474451e+03 4.771386902683767417e+00
4.365030674846990223e+03 4.750729713483883287e+00
4.365644171779505996e+03 4.720797837557755727e+00
4.366257668712021768e+03 4.682800440148728427e+00
4.366871165644536632e+03 4.638434854391499940e+00
4.367484662577052404e+03 4.589682861872094399e+00
4.368098159509568177e+03 4.538584243296248211e+00
4.368711656442083040e+03 4.487027823671343008e+00
4.369325153374598813e+03 4.436593309236423366e+00
4.369938650307114585e+03 4.388463447417862540e+00
4.370552147239629448e+03 4.343409496283452853e+00
4.371165644172145221e+03 4.301837892898251248e+00
4.371779141104660994e+03 4.263875806225462917e+00
4.372392638037175857e+03 4.229469516081716840e+00
4.373006134969691630e+03 4.198472251932103383e+00
4.373619631902207402e+03 4.170705201628676306e+00
4.374233128834722265e+03 4.145984335641155205e+00
4.374846625767238038e+03 4.124114764883823447e+00
4.375460122699753811e+03 4.104862069433236726e+00
4.376073619632268674e+03 4.087914069676321205e+00
4.376687116564784446e+03 4.072848260884809335e+00
4.377300613497300219e+03 4.059119310393654700e+00
4.377914110429815082e+03 4.046076079200953579e+00
4.378527607362330855e+03 4.033011016609774124e+00
4.379141104294846627e+03 4.019236484140495058e+00
4.379754601227361491e+03 4.004175578324876028e+00
4.380368098159877263e+03 3.987450920029715018e+00
4.380981595092393036e+03 3.968954161889021837e+00
4.381595092024907899e+03 3.948881760492864768e+00
4.382208588957423672e+03 3.927728541166743526e+00
4.382822085889939444e+03 3.906237364240229049e+00
4.383435582822454307e+03 3.885310220874821141e+00
4.384049079754970080e+03 3.865892671161604621e+00
4.384662576687485853e+03 3.848848566998456455e+00
4.385276073620000716e+03 3.834845292763473523e+00
4.385889570552516489e+03 3.824269383928229349e+00
4.386503067485032261e+03 3.817187588927680508e+00
4.387116564417547124e+03 3.813359766318452415e+00
4.387730061350062897e+03 3.812298876116589685e+00
4.388343558282578670e+03 3.813363103478359051e+00
4.388957055215093533e+03 3.815859337933529272e+00
4.389570552147609305e+03 3.819137222780077945e+00
4.390184049080125078e+03 3.822658414685575767e+00
4.390797546012640851e+03 3.826033958501108501e+00
4.391411042945155714e+03 3.829030870460159441e+00
4.392024539877671486e+03 3.831554309783842260e+00
4.392638036810187259e+03 3.833613813716865160e+00
4.393251533742702122e+03 3.835281670841011792e+00
4.393865030675217895e+03 3.836650032305152447e+00
4.394478527607733668e+03 3.837792102456354826e+00
4.395092024540248531e+03 3.838731765751321579e+00
4.395705521472764303e+03 3.839425035686595766e+00
4.396319018405280076e+03 3.839755730998339001e+00
4.396932515337794939e+03 3.839545802991928714e+00
4.397546012270310712e+03 3.838578329354119134e+00
4.398159509202826484e+03 3.836629436629611867e+00
4.398773006135341348e+03 3.833503803848785640e+00
4.399386503067857120e+03 3.829067927326843979e+00
4.400000000000372893e+03 3.823275916302910638e+00
4.400613496932887756e+03 3.816184413783556550e+00
4.401226993865403529e+03 3.807955730002235750e+00
4.401840490797919301e+03 3.798850741671400577e+00
4.402453987730434164e+03 3.789214361592650349e+00
4.403067484662949937e+03 3.779456544174578880e+00
4.403680981595465710e+03 3.770030864714851493e+00
4.404294478527980573e+03 3.761411053615983491e+00
4.404907975460496345e+03 3.754064580352254765e+00
4.405521472393012118e+03 3.748422073790472986e+00
4.406134969325526981e+03 3.744842867876341241e+00
4.406748466258042754e+03 3.743579439052207913e+00
4.407361963190558527e+03 3.744745025471734934e+00
4.407975460123073390e+03 3.748289192037944861e+00
4.408588957055589162e+03 3.753986556444460554e+00
4.409202453988104935e+03 3.761441571331750389e+00
4.409815950920619798e+03 3.770111374343477095e+00
4.410429447853135571e+03 3.779347027141397142e+00
4.411042944785651343e+03 3.788451399062234604e+00
4.411656441718166207e+03 3.796749121444200625e+00
4.412269938650681979e+03 3.803660675788392176e+00
4.412883435583197752e+03 3.808769527104618469e+00
4.413496932515712615e+03 3.811869860991009329e+00
4.414110429448228388e+03 3.812984366261848557e+00
4.414723926380744160e+03 3.812346728965133380e+00
4.415337423313259933e+03 3.810351126142677458e+00
4.415950920245774796e+03 3.807478348305205706e+00
4.416564417178290569e+03 3.804213082270504032e+00
4.417177914110806341e+03 3.800968030825027544e+00
4.417791411043321204e+03 3.798028034704397982e+00
4.418404907975836977e+03 3.795522505792048307e+00
4.419018404908352750e+03 3.793428516003257478e+00
4.419631901840867613e+03 3.791601153976682514e+00
4.420245398773383386e+03 3.789823005204961071e+00
4.420858895705899158e+03 3.787861754873729669e+00
4.421472392638414021e+03 3.785524134800020590e+00
4.422085889570929794e+03 3.782695724427871831e+00
4.422699386503445567e+03 3.779359828257035314e+00
4.423312883435960430e+03 3.775593495593093429e+00
4.423926380368476202e+03 3.771543705728977347e+00
4.424539877300991975e+03 3.767390840635177263e+00
4.425153374233506838e+03 3.763308478257969547e+00
4.425766871166022611e+03 3.759428104908828061e+00
4.426380368098538383e+03 3.755815081780877751e+00
4.426993865031053247e+03 3.752459003701580365e+00
4.427607361963569019e+03 3.749278992157377921e+00
4.428220858896084792e+03 3.746142041794319866e+00
4.428834355828599655e+03 3.742890467522189013e+00
4.429447852761115428e+03 3.739374727454282343e+00
4.430061349693631200e+03 3.735486516011348179e+00
4.430674846626146063e+03 3.731187318989665158e+00
4.431288343558661836e+03 3.726527962726034371e+00
4.431901840491177609e+03 3.721655771920664879e+00
4.432515337423692472e+03 3.716807658723604746e+00
4.433128834356208245e+03 3.712289412373011910e+00
4.433742331288724017e+03 3.708443239382533285e+00
4.434355828221238880e+03 3.705606695123955685e+00
4.434969325153754653e+03 3.704067353922910311e+00
4.435582822086270426e+03 3.704018501447305933e+00
4.436196319018785289e+03 3.705521801546947103e+00
4.436809815951301061e+03 3.708484278115248500e+00
4.437423312883816834e+03 3.712654631220539514e+00
4.438036809816331697e+03 3.717646790661536471e+00
4.438650306748847470e+03 3.722987110915155551e+00
4.439263803681363243e+03 3.728180873014248498e+00
4.439877300613879015e+03 3.732782938047816135e+00
4.440490797546393878e+03 3.736467209389889188e+00
4.441104294478909651e+03 3.739070885414354173e+00
4.441717791411425424e+03 3.740608838395819369e+00
4.442331288343940287e+03 3.741255500569709902e+00
4.442944785276456059e+03 3.741302244337471272e+00
4.443558282208971832e+03 3.741103210729908479e+00
4.444171779141486695e+03 3.741023663845815861e+00
4.444785276074002468e+03 3.741399522542318223e+00
4.445398773006518240e+03 3.742508236781012521e+00
4.446012269939033104e+03 3.744544113825233556e+00
4.446625766871548876e+03 3.747590350679090854e+00
4.447239263804064649e+03 3.751586701715003969e+00
4.447852760736579512e+03 3.756302233010217595e+00
4.448466257668718754e+03 3.761329952621877748e+00
4.449079754601234526e+03 3.766118096712133045e+00
4.449693251533749390e+03 3.770041165710003472e+00
4.450306748466265162e+03 3.772497667875445160e+00
4.450920245398780935e+03 3.773009849086689904e+00
4.451533742331295798e+03 3.771299595214364864e+00
4.452147239263811571e+03 3.767323810178789145e+00
4.452760736196327343e+03 3.761266729792014818e+00
4.453374233128842206e+03 3.753498586814497440e+00
4.453987730061357979e+03 3.744515677766850459e+00
4.454601226993873752e+03 3.734876520471815287e+00
4.455214723926388615e+03 3.725144234806520238e+00
4.455828220858904388e+03 3.715840502057087047e+00
4.456441717791420160e+03 3.707413238508556308e+00
4.457055214723935023e+03 3.700217577126415414e+00
4.457668711656450796e+03 3.694509616045865030e+00
4.458282208588966569e+03 3.690448415717000330e+00
4.458895705521481432e+03 3.688107501859196891e+00
4.459509202453997204e+03 3.687490256126670030e+00
4.460122699386512977e+03 3.688548186553662678e+00
4.460736196319027840e+03 3.691193203928452071e+00
4.461349693251543613e+03 3.695312322989637632e+00
4.461963190184059386e+03 3.700775806201088258e+00
4.462576687116574249e+03 3.707441149377499023e+00
4.463190184049090021e+03 3.715153491334790559e+00
4.463803680981605794e+03 3.723745850412563119e+00
4.464417177914120657e+03 3.733042276659650494e+00
4.465030674846636430e+03 3.742866516434262714e+00
4.465644171779152202e+03 3.753056445691905552e+00
4.466257668711667066e+03 3.763481454290969808e+00
4.466871165644182838e+03 3.774057544574231482e+00
4.467484662576698611e+03 3.784754020984898659e+00
4.468098159509213474e+03 3.795587054381698966e+00
4.468711656441729247e+03 3.806598947273634348e+00
4.469325153374245019e+03 3.817826335816365546e+00
4.469938650306759882e+03 3.829264399304544320e+00
4.470552147239275655e+03 3.840836013214277145e+00
4.471165644171791428e+03 3.852373493600113719e+00
4.471779141104306291e+03 3.863617478095553004e+00
4.472392638036822063e+03 3.874233292665269168e+00
4.473006134969337836e+03 3.883841142053864104e+00
4.473619631901853609e+03 3.892053789973376698e+00
4.474233128834368472e+03 3.898514889632782587e+00
4.474846625766884245e+03 3.902932003686863993e+00
4.475460122699400017e+03 3.905100925350568630e+00
4.476073619631914880e+03 3.904921223236152983e+00
4.476687116564430653e+03 3.902405283234545053e+00
4.477300613496946426e+03 3.897683836103410737e+00
4.477914110429461289e+03 3.891010086694295378e+00
4.478527607361977061e+03 3.882761792873714590e+00
4.479141104294492834e+03 3.873437538728903284e+00
4.479754601227007697e+03 3.863641229398502297e+00
4.480368098159523470e+03 3.854049123826187806e+00
4.480981595092039242e+03 3.845356902975429758e+00
4.481595092024554106e+03 3.838209851691606112e+00
4.482208588957069878e+03 3.833125141625179033e+00
4.482822085889585651e+03 3.830419781250993694e+00
4.483435582822100514e+03 3.830158936752168675e+00
4.484049079754616287e+03 3.832136853584869218e+00
4.484662576687132059e+03 3.835897493420028059e+00
4.485276073619646922e+03 3.840794252393062713e+00
4.485889570552162695e+03 3.846080060337428108e+00
4.486503067484678468e+03 3.851012714818587757e+00
4.487116564417193331e+03 3.854956449595564827e+00
4.487730061349709104e+03 3.857461461756886756e+00
4.488343558282224876e+03 3.858307872689865636e+00
4.488957055214739739e+03 3.857508415523628109e+00
4.489570552147255512e+03 3.855273487358846118e+00
4.490184049079771285e+03 3.851949966128525471e+00
4.490797546012286148e+03 3.847949837380166827e+00
4.491411042944801920e+03 3.843684835799592747e+00
4.492024539877317693e+03 3.839519168119331027e+00
4.492638036809832556e+03 3.835745882089714343e+00
4.493251533742348329e+03 3.832585452570981932e+00
4.493865030674864101e+03 3.830199925661655236e+00
4.494478527607378965e+03 3.828713161476159144e+00
4.495092024539894737e+03 3.828228468242776295e+00
4.495705521472410510e+03 3.828837974509565978e+00
4.496319018404925373e+03 3.830621918978784457e+00
4.496932515337441146e+03 3.833639912054520593e+00
4.497546012269956918e+03 3.837918775880184263e+00
4.498159509202471781e+03 3.843441829609892224e+00
4.498773006134987554e+03 3.850143371222970234e+00
4.499386503067503327e+03 3.857910088210448674e+00
4.500000000000019099e+03 3.866588631880375715e+00
4.500613496932533963e+03 3.875996724724212861e+00
4.501226993865049735e+03 3.885934597100845433e+00
4.501840490797565508e+03 3.896193815579933606e+00
4.502453987730080371e+03 3.906561961118183213e+00
4.503067484662596144e+03 3.916823730427139161e+00
4.503680981595111916e+03 3.926760871750302417e+00
4.504294478527626779e+03 3.936153941033747383e+00
4.504907975460142552e+03 3.944788048935299329e+00
4.505521472392658325e+03 3.952463239370933135e+00
4.506134969325173188e+03 3.959008031076862277e+00
4.506748466257688960e+03 3.964292861371845333e+00
4.507361963190204733e+03 3.968239534410491487e+00
4.507975460122719596e+03 3.970823813457609042e+00
4.508588957055235369e+03 3.972071013033986908e+00
4.509202453987751142e+03 3.972046466736040227e+00
4.509815950920266005e+03 3.970844792828203129e+00
4.510429447852781777e+03 3.968581577391313786e+00
4.511042944785297550e+03 3.965389432820920490e+00
4.511656441717812413e+03 3.961418131167930845e+00
4.512269938650328186e+03 3.956836388560305284e+00
4.512883435582843958e+03 3.951832277415165073e+00
4.513496932515358822e+03 3.946610269490015366e+00
4.514110429447874594e+03 3.941383924828194552e+00
4.514723926380390367e+03 3.936364452507658207e+00
4.515337423312905230e+03 3.931746197702648882e+00
4.515950920245421003e+03 3.927689874584245899e+00
4.516564417177936775e+03 3.924304520458492096e+00
4.517177914110451638e+03 3.921629683918775644e+00
4.517791411042967411e+03 3.919620631043549963e+00
4.518404907975483184e+03 3.918140280288733290e+00
4.519018404907998047e+03 3.916961373008919001e+00
4.519631901840513819e+03 3.915781067879333222e+00
4.520245398773029592e+03 3.914247811587987513e+00
4.520858895705544455e+03 3.911997462203092191e+00
4.521472392638060228e+03 3.908693281868934832e+00
4.522085889570576001e+03 3.904063714675799712e+00
4.522699386503090864e+03 3.897932513808190613e+00
4.523312883435606636e+03 3.890237418886347331e+00
4.523926380368122409e+03 3.881035939920984390e+00
4.524539877300638182e+03 3.870499091521425239e+00
4.525153374233153045e+03 3.858895732754410890e+00
4.525766871165668817e+03 3.846570791237016174e+00
4.526380368098184590e+03 3.833920173599842496e+00
4.526993865030699453e+03 3.821364602018666901e+00
4.527607361963215226e+03 3.809323889742732838e+00
4.528220858895730998e+03 3.798192461533334452e+00
4.528834355828245862e+03 3.788317148868770801e+00
4.529447852760761634e+03 3.779979143130398622e+00
4.530061349693277407e+03 3.773381770499118826e+00
4.530674846625792270e+03 3.768646409957115306e+00
4.531288343558308043e+03 3.765817525924656906e+00
4.531901840490823815e+03 3.764876302643755501e+00
4.532515337423338678e+03 3.765760439966856055e+00
4.533128834355854451e+03 3.768385547026086080e+00
4.533742331288370224e+03 3.772662032316287828e+00
4.534355828220885087e+03 3.778501813361742290e+00
4.534969325153400860e+03 3.785811273965173918e+00
4.535582822085916632e+03 3.794471018178830590e+00
4.536196319018431495e+03 3.804308320133158450e+00
4.536809815950947268e+03 3.815072005136071809e+00
4.537423312883463041e+03 3.826420604168735196e+00
4.538036809815977904e+03 3.837931406306465121e+00
4.538650306748493676e+03 3.849131899854340677e+00
4.539263803681009449e+03 3.859547851792044959e+00
4.539877300613524312e+03 3.868756630404504016e+00
4.540490797546040085e+03 3.876432854386894444e+00
4.541104294478555857e+03 3.882376244970072499e+00
4.541717791411070721e+03 3.886517351710700119e+00
4.542331288343586493e+03 3.888903156458035859e+00
4.542944785276102266e+03 3.889669067854242268e+00
4.543558282208617129e+03 3.889005922991812803e+00
4.544171779141132902e+03 3.887129942706908814e+00
4.544785276073648674e+03 3.884261000924932095e+00
4.545398773006163538e+03 3.880611115382145648e+00
4.546012269938679310e+03 3.876381951842474916e+00
4.546625766871195083e+03 3.871767993724186674e+00
4.547239263803709946e+03 3.866961048820062530e+00
4.547852760736225719e+03 3.862152473566659694e+00
4.548466257668741491e+03 3.857531267533722996e+00
4.549079754601257264e+03 3.853278154543316791e+00
4.549693251533772127e+03 3.849557762673658790e+00
4.550306748466287900e+03 3.846512004787474126e+00
4.550920245398803672e+03 3.844256945942113646e+00
4.551533742331318535e+03 3.842884073516680932e+00
4.552147239263834308e+03 3.842464937768240496e+00
4.552760736196350081e+03 3.843056777585215578e+00
4.553374233128864944e+03 3.844706315159103660e+00
4.553987730061380717e+03 3.847449467261927492e+00
4.554601226993896489e+03 3.851305816256139991e+00
4.555214723926411352e+03 3.856267817571386924e+00
4.555828220858927125e+03 3.862285855657620282e+00
4.556441717791442898e+03 3.869251816473992633e+00
4.557055214723957761e+03 3.876985052810597132e+00
4.557668711656473533e+03 3.885225283168578514e+00
4.558282208588989306e+03 3.893636914195719889e+00
4.558895705521504169e+03 3.901827757538627317e+00
4.559509202454019942e+03 3.909382386852229718e+00
4.560122699386535714e+03 3.915906843798224735e+00
4.560736196319050578e+03 3.921077926106589118e+00
4.561349693251566350e+03 3.924688263611090466e+00
4.561963190184082123e+03 3.926678234718482319e+00
4.562576687116596986e+03 3.927147941407318488e+00
4.563190184049112759e+03 3.926346131514713012e+00
4.563803680981628531e+03 3.924637181004599906e+00
4.564417177914143394e+03 3.922451203861942126e+00
4.565030674846659167e+03 3.920225165374135123e+00
4.565644171779174940e+03 3.918344377697048131e+00
4.566257668711689803e+03 3.917093769493195765e+00
4.566871165644205576e+03 3.916626911446897008e+00
4.567484662576721348e+03 3.916957922005521731e+00
4.568098159509236211e+03 3.917977313876957357e+00
4.568711656441751984e+03 3.919488017594225937e+00
4.569325153374267757e+03 3.921253279438220662e+00
4.569938650306782620e+03 3.923045343982152655e+00
4.570552147239298392e+03 3.924683697717544106e+00
4.571165644171814165e+03 3.926055018357814230e+00
4.571779141104329028e+03 3.927112267307632187e+00
4.572392638036844801e+03 3.927856543650733556e+00
4.573006134969360573e+03 3.928309044737971156e+00
4.573619631901876346e+03 3.928482491231929608e+00
4.574233128834391209e+03 3.928359348977910059e+00
4.574846625766906982e+03 3.927881095170164372e+00
4.575460122699422755e+03 3.926949708130596406e+00
4.576073619631937618e+03 3.925439944492141287e+00
4.576687116564453390e+03 3.923219446546033495e+00
4.577300613496969163e+03 3.920173419307467988e+00
4.577914110429484026e+03 3.916230389655869004e+00
4.578527607361999799e+03 3.911385330488526879e+00
4.579141104294515571e+03 3.905716186411640312e+00
4.579754601227030435e+03 3.899389890528968117e+00
4.580368098159546207e+03 3.892655181583736024e+00
4.580981595092061980e+03 3.885821859947534485e+00
4.581595092024576843e+03 3.879228982443173379e+00
4.582208588957092616e+03 3.873207408336241553e+00
4.582822085889608388e+03 3.868043498060956598e+00
4.583435582822123251e+03 3.863950462083458604e+00
4.584049079754639024e+03 3.861051470106548145e+00
4.584662576687154797e+03 3.859375096508263159e+00
4.585276073619669660e+03 3.858860397123662356e+00
4.585889570552185432e+03 3.859367381043950829e+00
4.586503067484701205e+03 3.860689175691431441e+00
4.587116564417216068e+03 3.862564322107748360e+00
4.587730061349731841e+03 3.864690241593396802e+00
4.588343558282247614e+03 3.866740523357853565e+00
4.588957055214762477e+03 3.868388265855872810e+00
4.589570552147278249e+03 3.869335516614592407e+00
4.590184049079794022e+03 3.869345759962253606e+00
4.590797546012308885e+03 3.868273826962239426e+00
4.591411042944824658e+03 3.866086606705191109e+00
4.592024539877340430e+03 3.862869022478948811e+00
4.592638036809855294e+03 3.858812228305554370e+00
4.593251533742371066e+03 3.854185713120648504e+00
4.593865030674886839e+03 3.849298303113473096e+00
4.594478527607401702e+03 3.844456072793319468e+00
4.595092024539917475e+03 3.839925523511901417e+00
4.595705521472433247e+03 3.835908562570069957e+00
4.596319018404948110e+03 3.832532598347787811e+00
4.596932515337463883e+03 3.829855085566379103e+00
4.597546012269979656e+03 3.827878212903624622e+00
4.598159509202494519e+03 3.826567902575209956e+00
4.598773006135010291e+03 3.825871997823736770e+00
4.599386503067526064e+03 3.825734665507824150e+00
4.600000000000041837e+03 3.826106610805999342e+00
4.600613496932556700e+03 3.826952348968655215e+00
4.601226993865072473e+03 3.828256014850953903e+00
4.601840490797588245e+03 3.830026185202493494e+00
4.602453987730103108e+03 3.832298674771591251e+00
4.603067484662618881e+03 3.835135199219913638e+00
4.603680981595134654e+03 3.838615802647538100e+00
4.604294478527649517e+03 3.842824225316970654e+00
4.604907975460165289e+03 3.847827437460614064e+00
4.605521472392681062e+03 3.853652588117559397e+00
4.606134969325195925e+03 3.860266073515384200e+00
4.606748466257711698e+03 3.867559837098982101e+00
4.607361963190227470e+03 3.875348969568037205e+00
4.607975460122742334e+03 3.883382810248028782e+00
4.608588957055258106e+03 3.891368957361402536e+00
4.609202453987773879e+03 3.899006614743683485e+00
4.609815950920288742e+03 3.906023299928789605e+00
4.610429447852804515e+03 3.912207746007423825e+00
4.611042944785320287e+03 3.917432624471958835e+00
4.611656441717835150e+03 3.921663157294874136e+00
4.612269938650350923e+03 3.924951176488800542e+00
4.612883435582866696e+03 3.927417606968242936e+00
4.613496932515381559e+03 3.929228450443243759e+00
4.614110429447897332e+03 3.930569925407305654e+00
4.614723926380413104e+03 3.931627449861800461e+00
4.615337423312927967e+03 3.932571015272591897e+00
4.615950920245443740e+03 3.933547291764603049e+00
4.616564417177959513e+03 3.934677234233911136e+00
4.617177914110474376e+03 3.936057098262522036e+00
4.617791411042990148e+03 3.937760677157351008e+00
4.618404907975505921e+03 3.939840831902819307e+00
4.619018404908020784e+03 3.942328953648903678e+00
4.619631901840536557e+03 3.945232110696134775e+00
4.620245398773052329e+03 3.948528799554885893e+00
4.620858895705567193e+03 3.952165184565086253e+00
4.621472392638082965e+03 3.956054241114582481e+00
4.622085889570598738e+03 3.960079679876519876e+00
4.622699386503113601e+03 3.964105313734378910e+00
4.623312883435629374e+03 3.967989317126719317e+00
4.623926380368145146e+03 3.971601101980334114e+00
4.624539877300660919e+03 3.974837539203524894e+00
4.625153374233175782e+03 3.977635297049272545e+00
4.625766871165691555e+03 3.979976570498507726e+00
4.626380368098207327e+03 3.981886533492357216e+00
4.626993865030722191e+03 3.983422480356699769e+00
4.627607361963237963e+03 3.984656570333244385e+00
4.628220858895753736e+03 3.985655581480727072e+00
4.628834355828268599e+03 3.986462151697399037e+00
4.629447852760784372e+03 3.987081760600500235e+00
4.630061349693300144e+03 3.987478292491883458e+00
4.630674846625815007e+03 3.987579046865636467e+00
4.631288343558330780e+03 3.987287758412386918e+00
4.631901840490846553e+03 3.986502540118929350e+00
4.632515337423361416e+03 3.985135245578933727e+00
4.633128834355877189e+03 3.983129172340453383e+00
4.633742331288392961e+03 3.980472438200659546e+00
4.634355828220907824e+03 3.977205370497744585e+00
4.634969325153423597e+03 3.973420638645047021e+00
4.635582822085939370e+03 3.969252767461767917e+00
4.636196319018454233e+03 3.964844140826655039e+00
4.636809815950970005e+03 3.960301560323730818e+00
4.637423312883485778e+03 3.955651202610495965e+00
4.638036809816000641e+03 3.950739341819609507e+00
4.638650306748516414e+03 3.945072206625546585e+00
4.639263803681032186e+03 3.937582115856872900e+00
4.639877300613547050e+03 3.926302697743566661e+00
4.640490797546062822e+03 3.908071691936334524e+00
4.641104294478578595e+03 3.878331486455348198e+00
4.641717791411093458e+03 3.831216168552642909e+00
4.642331288343609231e+03 3.760188922706795278e+00
4.642944785276125003e+03 3.659397341618868538e+00
4.643558282208639866e+03 3.525701821120492241e+00
4.644171779141155639e+03 3.360985229383489425e+00
4.644785276073671412e+03 3.173994472570018210e+00
4.645398773006186275e+03 2.980799001806965443e+00
4.646012269938702048e+03 2.803165606671651044e+00
4.646625766871217820e+03 2.664783895327569319e+00
4.647239263803732683e+03 2.586138638266135548e+00
4.647852760736248456e+03 2.579530908521035393e+00
4.648466257668764229e+03 2.645912564107423925e+00
4.649079754601280001e+03 2.774659196292871943e+00
4.649693251533794864e+03 2.946361540007779833e+00
4.650306748466310637e+03 3.137633222004915456e+00
4.650920245398826410e+03 3.326303275929236136e+00
4.651533742331341273e+03 3.495430913168263931e+00
4.652147239263857045e+03 3.635233466377533418e+00
4.652760736196372818e+03 3.742885137958660735e+00
4.653374233128887681e+03 3.820825390923258791e+00
4.653987730061403454e+03 3.874485897450707483e+00
4.654601226993919227e+03 3.910217132376077487e+00
4.655214723926434090e+03 3.933850088716610127e+00
4.655828220858949862e+03 3.949973227489795846e+00
4.656441717791465635e+03 3.961773589410515495e+00
4.657055214723980498e+03 3.971193886802633077e+00
4.657668711656496271e+03 3.979211853715015401e+00
4.658282208589012043e+03 3.986148786228527641e+00
4.658895705521526907e+03 3.991921955515061793e+00
4.659509202454042679e+03 3.996232927211876174e+00
4.660122699386558452e+03 3.998713181325606048e+00
4.660736196319073315e+03 3.998998706907537226e+00
4.661349693251589088e+03 3.996813247224523025e+00
4.661963190184104860e+03 3.992038946172577596e+00
4.662576687116619723e+03 3.984745266324138502e+00
4.663190184049135496e+03 3.975193241019034929e+00
4.663803680981651269e+03 3.963818432303370720e+00
4.664417177914166132e+03 3.951197424524947710e+00
4.665030674846681904e+03 3.938004269727326534e+00
4.665644171779197677e+03 3.924962716013602915e+00
4.666257668711712540e+03 3.912798242910218605e+00
4.666871165644228313e+03 3.902191932243363581e+00
4.667484662576744086e+03 3.893737585137855284e+00
4.668098159509258949e+03 3.887903745158588720e+00
4.668711656441774721e+03 3.885003318206202927e+00
4.669325153374290494e+03 3.885174240468192153e+00
4.669938650306805357e+03 3.888374398821449418e+00
4.670552147239321130e+03 3.894392841126915972e+00
4.671165644171836902e+03 3.902877351052401966e+00
4.671779141104351766e+03 3.913375503386459453e+00
4.672392638036867538e+03 3.925383819225310766e+00
4.673006134969383311e+03 3.938398374557229964e+00
4.673619631901898174e+03 3.951960482263388030e+00
4.674233128834413947e+03 3.965692678184975506e+00
4.674846625766929719e+03 3.979323152048877432e+00
4.675460122699445492e+03 3.992699146163520396e+00
4.676073619631960355e+03 4.005791624690406394e+00
4.676687116564476128e+03 4.018693920224809091e+00
4.677300613496991900e+03 4.031615620148794044e+00
4.677914110429506763e+03 4.044870637796988966e+00
4.678527607362022536e+03 4.058856350104952604e+00
4.679141104294538309e+03 4.074019375430280476e+00
4.679754601227053172e+03 4.090804401493125297e+00
4.680368098159568945e+03 4.109585020601588923e+00
4.680981595092084717e+03 4.130580345574104584e+00
4.681595092024599580e+03 4.153766900129562956e+00
4.682208588957115353e+03 4.178800487787134088e+00
4.682822085889631126e+03 4.204966007627035651e+00
4.683435582822145989e+03 4.231172925299409471e+00
4.684049079754661761e+03 4.256008910333351380e+00
4.684662576687177534e+03 4.277855021221473208e+00
4.685276073619692397e+03 4.295053649950066443e+00
4.685889570552208170e+03 4.306107994055556887e+00
4.686503067484723942e+03 4.309881952086365153e+00
4.687116564417238806e+03 4.305764970593838115e+00
4.687730061349754578e+03 4.293769914109445196e+00
4.688343558282270351e+03 4.274543398339083922e+00
4.688957055214785214e+03 4.249285064098344833e+00
4.689570552147300987e+03 4.219590817375024727e+00
4.690184049079816759e+03 4.187250017472710084e+00
4.690797546012331622e+03 4.154033984941824187e+00
4.691411042944847395e+03 4.121511339089662052e+00
4.692024539877363168e+03 4.090915866519981847e+00
4.692638036809878031e+03 4.063078588837688798e+00
4.693251533742393804e+03 4.038421982779134112e+00
4.693865030674909576e+03 4.017003811361810506e+00
4.694478527607424439e+03 3.998593226119325106e+00
4.695092024539940212e+03 3.982761822837955545e+00
4.695705521472455985e+03 3.968975755684779116e+00
4.696319018404970848e+03 3.956679162975849540e+00
4.696932515337486620e+03 3.945362641662603309e+00
4.697546012270002393e+03 3.934613171320659131e+00
4.698159509202517256e+03 3.924143754949607654e+00
4.698773006135033029e+03 3.913802633293159694e+00
4.699386503067548801e+03 3.903564301898028610e+00
4.700000000000064574e+03 3.893506670385461277e+00
4.700613496932579437e+03 3.883780367376338472e+00
4.701226993865095210e+03 3.874576272781156128e+00
4.701840490797610983e+03 3.866096466590092096e+00
4.702453987730125846e+03 3.858531426373729367e+00
4.703067484662641618e+03 3.852044038289442529e+00
4.703680981595157391e+03 3.846759455278992768e+00
4.704294478527672254e+03 3.842759792865157120e+00
4.704907975460188027e+03 3.840082775726941122e+00
4.705521472392703799e+03 3.838723916723254082e+00
4.706134969325218663e+03 3.838641564853868537e+00
4.706748466257734435e+03 3.839763289596538343e+00
4.707361963190250208e+03 3.841991174152181276e+00
4.707975460122765071e+03 3.845203448541580471e+00
4.708588957055280844e+03 3.849251279500415901e+00
4.709202453987796616e+03 3.853952188541790225e+00
4.709815950920311479e+03 3.859084462570461227e+00
4.710429447852827252e+03 3.864388509850719799e+00
4.711042944785343025e+03 3.869580221511624618e+00
4.711656441717857888e+03 3.874377848119571865e+00
4.712269938650373660e+03 3.878538786650937986e+00
4.712883435582889433e+03 3.881898095404473281e+00
4.713496932515404296e+03 3.884398074998197448e+00
4.714110429447920069e+03 3.886099743218175639e+00
4.714723926380435842e+03 3.887171603289318433e+00
4.715337423312950705e+03 3.887857072706283112e+00
4.715950920245466477e+03 3.888427604389277370e+00
4.716564417177982250e+03 3.889132031519248578e+00
4.717177914110497113e+03 3.890153009006523277e+00
4.717791411043012886e+03 3.891578663879302180e+00
4.718404907975528658e+03 3.893393198855482851e+00
4.719018404908043522e+03 3.895485380651480867e+00
4.719631901840559294e+03 3.897670096313797572e+00
4.720245398773075067e+03 3.899716269637151456e+00
4.720858895705589930e+03 3.901374538701367634e+00
4.721472392638105703e+03 3.902399780907531923e+00
4.722085889570621475e+03 3.902565914684769321e+00
4.722699386503136338e+03 3.901673480519641579e+00
4.723312883435652111e+03 3.899552893989208791e+00
4.723926380368167884e+03 3.896067566803625315e+00
4.724539877300683656e+03 3.891121111681751010e+00
4.725153374233198520e+03 3.884671176908287116e+00
4.725766871165714292e+03 3.876749083133858242e+00
4.726380368098230065e+03 3.867480949418727665e+00
4.726993865030744928e+03 3.857103403528432395e+00
4.727607361963260701e+03 3.845966402603068879e+00
4.728220858895776473e+03 3.834518022770645906e+00
4.728834355828291336e+03 3.823270564824852613e+00
4.729447852760807109e+03 3.812752471162992762e+00
4.730061349693322882e+03 3.803454796277665917e+00
4.730674846625837745e+03 3.795782415119714148e+00
4.731288343558353517e+03 3.790018724061354760e+00
4.731901840490869290e+03 3.786308979391110441e+00
4.732515337423384153e+03 3.784662879678910130e+00
4.733128834355899926e+03 3.784973110595016177e+00
4.733742331288415699e+03 3.787044268929955493e+00
4.734355828220930562e+03 3.790625592671605038e+00
4.734969325153446334e+03 3.795441340695834942e+00
4.735582822085962107e+03 3.801214162924442697e+00
4.736196319018476970e+03 3.807678654770539239e+00
4.736809815950992743e+03 3.814584399219524080e+00
4.737423312883508515e+03 3.821690541107308992e+00
4.738036809816023379e+03 3.828756556219301999e+00
4.738650306748539151e+03 3.835535173989002899e+00
4.739263803681054924e+03 3.841773010429030411e+00
4.739877300613569787e+03 3.847221978074083726e+00
4.740490797546085560e+03 3.851660556142900482e+00
4.741104294478601332e+03 3.854920136271212883e+00
4.741717791411116195e+03 3.856909243300686629e+00
4.742331288343631968e+03 3.857628704272018538e+00
4.742944785276147741e+03 3.857173209038997186e+00
4.743558282208662604e+03 3.855718202979291576e+00
4.744171779141178376e+03 3.853494654135813935e+00
4.744785276073694149e+03 3.850756607605107185e+00
4.745398773006209012e+03 3.847747448000582882e+00
4.746012269938724785e+03 3.844670587050273092e+00
4.746625766871240558e+03 3.841668927983750148e+00
4.747239263803755421e+03 3.838815667914900143e+00
4.747852760736271193e+03 3.836116977523965410e+00
4.748466257668786966e+03 3.833524978199292388e+00
4.749079754601302739e+03 3.830957711511556063e+00
4.749693251533817602e+03 3.828321591975214488e+00
4.750306748466333374e+03 3.825531870253851441e+00
4.750920245398849147e+03 3.822527990598665326e+00
4.751533742331364010e+03 3.819282338660628717e+00
4.752147239263879783e+03 3.815802664283131751e+00
4.752760736196395555e+03 3.812129569936158813e+00
4.753374233128910419e+03 3.808330707251530001e+00
4.753987730061426191e+03 3.804492770162196003e+00
4.754601226993941964e+03 3.800711631466399787e+00
4.755214723926456827e+03 3.797080605185275903e+00
4.755828220858972600e+03 3.793676899245225442e+00
4.756441717791488372e+03 3.790547093485841401e+00
4.757055214724003235e+03 3.787693788530524852e+00
4.757668711656519008e+03 3.785066519939725094e+00
4.758282208589034781e+03 3.782560423796794691e+00
4.758895705521549644e+03 3.780025549214804492e+00
4.759509202454065417e+03 3.777287754339018200e+00
4.760122699386581189e+03 3.774179230323341017e+00
4.760736196319096052e+03 3.770573859096597147e+00
4.761349693251611825e+03 3.766420354658165159e+00
4.761963190184127598e+03 3.761765819377526743e+00
4.762576687116642461e+03 3.756764243583422314e+00
4.763190184049158233e+03 3.751667914689014616e+00
4.763803680981674006e+03 3.746803521488997646e+00
4.764417177914188869e+03 3.742537495480526388e+00
4.765030674846704642e+03 3.739236398613731804e+00
4.765644171779220414e+03 3.737227994925052865e+00
4.766257668711735278e+03 3.736767640445687544e+00
4.766871165644251050e+03 3.738013514878620214e+00
4.767484662576766823e+03 3.741013158797221738e+00
4.768098159509281686e+03 3.745702696903797424e+00
4.768711656441797459e+03 3.751918663099085283e+00
4.769325153374313231e+03 3.759420578564215187e+00
4.769938650306828094e+03 3.767920719690477149e+00
4.770552147239343867e+03 3.777115984353568656e+00
4.771165644171859640e+03 3.786716394090253957e+00
4.771779141104374503e+03 3.796465677261229299e+00
4.772392638036890276e+03 3.806151450229049882e+00
4.773006134969406048e+03 3.815605066867587603e+00
4.773619631901920911e+03 3.824693597620229202e+00
4.774233128834436684e+03 3.833307929142307557e+00
4.774846625766952457e+03 3.841351075894309908e+00
4.775460122699468229e+03 3.848729784138522181e+00
4.776073619631983092e+03 3.855351092708060978e+00
4.776687116564498865e+03 3.861124120363039758e+00
4.777300613497014638e+03 3.865966229655741770e+00
4.777914110429529501e+03 3.869812237735719584e+00
4.778527607362045273e+03 3.872625125605331231e+00
4.779141104294561046e+03 3.874406406205233466e+00
4.779754601227075909e+03 3.875204055210980325e+00
4.780368098159591682e+03 3.875115900030678961e+00
4.780981595092107455e+03 3.874287032391414698e+00
4.781595092024622318e+03 3.872901262102685926e+00
4.782208588957138090e+03 3.871168203860234414e+00
4.782822085889653863e+03 3.869308659359714575e+00
4.783435582822168726e+03 3.867541071661287688e+00
4.784049079754684499e+03 3.866071088450020454e+00
4.784662576687200271e+03 3.865084837582678290e+00
4.785276073619715135e+03 3.864745415618798585e+00
4.785889570552230907e+03 3.865191660226100723e+00
4.786503067484746680e+03 3.866538443175142170e+00
4.787116564417261543e+03 3.868878118270007604e+00
4.787730061349777316e+03 3.872282712108312097e+00
4.788343558282293088e+03 3.876805821172504718e+00
4.788957055214807951e+03 3.882482705244620025e+00
4.789570552147323724e+03 3.889327143502599782e+00
4.790184049079839497e+03 3.897324304298501740e+00
4.790797546012354360e+03 3.906420374725091182e+00
4.791411042944870132e+03 3.916511709203028158e+00
4.792024539877385905e+03 3.927437416680534810e+00
4.792638036809900768e+03 3.938978535131694603e+00
4.793251533742416541e+03 3.950865759099749575e+00
4.793865030674932314e+03 3.962795637564678231e+00
4.794478527607447177e+03 3.974453330376158000e+00
4.795092024539962949e+03 3.985539133945992241e+00
4.795705521472478722e+03 3.995795553948999324e+00
4.796319018404993585e+03 4.005031818298655288e+00
4.796932515337509358e+03 4.013142769351859762e+00
4.797546012270025130e+03 4.020119252330785820e+00
4.798159509202539994e+03 4.026047856874869879e+00
4.798773006135055766e+03 4.031098982180013834e+00
4.799386503067571539e+03 4.035503988417386445e+00
4.800000000000087311e+03 4.039524278066086715e+00
4.800613496932602175e+03 4.043416927757125023e+00
4.801226993865117947e+03 4.047402482356860176e+00
4.801840490797633720e+03 4.051640549813831704e+00
4.802453987730148583e+03 4.056217760619479584e+00
4.803067484662664356e+03 4.061150591781257368e+00
4.803680981595180128e+03 4.066402545213215980e+00
4.804294478527694991e+03 4.071911763823464980e+00
4.804907975460210764e+03 4.077622788821142485e+00
4.805521472392726537e+03 4.083514870605557512e+00
4.806134969325241400e+03 4.089620071885358144e+00
4.806748466257757173e+03 4.096027450782657731e+00
4.807361963190272945e+03 4.102873318308009942e+00
4.807975460122787808e+03 4.110321035754065377e+00
4.808588957055303581e+03 4.118535693422422206e+00
4.809202453987819354e+03 4.127659086312902126e+00
4.809815950920334217e+03 4.137789147623757380e+00
4.810429447852849989e+03 4.148966458162860249e+00
4.811042944785365762e+03 4.161168889043324270e+00
4.811656441717880625e+03 4.174314153694083984e+00
4.812269938650396398e+03 4.188269486302793609e+00
4.812883435582912171e+03 4.202867178147203120e+00
4.813496932515427034e+03 4.217923466931219778e+00
4.814110429447942806e+03 4.233257338601150721e+00
4.814723926380458579e+03 4.248705298465763391e+00
4.815337423312973442e+03 4.264128451348549120e+00
4.815950920245489215e+03 4.279410203043815031e+00
4.816564417178004987e+03 4.294445873733914176e+00
4.817177914110519851e+03 4.309128786165265623e+00
4.817791411043035623e+03 4.323339218435839015e+00
4.818404907975551396e+03 4.336942203207154733e+00
4.819018404908066259e+03 4.349797590277206361e+00
4.819631901840582032e+03 4.361781572994405387e+00
4.820245398773097804e+03 4.372814766152846921e+00
4.820858895705612667e+03 4.382889480457484055e+00
4.821472392638128440e+03 4.392088344594831106e+00
4.822085889570644213e+03 4.400588968194873551e+00
4.822699386503159076e+03 4.408652452153940970e+00
4.823312883435674848e+03 4.416597085661225108e+00
4.823926380368190621e+03 4.424761680872406622e+00
4.824539877300706394e+03 4.433465786941857445e+00
4.825153374233221257e+03 4.442973084955343488e+00
4.825766871165737030e+03 4.453464341948422778e+00
4.826380368098252802e+03 4.465024699679503328e+00
4.826993865030767665e+03 4.477646892585633864e+00
4.827607361963283438e+03 4.491249001986661327e+00
4.828220858895799211e+03 4.505702300008068484e+00
4.828834355828314074e+03 4.520863146021721235e+00
4.829447852760829846e+03 4.536602814781997672e+00
4.830061349693345619e+03 4.552829778625057777e+00
4.830674846625860482e+03 4.569501488249373189e+00
4.831288343558376255e+03 4.586624758126633061e+00
4.831901840490892027e+03 4.604246071294120668e+00
4.832515337423406891e+03 4.622434372933569513e+00
4.833128834355922663e+03 4.641259753477182670e+00
4.833742331288438436e+03 4.660771878896400544e+00
4.834355828220953299e+03 4.680982094810485883e+00
4.834969325153469072e+03 4.701853020788953508e+00
4.835582822085984844e+03 4.723298946626719896e+00
4.836196319018499707e+03 4.745198856322375924e+00
4.836809815951015480e+03 4.767421806219743985e+00
4.837423312883531253e+03 4.789858028227340192e+00
4.838036809816046116e+03 4.812454325620945106e+00
4.838650306748561889e+03 4.835227598727965592e+00
4.839263803681077661e+03 4.858264158104144137e+00
4.839877300613592524e+03 4.881671368274179024e+00
4.840490797546108297e+03 4.905560912335314327e+00
4.841104294478624070e+03 4.929942469378437053e+00
4.841717791411138933e+03 4.954507199954138130e+00
4.842331288343654705e+03 4.978435619774991494e+00
4.842944785276170478e+03 5.000192657191763423e+00
4.843558282208685341e+03 5.017333936800788763e+00
4.844171779141201114e+03 5.026475292821694474e+00
4.844785276073716886e+03 5.023580642537072372e+00
4.845398773006231750e+03 5.004707290325199232e+00
4.846012269938747522e+03 4.967234192690072270e+00
4.846625766871263295e+03 4.911376902074654716e+00
4.847239263803778158e+03 4.841531436642746655e+00
4.847852760736293931e+03 4.766824083925955691e+00
4.848466257668809703e+03 4.700327577691223446e+00
4.849079754601324566e+03 4.656802312859403159e+00
4.849693251533840339e+03 4.649419088040009029e+00
4.850306748466356112e+03 4.686457425742109884e+00
4.850920245398871884e+03 4.769142680347763452e+00
4.851533742331386748e+03 4.891442085156937125e+00
4.852147239263902520e+03 5.041907691846013506e+00
4.852760736196418293e+03 5.206875419253597315e+00
4.853374233128933156e+03 5.373874493594388291e+00
4.853987730061448929e+03 5.534160748421705023e+00
4.854601226993964701e+03 5.683764964671265574e+00
4.855214723926479564e+03 5.823065457170493175e+00
4.855828220858995337e+03 5.955358941371422965e+00
4.856441717791511110e+03 6.085066990324937919e+00
4.857055214724025973e+03 6.216107450118735223e+00
4.857668711656541745e+03 6.350725581345079362e+00
4.858282208589057518e+03 6.488855482384580320e+00
4.858895705521572381e+03 6.627967891578840920e+00
4.859509202454088154e+03 6.763295502044814000e+00
4.860122699386603927e+03 6.888375444622042210e+00
4.860736196319118790e+03 6.995791639962947173e+00
4.861349693251634562e+03 7.078145012557362392e+00
4.861963190184150335e+03 7.129071071261940951e+00
4.862576687116665198e+03 7.144083118386391540e+00
4.863190184049180971e+03 7.121223305532324410e+00
4.863803680981696743e+03 7.061400987202638646e+00
4.864417177914211607e+03 6.968306503563766796e+00
4.865030674846727379e+03 6.847935224221044948e+00
4.865644171779243152e+03 6.707818225917655752e+00
4.866257668711758015e+03 6.556102506772614191e+00
4.866871165644273788e+03 6.400643911925373075e+00
4.867484662576789560e+03 6.248258543247438901e+00
4.868098159509304423e+03 6.104231387926447816e+00
4.868711656441820196e+03 5.972117644953225835e+00
4.869325153374335969e+03 5.853809783945119527e+00
4.869938650306850832e+03 5.749801240336658736e+00
4.870552147239366604e+03 5.659554744875595844e+00
4.871165644171882377e+03 5.581887179875152150e+00
4.871779141104397240e+03 5.515304697118319055e+00
4.872392638036913013e+03 5.458250289841476643e+00
4.873006134969428786e+03 5.409254755653826408e+00
4.873619631901943649e+03 5.367005449941528283e+00
4.874233128834459421e+03 5.330356791357707458e+00
4.874846625766975194e+03 5.298309634773421983e+00
4.875460122699490967e+03 5.269981217178981936e+00
4.876073619632005830e+03 5.244578920990587534e+00
4.876687116564521602e+03 5.221382855340587881e+00
4.877300613497037375e+03 5.199737483878420718e+00
4.877914110429552238e+03 5.179050187000482808e+00
4.878527607362068011e+03 5.158794102095100698e+00
4.879141104294583783e+03 5.138514415193994544e+00
4.879754601227098647e+03 5.117836266119791588e+00
4.880368098159614419e+03 5.096472401817581321e+00
4.880981595092130192e+03 5.074228203911249402e+00
4.881595092024645055e+03 5.051002420240354063e+00
4.882208588957160828e+03 5.026782695120071587e+00
4.882822085889676600e+03 5.001637323538077773e+00
4.883435582822191463e+03 4.975705347645749121e+00
4.884049079754707236e+03 4.949186932619215717e+00
4.884662576687223009e+03 4.922334438985391358e+00
4.885276073619737872e+03 4.895443478253271863e+00
4.885889570552253645e+03 4.868842320838505877e+00
4.886503067484769417e+03 4.842878183598972264e+00
4.887116564417284280e+03 4.817900650445123389e+00
4.887730061349800053e+03 4.794243715618458523e+00
4.888343558282315826e+03 4.772208561850968422e+00
4.888957055214830689e+03 4.752049286861605104e+00
4.889570552147346461e+03 4.733962521622699704e+00
4.890184049079862234e+03 4.718080153962112888e+00
4.890797546012377097e+03 4.704463215367557183e+00
4.891411042944892870e+03 4.693094937574228354e+00
4.892024539877408642e+03 4.683871707473377555e+00
4.892638036809923506e+03 4.676593466569481272e+00
4.893251533742439278e+03 4.670957781004868359e+00
4.893865030674955051e+03 4.666562133254518407e+00
4.894478527607469914e+03 4.662919413707310667e+00
4.895092024539985687e+03 4.659488878380146026e+00
4.895705521472501459e+03 4.655720289835288739e+00
4.896319018405016323e+03 4.651105218594842938e+00
4.896932515337532095e+03 4.645226946313108840e+00
4.897546012270047868e+03 4.637799859000431901e+00
4.898159509202562731e+03 4.628691387833014481e+00
4.898773006135078504e+03 4.617923588838920956e+00
4.899386503067594276e+03 4.605655649876773339e+00
4.900000000000110049e+03 4.592151858809438103e+00
4.900613496932624912e+03 4.577741403263652309e+00
4.901226993865140685e+03 4.562776172801330965e+00
4.901840490797656457e+03 4.547591318721453391e+00
4.902453987730171320e+03 4.532471856622561468e+00
4.903067484662687093e+03 4.517627668230309368e+00
4.903680981595202866e+03 4.503178656255017565e+00
4.904294478527717729e+03 4.489151353872729899e+00
4.904907975460233502e+03 4.475487656898780031e+00
4.905521472392749274e+03 4.462064917627072802e+00
4.906134969325264137e+03 4.448725309515588755e+00
4.906748466257779910e+03 4.435310966311581282e+00
4.907361963190295683e+03 4.421700172021628461e+00
4.907975460122810546e+03 4.407839167346223164e+00
4.908588957055326318e+03 4.393764131972429432e+00
4.909202453987842091e+03 4.379608195340672694e+00
4.909815950920356954e+03 4.365589833706313705e+00
4.910429447852872727e+03 4.351982001065398009e+00
4.911042944785388499e+03 4.339065049712862887e+00
4.911656441717903363e+03 4.327070932190582475e+00
4.912269938650419135e+03 4.316129572756348232e+00
4.912883435582934908e+03 4.306228998522007245e+00
4.913496932515449771e+03 4.297199055568446724e+00
4.914110429447965544e+03 4.288724161465335527e+00
4.914723926380481316e+03 4.280384888487126283e+00
4.915337423312996179e+03 4.271722295576389605e+00
4.915950920245511952e+03 4.262314177917957636e+00
4.916564417178027725e+03 4.251849972502912856e+00
4.917177914110542588e+03 4.240191084318983172e+00
4.917791411043058361e+03 4.227406066563048626e+00
4.918404907975574133e+03 4.213774462591893588e+00
4.919018404908088996e+03 4.199758466441569915e+00
4.919631901840604769e+03 4.185947215422298306e+00
4.920245398773120542e+03 4.172983075059770286e+00
4.920858895705635405e+03 4.161481971920490963e+00
4.921472392638151177e+03 4.151960484941604079e+00
4.922085889570666950e+03 4.144780710163376014e+00
4.922699386503181813e+03 4.140120075917836040e+00
4.923312883435697586e+03 4.137968081189436376e+00
4.923926380368213358e+03 4.138146325530337677e+00
4.924539877300729131e+03 4.140344168649180645e+00
4.925153374233243994e+03 4.144160533643515443e+00
4.925766871165759767e+03 4.149143139205010655e+00
4.926380368098275540e+03 4.154819551708884617e+00
4.926993865030790403e+03 4.160718451508098603e+00
4.927607361963306175e+03 4.166383059151923085e+00
4.928220858895821948e+03 4.171380792088476674e+00
4.928834355828336811e+03 4.175313418894882389e+00
4.929447852760852584e+03 4.177830726813786200e+00
4.930061349693368356e+03 4.178648539033058107e+00
4.930674846625883220e+03 4.177569640272095874e+00
4.931288343558398992e+03 4.174504217194849431e+00
4.931901840490914765e+03 4.169485302628501699e+00
4.932515337423429628e+03 4.162675127035830869e+00
4.933128834355945401e+03 4.154359981563590765e+00
4.933742331288461173e+03 4.144933525570861477e+00
4.934355828220976036e+03 4.134871111796970311e+00
4.934969325153491809e+03 4.124699326234988028e+00
4.935582822086007582e+03 4.114965571208436756e+00
4.936196319018522445e+03 4.106211252070578688e+00
4.936809815951038217e+03 4.098949936069507416e+00
4.937423312883553990e+03 4.093649646422734989e+00
4.938036809816068853e+03 4.090717160335592517e+00
4.938650306748584626e+03 4.090482390689311742e+00
4.939263803681100399e+03 4.093182610824710466e+00
4.939877300613615262e+03 4.098948689284859448e+00
4.940490797546131034e+03 4.107797592553663613e+00
4.941104294478646807e+03 4.119636084200869242e+00
4.941717791411161670e+03 4.134279257597281543e+00
4.942331288343677443e+03 4.151484805810474299e+00
4.942944785276193215e+03 4.171000495220083870e+00
4.943558282208708079e+03 4.192619111991882086e+00
4.944171779141223851e+03 4.216233615043804228e+00
4.944785276073739624e+03 4.241885775023850336e+00
4.945398773006254487e+03 4.269803896530279808e+00
4.946012269938770260e+03 4.300428242803846501e+00
4.946625766871286032e+03 4.334425877874518385e+00
4.947239263803800895e+03 4.372699097282509939e+00
4.947852760736316668e+03 4.416392976992220554e+00
4.948466257668832441e+03 4.466902929918458831e+00
4.949079754601347304e+03 4.525883790732046386e+00
4.949693251533863076e+03 4.595255634163127212e+00
4.950306748466378849e+03 4.677192942349551963e+00
4.950920245398894622e+03 4.774081432341258591e+00
4.951533742331409485e+03 4.888420844901358642e+00
4.952147239263925258e+03 5.022648261091227972e+00
4.952760736196441030e+03 5.178862868974965394e+00
4.953374233128955893e+03 5.358442028270959057e+00
4.953987730061471666e+03 5.561563218255352048e+00
4.954601226993987439e+03 5.786673511018213922e+00
4.955214723926502302e+03 6.029980638561449169e+00
4.955828220859018074e+03 6.285076110255690018e+00
4.956441717791533847e+03 6.542812093736880108e+00
4.957055214724048710e+03 6.791542570164682324e+00
4.957668711656564483e+03 7.017796703124101754e+00
4.958282208589080255e+03 7.207376927666474309e+00
4.958895705521595119e+03 7.346781655435764335e+00
4.959509202454110891e+03 7.424764092858306519e+00
4.960122699386626664e+03 7.433778778434088075e+00
4.960736196319141527e+03 7.371057412341089687e+00
4.961349693251657300e+03 7.239104271691813253e+00
4.961963190184173072e+03 7.045500591953648417e+00
4.962576687116687935e+03 6.802036926718487919e+00
4.963190184049203708e+03 6.523321353432276481e+00
4.963803680981719481e+03 6.225107878037727360e+00
4.964417177914234344e+03 5.922629739976468244e+00
4.965030674846750117e+03 5.629198413695168490e+00
4.965644171779265889e+03 5.355250898529092751e+00
4.966257668711780752e+03 5.107919358414747535e+00
4.966871165644296525e+03 4.891088565590420600e+00
4.967484662576812298e+03 4.705824759389441780e+00
4.968098159509327161e+03 4.551019519942751224e+00
4.968711656441842933e+03 4.424096655335092443e+00
4.969325153374358706e+03 4.321660157460817331e+00
4.969938650306873569e+03 4.240012653374916063e+00
4.970552147239389342e+03 4.175521277612208593e+00
4.971165644171905114e+03 4.124839518575703856e+00
4.971779141104419978e+03 4.085016238755836859e+00
4.972392638036935750e+03 4.053529049046089128e+00
4.973006134969451523e+03 4.028272473483021976e+00
4.973619631901966386e+03 4.007525643049897113e+00
4.974233128834482159e+03 3.989912279395517736e+00
4.974846625766997931e+03 3.974361856821087002e+00
4.975460122699513704e+03 3.960075099382828867e+00
4.976073619632028567e+03 3.946490756345472306e+00
4.976687116564544340e+03 3.933256427540992028e+00
4.977300613497060112e+03 3.920203846746816989e+00
4.977914110429574976e+03 3.907328021344080859e+00
4.978527607362090748e+03 3.894770338404383470e+00
4.979141104294606521e+03 3.882804245617929695e+00
4.979754601227121384e+03 3.871820820952639686e+00
4.980368098159637157e+03 3.862310529314771035e+00
4.980981595092152929e+03 3.854837606684575757e+00
4.981595092024667792e+03 3.850004421811371369e+00
4.982208588957183565e+03 3.848405954244158877e+00
4.982822085889699338e+03 3.850577536751404573e+00
4.983435582822214201e+03 3.856941936697682038e+00
4.984049079754729974e+03 3.867763868833727248e+00
4.984662576687245746e+03 3.883120521028266214e+00
4.985276073619760609e+03 3.902895284272639209e+00
4.985889570552276382e+03 3.926798442920829579e+00
4.986503067484792155e+03 3.954414466425438590e+00
4.987116564417307018e+03 3.985270108946845191e+00
4.987730061349822790e+03 4.018914469731877936e+00
4.988343558282338563e+03 4.055000328369089857e+00
4.988957055214853426e+03 4.093355950378473551e+00
4.989570552147369199e+03 4.134038699491647151e+00
4.990184049079884971e+03 4.177365057034919893e+00
4.990797546012399835e+03 4.223916266288709309e+00
4.991411042944915607e+03 4.274523383229473339e+00
4.992024539877431380e+03 4.330239598856364225e+00
4.992638036809946243e+03 4.392312393368078993e+00
4.993251533742462016e+03 4.462167543408201986e+00
4.993865030674977788e+03 4.541413613260734117e+00
4.994478527607492651e+03 4.631877161166225498e+00
4.995092024540008424e+03 4.735669900537921251e+00
4.995705521472524197e+03 4.855281739776674321e+00
4.996319018405039060e+03 4.993689470911004236e+00
4.996932515337554833e+03 5.154461357442251312e+00
4.997546012270070605e+03 5.341831420441699230e+00
4.998159509202585468e+03 5.560702319962675944e+00
4.998773006135101241e+03 5.816531858510894715e+00
4.999386503067617014e+03 6.115050004737812017e+00
5.000000000000132786e+03 6.461763937167507521e+00
5.000613496932647649e+03 6.861221430259614174e+00
5.001226993865163422e+03 7.316043083465629593e+00
5.001840490797679195e+03 7.825796960774702882e+00
5.002453987730194058e+03 8.385830454413870427e+00
5.003067484662709830e+03 8.986230569998340911e+00
5.003680981595225603e+03 9.611147441103433664e+00
5.004294478527740466e+03 1.023869988638389827e+01
5.004907975460256239e+03 1.084165265561428981e+01
5.005521472392772012e+03 1.138897190465274356e+01
5.006134969325286875e+03 1.184823035943362868e+01
5.006748466257802647e+03 1.218866850749639141e+01
5.007361963190318420e+03 1.238455413622321366e+01
5.007975460122833283e+03 1.241835447928587399e+01
5.008588957055349056e+03 1.228318842915891551e+01
5.009202453987864828e+03 1.198408752106228370e+01
5.009815950920379692e+03 1.153776971852798994e+01
5.010429447852895464e+03 1.097089071268953653e+01
5.011042944785411237e+03 1.031702919247446104e+01
5.011656441717926100e+03 9.612911510663256109e+00
5.012269938650441873e+03 8.894518913654460235e+00
5.012883435582957645e+03 8.193706840830270011e+00
5.013496932515472508e+03 7.535811291041769167e+00
5.014110429447988281e+03 6.938467588471392666e+00
5.014723926380504054e+03 6.411599715769655816e+00
5.015337423313018917e+03 5.958326224880529765e+00
5.015950920245534689e+03 5.576421271650247036e+00
5.016564417178050462e+03 5.259954980340331154e+00
5.017177914110565325e+03 5.000896434894042564e+00
5.017791411043081098e+03 4.790350380079638093e+00
5.018404907975596871e+03 4.619324486453689538e+00
5.019018404908111734e+03 4.479229270752257186e+00
5.019631901840627506e+03 4.361999843006060473e+00
5.020245398773143279e+03 4.260022753543641905e+00
5.020858895705658142e+03 4.166055526363856565e+00
5.021472392638173915e+03 4.073340055131411397e+00
5.022085889570689687e+03 3.976072187479207543e+00
5.022699386503204551e+03 3.870285117426169652e+00
5.023312883435720323e+03 3.754979562626299394e+00
5.023926380368236096e+03 3.633086493942431439e+00
5.024539877300750959e+03 3.511740433176342435e+00
5.025153374233266732e+03 3.401416169398599809e+00
5.025766871165782504e+03 3.313843339955813150e+00
5.026380368098298277e+03 3.259138638292498946e+00
5.026993865030813140e+03 3.243032497715336415e+00
5.027607361963328913e+03 3.265166010390294193e+00
5.028220858895844685e+03 3.319093875734983712e+00
5.028834355828359548e+03 3.393981889969361454e+00
5.029447852760875321e+03 3.477345531623478703e+00
5.030061349693391094e+03 3.557847474532098264e+00
5.030674846625905957e+03 3.627285719529230956e+00
5.031288343558421730e+03 3.681347441324016589e+00
5.031901840490937502e+03 3.719222720519372416e+00
5.032515337423452365e+03 3.742526144417997802e+00
5.033128834355968138e+03 3.754058914995884955e+00
5.033742331288483911e+03 3.756807585036718411e+00
5.034355828220998774e+03 3.753349114514973994e+00
5.034969325153514546e+03 3.745636839451094158e+00
5.035582822086030319e+03 3.735044145370253421e+00
5.036196319018545182e+03 3.722521608975403851e+00
5.036809815951060955e+03 3.708765664250512017e+00
5.037423312883576727e+03 3.694313504927628333e+00
5.038036809816091591e+03 3.679667875174579716e+00
5.038650306748607363e+03 3.665372875643336581e+00
5.039263803681123136e+03 3.651938692932871433e+00
5.039877300613637999e+03 3.639854705029961668e+00
5.040490797546153772e+03 3.629572307952574572e+00
5.041104294478669544e+03 3.621470789382066791e+00
5.041717791411184407e+03 3.615816361353465513e+00
5.042331288343700180e+03 3.612722663224067876e+00
5.042944785276215953e+03 3.612119498521932037e+00
5.043558282208730816e+03 3.613738781747852347e+00
5.044171779141246589e+03 3.617124865261477140e+00
5.044785276073762361e+03 3.621672237545771722e+00
5.045398773006277224e+03 3.626687955748424397e+00
5.046012269938792997e+03 3.631470511058620065e+00
5.046625766871308770e+03 3.635392846857676830e+00
5.047239263803823633e+03 3.637976363759848120e+00
5.047852760736339405e+03 3.638944515292728443e+00
5.048466257668855178e+03 3.638248326426483548e+00
5.049079754601370041e+03 3.636061015439412181e+00
5.049693251533885814e+03 3.632743948584443050e+00
5.050306748466401586e+03 3.628790081493312059e+00
5.050920245398917359e+03 3.624753901034427628e+00
5.051533742331432222e+03 3.621178155647737373e+00
5.052147239263947995e+03 3.618527541994041474e+00
5.052760736196463768e+03 3.617137709050948668e+00
5.053374233128978631e+03 3.617185078808462073e+00
5.053987730061494403e+03 3.618679536778327765e+00
5.054601226994010176e+03 3.621478376987228298e+00
5.055214723926525039e+03 3.625316575778952721e+00
5.055828220859040812e+03 3.629846808461130614e+00
5.056441717791556584e+03 3.634681957630617077e+00
5.057055214724071448e+03 3.639433277921667376e+00
5.057668711656587220e+03 3.643739713648172174e+00
5.058282208589102993e+03 3.647286297271793210e+00
5.058895705521617856e+03 3.649812120850728814e+00
5.059509202454133629e+03 3.651110691385406781e+00
5.060122699386649401e+03 3.651026816110867657e+00
5.060736196319164264e+03 3.649454229809760086e+00
5.061349693251680037e+03 3.646337083121483857e+00
5.061963190184195810e+03 3.641676142913306879e+00
5.062576687116710673e+03 3.635538020343869636e+00
5.063190184049226445e+03 3.628063590302669894e+00
5.063803680981742218e+03 3.619470723986908833e+00
5.064417177914257081e+03 3.610047226321547065e+00
5.065030674846772854e+03 3.600132249144685659e+00
5.065644171779288627e+03 3.590087575427630906e+00
5.066257668711803490e+03 3.580263297752868557e+00
5.066871165644319262e+03 3.570964197751894886e+00
5.067484662576835035e+03 3.562422965849330936e+00
5.068098159509349898e+03 3.554784580053339305e+00
5.068711656441865671e+03 3.548103247191186416e+00
5.069325153374381443e+03 3.542350455761086536e+00
5.069938650306896307e+03 3.537430625019391872e+00
5.070552147239412079e+03 3.533200203840167308e+00
5.071165644171927852e+03 3.529486544673417381e+00
5.071779141104442715e+03 3.526104160757600692e+00
5.072392638036958488e+03 3.522867173402107532e+00
5.073006134969474260e+03 3.519597826232188531e+00
5.073619631901989123e+03 3.516131739248775201e+00
5.074233128834504896e+03 3.512321102130881112e+00
5.074846625767020669e+03 3.508037625240103541e+00
5.075460122699536441e+03 3.503177181509587790e+00
5.076073619632051305e+03 3.497667469148546537e+00
5.076687116564567077e+03 3.491478898061472158e+00
5.077300613497082850e+03 3.484637574742045718e+00
5.077914110429597713e+03 3.477237424935303522e+00
5.078527607362113486e+03 3.469447531171304000e+00
5.079141104294629258e+03 3.461511444056351916e+00
5.079754601227144121e+03 3.453736549935465305e+00
5.080368098159659894e+03 3.446473520334297103e+00
5.080981595092175667e+03 3.440087759702444181e+00
5.081595092024690530e+03 3.434926346570397193e+00
5.082208588957206302e+03 3.431284631603674917e+00
5.082822085889722075e+03 3.429376615647971249e+00
5.083435582822236938e+03 3.429312698341884236e+00
5.084049079754752711e+03 3.431087625363506532e+00
5.084662576687268484e+03 3.434580487667048043e+00
5.085276073619783347e+03 3.439567221079516290e+00
5.085889570552299119e+03 3.445744481689886562e+00
5.086503067484814892e+03 3.452761697234987714e+00
5.087116564417329755e+03 3.460256237278895419e+00
5.087730061349845528e+03 3.467885682783790280e+00
5.088343558282361300e+03 3.475351209813106301e+00
5.088957055214876164e+03 3.482408044567301797e+00
5.089570552147391936e+03 3.488862331728212585e+00
5.090184049079907709e+03 3.494557666646367800e+00
5.090797546012422572e+03 3.499357547510006938e+00
5.091411042944938345e+03 3.503131005168340195e+00
5.092024539877454117e+03 3.505747204334019429e+00
5.092638036809968980e+03 3.507081469008420438e+00
5.093251533742484753e+03 3.507030981512864187e+00
5.093865030675000526e+03 3.505535272429743721e+00
5.094478527607515389e+03 3.502595671982358994e+00
5.095092024540031161e+03 3.498288874371862978e+00
5.095705521472546934e+03 3.492772362553715038e+00
5.096319018405061797e+03 3.486281642722314889e+00
5.096932515337577570e+03 3.479120362768469921e+00
5.097546012270093343e+03 3.471644238985902575e+00
5.098159509202608206e+03 3.464238947145300784e+00
5.098773006135123978e+03 3.457291812710269863e+00
5.099386503067639751e+03 3.451158007788658111e+00
5.100000000000154614e+03 3.446124177052945381e+00
5.100613496932670387e+03 3.442374932618083250e+00
5.101226993865186159e+03 3.439969231600314981e+00
5.101840490797701932e+03 3.438833011758380742e+00
5.102453987730216795e+03 3.438771596816240006e+00
5.103067484662732568e+03 3.439500978204298676e+00
5.103680981595248340e+03 3.440692652280409103e+00
5.104294478527763204e+03 3.442023711493534588e+00
5.104907975460278976e+03 3.443222992479514133e+00
5.105521472392794749e+03 3.444105760164546837e+00
5.106134969325309612e+03 3.444592363029939985e+00
5.106748466257825385e+03 3.444709945388431560e+00
5.107361963190341157e+03 3.444579404844189341e+00
5.107975460122856020e+03 3.444391649921481946e+00
5.108588957055371793e+03 3.444377955116050494e+00
5.109202453987887566e+03 3.444778666519561661e+00
5.109815950920402429e+03 3.445813448997838258e+00
5.110429447852918202e+03 3.447655463095056216e+00
5.111042944785433974e+03 3.450411365792850127e+00
5.111656441717948837e+03 3.454108856148390583e+00
5.112269938650464610e+03 3.458692930523088016e+00
5.112883435582980383e+03 3.464031074959729839e+00
5.113496932515495246e+03 3.469926226048409390e+00
5.114110429448011018e+03 3.476134744279788968e+00
5.114723926380526791e+03 3.482385662829370787e+00
5.115337423313041654e+03 3.488397815430263726e+00
5.115950920245557427e+03 3.493892793830282617e+00
5.116564417178073199e+03 3.498603891931627352e+00
5.117177914110588063e+03 3.502282897232391168e+00
5.117791411043103835e+03 3.504707296104686343e+00
5.118404907975619608e+03 3.505689958046358523e+00
5.119018404908134471e+03 3.505091746538878894e+00
5.119631901840650244e+03 3.502835810744816314e+00
5.120245398773166016e+03 3.498921082368275037e+00
5.120858895705680879e+03 3.493432112229920783e+00
5.121472392638196652e+03 3.486542831252706698e+00
5.122085889570712425e+03 3.478512858876250391e+00
5.122699386503227288e+03 3.469676045555436517e+00
5.123312883435743061e+03 3.460421857001138246e+00
5.123926380368258833e+03 3.451171171880078603e+00
5.124539877300773696e+03 3.442348681556458345e+00
5.125153374233289469e+03 3.434354530051065169e+00
5.125766871165805242e+03 3.427538048078062616e+00
5.126380368098321014e+03 3.422176413011192242e+00
5.126993865030835877e+03 3.418460420079708406e+00
5.127607361963351650e+03 3.416488490118506416e+00
5.128220858895867423e+03 3.416268754349858661e+00
5.128834355828382286e+03 3.417727693821766888e+00
5.129447852760898058e+03 3.420722978484653787e+00
5.130061349693413831e+03 3.425058036942639994e+00
5.130674846625928694e+03 3.430496267981293812e+00
5.131288343558444467e+03 3.436773745597290208e+00
5.131901840490960240e+03 3.443610274382140624e+00
5.132515337423475103e+03 3.450719412737637271e+00
5.133128834355990875e+03 3.457818503025172685e+00
5.133742331288506648e+03 3.464639869433463026e+00
5.134355828221021511e+03 3.470943707546994439e+00
5.134969325153537284e+03 3.476532264607734124e+00
5.135582822086053056e+03 3.481263991452643758e+00
5.136196319018567920e+03 3.485065530513939080e+00
5.136809815951083692e+03 3.487938939485976775e+00
5.137423312883599465e+03 3.489961808977629865e+00
5.138036809816114328e+03 3.491279047279875147e+00
5.138650306748630101e+03 3.492086606915440150e+00
5.139263803681145873e+03 3.492608966334314946e+00
5.139877300613660736e+03 3.493073231222919794e+00
5.140490797546176509e+03 3.493683326471382244e+00
5.141104294478692282e+03 3.494597707156563260e+00
5.141717791411207145e+03 3.495913448366775977e+00
5.142331288343722917e+03 3.497658810619027392e+00
5.142944785276238690e+03 3.499795457865028769e+00
5.143558282208753553e+03 3.502230099422390275e+00
5.144171779141269326e+03 3.504833652000125532e+00
5.144785276073785099e+03 3.507464672778760395e+00
5.145398773006299962e+03 3.509993241126501573e+00
5.146012269938815734e+03 3.512321598216328056e+00
5.146625766871331507e+03 3.514398894471123747e+00
5.147239263803846370e+03 3.516228949126868564e+00
5.147852760736362143e+03 3.517871562692004961e+00
5.148466257668877915e+03 3.519438881472630953e+00
5.149079754601392779e+03 3.521088407340761339e+00
5.149693251533908551e+03 3.523013769538134721e+00
5.150306748466424324e+03 3.525433722534441650e+00
5.150920245398940096e+03 3.528579234739617210e+00
5.151533742331454960e+03 3.532678194758902102e+00
5.152147239263970732e+03 3.537937454617427591e+00
5.152760736196486505e+03 3.544522298242032576e+00
5.153374233129001368e+03 3.552534094780017249e+00
5.153987730061517141e+03 3.561987772525669893e+00
5.154601226994032913e+03 3.572791689631152678e+00
5.155214723926547777e+03 3.584733010163970057e+00
5.155828220859063549e+03 3.597472075978628947e+00
5.156441717791579322e+03 3.610548128033732151e+00
5.157055214724094185e+03 3.623397819712612211e+00
5.157668711656609958e+03 3.635385655311816233e+00
5.158282208589125730e+03 3.645843350606452482e+00
5.158895705521640593e+03 3.654113934561043386e+00
5.159509202454156366e+03 3.659595945496205260e+00
5.160122699386672139e+03 3.661783695500244296e+00
5.160736196319187002e+03 3.660300866025421485e+00
5.161349693251702774e+03 3.654925949577567668e+00
5.161963190184218547e+03 3.645608942676599629e+00
5.162576687116733410e+03 3.632478887195750072e+00
5.163190184049249183e+03 3.615841503166217219e+00
5.163803680981764956e+03 3.596166244960234959e+00
5.164417177914279819e+03 3.574062875660456662e+00
5.165030674846795591e+03 3.550248788198575589e+00
5.165644171779311364e+03 3.525509740430094574e+00
5.166257668711826227e+03 3.500657648934931920e+00
5.166871165644342000e+03 3.476489331863482413e+00
5.167484662576857772e+03 3.453749431573457596e+00
5.168098159509372636e+03 3.433099734718162210e+00
5.168711656441888408e+03 3.415096642266334914e+00
5.169325153374404181e+03 3.400177783374298102e+00
5.169938650306919044e+03 3.388657807279331635e+00
5.170552147239434817e+03 3.380731804813298158e+00
5.171165644171950589e+03 3.376483039483954229e+00
5.171779141104465452e+03 3.375890181179379113e+00
5.172392638036981225e+03 3.378829361593464142e+00
5.173006134969496998e+03 3.385068577163574233e+00
5.173619631902011861e+03 3.394255742420727362e+00
5.174233128834527633e+03 3.405905522007985020e+00
5.174846625767043406e+03 3.419392736592443249e+00
5.175460122699559179e+03 3.433959931179269454e+00
5.176073619632074042e+03 3.448743678421213321e+00
5.176687116564589815e+03 3.462820425918142764e+00
5.177300613497105587e+03 3.475268080977780727e+00
5.177914110429620450e+03 3.485237179077438796e+00
5.178527607362136223e+03 3.492024132553335214e+00
5.179141104294651996e+03 3.495139130846031783e+00
5.179754601227166859e+03 3.494361931653484632e+00
5.180368098159682631e+03 3.489779225829060749e+00
5.180981595092198404e+03 3.481797625653532791e+00
5.181595092024713267e+03 3.471127342778916436e+00
5.182208588957229040e+03 3.458733547793804153e+00
5.182822085889744812e+03 3.445756114793399494e+00
5.183435582822259676e+03 3.433403481530410861e+00
5.184049079754775448e+03 3.422831549708018173e+00
5.184662576687291221e+03 3.415022755843481583e+00
5.185276073619806084e+03 3.410682534196322280e+00
5.185889570552321857e+03 3.410169250703866339e+00
5.186503067484837629e+03 3.413469158970001693e+00
5.187116564417352492e+03 3.420220840560147302e+00
5.187730061349868265e+03 3.429785301533915032e+00
5.188343558282384038e+03 3.441350271767668723e+00
5.188957055214898901e+03 3.454051856717893720e+00
5.189570552147414674e+03 3.467094778357727503e+00
5.190184049079930446e+03 3.479853590897083571e+00
5.190797546012445309e+03 3.491941437692965167e+00
5.191411042944961082e+03 3.503238578659876090e+00
5.192024539877476855e+03 3.513879086352908576e+00
5.192638036809991718e+03 3.524200076070749699e+00
5.193251533742507490e+03 3.534662634426746664e+00
5.193865030675023263e+03 3.545757003819701936e+00
5.194478527607538126e+03 3.557906008380675722e+00
5.195092024540053899e+03 3.571379870057246997e+00
5.195705521472569671e+03 3.586232870033009057e+00
5.196319018405084535e+03 3.602268373915237465e+00
5.196932515337600307e+03 3.619034468221229872e+00
5.197546012270116080e+03 3.635848808967045098e+00
5.198159509202630943e+03 3.651849054669391137e+00
5.198773006135146716e+03 3.666064043724007959e+00
5.199386503067662488e+03 3.677500047173148268e+00
5.200000000000177351e+03 3.685235337938816969e+00
5.200613496932693124e+03 3.688514650927294358e+00
5.201226993865208897e+03 3.686833342931945534e+00
5.201840490797724669e+03 3.680000385444439637e+00
5.202453987730239533e+03 3.668170704170329977e+00
5.203067484662755305e+03 3.651841116161881562e+00
5.203680981595271078e+03 3.631809734977695214e+00
5.204294478527785941e+03 3.609104784642685360e+00
5.204907975460301714e+03 3.584893806501325386e+00
5.205521472392817486e+03 3.560386421429617254e+00
5.206134969325332349e+03 3.536742707299630251e+00
5.206748466257848122e+03 3.514996138785817958e+00
5.207361963190363895e+03 3.495995514678724270e+00
5.207975460122878758e+03 3.480366678685158366e+00
5.208588957055394530e+03 3.468492913801151101e+00
5.209202453987910303e+03 3.460512354540754121e+00
5.209815950920425166e+03 3.456331160521419754e+00
5.210429447852940939e+03 3.455651405287047950e+00
5.211042944785456712e+03 3.458011978387532714e+00
5.211656441717971575e+03 3.462839536572262400e+00
5.212269938650487347e+03 3.469505206669420527e+00
5.212883435583003120e+03 3.477381614520038688e+00
5.213496932515517983e+03 3.485894588693743135e+00
5.214110429448033756e+03 3.494564026814218405e+00
5.214723926380549528e+03 3.503029213849713219e+00
5.215337423313064392e+03 3.511055221803561555e+00
5.215950920245580164e+03 3.518519490428046126e+00
5.216564417178095937e+03 3.525380971878638192e+00
5.217177914110610800e+03 3.531637891287631614e+00
5.217791411043126573e+03 3.537283118295700302e+00
5.218404907975642345e+03 3.542267011033563229e+00
5.219018404908157208e+03 3.546475893323695949e+00
5.219631901840672981e+03 3.549730662555612870e+00
5.220245398773188754e+03 3.551805383245747016e+00
5.220858895705703617e+03 3.552461784154254953e+00
5.221472392638219389e+03 3.551492958898181396e+00
5.222085889570735162e+03 3.548768552775525276e+00
5.222699386503250025e+03 3.544274125833482891e+00
5.223312883435765798e+03 3.538138563525217606e+00
5.223926380368281571e+03 3.530645008628340520e+00
5.224539877300796434e+03 3.522222684712152052e+00
5.225153374233312206e+03 3.513419064868238628e+00
5.225766871165827979e+03 3.504854190470695130e+00
5.226380368098343752e+03 3.497162000028882556e+00
5.226993865030858615e+03 3.490926131157706447e+00
5.227607361963374387e+03 3.486619153076424560e+00
5.228220858895890160e+03 3.484554488404221662e+00
5.228834355828405023e+03 3.484858391146181678e+00
5.229447852760920796e+03 3.487466061370131154e+00
5.230061349693436568e+03 3.492142205864830373e+00
5.230674846625951432e+03 3.498522401263044479e+00
5.231288343558467204e+03 3.506168348444544058e+00
5.231901840490982977e+03 3.514628320189341792e+00
5.232515337423497840e+03 3.523493265891559201e+00
5.233128834356013613e+03 3.532439601517832095e+00
5.233742331288529385e+03 3.541251790086366924e+00
5.234355828221044248e+03 3.549821518029838252e+00
5.234969325153560021e+03 3.558125180767315765e+00
5.235582822086075794e+03 3.566186245952867484e+00
5.236196319018590657e+03 3.574032547079174726e+00
5.236809815951106430e+03 3.581659550263601499e+00
5.237423312883622202e+03 3.589008330988284978e+00
5.238036809816137065e+03 3.595962310807284013e+00
5.238650306748652838e+03 3.602361633930803109e+00
5.239263803681168611e+03 3.608029321234936138e+00
5.239877300613683474e+03 3.612800581787868559e+00
5.240490797546199246e+03 3.616547023711971676e+00
5.241104294478715019e+03 3.619189818778077772e+00
5.241717791411229882e+03 3.620700161269727602e+00
5.242331288343745655e+03 3.621089728166947186e+00
5.242944785276261427e+03 3.620396675836039524e+00
5.243558282208776291e+03 3.618673533837844403e+00
5.244171779141292063e+03 3.615981713596701841e+00
5.244785276073807836e+03 3.612393819884195167e+00
5.245398773006322699e+03 3.608001503607331628e+00
5.246012269938838472e+03 3.602924822719964393e+00
5.246625766871354244e+03 3.597318512771137122e+00
5.247239263803869108e+03 3.591372250401308364e+00
5.247852760736384880e+03 3.585304839811776390e+00
5.248466257668900653e+03 3.579353870745242805e+00
5.249079754601415516e+03 3.573763357669364815e+00
5.249693251533931289e+03 3.568771665518876368e+00
5.250306748466447061e+03 3.564600605100127773e+00
5.250920245398962834e+03 3.561445524662223860e+00
5.251533742331477697e+03 3.559465839537090392e+00
5.252147239263993470e+03 3.558775150169706247e+00
5.252760736196509242e+03 3.559430683823979091e+00
5.253374233129024105e+03 3.561422367592522509e+00
5.253987730061539878e+03 3.564662757474514443e+00
5.254601226994055651e+03 3.568979687591589567e+00
5.255214723926570514e+03 3.574114080172033692e+00
5.255828220859086287e+03 3.579725157832985616e+00
5.256441717791602059e+03 3.585403418683482890e+00
5.257055214724116922e+03 3.590691093507301090e+00
5.257668711656632695e+03 3.595108688135518982e+00
5.258282208589148468e+03 3.598185285671666733e+00
5.258895705521663331e+03 3.599490323562809735e+00
5.259509202454179103e+03 3.598665174379250598e+00
5.260122699386694876e+03 3.595452858471191337e+00
5.260736196319209739e+03 3.589723994479366631e+00
5.261349693251725512e+03 3.581496702807005050e+00
5.261963190184241284e+03 3.570947936785532573e+00
5.262576687116756148e+03 3.558413480556962050e+00
5.263190184049271920e+03 3.544374431191715580e+00
5.263803680981787693e+03 3.529429253602649474e+00
5.264417177914302556e+03 3.514252740836349531e+00
5.265030674846818329e+03 3.499545947616479857e+00
5.265644171779334101e+03 3.485983480891914787e+00
5.266257668711848964e+03 3.474165656963492665e+00
5.266871165644364737e+03 3.464582578125390722e+00
5.267484662576880510e+03 3.457594417161927502e+00
5.268098159509395373e+03 3.453428108484161818e+00
5.268711656441911146e+03 3.452186958731019661e+00
5.269325153374426918e+03 3.453867396481243635e+00
5.269938650306941781e+03 3.458376828466425579e+00
5.270552147239457554e+03 3.465548320534092674e+00
5.271165644171973327e+03 3.475150611794767475e+00
5.271779141104488190e+03 3.486894221565646212e+00
5.272392638037003962e+03 3.500435989510727541e+00
5.273006134969519735e+03 3.515384602281356408e+00
5.273619631902034598e+03 3.531309198726827248e+00
5.274233128834550371e+03 3.547751775361565052e+00
5.274846625767066143e+03 3.564243054497364227e+00
5.275460122699581007e+03 3.580320477334687723e+00
5.276073619632096779e+03 3.595546896087252975e+00
5.276687116564612552e+03 3.609529314937975464e+00
5.277300613497128325e+03 3.621936508771507413e+00
5.277914110429643188e+03 3.632515422742113476e+00
5.278527607362158960e+03 3.641106371300083300e+00
5.279141104294674733e+03 3.647656194536829322e+00
5.279754601227189596e+03 3.652227820015911952e+00
5.280368098159705369e+03 3.655004033134833019e+00
5.280981595092221141e+03 3.656282493616205276e+00
5.281595092024736005e+03 3.656459516618915551e+00
5.282208588957251777e+03 3.656001588203800168e+00
5.282822085889767550e+03 3.655406104205044748e+00
5.283435582822282413e+03 3.655155136933595283e+00
5.284049079754798186e+03 3.655667934120614859e+00
5.284662576687313958e+03 3.657258505527812176e+00
5.285276073619828821e+03 3.660104052837316324e+00
5.285889570552344594e+03 3.664228364178410580e+00
5.286503067484860367e+03 3.669501978681148024e+00
5.287116564417375230e+03 3.675658617002202533e+00
5.287730061349891002e+03 3.682325403777062967e+00
5.288343558282406775e+03 3.689062811092897576e+00
5.288957055214921638e+03 3.695409030024154440e+00
5.289570552147437411e+03 3.700922669207963978e+00
5.290184049079953184e+03 3.705218286693380048e+00
5.290797546012468047e+03 3.707991225082183817e+00
5.291411042944983819e+03 3.709030908654272096e+00
5.292024539877499592e+03 3.708224897507240048e+00
5.292638036810014455e+03 3.705557718338782891e+00
5.293251533742530228e+03 3.701108335421805950e+00
5.293865030675046000e+03 3.695048522830193249e+00
5.294478527607560864e+03 3.687641501609521644e+00
5.295092024540076636e+03 3.679237799672711251e+00
5.295705521472592409e+03 3.670264954819885350e+00
5.296319018405107272e+03 3.661208457548168482e+00
5.296932515337623045e+03 3.652583789672760872e+00
5.297546012270138817e+03 3.644902124332355164e+00
5.298159509202653680e+03 3.638634033427999626e+00
5.298773006135169453e+03 3.634176208322953627e+00
5.299386503067685226e+03 3.631825513426522267e+00
5.300000000000200089e+03 3.631763142927145971e+00
5.300613496932715861e+03 3.634049671658652336e+00
5.301226993865231634e+03 3.638630523182063925e+00
5.301840490797747407e+03 3.645349801976716098e+00
5.302453987730262270e+03 3.653969315685356989e+00
5.303067484662778043e+03 3.664189443190100093e+00
5.303680981595293815e+03 3.675668949942207053e+00
5.304294478527808678e+03 3.688041684266112785e+00
5.304907975460324451e+03 3.700929565158777468e+00
5.305521472392840224e+03 3.713952522385784327e+00
5.306134969325355087e+03 3.726736888817301363e+00
5.306748466257870859e+03 3.738923900763851282e+00
5.307361963190386632e+03 3.750179522164738710e+00
5.307975460122901495e+03 3.760205912643757920e+00
5.308588957055417268e+03 3.768753771814956188e+00
5.309202453987933040e+03 3.775633856666147814e+00
5.309815950920447904e+03 3.780725685690787596e+00
5.310429447852963676e+03 3.783981613713264025e+00
5.311042944785479449e+03 3.785425286381084220e+00
5.311656441717994312e+03 3.785144711904659065e+00
5.312269938650510085e+03 3.783281249779061994e+00
5.312883435583025857e+03 3.780016453882551808e+00
5.313496932515540720e+03 3.775558724581772552e+00
5.314110429448056493e+03 3.770130651147720169e+00
5.314723926380572266e+03 3.763957307306529554e+00
5.315337423313087129e+03 3.757254883513361232e+00
5.315950920245602902e+03 3.750218594308920128e+00
5.316564417178118674e+03 3.743009572862926682e+00
5.317177914110633537e+03 3.735741498614602030e+00
5.317791411043149310e+03 3.728468864409824945e+00
5.318404907975665083e+03 3.721179533438224496e+00
5.319018404908179946e+03 3.713794148138750639e+00
5.319631901840695718e+03 3.706173947465108753e+00
5.320245398773211491e+03 3.698137388305868356e+00
5.320858895705726354e+03 3.689484353609572054e+00
5.321472392638242127e+03 3.680025007044601892e+00
5.322085889570757899e+03 3.669610300952304449e+00
5.322699386503272763e+03 3.658160315334240575e+00
5.323312883435788535e+03 3.645687001926303239e+00
5.323926380368304308e+03 3.632308967213078610e+00
5.324539877300819171e+03 3.618256733887175169e+00
5.325153374233334944e+03 3.603867941005187703e+00
5.325766871165850716e+03 3.589572895766571570e+00
5.326380368098366489e+03 3.575871278421518085e+00
5.326993865030881352e+03 3.563301088685386198e+00
5.327607361963397125e+03 3.552401138166418004e+00
5.328220858895912897e+03 3.543668871496006734e+00
5.328834355828427761e+03 3.537516080212917302e+00
5.329447852760943533e+03 3.534226310075212929e+00
5.330061349693459306e+03 3.533918840683136331e+00
5.330674846625974169e+03 3.536524287679717826e+00
5.331288343558489942e+03 3.541776219018839100e+00
5.331901840491005714e+03 3.549221535314972087e+00
5.332515337423520577e+03 3.558250090529405441e+00
5.333128834356036350e+03 3.568141685111826611e+00
5.333742331288552123e+03 3.578126024782223968e+00
5.334355828221066986e+03 3.587449346402871164e+00
5.334969325153582759e+03 3.595440172437797344e+00
5.335582822086098531e+03 3.601566432134628570e+00
5.336196319018613394e+03 3.605477122628191644e+00
5.336809815951129167e+03 3.607023784432499269e+00
5.337423312883644940e+03 3.606259809537156968e+00
5.338036809816159803e+03 3.603418811665345611e+00
5.338650306748675575e+03 3.598875966419012862e+00
5.339263803681191348e+03 3.593098405039820697e+00
5.339877300613706211e+03 3.586591679347256534e+00
5.340490797546221984e+03 3.579848807775719788e+00
5.341104294478737756e+03 3.573307270228186283e+00
5.341717791411252620e+03 3.567317413869917964e+00
5.342331288343768392e+03 3.562123620831876281e+00
5.342944785276284165e+03 3.557858967013892926e+00
5.343558282208799028e+03 3.554552805987625241e+00
5.344171779141314801e+03 3.552150091021194722e+00
5.344785276073830573e+03 3.550540336520257689e+00
5.345398773006345436e+03 3.549592221766935118e+00
5.346012269938861209e+03 3.549188308819590354e+00
5.346625766871376982e+03 3.549253588347638377e+00
5.347239263803891845e+03 3.549772208203559654e+00
5.347852760736407618e+03 3.550789131693317557e+00
5.348466257668923390e+03 3.552397041204001127e+00
5.349079754601438253e+03 3.554712385073379277e+00
5.349693251533954026e+03 3.557846688426939075e+00
5.350306748466469799e+03 3.561879554040901841e+00
5.350920245398985571e+03 3.566838412700496619e+00
5.351533742331500434e+03 3.572687501586090164e+00
5.352147239264016207e+03 3.579326064522561968e+00
5.352760736196531980e+03 3.586593830370608416e+00
5.353374233129046843e+03 3.594281059847816095e+00
5.353987730061562615e+03 3.602140978780159930e+00
5.354601226994078388e+03 3.609903175858543811e+00
5.355214723926593251e+03 3.617287538492370391e+00
5.355828220859109024e+03 3.624018982847644565e+00
5.356441717791624797e+03 3.629842962031760045e+00
5.357055214724139660e+03 3.634540818362307135e+00
5.357668711656655432e+03 3.637943061113494636e+00
5.358282208589171205e+03 3.639937887489157475e+00
5.358895705521686068e+03 3.640472824395684981e+00
5.359509202454201841e+03 3.639548962530646303e+00
5.360122699386717613e+03 3.637209443625192939e+00
5.360736196319232477e+03 3.633525848072405751e+00
5.361349693251748249e+03 3.628586795852756008e+00
5.361963190184264022e+03 3.622491892762004895e+00
5.362576687116778885e+03 3.615351554489321106e+00
5.363190184049294658e+03 3.607290442644266459e+00
5.363803680981810430e+03 3.598450517188267916e+00
5.364417177914325293e+03 3.588990189170623513e+00
5.365030674846841066e+03 3.579078674023782547e+00
5.365644171779356839e+03 3.568887843896884515e+00
5.366257668711871702e+03 3.558585830336385314e+00
5.366871165644387474e+03 3.548336444960749958e+00
5.367484662576903247e+03 3.538305943827954714e+00
5.368098159509418110e+03 3.528675106484780777e+00
5.368711656441933883e+03 3.519651747955157006e+00
5.369325153374449656e+03 3.511477912239042709e+00
5.369938650306964519e+03 3.504426676460158152e+00
5.370552147239480291e+03 3.498786325662656793e+00
5.371165644171996064e+03 3.494832721465223280e+00
5.371779141104510927e+03 3.492793312941823825e+00
5.372392638037026700e+03 3.492808322965436751e+00
5.373006134969542472e+03 3.494895863432781358e+00
5.373619631902057336e+03 3.498927994158333998e+00
5.374233128834573108e+03 3.504623864403532352e+00
5.374846625767088881e+03 3.511563957205080300e+00
5.375460122699603744e+03 3.519225690298181775e+00
5.376073619632119517e+03 3.527036210537966898e+00
5.376687116564635289e+03 3.534434197863901339e+00
5.377300613497151062e+03 3.540930155848622363e+00
5.377914110429665925e+03 3.546154705175746713e+00
5.378527607362181698e+03 3.549887177483847189e+00
5.379141104294697470e+03 3.552061398596266795e+00
5.379754601227212333e+03 3.552750451255607622e+00
5.380368098159728106e+03 3.552136084263325166e+00
5.380981595092243879e+03 3.550470119000049607e+00
5.381595092024758742e+03 3.548034675052395670e+00
5.382208588957274515e+03 3.545106064118463074e+00
5.382822085889790287e+03 3.541925132462266479e+00
5.383435582822305150e+03 3.538675383422555498e+00
5.384049079754820923e+03 3.535469780629433068e+00
5.384662576687336696e+03 3.532346943378415371e+00
5.385276073619851559e+03 3.529276943626545204e+00
5.385889570552367331e+03 3.526175621439058272e+00
5.386503067484883104e+03 3.522924672130077983e+00
5.387116564417397967e+03 3.519393781324199111e+00
5.387730061349913740e+03 3.515461173791528893e+00
5.388343558282429512e+03 3.511030145358140953e+00
5.388957055214944376e+03 3.506040902406887483e+00
5.389570552147460148e+03 3.500478277949192751e+00
5.390184049079975921e+03 3.494376127280654387e+00
5.390797546012490784e+03 3.487818033964746878e+00
5.391411042945006557e+03 3.480933233672169447e+00
5.392024539877522329e+03 3.473886879753925072e+00
5.392638036810037192e+03 3.466864965150934452e+00
5.393251533742552965e+03 3.460056097127774954e+00
5.393865030675068738e+03 3.453633766435092234e+00
5.394478527607583601e+03 3.447742751058982869e+00
5.395092024540099374e+03 3.442491769748404984e+00
5.395705521472615146e+03 3.437951984341010903e+00
5.396319018405130009e+03 3.434158854063673161e+00
5.396932515337645782e+03 3.431114171250617240e+00
5.397546012270161555e+03 3.428785753474219877e+00
5.398159509202676418e+03 3.427104600163677794e+00
5.398773006135192190e+03 3.425961516041278188e+00
5.399386503067707963e+03 3.425206506423868813e+00
5.400000000000222826e+03 3.424654415659147411e+00
5.400613496932738599e+03 3.424099019071079830e+00
5.401226993865254371e+03 3.423335592199142852e+00
5.401840490797770144e+03 3.422189749899791522e+00
5.402453987730285007e+03 3.420548360557599032e+00
5.403067484662800780e+03 3.418386960859526980e+00
5.403680981595316553e+03 3.415788005053175702e+00
5.404294478527831416e+03 3.412945082827301579e+00
5.404907975460347188e+03 3.410150362081537878e+00
5.405521472392862961e+03 3.407765604539079618e+00
5.406134969325377824e+03 3.406180380510976491e+00
5.406748466257893597e+03 3.405764056717227817e+00
5.407361963190409369e+03 3.406819626148817282e+00
5.407975460122924233e+03 3.409546977340280005e+00
5.408588957055440005e+03 3.414021123185383644e+00
5.409202453987955778e+03 3.420187687405639387e+00
5.409815950920470641e+03 3.427874492294083364e+00
5.410429447852986414e+03 3.436815827023012027e+00
5.411042944785502186e+03 3.446684584602798029e+00
5.411656441718017049e+03 3.457126922372828037e+00
5.412269938650532822e+03 3.467794408822361785e+00
5.412883435583048595e+03 3.478369702851743739e+00
5.413496932515563458e+03 3.488583351701863400e+00
5.414110429448079230e+03 3.498221063729051838e+00
5.414723926380595003e+03 3.507122742496326051e+00
5.415337423313109866e+03 3.515175943144550175e+00
5.415950920245625639e+03 3.522306979168653651e+00
5.416564417178141412e+03 3.528472226079009122e+00
5.417177914110656275e+03 3.533651050844000885e+00
5.417791411043172047e+03 3.537840856536536904e+00
5.418404907975687820e+03 3.541053927189215855e+00
5.419018404908202683e+03 3.543315857652624246e+00
5.419631901840718456e+03 3.544665397649446437e+00
5.420245398773234228e+03 3.545155190459390759e+00
5.420858895705749092e+03 3.544852253215033944e+00
5.421472392638264864e+03 3.543836778703357560e+00
5.422085889570780637e+03 3.542197988703618350e+00
5.422699386503295500e+03 3.540027019379484940e+00
5.423312883435811273e+03 3.537408302181483055e+00
5.423926380368327045e+03 3.534411658455688166e+00
5.424539877300841908e+03 3.531087231715289931e+00
5.425153374233357681e+03 3.527464158810095896e+00
5.425766871165873454e+03 3.523552468941369309e+00
5.426380368098389226e+03 3.519347016639388315e+00
5.426993865030904090e+03 3.514832589917952888e+00
5.427607361963419862e+03 3.509990314665858868e+00
5.428220858895935635e+03 3.504806279092012034e+00
5.428834355828450498e+03 3.499282870334262441e+00
5.429447852760966271e+03 3.493451980871653095e+00
5.430061349693482043e+03 3.487387650970318553e+00
5.430674846625996906e+03 3.481214734508367048e+00
5.431288343558512679e+03 3.475110779572483821e+00
5.431901840491028452e+03 3.469299989035514731e+00
5.432515337423543315e+03 3.464040007224325368e+00
5.433128834356059087e+03 3.459603539989446475e+00
5.433742331288574860e+03 3.456257177181101259e+00
5.434355828221089723e+03 3.454239082217429146e+00
5.434969325153605496e+03 3.453736671503243816e+00
5.435582822086121269e+03 3.454865353703660436e+00
5.436196319018636132e+03 3.457649902879985859e+00
5.436809815951151904e+03 3.462010771380769736e+00
5.437423312883667677e+03 3.467757946025476379e+00
5.438036809816182540e+03 3.474594444596173837e+00
5.438650306748698313e+03 3.482130279701141085e+00
5.439263803681214085e+03 3.489906081499333013e+00
5.439877300613728949e+03 3.497424062929384014e+00
5.440490797546244721e+03 3.504183457515217093e+00
5.441104294478760494e+03 3.509717472573823827e+00
5.441717791411275357e+03 3.513628784500209878e+00
5.442331288343791130e+03 3.515620955404987313e+00
5.442944785276306902e+03 3.515523221658948039e+00
5.443558282208821765e+03 3.513306249623673772e+00
5.444171779141337538e+03 3.509086788917527677e+00
5.444785276073853311e+03 3.503119766386855183e+00
5.445398773006368174e+03 3.495777478853190789e+00
5.446012269938883946e+03 3.487516867640917617e+00
5.446625766871399719e+03 3.478837411485917741e+00
5.447239263803914582e+03 3.470233581470667961e+00
5.447852760736430355e+03 3.462147099504641279e+00
5.448466257668946128e+03 3.454924989814373681e+00
5.449079754601460991e+03 3.448789263760160040e+00
5.449693251533976763e+03 3.443822875296587149e+00
5.450306748466492536e+03 3.439974368798174531e+00
5.450920245399007399e+03 3.437080805691350882e+00
5.451533742331523172e+03 3.434905481795149207e+00
5.452147239264038944e+03 3.433184337018432508e+00
5.452760736196554717e+03 3.431673483564318339e+00
5.453374233129069580e+03 3.430190015419315230e+00
5.453987730061585353e+03 3.428639296235285183e+00
5.454601226994101125e+03 3.427024312767481540e+00
5.455214723926615989e+03 3.425435832426134031e+00
5.455828220859131761e+03 3.424025738788508022e+00
5.456441717791647534e+03 3.422969264720835181e+00
5.457055214724162397e+03 3.422424174564156374e+00
5.457668711656678170e+03 3.422495340773482386e+00
5.458282208589193942e+03 3.423211815458972129e+00
5.458895705521708805e+03 3.424520552580591737e+00
5.459509202454224578e+03 3.426296966080795148e+00
5.460122699386740351e+03 3.428368931990893209e+00
5.460736196319255214e+03 3.430548120871419915e+00
5.461349693251770987e+03 3.432661521182068576e+00
5.461963190184286759e+03 3.434576822084742798e+00
5.462576687116801622e+03 3.436217331712176914e+00
5.463190184049317395e+03 3.437564593796047507e+00
5.463803680981833168e+03 3.438649516274331130e+00
5.464417177914348031e+03 3.439534963050601579e+00
5.465030674846863803e+03 3.440293962994402488e+00
5.465644171779379576e+03 3.440987985417717887e+00
5.466257668711894439e+03 3.441649205592945737e+00
5.466871165644410212e+03 3.442269345018027504e+00
5.467484662576925984e+03 3.442796021458558009e+00
5.468098159509440848e+03 3.443136182229589171e+00
5.468711656441956620e+03 3.443165310228142317e+00
5.469325153374472393e+03 3.442740824854189974e+00
5.469938650306987256e+03 3.441718159408591493e+00
5.470552147239503029e+03 3.439968208923802617e+00
5.471165644172018801e+03 3.437394787930872830e+00
5.471779141104533664e+03 3.433950476689977549e+00
5.472392638037049437e+03 3.429649084199024145e+00
5.473006134969565210e+03 3.424572872242006127e+00
5.473619631902080073e+03 3.418873299138319943e+00
5.474233128834595846e+03 3.412764794548395653e+00
5.474846625767111618e+03 3.406511954440599510e+00
5.475460122699626481e+03 3.400411224616688877e+00
5.476073619632142254e+03 3.394768864862911073e+00
5.476687116564658027e+03 3.389877357147205394e+00
5.477300613497173799e+03 3.385992550857875649e+00
5.477914110429688662e+03 3.383313917266703719e+00
5.478527607362204435e+03 3.381969901500789355e+00
5.479141104294720208e+03 3.382009782334256087e+00
5.479754601227235071e+03 3.383402834760522282e+00
5.480368098159750843e+03 3.386044716287121670e+00
5.480981595092266616e+03 3.389769984683798754e+00
5.481595092024781479e+03 3.394369006198332706e+00
5.482208588957297252e+03 3.399606929714132697e+00
5.482822085889813025e+03 3.405242214078720853e+00
5.483435582822327888e+03 3.411042623455963874e+00
5.484049079754843660e+03 3.416797138063976114e+00
5.484662576687359433e+03 3.422323089153241682e+00
5.485276073619874296e+03 3.427468779711320135e+00
5.485889570552390069e+03 3.432112701969757929e+00
5.486503067484905841e+03 3.436161121213336944e+00
5.487116564417420705e+03 3.439546177060593735e+00
5.487730061349936477e+03 3.442226382452496569e+00
5.488343558282452250e+03 3.444190239792503050e+00
5.488957055214967113e+03 3.445462036541392603e+00
5.489570552147482886e+03 3.446107151792868084e+00
5.490184049079998658e+03 3.446233190785191525e+00
5.490797546012513521e+03 3.445983803604297790e+00
5.491411042945029294e+03 3.445524166405255606e+00
5.492024539877545067e+03 3.445020041263733734e+00
5.492638036810059930e+03 3.444614728672942050e+00
5.493251533742575702e+03 3.444409280814480834e+00
5.493865030675091475e+03 3.444450495192088901e+00
5.494478527607606338e+03 3.444728941441699277e+00
5.495092024540122111e+03 3.445186475134010884e+00
5.495705521472637884e+03 3.445730475857739172e+00
5.496319018405152747e+03 3.446251023124044632e+00
5.496932515337668519e+03 3.446637589202769192e+00
5.497546012270184292e+03 3.446792825201494104e+00
5.498159509202699155e+03 3.446642201541943340e+00
5.498773006135214928e+03 3.446139293036877049e+00
5.499386503067730700e+03 3.445267080034045915e+00
5.500000000000245564e+03 3.444035878561038544e+00
5.500613496932761336e+03 3.442478665680188676e+00
5.501226993865277109e+03 3.440644875177932160e+00
5.501840490797792881e+03 3.438593743583044926e+00
5.502453987730307745e+03 3.436388370485302879e+00
5.503067484662823517e+03 3.434091576089374875e+00
5.503680981595339290e+03 3.431764160395087693e+00
5.504294478527854153e+03 3.429465440073839577e+00
5.504907975460369926e+03 3.427255042773257099e+00
5.505521472392885698e+03 3.425194270461158652e+00
5.506134969325400562e+03 3.423345240399178202e+00
5.506748466257916334e+03 3.421766623198935875e+00
5.507361963190432107e+03 3.420506276256882305e+00
5.507975460122946970e+03 3.419592751283047960e+00
5.508588957055462743e+03 3.419028760037199355e+00
5.509202453987978515e+03 3.418789889829811912e+00
5.509815950920493378e+03 3.418830894649143470e+00
5.510429447853009151e+03 3.419099701694019000e+00
5.511042944785524924e+03 3.419556803098757314e+00
5.511656441718039787e+03 3.420195621571673783e+00
5.512269938650555559e+03 3.421058364769681504e+00
5.512883435583071332e+03 3.422242150039156439e+00
5.513496932515586195e+03 3.423891935638124995e+00
5.514110429448101968e+03 3.426179806841074260e+00
5.514723926380617741e+03 3.429273682649906618e+00
5.515337423313132604e+03 3.433301550005826819e+00
5.515950920245648376e+03 3.438319187809756983e+00
5.516564417178164149e+03 3.444288823653266718e+00
5.517177914110679012e+03 3.451073581449106698e+00
5.517791411043194785e+03 3.458448560655005721e+00
5.518404907975710557e+03 3.466124966506090921e+00
5.519018404908225421e+03 3.473780905130942287e+00
5.519631901840741193e+03 3.481091907665973650e+00
5.520245398773256966e+03 3.487756089831651085e+00
5.520858895705771829e+03 3.493512061300707128e+00
5.521472392638287602e+03 3.498150638931521783e+00
5.522085889570803374e+03 3.501523118043236682e+00
5.522699386503318237e+03 3.503548688934901456e+00
5.523312883435834010e+03 3.504221798846890668e+00
5.523926380368349783e+03 3.503617898053488666e+00
5.524539877300864646e+03 3.501894373657210568e+00
5.525153374233380418e+03 3.499283492261732853e+00
5.525766871165896191e+03 3.496075798941676194e+00
5.526380368098411964e+03 3.492594922721470763e+00
5.526993865030926827e+03 3.489167265219466074e+00
5.527607361963442600e+03 3.486091426111776137e+00
5.528220858895958372e+03 3.483612066206202673e+00
5.528834355828473235e+03 3.481901738407505942e+00
5.529447852760989008e+03 3.481052260607654603e+00
5.530061349693504781e+03 3.481075196152775053e+00
5.530674846626019644e+03 3.481909933459689022e+00
5.531288343558535416e+03 3.483437268127207442e+00
5.531901840491051189e+03 3.485496346208093232e+00
5.532515337423566052e+03 3.487903372477168418e+00
5.533128834356081825e+03 3.490470852593176687e+00
5.533742331288597597e+03 3.493026065164439586e+00
5.534355828221112461e+03 3.495427186077034065e+00
5.534969325153628233e+03 3.497575121024846023e+00
5.535582822086144006e+03 3.499418924047342117e+00
5.536196319018658869e+03 3.500953211424669753e+00
5.536809815951174642e+03 3.502207644030234324e+00
5.537423312883690414e+03 3.503230625090627548e+00
5.538036809816205277e+03 3.504071237959691665e+00
5.538650306748721050e+03 3.504764187310852375e+00
5.539263803681236823e+03 3.505321455106750417e+00
5.539877300613751686e+03 3.505732124716038456e+00
5.540490797546267459e+03 3.505969013543392965e+00
5.541104294478783231e+03 3.505999027749127528e+00
5.541717791411298094e+03 3.505794069463860740e+00
5.542331288343813867e+03 3.505340284693557962e+00
5.542944785276329640e+03 3.504644677920906837e+00
5.543558282208844503e+03 3.503738856511150690e+00
5.544171779141360275e+03 3.502679728788617108e+00
5.544785276073876048e+03 3.501546541361526543e+00
5.545398773006390911e+03 3.500433519877532262e+00
5.546012269938906684e+03 3.499438099477088393e+00
5.546625766871422456e+03 3.498646154254374085e+00
5.547239263803937320e+03 3.498117035742959402e+00
5.547852760736453092e+03 3.497871779407320858e+00
5.548466257668968865e+03 3.497887229689538913e+00
5.549079754601483728e+03 3.498097375557358113e+00
5.549693251533999501e+03 3.498401457770663470e+00
5.550306748466515273e+03 3.498677125775514707e+00
5.550920245399030136e+03 3.498796157382694894e+00
5.551533742331545909e+03 3.498640414706021051e+00
5.552147239264061682e+03 3.498116135701446083e+00
5.552760736196577454e+03 3.497164815630227963e+00
5.553374233129092318e+03 3.495769180387856778e+00
5.553987730061608090e+03 3.493953208479561034e+00
5.554601226994123863e+03 3.491775757272686853e+00
5.555214723926638726e+03 3.489318435322787515e+00
5.555828220859154499e+03 3.486669927226024868e+00
5.556441717791670271e+03 3.483910033157647579e+00
5.557055214724185134e+03 3.481096972500516085e+00
5.557668711656700907e+03 3.478260805678385470e+00
5.558282208589216680e+03 3.475404082245388881e+00
5.558895705521731543e+03 3.472508778603696999e+00
5.559509202454247315e+03 3.469546837852457433e+00
5.560122699386763088e+03 3.466491028144739861e+00
5.560736196319277951e+03 3.463323553538962152e+00
5.561349693251793724e+03 3.460041077361405204e+00
5.561963190184309497e+03 3.456656124009766184e+00
5.562576687116824360e+03 3.453195940439743872e+00
5.563190184049340132e+03 3.449699991797816612e+00
5.563803680981855905e+03 3.446216784730480764e+00
5.564417177914370768e+03 3.442800249852066674e+00
5.565030674846886541e+03 3.439505821045644840e+00
5.565644171779402313e+03 3.436386648982331149e+00
5.566257668711917177e+03 3.433490722425295072e+00
5.566871165644432949e+03 3.430859630535867844e+00
5.567484662576948722e+03 3.428529237105157002e+00
5.568098159509463585e+03 3.426531754687289766e+00
5.568711656441979358e+03 3.424897908412582126e+00
5.569325153374495130e+03 3.423657620941702895e+00
5.569938650307009993e+03 3.422838496454057466e+00
5.570552147239525766e+03 3.422462574659896450e+00
5.571165644172041539e+03 3.422542774108645602e+00
5.571779141104556402e+03 3.423080556647142725e+00
5.572392638037072174e+03 3.424065486584072282e+00
5.573006134969587947e+03 3.425475971508238349e+00
5.573619631902102810e+03 3.427279603509294947e+00
5.574233128834618583e+03 3.429431569867903651e+00
5.574846625767134356e+03 3.431870706152222894e+00
5.575460122699649219e+03 3.434514354284262883e+00
5.576073619632164991e+03 3.437254289460804024e+00
5.576687116564680764e+03 3.439956069820485851e+00
5.577300613497196537e+03 3.442463014083777306e+00
5.577914110429711400e+03 3.444604522660378088e+00
5.578527607362227172e+03 3.446207143395206618e+00
5.579141104294742945e+03 3.447105740173890265e+00
5.579754601227257808e+03 3.447153250309538119e+00
5.580368098159773581e+03 3.446228235075476931e+00
5.580981595092289353e+03 3.444240198053976520e+00
5.581595092024804217e+03 3.441133330928367595e+00
5.582208588957319989e+03 3.436889292955743969e+00
5.582822085889835762e+03 3.431529318537482887e+00
5.583435582822350625e+03 3.425115949483297229e+00
5.584049079754866398e+03 3.417754630178175823e+00
5.584662576687382170e+03 3.409595164894460240e+00
5.585276073619897033e+03 3.400832497929198173e+00
5.585889570552412806e+03 3.391705551169429178e+00
5.586503067484928579e+03 3.382492009887545947e+00
5.587116564417443442e+03 3.373496863745228502e+00
5.587730061349959215e+03 3.365033801821406989e+00
5.588343558282474987e+03 3.357400808352982935e+00
5.588957055214989850e+03 3.350853924556998820e+00
5.589570552147505623e+03 3.345584552275135515e+00
5.590184049080021396e+03 3.341705099226661702e+00
5.590797546012536259e+03 3.339245332704902314e+00
5.591411042945052031e+03 3.338158546360725065e+00
5.592024539877567804e+03 3.338334035673877764e+00
5.592638036810082667e+03 3.339611561098462911e+00
5.593251533742598440e+03 3.341794557862483916e+00
5.593865030675114212e+03 3.344660968793735201e+00
5.594478527607629076e+03 3.347972907613906202e+00
5.595092024540144848e+03 3.351487315362358110e+00
5.595705521472660621e+03 3.354969459070182847e+00
5.596319018405175484e+03 3.358209545422577769e+00
5.596932515337691257e+03 3.361040999623948977e+00
5.597546012270207029e+03 3.363357715447428120e+00
5.598159509202721893e+03 3.365127014868858346e+00
5.598773006135237665e+03 3.366395826077773989e+00
5.599386503067753438e+03 3.367289128062787462e+00
5.600000000000268301e+03 3.368000292336556178e+00
5.600613496932784074e+03 3.368774349181153926e+00
5.601226993865299846e+03 3.369885873737839432e+00
5.601840490797815619e+03 3.371613092424634139e+00
5.602453987730330482e+03 3.374210115337545002e+00
5.603067484662846255e+03 3.377879260957293184e+00
5.603680981595362027e+03 3.382746005813216605e+00
5.604294478527876890e+03 3.388839554074018157e+00
5.604907975460392663e+03 3.396081743073362968e+00
5.605521472392908436e+03 3.404286331013655964e+00
5.606134969325423299e+03 3.413169338147651999e+00
5.606748466257939072e+03 3.422369635079347105e+00
5.607361963190454844e+03 3.431477724528050999e+00
5.607975460122969707e+03 3.440069550060275816e+00
5.608588957055485480e+03 3.447741854426393360e+00
5.609202453988001253e+03 3.454145217607125673e+00
5.609815950920516116e+03 3.459010887425640668e+00
5.610429447853031888e+03 3.462168201832400705e+00
5.611042944785547661e+03 3.463550633592590522e+00
5.611656441718062524e+03 3.463190707019787151e+00
5.612269938650578297e+03 3.461206417907207733e+00
5.612883435583094069e+03 3.457783757280309178e+00
5.613496932515608933e+03 3.453160199186954493e+00
5.614110429448124705e+03 3.447611806866937023e+00
5.614723926380640478e+03 3.441443875704900179e+00
5.615337423313155341e+03 3.434982330653785887e+00
5.615950920245671114e+03 3.428561658843334747e+00
5.616564417178186886e+03 3.422506173855369482e+00
5.617177914110701749e+03 3.417104369915236806e+00
5.617791411043217522e+03 3.412579777770186062e+00
5.618404907975733295e+03 3.409064760454768361e+00
5.619018404908248158e+03 3.406584664367435344e+00
5.619631901840763931e+03 3.405058075778758742e+00
5.620245398773279703e+03 3.404315489324158506e+00
5.620858895705794566e+03 3.404133939589288449e+00
5.621472392638310339e+03 3.404280614935746740e+00
5.622085889570826112e+03 3.404556207174316729e+00
5.622699386503340975e+03 3.404828922180438422e+00
5.623312883435856747e+03 3.405052387569761585e+00
5.623926380368372520e+03 3.405263312517865515e+00
5.624539877300887383e+03 3.405548684767913947e+00
5.625153374233403156e+03 3.405999071962735769e+00
5.625766871165918928e+03 3.406689780529590816e+00
5.626380368098433792e+03 3.407595021119788292e+00
5.626993865030949564e+03 3.408439073096828587e+00
5.627607361963465337e+03 3.408595770019914983e+00
5.628220858895981110e+03 3.406949426214322063e+00
5.628834355828495973e+03 3.401776785843273920e+00
5.629447852761011745e+03 3.390737972995011784e+00
5.630061349693527518e+03 3.371078686227815702e+00
5.630674846626042381e+03 3.340135288974857897e+00
5.631288343558558154e+03 3.296153677186980158e+00
5.631901840491073926e+03 3.239282812492796815e+00
5.632515337423588790e+03 3.172431730591525501e+00
5.633128834356104562e+03 3.101578378725515339e+00
5.633742331288620335e+03 3.035188700428594455e+00
5.634355828221135198e+03 2.982679828165557545e+00
5.634969325153650971e+03 2.952258903286737457e+00
5.635582822086166743e+03 2.948806330384932561e+00
5.636196319018681606e+03 2.972554523469198351e+00
5.636809815951197379e+03 3.019058861691134243e+00
5.637423312883713152e+03 3.080466835546040727e+00
5.638036809816228015e+03 3.147598760206414603e+00
5.638650306748743787e+03 3.212094681739636748e+00
5.639263803681259560e+03 3.267958499958630192e+00
5.639877300613774423e+03 3.312162592614061207e+00
5.640490797546290196e+03 3.344371516942297173e+00
5.641104294478805969e+03 3.366118554177583100e+00
5.641717791411320832e+03 3.379841130073014011e+00
5.642331288343836604e+03 3.388083675640763737e+00
5.642944785276352377e+03 3.393007105066029094e+00
5.643558282208867240e+03 3.396195871620437678e+00
5.644171779141383013e+03 3.398672916939556199e+00
5.644785276073898785e+03 3.401021028423887316e+00
5.645398773006413649e+03 3.403517091745706935e+00
5.646012269938929421e+03 3.406231196585435494e+00
5.646625766871445194e+03 3.409146295720967501e+00
5.647239263803960057e+03 3.412228861354027920e+00
5.647852760736475830e+03 3.415404720022290785e+00
5.648466257668991602e+03 3.418578296133016003e+00
5.649079754601506465e+03 3.421641296312132319e+00
5.649693251534022238e+03 3.424470698580876160e+00
5.650306748466538011e+03 3.426929000116714974e+00
5.650920245399052874e+03 3.428868930262261916e+00
5.651533742331568646e+03 3.430142534696406731e+00
5.652147239264084419e+03 3.430613190002080426e+00
5.652760736196600192e+03 3.430168835890518242e+00
5.653374233129115055e+03 3.428734895112488967e+00
5.653987730061630828e+03 3.426285618688515999e+00
5.654601226994146600e+03 3.422852428811139269e+00
5.655214723926661463e+03 3.418527907735113835e+00
5.655828220859177236e+03 3.413464448991850198e+00
5.656441717791693009e+03 3.407867019048372192e+00
5.657055214724207872e+03 3.401980625693106219e+00
5.657668711656723644e+03 3.396073847370669974e+00
5.658282208589239417e+03 3.390420582450445419e+00
5.658895705521754280e+03 3.385282441213449900e+00
5.659509202454270053e+03 3.380893677230348615e+00
5.660122699386785825e+03 3.377449764570040092e+00
5.660736196319300689e+03 3.375099730467277848e+00
5.661349693251816461e+03 3.373941210164981275e+00
5.661963190184332234e+03 3.374016936011809964e+00
5.662576687116847097e+03 3.375311838770094663e+00
5.663190184049362870e+03 3.377751108001159075e+00
5.663803680981878642e+03 3.381201069975787288e+00
5.664417177914393505e+03 3.385475390031576826e+00
5.665030674846909278e+03 3.390348824673066197e+00
5.665644171779425051e+03 3.395578996036661135e+00
5.666257668711939914e+03 3.400934022008228474e+00
5.666871165644455687e+03 3.406221524394799971e+00
5.667484662576971459e+03 3.411313041692003445e+00
5.668098159509486322e+03 3.416158154847613204e+00
5.668711656442002095e+03 3.420784491647950176e+00
5.669325153374517868e+03 3.425282910102338096e+00
5.669938650307032731e+03 3.429780719062803573e+00
5.670552147239548503e+03 3.434408734863679591e+00
5.671165644172064276e+03 3.439269312463834716e+00
5.671779141104579139e+03 3.444411885687730823e+00
5.672392638037094912e+03 3.449820215570508886e+00
5.673006134969610684e+03 3.455412217097926231e+00
5.673619631902125548e+03 3.461050078231997063e+00
5.674233128834641320e+03 3.466556493665709837e+00
5.674846625767157093e+03 3.471732520833116897e+00
5.675460122699671956e+03 3.476373566299796547e+00
5.676073619632187729e+03 3.480281887440536792e+00
5.676687116564703501e+03 3.483276078979168133e+00
5.677300613497219274e+03 3.485199108163804294e+00
5.677914110429734137e+03 3.485926621491811872e+00
5.678527607362249910e+03 3.485376471732180015e+00
5.679141104294765682e+03 3.483519149023776684e+00
5.679754601227280546e+03 3.480387296655733209e+00
5.680368098159796318e+03 3.476081563683322440e+00
5.680981595092312091e+03 3.470770316664927080e+00
5.681595092024826954e+03 3.464682081872837216e+00
5.682208588957342727e+03 3.458091350643506701e+00
5.682822085889858499e+03 3.451300133133636816e+00
5.683435582822373362e+03 3.444618224828104758e+00
5.684049079754889135e+03 3.438344517691337199e+00
5.684662576687404908e+03 3.432750741612535350e+00
5.685276073619919771e+03 3.428067771666281960e+00
5.685889570552435544e+03 3.424474357656481338e+00
5.686503067484951316e+03 3.422088539573667987e+00
5.687116564417466179e+03 3.420962570241247835e+00
5.687730061349981952e+03 3.421082655198174560e+00
5.688343558282497725e+03 3.422374269861775176e+00
5.688957055215012588e+03 3.424712603482799711e+00
5.689570552147528360e+03 3.427936337857087068e+00
5.690184049080044133e+03 3.431861909666218846e+00
5.690797546012558996e+03 3.436295267980382206e+00
5.691411042945074769e+03 3.441039461984253478e+00
5.692024539877590541e+03 3.445897947410264006e+00
5.692638036810105405e+03 3.450675190920561519e+00
5.693251533742621177e+03 3.455177153685630387e+00
5.693865030675136950e+03 3.459214145480659752e+00
5.694478527607651813e+03 3.462607507303645971e+00
5.695092024540167586e+03 3.465200024949893098e+00
5.695705521472683358e+03 3.466868516762370511e+00
5.696319018405198221e+03 3.467536005581617786e+00
5.696932515337713994e+03 3.467180555048854806e+00
5.697546012270229767e+03 3.465838616947327644e+00
5.698159509202744630e+03 3.463601834706188765e+00
5.698773006135260403e+03 3.460607502258046253e+00
5.699386503067776175e+03 3.457023895882429976e+00
5.700000000000291038e+03 3.453032758298000715e+00
5.700613496932806811e+03 3.448811481863261363e+00
5.701226993865322584e+03 3.444517410966832394e+00
5.701840490797837447e+03 3.440276318221528129e+00
5.702453987730353219e+03 3.436176419394726622e+00
5.703067484662868992e+03 3.432268511136945310e+00
5.703680981595384765e+03 3.428572271688626216e+00
5.704294478527899628e+03 3.425088288006919779e+00
5.704907975460415400e+03 3.421814554966549515e+00
5.705521472392931173e+03 3.418765359264226422e+00
5.706134969325446036e+03 3.415989304322870179e+00
5.706748466257961809e+03 3.413582624160642176e+00
5.707361963190477582e+03 3.411694337900228913e+00
5.707975460122992445e+03 3.410521019337992676e+00
5.708588957055508217e+03 3.410291508658744863e+00
5.709202453988023990e+03 3.411244476923299018e+00
5.709815950920538853e+03 3.413603324901885561e+00
5.710429447853054626e+03 3.417553103531104419e+00
5.711042944785570398e+03 3.423222998900559144e+00
5.711656441718085262e+03 3.430675836136597656e+00
5.712269938650601034e+03 3.439904404125185167e+00
5.712883435583116807e+03 3.450833225962361528e+00
5.713496932515631670e+03 3.463323976375737523e+00
5.714110429448147443e+03 3.477182848223008271e+00
5.714723926380663215e+03 3.492168414233276064e+00
5.715337423313178078e+03 3.507999045593524379e+00
5.715950920245693851e+03 3.524359207570126884e+00
5.716564417178209624e+03 3.540904718266593587e+00
5.717177914110724487e+03 3.557267837469841876e+00
5.717791411043240259e+03 3.573063570704440473e+00
5.718404907975756032e+03 3.587898501548643537e+00
5.719018404908270895e+03 3.601383062669465396e+00
5.719631901840786668e+03 3.613147613837825123e+00
5.720245398773302441e+03 3.622861533954281121e+00
5.720858895705817304e+03 3.630254009461030051e+00
5.721472392638333076e+03 3.635134718557892164e+00
5.722085889570848849e+03 3.637411802424526108e+00
5.722699386503363712e+03 3.637103951328743090e+00
5.723312883435879485e+03 3.634343758378764555e+00
5.723926380368395257e+03 3.629370312874749427e+00
5.724539877300910121e+03 3.622510908106979954e+00
5.725153374233425893e+03 3.614154256453134373e+00
5.725766871165941666e+03 3.604719246980913283e+00
5.726380368098456529e+03 3.594624057508265746e+00
5.726993865030972302e+03 3.584259616034171536e+00
5.727607361963488074e+03 3.573969749683843844e+00
5.728220858896003847e+03 3.564039058195132004e+00
5.728834355828518710e+03 3.554688424030568061e+00
5.729447852761034483e+03 3.546077485300259458e+00
5.730061349693550255e+03 3.538313089008364720e+00
5.730674846626065118e+03 3.531461925086258447e+00
5.731288343558580891e+03 3.525564335413101436e+00
5.731901840491096664e+03 3.520645388289209254e+00
5.732515337423611527e+03 3.516719726410288960e+00
5.733128834356127300e+03 3.513788482482720799e+00
5.733742331288643072e+03 3.511829315382133831e+00
5.734355828221157935e+03 3.510783402567407396e+00
5.734969325153673708e+03 3.510545017053731343e+00
5.735582822086189481e+03 3.510958998649899243e+00
5.736196319018704344e+03 3.511829357442389554e+00
5.736809815951220116e+03 3.512938777672511836e+00
5.737423312883735889e+03 3.514075414162887601e+00
5.738036809816250752e+03 3.515060815775580050e+00
5.738650306748766525e+03 3.515772390412242210e+00
5.739263803681282297e+03 3.516155263495082561e+00
5.739877300613797161e+03 3.516221360520878747e+00
5.740490797546312933e+03 3.516037150268510381e+00
5.741104294478828706e+03 3.515703828067346493e+00
5.741717791411343569e+03 3.515334798548963136e+00
5.742331288343859342e+03 3.515035293087025003e+00
5.742944785276375114e+03 3.514887226611731919e+00
5.743558282208889977e+03 3.514940226131843648e+00
5.744171779141405750e+03 3.515208670660835644e+00
5.744785276073921523e+03 3.515673893275438999e+00
5.745398773006436386e+03 3.516290538883382055e+00
5.746012269938952159e+03 3.516996489048628938e+00
5.746625766871467931e+03 3.517725549534480134e+00
5.747239263803982794e+03 3.518421485654811498e+00
5.747852760736498567e+03 3.519051025779082131e+00
5.748466257669014340e+03 3.519612896988321804e+00
5.749079754601529203e+03 3.520140124023213080e+00
5.749693251534044975e+03 3.520694275565404041e+00
5.750306748466560748e+03 3.521352512026244774e+00
5.750920245399075611e+03 3.522190302295133080e+00
5.751533742331591384e+03 3.523264308929107802e+00
5.752147239264107156e+03 3.524595823163104491e+00
5.752760736196622929e+03 3.526143737726154637e+00
5.753374233129137792e+03 3.527792932256742731e+00
5.753987730061653565e+03 3.529360465894292531e+00
5.754601226994169338e+03 3.530533513032831916e+00
5.755214723926684201e+03 3.530774253115971817e+00
5.755828220859199973e+03 3.529222815608791919e+00
5.756441717791715746e+03 3.524578080852982076e+00
5.757055214724230609e+03 3.514994098034761816e+00
5.757668711656746382e+03 3.498098213291305214e+00
5.758282208589262154e+03 3.471207853110685804e+00
5.758895705521777018e+03 3.431861567481911290e+00
5.759509202454292790e+03 3.378662295552715022e+00
5.760122699386808563e+03 3.312275490825292934e+00
5.760736196319323426e+03 3.236263573445817165e+00
5.761349693251839199e+03 3.157333539378226028e+00
5.761963190184354971e+03 3.084660176049756508e+00
5.762576687116869834e+03 3.028235282313717303e+00
5.763190184049385607e+03 2.996603920064987214e+00
5.763803680981901380e+03 2.994687562761953359e+00
5.764417177914416243e+03 3.022465119211330098e+00
5.765030674846932015e+03 3.075008512230953617e+00
5.765644171779447788e+03 3.143856814528990462e+00
5.766257668711962651e+03 3.219207038568531853e+00
5.766871165644478424e+03 3.292142591906827676e+00
5.767484662576994197e+03 3.356212645932769245e+00
5.768098159509509060e+03 3.408029825319455863e+00
5.768711656442024832e+03 3.446966047640864339e+00
5.769325153374540605e+03 3.474305300473380598e+00
5.769938650307055468e+03 3.492274676654278487e+00
5.770552147239571241e+03 3.503262097321088397e+00
5.771165644172087013e+03 3.509347941426232076e+00
5.771779141104601877e+03 3.512125680126324756e+00
5.772392638037117649e+03 3.512713054557206505e+00
5.773006134969633422e+03 3.511850932165904382e+00
5.773619631902148285e+03 3.509997826920206343e+00
5.774233128834664058e+03 3.507406406904990614e+00
5.774846625767179830e+03 3.504219086651839898e+00
5.775460122699694693e+03 3.500512822425197346e+00
5.776073619632210466e+03 3.496308846856151842e+00
5.776687116564726239e+03 3.491600692959523577e+00
5.777300613497242011e+03 3.486385247072995242e+00
5.777914110429756875e+03 3.480674538803253171e+00
5.778527607362272647e+03 3.474514742598811878e+00
5.779141104294788420e+03 3.467983646246579177e+00
5.779754601227303283e+03 3.461186365292817424e+00
5.780368098159819056e+03 3.454254795863066274e+00
5.780981595092334828e+03 3.447345994027278593e+00
5.781595092024849691e+03 3.440644509070368784e+00
5.782208588957365464e+03 3.434364623966202679e+00
5.782822085889881237e+03 3.428749165173088809e+00
5.783435582822396100e+03 3.424060267972877547e+00
5.784049079754911872e+03 3.420559401683898049e+00
5.784662576687427645e+03 3.418480910102534409e+00
5.785276073619942508e+03 3.417995632936049244e+00
5.785889570552458281e+03 3.419181415807329927e+00
5.786503067484974054e+03 3.422024563087253668e+00
5.787116564417488917e+03 3.426376052043712317e+00
5.787730061350004689e+03 3.431973934223286449e+00
5.788343558282520462e+03 3.438436155852773624e+00
5.788957055215035325e+03 3.445299069032440542e+00
5.789570552147551098e+03 3.452012559194705510e+00
5.790184049080066870e+03 3.457978232412134645e+00
5.790797546012581734e+03 3.462605289953943455e+00
5.791411042945097506e+03 3.465384697920891099e+00
5.792024539877613279e+03 3.465988108619221464e+00
5.792638036810128142e+03 3.464378483429606970e+00
5.793251533742643915e+03 3.460866052241327484e+00
5.793865030675159687e+03 3.456117943779832835e+00
5.794478527607674550e+03 3.451071898848174779e+00
5.795092024540190323e+03 3.446774318807581228e+00
5.795705521472706096e+03 3.444192745278845891e+00
5.796319018405220959e+03 3.444037421034842783e+00
5.796932515337736731e+03 3.446656249895245772e+00
5.797546012270252504e+03 3.452011581331305479e+00
5.798159509202767367e+03 3.459730020083114255e+00
5.798773006135283140e+03 3.469201875637511812e+00
5.799386503067798913e+03 3.479701988265425872e+00
5.800000000000313776e+03 3.490509329573449726e+00
5.800613496932829548e+03 3.501005870594143587e+00
5.801226993865345321e+03 3.510739644272794280e+00
5.801840490797860184e+03 3.519444419020922865e+00
5.802453987730375957e+03 3.527019823409427879e+00
5.803067484662891729e+03 3.533486748092588670e+00
5.803680981595407502e+03 3.538936799453928472e+00
5.804294478527922365e+03 3.543490569097587972e+00
5.804907975460438138e+03 3.547269388950629487e+00
5.805521472392953910e+03 3.550384832237424959e+00
5.806134969325468774e+03 3.552932516088167514e+00
5.806748466257984546e+03 3.554988098093054827e+00
5.807361963190500319e+03 3.556643757165717012e+00
5.807975460123015182e+03 3.557982909810033512e+00
5.808588957055530955e+03 3.559094362573156367e+00
5.809202453988046727e+03 3.560046737470191403e+00
5.809815950920561590e+03 3.560901256684206206e+00
5.810429447853077363e+03 3.561684245035449337e+00
5.811042944785593136e+03 3.562386016500420638e+00
5.811656441718107999e+03 3.562976787049274119e+00
5.812269938650623772e+03 3.563424591979598599e+00
5.812883435583139544e+03 3.563713871060369076e+00
5.813496932515654407e+03 3.563874773281874297e+00
5.814110429448170180e+03 3.563979974227429626e+00
5.814723926380685953e+03 3.564146060433750041e+00
5.815337423313200816e+03 3.564521683364766602e+00
5.815950920245716588e+03 3.565264794810493409e+00
5.816564417178232361e+03 3.566527548470893372e+00
5.817177914110747224e+03 3.568430055764043818e+00
5.817791411043262997e+03 3.571041086343321957e+00
5.818404907975778769e+03 3.574364270257857079e+00
5.819018404908293633e+03 3.578331900875699745e+00
5.819631901840809405e+03 3.582810725625042991e+00
5.820245398773325178e+03 3.587620050236501434e+00
5.820858895705840041e+03 3.592559265735055796e+00
5.821472392638355814e+03 3.597438165219909223e+00
5.822085889570871586e+03 3.602102663928608450e+00
5.822699386503386449e+03 3.606450276931344234e+00
5.823312883435902222e+03 3.610433425186669432e+00
5.823926380368417995e+03 3.614052550609628156e+00
5.824539877300932858e+03 3.617342652881548659e+00
5.825153374233448631e+03 3.620357239705028540e+00
5.825766871165964403e+03 3.623152619638330130e+00
5.826380368098479266e+03 3.625774218039849117e+00
5.826993865030995039e+03 3.628245729666915498e+00
5.827607361963510812e+03 3.630564765815782469e+00
5.828220858896026584e+03 3.632702255301020422e+00
5.828834355828541447e+03 3.634610401389842149e+00
5.829447852761057220e+03 3.636234427309992689e+00
5.830061349693572993e+03 3.637530183232964731e+00
5.830674846626087856e+03 3.638477939319062493e+00
5.831288343558603628e+03 3.639091559238273987e+00
5.831901840491119401e+03 3.639420653338424128e+00
5.832515337423634264e+03 3.639544775089750495e+00
5.833128834356150037e+03 3.639561704462901837e+00
5.833742331288665810e+03 3.639575201129551463e+00
5.834355828221180673e+03 3.639682629277176673e+00
5.834969325153696445e+03 3.639967613135380642e+00
5.835582822086212218e+03 3.640496018341086604e+00
5.836196319018727081e+03 3.641314960773020193e+00
5.836809815951242854e+03 3.642453022656938266e+00
5.837423312883758626e+03 3.643920507315933310e+00
5.838036809816273490e+03 3.645709579874522266e+00
5.838650306748789262e+03 3.647794849521740712e+00
5.839263803681305035e+03 3.650135223442239507e+00
5.839877300613819898e+03 3.652677376952243815e+00
5.840490797546335671e+03 3.655359943082500340e+00
5.841104294478851443e+03 3.658117416756115237e+00
5.841717791411366306e+03 3.660882524811099437e+00
5.842331288343882079e+03 3.663586869207438035e+00
5.842944785276397852e+03 3.666160707267223096e+00
5.843558282208912715e+03 3.668533589723056654e+00
5.844171779141121988e+03 3.670637198877814811e+00
5.844785276073636851e+03 3.672410366357564904e+00
5.845398773006152624e+03 3.673804618180763093e+00
5.846012269938668396e+03 3.674788005285205106e+00
5.846625766871183259e+03 3.675345469327877534e+00
5.847239263803699032e+03 3.675475919411801407e+00
5.847852760736214805e+03 3.675188088497640670e+00
5.848466257668729668e+03 3.674498093280893052e+00
5.849079754601245440e+03 3.673430855354877345e+00
5.849693251533761213e+03 3.672025217089919025e+00
5.850306748466276076e+03 3.670340268633841774e+00
5.850920245398791849e+03 3.668459368424506373e+00
5.851533742331307621e+03 3.666488952063565510e+00
5.852147239263822485e+03 3.664551512258935606e+00
5.852760736196338257e+03 3.662774610717820956e+00
5.853374233128854030e+03 3.661279311235749567e+00
5.853987730061368893e+03 3.660171461767615320e+00
5.854601226993884666e+03 3.659537954993785647e+00
5.855214723926400438e+03 3.659447665739237632e+00
5.855828220858915302e+03 3.659956625883187709e+00
5.856441717791431074e+03 3.661114405902168301e+00
5.857055214723946847e+03 3.662969731318698408e+00
5.857668711656461710e+03 3.665573404507981081e+00
5.858282208588977483e+03 3.668977354506079536e+00
5.858895705521493255e+03 3.673229691992271562e+00
5.859509202454009028e+03 3.678366783412471808e+00
5.860122699386523891e+03 3.684404550451716887e+00
5.860736196319039664e+03 3.691331517929077766e+00
5.861349693251555436e+03 3.699106112534495505e+00
5.861963190184070299e+03 3.707659734072874969e+00
5.862576687116586072e+03 3.716905507515225526e+00
5.863190184049101845e+03 3.726751024110340982e+00
5.863803680981616708e+03 3.737112241331987494e+00
5.864417177914132481e+03 3.747925839808771364e+00
5.865030674846648253e+03 3.759158312223475740e+00
5.865644171779163116e+03 3.770811052067507774e+00
5.866257668711678889e+03 3.782921832166006304e+00
5.866871165644194662e+03 3.795563132113648930e+00
5.867484662576709525e+03 3.808836902302318972e+00
5.868098159509225297e+03 3.822864828654596536e+00
5.868711656441741070e+03 3.837773322672038745e+00
5.869325153374255933e+03 3.853672782486711412e+00
5.869938650306771706e+03 3.870632468689173322e+00
5.870552147239287478e+03 3.888653649874736384e+00
5.871165644171802342e+03 3.907644138385533150e+00
5.871779141104318114e+03 3.927397380805209615e+00
5.872392638036833887e+03 3.947578546865957883e+00
5.873006134969348750e+03 3.967719667630759783e+00
5.873619631901864523e+03 3.987225951179263372e+00
5.874233128834380295e+03 4.005395470321796658e+00
5.874846625766895158e+03 4.021454060459970670e+00
5.875460122699410931e+03 4.034605932477132839e+00
5.876073619631926704e+03 4.044097541585605526e+00
5.876687116564441567e+03 4.049288465284654137e+00
5.877300613496957340e+03 4.049719684065809844e+00
5.877914110429473112e+03 4.045167859770955943e+00
5.878527607361987975e+03 4.035675087779707404e+00
5.879141104294503748e+03 4.021547257044157497e+00
5.879754601227019521e+03 4.003319767646365435e+00
5.880368098159534384e+03 3.981695576929501712e+00
5.880981595092050156e+03 3.957465564221907872e+00
5.881595092024565929e+03 3.931423757153160281e+00
5.882208588957080792e+03 3.904290004704411565e+00
5.882822085889596565e+03 3.876650646648891918e+00
5.883435582822112337e+03 3.848924054034611686e+00
5.884049079754627201e+03 3.821353604233127310e+00
5.884662576687142973e+03 3.794026799067746758e+00
5.885276073619658746e+03 3.766915750337555213e+00
5.885889570552174519e+03 3.739931800172221710e+00
5.886503067484689382e+03 3.712985161657365474e+00
5.887116564417205154e+03 3.686040100089214455e+00
5.887730061349720927e+03 3.659157051891303247e+00
5.888343558282235790e+03 3.632515207629607001e+00
5.888957055214751563e+03 3.606412561549399598e+00
5.889570552147267335e+03 3.581245063151643038e+00
5.890184049079782199e+03 3.557469881101151365e+00
5.890797546012297971e+03 3.535560244606775093e+00
5.891411042944813744e+03 3.515960154294131002e+00
5.892024539877328607e+03 3.499045768072833962e+00
5.892638036809844380e+03 3.485097841248530504e+00
5.893251533742360152e+03 3.474287089970506948e+00
5.893865030674875015e+03 3.466672156114153136e+00
5.894478527607390788e+03 3.462208358654124130e+00
5.895092024539906561e+03 3.460764315466955843e+00
5.895705521472421424e+03 3.462142616915504956e+00
5.896319018404937196e+03 3.466100457213775243e+00
5.896932515337452969e+03 3.472366470170485275e+00
5.897546012269967832e+03 3.480651157842771237e+00
5.898159509202483605e+03 3.490650453587206936e+00
5.898773006134999378e+03 3.502044518170247756e+00
5.899386503067514241e+03 3.514495578559257538e+00
5.900000000000030013e+03 3.527648776187250590e+00
5.900613496932545786e+03 3.541138595874774531e+00
5.901226993865060649e+03 3.554601191938970839e+00
5.901840490797576422e+03 3.567690509936757071e+00
5.902453987730092194e+03 3.580094823576114749e+00
5.903067484662607058e+03 3.591550538355435584e+00
5.903680981595122830e+03 3.601851364208155104e+00
5.904294478527638603e+03 3.610852445386797616e+00
5.904907975460153466e+03 3.618470062198758441e+00
5.905521472392669239e+03 3.624677833033543184e+00
5.906134969325185011e+03 3.629500040948130390e+00
5.906748466257699874e+03 3.633002216753900449e+00
5.907361963190215647e+03 3.635278991106845048e+00
5.907975460122731420e+03 3.636440264929843735e+00
5.908588957055246283e+03 3.636597466861175576e+00
5.909202453987762055e+03 3.635852391722925514e+00
5.909815950920277828e+03 3.634291125548882118e+00
5.910429447852793601e+03 3.631984487430762965e+00
5.911042944785308464e+03 3.628994785709868776e+00
5.911656441717824237e+03 3.625387080936879336e+00
5.912269938650340009e+03 3.621241729172272716e+00
5.912883435582854872e+03 3.616664594413665501e+00
5.913496932515370645e+03 3.611791773077793977e+00
5.914110429447886418e+03 3.606786967450547721e+00
5.914723926380401281e+03 3.601831327516566539e+00
5.915337423312917053e+03 3.597107437243419081e+00
5.915950920245432826e+03 3.592780626213991191e+00
5.916564417177947689e+03 3.588981478509436496e+00
5.917177914110463462e+03 3.585793251187143316e+00
5.917791411042979234e+03 3.583246419424374718e+00
5.918404907975494098e+03 3.581320752699176158e+00
5.919018404908009870e+03 3.579953373404686001e+00
5.919631901840525643e+03 3.579050029818716006e+00
5.920245398773040506e+03 3.578496668636896416e+00
5.920858895705556279e+03 3.578169342367051975e+00
5.921472392638072051e+03 3.577941677831360412e+00
5.922085889570586914e+03 3.577690355929184385e+00
5.922699386503102687e+03 3.577299801019495629e+00
5.923312883435618460e+03 3.576667232855398115e+00
5.923926380368133323e+03 3.575708616369080328e+00
5.924539877300649096e+03 3.574365147325831327e+00
5.925153374233164868e+03 3.572608976632664302e+00
5.925766871165679731e+03 3.570446461484503509e+00
5.926380368098195504e+03 3.567917583351331245e+00
5.926993865030711277e+03 3.565091247802618657e+00
5.927607361963226140e+03 3.562057280373149393e+00
5.928220858895741912e+03 3.558916553125838433e+00
5.928834355828257685e+03 3.555771196670726830e+00
5.929447852760772548e+03 3.552716184942956712e+00
5.930061349693288321e+03 3.549832785131908253e+00
5.930674846625804093e+03 3.547183972204720703e+00
5.931288343558318957e+03 3.544811672525554513e+00
5.931901840490834729e+03 3.542735798474956344e+00
5.932515337423350502e+03 3.540955560133339119e+00
5.933128834355865365e+03 3.539453219349130819e+00
5.933742331288381138e+03 3.538199583216916633e+00
5.934355828220896910e+03 3.537160151429251442e+00
5.934969325153412683e+03 3.536300577393442612e+00
5.935582822085927546e+03 3.535590159804490096e+00
5.936196319018443319e+03 3.535002959490181507e+00
5.936809815950959091e+03 3.534517083289342221e+00
5.937423312883473955e+03 3.534112984441692085e+00
5.938036809815989727e+03 3.533772026222512075e+00
5.938650306748505500e+03 3.533475928217339579e+00
5.939263803681020363e+03 3.533207276647666095e+00
5.939877300613536136e+03 3.532951101438740249e+00
5.940490797546051908e+03 3.532696893724437182e+00
5.941104294478566771e+03 3.532440041381773810e+00
5.941717791411082544e+03 3.532181647901665222e+00
5.942331288343598317e+03 3.531925629502504105e+00
5.942944785276113180e+03 3.531672733142530607e+00
5.943558282208628953e+03 3.531412219014187226e+00
5.944171779141144725e+03 3.531113657732657174e+00
5.944785276073659588e+03 3.530722288012445809e+00
5.945398773006175361e+03 3.530160914796145910e+00
5.946012269938691134e+03 3.529339680784860267e+00
5.946625766871205997e+03 3.528172363521883348e+00
5.947239263803721769e+03 3.526595373111361731e+00
5.947852760736237542e+03 3.524584311606726139e+00
5.948466257668752405e+03 3.522163600097426350e+00
5.949079754601268178e+03 3.519406656037919578e+00
5.949693251533783950e+03 3.516426903123119452e+00
5.950306748466298814e+03 3.513362153561260026e+00
5.950920245398814586e+03 3.510356070277845575e+00
5.951533742331330359e+03 3.507540470097429974e+00
5.952147239263845222e+03 3.505021564180140992e+00
5.952760736196360995e+03 3.502872187007788796e+00
5.953374233128876767e+03 3.501130968075515604e+00
5.953987730061391630e+03 3.499808035599136335e+00
5.954601226993907403e+03 3.498895127752604584e+00
5.955214723926423176e+03 3.498376673509973944e+00
5.955828220858938039e+03 3.498238256941010427e+00
5.956441717791453812e+03 3.498469820007084508e+00
5.957055214723969584e+03 3.499063152746239247e+00
5.957668711656484447e+03 3.500005699079091315e+00
5.958282208589000220e+03 3.501274049069249994e+00
5.958895705521515993e+03 3.502830439413961550e+00
5.959509202454031765e+03 3.504623815709110524e+00
5.960122699386546628e+03 3.506594836585367858e+00
5.960736196319062401e+03 3.508682700628219742e+00
5.961349693251578174e+03 3.510831168845376382e+00
5.961963190184093037e+03 3.512991976276186534e+00
5.962576687116608809e+03 3.515125431122369637e+00
5.963190184049124582e+03 3.517199290449001925e+00
5.963803680981639445e+03 3.519187623743792681e+00
5.964417177914155218e+03 3.521070723031193062e+00
5.965030674846670991e+03 3.522836165420846211e+00
5.965644171779185854e+03 3.524480350508560456e+00
5.966257668711701626e+03 3.526008935591619320e+00
5.966871165644217399e+03 3.527434504737743559e+00
5.967484662576732262e+03 3.528770738971681808e+00
5.968098159509248035e+03 3.530023750355865353e+00
5.968711656441763807e+03 3.531182531416503512e+00
5.969325153374278671e+03 3.532211799356630433e+00
5.969938650306794443e+03 3.533050076184476751e+00
5.970552147239310216e+03 3.533614899153794564e+00
5.971165644171825079e+03 3.533814919609000960e+00
5.971779141104340852e+03 3.533566324420367444e+00
5.972392638036856624e+03 3.532809401686604289e+00
5.973006134969371487e+03 3.531520911982192867e+00
5.973619631901887260e+03 3.529718908386744847e+00
5.974233128834403033e+03 3.527458823507234609e+00
5.974846625766917896e+03 3.524822087636541923e+00
5.975460122699433668e+03 3.521900692373539421e+00
5.976073619631949441e+03 3.518781908225644184e+00
5.976687116564464304e+03 3.515536888139573435e+00
5.977300613496980077e+03 3.512215369804273291e+00
5.977914110429495850e+03 3.508846700147664865e+00
5.978527607362010713e+03 3.505445626377836188e+00
5.979141104294526485e+03 3.502020492266851193e+00
5.979754601227042258e+03 3.498581591043082639e+00
5.980368098159557121e+03 3.495147929404894160e+00
5.980981595092072894e+03 3.491751674922877413e+00
5.981595092024588666e+03 3.488440028250352043e+00
5.982208588957103530e+03 3.485274338974872155e+00
5.982822085889619302e+03 3.482326660393723294e+00
5.983435582822135075e+03 3.479674059076030890e+00
5.984049079754649938e+03 3.477391348231510193e+00
5.984662576687165711e+03 3.475543334676080676e+00
5.985276073619681483e+03 3.474178031182950654e+00
5.985889570552197256e+03 3.473321988480795319e+00
5.986503067484712119e+03 3.472978575741147100e+00
5.987116564417227892e+03 3.473129062954306345e+00
5.987730061349743664e+03 3.473735638337489995e+00
5.988343558282258527e+03 3.474745006095424582e+00
5.988957055214774300e+03 3.476091467811413427e+00
5.989570552147290073e+03 3.477698817347267379e+00
5.990184049079804936e+03 3.479481516919270767e+00
5.990797546012320709e+03 3.481345435153340162e+00
5.991411042944836481e+03 3.483189175940248461e+00
5.992024539877351344e+03 3.484906701211098135e+00
5.992638036809867117e+03 3.486391432549739378e+00
5.993251533742382890e+03 3.487541397039269242e+00
5.993865030674897753e+03 3.488264987557121888e+00
5.994478527607413525e+03 3.488486816597199613e+00
5.995092024539929298e+03 3.488153143366191866e+00
5.995705521472444161e+03 3.487236495169622863e+00
5.996319018404959934e+03 3.485739025185200290e+00
5.996932515337475706e+03 3.483693972538480566e+00
5.997546012269990570e+03 3.481164495941927228e+00
5.998159509202506342e+03 3.478239233388672247e+00
5.998773006135022115e+03 3.475024429670553694e+00
5.999386503067536978e+03 3.471633247600000693e+00
6.000000000000052751e+03 3.468173627188098074e+00
6.000613496932568523e+03 3.464736598697637504e+00
6.001226993865083386e+03 3.461387097849541572e+00
6.001840490797599159e+03 3.458159096718111503e+00
6.002453987730114932e+03 3.455056281729652845e+00
6.003067484662629795e+03 3.452058234147691085e+00
6.003680981595145568e+03 3.449131230395390268e+00
6.004294478527661340e+03 3.446241673551239337e+00
6.004907975460176203e+03 3.443369208053433717e+00
6.005521472392691976e+03 3.440516235611430496e+00
6.006134969325207749e+03 3.437711158089450159e+00
6.006748466257722612e+03 3.435003986096551998e+00
6.007361963190238384e+03 3.432455288610634092e+00
6.007975460122754157e+03 3.430121408735663291e+00
6.008588957055269020e+03 3.428040287764794858e+00
6.009202453987784793e+03 3.426222055611677586e+00
6.009815950920300565e+03 3.424646943597906557e+00
6.010429447852816338e+03 3.423270661684505445e+00
6.011042944785331201e+03 3.422035414495550487e+00
6.011656441717846974e+03 3.420882962957019657e+00
6.012269938650362747e+03 3.419766234043440267e+00
6.012883435582877610e+03 3.418656935577824463e+00
6.013496932515393382e+03 3.417548043640332267e+00
6.014110429447909155e+03 3.416451199431600028e+00
6.014723926380424018e+03 3.415390240124987375e+00
6.015337423312939791e+03 3.414392800413262208e+00
6.015950920245455563e+03 3.413482474101834363e+00
6.016564417177970427e+03 3.412673536938817698e+00
6.017177914110486199e+03 3.411969587628819411e+00
6.017791411043001972e+03 3.411366425486058951e+00
6.018404907975516835e+03 3.410858358626191578e+00
6.019018404908032608e+03 3.410446031340785833e+00
6.019631901840548380e+03 3.410143302748829264e+00
6.020245398773063243e+03 3.409981004134015503e+00
6.020858895705579016e+03 3.410006031168217433e+00
6.021472392638094789e+03 3.410275688731573496e+00
6.022085889570609652e+03 3.410848219367898171e+00
6.022699386503125424e+03 3.411771788280513196e+00
6.023312883435641197e+03 3.413074796357667751e+00
6.023926380368156060e+03 3.414760107764488684e+00
6.024539877300671833e+03 3.416804851551467070e+00
6.025153374233187606e+03 3.419165831456403737e+00
6.025766871165702469e+03 3.421788597379162855e+00
6.026380368098218241e+03 3.424617524689997694e+00
6.026993865030734014e+03 3.427603725601431783e+00
6.027607361963248877e+03 3.430708704876661130e+00
6.028220858895764650e+03 3.433903560106406072e+00
6.028834355828280422e+03 3.437164867131413004e+00
6.029447852760795286e+03 3.440469639889799147e+00
6.030061349693311058e+03 3.443791502696221585e+00
6.030674846625826831e+03 3.447099064987404926e+00
6.031288343558341694e+03 3.450356225379257680e+00
6.031901840490857467e+03 3.453523321288425318e+00
6.032515337423373239e+03 3.456558076838353255e+00
6.033128834355888102e+03 3.459416116826542265e+00
6.033742331288403875e+03 3.462051774986936170e+00
6.034355828220919648e+03 3.464420433004920863e+00
6.034969325153435420e+03 3.466483346429535928e+00
6.035582822085950284e+03 3.468214376874747540e+00
6.036196319018466056e+03 3.469606693947888232e+00
6.036809815950981829e+03 3.470677354125030867e+00
6.037423312883496692e+03 3.471468064688998378e+00
6.038036809816012465e+03 3.472041704413311614e+00
6.038650306748528237e+03 3.472475634154956303e+00
6.039263803681043100e+03 3.472853635787653381e+00
6.039877300613558873e+03 3.473258147346056646e+00
6.040490797546074646e+03 3.473763770675094342e+00
6.041104294478589509e+03 3.474432408702826436e+00
6.041717791411105281e+03 3.475309809220153312e+00
6.042331288343621054e+03 3.476423590618618054e+00
6.042944785276135917e+03 3.477782459609117804e+00
6.043558282208651690e+03 3.479376131981609888e+00
6.044171779141167463e+03 3.481175297317090411e+00
6.044785276073682326e+03 3.483131010822072771e+00
6.045398773006198098e+03 3.485173483666582861e+00
6.046012269938713871e+03 3.487211378100601333e+00
6.046625766871228734e+03 3.489133314352462101e+00
6.047239263803744507e+03 3.490813726876218936e+00
6.047852760736260279e+03 3.492124020599367107e+00
6.048466257668775143e+03 3.492948025941965629e+00
6.049079754601290915e+03 3.493199161382309015e+00
6.049693251533806688e+03 3.492835255705586839e+00
6.050306748466321551e+03 3.491867298858528201e+00
6.050920245398837324e+03 3.490359876417952645e+00
6.051533742331353096e+03 3.488422983126579613e+00
6.052147239263867959e+03 3.486197128526763223e+00
6.052760736196383732e+03 3.483835218146205115e+00
6.053374233128899505e+03 3.481485081770218315e+00
6.053987730061414368e+03 3.479275941641181369e+00
6.054601226993930140e+03 3.477310583059884053e+00
6.055214723926445913e+03 3.475662860808521160e+00
6.055828220858960776e+03 3.474379196778875745e+00
6.056441717791476549e+03 3.473481926489531801e+00
6.057055214723992322e+03 3.472972662809168387e+00
6.057668711656507185e+03 3.472834626081921172e+00
6.058282208589022957e+03 3.473034094633042912e+00
6.058895705521538730e+03 3.473521804194150686e+00
6.059509202454053593e+03 3.474235442845581279e+00
6.060122699386569366e+03 3.475104422847271834e+00
6.060736196319085138e+03 3.476057570094476912e+00
6.061349693251600911e+03 3.477033099083040035e+00
6.061963190184115774e+03 3.477990687360311473e+00
6.062576687116631547e+03 3.478922519577317907e+00
6.063190184049147319e+03 3.479863044553404006e+00
6.063803680981662183e+03 3.480885095702548782e+00
6.064417177914177955e+03 3.482081468799289148e+00
6.065030674846693728e+03 3.483533999271447357e+00
6.065644171779208591e+03 3.485270339007133344e+00
6.066257668711724364e+03 3.487174545598437980e+00
6.066871165644240136e+03 3.488835728885707699e+00
6.067484662576754999e+03 3.489322272196312191e+00
6.068098159509270772e+03 3.486904705256737458e+00
6.068711656441786545e+03 3.478789500108026012e+00
6.069325153374301408e+03 3.460956156672332362e+00
6.069938650306817181e+03 3.428284032228047895e+00
6.070552147239332953e+03 3.375165246912458006e+00
6.071165644171847816e+03 3.296735777197560502e+00
6.071779141104363589e+03 3.190641211524753551e+00
6.072392638036879362e+03 3.058960956370524897e+00
6.073006134969394225e+03 2.909633035369804777e+00
6.073619631901909997e+03 2.756628790503337534e+00
6.074233128834425770e+03 2.618359372226023218e+00
6.074846625766940633e+03 2.514358329308481466e+00
6.075460122699456406e+03 2.460990430954984820e+00
6.076073619631972178e+03 2.467464186458276032e+00
6.076687116564487042e+03 2.533481020684734908e+00
6.077300613497002814e+03 2.649347639097841434e+00
6.077914110429518587e+03 2.798504388492838224e+00
6.078527607362033450e+03 2.961571270538009948e+00
6.079141104294549223e+03 3.120563067751551678e+00
6.079754601227064995e+03 3.262035212356597658e+00
6.080368098159579858e+03 3.378484142265248735e+00
6.080981595092095631e+03 3.468002092947780390e+00
6.081595092024611404e+03 3.532773051611641790e+00
6.082208588957126267e+03 3.577129747632634249e+00
6.082822085889642040e+03 3.605675416788393317e+00
6.083435582822157812e+03 3.621929368995666199e+00
6.084049079754672675e+03 3.627472335886110955e+00
6.084662576687188448e+03 3.621486155857865263e+00
6.085276073619704221e+03 3.600572515971312448e+00
6.085889570552219993e+03 3.558838832915056649e+00
6.086503067484734856e+03 3.488374722463404076e+00
6.087116564417250629e+03 3.380265815632570892e+00
6.087730061349766402e+03 3.226241193357337167e+00
6.088343558282281265e+03 3.020767438097881730e+00
6.088957055214797037e+03 2.763237643993087467e+00
6.089570552147312810e+03 2.459677794702620268e+00
6.090184049079827673e+03 2.123278222962382777e+00
6.090797546012343446e+03 1.773417331388052354e+00
6.091411042944859219e+03 1.433302746011378082e+00
6.092024539877374082e+03 1.126849979849892547e+00
6.092638036809889854e+03 8.756419869053916338e-01
6.093251533742405627e+03 6.966878401134687371e-01
6.093865030674920490e+03 6.012662022450910859e-01
6.094478527607436263e+03 5.946530045050771873e-01
6.095092024539952035e+03 6.762609861730283223e-01
6.095705521472466899e+03 8.397983036534105716e-01
6.096319018404982671e+03 1.073399383561024045e+00
6.096932515337498444e+03 1.360042735570573091e+00
6.097546012270013307e+03 1.678692988623506688e+00
6.098159509202529080e+03 2.006386931967829135e+00
6.098773006135044852e+03 2.321040241068721421e+00
6.099386503067559715e+03 2.604337704248848695e+00
6.100000000000075488e+03 2.843924691399895899e+00
6.100613496932591261e+03 3.034316638115598153e+00
6.101226993865106124e+03 3.176396116245985279e+00
6.101840490797621896e+03 3.275788461391915707e+00
6.102453987730137669e+03 3.340751747711680597e+00
6.103067484662652532e+03 3.380232768766919804e+00
6.103680981595168305e+03 3.402369172989596180e+00
6.104294478527684078e+03 3.413701200786990686e+00
6.104907975460198941e+03 3.418972760699160673e+00
6.105521472392714713e+03 3.421318512804322864e+00
6.106134969325230486e+03 3.422625399181063344e+00
6.106748466257745349e+03 3.423911106014471795e+00
6.107361963190261122e+03 3.425636172466373530e+00
6.107975460122776894e+03 3.427922716844218343e+00
6.108588957055291758e+03 3.430722913983188072e+00
6.109202453987807530e+03 3.433901391183528773e+00
6.109815950920323303e+03 3.437270715237307428e+00
6.110429447852839075e+03 3.440638388457603725e+00
6.111042944785353939e+03 3.443833762594763481e+00
6.111656441717869711e+03 3.446720134818284986e+00
6.112269938650385484e+03 3.449194274427698215e+00
6.112883435582900347e+03 3.451179578749765220e+00
6.113496932515416120e+03 3.452615152564323608e+00
6.114110429447931892e+03 3.453446071646403048e+00
6.114723926380446756e+03 3.453618642812230632e+00
6.115337423312962528e+03 3.453083104421119653e+00
6.115950920245478301e+03 3.451803368130907934e+00
6.116564417177993164e+03 3.449770729482718679e+00
6.117177914110508937e+03 3.447017032728064034e+00
6.117791411043024709e+03 3.443622655593778337e+00
6.118404907975539572e+03 3.439716087411280654e+00
6.119018404908055345e+03 3.435464513090730421e+00
6.119631901840571118e+03 3.431057496857702560e+00
6.120245398773085981e+03 3.426687928143805184e+00
6.120858895705601753e+03 3.422534903542251428e+00
6.121472392638117526e+03 3.418752024515424370e+00
6.122085889570632389e+03 3.415462789747509831e+00
6.122699386503148162e+03 3.412761680415739018e+00
6.123312883435663935e+03 3.410718093290337816e+00
6.123926380368178798e+03 3.409379652991685550e+00
6.124539877300694570e+03 3.408772739932593776e+00
6.125153374233210343e+03 3.408899751859145955e+00
6.125766871165725206e+03 3.409734590727442782e+00
6.126380368098240979e+03 3.411218325053329004e+00
6.126993865030756751e+03 3.413256995968759089e+00
6.127607361963271615e+03 3.415722271623467865e+00
6.128220858895787387e+03 3.418454680005923230e+00
6.128834355828303160e+03 3.421268640764165703e+00
6.129447852760818023e+03 3.423958944287772699e+00
6.130061349693333796e+03 3.426309207954221669e+00
6.130674846625849568e+03 3.428103448627378036e+00
6.131288343558364431e+03 3.429141501919635182e+00
6.131901840490880204e+03 3.429257821636444437e+00
6.132515337423395977e+03 3.428341579016276786e+00
6.133128834355910840e+03 3.426354321679266235e+00
6.133742331288426612e+03 3.423341455816696577e+00
6.134355828220942385e+03 3.419435012921280936e+00
6.134969325153458158e+03 3.414847107998408404e+00
6.135582822085973021e+03 3.409855312846899800e+00
6.136196319018488794e+03 3.404782472473127264e+00
6.136809815951004566e+03 3.399973456553231799e+00
6.137423312883519429e+03 3.395770564490699694e+00
6.138036809816035202e+03 3.392488612581296969e+00
6.138650306748550975e+03 3.390390487180136248e+00
6.139263803681065838e+03 3.389664664458459153e+00
6.139877300613581610e+03 3.390407068920803013e+00
6.140490797546097383e+03 3.392610276090998411e+00
6.141104294478612246e+03 3.396162685098233602e+00
6.141717791411128019e+03 3.400858866795267943e+00
6.142331288343643791e+03 3.406419973765262288e+00
6.142944785276158655e+03 3.412521097618609112e+00
6.143558282208674427e+03 3.418821050541232864e+00
6.144171779141190200e+03 3.424990585601858317e+00
6.144785276073705063e+03 3.430735642939029439e+00
6.145398773006220836e+03 3.435814100410124361e+00
6.146012269938736608e+03 3.440045715816586469e+00
6.146625766871251471e+03 3.443315933408263696e+00
6.147239263803767244e+03 3.445574145827833501e+00
6.147852760736283017e+03 3.446827240382372537e+00
6.148466257668797880e+03 3.447129320731779689e+00
6.149079754601313653e+03 3.446568770840940044e+00
6.149693251533829425e+03 3.445253955883918806e+00
6.150306748466344288e+03 3.443298908288302762e+00
6.150920245398860061e+03 3.440810335527696218e+00
6.151533742331375834e+03 3.437876968821882873e+00
6.152147239263890697e+03 3.434561814184671658e+00
6.152760736196406469e+03 3.430897511556783019e+00
6.153374233128922242e+03 3.426884955277984535e+00
6.153987730061437105e+03 3.422494970307730533e+00
6.154601226993952878e+03 3.417672605408327957e+00
6.155214723926468650e+03 3.412343737729598647e+00
6.155828220858983514e+03 3.406423828408037036e+00
6.156441717791499286e+03 3.399829003339839950e+00
6.157055214724015059e+03 3.392489802463172666e+00
6.157668711656529922e+03 3.384367490425256086e+00
6.158282208589045695e+03 3.375471739498566048e+00
6.158895705521561467e+03 3.365877154016707173e+00
6.159509202454076330e+03 3.355734858320318370e+00
6.160122699386592103e+03 3.345275245646512907e+00
6.160736196319107876e+03 3.334798906275647568e+00
6.161349693251623648e+03 3.324654949235084533e+00
6.161963190184138512e+03 3.315208778430642766e+00
6.162576687116654284e+03 3.306803961361405531e+00
6.163190184049170057e+03 3.299724441803634001e+00
6.163803680981684920e+03 3.294163801105304046e+00
6.164417177914200693e+03 3.290206951051377171e+00
6.165030674846716465e+03 3.287827446678298848e+00
6.165644171779231328e+03 3.286900669667840003e+00
6.166257668711747101e+03 3.287230043845960736e+00
6.166871165644262874e+03 3.288580967594322058e+00
6.167484662576777737e+03 3.290715968786475543e+00
6.168098159509293509e+03 3.293424907246102595e+00
6.168711656441809282e+03 3.296545082071054011e+00
6.169325153374324145e+03 3.299968714399022840e+00
6.169938650306839918e+03 3.303638322861372600e+00
6.170552147239355691e+03 3.307533119062270099e+00
6.171165644171870554e+03 3.311651189247743154e+00
6.171779141104386326e+03 3.315992770037578197e+00
6.172392638036902099e+03 3.320548718080592376e+00
6.173006134969416962e+03 3.325295916721556999e+00
6.173619631901932735e+03 3.330198577034235718e+00
6.174233128834448507e+03 3.335212770830391804e+00
6.174846625766963371e+03 3.340291156303813125e+00
6.175460122699479143e+03 3.345385840216097861e+00
6.176073619631994916e+03 3.350448987237993670e+00
6.176687116564509779e+03 3.355431975403857514e+00
6.177300613497025552e+03 3.360284153663718243e+00
6.177914110429541324e+03 3.364951490383365496e+00
6.178527607362056187e+03 3.369374644649148820e+00
6.179141104294571960e+03 3.373486024678057582e+00
6.179754601227087733e+03 3.377206316028071864e+00
6.180368098159602596e+03 3.380442184050733712e+00
6.180981595092118368e+03 3.383087509488392541e+00
6.181595092024634141e+03 3.385029864527539623e+00
6.182208588957149004e+03 3.386162202567845281e+00
6.182822085889664777e+03 3.386397753734628591e+00
6.183435582822180550e+03 3.385684726452830695e+00
6.184049079754695413e+03 3.384017266136063462e+00
6.184662576687211185e+03 3.381440237627287182e+00
6.185276073619726958e+03 3.378047040566558579e+00
6.185889570552242731e+03 3.373971137019631250e+00
6.186503067484757594e+03 3.369373358418754627e+00
6.187116564417273366e+03 3.364427890533093990e+00
6.187730061349789139e+03 3.359309896125036943e+00
6.188343558282304002e+03 3.354186987601691872e+00
6.188957055214819775e+03 3.349215908056335955e+00
6.189570552147335547e+03 3.344543742869509284e+00
6.190184049079850411e+03 3.340311092096160728e+00
6.190797546012366183e+03 3.336653821069945458e+00
6.191411042944881956e+03 3.333700290139359090e+00
6.192024539877396819e+03 3.331562582078608781e+00
6.192638036809912592e+03 3.330322834841109803e+00
6.193251533742428364e+03 3.330018199374821908e+00
6.193865030674943227e+03 3.330629231547626024e+00
6.194478527607459000e+03 3.332075976963030595e+00
6.195092024539974773e+03 3.334224196502789450e+00
6.195705521472489636e+03 3.336901341409387545e+00
6.196319018405005409e+03 3.339919321759928561e+00
6.196932515337521181e+03 3.343099513062609329e+00
6.197546012270036044e+03 3.346295438286908563e+00
6.198159509202551817e+03 3.349409466983561678e+00
6.198773006135067590e+03 3.352401099216592240e+00
6.199386503067582453e+03 3.355285741526543131e+00
6.200000000000098225e+03 3.358124256703411081e+00
6.200613496932613998e+03 3.361004730101238458e+00
6.201226993865128861e+03 3.364019214575914241e+00
6.201840490797644634e+03 3.367239354761239589e+00
6.202453987730160406e+03 3.370695306728738405e+00
6.203067484662675270e+03 3.374362066094680479e+00
6.203680981595191042e+03 3.378155674796920582e+00
6.204294478527706815e+03 3.381939500138515520e+00
6.204907975460221678e+03 3.385538568281633687e+00
6.205521472392737451e+03 3.388758650042422271e+00
6.206134969325253223e+03 3.391406749682409405e+00
6.206748466257768087e+03 3.393310189678357069e+00
6.207361963190283859e+03 3.394332458609332193e+00
6.207975460122799632e+03 3.394384560346632274e+00
6.208588957055314495e+03 3.393430802340494878e+00
6.209202453987830268e+03 3.391488328373787109e+00
6.209815950920346040e+03 3.388620619558293967e+00
6.210429447852861813e+03 3.384926427045554576e+00
6.211042944785376676e+03 3.380526938614451637e+00
6.211656441717892449e+03 3.375554432225271739e+00
6.212269938650408221e+03 3.370145027791931369e+00
6.212883435582923084e+03 3.364436401868942994e+00
6.213496932515438857e+03 3.358569134558392566e+00
6.214110429447954630e+03 3.352688982997656719e+00
6.214723926380469493e+03 3.346947031591948729e+00
6.215337423312985266e+03 3.341495728591924674e+00
6.215950920245501038e+03 3.336480792584170629e+00
6.216564417178015901e+03 3.332030771269101521e+00
6.217177914110531674e+03 3.328246902677099772e+00
6.217791411043047447e+03 3.325195656574628789e+00
6.218404907975562310e+03 3.322905471053004600e+00
6.219018404908078082e+03 3.321367928579446627e+00
6.219631901840593855e+03 3.320542578301908687e+00
6.220245398773108718e+03 3.320363952711578914e+00
6.220858895705624491e+03 3.320749340285279239e+00
6.221472392638140263e+03 3.321606061742121252e+00
6.222085889570655127e+03 3.322837578850962093e+00
6.222699386503170899e+03 3.324348168626667377e+00
6.223312883435686672e+03 3.326046186957686501e+00
6.223926380368201535e+03 3.327846150117212520e+00
6.224539877300717308e+03 3.329669934735117298e+00
6.225153374233233080e+03 3.331447499102736742e+00
6.225766871165747943e+03 3.333117415878232848e+00
6.226380368098263716e+03 3.334627572820990871e+00
6.226993865030779489e+03 3.335936383467909661e+00
6.227607361963294352e+03 3.337014753726758265e+00
6.228220858895810125e+03 3.337849062560590330e+00
6.228834355828325897e+03 3.338445106459290379e+00
6.229447852760840760e+03 3.338832355312027378e+00
6.230061349693356533e+03 3.339067288280500811e+00
6.230674846625872306e+03 3.339234127918660811e+00
6.231288343558387169e+03 3.339440973294669934e+00
6.231901840490902941e+03 3.339809950477371281e+00
6.232515337423418714e+03 3.340461165332385463e+00
6.233128834355933577e+03 3.341492068294176221e+00
6.233742331288449350e+03 3.342955809330800943e+00
6.234355828220965122e+03 3.344843514208219126e+00
6.234969325153479986e+03 3.347075411628523511e+00
6.235582822085995758e+03 3.349504321575349941e+00
6.236196319018511531e+03 3.351932399834433252e+00
6.236809815951027304e+03 3.354138632163637723e+00
6.237423312883542167e+03 3.355911638159531751e+00
6.238036809816057939e+03 3.357080797069034173e+00
6.238650306748573712e+03 3.357539129390229249e+00
6.239263803681088575e+03 3.357253792500684675e+00
6.239877300613604348e+03 3.356263600575438044e+00
6.240490797546120120e+03 3.354666595613478908e+00
6.241104294478634984e+03 3.352602807973038335e+00
6.241717791411150756e+03 3.350237202473819398e+00
6.242331288343666529e+03 3.347745735458048877e+00
6.242944785276181392e+03 3.345304895489126906e+00
6.243558282208697165e+03 3.343082988940563105e+00
6.244171779141212937e+03 3.341231035612855838e+00
6.244785276073727800e+03 3.339872313620684707e+00
6.245398773006243573e+03 3.339091293866761401e+00
6.246012269938759346e+03 3.338924152329090678e+00
6.246625766871274209e+03 3.339353125287903623e+00
6.247239263803789981e+03 3.340306067704876813e+00
6.247852760736305754e+03 3.341661290340411039e+00
6.248466257668820617e+03 3.343256925436270066e+00
6.249079754601336390e+03 3.344903739665081588e+00
6.249693251533852163e+03 3.346400375415858441e+00
6.250306748466367026e+03 3.347549904616250682e+00
6.250920245398882798e+03 3.348176384386689186e+00
6.251533742331398571e+03 3.348139790774247615e+00
6.252147239263913434e+03 3.347347587697354854e+00
6.252760736196429207e+03 3.345761737124655966e+00
6.253374233128944979e+03 3.343400885286495594e+00
6.253987730061459843e+03 3.340338354138478572e+00
6.254601226993975615e+03 3.336697050448043989e+00
6.255214723926491388e+03 3.332642528014694516e+00
6.255828220859006251e+03 3.328374841710806997e+00
6.256441717791522024e+03 3.324119176752788007e+00
6.257055214724037796e+03 3.320114973297144001e+00
6.257668711656552659e+03 3.316603222902274162e+00
6.258282208589068432e+03 3.313811945324879993e+00
6.258895705521584205e+03 3.311940461978553962e+00
6.259509202454099068e+03 3.311143608318923626e+00
6.260122699386614840e+03 3.311517552454260382e+00
6.260736196319130613e+03 3.313088971226134216e+00
6.261349693251646386e+03 3.315809323743844850e+00
6.261963190184161249e+03 3.319555666824339113e+00
6.262576687116677022e+03 3.324138831498363977e+00
6.263190184049192794e+03 3.329318729696054469e+00
6.263803680981707657e+03 3.334825615916490626e+00
6.264417177914223430e+03 3.340384990624092776e+00
6.265030674846739203e+03 3.345743008801467244e+00
6.265644171779254066e+03 3.350689189752907193e+00
6.266257668711769838e+03 3.355073610411361873e+00
6.266871165644285611e+03 3.358816785117288539e+00
6.267484662576800474e+03 3.361911566268982021e+00
6.268098159509316247e+03 3.364417447845499343e+00
6.268711656441832019e+03 3.366448299825563595e+00
6.269325153374346883e+03 3.368155042289679546e+00
6.269938650306862655e+03 3.369705043906989772e+00
6.270552147239378428e+03 3.371260288116914250e+00
6.271165644171893291e+03 3.372956681235530496e+00
6.271779141104409064e+03 3.374887055543386971e+00
6.272392638036924836e+03 3.377090244650078787e+00
6.273006134969439699e+03 3.379547887161213460e+00
6.273619631901955472e+03 3.382189476737607059e+00
6.274233128834471245e+03 3.384904823616033287e+00
6.274846625766986108e+03 3.387561871081189668e+00
6.275460122699501881e+03 3.390026765665447250e+00
6.276073619632017653e+03 3.392182879698542930e+00
6.276687116564532516e+03 3.393945950082495333e+00
6.277300613497048289e+03 3.395273399447265472e+00
6.277914110429564062e+03 3.396167210607546671e+00
6.278527607362078925e+03 3.396670984064478205e+00
6.279141104294594697e+03 3.396862736250276793e+00
6.279754601227110470e+03 3.396845583162932058e+00
6.280368098159625333e+03 3.396738428788261377e+00
6.280981595092141106e+03 3.396668409273408074e+00
6.281595092024656878e+03 3.396765956871377501e+00
6.282208588957171742e+03 3.397162308630760741e+00
6.282822085889686605e+03 3.397988196219105195e+00
6.283435582822203287e+03 3.399371870415792252e+00
6.284049079754719060e+03 3.401434692133777471e+00
6.284662576687233923e+03 3.404283601051106167e+00
6.285276073619748786e+03 3.408001591341893288e+00
6.285889570552265468e+03 3.412638978862394090e+00
6.286503067484781241e+03 3.418209032518641166e+00
6.287116564417296104e+03 3.424690965441165691e+00
6.287730061349810967e+03 3.432041401568833638e+00
6.288343558282326740e+03 3.440213147525082338e+00
6.288957055214843422e+03 3.449178002643296104e+00
6.289570552147358285e+03 3.458949472725069363e+00
6.290184049079872239e+03 3.469601514231947625e+00
6.290797546012388921e+03 3.481280377277076177e+00
6.291411042944904693e+03 3.494207878192040262e+00
6.292024539877419556e+03 3.508675889332994124e+00
6.292638036809934420e+03 3.525032299801582614e+00
6.293251533742451102e+03 3.543659036878080482e+00
6.293865030674966874e+03 3.564942405570480588e+00
6.294478527607481738e+03 3.589234996038105585e+00
6.295092024539996601e+03 3.616808388144663766e+00
6.295705521472512373e+03 3.647796186494710824e+00
6.296319018405029055e+03 3.682129052144073267e+00
6.296932515337543919e+03 3.719467459233588791e+00
6.297546012270058782e+03 3.759142714941074548e+00
6.298159509202574554e+03 3.800120775405129159e+00
6.298773006135090327e+03 3.841004682379318691e+00
6.299386503067605190e+03 3.880088339211949400e+00
6.300000000000120053e+03 3.915466988599395570e+00
6.300613496932636735e+03 3.945198652938915806e+00
6.301226993865152508e+03 3.967499027727444894e+00
6.301840490797667371e+03 3.980942640698187596e+00
6.302453987730182234e+03 3.984638183673579803e+00
6.303067484662698007e+03 3.978347772794465609e+00
6.303680981595214689e+03 3.962528272538364593e+00
6.304294478527729552e+03 3.938286182711665528e+00
6.304907975460244415e+03 3.907253107060649100e+00
6.305521472392760188e+03 3.871402604198061592e+00
6.306134969325276870e+03 3.832838162535386672e+00
6.306748466257790824e+03 3.793584709111746278e+00
6.307361963190305687e+03 3.755412036852912916e+00
6.307975460122822369e+03 3.719709672412034873e+00
6.308588957055338142e+03 3.687421510257614443e+00
6.309202453987853005e+03 3.659038274150336001e+00
6.309815950920367868e+03 3.634638050095755801e+00
6.310429447852883641e+03 3.613961018824056737e+00
6.311042944785400323e+03 3.596503857410445093e+00
6.311656441717915186e+03 3.581620824774175205e+00
6.312269938650430049e+03 3.568620770262626252e+00
6.312883435582945822e+03 3.556851962873400552e+00
6.313496932515462504e+03 3.545768590215385707e+00
6.314110429447977367e+03 3.534974933743610936e+00
6.314723926380491321e+03 3.524245720350394961e+00
6.315337423313008003e+03 3.513523492794884628e+00
6.315950920245523776e+03 3.502896883031184405e+00
6.316564417178038639e+03 3.492565453282989729e+00
6.317177914110553502e+03 3.482797404938004160e+00
6.317791411043070184e+03 3.473886168129845853e+00
6.318404907975585957e+03 3.466110711702051983e+00
6.319018404908100820e+03 3.459703037816047821e+00
6.319631901840615683e+03 3.454825200942172270e+00
6.320245398773131456e+03 3.451556996292939328e+00
6.320858895705648138e+03 3.449894684235892850e+00
6.321472392638163001e+03 3.449759639721397875e+00
6.322085889570677864e+03 3.451014340106790534e+00
6.322699386503193637e+03 3.453482020494371696e+00
6.323312883435709409e+03 3.456965944169875016e+00
6.323926380368224272e+03 3.461264887165224735e+00
6.324539877300739136e+03 3.466182785685457457e+00
6.325153374233255818e+03 3.471532221754019432e+00
6.325766871165771590e+03 3.477133132093475076e+00
6.326380368098286453e+03 3.482809366110566796e+00
6.326993865030801317e+03 3.488386004507965321e+00
6.327607361963317089e+03 3.493689879342873006e+00
6.328220858895833771e+03 3.498554530815990216e+00
6.328834355828348635e+03 3.502829076453297219e+00
6.329447852760863498e+03 3.506388791660499216e+00
6.330061349693379270e+03 3.509144412998752127e+00
6.330674846625895952e+03 3.511047746498987099e+00
6.331288343558409906e+03 3.512092569050675461e+00
6.331901840490924769e+03 3.512311496397252597e+00
6.332515337423441451e+03 3.511770892072757277e+00
6.333128834355957224e+03 3.510565909206542212e+00
6.333742331288472087e+03 3.508816641342284992e+00
6.334355828220986950e+03 3.506664858328453427e+00
6.334969325153502723e+03 3.504269776688824223e+00
6.335582822086019405e+03 3.501801159167279742e+00
6.336196319018534268e+03 3.499428935677751262e+00
6.336809815951049131e+03 3.497310014139912049e+00
6.337423312883564904e+03 3.495574360315364615e+00
6.338036809816081586e+03 3.494313179775045075e+00
6.338650306748596449e+03 3.493571968047922915e+00
6.339263803681110403e+03 3.493350439344836467e+00
6.339877300613627085e+03 3.493609819190037324e+00
6.340490797546142858e+03 3.494286107107591910e+00
6.341104294478657721e+03 3.495306576893012718e+00
6.341717791411172584e+03 3.496606021590325852e+00
6.342331288343689266e+03 3.498139278600181701e+00
6.342944785276205039e+03 3.499887799572547920e+00
6.343558282208719902e+03 3.501859693620265723e+00
6.344171779141234765e+03 3.504084222323096132e+00
6.344785276073750538e+03 3.506602734116369913e+00
6.345398773006267220e+03 3.509458102926394929e+00
6.346012269938782083e+03 3.512684272632233373e+00
6.346625766871296946e+03 3.516296953970335259e+00
6.347239263803812719e+03 3.520286214558306703e+00
6.347852760736328491e+03 3.524611590797485761e+00
6.348466257668843355e+03 3.529200692881007573e+00
6.349079754601358218e+03 3.533952245405357573e+00
6.349693251533874900e+03 3.538744179459436978e+00
6.350306748466390673e+03 3.543446212590079192e+00
6.350920245398905536e+03 3.547935084888242052e+00
6.351533742331420399e+03 3.552109763836412526e+00
6.352147239263936171e+03 3.555903726084968408e+00
6.352760736196452854e+03 3.559292690737393627e+00
6.353374233128967717e+03 3.562297661739182164e+00
6.353987730061482580e+03 3.564984350508468847e+00
6.354601226993998353e+03 3.567461169327552639e+00
6.355214723926515035e+03 3.569877876646756931e+00
6.355828220859028988e+03 3.572424409153370561e+00
6.356441717791543851e+03 3.575328438844326939e+00
6.357055214724060534e+03 3.578849249003567046e+00
6.357668711656576306e+03 3.583265776195938557e+00
6.358282208589091169e+03 3.588857253359964528e+00
6.358895705521606033e+03 3.595877588060151009e+00
6.359509202454121805e+03 3.604525801925591466e+00
6.360122699386638487e+03 3.614915646504254454e+00
6.360736196319153350e+03 3.627047706328397236e+00
6.361349693251668214e+03 3.640787086540044015e+00
6.361963190184183986e+03 3.655849878983473022e+00
6.362576687116700668e+03 3.671802398380857646e+00
6.363190184049215532e+03 3.688077126097713876e+00
6.363803680981729485e+03 3.704008291391510888e+00
6.364417177914246167e+03 3.718887159827300781e+00
6.365030674846761940e+03 3.732032600585558857e+00
6.365644171779276803e+03 3.742867791340859895e+00
6.366257668711791666e+03 3.750990092006903698e+00
6.366871165644308348e+03 3.756220465368405925e+00
6.367484662576824121e+03 3.758621458777414048e+00
6.368098159509338984e+03 3.758478787260598697e+00
6.368711656441853847e+03 3.756249127344015282e+00
6.369325153374369620e+03 3.752484333361837177e+00
6.369938650306886302e+03 3.747746906159833635e+00
6.370552147239401165e+03 3.742532972346923170e+00
6.371165644171916028e+03 3.737215974364132887e+00
6.371779141104431801e+03 3.732018612550973113e+00
6.372392638036947574e+03 3.727013750064780861e+00
6.373006134969462437e+03 3.722148851302862216e+00
6.373619631901977300e+03 3.717285217389594720e+00
6.374233128834493982e+03 3.712242625911359006e+00
6.374846625767009755e+03 3.706841177265674858e+00
6.375460122699524618e+03 3.700935092890167866e+00
6.376073619632039481e+03 3.694436918456049934e+00
6.376687116564555254e+03 3.687331562233382876e+00
6.377300613497071936e+03 3.679680857843332209e+00
6.377914110429586799e+03 3.671619696816095235e+00
6.378527607362101662e+03 3.663345047317101866e+00
6.379141104294617435e+03 3.655098258423522317e+00
6.379754601227134117e+03 3.647142195084640104e+00
6.380368098159648071e+03 3.639735243573770429e+00
6.380981595092162934e+03 3.633104717239156400e+00
6.381595092024679616e+03 3.627422565053195935e+00
6.382208588957195389e+03 3.622786514388667722e+00
6.382822085889710252e+03 3.619208881135222544e+00
6.383435582822225115e+03 3.616614611688615533e+00
6.384049079754740887e+03 3.614849135235153277e+00
6.384662576687257570e+03 3.613695546301488815e+00
6.385276073619772433e+03 3.612899464308905184e+00
6.385889570552287296e+03 3.612198703046563431e+00
6.386503067484803069e+03 3.611353889040316734e+00
6.387116564417319751e+03 3.610175075697193314e+00
6.387730061349834614e+03 3.608539920351477637e+00
6.388343558282348567e+03 3.606400129770190421e+00
6.388957055214865250e+03 3.603775289166554430e+00
6.389570552147381022e+03 3.600736276370054334e+00
6.390184049079895885e+03 3.597383574686995100e+00
6.390797546012410749e+03 3.593826586056214634e+00
6.391411042944927431e+03 3.590170012048108816e+00
6.392024539877443203e+03 3.586509355609173610e+00
6.392638036809958066e+03 3.582934830688514705e+00
6.393251533742472930e+03 3.579538834098730860e+00
6.393865030674988702e+03 3.576421036095775552e+00
6.394478527607505384e+03 3.573686082398591424e+00
6.395092024540020248e+03 3.571432268067802340e+00
6.395705521472535111e+03 3.569733595913756385e+00
6.396319018405050883e+03 3.568621304829447283e+00
6.396932515337566656e+03 3.568071691520287025e+00
6.397546012270081519e+03 3.568005717944583211e+00
6.398159509202596382e+03 3.568302031180772715e+00
6.398773006135113064e+03 3.568820867754725068e+00
6.399386503067628837e+03 3.569432586123050033e+00
6.400000000000143700e+03 3.570043172621147676e+00
6.400613496932658563e+03 3.570610176082366749e+00
6.401226993865174336e+03 3.571145317770234584e+00
6.401840490797691018e+03 3.571703756380939510e+00
6.402453987730205881e+03 3.572363471122413703e+00
6.403067484662720744e+03 3.573200588599422023e+00
6.403680981595236517e+03 3.574266965927441753e+00
6.404294478527753199e+03 3.575575241619209699e+00
6.404907975460267153e+03 3.577094414592074223e+00
6.405521472392782016e+03 3.578756233837839140e+00
6.406134969325298698e+03 3.580470062793872366e+00
6.406748466257814471e+03 3.582142081296911584e+00
6.407361963190329334e+03 3.583693645840448028e+00
6.407975460122844197e+03 3.585074064394913940e+00
6.408588957055359970e+03 3.586265146037852958e+00
6.409202453987876652e+03 3.587276995294807591e+00
6.409815950920391515e+03 3.588137343633190923e+00
6.410429447852906378e+03 3.588878676766760201e+00
6.411042944785422151e+03 3.589528358506875794e+00
6.411656441717938833e+03 3.590105260685154231e+00
6.412269938650453696e+03 3.590624668541195330e+00
6.412883435582967650e+03 3.591108770745149226e+00
6.413496932515484332e+03 3.591598223097858700e+00
6.414110429448000104e+03 3.592158774448719338e+00
6.414723926380514968e+03 3.592878422528038573e+00
6.415337423313029831e+03 3.593853769102055562e+00
6.415950920245546513e+03 3.595168691115371296e+00
6.416564417178062286e+03 3.596871856610417417e+00
6.417177914110577149e+03 3.598961410863334542e+00
6.417791411043092012e+03 3.601383227755499128e+00
6.418404907975607784e+03 3.604045000157756196e+00
6.419018404908124467e+03 3.606842864352743483e+00
6.419631901840639330e+03 3.609692784641452601e+00
6.420245398773154193e+03 3.612556658918660180e+00
6.420858895705669966e+03 3.615454867723701504e+00
6.421472392638185738e+03 3.618461305743245315e+00
6.422085889570700601e+03 3.621682356812222725e+00
6.422699386503215464e+03 3.625226301230588533e+00
6.423312883435732147e+03 3.629172145459957921e+00
6.423926380368247919e+03 3.633546389109884700e+00
6.424539877300762782e+03 3.638313295895917676e+00
6.425153374233277646e+03 3.643379612506773668e+00
6.425766871165793418e+03 3.648610698136024233e+00
6.426380368098310100e+03 3.653852503755057768e+00
6.426993865030824963e+03 3.658953572197723325e+00
6.427607361963339827e+03 3.663783033106430054e+00
6.428220858895855599e+03 3.668242887186871748e+00
6.428834355828372281e+03 3.672274924446768729e+00
6.429447852760886235e+03 3.675863915251531555e+00
6.430061349693401098e+03 3.679038029354052330e+00
6.430674846625917780e+03 3.681866449191425694e+00
6.431288343558433553e+03 3.684453265687857026e+00
6.431901840490948416e+03 3.686926837853412575e+00
6.432515337423463279e+03 3.689424650994403532e+00
6.433128834355979052e+03 3.692075286698624836e+00
6.433742331288495734e+03 3.694980282249185954e+00
6.434355828221010597e+03 3.698199665423528071e+00
6.434969325153525460e+03 3.701744407886311983e+00
6.435582822086041233e+03 3.705577583285857735e+00
6.436196319018557915e+03 3.709624369477681594e+00
6.436809815951072778e+03 3.713789191123028299e+00
6.437423312883586732e+03 3.717976692362029212e+00
6.438036809816103414e+03 3.722112243426787703e+00
6.438650306748619187e+03 3.726157712193422622e+00
6.439263803681134050e+03 3.730118833103146070e+00
6.439877300613648913e+03 3.734042258168774442e+00
6.440490797546165595e+03 3.738002467430306730e+00
6.441104294478681368e+03 3.742080802516613236e+00
6.441717791411196231e+03 3.746341189791537296e+00
6.442331288343711094e+03 3.750808389658638387e+00
6.442944785276226867e+03 3.755454031574280371e+00
6.443558282208743549e+03 3.760193894335995157e+00
6.444171779141258412e+03 3.764897009482635504e+00
6.444785276073773275e+03 3.769404044677718169e+00
6.445398773006289048e+03 3.773550322946084723e+00
6.446012269938804820e+03 3.777188449377848922e+00
6.446625766871319684e+03 3.780207354431832201e+00
6.447239263803834547e+03 3.782545854834819643e+00
6.447852760736351229e+03 3.784201027207846568e+00
6.448466257668867001e+03 3.785232601754831006e+00
6.449079754601381865e+03 3.785764199730531576e+00
6.449693251533896728e+03 3.785980889596027854e+00
6.450306748466412500e+03 3.786121380649203783e+00
6.450920245398929183e+03 3.786462871795528429e+00
6.451533742331444046e+03 3.787297567091092887e+00
6.452147239263958909e+03 3.788902120408219165e+00
6.452760736196474681e+03 3.791504021222122489e+00
6.453374233128990454e+03 3.795251180437639871e+00
6.453987730061505317e+03 3.800191487416944902e+00
6.454601226994020180e+03 3.806267422073132511e+00
6.455214723926536863e+03 3.813327439726756474e+00
6.455828220859052635e+03 3.821151498952376713e+00
6.456441717791567498e+03 3.829484245602627901e+00
6.457055214724082361e+03 3.838067788324814433e+00
6.457668711656598134e+03 3.846667843900815065e+00
6.458282208589114816e+03 3.855090464458007293e+00
6.458895705521629679e+03 3.863189025161454460e+00
6.459509202454144543e+03 3.870864681481817726e+00
6.460122699386660315e+03 3.878063953329935032e+00
6.460736196319176997e+03 3.884776287761921854e+00
6.461349693251691860e+03 3.891032653377877626e+00
6.461963190184205814e+03 3.896904150763100372e+00
6.462576687116722496e+03 3.902498262198323964e+00
6.463190184049238269e+03 3.907950357216664727e+00
6.463803680981753132e+03 3.913409176913527965e+00
6.464417177914267995e+03 3.919017244473735673e+00
6.465030674846784677e+03 3.924890000403745027e+00
6.465644171779300450e+03 3.931099358760907769e+00
6.466257668711815313e+03 3.937666869690058302e+00
6.466871165644330176e+03 3.944568893947113963e+00
6.467484662576845949e+03 3.951752747512452757e+00
6.468098159509362631e+03 3.959158202922584469e+00
6.468711656441877494e+03 3.966736945646412771e+00
6.469325153374392357e+03 3.974463856991389488e+00
6.469938650306908130e+03 3.982337519189217190e+00
6.470552147239423903e+03 3.990371524112403812e+00
6.471165644171938766e+03 3.998581088553114782e+00
6.471779141104453629e+03 4.006970211798189574e+00
6.472392638036970311e+03 4.015523559632575790e+00
6.473006134969486084e+03 4.024204919548709292e+00
6.473619631902000947e+03 4.032961533327934944e+00
6.474233128834515810e+03 4.041731754635290663e+00
6.474846625767031583e+03 4.050453239069065958e+00
6.475460122699548265e+03 4.059069388783642651e+00
6.476073619632063128e+03 4.067532816267140916e+00
6.476687116564577991e+03 4.075806480475299587e+00
6.477300613497093764e+03 4.083864445444989499e+00
6.477914110429609536e+03 4.091694103271474425e+00
6.478527607362124400e+03 4.099300941034297985e+00
6.479141104294639263e+03 4.106715797608693208e+00
6.479754601227155945e+03 4.114001285779545825e+00
6.480368098159671717e+03 4.121253492896827630e+00
6.480981595092186581e+03 4.128595515868665800e+00
6.481595092024701444e+03 4.136161953022511995e+00
6.482208588957217216e+03 4.144076937905889935e+00
6.482822085889733899e+03 4.152431225766909151e+00
6.483435582822248762e+03 4.161264852627422961e+00
6.484049079754763625e+03 4.170560232877235762e+00
6.484662576687279397e+03 4.180246434962630708e+00
6.485276073619796080e+03 4.190212033006543102e+00
6.485889570552310033e+03 4.200320973988645790e+00
6.486503067484824896e+03 4.210426445425852648e+00
6.487116564417341579e+03 4.220379842157494288e+00
6.487730061349857351e+03 4.230035030630787674e+00
6.488343558282372214e+03 4.239250612884672975e+00
6.488957055214887077e+03 4.247893639845011116e+00
6.489570552147403760e+03 4.255847067503179204e+00
6.490184049079919532e+03 4.263021282420216274e+00
6.490797546012434395e+03 4.269367876828533248e+00
6.491411042944949259e+03 4.274893038212246310e+00
6.492024539877465031e+03 4.279668613167950220e+00
6.492638036809981713e+03 4.283839632937914921e+00
6.493251533742496576e+03 4.287628334641210515e+00
6.493865030675011440e+03 4.291335212880911243e+00
6.494478527607527212e+03 4.295336531311636286e+00
6.495092024540042985e+03 4.300075694847353525e+00
6.495705521472557848e+03 4.306045511313747909e+00
6.496319018405072711e+03 4.313759222529046866e+00
6.496932515337589393e+03 4.323710602243982848e+00
6.497546012270105166e+03 4.336327426592617051e+00
6.498159509202620029e+03 4.351925802517530251e+00
6.498773006135134892e+03 4.370674152020611380e+00
6.499386503067650665e+03 4.392573986425249544e+00
6.500000000000167347e+03 4.417461225493425125e+00
6.500613496932682210e+03 4.445027348102381204e+00
6.501226993865197073e+03 4.474855610151945662e+00
6.501840490797712846e+03 4.506465099420001508e+00
6.502453987730228619e+03 4.539355068126403658e+00
6.503067484662743482e+03 4.573043290616211287e+00
6.503680981595258345e+03 4.607094860291032212e+00
6.504294478527775027e+03 4.641141056930267794e+00
6.504907975460290800e+03 4.674890182254764603e+00
6.505521472392805663e+03 4.708132428416389459e+00
6.506134969325320526e+03 4.740741340954873095e+00
6.506748466257836299e+03 4.772672647559254244e+00
6.507361963190352981e+03 4.803958706726922934e+00
6.507975460122867844e+03 4.834697093504433774e+00
6.508588957055382707e+03 4.865032997245029911e+00
6.509202453987898480e+03 4.895137307100909219e+00
6.509815950920415162e+03 4.925184292343367076e+00
6.510429447852929115e+03 4.955333298034592993e+00
6.511042944785443979e+03 4.985717375780766680e+00
6.511656441717960661e+03 5.016439363814374275e+00
6.512269938650476433e+03 5.047573347516132181e+00
6.512883435582991297e+03 5.079168990636883763e+00
6.513496932515506160e+03 5.111256872124214645e+00
6.514110429448022842e+03 5.143854185864368489e+00
6.514723926380538614e+03 5.176971493395490675e+00
6.515337423313053478e+03 5.210621865027737165e+00
6.515950920245568341e+03 5.244830154329196858e+00
6.516564417178084113e+03 5.279639038079594116e+00
6.517177914110600796e+03 5.315109354501887040e+00
6.517791411043115659e+03 5.351314416946303609e+00
6.518404907975629612e+03 5.388330742542219554e+00
6.519018404908146294e+03 5.426229713252300968e+00
6.519631901840662067e+03 5.465074321829959558e+00
6.520245398773176930e+03 5.504921957939355792e+00
6.520858895705691793e+03 5.545830914390668553e+00
6.521472392638208476e+03 5.587866522712378270e+00
6.522085889570724248e+03 5.631103522022002039e+00
6.522699386503239111e+03 5.675623664500896837e+00
6.523312883435753974e+03 5.721510367636389205e+00
6.523926380368269747e+03 5.768843221987227210e+00
6.524539877300786429e+03 5.817694101943980733e+00
6.525153374233301292e+03 5.868124793702540920e+00
6.525766871165816156e+03 5.920184664055961221e+00
6.526380368098331928e+03 5.973906805865905056e+00
6.526993865030847701e+03 6.029303236973070135e+00
6.527607361963362564e+03 6.086362215307394408e+00
6.528220858895877427e+03 6.145049709806893468e+00
6.528834355828394109e+03 6.205316397731208689e+00
6.529447852760909882e+03 6.267109996553528184e+00
6.530061349693424745e+03 6.330390950650585324e+00
6.530674846625939608e+03 6.395148919192014780e+00
6.531288343558455381e+03 6.461417436916982560e+00
6.531901840490972063e+03 6.529284014108121426e+00
6.532515337423486926e+03 6.598893739307978734e+00
6.533128834356001789e+03 6.670445287009215463e+00
6.533742331288517562e+03 6.744180299435681647e+00
6.534355828221034244e+03 6.820369421838374357e+00
6.534969325153548198e+03 6.899300148675297173e+00
6.535582822086063061e+03 6.981271221549218531e+00
6.536196319018579743e+03 7.066598592963652337e+00
6.536809815951095516e+03 7.155633219577091531e+00
6.537423312883610379e+03 7.248786068996158072e+00
6.538036809816125242e+03 7.346553274674462841e+00
6.538650306748641924e+03 7.449535118828218394e+00
6.539263803681157697e+03 7.558442821693879488e+00
6.539877300613672560e+03 7.674087582152224307e+00
6.540490797546187423e+03 7.797350325111587210e+00
6.541104294478703196e+03 7.929134830182768212e+00
6.541717791411219878e+03 8.070301917145361159e+00
6.542331288343734741e+03 8.221583890029783959e+00
6.542944785276248695e+03 8.383480506926449749e+00
6.543558282208765377e+03 8.556140076295477570e+00
6.544171779141281149e+03 8.739233558395648416e+00
6.544785276073796012e+03 8.931835248014813544e+00
6.545398773006310876e+03 9.132328944588557817e+00
6.546012269938827558e+03 9.338361476768984204e+00
6.546625766871343330e+03 9.546865723472297560e+00
6.547239263803858194e+03 9.754172088044199995e+00
6.547852760736373057e+03 9.956218776580403329e+00
6.548466257668888829e+03 1.014886050270850149e+01
6.549079754601405511e+03 1.032826437246537665e+01
6.549693251533920375e+03 1.049135453891744163e+01
6.550306748466435238e+03 1.063625039002247874e+01
6.550920245398951010e+03 1.076263354549138107e+01
6.551533742331466783e+03 1.087198057364854975e+01
6.552147239263981646e+03 1.096761664316311879e+01
6.552760736196496509e+03 1.105457465048553445e+01
6.553374233129013192e+03 1.113927668330383192e+01
6.553987730061528964e+03 1.122908102336321079e+01
6.554601226994043827e+03 1.133174993726521862e+01
6.555214723926558690e+03 1.145489183854041215e+01
6.555828220859074463e+03 1.160542256778392733e+01
6.556441717791591145e+03 1.178906932693717557e+01
6.557055214724106008e+03 1.200992416194175227e+01
6.557668711656620872e+03 1.227004009067944423e+01
6.558282208589136644e+03 1.256905833903239866e+01
6.558895705521653326e+03 1.290387050186354223e+01
6.559509202454167280e+03 1.326834813999128038e+01
6.560122699386682143e+03 1.365320549214271573e+01
6.560736196319198825e+03 1.404608353034927148e+01
6.561349693251714598e+03 1.443194038912914401e+01
6.561963190184229461e+03 1.479380174982609475e+01
6.562576687116744324e+03 1.511386049402164033e+01
6.563190184049261006e+03 1.537484063507245402e+01
6.563803680981776779e+03 1.556147902463579946e+01
6.564417177914291642e+03 1.566194119354446457e+01
6.565030674846806505e+03 1.566898284311427325e+01
6.565644171779322278e+03 1.558069872950010648e+01
6.566257668711838960e+03 1.540075450573465332e+01
6.566871165644353823e+03 1.513806674807979924e+01
6.567484662576867777e+03 1.480597031868895463e+01
6.568098159509384459e+03 1.442098101732647386e+01
6.568711656441900232e+03 1.400131211881851456e+01
6.569325153374415095e+03 1.356533045092494305e+01
6.569938650306929958e+03 1.313014657460021617e+01
6.570552147239446640e+03 1.271049829910793783e+01
6.571165644171962413e+03 1.231803268779937355e+01
6.571779141104477276e+03 1.196102639276802648e+01
6.572392638036992139e+03 1.164451428718891535e+01
6.573006134969507912e+03 1.137074185151200467e+01
6.573619631902024594e+03 1.113982256568660745e+01
6.574233128834539457e+03 1.095047132999872730e+01
6.574846625767054320e+03 1.080069924709887808e+01
6.575460122699570093e+03 1.068838245338701221e+01
6.576073619632085865e+03 1.061164718189904832e+01
6.576687116564600728e+03 1.056904887722352271e+01
6.577300613497115592e+03 1.055954442921106384e+01
6.577914110429632274e+03 1.058227844345337942e+01
6.578527607362148046e+03 1.063622349195079408e+01
6.579141104294662910e+03 1.071971599663680941e+01
6.579754601227177773e+03 1.082995104661282504e+01
6.580368098159693545e+03 1.096251588305696067e+01
6.580981595092210227e+03 1.111104459541167699e+01
6.581595092024725091e+03 1.126707749377259660e+01
6.582208588957239954e+03 1.142019901054436559e+01
6.582822085889755726e+03 1.155849351310077289e+01
6.583435582822272409e+03 1.166931353430179641e+01
6.584049079754786362e+03 1.174030006678082749e+01
6.584662576687301225e+03 1.176054088797150143e+01
6.585276073619817907e+03 1.172171140774775644e+01
6.585889570552333680e+03 1.161902307909145193e+01
6.586503067484848543e+03 1.145182186821267933e+01
6.587116564417363406e+03 1.122372695757541372e+01
6.587730061349880089e+03 1.094227380294711338e+01
6.588343558282395861e+03 1.061811265437226126e+01
6.588957055214910724e+03 1.026389165264660797e+01
6.589570552147425587e+03 9.893002109598576510e+00
6.590184049079941360e+03 9.518372173433791161e+00
6.590797546012458042e+03 9.151467101208298871e+00
6.591411042944972905e+03 8.801597976905711107e+00
6.592024539877486859e+03 8.475574616005998152e+00
6.592638036810003541e+03 8.177678543544505629e+00
6.593251533742519314e+03 7.909886914634205013e+00
6.593865030675034177e+03 7.672257120411534181e+00
6.594478527607549040e+03 7.463382689999707331e+00
6.595092024540065722e+03 7.280848674258325381e+00
6.595705521472581495e+03 7.121640517219634425e+00
6.596319018405096358e+03 6.982485933579550164e+00
6.596932515337611221e+03 6.860124484765205644e+00
6.597546012270126994e+03 6.751508000088410455e+00
6.598159509202643676e+03 6.653934420242762826e+00
6.598773006135158539e+03 6.565118274842291157e+00
6.599386503067673402e+03 6.483209394244847878e+00
6.600000000000189175e+03 6.406766510740864007e+00
6.600613496932704948e+03 6.334699224445392574e+00
6.601226993865219811e+03 6.266198437353931006e+00
6.601840490797734674e+03 6.200669901533404804e+00
6.602453987730251356e+03 6.137677166831697839e+00
6.603067484662767129e+03 6.076898079523620488e+00
6.603680981595281992e+03 6.018094147682178985e+00
6.604294478527796855e+03 5.961089258793180079e+00
6.604907975460312628e+03 5.905755480720024764e+00
6.605521472392829310e+03 5.852005474495873827e+00
6.606134969325344173e+03 5.799790572437726333e+00
6.606748466257859036e+03 5.749100963464406355e+00
6.607361963190374809e+03 5.699964047826245661e+00
6.607975460122891491e+03 5.652437776555185422e+00
6.608588957055405444e+03 5.606596446103045750e+00
6.609202453987920308e+03 5.562509630962845009e+00
6.609815950920436990e+03 5.520218704162749290e+00
6.610429447852952762e+03 5.479717674728616039e+00
6.611042944785467625e+03 5.440944409676366611e+00
6.611656441717982489e+03 5.403785088897636868e+00
6.612269938650499171e+03 5.368090002503569380e+00
6.612883435583014943e+03 5.333694943439324376e+00
6.613496932515529807e+03 5.300440957054412650e+00
6.614110429448044670e+03 5.268186929075248770e+00
6.614723926380560442e+03 5.236812827119258884e+00
6.615337423313077124e+03 5.206214380558585653e+00
6.615950920245591988e+03 5.176293177441736226e+00
6.616564417178105941e+03 5.146946828582566802e+00
6.617177914110622623e+03 5.118062644335801714e+00
6.617791411043138396e+03 5.089516510206387956e+00
6.618404907975653259e+03 5.061176783481660557e+00
6.619018404908168122e+03 5.032912157981080270e+00
6.619631901840684804e+03 5.004602749351922064e+00
6.620245398773200577e+03 4.976153365767190806e+00
6.620858895705715440e+03 4.947507084018405443e+00
6.621472392638230303e+03 4.918657437730490578e+00
6.622085889570746076e+03 4.889656361192075806e+00
6.622699386503262758e+03 4.860615142669439948e+00
6.623312883435777621e+03 4.831696521921562848e+00
6.623926380368292484e+03 4.803097551400732357e+00
6.624539877300808257e+03 4.775025372184360961e+00
6.625153374233324030e+03 4.747670336642009659e+00
6.625766871165838893e+03 4.721181106178704567e+00
6.626380368098353756e+03 4.695646254030802602e+00
6.626993865030870438e+03 4.671085468456452006e+00
6.627607361963386211e+03 4.647451131511244782e+00
6.628220858895901074e+03 4.624638972557129968e+00
6.628834355828415937e+03 4.602505604546368367e+00
6.629447852760931710e+03 4.580890575169886958e+00
6.630061349693448392e+03 4.559640267961874827e+00
6.630674846625963255e+03 4.538631699404021447e+00
6.631288343558478118e+03 4.517793107303292643e+00
6.631901840490993891e+03 4.497118352169030331e+00
6.632515337423510573e+03 4.476672357387169399e+00
6.633128834356024527e+03 4.456585368420655335e+00
6.633742331288539390e+03 4.437034818766814936e+00
6.634355828221056072e+03 4.418217606963520616e+00
6.634969325153571845e+03 4.400316629710881777e+00
6.635582822086086708e+03 4.383468038754132934e+00
6.636196319018601571e+03 4.367735717711214605e+00
6.636809815951118253e+03 4.353098110508340390e+00
6.637423312883634026e+03 4.339449139661681443e+00
6.638036809816148889e+03 4.326613339150974014e+00
6.638650306748663752e+03 4.314371698416334056e+00
6.639263803681179525e+03 4.302492313467340068e+00
6.639877300613696207e+03 4.290760101083471945e+00
6.640490797546211070e+03 4.279000723515018478e+00
6.641104294478725024e+03 4.267095045491169358e+00
6.641717791411241706e+03 4.254983301045608179e+00
6.642331288343757478e+03 4.242661093524374927e+00
6.642944785276272341e+03 4.230170099846044529e+00
6.643558282208787205e+03 4.217587062587100810e+00
6.644171779141303887e+03 4.205013610701806570e+00
6.644785276073819659e+03 4.192566575865705580e+00
6.645398773006334523e+03 4.180366667589478169e+00
6.646012269938849386e+03 4.168524701888597583e+00
6.646625766871365158e+03 4.157126075011549737e+00
6.647239263803881840e+03 4.146216362448975623e+00
6.647852760736396704e+03 4.135792811320541773e+00
6.648466257668911567e+03 4.125805636628976814e+00
6.649079754601427339e+03 4.116169940620915568e+00
6.649693251533943112e+03 4.106785564138473177e+00
6.650306748466457975e+03 4.097560023904168958e+00
6.650920245398972838e+03 4.088428070731891850e+00
6.651533742331489520e+03 4.079363351224964518e+00
6.652147239264005293e+03 4.070379196894481133e+00
6.652760736196520156e+03 4.061518374238548112e+00
6.653374233129035019e+03 4.052834377314257885e+00
6.653987730061550792e+03 4.044369447709420307e+00
6.654601226994067474e+03 4.036134701979003481e+00
6.655214723926582337e+03 4.028098953072655419e+00
6.655828220859097200e+03 4.020189391953584490e+00
6.656441717791612973e+03 4.012303730882025299e+00
6.657055214724129655e+03 4.004329947951448254e+00
6.657668711656643609e+03 3.996167915260135040e+00
6.658282208589158472e+03 3.987746421319923407e+00
6.658895705521675154e+03 3.979032763630706349e+00
6.659509202454190927e+03 3.970035203648909494e+00
6.660122699386705790e+03 3.960800398560999636e+00
6.660736196319220653e+03 3.951408498927444946e+00
6.661349693251736426e+03 3.941967612801005050e+00
6.661963190184253108e+03 3.932607161201361556e+00
6.662576687116767971e+03 3.923469096409190726e+00
6.663190184049282834e+03 3.914697114745913531e+00
6.663803680981798607e+03 3.906424956019485695e+00
6.664417177914315289e+03 3.898766334406154499e+00
6.665030674846830152e+03 3.891809284100711253e+00
6.665644171779344106e+03 3.885616340593723628e+00
6.666257668711860788e+03 3.880229164485649918e+00
6.666871165644376561e+03 3.875674650863870863e+00
6.667484662576891424e+03 3.871968829762393316e+00
6.668098159509406287e+03 3.869115536079820838e+00
6.668711656441922969e+03 3.867098958102471951e+00
6.669325153374438742e+03 3.865872088179970412e+00
6.669938650306953605e+03 3.865344923452901593e+00
6.670552147239468468e+03 3.865377099914107717e+00
6.671165644171984241e+03 3.865779157968920021e+00
6.671779141104500923e+03 3.866324532514338941e+00
6.672392638037015786e+03 3.866771467445356603e+00
6.673006134969530649e+03 3.866891173525871306e+00
6.673619631902046422e+03 3.866496549815379602e+00
6.674233128834562194e+03 3.865465020939439444e+00
6.674846625767077057e+03 3.863750099098045787e+00
6.675460122699591921e+03 3.861378916880362500e+00
6.676073619632108603e+03 3.858436048468565360e+00
6.676687116564624375e+03 3.855037398316014219e+00
6.677300613497139238e+03 3.851300194045117919e+00
6.677914110429654102e+03 3.847315931853772408e+00
6.678527607362169874e+03 3.843132151087839343e+00
6.679141104294686556e+03 3.838746678313829097e+00
6.679754601227201420e+03 3.834114797273772801e+00
6.680368098159716283e+03 3.829166762504914612e+00
6.680981595092232055e+03 3.823830536986533968e+00
6.681595092024748737e+03 3.818053624040339322e+00
6.682208588957262691e+03 3.811818532143170568e+00
6.682822085889777554e+03 3.805148652041431934e+00
6.683435582822294236e+03 3.798104211979715039e+00
6.684049079754810009e+03 3.790770828816180771e+00
6.684662576687324872e+03 3.783245028914543617e+00
6.685276073619839735e+03 3.775621153148677411e+00
6.685889570552355508e+03 3.767982579849798785e+00
6.686503067484872190e+03 3.760398122521301900e+00
6.687116564417387053e+03 3.752922281957252970e+00
6.687730061349901916e+03 3.745596907867307923e+00
6.688343558282417689e+03 3.738452270806448041e+00
6.688957055214934371e+03 3.731506723878764475e+00
6.689570552147449234e+03 3.724765376469711065e+00
6.690184049079963188e+03 3.718219032946673774e+00
6.690797546012479870e+03 3.711844378521161225e+00
6.691411042944995643e+03 3.705605898366824746e+00
6.692024539877510506e+03 3.699459770845064277e+00
6.692638036810025369e+03 3.693359771556823379e+00
6.693251533742542051e+03 3.687265200171314206e+00
6.693865030675057824e+03 3.681150584577376872e+00
6.694478527607572687e+03 3.675016138827002177e+00
6.695092024540087550e+03 3.668896977033783813e+00
6.695705521472603323e+03 3.662868445924177152e+00
6.696319018405120005e+03 3.657045038831492789e+00
6.696932515337634868e+03 3.651571543828053379e+00
6.697546012270149731e+03 3.646607193464790342e+00
6.698159509202665504e+03 3.642305685619537936e+00
6.698773006135181276e+03 3.638795316891475728e+00
6.699386503067696140e+03 3.636163499156065626e+00
6.700000000000211003e+03 3.634448987498771988e+00
6.700613496932727685e+03 3.633643452443167998e+00
6.701226993865243458e+03 3.633702212126837860e+00
6.701840490797758321e+03 3.634562264688349309e+00
6.702453987730273184e+03 3.636164491776995966e+00
6.703067484662788956e+03 3.638476917489519735e+00
6.703680981595305639e+03 3.641516380620732463e+00
6.704294478527820502e+03 3.645366884979792221e+00
6.704907975460335365e+03 3.650193924022373082e+00
6.705521472392851138e+03 3.656255127821313788e+00
6.706134969325367820e+03 3.663908074865075193e+00
6.706748466257881773e+03 3.673615268607183459e+00
6.707361963190396636e+03 3.685946163924837649e+00
6.707975460122913319e+03 3.701574547834221018e+00
6.708588957055429091e+03 3.721267411807094305e+00
6.709202453987943954e+03 3.745861544570805890e+00
6.709815950920458818e+03 3.776223303890795080e+00
6.710429447852974590e+03 3.813185739611506975e+00
6.711042944785491272e+03 3.857460904876390817e+00
6.711656441718006135e+03 3.909528232730250075e+00
6.712269938650520999e+03 3.969501731460753025e+00
6.712883435583036771e+03 4.036990583637046548e+00
6.713496932515553453e+03 4.110972081781926413e+00
6.714110429448068317e+03 4.189702126543773275e+00
6.714723926380582270e+03 4.270691119667886504e+00
6.715337423313098952e+03 4.350768008239974449e+00
6.715950920245614725e+03 4.426247169966214479e+00
6.716564417178129588e+03 4.493197247093658753e+00
6.717177914110644451e+03 4.547792535396816049e+00
6.717791411043161133e+03 4.586709062232232625e+00
6.718404907975676906e+03 4.607511342730270520e+00
6.719018404908191769e+03 4.608968940401952707e+00
6.719631901840706632e+03 4.591246680070931063e+00
6.720245398773222405e+03 4.555931438219680274e+00
6.720858895705739087e+03 4.505889745917659894e+00
6.721472392638253950e+03 4.444983079897939504e+00
6.722085889570768813e+03 4.377692868288787231e+00
6.722699386503284586e+03 4.308719947535878170e+00
6.723312883435800359e+03 4.242614318713026300e+00
6.723926380368315222e+03 4.183469826799643521e+00
6.724539877300830085e+03 4.134699126390044555e+00
6.725153374233346767e+03 4.098882457374123156e+00
6.725766871165862540e+03 4.077678072429224088e+00
6.726380368098377403e+03 4.071781737745026497e+00
6.726993865030892266e+03 4.080925271120434239e+00
6.727607361963408039e+03 4.103907742424156346e+00
6.728220858895924721e+03 4.138658234065057506e+00
6.728834355828439584e+03 4.182332133687043374e+00
6.729447852760954447e+03 4.231446180785782829e+00
6.730061349693470220e+03 4.282059553668777774e+00
6.730674846625986902e+03 4.330006743333823849e+00
6.731288343558500856e+03 4.371177654020463876e+00
6.731901840491015719e+03 4.401827619019153204e+00
6.732515337423532401e+03 4.418887171082186427e+00
6.733128834356048174e+03 4.420227577724543444e+00
6.733742331288563037e+03 4.404842928594898233e+00
6.734355828221077900e+03 4.372919197945665637e+00
6.734969325153593672e+03 4.325779129562020486e+00
6.735582822086110355e+03 4.265713529303868157e+00
6.736196319018625218e+03 4.195723838882741141e+00
6.736809815951140081e+03 4.119211645981556202e+00
6.737423312883655854e+03 4.039654183112268981e+00
6.738036809816172536e+03 3.960303347024586529e+00
6.738650306748687399e+03 3.883941050268839845e+00
6.739263803681201352e+03 3.812714612711788575e+00
6.739877300613718035e+03 3.748064304899351384e+00
6.740490797546233807e+03 3.690740833350232286e+00
6.741104294478748670e+03 3.640896297328848341e+00
6.741717791411263534e+03 3.598222835934324682e+00
6.742331288343780216e+03 3.562108932936460359e+00
6.742944785276295988e+03 3.531784507626885894e+00
6.743558282208810851e+03 3.506436531382735922e+00
6.744171779141325715e+03 3.485288028211687816e+00
6.744785276073841487e+03 3.467640660230696170e+00
6.745398773006358169e+03 3.452891381439449514e+00
6.746012269938873033e+03 3.440531670620091909e+00
6.746625766871387896e+03 3.430137891823999752e+00
6.747239263803903668e+03 3.421359398289250731e+00
6.747852760736419441e+03 3.413907424844615512e+00
6.748466257668934304e+03 3.407545659493807833e+00
6.749079754601449167e+03 3.402083517530469781e+00
6.749693251533965849e+03 3.397371929826769499e+00
6.750306748466481622e+03 3.393301413968369040e+00
6.750920245398996485e+03 3.389800752310774712e+00
6.751533742331511348e+03 3.386834028849100786e+00
6.752147239264027121e+03 3.384394434011552377e+00
6.752760736196543803e+03 3.382494043714112664e+00
6.753374233129058666e+03 3.381150874875737955e+00
6.753987730061573529e+03 3.380376316900787437e+00
6.754601226994089302e+03 3.380166209158569579e+00
6.755214723926605984e+03 3.380497590831880839e+00
6.755828220859119938e+03 3.381330453779263223e+00
6.756441717791634801e+03 3.382611967020967558e+00
6.757055214724151483e+03 3.384279687669367043e+00
6.757668711656667256e+03 3.386260817167236148e+00
6.758282208589182119e+03 3.388467234715210719e+00
6.758895705521696982e+03 3.390789128473405079e+00
6.759509202454212755e+03 3.393091401956087605e+00
6.760122699386729437e+03 3.395216867929053972e+00
6.760736196319244300e+03 3.396997790465234424e+00
6.761349693251759163e+03 3.398274028180927164e+00
6.761963190184274936e+03 3.398912783414766547e+00
6.762576687116791618e+03 3.398824711136650745e+00
6.763190184049306481e+03 3.397972034889814363e+00
6.763803680981820435e+03 3.396367682978928215e+00
6.764417177914337117e+03 3.394067589564021770e+00
6.765030674846852889e+03 3.391159805009099859e+00
6.765644171779367753e+03 3.387754466204174975e+00
6.766257668711882616e+03 3.383976735389551571e+00
6.766871165644399298e+03 3.379958234601468714e+00
6.767484662576915071e+03 3.375829259401728066e+00
6.768098159509429934e+03 3.371679609096402075e+00
6.768711656441944797e+03 3.367579678713152447e+00
6.769325153374460569e+03 3.363512652259598390e+00
6.769938650306977252e+03 3.359266671958985206e+00
6.770552147239492115e+03 3.354347456161553165e+00
6.771165644172006978e+03 3.347856930333241277e+00
6.771779141104522751e+03 3.338390675210109571e+00
6.772392638037038523e+03 3.324019441475573711e+00
6.773006134969553386e+03 3.302453896356463581e+00
6.773619631902068249e+03 3.271470539049141202e+00
6.774233128834584932e+03 3.229613804841688918e+00
6.774846625767100704e+03 3.177058901530753765e+00
6.775460122699615567e+03 3.116369406750669313e+00
6.776073619632130431e+03 3.052791115682603529e+00
6.776687116564646203e+03 2.993775410822749450e+00
6.777300613497162885e+03 2.947656759915143532e+00
6.777914110429677748e+03 2.921754940367506936e+00
6.778527607362192612e+03 2.920477060187011809e+00
6.779141104294708384e+03 2.944085982110499433e+00
6.779754601227225066e+03 2.988599230358008008e+00
6.780368098159739020e+03 3.046860181583151306e+00
6.780981595092253883e+03 3.110379948851912157e+00
6.781595092024770565e+03 3.171296103143296463e+00
6.782208588957286338e+03 3.223835547881924057e+00
6.782822085889801201e+03 3.264947197705230675e+00
6.783435582822316064e+03 3.294124027901355056e+00
6.784049079754831837e+03 3.312694345719033429e+00
6.784662576687348519e+03 3.322945971205501170e+00
6.785276073619863382e+03 3.327373771208662401e+00
6.785889570552378245e+03 3.328192311562341743e+00
6.786503067484894018e+03 3.327118050921421322e+00
6.787116564417410700e+03 3.325347376954954193e+00
6.787730061349925563e+03 3.323632483467042320e+00
6.788343558282439517e+03 3.322396536480686446e+00
6.788957055214956199e+03 3.321792852001779650e+00
6.789570552147471972e+03 3.321822944499314811e+00
6.790184049079986835e+03 3.322398675689083980e+00
6.790797546012501698e+03 3.323349706382881408e+00
6.791411042945018380e+03 3.324465124553841910e+00
6.792024539877534153e+03 3.325528516381277555e+00
6.792638036810049016e+03 3.326349276597102111e+00
6.793251533742563879e+03 3.326784574911956227e+00
6.793865030675079652e+03 3.326757177969889678e+00
6.794478527607596334e+03 3.326264820101152875e+00
6.795092024540111197e+03 3.325379790270564406e+00
6.795705521472626060e+03 3.324237517230565153e+00
6.796319018405141833e+03 3.323014801068449042e+00
6.796932515337657605e+03 3.321900854932644531e+00
6.797546012270172469e+03 3.321066230917822715e+00
6.798159509202687332e+03 3.320635963891836351e+00
6.798773006135204014e+03 3.320672486073621421e+00
6.799386503067719786e+03 3.321171460212794635e+00
6.800000000000234650e+03 3.322070232505857312e+00
6.800613496932749513e+03 3.323265283850263874e+00
6.801226993865265285e+03 3.324633680100478550e+00
6.801840490797781968e+03 3.326053306300281065e+00
6.802453987730296831e+03 3.327418240416524231e+00
6.803067484662811694e+03 3.328647713060263857e+00
6.803680981595327466e+03 3.329688823894605409e+00
6.804294478527843239e+03 3.330514273538452752e+00
6.804907975460358102e+03 3.331116786039030053e+00
6.805521472392872965e+03 3.331501673581928724e+00
6.806134969325389648e+03 3.331678873046044931e+00
6.806748466257905420e+03 3.331656189912703958e+00
6.807361963190420283e+03 3.331435000752505537e+00
6.807975460122935147e+03 3.331009555971888414e+00
6.808588957055450919e+03 3.330370303989481418e+00
6.809202453987967601e+03 3.329510254906871136e+00
6.809815950920482464e+03 3.328432257534850613e+00
6.810429447852997328e+03 3.327154603431317526e+00
6.811042944785513100e+03 3.325712836309219433e+00
6.811656441718029782e+03 3.324157168892996950e+00
6.812269938650544645e+03 3.322546698496616102e+00
6.812883435583058599e+03 3.320942866906348545e+00
6.813496932515575281e+03 3.319404579832524682e+00
6.814110429448091054e+03 3.317986307563338677e+00
6.814723926380605917e+03 3.316738769216341698e+00
6.815337423313120780e+03 3.315710154621494432e+00
6.815950920245637462e+03 3.314945768504003354e+00
6.816564417178153235e+03 3.314484639105505170e+00
6.817177914110668098e+03 3.314353599430972075e+00
6.817791411043182961e+03 3.314560915363612192e+00
6.818404907975698734e+03 3.315092234692059492e+00
6.819018404908215416e+03 3.315911041357008759e+00
6.819631901840730279e+03 3.316964491154656969e+00
6.820245398773245142e+03 3.318193010258024156e+00
6.820858895705760915e+03 3.319540937589124496e+00
6.821472392638276688e+03 3.320964571887309091e+00
6.822085889570791551e+03 3.322434691124443340e+00
6.822699386503306414e+03 3.323932230353690898e+00
6.823312883435823096e+03 3.325438368027865188e+00
6.823926380368338869e+03 3.326922757572976508e+00
6.824539877300853732e+03 3.328334609250860776e+00
6.825153374233368595e+03 3.329600900328361757e+00
6.825766871165884368e+03 3.330633802126036436e+00
6.826380368098401050e+03 3.331346193121800248e+00
6.826993865030915913e+03 3.331670594874342584e+00
6.827607361963430776e+03 3.331575658316338284e+00
6.828220858895946549e+03 3.331074569073187774e+00
6.828834355828462321e+03 3.330222546483355472e+00
6.829447852760977185e+03 3.329104615920956078e+00
6.830061349693492048e+03 3.327818027391895139e+00
6.830674846626008730e+03 3.326454989533368156e+00
6.831288343558524502e+03 3.325090613844219334e+00
6.831901840491039366e+03 3.323778009798796340e+00
6.832515337423554229e+03 3.322549450088406964e+00
6.833128834356070001e+03 3.321419726471237066e+00
6.833742331288586684e+03 3.320388269205166054e+00
6.834355828221101547e+03 3.319438265468141136e+00
6.834969325153616410e+03 3.318533383856945740e+00
6.835582822086132182e+03 3.317614788748389110e+00
6.836196319018648865e+03 3.316601730471907317e+00
6.836809815951162818e+03 3.315398068211392602e+00
6.837423312883677681e+03 3.313905032007497642e+00
6.838036809816194364e+03 3.312038941299665584e+00
6.838650306748710136e+03 3.309751234779894524e+00
6.839263803681224999e+03 3.307047201524206059e+00
6.839877300613739862e+03 3.303999068693396879e+00
6.840490797546256545e+03 3.300749522077920162e+00
6.841104294478772317e+03 3.297502137630714092e+00
6.841717791411287180e+03 3.294497928568560940e+00
6.842331288343802044e+03 3.291980713477523857e+00
6.842944785276317816e+03 3.290158150061958775e+00
6.843558282208834498e+03 3.289167549426748050e+00
6.844171779141349361e+03 3.289055108876810074e+00
6.844785276073864225e+03 3.289773745414827477e+00
6.845398773006379997e+03 3.291198825199380007e+00
6.846012269938895770e+03 3.293155669606012470e+00
6.846625766871410633e+03 3.295449692530969088e+00
6.847239263803925496e+03 3.297890799558075514e+00
6.847852760736442178e+03 3.300307390450593736e+00
6.848466257668957951e+03 3.302550005942251232e+00
6.849079754601472814e+03 3.304488539279641479e+00
6.849693251533987677e+03 3.306008189523605090e+00
6.850306748466503450e+03 3.307008068143985735e+00
6.850920245399020132e+03 3.307403673843947622e+00
6.851533742331534995e+03 3.307131880284492453e+00
6.852147239264049858e+03 3.306156464459621080e+00
6.852760736196565631e+03 3.304472128947497200e+00
6.853374233129081404e+03 3.302106716256120844e+00
6.853987730061596267e+03 3.299121505266297660e+00
6.854601226994111130e+03 3.295610084840753018e+00
6.855214723926627812e+03 3.291696055323859671e+00
6.855828220859143585e+03 3.287529154719445401e+00
6.856441717791658448e+03 3.283279121538975165e+00
6.857055214724173311e+03 3.279127297177876876e+00
6.857668711656689084e+03 3.275256390155520059e+00
6.858282208589205766e+03 3.271839433914637940e+00
6.858895705521720629e+03 3.269029308623835117e+00
6.859509202454235492e+03 3.266950120911069622e+00
6.860122699386751265e+03 3.265691346720964283e+00
6.860736196319267947e+03 3.265305112162403045e+00
6.861349693251781900e+03 3.265806284219260558e+00
6.861963190184296764e+03 3.267174760372589581e+00
6.862576687116813446e+03 3.269359144677578932e+00
6.863190184049329218e+03 3.272280685754127116e+00
6.863803680981844082e+03 3.275836969161604273e+00
6.864417177914358945e+03 3.279905243217886568e+00
6.865030674846875627e+03 3.284345609284235579e+00
6.865644171779391399e+03 3.289004739935150745e+00
6.866257668711906263e+03 3.293720804461029772e+00
6.866871165644421126e+03 3.298330016725892211e+00
6.867484662576936898e+03 3.302674952530773922e+00
6.868098159509453581e+03 3.306614158682744442e+00
6.868711656441968444e+03 3.310032016756767170e+00
6.869325153374482397e+03 3.312847454652479318e+00
6.869938650306999079e+03 3.315020219832839121e+00
6.870552147239514852e+03 3.316553653343975228e+00
6.871165644172029715e+03 3.317493396880239143e+00
6.871779141104544578e+03 3.317921720643031591e+00
6.872392638037061261e+03 3.317947232503824395e+00
6.873006134969577033e+03 3.317690623795031879e+00
6.873619631902091896e+03 3.317267678079822701e+00
6.874233128834606759e+03 3.316772030991651743e+00
6.874846625767122532e+03 3.316261123127194566e+00
6.875460122699639214e+03 3.315749053875952868e+00
6.876073619632154077e+03 3.315208948416556556e+00
6.876687116564668941e+03 3.314585058507229398e+00
6.877300613497184713e+03 3.313811794767146601e+00
6.877914110429700486e+03 3.312834627760954387e+00
6.878527607362215349e+03 3.311627091530352285e+00
6.879141104294730212e+03 3.310199404176910942e+00
6.879754601227246894e+03 3.308597198727483590e+00
6.880368098159762667e+03 3.306892117512241658e+00
6.880981595092277530e+03 3.305168444559352992e+00
6.881595092024792393e+03 3.303510975159279717e+00
6.882208588957308166e+03 3.301997911965658172e+00
6.882822085889824848e+03 3.300700204501931800e+00
6.883435582822339711e+03 3.299686495371920714e+00
6.884049079754854574e+03 3.299030406504699364e+00
6.884662576687370347e+03 3.298816019997380167e+00
6.885276073619887029e+03 3.299138447435203680e+00
6.885889570552400983e+03 3.300097381362605109e+00
6.886503067484915846e+03 3.301784307893392167e+00
6.887116564417432528e+03 3.304265545436677609e+00
6.887730061349948301e+03 3.307564230018879226e+00
6.888343558282463164e+03 3.311644781325358000e+00
6.888957055214978027e+03 3.316403169900032033e+00
6.889570552147494709e+03 3.321665587907703276e+00
6.890184049080010482e+03 3.327197334221003278e+00
6.890797546012525345e+03 3.332722449869570003e+00
6.891411042945040208e+03 3.337952793722720912e+00
6.892024539877555981e+03 3.342622990627098112e+00
6.892638036810072663e+03 3.346525200917661369e+00
6.893251533742587526e+03 3.349536410987463242e+00
6.893865030675101480e+03 3.351631732700047550e+00
6.894478527607618162e+03 3.352880074592482273e+00
6.895092024540133934e+03 3.353422990347623145e+00
6.895705521472648797e+03 3.353441703921591355e+00
6.896319018405163661e+03 3.353119574903816513e+00
6.896932515337680343e+03 3.352608234246222008e+00
6.897546012270196115e+03 3.352003455779348329e+00
6.898159509202710979e+03 3.351334095934271673e+00
6.898773006135225842e+03 3.350564678618876968e+00
6.899386503067741614e+03 3.349610026342505265e+00
6.900000000000258296e+03 3.348358648530539217e+00
6.900613496932773160e+03 3.346700720539851126e+00
6.901226993865288023e+03 3.344555786576770995e+00
6.901840490797803795e+03 3.341895236978836614e+00
6.902453987730319568e+03 3.338755382452741838e+00
6.903067484662834431e+03 3.335238419573856472e+00
6.903680981595349294e+03 3.331500753440622020e+00
6.904294478527865977e+03 3.327730944049937190e+00
6.904907975460381749e+03 3.324121874989026892e+00
6.905521472392896612e+03 3.320842550782537650e+00
6.906134969325411475e+03 3.318015204104009186e+00
6.906748466257927248e+03 3.315701132687982167e+00
6.907361963190443930e+03 3.313896966216566931e+00
6.907975460122958793e+03 3.312540573494827001e+00
6.908588957055473657e+03 3.311524353480173488e+00
6.909202453987989429e+03 3.310713029199068291e+00
6.909815950920506111e+03 3.309963138634509860e+00
6.910429447853020065e+03 3.309141747798359567e+00
6.911042944785534928e+03 3.308142306704126678e+00
6.911656441718051610e+03 3.306896013581116733e+00
6.912269938650567383e+03 3.305377699661307567e+00
6.912883435583082246e+03 3.303606355911146153e+00
6.913496932515597109e+03 3.301641181372078293e+00
6.914110429448113791e+03 3.299574605593103449e+00
6.914723926380629564e+03 3.297523787167841114e+00
6.915337423313144427e+03 3.295621302187289547e+00
6.915950920245659290e+03 3.294004763682733650e+00
6.916564417178175063e+03 3.292804708340666409e+00
6.917177914110691745e+03 3.292129792182067582e+00
6.917791411043206608e+03 3.292050157429260437e+00
6.918404907975720562e+03 3.292581396958267792e+00
6.919018404908237244e+03 3.293673051582997058e+00
6.919631901840753017e+03 3.295206107687218555e+00
6.920245398773267880e+03 3.297002537371171549e+00
6.920858895705782743e+03 3.298846815663370347e+00
6.921472392638299425e+03 3.300515971139844851e+00
6.922085889570815198e+03 3.301811844433454990e+00
6.922699386503330061e+03 3.302588468346883577e+00
6.923312883435844924e+03 3.302769098628184796e+00
6.923926380368360697e+03 3.302350384411968154e+00
6.924539877300877379e+03 3.301395165438335333e+00
6.925153374233392242e+03 3.300017421237585236e+00
6.925766871165907105e+03 3.298363638512001650e+00
6.926380368098422878e+03 3.296593970052779987e+00
6.926993865030938650e+03 3.294865096602531018e+00
6.927607361963453513e+03 3.293315571284382237e+00
6.928220858895968377e+03 3.292054405572391929e+00
6.928834355828485059e+03 3.291153820468835534e+00
6.929447852761000831e+03 3.290647340276944721e+00
6.930061349693515695e+03 3.290533676171085276e+00
6.930674846626030558e+03 3.290785519692960737e+00
6.931288343558546330e+03 3.291360773047258270e+00
6.931901840491063012e+03 3.292212812619593976e+00
6.932515337423577876e+03 3.293296647186741755e+00
6.933128834356092739e+03 3.294569679623345237e+00
6.933742331288608511e+03 3.295987900827955563e+00
6.934355828221125194e+03 3.297500107570505268e+00
6.934969325153639147e+03 3.299043549525051411e+00
6.935582822086154010e+03 3.300543858416619791e+00
6.936196319018670692e+03 3.301920523425031284e+00
6.936809815951186465e+03 3.303096952321989743e+00
6.937423312883701328e+03 3.304012269891739351e+00
6.938036809816216191e+03 3.304630841347670156e+00
6.938650306748732874e+03 3.304945871986240569e+00
6.939263803681248646e+03 3.304975273772557287e+00
6.939877300613763509e+03 3.304750495991557901e+00
6.940490797546278372e+03 3.304301983716956936e+00
6.941104294478794145e+03 3.303646767623928504e+00
6.941717791411310827e+03 3.302783704067167925e+00
6.942331288343825690e+03 3.301699630875820191e+00
6.942944785276339644e+03 3.300385945466816739e+00
6.943558282208856326e+03 3.298860668975627686e+00
6.944171779141372099e+03 3.297187999885150766e+00
6.944785276073886962e+03 3.295486558191493387e+00
6.945398773006401825e+03 3.293920656428714455e+00
6.946012269938918507e+03 3.292673971869335858e+00
6.946625766871434280e+03 3.291911218230482827e+00
6.947239263803949143e+03 3.291738150448341393e+00
6.947852760736464006e+03 3.292171597735674915e+00
6.948466257668979779e+03 3.293128599567849868e+00
6.949079754601496461e+03 3.294438357505490966e+00
6.949693251534011324e+03 3.295873973537665869e+00
6.950306748466526187e+03 3.297195699603991059e+00
6.950920245399041960e+03 3.298194863219811257e+00
6.951533742331557733e+03 3.298728571624820027e+00
6.952147239264072596e+03 3.298738688062130109e+00
6.952760736196587459e+03 3.298253164189185682e+00
6.953374233129104141e+03 3.297371819107874913e+00
6.953987730061619914e+03 3.296241803051600527e+00
6.954601226994134777e+03 3.295029188446815027e+00
6.955214723926649640e+03 3.293892813435141065e+00
6.955828220859165413e+03 3.292965160071605446e+00
6.956441717791682095e+03 3.292342693408625731e+00
6.957055214724196958e+03 3.292085594168219664e+00
6.957668711656711821e+03 3.292224529664312449e+00
6.958282208589227594e+03 3.292770568166605738e+00
6.958895705521744276e+03 3.293723818310141827e+00
6.959509202454258229e+03 3.295077249464717806e+00
6.960122699386773093e+03 3.296814377595607137e+00
6.960736196319289775e+03 3.298902025283486417e+00
6.961349693251805547e+03 3.301281523728619050e+00
6.961963190184320410e+03 3.303862644380504587e+00
6.962576687116835274e+03 3.306523931331051269e+00
6.963190184049351956e+03 3.309120920044503311e+00
6.963803680981867728e+03 3.311501108386710968e+00
6.964417177914382592e+03 3.313522388759467141e+00
6.965030674846897455e+03 3.315070591298762803e+00
6.965644171779413227e+03 3.316072570597109692e+00
6.966257668711929909e+03 3.316502629950170977e+00
6.966871165644444773e+03 3.316382097915094640e+00
6.967484662576958726e+03 3.315773282510083853e+00
6.968098159509475408e+03 3.314769319734145459e+00
6.968711656441991181e+03 3.313481007456108962e+00
6.969325153374506044e+03 3.312021429806747186e+00
6.969938650307020907e+03 3.310489275821880462e+00
6.970552147239537589e+03 3.308952485927822540e+00
6.971165644172053362e+03 3.307435118438307509e+00
6.971779141104568225e+03 3.305911153886373910e+00
6.972392638037083088e+03 3.304308674462197004e+00
6.973006134969598861e+03 3.302525934646941774e+00
6.973619631902115543e+03 3.300457784973155562e+00
6.974233128834630406e+03 3.298027396009032053e+00
6.974846625767145269e+03 3.295215554811718572e+00
6.975460122699661042e+03 3.292079404139737875e+00
6.976073619632176815e+03 3.288754848125545749e+00
6.976687116564691678e+03 3.285441305779103871e+00
6.977300613497206541e+03 3.282372528990469274e+00
6.977914110429723223e+03 3.279781209210090864e+00
6.978527607362238996e+03 3.277866512754960659e+00
6.979141104294753859e+03 3.276771943038091717e+00
6.979754601227268722e+03 3.276576950956293643e+00
6.980368098159784495e+03 3.277301087684086678e+00
6.980981595092301177e+03 3.278915919233340581e+00
6.981595092024816040e+03 3.281358746982332875e+00
6.982208588957330903e+03 3.284543412144054209e+00
6.982822085889846676e+03 3.288366294933211531e+00
6.983435582822363358e+03 3.292708578720738188e+00
6.984049079754877312e+03 3.297437797578096852e+00
6.984662576687392175e+03 3.302411815218105673e+00
6.985276073619908857e+03 3.307486899303676786e+00
6.985889570552424630e+03 3.312529027615772836e+00
6.986503067484939493e+03 3.317425661396132597e+00
6.987116564417454356e+03 3.322094034964772291e+00
6.987730061349971038e+03 3.326482819411249903e+00
6.988343558282486811e+03 3.330566274605597066e+00
6.988957055215001674e+03 3.334332747269739272e+00
6.989570552147516537e+03 3.337771342956826093e+00
6.990184049080032310e+03 3.340861477531002155e+00
6.990797546012548992e+03 3.343569012355249725e+00
6.991411042945063855e+03 3.345850258616276385e+00
6.992024539877577809e+03 3.347662439371260845e+00
6.992638036810094491e+03 3.348976915367797957e+00
6.993251533742610263e+03 3.349790598656402718e+00
6.993865030675125126e+03 3.350131600277386656e+00
6.994478527607639990e+03 3.350057318907988524e+00
6.995092024540156672e+03 3.349645786482958076e+00
6.995705521472672444e+03 3.348983298912433959e+00
6.996319018405187308e+03 3.348152294657239736e+00
6.996932515337702171e+03 3.347222977163712976e+00
6.997546012270217943e+03 3.346250387366381140e+00
6.998159509202734625e+03 3.345276295172345371e+00
6.998773006135249489e+03 3.344333545359189586e+00
6.999386503067764352e+03 3.343450012498077495e+00
7.000000000000280124e+03 3.342650170060762704e+00
7.000613496932795897e+03 3.341954013845626736e+00
7.001226993865310760e+03 3.341374739277322536e+00
7.001840490797825623e+03 3.340917234474335196e+00
7.002453987730342305e+03 3.340579025337418795e+00
7.003067484662858078e+03 3.340353859068008191e+00
7.003680981595372941e+03 3.340236517994028986e+00
7.004294478527887804e+03 3.340226329268261463e+00
7.004907975460403577e+03 3.340327020338408115e+00
7.005521472392920259e+03 3.340542002816074607e+00
7.006134969325435122e+03 3.340866275191369361e+00
7.006748466257949985e+03 3.341277866722355938e+00
7.007361963190465758e+03 3.341732467518242711e+00
7.007975460122982440e+03 3.342164066115291821e+00
7.008588957055496394e+03 3.342492229156640793e+00
7.009202453988011257e+03 3.342634090266023872e+00
7.009815950920527939e+03 3.342517429812367880e+00
7.010429447853043712e+03 3.342091014916628744e+00
7.011042944785558575e+03 3.341329818559266585e+00
7.011656441718073438e+03 3.340235211192137399e+00
7.012269938650589211e+03 3.338832105389027305e+00
7.012883435583105893e+03 3.337165834465525727e+00
7.013496932515620756e+03 3.335300838554826619e+00
7.014110429448135619e+03 3.333321237419220484e+00
7.014723926380651392e+03 3.331331707509127327e+00
7.015337423313168074e+03 3.329456473821610807e+00
7.015950920245682937e+03 3.327834490936193657e+00
7.016564417178196891e+03 3.326610266822491280e+00
7.017177914110713573e+03 3.325921220960295521e+00
7.017791411043229346e+03 3.325883227075322246e+00
7.018404907975744209e+03 3.326576349633419749e+00
7.019018404908259072e+03 3.328032670076325417e+00
7.019631901840775754e+03 3.330228011939282862e+00
7.020245398773291527e+03 3.333079236480307017e+00
7.020858895705806390e+03 3.336448647697408454e+00
7.021472392638321253e+03 3.340156438451957310e+00
7.022085889570837026e+03 3.344000780715507659e+00
7.022699386503353708e+03 3.347783100826918101e+00
7.023312883435868571e+03 3.351334186931504533e+00
7.023926380368383434e+03 3.354535776923023516e+00
7.024539877300899207e+03 3.357332868037050222e+00
7.025153374233414979e+03 3.359734050927786431e+00
7.025766871165929842e+03 3.361800237206651332e+00
7.026380368098444706e+03 3.363625361573928441e+00
7.026993865030961388e+03 3.365314621624734492e+00
7.027607361963477160e+03 3.366965893137610522e+00
7.028220858895992023e+03 3.368658192052683464e+00
7.028834355828506887e+03 3.370448231156712549e+00
7.029447852761022659e+03 3.372373258766181436e+00
7.030061349693539341e+03 3.374456667438914703e+00
7.030674846626054205e+03 3.376712789179545204e+00
7.031288343558569068e+03 3.379148831035893696e+00
7.031901840491084840e+03 3.381763899374997440e+00
7.032515337423601522e+03 3.384546925139714890e+00
7.033128834356115476e+03 3.387475697939383412e+00
7.033742331288630339e+03 3.390518580569677809e+00
7.034355828221147021e+03 3.393639220245969756e+00
7.034969325153662794e+03 3.396803071779542105e+00
7.035582822086177657e+03 3.399983839106025751e+00
7.036196319018692520e+03 3.403168521261007218e+00
7.036809815951208293e+03 3.406360628841805571e+00
7.037423312883724975e+03 3.409581919136983608e+00
7.038036809816239838e+03 3.412873263571653659e+00
7.038650306748754701e+03 3.416294429716882686e+00
7.039263803681270474e+03 3.419921386809542163e+00
7.039877300613787156e+03 3.423839152129768859e+00
7.040490797546302019e+03 3.428128918210291420e+00
7.041104294478815973e+03 3.432850218359544847e+00
7.041717791411332655e+03 3.438021694411087292e+00
7.042331288343848428e+03 3.443605987679814628e+00
7.042944785276363291e+03 3.449504479404045920e+00
7.043558282208878154e+03 3.455565328911057055e+00
7.044171779141394836e+03 3.461604115314651509e+00
7.044785276073910609e+03 3.467432107700022748e+00
7.045398773006425472e+03 3.472884406716123973e+00
7.046012269938940335e+03 3.477840150751461579e+00
7.046625766871456108e+03 3.482229617443030723e+00
7.047239263803972790e+03 3.486027366323427579e+00
7.047852760736487653e+03 3.489234864917439616e+00
7.048466257669002516e+03 3.491859061194634517e+00
7.049079754601518289e+03 3.493893727837186880e+00
7.049693251534034061e+03 3.495308740556434479e+00
7.050306748466548925e+03 3.496049659976417701e+00
7.050920245399063788e+03 3.496047238504138122e+00
7.051533742331580470e+03 3.495234327157453524e+00
7.052147239264096243e+03 3.493566672948565710e+00
7.052760736196611106e+03 3.491043842789075757e+00
7.053374233129125969e+03 3.487726434218366478e+00
7.053987730061641741e+03 3.483745539659206525e+00
7.054601226994158424e+03 3.479300880829313769e+00
7.055214723926673287e+03 3.474645411313411980e+00
7.055828220859188150e+03 3.470056857899320057e+00
7.056441717791703923e+03 3.465800329218979847e+00
7.057055214724220605e+03 3.462089695918807664e+00
7.057668711656734558e+03 3.459057217527531591e+00
7.058282208589249421e+03 3.456739630124545215e+00
7.058895705521766104e+03 3.455084871168071725e+00
7.059509202454281876e+03 3.453977926439052659e+00
7.060122699386796739e+03 3.453278557924323700e+00
7.060736196319311603e+03 3.452860197618512039e+00
7.061349693251827375e+03 3.452639188851557961e+00
7.061963190184344057e+03 3.452586595328877017e+00
7.062576687116858920e+03 3.452720056956813721e+00
7.063190184049373784e+03 3.453078950485706233e+00
7.063803680981889556e+03 3.453690964450859990e+00
7.064417177914406238e+03 3.454540607874669877e+00
7.065030674846921102e+03 3.455549301487245373e+00
7.065644171779435055e+03 3.456573472017606896e+00
7.066257668711951737e+03 3.457421796902258038e+00
7.066871165644467510e+03 3.457887168651699650e+00
7.067484662576982373e+03 3.457784850486785189e+00
7.068098159509497236e+03 3.456986535688424844e+00
7.068711656442013918e+03 3.455441476468898543e+00
7.069325153374529691e+03 3.453180291872120389e+00
7.069938650307044554e+03 3.450302434844152000e+00
7.070552147239559417e+03 3.446953005992099861e+00
7.071165644172075190e+03 3.443296848817792188e+00
7.071779141104591872e+03 3.439497135828799124e+00
7.072392638037106735e+03 3.435702339010524575e+00
7.073006134969621598e+03 3.432041187054904796e+00
7.073619631902137371e+03 3.428622152510507615e+00
7.074233128834653144e+03 3.425533197671795982e+00
7.074846625767168007e+03 3.422838700429822634e+00
7.075460122699682870e+03 3.420573151790576638e+00
7.076073619632199552e+03 3.418733409601628637e+00
7.076687116564715325e+03 3.417272067767460175e+00
7.077300613497230188e+03 3.416094131081354845e+00
7.077914110429745051e+03 3.415057983309656819e+00
7.078527607362260824e+03 3.413980519157702176e+00
7.079141104294777506e+03 3.412645922185228997e+00
7.079754601227292369e+03 3.410817715558356777e+00
7.080368098159807232e+03 3.408254043291456092e+00
7.080981595092323005e+03 3.404726038073872196e+00
7.081595092024839687e+03 3.400038560261194664e+00
7.082208588957353641e+03 3.394051753595091370e+00
7.082822085889868504e+03 3.386701075612526868e+00
7.083435582822385186e+03 3.378012855520113433e+00
7.084049079754900959e+03 3.368112360354203361e+00
7.084662576687415822e+03 3.357221850180609035e+00
7.085276073619930685e+03 3.345647378782114156e+00
7.085889570552446457e+03 3.333754509540222344e+00
7.086503067484963140e+03 3.321934972544559717e+00
7.087116564417478003e+03 3.310568088812037679e+00
7.087730061349992866e+03 3.299982241112896730e+00
7.088343558282508639e+03 3.290422252700049288e+00
7.088957055215025321e+03 3.282027862155429521e+00
7.089570552147540184e+03 3.274827073161539204e+00
7.090184049080054137e+03 3.268745938064565593e+00
7.090797546012570820e+03 3.263633462932080231e+00
7.091411042945086592e+03 3.259297529219415956e+00
7.092024539877601455e+03 3.255545271587348743e+00
7.092638036810116319e+03 3.252219978897318953e+00
7.093251533742633001e+03 3.249226970252462543e+00
7.093865030675148773e+03 3.246543039533551056e+00
7.094478527607663636e+03 3.244207740028262510e+00
7.095092024540178500e+03 3.242299427576562643e+00
7.095705521472694272e+03 3.240902607806758873e+00
7.096319018405210954e+03 3.240075077150179617e+00
7.096932515337725818e+03 3.239822768801303710e+00
7.097546012270240681e+03 3.240087349495138547e+00
7.098159509202756453e+03 3.240748032033181403e+00
7.098773006135272226e+03 3.241635642339804502e+00
7.099386503067787089e+03 3.242554922713496879e+00
7.100000000000301952e+03 3.243310577739710432e+00
7.100613496932818634e+03 3.243732905057651550e+00
7.101226993865334407e+03 3.243699480881442998e+00
7.101840490797849270e+03 3.243149839578346239e+00
7.102453987730364133e+03 3.242090656797768311e+00
7.103067484662879906e+03 3.240589921642567983e+00
7.103680981595396588e+03 3.238760419627652709e+00
7.104294478527911451e+03 3.236735377657203649e+00
7.104907975460426314e+03 3.234641432536186301e+00
7.105521472392942087e+03 3.232575311795621964e+00
7.106134969325458769e+03 3.230590168502443404e+00
7.106748466257972723e+03 3.228695052731689330e+00
7.107361963190487586e+03 3.226867077579627097e+00
7.107975460123004268e+03 3.225072012762967066e+00
7.108588957055520041e+03 3.223286732359208706e+00
7.109202453988034904e+03 3.221516603608137075e+00
7.109815950920549767e+03 3.219802440710922919e+00
7.110429447853065540e+03 3.218214988245606367e+00
7.111042944785582222e+03 3.216838659370050202e+00
7.111656441718097085e+03 3.215749366318742641e+00
7.112269938650611948e+03 3.214993094951196451e+00
7.112883435583127721e+03 3.214571769518056676e+00
7.113496932515644403e+03 3.214440917245625862e+00
7.114110429448159266e+03 3.214520252257234478e+00
7.114723926380673220e+03 3.214714385584672485e+00
7.115337423313189902e+03 3.214937486222971597e+00
7.115950920245705674e+03 3.215134538499861083e+00
7.116564417178220538e+03 3.215293016875077292e+00
7.117177914110735401e+03 3.215442186462864171e+00
7.117791411043252083e+03 3.215641369272145056e+00
7.118404907975767856e+03 3.215962041045972608e+00
7.119018404908282719e+03 3.216470066877090694e+00
7.119631901840797582e+03 3.217213402302115721e+00
7.120245398773313354e+03 3.218217819752762665e+00
7.120858895705830037e+03 3.219489956072168813e+00
7.121472392638344900e+03 3.221024688073114373e+00
7.122085889570859763e+03 3.222813052575553172e+00
7.122699386503375536e+03 3.224847622061518759e+00
7.123312883435891308e+03 3.227123916488895183e+00
7.123926380368406171e+03 3.229638297270891023e+00
7.124539877300921034e+03 3.232384188159969085e+00
7.125153374233437717e+03 3.235349350716460570e+00
7.125766871165953489e+03 3.238516595233836615e+00
7.126380368098468352e+03 3.241869662956845310e+00
7.126993865030983216e+03 3.245404530429951695e+00
7.127607361963498988e+03 3.249144575357697740e+00
7.128220858896015670e+03 3.253155931435806725e+00
7.128834355828530533e+03 3.257558290610555130e+00
7.129447852761045397e+03 3.262525871873521055e+00
7.130061349693561169e+03 3.268275113045308267e+00
7.130674846626077851e+03 3.275036961373780642e+00
7.131288343558591805e+03 3.283015814877548344e+00
7.131901840491106668e+03 3.292340389086704011e+00
7.132515337423623350e+03 3.303014507371471620e+00
7.133128834356139123e+03 3.314877279924911768e+00
7.133742331288653986e+03 3.327582114663607982e+00
7.134355828221168849e+03 3.340601664942998816e+00
7.134969325153684622e+03 3.353260657697229696e+00
7.135582822086201304e+03 3.364794422365259052e+00
7.136196319018716167e+03 3.374425405582972992e+00
7.136809815951231030e+03 3.381446005515912567e+00
7.137423312883746803e+03 3.385294727439887907e+00
7.138036809816263485e+03 3.385614192260354649e+00
7.138650306748778348e+03 3.382282900516351276e+00
7.139263803681292302e+03 3.375418568597007507e+00
7.139877300613808984e+03 3.365355383939556244e+00
7.140490797546324757e+03 3.352601263380105667e+00
7.141104294478839620e+03 3.337782831863865152e+00
7.141717791411354483e+03 3.321585658355143522e+00
7.142331288343871165e+03 3.304696112164014821e+00
7.142944785276386938e+03 3.287749561585036062e+00
7.143558282208901801e+03 3.271290125553829586e+00
7.144171779141416664e+03 3.255745025655586211e+00
7.144785276073932437e+03 3.241415615227173141e+00
7.145398773006449119e+03 3.228484770871761889e+00
7.146012269938963982e+03 3.217037577593740760e+00
7.146625766871478845e+03 3.207089522685601324e+00
7.147239263803994618e+03 3.198616004446286354e+00
7.147852760736510390e+03 3.191577641050747260e+00
7.148466257669025254e+03 3.185938157853737795e+00
7.149079754601540117e+03 3.181673030605873809e+00
7.149693251534056799e+03 3.178768699238109008e+00
7.150306748466572571e+03 3.177212559303345341e+00
7.150920245399087435e+03 3.176976244940187488e+00
7.151533742331602298e+03 3.177995714345425604e+00
7.152147239264118070e+03 3.180154100220672575e+00
7.152760736196634753e+03 3.183273557841237000e+00
7.153374233129149616e+03 3.187120245516846584e+00
7.153987730061664479e+03 3.191422021198447201e+00
7.154601226994180251e+03 3.195894690764605528e+00
7.155214723926696024e+03 3.200270012189120106e+00
7.155828220859210887e+03 3.204317775013540537e+00
7.156441717791725750e+03 3.207857699089046832e+00
7.157055214724242433e+03 3.210760964259786743e+00
7.157668711656758205e+03 3.212944562155591655e+00
7.158282208589273068e+03 3.214363194154013392e+00
7.158895705521787932e+03 3.215002667376825052e+00
7.159509202454303704e+03 3.214875821511792076e+00
7.160122699386820386e+03 3.214020420304978920e+00
7.160736196319335249e+03 3.212497278284069946e+00
7.161349693251850113e+03 3.210387312864971143e+00
7.161963190184365885e+03 3.207787851682324831e+00
7.162576687116882567e+03 3.204809946447167768e+00
7.163190184049397430e+03 3.201578431063756724e+00
7.163803680981911384e+03 3.198234090868369073e+00
7.164417177914428066e+03 3.194936358886202754e+00
7.165030674846943839e+03 3.191862746305594634e+00
7.165644171779458702e+03 3.189201404803381656e+00
7.166257668711973565e+03 3.187135745952600185e+00
7.166871165644490247e+03 3.185823535854575006e+00
7.167484662577006020e+03 3.185375130234063601e+00
7.168098159509520883e+03 3.185836852381390916e+00
7.168711656442035746e+03 3.187183354823598602e+00
7.169325153374551519e+03 3.189320397262374485e+00
7.169938650307068201e+03 3.192096147862613975e+00
7.170552147239583064e+03 3.195317496245361877e+00
7.171165644172097927e+03 3.198767749860703891e+00
7.171779141104613700e+03 3.202223189001957238e+00
7.172392638037129473e+03 3.205467115357495178e+00
7.173006134969644336e+03 3.208301410833427347e+00
7.173619631902159199e+03 3.210555663750931821e+00
7.174233128834675881e+03 3.212093763385522216e+00
7.174846625767191654e+03 3.212817516826854458e+00
7.175460122699706517e+03 3.212667435610674804e+00
7.176073619632221380e+03 3.211621366248620379e+00
7.176687116564737153e+03 3.209692660839674971e+00
7.177300613497253835e+03 3.206929344801340065e+00
7.177914110429768698e+03 3.203414435192518450e+00
7.178527607362283561e+03 3.199267010960589630e+00
7.179141104294799334e+03 3.194636578224318679e+00
7.179754601227315106e+03 3.189688543875192295e+00
7.180368098159829970e+03 3.184570897759022579e+00
7.180981595092344833e+03 3.179400441535291222e+00
7.181595092024861515e+03 3.174203924744229077e+00
7.182208588957377287e+03 3.168790714879151427e+00
7.182822085889892151e+03 3.162656157451455563e+00
7.183435582822407014e+03 3.154863107590742288e+00
7.184049079754922786e+03 3.143942086516716472e+00
7.184662576687439469e+03 3.127886145441610477e+00
7.185276073619954332e+03 3.104332289460224548e+00
7.185889570552469195e+03 3.071007149540788017e+00
7.186503067484984967e+03 3.026446232486932786e+00
7.187116564417501650e+03 2.970867492834344148e+00
7.187730061350015603e+03 2.906931201857011260e+00
7.188343558282530466e+03 2.840027942818469153e+00
7.188957055215047149e+03 2.777791185626818926e+00
7.189570552147562921e+03 2.728762154436950915e+00
7.190184049080077784e+03 2.700478533990579244e+00
7.190797546012592647e+03 2.697561222817804527e+00
7.191411042945109330e+03 2.720464529083918670e+00
7.192024539877625102e+03 2.765355029699920308e+00
7.192638036810139965e+03 2.825165299766170257e+00
7.193251533742654829e+03 2.891426686422865266e+00
7.193865030675170601e+03 2.956230565466612337e+00
7.194478527607687283e+03 3.013703699408912584e+00
7.195092024540202146e+03 3.060657001299820656e+00
7.195705521472717010e+03 3.096419202282852723e+00
7.196319018405232782e+03 3.122130432987454185e+00
7.196932515337748555e+03 3.139860356445391076e+00
7.197546012270263418e+03 3.151847804993921809e+00
7.198159509202778281e+03 3.160012804066977932e+00
7.198773006135294963e+03 3.165751580333517889e+00
7.199386503067810736e+03 3.169942853877707467e+00
7.200000000000325599e+03 3.173063102252632994e+00
7.200613496932840462e+03 3.175331940801405128e+00
7.201226993865356235e+03 3.176819243170571294e+00
7.201840490797872917e+03 3.177551485860981906e+00
7.202453987730387780e+03 3.177583862194262920e+00
7.203067484662902643e+03 3.176983545445433599e+00
7.203680981595418416e+03 3.175835329696623965e+00
7.204294478527934189e+03 3.174245232481691215e+00
7.204907975460449052e+03 3.172336196257273144e+00
7.205521472392963915e+03 3.170241332743302110e+00
7.206134969325480597e+03 3.168097830233998824e+00
7.206748466257996370e+03 3.166040739437800067e+00
7.207361963190511233e+03 3.164196157961129963e+00
7.207975460123026096e+03 3.162674336315024703e+00
7.208588957055541869e+03 3.161563621499329457e+00
7.209202453988058551e+03 3.160926022828432824e+00
7.209815950920573414e+03 3.160794836104741101e+00
7.210429447853088277e+03 3.161174820302114608e+00
7.211042944785604050e+03 3.162044899043565671e+00
7.211656441718120732e+03 3.163363116692322397e+00
7.212269938650634685e+03 3.165073190865632213e+00
7.212883435583149549e+03 3.167111362443312483e+00
7.213496932515666231e+03 3.169411861754090953e+00
7.214110429448182003e+03 3.171909896887432190e+00
7.214723926380696867e+03 3.174541848616229789e+00
7.215337423313211730e+03 3.177243957481991288e+00
7.215950920245728412e+03 3.179951768961291059e+00
7.216564417178244184e+03 3.182602183825967934e+00
7.217177914110759048e+03 3.185138995712252008e+00
7.217791411043273911e+03 3.187520324844047348e+00
7.218404907975789683e+03 3.189725227558355414e+00
7.219018404908306366e+03 3.191756259431232312e+00
7.219631901840821229e+03 3.193636231924105395e+00
7.220245398773335182e+03 3.195399670751558840e+00
7.220858895705851864e+03 3.197081814304619574e+00
7.221472392638367637e+03 3.198709188957567839e+00
7.222085889570882500e+03 3.200295155010493442e+00
7.222699386503397363e+03 3.201841933625272585e+00
7.223312883435914046e+03 3.203348061369996280e+00
7.223926380368429818e+03 3.204818228714968242e+00
7.224539877300944681e+03 3.206272416502227607e+00
7.225153374233459544e+03 3.207751470942346472e+00
7.225766871165975317e+03 3.209317954133663164e+00
7.226380368098491999e+03 3.211052451306890987e+00
7.226993865031006862e+03 3.213046100930014859e+00
7.227607361963521726e+03 3.215390468789326217e+00
7.228220858896037498e+03 3.218165385069739148e+00
7.228834355828553271e+03 3.221425623251070736e+00
7.229447852761068134e+03 3.225187886947249449e+00
7.230061349693582997e+03 3.229420269026666457e+00
7.230674846626099679e+03 3.234036734934491175e+00
7.231288343558615452e+03 3.238898924956984615e+00
7.231901840491130315e+03 3.243825998592946291e+00
7.232515337423645178e+03 3.248612235854457353e+00
7.233128834356160951e+03 3.253049797626069495e+00
7.233742331288677633e+03 3.256953243933666808e+00
7.234355828221192496e+03 3.260181820314912660e+00
7.234969325153707359e+03 3.262656025561047279e+00
7.235582822086223132e+03 3.264366020321597617e+00
7.236196319018739814e+03 3.265370709181183440e+00
7.236809815951253768e+03 3.265787987599601649e+00
7.237423312883768631e+03 3.265777616410289408e+00
7.238036809816285313e+03 3.265519711198945796e+00
7.238650306748801086e+03 3.265192120216877214e+00
7.239263803681315949e+03 3.264949984764202284e+00
7.239877300613830812e+03 3.264910479332418181e+00
7.240490797546347494e+03 3.265144991728729629e+00
7.241104294478863267e+03 3.265680022979174257e+00
7.241717791411378130e+03 3.266506356896961005e+00
7.242331288343892993e+03 3.267594185561653930e+00
7.242944785276408766e+03 3.268909766611076240e+00
7.243558282208925448e+03 3.270428135758250310e+00
7.244171779141440311e+03 3.272137028599651387e+00
7.244785276073954265e+03 3.274030114518378998e+00
7.245398773006470947e+03 3.276091474983667595e+00
7.246012269938986719e+03 3.278276929879690549e+00
7.246625766871501583e+03 3.280499480573921822e+00
7.247239263804016446e+03 3.282625846747544873e+00
7.247852760736533128e+03 3.284486852489377107e+00
7.248466257669048900e+03 3.285900509749968723e+00
7.249079754601563764e+03 3.286702355265554765e+00
7.249693251534078627e+03 3.286775899109841692e+00
7.250306748466594399e+03 3.286076320907588943e+00
7.250920245399111081e+03 3.284642607215790377e+00
7.251533742331625945e+03 3.282596068595288408e+00
7.252147239264140808e+03 3.280126301348733620e+00
7.252760736196656580e+03 3.277467001504175137e+00
7.253374233129172353e+03 3.274866295374042835e+00
7.253987730061687216e+03 3.272556106249995267e+00
7.254601226994202079e+03 3.270725096566530876e+00
7.255214723926718762e+03 3.269498584597474000e+00
7.255828220859234534e+03 3.268927702154015513e+00
7.256441717791749397e+03 3.268988507917070852e+00
7.257055214724264260e+03 3.269590438562374857e+00
7.257668711656780033e+03 3.270592287892279959e+00
7.258282208589296715e+03 3.271822977876502225e+00
7.258895705521811578e+03 3.273104021575008904e+00
7.259509202454326442e+03 3.274270690447580012e+00
7.260122699386842214e+03 3.275189237944131193e+00
7.260736196319358896e+03 3.275769090801084360e+00
7.261349693251872850e+03 3.275969348514506052e+00
7.261963190184387713e+03 3.275800394066949117e+00
7.262576687116904395e+03 3.275321120912047856e+00
7.263190184049420168e+03 3.274632264972269002e+00
7.263803680981935031e+03 3.273865967229877327e+00
7.264417177914449894e+03 3.273171883746950339e+00
7.265030674846966576e+03 3.272700614007833408e+00
7.265644171779482349e+03 3.272586145766629429e+00
7.266257668711997212e+03 3.272929522648936551e+00
7.266871165644512075e+03 3.273785908667860234e+00
7.267484662577027848e+03 3.275156436339429433e+00
7.268098159509544530e+03 3.276986415911019801e+00
7.268711656442059393e+03 3.279170547226930132e+00
7.269325153374573347e+03 3.281565525381896720e+00
7.269938650307090029e+03 3.284008989032539905e+00
7.270552147239605802e+03 3.286342284750654930e+00
7.271165644172120665e+03 3.288432692106549649e+00
7.271779141104635528e+03 3.290189888898376491e+00
7.272392638037152210e+03 3.291572334095665298e+00
7.273006134969667983e+03 3.292581803153332487e+00
7.273619631902182846e+03 3.293248062896335426e+00
7.274233128834697709e+03 3.293609031008397636e+00
7.274846625767213482e+03 3.293692858553225911e+00
7.275460122699730164e+03 3.293507248295405532e+00
7.276073619632245027e+03 3.293038096051160490e+00
7.276687116564759890e+03 3.292255921070401214e+00
7.277300613497275663e+03 3.291126050635902356e+00
7.277914110429791435e+03 3.289618328747400344e+00
7.278527607362306298e+03 3.287713933184557291e+00
7.279141104294821162e+03 3.285409004135535493e+00
7.279754601227337844e+03 3.282717397952619631e+00
7.280368098159853616e+03 3.279674108626837725e+00
7.280981595092368480e+03 3.276340127820634773e+00
7.281595092024883343e+03 3.272807290950173087e+00
7.282208588957399115e+03 3.269199431242221010e+00
7.282822085889915797e+03 3.265666530365143760e+00
7.283435582822430661e+03 3.262370207161954916e+00
7.284049079754945524e+03 3.259461921581229049e+00
7.284662576687461296e+03 3.257058499911166471e+00
7.285276073619977979e+03 3.255221511868139572e+00
7.285889570552491932e+03 3.253946885230216690e+00
7.286503067485006795e+03 3.253168620268862554e+00
7.287116564417523477e+03 3.252776822342259511e+00
7.287730061350039250e+03 3.252645906943593346e+00
7.288343558282554113e+03 3.252665992182957044e+00
7.288957055215068976e+03 3.252769634879550953e+00
7.289570552147585659e+03 3.252947849202138642e+00
7.290184049080101431e+03 3.253252654027064761e+00
7.290797546012616294e+03 3.253786985349007121e+00
7.291411042945131157e+03 3.254685534193565211e+00
7.292024539877646930e+03 3.256091070158907641e+00
7.292638036810163612e+03 3.258130730752892390e+00
7.293251533742678475e+03 3.260895770001485783e+00
7.293865030675192429e+03 3.264427191559790664e+00
7.294478527607709111e+03 3.268708655547099884e+00
7.295092024540224884e+03 3.273667282538214707e+00
7.295705521472739747e+03 3.279182078001565692e+00
7.296319018405254610e+03 3.285098505609499675e+00
7.296932515337771292e+03 3.291246427384941775e+00
7.297546012270287065e+03 3.297458126407813328e+00
7.298159509202801928e+03 3.303582829401459531e+00
7.298773006135316791e+03 3.309495232462038583e+00
7.299386503067832564e+03 3.315097090595855889e+00
7.300000000000349246e+03 3.320312452802935965e+00
7.300613496932864109e+03 3.325079487380859344e+00
7.301226993865378972e+03 3.329342050586042934e+00
7.301840490797894745e+03 3.333044766707988771e+00
7.302453987730410518e+03 3.336133740501806333e+00
7.303067484662925381e+03 3.338563024540060820e+00
7.303680981595440244e+03 3.340304302528165792e+00
7.304294478527956926e+03 3.341355905201232712e+00
7.304907975460472699e+03 3.341747638006368426e+00
7.305521472392987562e+03 3.341539656464156849e+00
7.306134969325502425e+03 3.340816557402101594e+00
7.306748466258018198e+03 3.339680104164465924e+00
7.307361963190534880e+03 3.338244688446593056e+00
7.307975460123049743e+03 3.336637722112308246e+00
7.308588957055564606e+03 3.335004322074177630e+00
7.309202453988080379e+03 3.333512708202595931e+00
7.309815950920597061e+03 3.332355289289141709e+00
7.310429447853111014e+03 3.331741601449447199e+00
7.311042944785625878e+03 3.331882268721190421e+00
7.311656441718142560e+03 3.332966696045328359e+00
7.312269938650658332e+03 3.335139865693872885e+00
7.312883435583173195e+03 3.338484134908477063e+00
7.313496932515688059e+03 3.343010286972185163e+00
7.314110429448204741e+03 3.348659350279435731e+00
7.314723926380720513e+03 3.355313694960047055e+00
7.315337423313235377e+03 3.362813745769377860e+00
7.315950920245750240e+03 3.370975495460719173e+00
7.316564417178266012e+03 3.379603534447095381e+00
7.317177914110782694e+03 3.388498949715680553e+00
7.317791411043297558e+03 3.397443058713356834e+00
7.318404907975811511e+03 3.406184743599669495e+00
7.319018404908328193e+03 3.414417943217126439e+00
7.319631901840843966e+03 3.421728987008336276e+00
7.320245398773358829e+03 3.427533949619048670e+00
7.320858895705873692e+03 3.430959708001467323e+00
7.321472392638390374e+03 3.430703675125306606e+00
7.322085889570906147e+03 3.424900186461627527e+00
7.322699386503421010e+03 3.411025414186262594e+00
7.323312883435935873e+03 3.385961474580543307e+00
7.323926380368451646e+03 3.346329552097054627e+00
7.324539877300968328e+03 3.289200022993273187e+00
7.325153374233483191e+03 3.213154284748541922e+00
7.325766871165998054e+03 3.119501166878468457e+00
7.326380368098513827e+03 3.013253421400626131e+00
7.326993865031029600e+03 2.903376896961338716e+00
7.327607361963544463e+03 2.801930547826011697e+00
7.328220858896059326e+03 2.722046609283260921e+00
7.328834355828576008e+03 2.675159314989904225e+00
7.329447852761091781e+03 2.668275570458953805e+00
7.330061349693606644e+03 2.702185553498461790e+00
7.330674846626121507e+03 2.771243782532454958e+00
7.331288343558637280e+03 2.864802673843402037e+00
7.331901840491153962e+03 2.969796073429024297e+00
7.332515337423668825e+03 3.073608981739729185e+00
7.333128834356183688e+03 3.166374629111465389e+00
7.333742331288699461e+03 3.242165859002140493e+00
7.334355828221216143e+03 3.299008634551551467e+00
7.334969325153730097e+03 3.338029023531341011e+00
7.335582822086244960e+03 3.362218103415430814e+00
7.336196319018761642e+03 3.375255669309350282e+00
7.336809815951277415e+03 3.380657890710362601e+00
7.337423312883792278e+03 3.381315663476435862e+00
7.338036809816307141e+03 3.379362111956497383e+00
7.338650306748823823e+03 3.376220979204395789e+00
7.339263803681339596e+03 3.372746830061247536e+00
7.339877300613854459e+03 3.369386303715768527e+00
7.340490797546369322e+03 3.366302945750529574e+00
7.341104294478885095e+03 3.363491501046164345e+00
7.341717791411401777e+03 3.360846340239951324e+00
7.342331288343916640e+03 3.358208453824038653e+00
7.342944785276430594e+03 3.355415672238192037e+00
7.343558282208947276e+03 3.352331178447335525e+00
7.344171779141463048e+03 3.348866732215213915e+00
7.344785276073977911e+03 3.344987763994000662e+00
7.345398773006492775e+03 3.340713646487361466e+00
7.346012269939009457e+03 3.336109604293523656e+00
7.346625766871525229e+03 3.331273931561372859e+00
7.347239263804040093e+03 3.326321685174291609e+00
7.347852760736554956e+03 3.321366913128494858e+00
7.348466257669070728e+03 3.316505955000066397e+00
7.349079754601587410e+03 3.311804057455462580e+00
7.349693251534102274e+03 3.307287641604744977e+00
7.350306748466617137e+03 3.302943572053527177e+00
7.350920245399132909e+03 3.298725606165910484e+00
7.351533742331648682e+03 3.294568129087746655e+00
7.352147239264163545e+03 3.290405343735264054e+00
7.352760736196678408e+03 3.286192939292282844e+00
7.353374233129195090e+03 3.281927852064639772e+00
7.353987730061710863e+03 3.277661503307746305e+00
7.354601226994225726e+03 3.273502371954285284e+00
7.355214723926740589e+03 3.269605745582566669e+00
7.355828220859256362e+03 3.266151437016927339e+00
7.356441717791773044e+03 3.263313160212045538e+00
7.357055214724287907e+03 3.261225738917001404e+00
7.357668711656802770e+03 3.259957335798395750e+00
7.358282208589318543e+03 3.259492815273824728e+00
7.358895705521835225e+03 3.259732270502424534e+00
7.359509202454349179e+03 3.260505386732492905e+00
7.360122699386864042e+03 3.261598660876534606e+00
7.360736196319380724e+03 3.262790299775776059e+00
7.361349693251896497e+03 3.263886369744616989e+00
7.361963190184411360e+03 3.264751420484279354e+00
7.362576687116926223e+03 3.265328101133337046e+00
7.363190184049441996e+03 3.265643051175862954e+00
7.363803680981958678e+03 3.265799013485007229e+00
7.364417177914473541e+03 3.265956024767222576e+00
7.365030674846988404e+03 3.266306044932020924e+00
7.365644171779504177e+03 3.267045978531099237e+00
7.366257668712020859e+03 3.268353151191165651e+00
7.366871165644535722e+03 3.270365634538856980e+00
7.367484662577049676e+03 3.273168565961369403e+00
7.368098159509566358e+03 3.276786932387651508e+00
7.368711656442082131e+03 3.281185591478426922e+00
7.369325153374596994e+03 3.286276854226052091e+00
7.369938650307111857e+03 3.291934844357315981e+00
7.370552147239628539e+03 3.298013659277929222e+00
7.371165644172144312e+03 3.304364431815378200e+00
7.371779141104659175e+03 3.310846201958374646e+00
7.372392638037174038e+03 3.317327782260851343e+00
7.373006134969689811e+03 3.323681778631892847e+00
7.373619631902206493e+03 3.329775930868857259e+00
7.374233128834721356e+03 3.335468504530497924e+00
7.374846625767236219e+03 3.340612492944042611e+00
7.375460122699751992e+03 3.345068852182516927e+00
7.376073619632267764e+03 3.348724256449150616e+00
7.376687116564782627e+03 3.351506283484919191e+00
7.377300613497297491e+03 3.353389911525278322e+00
7.377914110429814173e+03 3.354392884845864398e+00
7.378527607362329945e+03 3.354562378946305934e+00
7.379141104294844808e+03 3.353958891323852498e+00
7.379754601227359672e+03 3.352643473210177749e+00
7.380368098159875444e+03 3.350672430455984951e+00
7.380981595092392126e+03 3.348099216824436120e+00
7.381595092024906990e+03 3.344980326645069724e+00
7.382208588957421853e+03 3.341381131984081598e+00
7.382822085889937625e+03 3.337378404499515838e+00
7.383435582822454307e+03 3.333058401006044669e+00
7.384049079754968261e+03 3.328511785305935167e+00
7.384662576687483124e+03 3.323827960419199368e+00
7.385276073619999806e+03 3.319091052886403048e+00
7.385889570552515579e+03 3.314378679226365865e+00
7.386503067485030442e+03 3.309763361176670138e+00
7.387116564417545305e+03 3.305315770218854698e+00
7.387730061350061078e+03 3.301108773156084641e+00
7.388343558282577760e+03 3.297221070290793588e+00
7.388957055215092623e+03 3.293739357056376438e+00
7.389570552147607486e+03 3.290757753186829504e+00
7.390184049080123259e+03 3.288373576199447257e+00
7.390797546012639941e+03 3.286678820329254513e+00
7.391411042945154804e+03 3.285747826857920550e+00
7.392024539877668758e+03 3.285623112479892693e+00
7.392638036810185440e+03 3.286302327043148175e+00
7.393251533742701213e+03 3.287729972496049147e+00
7.393865030675216076e+03 3.289796739003227000e+00
7.394478527607730939e+03 3.292348205782932080e+00
7.395092024540247621e+03 3.295202355043993947e+00
7.395705521472763394e+03 3.298172930412499149e+00
7.396319018405278257e+03 3.301093777969931864e+00
7.396932515337793120e+03 3.303838645638365712e+00
7.397546012270308893e+03 3.306332380379370051e+00
7.398159509202825575e+03 3.308551987088823587e+00
7.398773006135340438e+03 3.310519087622437961e+00
7.399386503067855301e+03 3.312287002800680558e+00
7.400000000000371074e+03 3.313926343409995035e+00
7.400613496932886846e+03 3.315511535505502483e+00
7.401226993865401710e+03 3.317109129992612093e+00
7.401840490797916573e+03 3.318767487600217336e+00
7.402453987730433255e+03 3.320507360112816109e+00
7.403067484662949028e+03 3.322313949232898800e+00
7.403680981595463891e+03 3.324132299139694435e+00
7.404294478527978754e+03 3.325868399609039017e+00
7.404907975460494526e+03 3.327397451224944902e+00
7.405521472393011209e+03 3.328579092844797582e+00
7.406134969325526072e+03 3.329277227453538934e+00
7.406748466258040935e+03 3.329380339646802689e+00
7.407361963190556708e+03 3.328818531835624928e+00
7.407975460123073390e+03 3.327573821884947769e+00
7.408588957055587343e+03 3.325682415101718803e+00
7.409202453988102206e+03 3.323228797708858373e+00
7.409815950920618889e+03 3.320333020859851381e+00
7.410429447853134661e+03 3.317133197196998395e+00
7.411042944785649524e+03 3.313765756795354900e+00
7.411656441718164388e+03 3.310346123779470240e+00
7.412269938650680160e+03 3.306953178544397520e+00
7.412883435583196842e+03 3.303620670128169845e+00
7.413496932515711705e+03 3.300338071167181475e+00
7.414110429448226569e+03 3.297061806558650776e+00
7.414723926380742341e+03 3.293735194397723554e+00
7.415337423313259023e+03 3.290313211673700611e+00
7.415950920245773887e+03 3.286786258536686045e+00
7.416564417178287840e+03 3.283196654267812153e+00
7.417177914110804522e+03 3.279643174074012180e+00
7.417791411043320295e+03 3.276271549311417619e+00
7.418404907975835158e+03 3.273252870677821669e+00
7.419018404908350021e+03 3.270754974050345432e+00
7.419631901840866703e+03 3.268914094593513564e+00
7.420245398773382476e+03 3.267814095700138921e+00
7.420858895705897339e+03 3.267478487473056692e+00
7.421472392638412202e+03 3.267876804304264304e+00
7.422085889570927975e+03 3.268942716822253569e+00
7.422699386503444657e+03 3.270597826280614129e+00
7.423312883435959520e+03 3.272773367221036178e+00
7.423926380368474383e+03 3.275423118255834432e+00
7.424539877300990156e+03 3.278523846475439818e+00
7.425153374233505929e+03 3.282064262268653998e+00
7.425766871166020792e+03 3.286027155195693883e+00
7.426380368098535655e+03 3.290371945121725261e+00
7.426993865031052337e+03 3.295024608509087294e+00
7.427607361963568110e+03 3.299878894700622567e+00
7.428220858896082973e+03 3.304808966002765303e+00
7.428834355828597836e+03 3.309689132021278901e+00
7.429447852761113609e+03 3.314414137283057560e+00
7.430061349693630291e+03 3.318913168568615291e+00
7.430674846626145154e+03 3.323153192170352987e+00
7.431288343558660017e+03 3.327130241029529145e+00
7.431901840491175790e+03 3.330852108720116611e+00
7.432515337423692472e+03 3.334317876581931905e+00
7.433128834356206426e+03 3.337500989973393839e+00
7.433742331288721289e+03 3.340341324736901374e+00
7.434355828221237971e+03 3.342749048623009145e+00
7.434969325153753744e+03 3.344619763665442669e+00
7.435582822086268607e+03 3.345857222200925740e+00
7.436196319018783470e+03 3.346397979718124471e+00
7.436809815951299242e+03 3.346231794571374429e+00
7.437423312883815925e+03 3.345412321493018037e+00
7.438036809816330788e+03 3.344054911090475812e+00
7.438650306748845651e+03 3.342321076369616062e+00
7.439263803681361424e+03 3.340392852398077927e+00
7.439877300613878106e+03 3.338443117660356840e+00
7.440490797546392969e+03 3.336609985869349870e+00
7.441104294478906922e+03 3.334982202226534298e+00
7.441717791411423605e+03 3.333599733742417026e+00
7.442331288343939377e+03 3.332468331641717629e+00
7.442944785276454240e+03 3.331582254372842389e+00
7.443558282208969104e+03 3.330946242757200082e+00
7.444171779141485786e+03 3.330588218468516715e+00
7.444785276074001558e+03 3.330558061896079280e+00
7.445398773006516421e+03 3.330913538518365691e+00
7.446012269939031285e+03 3.331699633555019968e+00
7.446625766871547057e+03 3.332929738361914307e+00
7.447239263804063739e+03 3.334576380553660346e+00
7.447852760736578603e+03 3.336574220644409561e+00
7.448466257669093466e+03 3.338833742276574590e+00
7.449079754601609238e+03 3.341258509999208037e+00
7.449693251534125011e+03 3.343761572988980468e+00
7.450306748466639874e+03 3.346268495456180325e+00
7.450920245399154737e+03 3.348706129008990118e+00
7.451533742331671419e+03 3.350976524143943536e+00
7.452147239264187192e+03 3.352952240094134062e+00
7.452760736196702055e+03 3.354402806919408064e+00
7.453374233129216918e+03 3.354896248467676312e+00
7.453987730061732691e+03 3.353712476249198549e+00
7.454601226994249373e+03 3.349733808235648258e+00
7.455214723926764236e+03 3.341369337735724976e+00
7.455828220859279099e+03 3.326574582146935022e+00
7.456441717791794872e+03 3.303062493969552094e+00
7.457055214724311554e+03 3.268771583763251165e+00
7.457668711656825508e+03 3.222587728774869653e+00
7.458282208589340371e+03 3.165184966294273039e+00
7.458895705521857053e+03 3.099710686573350582e+00
7.459509202454372826e+03 3.031968398018370259e+00
7.460122699386887689e+03 2.969825451269471728e+00
7.460736196319402552e+03 2.921814689552095334e+00
7.461349693251918325e+03 2.895234431364248184e+00
7.461963190184435007e+03 2.894323935550418447e+00
7.462576687116949870e+03 2.919147773486928443e+00
7.463190184049464733e+03 2.965599039806628312e+00
7.463803680981980506e+03 3.026516832002136947e+00
7.464417177914497188e+03 3.093501360457075577e+00
7.465030674847012051e+03 3.158793843516749522e+00
7.465644171779526005e+03 3.216649996909842102e+00
7.466257668712042687e+03 3.263912054109601613e+00
7.466871165644558459e+03 3.299817722682221621e+00
7.467484662577073323e+03 3.325321086764029488e+00
7.468098159509588186e+03 3.342271456921455552e+00
7.468711656442104868e+03 3.352720200632797187e+00
7.469325153374620641e+03 3.358485915565686764e+00
7.469938650307135504e+03 3.360976401226485777e+00
7.470552147239650367e+03 3.361197601139650271e+00
7.471165644172166139e+03 3.359851562902256283e+00
7.471779141104682822e+03 3.357450929500117365e+00
7.472392638037197685e+03 3.354395080743302060e+00
7.473006134969712548e+03 3.351056139303278059e+00
7.473619631902228321e+03 3.347794814534796437e+00
7.474233128834744093e+03 3.344923522414881667e+00
7.474846625767258956e+03 3.342686005299148277e+00
7.475460122699773819e+03 3.341230551969674334e+00
7.476073619632290502e+03 3.340596054649670243e+00
7.476687116564806274e+03 3.340710446680756895e+00
7.477300613497321137e+03 3.341410693037170532e+00
7.477914110429836001e+03 3.342478255585842994e+00
7.478527607362351773e+03 3.343682660259637895e+00
7.479141104294868455e+03 3.344822955447237955e+00
7.479754601227383318e+03 3.345757883739861160e+00
7.480368098159898182e+03 3.346419385767608112e+00
7.480981595092413954e+03 3.346808717070484107e+00
7.481595092024930636e+03 3.346979084810251415e+00
7.482208588957444590e+03 3.347011530235509902e+00
7.482822085889959453e+03 3.346991066554337202e+00
7.483435582822476135e+03 3.346988662221372035e+00
7.484049079754991908e+03 3.347051738668611165e+00
7.484662576687506771e+03 3.347202747790912980e+00
7.485276073620021634e+03 3.347443147893994109e+00
7.485889570552537407e+03 3.347759592856656141e+00
7.486503067485054089e+03 3.348129769086193974e+00
7.487116564417568952e+03 3.348526593535036788e+00
7.487730061350083815e+03 3.348921328316860180e+00
7.488343558282599588e+03 3.349286172928700012e+00
7.488957055215116270e+03 3.349597031334731412e+00
7.489570552147631133e+03 3.349835868742087719e+00
7.490184049080145087e+03 3.349991836286813740e+00
7.490797546012661769e+03 3.350060291635921672e+00
7.491411042945177542e+03 3.350040157805869168e+00
7.492024539877692405e+03 3.349930751666478024e+00
7.492638036810207268e+03 3.349730295279458758e+00
7.493251533742723950e+03 3.349437587253402793e+00
7.493865030675239723e+03 3.349057083868983042e+00
7.494478527607754586e+03 3.348606106391518011e+00
7.495092024540269449e+03 3.348121526580881024e+00
7.495705521472785222e+03 3.347663207196817314e+00
7.496319018405301904e+03 3.347312073198634330e+00
7.496932515337816767e+03 3.347162342045522543e+00
7.497546012270331630e+03 3.347308973273651844e+00
7.498159509202847403e+03 3.347832788468450449e+00
7.498773006135363175e+03 3.348786101712881713e+00
7.499386503067878039e+03 3.350181778425291412e+00
7.500000000000392902e+03 3.351987979825166164e+00
7.500613496932909584e+03 3.354130026610987692e+00
7.501226993865425356e+03 3.356499208632597320e+00
7.501840490797940220e+03 3.358966975345688777e+00
7.502453987730455083e+03 3.361401884880354629e+00
7.503067484662970855e+03 3.363685767293906892e+00
7.503680981595487538e+03 3.365725350344338729e+00
7.504294478528002401e+03 3.367456918660287624e+00
7.504907975460517264e+03 3.368843680126471618e+00
7.505521472393033036e+03 3.369868244870247054e+00
7.506134969325548809e+03 3.370524433587922086e+00
7.506748466258063672e+03 3.370812848889195301e+00
7.507361963190578535e+03 3.370742776138660801e+00
7.507975460123095218e+03 3.370339437326559828e+00
7.508588957055610990e+03 3.369652727915341650e+00
7.509202453988125853e+03 3.368761981202752054e+00
7.509815950920640717e+03 3.367772683332224570e+00
7.510429447853156489e+03 3.366804271134062887e+00
7.511042944785673171e+03 3.365972320080294455e+00
7.511656441718188034e+03 3.365370940579069714e+00
7.512269938650702898e+03 3.365061538815731446e+00
7.512883435583218670e+03 3.365071259313690000e+00
7.513496932515735352e+03 3.365400938882245896e+00
7.514110429448249306e+03 3.366038625669020234e+00
7.514723926380764169e+03 3.366973418237168669e+00
7.515337423313280851e+03 3.368204338336432624e+00
7.515950920245796624e+03 3.369741084249874064e+00
7.516564417178311487e+03 3.371596362923695800e+00
7.517177914110826350e+03 3.373772130059072616e+00
7.517791411043343032e+03 3.376243955458626544e+00
7.518404907975858805e+03 3.378948925162069017e+00
7.519018404908373668e+03 3.381781445631166783e+00
7.519631901840888531e+03 3.384599253082252179e+00
7.520245398773404304e+03 3.387239056900088308e+00
7.520858895705920986e+03 3.389538255538544487e+00
7.521472392638435849e+03 3.391357942989398300e+00
7.522085889570950712e+03 3.392600117228218970e+00
7.522699386503466485e+03 3.393218814863332433e+00
7.523312883435982258e+03 3.393211438863171558e+00
7.523926380368497121e+03 3.392593239971815056e+00
7.524539877301011984e+03 3.391404213120322364e+00
7.525153374233528666e+03 3.389655020514466877e+00
7.525766871166044439e+03 3.387234784278290611e+00
7.526380368098559302e+03 3.383854952500721325e+00
7.526993865031074165e+03 3.378962068672525909e+00
7.527607361963589938e+03 3.371661124779009366e+00
7.528220858896106620e+03 3.360706197968205799e+00
7.528834355828621483e+03 3.344613734485362144e+00
7.529447852761136346e+03 3.321957162880220249e+00
7.530061349693652119e+03 3.291850497037803525e+00
7.530674846626167891e+03 3.254539436894869020e+00
7.531288343558682755e+03 3.211913138244624655e+00
7.531901840491197618e+03 3.167686754193519416e+00
7.532515337423714300e+03 3.127045428662344584e+00
7.533128834356230072e+03 3.095707017834497865e+00
7.533742331288744936e+03 3.078605595299852560e+00
