# Model for TARGETID=39627854555648169 at z=0, SPECTYPE=GALAXY, SUBTYPE=, smoothing=1.0
# wave_A flux
# 
1.579592038939538952e+03 2.653168879853499140e-01
1.579943059392636769e+03 2.949599434537445442e-01
1.580294079845734586e+03 3.178983819292626745e-01
1.580645100298832176e+03 3.249099480423108810e-01
1.580996120751929993e+03 3.264277727596462397e-01
1.581347141205027810e+03 3.273166875156323097e-01
1.581698161658125628e+03 3.285123749785002212e-01
1.582049182111223217e+03 3.301545868203686895e-01
1.582400202564321035e+03 3.320794396281642191e-01
1.582751223017418852e+03 3.341334851644138793e-01
1.583102243470516669e+03 3.361741420030510685e-01
1.583453263923614259e+03 3.380666536504052799e-01
1.583804284376712076e+03 3.397422476327930374e-01
1.584155304829809893e+03 3.411689500945140896e-01
1.584506325282907483e+03 3.423160830900511820e-01
1.584857345736005300e+03 3.431817680850235419e-01
1.585208366189103117e+03 3.437763380041683470e-01
1.585559386642200934e+03 3.440810747557296878e-01
1.585910407095298524e+03 3.440644933644625425e-01
1.586261427548396341e+03 3.437247043341635222e-01
1.586612448001494158e+03 3.430991584892563173e-01
1.586963468454591975e+03 3.422647616109995017e-01
1.587314488907689565e+03 3.413464371370423245e-01
1.587665509360787382e+03 3.404921156001936566e-01
1.588016529813885199e+03 3.398049192717254030e-01
1.588367550266982789e+03 3.393035416942842275e-01
1.588718570720080606e+03 3.389430080628758057e-01
1.589069591173178424e+03 3.386279922315708069e-01
1.589420611626276241e+03 3.382233388677317043e-01
1.589771632079373830e+03 3.376202405791770556e-01
1.590122652532471648e+03 3.367881124682511329e-01
1.590473672985569465e+03 3.357711510541873112e-01
1.590824693438667282e+03 3.346839664232721945e-01
1.591175713891764872e+03 3.336939994270872178e-01
1.591526734344862689e+03 3.329649192959360793e-01
1.591877754797960506e+03 3.325951514010633270e-01
1.592228775251058323e+03 3.325880759628294658e-01
1.592579795704155913e+03 3.328664823087402747e-01
1.592930816157253730e+03 3.332888177724520062e-01
1.593281836610351547e+03 3.336843931828737952e-01
1.593632857063449137e+03 3.339265621070184320e-01
1.593983877516546954e+03 3.339688795941850863e-01
1.594334897969644771e+03 3.338297407089745317e-01
1.594685918422742589e+03 3.335895057343352677e-01
1.595036938875840178e+03 3.333584080707059361e-01
1.595387959328937995e+03 3.332228309706081193e-01
1.595738979782035813e+03 3.332188171357793882e-01
1.596090000235133630e+03 3.333299238997365910e-01
1.596441020688231220e+03 3.335100395418211239e-01
1.596792041141329037e+03 3.337104913088645430e-01
1.597143061594426854e+03 3.338965167497204289e-01
1.597494082047524444e+03 3.340692952370050151e-01
1.597845102500622261e+03 3.342314185022240425e-01
1.598196122953720078e+03 3.343230221090233156e-01
1.598547143406817895e+03 3.342308421445847610e-01
1.598898163859915485e+03 3.338232920179499130e-01
1.599249184313013302e+03 3.329748229146857752e-01
1.599600204766111119e+03 3.316309582861554084e-01
1.599951225219208936e+03 3.298693889834977688e-01
1.600302245672306526e+03 3.279027679604249457e-01
1.600653266125404343e+03 3.260338962829815168e-01
1.601004286578502160e+03 3.246017661775630891e-01
1.601355307031599750e+03 3.239098547853851984e-01
1.601706327484697567e+03 3.241366496106823369e-01
1.602057347937795384e+03 3.252816723549292188e-01
1.602408368390893202e+03 3.271678858666737799e-01
1.602759388843990791e+03 3.294818181218198694e-01
1.603110409297088609e+03 3.318290882612392467e-01
1.603461429750186426e+03 3.338152086101546789e-01
1.603812450203284243e+03 3.351308887038616513e-01
1.604163470656381833e+03 3.356250532403843856e-01
1.604514491109479650e+03 3.353092049232279104e-01
1.604865511562577467e+03 3.343634554814850501e-01
1.605216532015675057e+03 3.330630061821579502e-01
1.605567552468772874e+03 3.316618923381747241e-01
1.605918572921870691e+03 3.303696702121491358e-01
1.606269593374968508e+03 3.293110200526276898e-01
1.606620613828066098e+03 3.284585238190152467e-01
1.606971634281163915e+03 3.276762297025773707e-01
1.607322654734261732e+03 3.267952602208640256e-01
1.607673675187359549e+03 3.256657999982074392e-01
1.608024695640457139e+03 3.241925329715845128e-01
1.608375716093554956e+03 3.223397113874496567e-01
1.608726736546652774e+03 3.201333973426332413e-01
1.609077756999750363e+03 3.176525977344196727e-01
1.609428777452848180e+03 3.150123955724137836e-01
1.609779797905945998e+03 3.123640493634208815e-01
1.610130818359043815e+03 3.098873277428473294e-01
1.610481838812141405e+03 3.077538035202824762e-01
1.610832859265239222e+03 3.061273114823225838e-01
1.611183879718337039e+03 3.051935810365230539e-01
1.611534900171434856e+03 3.051004661566375509e-01
1.611885920624532446e+03 3.059079107262311914e-01
1.612236941077630263e+03 3.076117591273300755e-01
1.612587961530728080e+03 3.101227450393494456e-01
1.612938981983825670e+03 3.132704022800701926e-01
1.613290002436923487e+03 3.168654583630530208e-01
1.613641022890021304e+03 3.206779865612972014e-01
1.613992043343119121e+03 3.244501583513919596e-01
1.614343063796216711e+03 3.279878897660496451e-01
1.614694084249314528e+03 3.311517598958949593e-01
1.615045104702412345e+03 3.338048087207834413e-01
1.615396125155510163e+03 3.358463923944438045e-01
1.615747145608607752e+03 3.372340203809004455e-01
1.616098166061705570e+03 3.379697277524194021e-01
1.616449186514803387e+03 3.380960637235512767e-01
1.616800206967900976e+03 3.376733788137680214e-01
1.617151227420998794e+03 3.367853696493681159e-01
1.617502247874096611e+03 3.355110781705942236e-01
1.617853268327194428e+03 3.338838364039110607e-01
1.618204288780292018e+03 3.319408175823308493e-01
1.618555309233389835e+03 3.297441079221711258e-01
1.618906329686487652e+03 3.273534207287869813e-01
1.619257350139585469e+03 3.248691288905408703e-01
1.619608370592683059e+03 3.224663074068673252e-01
1.619959391045780876e+03 3.203533978222085077e-01
1.620310411498878693e+03 3.186971225092942728e-01
1.620661431951976283e+03 3.176082146688101737e-01
1.621012452405074100e+03 3.171399477832734792e-01
1.621363472858171917e+03 3.172697847905266988e-01
1.621714493311269734e+03 3.178856080217452584e-01
1.622065513764367324e+03 3.188239796998038056e-01
1.622416534217465141e+03 3.199288292888863294e-01
1.622767554670562959e+03 3.210792044406277634e-01
1.623118575123660776e+03 3.221871841602812481e-01
1.623469595576758365e+03 3.231904054391513403e-01
1.623820616029856183e+03 3.240370959590892497e-01
1.624171636482954000e+03 3.246745642302990564e-01
1.624522656936051590e+03 3.250535178532082403e-01
1.624873677389149407e+03 3.251282838411861942e-01
1.625224697842247224e+03 3.248569892385558822e-01
1.625575718295345041e+03 3.242133311331552026e-01
1.625926738748442631e+03 3.232166182542015598e-01
1.626277759201540448e+03 3.219145924049555685e-01
1.626628779654638265e+03 3.203544418118938752e-01
1.626979800107736082e+03 3.186078892563335985e-01
1.627330820560833672e+03 3.167683836044273837e-01
1.627681841013931489e+03 3.149343018948570494e-01
1.628032861467029306e+03 3.132120195654645722e-01
1.628383881920126896e+03 3.117172792597522335e-01
1.628734902373224713e+03 3.105726017763617008e-01
1.629085922826322530e+03 3.098689953183138557e-01
1.629436943279420348e+03 3.096479503014168411e-01
1.629787963732517937e+03 3.099045107268219024e-01
1.630138984185615755e+03 3.105781639281079975e-01
1.630490004638713572e+03 3.115823114865063914e-01
1.630841025091811389e+03 3.128509354967786704e-01
1.631192045544908979e+03 3.143345784320200620e-01
1.631543065998006796e+03 3.159952185470106256e-01
1.631894086451104613e+03 3.178213071344792029e-01
1.632245106904202203e+03 3.197888280826430840e-01
1.632596127357300020e+03 3.218189340223943651e-01
1.632947147810397837e+03 3.238113861754627898e-01
1.633298168263495654e+03 3.256936249848354503e-01
1.633649188716593244e+03 3.274002261745952991e-01
1.634000209169691061e+03 3.288988480268451031e-01
1.634351229622788878e+03 3.302099008577819017e-01
1.634702250075886695e+03 3.313779717872120112e-01
1.635053270528984285e+03 3.324500397649794436e-01
1.635404290982082102e+03 3.334454242403638302e-01
1.635755311435179919e+03 3.343419061657664781e-01
1.636106331888277509e+03 3.350829312659775461e-01
1.636457352341375326e+03 3.355798725042792308e-01
1.636808372794473144e+03 3.357525339730280667e-01
1.637159393247570961e+03 3.355482831156981205e-01
1.637510413700668551e+03 3.349462134964595883e-01
1.637861434153766368e+03 3.339863429057729483e-01
1.638212454606864185e+03 3.327841140019041077e-01
1.638563475059962002e+03 3.315050916785742263e-01
1.638914495513059592e+03 3.303137696619904418e-01
1.639265515966157409e+03 3.293610126542898531e-01
1.639616536419255226e+03 3.287812382418516810e-01
1.639967556872352816e+03 3.286395319278090366e-01
1.640318577325450633e+03 3.289189958094784760e-01
1.640669597778548450e+03 3.295541239366970299e-01
1.641020618231646267e+03 3.304429148258978266e-01
1.641371638684743857e+03 3.314622462703145644e-01
1.641722659137841674e+03 3.325132601163094392e-01
1.642073679590939491e+03 3.335321023729573842e-01
1.642424700044037309e+03 3.344569377600388194e-01
1.642775720497134898e+03 3.352328033732995261e-01
1.643126740950232715e+03 3.358456086311459865e-01
1.643477761403330533e+03 3.362993122424551284e-01
1.643828781856428122e+03 3.365986645292631252e-01
1.644179802309525940e+03 3.367751587645796962e-01
1.644530822762623757e+03 3.368822111283207299e-01
1.644881843215721574e+03 3.369468631683236737e-01
1.645232863668819164e+03 3.369640155420100536e-01
1.645583884121916981e+03 3.369306673139048636e-01
1.645934904575014798e+03 3.368323841977266531e-01
1.646285925028112615e+03 3.366308042363439501e-01
1.646636945481210205e+03 3.362998027748332897e-01
1.646987965934308022e+03 3.358217614782014193e-01
1.647338986387405839e+03 3.351735225278832941e-01
1.647690006840503429e+03 3.343676414851631251e-01
1.648041027293601246e+03 3.334573186603951855e-01
1.648392047746699063e+03 3.325071321777733346e-01
1.648743068199796880e+03 3.315916722451554000e-01
1.649094088652894470e+03 3.307886125493182949e-01
1.649445109105992287e+03 3.301483611921941508e-01
1.649796129559090105e+03 3.296590378716264258e-01
1.650147150012187922e+03 3.292572379553233564e-01
1.650498170465285511e+03 3.288581459665110840e-01
1.650849190918383329e+03 3.283530564342591607e-01
1.651200211371481146e+03 3.276440216570735142e-01
1.651551231824578736e+03 3.266947142663000347e-01
1.651902252277676553e+03 3.255423685295649738e-01
1.652253272730774370e+03 3.242702540062639693e-01
1.652604293183872187e+03 3.229986253308533284e-01
1.652955313636969777e+03 3.218747356698083983e-01
1.653306334090067594e+03 3.209901263182674547e-01
1.653657354543165411e+03 3.203338489522002952e-01
1.654008374996263228e+03 3.198112757396918138e-01
1.654359395449360818e+03 3.192463756332706293e-01
1.654710415902458635e+03 3.184138673545890419e-01
1.655061436355556452e+03 3.171350421715625201e-01
1.655412456808654042e+03 3.153500504269023952e-01
1.655763477261751859e+03 3.131347223527691237e-01
1.656114497714849676e+03 3.107193425642093554e-01
1.656465518167947494e+03 3.084638861969210000e-01
1.656816538621045083e+03 3.067341391260386962e-01
1.657167559074142900e+03 3.058065672542966129e-01
1.657518579527240718e+03 3.058534818394819110e-01
1.657869599980338535e+03 3.069124764668427208e-01
1.658220620433436125e+03 3.088393593142816362e-01
1.658571640886533942e+03 3.113302235439294741e-01
1.658922661339631759e+03 3.140642128610983685e-01
1.659273681792729349e+03 3.167841450063386133e-01
1.659624702245827166e+03 3.192644082486063017e-01
1.659975722698924983e+03 3.213570446924499113e-01
1.660326743152022800e+03 3.230344789977814823e-01
1.660677763605120390e+03 3.243351845906051745e-01
1.661028784058218207e+03 3.253606605960033260e-01
1.661379804511316024e+03 3.262450651688377778e-01
1.661730824964413841e+03 3.270741457231159943e-01
1.662081845417511431e+03 3.278804073461960011e-01
1.662432865870609248e+03 3.286672486339333732e-01
1.662783886323707065e+03 3.294036510413904661e-01
1.663134906776804655e+03 3.300330280394025984e-01
1.663485927229902472e+03 3.305032360891584919e-01
1.663836947683000290e+03 3.307891472130135568e-01
1.664187968136098107e+03 3.308770993968088714e-01
1.664538988589195696e+03 3.307513819420389023e-01
1.664890009042293514e+03 3.304134944120077355e-01
1.665241029495391331e+03 3.298838995234170124e-01
1.665592049948489148e+03 3.291817792973816825e-01
1.665943070401586738e+03 3.283274984679540598e-01
1.666294090854684555e+03 3.273464823679104185e-01
1.666645111307782372e+03 3.262388116591662390e-01
1.666996131760879962e+03 3.249786023443174132e-01
1.667347152213977779e+03 3.235480647276096633e-01
1.667698172667075596e+03 3.219270688323376817e-01
1.668049193120173413e+03 3.200853490429718118e-01
1.668400213573271003e+03 3.180368437567890894e-01
1.668751234026368820e+03 3.158472704856460922e-01
1.669102254479466637e+03 3.135898303000306808e-01
1.669453274932564455e+03 3.113652208235246910e-01
1.669804295385662044e+03 3.093227906355050516e-01
1.670155315838759861e+03 3.075946373923839072e-01
1.670506336291857679e+03 3.062542901697697939e-01
1.670857356744955268e+03 3.053543551889130736e-01
1.671208377198053086e+03 3.049246743963414108e-01
1.671559397651150903e+03 3.049474665109225269e-01
1.671910418104248720e+03 3.053877358151029231e-01
1.672261438557346310e+03 3.062333506688169615e-01
1.672612459010444127e+03 3.074654394012261704e-01
1.672963479463541944e+03 3.090314733955208393e-01
1.673314499916639761e+03 3.108711517329914020e-01
1.673665520369737351e+03 3.129017278643220212e-01
1.674016540822835168e+03 3.149888023003541426e-01
1.674367561275932985e+03 3.169908134787192133e-01
1.674718581729030575e+03 3.188148045807055464e-01
1.675069602182128392e+03 3.204301519050188896e-01
1.675420622635226209e+03 3.218666084241382785e-01
1.675771643088324026e+03 3.232091474360272443e-01
1.676122663541421616e+03 3.245581424360885481e-01
1.676473683994519433e+03 3.259760007877943733e-01
1.676824704447617250e+03 3.274645634201580613e-01
1.677175724900715068e+03 3.289825104329422434e-01
1.677526745353812657e+03 3.304501070617085756e-01
1.677877765806910475e+03 3.317449499620280795e-01
1.678228786260008292e+03 3.327790006066486117e-01
1.678579806713105881e+03 3.335191671035959704e-01
1.678930827166203699e+03 3.339386150911530238e-01
1.679281847619301516e+03 3.340489274487008498e-01
1.679632868072399333e+03 3.339114074583006131e-01
1.679983888525496923e+03 3.335919327344571972e-01
1.680334908978594740e+03 3.331770594319739542e-01
1.680685929431692557e+03 3.327891915483532914e-01
1.681036949884790374e+03 3.325425544033748793e-01
1.681387970337887964e+03 3.325185384285054280e-01
1.681738990790985781e+03 3.327730414079160814e-01
1.682090011244083598e+03 3.333060052930477690e-01
1.682441031697181188e+03 3.340232828835656420e-01
1.682792052150279005e+03 3.347751922594542906e-01
1.683143072603376822e+03 3.354179702041620303e-01
1.683494093056474640e+03 3.358090604506533405e-01
1.683845113509572229e+03 3.358156985463670585e-01
1.684196133962670046e+03 3.353609739930920597e-01
1.684547154415767864e+03 3.344173385743786642e-01
1.684898174868865681e+03 3.330050361454940933e-01
1.685249195321963271e+03 3.312092870466627481e-01
1.685600215775061088e+03 3.291778074443149071e-01
1.685951236228158905e+03 3.270909586970216498e-01
1.686302256681256495e+03 3.251328815532800176e-01
1.686653277134354312e+03 3.234881891382970776e-01
1.687004297587452129e+03 3.222869491016800425e-01
1.687355318040549946e+03 3.215558865004735090e-01
1.687706338493647536e+03 3.212483617570813244e-01
1.688057358946745353e+03 3.212517530594195536e-01
1.688408379399843170e+03 3.213837597269252333e-01
1.688759399852940987e+03 3.214473070910913721e-01
1.689110420306038577e+03 3.213018645750039815e-01
1.689461440759136394e+03 3.208770724079176295e-01
1.689812461212234211e+03 3.201698428508570338e-01
1.690163481665331801e+03 3.192543126074707249e-01
1.690514502118429618e+03 3.182503212146157168e-01
1.690865522571527436e+03 3.172520960890638508e-01
1.691216543024625253e+03 3.163102174936004984e-01
1.691567563477722842e+03 3.154592152958691775e-01
1.691918583930820660e+03 3.147118937047532761e-01
1.692269604383918477e+03 3.140557294300035940e-01
1.692620624837016294e+03 3.134755167668526465e-01
1.692971645290113884e+03 3.129541922004547283e-01
1.693322665743211701e+03 3.124623003713809521e-01
1.693673686196309518e+03 3.119963766494948665e-01
1.694024706649407108e+03 3.115956086641644696e-01
1.694375727102504925e+03 3.113111816083334871e-01
1.694726747555602742e+03 3.112014307540788005e-01
1.695077768008700559e+03 3.113278831810623037e-01
1.695428788461798149e+03 3.117130975172124896e-01
1.695779808914895966e+03 3.123090639695909054e-01
1.696130829367993783e+03 3.130126706041557738e-01
1.696481849821091600e+03 3.137039219784035771e-01
1.696832870274189190e+03 3.142706491862354290e-01
1.697183890727287007e+03 3.146373720164099552e-01
1.697534911180384825e+03 3.148017817283573216e-01
1.697885931633482414e+03 3.148173761781825064e-01
1.698236952086580231e+03 3.147510472187331487e-01
1.698587972539678049e+03 3.146636983973668533e-01
1.698938992992775866e+03 3.145767234119863920e-01
1.699290013445873456e+03 3.144463814822247016e-01
1.699641033898971273e+03 3.141944897533592296e-01
1.699992054352069090e+03 3.137635246013106283e-01
1.700343074805166907e+03 3.131324190948817643e-01
1.700694095258264497e+03 3.123313295131318057e-01
1.701045115711362314e+03 3.114687738293638875e-01
1.701396136164460131e+03 3.106854236042296269e-01
1.701747156617557721e+03 3.100775642068578364e-01
1.702098177070655538e+03 3.096954201941370388e-01
1.702449197523753355e+03 3.095490281487720541e-01
1.702800217976851172e+03 3.095857037632129272e-01
1.703151238429948762e+03 3.097060914278492172e-01
1.703502258883046579e+03 3.098128303855349763e-01
1.703853279336144396e+03 3.098050584908366711e-01
1.704204299789242214e+03 3.095682197924904955e-01
1.704555320242339803e+03 3.090193460122047653e-01
1.704906340695437621e+03 3.081150935584381356e-01
1.705257361148535438e+03 3.068308264514125749e-01
1.705608381601633027e+03 3.051937383245508784e-01
1.705959402054730845e+03 3.032904565142348075e-01
1.706310422507828662e+03 3.012475044549540737e-01
1.706661442960926479e+03 2.992177618621635338e-01
1.707012463414024069e+03 2.973605960066196263e-01
1.707363483867121886e+03 2.957980320314325118e-01
1.707714504320219703e+03 2.945687672293066939e-01
1.708065524773317520e+03 2.936434397613480463e-01
1.708416545226415110e+03 2.929679781630204483e-01
1.708767565679512927e+03 2.924704112058722494e-01
1.709118586132610744e+03 2.920914125122605620e-01
1.709469606585708334e+03 2.918351315980054483e-01
1.709820627038806151e+03 2.917511300806169272e-01
1.710171647491903968e+03 2.918912312009548371e-01
1.710522667945001785e+03 2.923054612840537136e-01
1.710873688398099375e+03 2.930242378229382938e-01
1.711224708851197192e+03 2.940155843578416972e-01
1.711575729304295010e+03 2.951896466089709570e-01
1.711926749757392827e+03 2.964358307881408972e-01
1.712277770210490417e+03 2.976343547628261810e-01
1.712628790663588234e+03 2.986600939647747754e-01
1.712979811116686051e+03 2.994084115848203997e-01
1.713330831569783641e+03 2.998196204076061244e-01
1.713681852022881458e+03 2.998771041838321216e-01
1.714032872475979275e+03 2.996009771004383149e-01
1.714383892929077092e+03 2.990383634414757186e-01
1.714734913382174682e+03 2.982182826859026692e-01
1.715085933835272499e+03 2.971377585591092885e-01
1.715436954288370316e+03 2.957940024411956914e-01
1.715787974741468133e+03 2.941724678054645770e-01
1.716138995194565723e+03 2.922373908601915149e-01
1.716490015647663540e+03 2.899881926620358485e-01
1.716841036100761357e+03 2.874817059579146683e-01
1.717192056553858947e+03 2.848075672759383670e-01
1.717543077006956764e+03 2.820976860357296001e-01
1.717894097460054581e+03 2.795120743455828949e-01
1.718245117913152399e+03 2.771680102186976358e-01
1.718596138366249988e+03 2.751202401526262054e-01
1.718947158819347806e+03 2.733887424278784728e-01
1.719298179272445623e+03 2.719570872442504950e-01
1.719649199725543440e+03 2.707751730114996702e-01
1.720000220178641030e+03 2.698114691319084546e-01
1.720351240631738847e+03 2.690693799007306541e-01
1.720702261084836664e+03 2.685589749303310958e-01
1.721053281537934254e+03 2.683103228390444905e-01
1.721404301991032071e+03 2.683713225014873194e-01
1.721755322444129888e+03 2.687598972934011066e-01
1.722106342897227705e+03 2.694526933351595877e-01
1.722457363350325295e+03 2.704146967264899892e-01
1.722808383803423112e+03 2.716173937581549680e-01
1.723159404256520929e+03 2.730305741307233469e-01
1.723510424709618746e+03 2.746235934565188774e-01
1.723861445162716336e+03 2.763962905853168950e-01
1.724212465615814153e+03 2.783754852011531833e-01
1.724563486068911971e+03 2.805571295644064267e-01
1.724914506522009560e+03 2.829064693769561822e-01
1.725265526975107377e+03 2.853857646969324424e-01
1.725616547428205195e+03 2.879223824473412519e-01
1.725967567881303012e+03 2.904115012902974691e-01
1.726318588334400602e+03 2.927676071601025831e-01
1.726669608787498419e+03 2.949199723670107853e-01
1.727020629240596236e+03 2.968177459956065078e-01
1.727371649693694053e+03 2.984413914126484713e-01
1.727722670146791643e+03 2.997734054402669823e-01
1.728073690599889460e+03 3.007871201039138964e-01
1.728424711052987277e+03 3.014728062653641572e-01
1.728775731506084867e+03 3.018459995206607127e-01
1.729126751959182684e+03 3.019372375717888080e-01
1.729477772412280501e+03 3.018099831757806717e-01
1.729828792865378318e+03 3.015662168758236339e-01
1.730179813318475908e+03 3.013086887181028461e-01
1.730530833771573725e+03 3.011196647607656263e-01
1.730881854224671542e+03 3.010660066500052690e-01
1.731232874677769360e+03 3.011765547857817582e-01
1.731583895130866949e+03 3.014293778360903620e-01
1.731934915583964766e+03 3.017859526378959267e-01
1.732285936037062584e+03 3.022098222106133769e-01
1.732636956490160173e+03 3.026520938667597860e-01
1.732987976943257991e+03 3.030684510277736332e-01
1.733338997396355808e+03 3.034484779564731727e-01
1.733690017849453625e+03 3.037985600246981832e-01
1.734041038302551215e+03 3.041157908102569696e-01
1.734392058755649032e+03 3.044018656033372072e-01
1.734743079208746849e+03 3.046577336022807669e-01
1.735094099661844666e+03 3.048600628885835828e-01
1.735445120114942256e+03 3.049659051416847011e-01
1.735796140568040073e+03 3.049249556159595032e-01
1.736147161021137890e+03 3.046636204007575621e-01
1.736498181474235480e+03 3.040993573448793619e-01
1.736849201927333297e+03 3.031946502456110970e-01
1.737200222380431114e+03 3.019568803264547352e-01
1.737551242833528931e+03 3.004513599166340199e-01
1.737902263286626521e+03 2.988298902675834423e-01
1.738253283739724338e+03 2.972724349618118822e-01
1.738604304192822156e+03 2.959338650973061258e-01
1.738955324645919973e+03 2.949183877972704204e-01
1.739306345099017562e+03 2.942593571395396568e-01
1.739657365552115380e+03 2.939160755453184559e-01
1.740008386005213197e+03 2.938176940889996036e-01
1.740359406458310787e+03 2.939061106241113164e-01
1.740710426911408604e+03 2.941419041086723585e-01
1.741061447364506421e+03 2.945014279466899865e-01
1.741412467817604238e+03 2.949885690924344828e-01
1.741763488270701828e+03 2.956191873910120060e-01
1.742114508723799645e+03 2.963819585595045547e-01
1.742465529176897462e+03 2.972394073519024627e-01
1.742816549629995279e+03 2.981431456478718101e-01
1.743167570083092869e+03 2.990131896040589821e-01
1.743518590536190686e+03 2.997452147151495883e-01
1.743869610989288503e+03 3.002472974405242523e-01
1.744220631442386093e+03 3.004369051725623851e-01
1.744571651895483910e+03 3.002289872937886628e-01
1.744922672348581727e+03 2.995601169322297253e-01
1.745273692801679545e+03 2.984103535127944906e-01
1.745624713254777134e+03 2.967879413044128833e-01
1.745975733707874952e+03 2.947461654518962471e-01
1.746326754160972769e+03 2.924302370111633298e-01
1.746677774614070586e+03 2.900277812522987775e-01
1.747028795067168176e+03 2.877185083455662262e-01
1.747379815520265993e+03 2.856954800218921009e-01
1.747730835973363810e+03 2.841144835448972117e-01
1.748081856426461400e+03 2.830199475873983461e-01
1.748432876879559217e+03 2.823610474374499413e-01
1.748783897332657034e+03 2.820471791285260599e-01
1.749134917785754851e+03 2.819562715053366420e-01
1.749485938238852441e+03 2.819536870261960537e-01
1.749836958691950258e+03 2.819455346665509787e-01
1.750187979145048075e+03 2.818954279083338843e-01
1.750538999598145892e+03 2.818155479876610081e-01
1.750890020051243482e+03 2.817753242843068495e-01
1.751241040504341299e+03 2.818856591835375847e-01
1.751592060957439116e+03 2.822539005299622428e-01
1.751943081410536706e+03 2.829717516166253000e-01
1.752294101863634523e+03 2.841166622674441422e-01
1.752645122316732341e+03 2.857285958867625819e-01
1.752996142769830158e+03 2.877821636517964299e-01
1.753347163222927747e+03 2.901865035439567531e-01
1.753698183676025565e+03 2.928279376756027785e-01
1.754049204129123382e+03 2.955822009483783375e-01
1.754400224582221199e+03 2.983194877811395918e-01
1.754751245035318789e+03 3.009012619230979624e-01
1.755102265488416606e+03 3.031880164878842931e-01
1.755453285941514423e+03 3.050690894153390009e-01
1.755804306394612013e+03 3.064638406107016433e-01
1.756155326847709830e+03 3.072913844567108921e-01
1.756506347300807647e+03 3.074810487315591812e-01
1.756857367753905464e+03 3.070145383124924798e-01
1.757208388207003054e+03 3.059217649856078580e-01
1.757559408660100871e+03 3.042565712981738502e-01
1.757910429113198688e+03 3.020973063308897144e-01
1.758261449566296506e+03 2.995555097446778725e-01
1.758612470019394095e+03 2.967541330340851546e-01
1.758963490472491912e+03 2.938149396653940149e-01
1.759314510925589730e+03 2.909129037208755264e-01
1.759665531378687319e+03 2.882681186071348600e-01
1.760016551831785137e+03 2.860817609801029615e-01
1.760367572284882954e+03 2.845281063932270649e-01
1.760718592737980771e+03 2.837126968629003487e-01
1.761069613191078361e+03 2.836172096332323922e-01
1.761420633644176178e+03 2.841163322736381946e-01
1.761771654097273995e+03 2.850144743411276438e-01
1.762122674550371812e+03 2.860709059229152862e-01
1.762473695003469402e+03 2.870663879561852205e-01
1.762824715456567219e+03 2.878813172614854698e-01
1.763175735909665036e+03 2.884947594385666725e-01
1.763526756362762626e+03 2.889618830819203898e-01
1.763877776815860443e+03 2.894034012157634672e-01
1.764228797268958260e+03 2.899551274232861076e-01
1.764579817722056077e+03 2.906937011084396172e-01
1.764930838175153667e+03 2.916213344861505741e-01
1.765281858628251484e+03 2.926765278544519178e-01
1.765632879081349301e+03 2.937344486953635814e-01
1.765983899534447119e+03 2.946471453852418376e-01
1.766334919987544708e+03 2.952920870456675617e-01
1.766685940440642526e+03 2.955864497434289584e-01
1.767036960893740343e+03 2.954888977374734438e-01
1.767387981346837933e+03 2.950162444430842745e-01
1.767739001799935750e+03 2.942307241724990696e-01
1.768090022253033567e+03 2.931928863449000944e-01
1.768441042706131384e+03 2.919721480312866824e-01
1.768792063159228974e+03 2.906720347182571995e-01
1.769143083612326791e+03 2.893904636029387412e-01
1.769494104065424608e+03 2.881992024422329601e-01
1.769845124518522425e+03 2.871629769753113459e-01
1.770196144971620015e+03 2.863237269013851893e-01
1.770547165424717832e+03 2.856775109663767243e-01
1.770898185877815649e+03 2.852003053964268231e-01
1.771249206330913239e+03 2.848532842029063428e-01
1.771600226784011056e+03 2.845766951352933782e-01
1.771951247237108873e+03 2.843267431378960763e-01
1.772302267690206691e+03 2.840888197772322155e-01
1.772653288143304280e+03 2.838486433371391615e-01
1.773004308596402097e+03 2.835939206037799698e-01
1.773355329049499915e+03 2.833249761138899037e-01
1.773706349502597732e+03 2.830392295274404835e-01
1.774057369955695322e+03 2.827281371891526840e-01
1.774408390408793139e+03 2.823974787607956838e-01
1.774759410861890956e+03 2.820798002874928545e-01
1.775110431314988546e+03 2.818167270589676532e-01
1.775461451768086363e+03 2.816594587613502898e-01
1.775812472221184180e+03 2.816807474351856744e-01
1.776163492674281997e+03 2.819465852457575528e-01
1.776514513127379587e+03 2.824750342577101447e-01
1.776865533580477404e+03 2.832313878610962510e-01
1.777216554033575221e+03 2.841486106744290918e-01
1.777567574486673038e+03 2.851509121811087177e-01
1.777918594939770628e+03 2.861719549367865434e-01
1.778269615392868445e+03 2.871570026585922863e-01
1.778620635845966262e+03 2.880568371335429090e-01
1.778971656299063852e+03 2.888371972407308697e-01
1.779322676752161669e+03 2.894916432703145692e-01
1.779673697205259487e+03 2.900123500389547582e-01
1.780024717658357304e+03 2.903641807213040993e-01
1.780375738111454893e+03 2.905229033094559044e-01
1.780726758564552711e+03 2.904843391757718218e-01
1.781077779017650528e+03 2.902396587547600437e-01
1.781428799470748345e+03 2.898123024802223835e-01
1.781779819923845935e+03 2.892720005820757501e-01
1.782130840376943752e+03 2.886897460739812349e-01
1.782481860830041569e+03 2.881227363873770098e-01
1.782832881283139159e+03 2.876142470697740094e-01
1.783183901736236976e+03 2.871744802567939847e-01
1.783534922189334793e+03 2.867740525371273996e-01
1.783885942642432610e+03 2.863691302474144496e-01
1.784236963095530200e+03 2.859135978014429869e-01
1.784587983548628017e+03 2.853526541494458835e-01
1.784939004001725834e+03 2.846471524848527279e-01
1.785290024454823651e+03 2.837989835092183943e-01
1.785641044907921241e+03 2.828363179140389594e-01
1.785992065361019058e+03 2.818188864015448436e-01
1.786343085814116876e+03 2.808470437299184219e-01
1.786694106267214465e+03 2.800187559548760752e-01
1.787045126720312282e+03 2.794065016964268899e-01
1.787396147173410100e+03 2.790727861046694014e-01
1.787747167626507917e+03 2.790495579452870745e-01
1.788098188079605507e+03 2.793072854821169737e-01
1.788449208532703324e+03 2.797766219284928413e-01
1.788800228985801141e+03 2.803697194004165505e-01
1.789151249438898958e+03 2.809704352940550764e-01
1.789502269891996548e+03 2.814645701022165936e-01
1.789853290345094365e+03 2.817983764339953012e-01
1.790204310798192182e+03 2.819755327015258106e-01
1.790555331251289772e+03 2.820417863875288589e-01
1.790906351704387589e+03 2.820919226557362380e-01
1.791257372157485406e+03 2.822351200118558001e-01
1.791608392610583223e+03 2.825402876302446353e-01
1.791959413063680813e+03 2.830366970380613356e-01
1.792310433516778630e+03 2.837331965236539744e-01
1.792661453969876447e+03 2.846075443426003826e-01
1.793012474422974265e+03 2.856251456609262829e-01
1.793363494876071854e+03 2.867714095769258731e-01
1.793714515329169672e+03 2.880238281020559565e-01
1.794065535782267489e+03 2.893210942966736310e-01
1.794416556235365078e+03 2.906041461740810905e-01
1.794767576688462896e+03 2.918219428031185725e-01
1.795118597141560713e+03 2.928882228407558852e-01
1.795469617594658530e+03 2.937205458919207590e-01
1.795820638047756120e+03 2.942781827033683628e-01
1.796171658500853937e+03 2.945423508523682954e-01
1.796522678953951754e+03 2.945455229105616857e-01
1.796873699407049571e+03 2.943927128174712027e-01
1.797224719860147161e+03 2.942244390288362155e-01
1.797575740313244978e+03 2.941793543952352374e-01
1.797926760766342795e+03 2.943714660201569577e-01
1.798277781219440385e+03 2.948595772435283480e-01
1.798628801672538202e+03 2.956193181925174107e-01
1.798979822125636019e+03 2.965609101936692582e-01
1.799330842578733836e+03 2.975713151170187865e-01
1.799681863031831426e+03 2.985140150026386885e-01
1.800032883484929243e+03 2.992548542911694920e-01
1.800383903938027061e+03 2.997250309630570264e-01
1.800734924391124878e+03 2.999180108137495249e-01
1.801085944844222468e+03 2.998526104044203500e-01
1.801436965297320285e+03 2.995793070412479109e-01
1.801787985750418102e+03 2.991536898242065368e-01
1.802139006203515692e+03 2.985918569837773262e-01
1.802490026656613509e+03 2.978967234174421663e-01
1.802841047109711326e+03 2.970735560313697010e-01
1.803192067562809143e+03 2.961130392470484596e-01
1.803543088015906733e+03 2.950160025871302327e-01
1.803894108469004550e+03 2.938172982338556061e-01
1.804245128922102367e+03 2.925597544588649512e-01
1.804596149375200184e+03 2.912707844510724065e-01
1.804947169828297774e+03 2.899894406397854896e-01
1.805298190281395591e+03 2.887548546610805289e-01
1.805649210734493408e+03 2.875831908134383053e-01
1.806000231187590998e+03 2.865117460559281071e-01
1.806351251640688815e+03 2.855859700707781279e-01
1.806702272093786632e+03 2.848222885431963558e-01
1.807053292546884450e+03 2.842362154566944743e-01
1.807404312999982039e+03 2.838541382048469508e-01
1.807755333453079857e+03 2.836731788639943463e-01
1.808106353906177674e+03 2.836488874058218368e-01
1.808457374359275491e+03 2.837152318779101456e-01
1.808808394812373081e+03 2.837831703995353783e-01
1.809159415265470898e+03 2.837448821245808217e-01
1.809510435718568715e+03 2.835131584293371088e-01
1.809861456171666305e+03 2.830427800035772989e-01
1.810212476624764122e+03 2.823193830903641954e-01
1.810563497077861939e+03 2.813733686639003917e-01
1.810914517530959756e+03 2.803058827176784229e-01
1.811265537984057346e+03 2.792483835171840068e-01
1.811616558437155163e+03 2.783207454557921068e-01
1.811967578890252980e+03 2.776401831956244459e-01
1.812318599343350797e+03 2.772810733068689082e-01
1.812669619796448387e+03 2.772271351522532234e-01
1.813020640249546204e+03 2.773964815245550941e-01
1.813371660702644022e+03 2.776670235794393982e-01
1.813722681155741611e+03 2.778825879018128608e-01
1.814073701608839428e+03 2.779081905290218257e-01
1.814424722061937246e+03 2.776837963734658521e-01
1.814775742515035063e+03 2.772218405515697315e-01
1.815126762968132653e+03 2.765960909193503348e-01
1.815477783421230470e+03 2.759351096632574052e-01
1.815828803874328287e+03 2.753745077700647803e-01
1.816179824327426104e+03 2.749987524912747561e-01
1.816530844780523694e+03 2.748398629539317017e-01
1.816881865233621511e+03 2.748850552915016454e-01
1.817232885686719328e+03 2.750580610893685884e-01
1.817583906139816918e+03 2.752446857478049180e-01
1.817934926592914735e+03 2.753407318479218491e-01
1.818285947046012552e+03 2.752651355040242054e-01
1.818636967499110369e+03 2.749856754776197620e-01
1.818987987952207959e+03 2.745467299755239843e-01
1.819339008405305776e+03 2.740369254963951340e-01
1.819690028858403593e+03 2.735488614281701425e-01
1.820041049311501411e+03 2.731725449976570297e-01
1.820392069764599000e+03 2.729694343830647574e-01
1.820743090217696817e+03 2.729435124682549341e-01
1.821094110670794635e+03 2.730688784409702752e-01
1.821445131123892224e+03 2.733215277650012931e-01
1.821796151576990042e+03 2.736758249733141080e-01
1.822147172030087859e+03 2.741116948501981510e-01
1.822498192483185676e+03 2.746220813059692123e-01
1.822849212936283266e+03 2.751870502394183626e-01
1.823200233389381083e+03 2.757582990425387903e-01
1.823551253842478900e+03 2.762816055306908103e-01
1.823902274295576717e+03 2.767068869166754430e-01
1.824253294748674307e+03 2.769848090297370446e-01
1.824604315201772124e+03 2.770899876872712220e-01
1.824955335654869941e+03 2.770357668740202062e-01
1.825306356107967531e+03 2.768516875482691653e-01
1.825657376561065348e+03 2.765757272029893965e-01
1.826008397014163165e+03 2.762565633761855377e-01
1.826359417467260982e+03 2.759226205639078167e-01
1.826710437920358572e+03 2.755666136096347474e-01
1.827061458373456389e+03 2.751679216612459289e-01
1.827412478826554207e+03 2.746907553946686953e-01
1.827763499279652024e+03 2.740904659768208518e-01
1.828114519732749613e+03 2.733564971873155836e-01
1.828465540185847431e+03 2.725171480845982597e-01
1.828816560638945248e+03 2.716155166528598786e-01
1.829167581092042838e+03 2.707236292540987632e-01
1.829518601545140655e+03 2.699529656447052783e-01
1.829869621998238472e+03 2.694153452011711081e-01
1.830220642451336289e+03 2.691929202460500159e-01
1.830571662904433879e+03 2.693301511347262478e-01
1.830922683357531696e+03 2.698155497851555396e-01
1.831273703810629513e+03 2.705799986944181779e-01
1.831624724263727330e+03 2.715195268223565828e-01
1.831975744716824920e+03 2.725146472734065184e-01
1.832326765169922737e+03 2.734493200969013715e-01
1.832677785623020554e+03 2.742343861815464412e-01
1.833028806076118144e+03 2.748199788778965535e-01
1.833379826529215961e+03 2.751857365058097971e-01
1.833730846982313778e+03 2.753332315565932831e-01
1.834081867435411596e+03 2.752975696803628969e-01
1.834432887888509185e+03 2.751194995058974246e-01
1.834783908341607003e+03 2.748149890651859772e-01
1.835134928794704820e+03 2.743989496188180555e-01
1.835485949247802637e+03 2.738861057737405069e-01
1.835836969700900227e+03 2.732693834780799969e-01
1.836187990153998044e+03 2.725440720556308039e-01
1.836539010607095861e+03 2.717310966317246779e-01
1.836890031060193451e+03 2.708627511637676788e-01
1.837241051513291268e+03 2.699807903621647687e-01
1.837592071966389085e+03 2.691354866383885991e-01
1.837943092419486902e+03 2.683515465988048909e-01
1.838294112872584492e+03 2.676113856294614068e-01
1.838645133325682309e+03 2.668891684177284729e-01
1.838996153778780126e+03 2.661518329089217483e-01
1.839347174231877943e+03 2.653384017003282969e-01
1.839698194684975533e+03 2.643930453670377823e-01
1.840049215138073350e+03 2.632788353902602019e-01
1.840400235591171167e+03 2.619656266622572005e-01
1.840751256044268757e+03 2.604509844489831250e-01
1.841102276497366574e+03 2.587626980751513983e-01
1.841453296950464392e+03 2.569501848606439709e-01
1.841804317403562209e+03 2.550810457969864276e-01
1.842155337856659798e+03 2.532401673256978736e-01
1.842506358309757616e+03 2.515242414960071615e-01
1.842857378762855433e+03 2.500201500419038103e-01
1.843208399215953250e+03 2.487933330407808841e-01
1.843559419669050840e+03 2.478876111750952238e-01
1.843910440122148657e+03 2.473112891404621316e-01
1.844261460575246474e+03 2.470413959457136710e-01
1.844612481028344064e+03 2.470369084575562701e-01
1.844963501481441881e+03 2.472359618553012228e-01
1.845314521934539698e+03 2.475648895615842893e-01
1.845665542387637515e+03 2.479657630832458604e-01
1.846016562840735105e+03 2.483832549439824733e-01
1.846367583293832922e+03 2.487553050370094887e-01
1.846718603746930739e+03 2.490420410964144515e-01
1.847069624200028557e+03 2.492195540951007149e-01
1.847420644653126146e+03 2.492637129001935292e-01
1.847771665106223963e+03 2.491800504860853527e-01
1.848122685559321781e+03 2.490044172625543450e-01
1.848473706012419370e+03 2.487833096143962086e-01
1.848824726465517188e+03 2.485839862976452763e-01
1.849175746918615005e+03 2.484850760901281541e-01
1.849526767371712822e+03 2.485365581207773511e-01
1.849877787824810412e+03 2.487498158458742725e-01
1.850228808277908229e+03 2.491061750785069917e-01
1.850579828731006046e+03 2.495435963173037175e-01
1.850930849184103863e+03 2.499546675448630628e-01
1.851281869637201453e+03 2.502200403708581544e-01
1.851632890090299270e+03 2.502257897764599281e-01
1.851983910543397087e+03 2.498721106656432434e-01
1.852334930996494677e+03 2.491072339023152060e-01
1.852685951449592494e+03 2.479517919958405814e-01
1.853036971902690311e+03 2.464922818952144379e-01
1.853387992355788128e+03 2.448872940502334339e-01
1.853739012808885718e+03 2.433812726552782579e-01
1.854090033261983535e+03 2.422575421299658360e-01
1.854441053715081352e+03 2.417799502640421427e-01
1.854792074168179170e+03 2.421415245549977946e-01
1.855143094621276759e+03 2.433938574471235516e-01
1.855494115074374577e+03 2.454354181382698008e-01
1.855845135527472394e+03 2.480595199023757913e-01
1.856196155980569984e+03 2.509685952035533574e-01
1.856547176433667801e+03 2.538169926670517107e-01
1.856898196886765618e+03 2.563330446212941371e-01
1.857249217339863435e+03 2.583553228661749634e-01
1.857600237792961025e+03 2.597975665936872458e-01
1.857951258246058842e+03 2.606590300020571460e-01
1.858302278699156659e+03 2.610262546185658783e-01
1.858653299152254476e+03 2.610193933304908454e-01
1.859004319605352066e+03 2.607521259772597189e-01
1.859355340058449883e+03 2.603228446889236936e-01
1.859706360511547700e+03 2.597849260603322108e-01
1.860057380964645290e+03 2.591287196184061670e-01
1.860408401417743107e+03 2.583145591976234723e-01
1.860759421870840924e+03 2.572982046838468984e-01
1.861110442323938742e+03 2.560414759725488376e-01
1.861461462777036331e+03 2.545697262535391303e-01
1.861812483230134148e+03 2.530019987087882560e-01
1.862163503683231966e+03 2.515004915434424504e-01
1.862514524136329783e+03 2.502354982171977604e-01
1.862865544589427373e+03 2.493607479886268408e-01
1.863216565042525190e+03 2.489578586490469592e-01
1.863567585495623007e+03 2.490195078744151247e-01
1.863918605948720597e+03 2.494897363454994244e-01
1.864269626401818414e+03 2.502796166190153215e-01
1.864620646854916231e+03 2.512794196925579593e-01
1.864971667308014048e+03 2.524239928343353645e-01
1.865322687761111638e+03 2.537156060608561359e-01
1.865673708214209455e+03 2.551747897706737045e-01
1.866024728667307272e+03 2.568235647795649168e-01
1.866375749120405089e+03 2.586619604488745172e-01
1.866726769573502679e+03 2.606171315659979171e-01
1.867077790026600496e+03 2.625497743232466652e-01
1.867428810479698313e+03 2.643075978510091018e-01
1.867779830932795903e+03 2.657525951432408995e-01
1.868130851385893720e+03 2.667667545221406034e-01
1.868481871838991538e+03 2.672850327432446105e-01
1.868832892292089355e+03 2.673271149631163413e-01
1.869183912745186944e+03 2.669615827394672958e-01
1.869534933198284762e+03 2.662983100348215171e-01
1.869885953651382579e+03 2.655008923890153083e-01
1.870236974104480396e+03 2.647302484494041264e-01
1.870587994557577986e+03 2.639377992858145117e-01
1.870939015010675803e+03 2.624123007915442063e-01
1.871290035463773620e+03 2.561667838514549156e-01
1.871641055916871210e+03 2.322510483402935588e-01
1.871992076369969027e+03 1.813980037789742483e-01
1.872343096823066844e+03 1.254208499970018431e-01
1.872694117276164661e+03 1.056418494426766830e-01
1.873045137729262251e+03 1.390414590629148739e-01
1.873396158182360068e+03 1.968600227651940981e-01
1.873747178635457885e+03 2.407892722647937134e-01
1.874098199088555702e+03 2.611178406399406460e-01
1.874449219541653292e+03 2.672089755819900825e-01
1.874800239994751109e+03 2.686333977436001774e-01
1.875151260447848927e+03 2.689601787393896548e-01
1.875502280900946516e+03 2.688759105662682503e-01
1.875853301354044333e+03 2.685944756811226020e-01
1.876204321807142151e+03 2.680839356537118023e-01
1.876555342260239968e+03 2.673687492514561503e-01
1.876906362713337558e+03 2.665275665941784222e-01
1.877257383166435375e+03 2.656337278070352026e-01
1.877608403619533192e+03 2.647463309960227384e-01
1.877959424072631009e+03 2.638875801224883633e-01
1.878310444525728599e+03 2.630278796675332709e-01
1.878661464978826416e+03 2.621080082471985984e-01
1.879012485431924233e+03 2.610558871298432893e-01
1.879363505885021823e+03 2.597992731377050113e-01
1.879714526338119640e+03 2.583105680707735718e-01
1.880065546791217457e+03 2.566298964022217799e-01
1.880416567244315274e+03 2.548309975157063700e-01
1.880767587697412864e+03 2.530153056984069115e-01
1.881118608150510681e+03 2.513177049169545985e-01
1.881469628603608498e+03 2.498427003514029354e-01
1.881820649056706316e+03 2.486223462146571195e-01
1.882171669509803905e+03 2.476396724659900572e-01
1.882522689962901723e+03 2.468473247705314511e-01
1.882873710415999540e+03 2.461642333631927637e-01
1.883224730869097129e+03 2.455040469670085601e-01
1.883575751322194947e+03 2.448085820780075972e-01
1.883926771775292764e+03 2.440493101173094870e-01
1.884277792228390581e+03 2.432207490775031289e-01
1.884628812681488171e+03 2.423482751509477562e-01
1.884979833134585988e+03 2.414683931821720031e-01
1.885330853587683805e+03 2.406093976789975275e-01
1.885681874040781622e+03 2.398154763724789085e-01
1.886032894493879212e+03 2.391454336303142081e-01
1.886383914946977029e+03 2.386427855887679472e-01
1.886734935400074846e+03 2.383522367639673289e-01
1.887085955853172436e+03 2.383153949182758857e-01
1.887436976306270253e+03 2.385247759903104114e-01
1.887787996759368070e+03 2.389233029499726046e-01
1.888139017212465887e+03 2.394138002994334880e-01
1.888490037665563477e+03 2.398460632569330842e-01
1.888841058118661294e+03 2.400499174793091772e-01
1.889192078571759112e+03 2.398824388240156646e-01
1.889543099024856929e+03 2.392436174951229066e-01
1.889894119477954519e+03 2.381042591454237134e-01
1.890245139931052336e+03 2.365297402160936591e-01
1.890596160384150153e+03 2.346784431424113193e-01
1.890947180837247743e+03 2.327664873710377225e-01
1.891298201290345560e+03 2.310185293772028248e-01
1.891649221743443377e+03 2.296360741241606496e-01
1.892000242196541194e+03 2.287516228720062605e-01
1.892351262649638784e+03 2.284039560774819844e-01
1.892702283102736601e+03 2.285541121758827565e-01
1.893053303555834418e+03 2.290934570626957378e-01
1.893404324008932235e+03 2.298811979556213969e-01
1.893755344462029825e+03 2.307914904084002738e-01
1.894106364915127642e+03 2.317284285057503723e-01
1.894457385368225459e+03 2.326503418163202719e-01
1.894808405821323049e+03 2.335877527332104742e-01
1.895159426274420866e+03 2.346119158527995852e-01
1.895510446727518683e+03 2.358028685006089975e-01
1.895861467180616501e+03 2.372282327998443963e-01
1.896212487633714090e+03 2.389122891527682424e-01
1.896563508086811908e+03 2.408147637455078371e-01
1.896914528539909725e+03 2.428417609722041959e-01
1.897265548993007542e+03 2.448611063186930115e-01
1.897616569446105132e+03 2.467184804328941272e-01
1.897967589899202949e+03 2.482752450078676287e-01
1.898318610352300766e+03 2.494421192006037180e-01
1.898669630805398356e+03 2.501745120359432084e-01
1.899020651258496173e+03 2.504592927682240955e-01
1.899371671711593990e+03 2.503264628379237577e-01
1.899722692164691807e+03 2.498372033714001961e-01
1.900073712617789397e+03 2.490629102796910743e-01
1.900424733070887214e+03 2.480973653946575153e-01
1.900775753523985031e+03 2.470449455310540499e-01
1.901126773977082848e+03 2.459945288885554693e-01
1.901477794430180438e+03 2.450243197163383679e-01
1.901828814883278255e+03 2.442081071871797238e-01
1.902179835336376073e+03 2.436032386038230468e-01
1.902530855789473662e+03 2.432363607141648509e-01
1.902881876242571479e+03 2.431078476384564424e-01
1.903232896695669297e+03 2.431934324832862870e-01
1.903583917148767114e+03 2.434505495693843335e-01
1.903934937601864704e+03 2.438307148336987529e-01
1.904285958054962521e+03 2.442691107066717049e-01
1.904636978508060338e+03 2.446857072460561500e-01
1.904987998961158155e+03 2.450089887642586950e-01
1.905339019414255745e+03 2.451972032526539558e-01
1.905690039867353562e+03 2.452404131262680420e-01
1.906041060320451379e+03 2.451670565600505003e-01
1.906392080773548969e+03 2.450378538127048755e-01
1.906743101226646786e+03 2.449177910979244144e-01
1.907094121679744603e+03 2.448711056770613292e-01
1.907445142132842420e+03 2.449533091436847942e-01
1.907796162585940010e+03 2.451665279317364887e-01
1.908147183039037827e+03 2.454577328906021039e-01
1.908498203492135644e+03 2.457612398292431943e-01
1.908849223945233462e+03 2.460166492093862345e-01
1.909200244398331051e+03 2.461844835795465591e-01
1.909551264851428868e+03 2.462723571121890331e-01
1.909902285304526686e+03 2.463207228675444171e-01
1.910253305757624275e+03 2.463719487894646953e-01
1.910604326210722093e+03 2.464606046802853556e-01
1.910955346663819910e+03 2.465951841237803144e-01
1.911306367116917727e+03 2.467299399494713441e-01
1.911657387570015317e+03 2.467770669183112497e-01
1.912008408023113134e+03 2.466440104183668658e-01
1.912359428476210951e+03 2.462538055295704353e-01
1.912710448929308768e+03 2.455793962016703524e-01
1.913061469382406358e+03 2.446862648200078816e-01
1.913412489835504175e+03 2.436991239990991820e-01
1.913763510288601992e+03 2.427203520306673024e-01
1.914114530741699582e+03 2.418209973779170130e-01
1.914465551194797399e+03 2.410557524962340104e-01
1.914816571647895216e+03 2.404305113461177035e-01
1.915167592100993033e+03 2.398955858966042853e-01
1.915518612554090623e+03 2.393685181609017110e-01
1.915869633007188440e+03 2.387656491157088556e-01
1.916220653460286258e+03 2.380575681912016350e-01
1.916571673913384075e+03 2.372821232545574144e-01
1.916922694366481664e+03 2.365253574276827697e-01
1.917273714819579482e+03 2.359203316541327866e-01
1.917624735272677299e+03 2.356187815742067926e-01
1.917975755725774889e+03 2.357283960172482651e-01
1.918326776178872706e+03 2.362822565456606516e-01
1.918677796631970523e+03 2.372433153496563141e-01
1.919028817085068340e+03 2.384958222979619014e-01
1.919379837538165930e+03 2.398659907647590073e-01
1.919730857991263747e+03 2.411855593197019254e-01
1.920081878444361564e+03 2.423056259438457483e-01
1.920432898897459381e+03 2.430924872244601409e-01
1.920783919350556971e+03 2.434731272014648285e-01
1.921134939803654788e+03 2.434369839747874686e-01
1.921485960256752605e+03 2.430049985665302947e-01
1.921836980709850195e+03 2.422446984975246131e-01
1.922188001162948012e+03 2.412638254642761604e-01
1.922539021616045829e+03 2.401756999487722199e-01
1.922890042069143647e+03 2.390875497926240878e-01
1.923241062522241236e+03 2.380785176156594019e-01
1.923592082975339054e+03 2.371623177686369988e-01
1.923943103428436871e+03 2.362846328840300658e-01
1.924294123881534688e+03 2.353609920521932408e-01
1.924645144334632278e+03 2.342997927227758459e-01
1.924996164787730095e+03 2.330291671713168311e-01
1.925347185240827912e+03 2.315415421708717503e-01
1.925698205693925502e+03 2.298779740834591134e-01
1.926049226147023319e+03 2.280976430083369588e-01
1.926400246600121136e+03 2.262747792287175819e-01
1.926751267053218953e+03 2.244823386200495707e-01
1.927102287506316543e+03 2.227921495876707125e-01
1.927453307959414360e+03 2.212745181957418428e-01
1.927804328412512177e+03 2.199985142067406030e-01
1.928155348865609994e+03 2.190324620416257972e-01
1.928506369318707584e+03 2.184375617725933805e-01
1.928857389771805401e+03 2.182636263431138590e-01
1.929208410224903218e+03 2.185360441187747804e-01
1.929559430678000808e+03 2.192563818921262619e-01
1.929910451131098625e+03 2.204149374177261367e-01
1.930261471584196443e+03 2.219841613227130916e-01
1.930612492037294260e+03 2.239216504240978400e-01
1.930963512490391849e+03 2.261799335781783105e-01
1.931314532943489667e+03 2.286900928598901706e-01
1.931665553396587484e+03 2.313587896448437708e-01
1.932016573849685301e+03 2.340797906821262542e-01
1.932367594302782891e+03 2.367162958687278052e-01
1.932718614755880708e+03 2.391045142066293705e-01
1.933069635208978525e+03 2.410812840297748005e-01
1.933420655662076115e+03 2.425118081992791996e-01
1.933771676115173932e+03 2.432953542440269012e-01
1.934122696568271749e+03 2.433724300250384442e-01
1.934473717021369566e+03 2.427557999034832270e-01
1.934824737474467156e+03 2.415276129886892997e-01
1.935175757927564973e+03 2.398330343808341703e-01
1.935526778380662790e+03 2.378953182084617701e-01
1.935877798833760608e+03 2.359628604681051622e-01
1.936228819286858197e+03 2.342437226798461669e-01
1.936579839739956014e+03 2.329040725071958029e-01
1.936930860193053832e+03 2.320529523797052740e-01
1.937281880646151421e+03 2.317017361620242188e-01
1.937632901099249239e+03 2.317836693089481703e-01
1.937983921552347056e+03 2.322093897855407318e-01
1.938334942005444873e+03 2.328862353835776111e-01
1.938685962458542463e+03 2.337295279839179396e-01
1.939036982911640280e+03 2.346886639956280440e-01
1.939388003364738097e+03 2.357439427884484295e-01
1.939739023817835914e+03 2.368810626990693891e-01
1.940090044270933504e+03 2.380881560817668663e-01
1.940441064724031321e+03 2.393396419439204892e-01
1.940792085177129138e+03 2.405744713109937427e-01
1.941143105630226728e+03 2.417270208509564033e-01
1.941494126083324545e+03 2.427443760002633288e-01
1.941845146536422362e+03 2.435787381527685924e-01
1.942196166989520179e+03 2.442142700667405131e-01
1.942547187442617769e+03 2.446734325171803226e-01
1.942898207895715586e+03 2.449951048591029190e-01
1.943249228348813403e+03 2.452360309591810617e-01
1.943600248801911221e+03 2.454646358826942654e-01
1.943951269255008810e+03 2.457221101777137817e-01
1.944302289708106628e+03 2.460086118011639567e-01
1.944653310161204445e+03 2.463055675884202600e-01
1.945004330614302035e+03 2.465784727708690838e-01
1.945355351067399852e+03 2.467779114386791928e-01
1.945706371520497669e+03 2.468617863278536328e-01
1.946057391973595486e+03 2.467912702636241296e-01
1.946408412426693076e+03 2.465274259211703012e-01
1.946759432879790893e+03 2.460526280724834591e-01
1.947110453332888710e+03 2.453646773215960031e-01
1.947461473785986527e+03 2.444729303813385213e-01
1.947812494239084117e+03 2.434127713785527725e-01
1.948163514692181934e+03 2.422282117365589516e-01
1.948514535145279751e+03 2.409521322651333730e-01
1.948865555598377341e+03 2.396150199062777597e-01
1.949216576051475158e+03 2.382446294758454042e-01
1.949567596504572975e+03 2.368419470851533537e-01
1.949918616957670793e+03 2.353892946937922170e-01
1.950269637410768382e+03 2.338704161212754873e-01
1.950620657863866199e+03 2.322531885996261813e-01
1.950971678316964017e+03 2.305095789140135243e-01
1.951322698770061834e+03 2.286569741001402423e-01
1.951673719223159424e+03 2.267530901692680345e-01
1.952024739676257241e+03 2.248895394856835761e-01
1.952375760129355058e+03 2.231906526539185753e-01
1.952726780582452648e+03 2.218000271981515614e-01
1.953077801035550465e+03 2.208610973654296372e-01
1.953428821488648282e+03 2.204827136693282008e-01
1.953779841941746099e+03 2.207080534522361526e-01
1.954130862394843689e+03 2.215000458186764942e-01
1.954481882847941506e+03 2.227636465007103994e-01
1.954832903301039323e+03 2.243592348982714202e-01
1.955183923754137140e+03 2.261065951399019724e-01
1.955534944207234730e+03 2.278369908047499504e-01
1.955885964660332547e+03 2.294154293532562616e-01
1.956236985113430364e+03 2.307315849473186575e-01
1.956588005566527954e+03 2.317148935943141863e-01
1.956939026019625771e+03 2.323452586108844253e-01
1.957290046472723589e+03 2.326364684302726360e-01
1.957641066925821406e+03 2.326325485868216414e-01
1.957992087378918995e+03 2.324123498403120602e-01
1.958343107832016813e+03 2.320691087605706304e-01
1.958694128285114630e+03 2.316927930630916788e-01
1.959045148738212447e+03 2.313654574373882888e-01
1.959396169191310037e+03 2.311402361907353986e-01
1.959747189644407854e+03 2.310242146930744922e-01
1.960098210097505671e+03 2.309947937847998123e-01
1.960449230550603261e+03 2.310114527971910414e-01
1.960800251003701078e+03 2.310138034140445662e-01
1.961151271456798895e+03 2.309442145445066152e-01
1.961502291909896712e+03 2.307624848618327618e-01
1.961853312362994302e+03 2.304411740574097145e-01
1.962204332816092119e+03 2.299841617464164767e-01
1.962555353269189936e+03 2.294495227957247252e-01
1.962906373722287753e+03 2.289335447886947095e-01
1.963257394175385343e+03 2.285528662107364772e-01
1.963608414628483160e+03 2.284406389455915232e-01
1.963959435081580978e+03 2.287127825676690263e-01
1.964310455534678567e+03 2.294328507970133657e-01
1.964661475987776384e+03 2.306123552058980120e-01
1.965012496440874202e+03 2.321995188703255553e-01
1.965363516893972019e+03 2.340752746574071008e-01
1.965714537347069609e+03 2.361143019164812229e-01
1.966065557800167426e+03 2.381961160821126910e-01
1.966416578253265243e+03 2.401881344940401397e-01
1.966767598706363060e+03 2.420070361831427319e-01
1.967118619159460650e+03 2.436261498046490837e-01
1.967469639612558467e+03 2.450319145486255512e-01
1.967820660065656284e+03 2.462326566308581655e-01
1.968171680518753874e+03 2.472531149599515032e-01
1.968522700971851691e+03 2.481087663634927443e-01
1.968873721424949508e+03 2.488132073908544961e-01
1.969224741878047325e+03 2.493876438285299035e-01
1.969575762331144915e+03 2.498395511420327675e-01
1.969926782784242732e+03 2.501661502147972116e-01
1.970277803237340549e+03 2.503764275649063009e-01
1.970628823690438367e+03 2.504857050297924492e-01
1.970979844143535956e+03 2.505146382728264953e-01
1.971330864596633774e+03 2.505036352848114545e-01
1.971681885049731591e+03 2.504945740815303079e-01
1.972032905502829180e+03 2.505086526611945419e-01
1.972383925955926998e+03 2.505539802349063816e-01
1.972734946409024815e+03 2.506207997082035566e-01
1.973085966862122632e+03 2.506674583578833437e-01
1.973436987315220222e+03 2.506419353798493566e-01
1.973788007768318039e+03 2.504971293065144655e-01
1.974139028221415856e+03 2.501910971327591104e-01
1.974490048674513673e+03 2.497132568948886855e-01
1.974841069127611263e+03 2.490934885511325581e-01
1.975192089580709080e+03 2.483744278073890532e-01
1.975543110033806897e+03 2.476069206040418247e-01
1.975894130486904487e+03 2.468414458520463151e-01
1.976245150940002304e+03 2.461001880005145581e-01
1.976596171393100121e+03 2.453809849372144414e-01
1.976947191846197939e+03 2.446751856813127457e-01
1.977298212299295528e+03 2.439607380501379041e-01
1.977649232752393345e+03 2.432195174653104808e-01
1.978000253205491163e+03 2.424668320181262438e-01
1.978351273658588980e+03 2.417469866424267200e-01
1.978702294111686570e+03 2.411136595825169593e-01
1.979053314564784387e+03 2.406242843545415289e-01
1.979404335017882204e+03 2.403129212563109851e-01
1.979755355470979794e+03 2.401589696512014260e-01
1.980106375924077611e+03 2.400975940061561564e-01
1.980457396377175428e+03 2.400349110409247810e-01
1.980808416830273245e+03 2.398541080266121672e-01
1.981159437283370835e+03 2.394550674338035146e-01
1.981510457736468652e+03 2.387820588114902276e-01
1.981861478189566469e+03 2.378226068248442404e-01
1.982212498642664286e+03 2.366235583158867728e-01
1.982563519095761876e+03 2.352926939810917051e-01
1.982914539548859693e+03 2.339603953752881771e-01
1.983265560001957510e+03 2.327585106652768077e-01
1.983616580455055100e+03 2.318056428532646041e-01
1.983967600908152917e+03 2.311775276155640380e-01
1.984318621361250734e+03 2.309000481234038671e-01
1.984669641814348552e+03 2.309533931089841063e-01
1.985020662267446141e+03 2.312656382348874384e-01
1.985371682720543959e+03 2.317329565461251906e-01
1.985722703173641776e+03 2.322548277576149678e-01
1.986073723626739593e+03 2.327482439192607722e-01
1.986424744079837183e+03 2.331578821293118498e-01
1.986775764532935000e+03 2.334658683457981887e-01
1.987126784986032817e+03 2.336776384154693742e-01
1.987477805439130407e+03 2.337960291628265186e-01
1.987828825892228224e+03 2.338142912326080791e-01
1.988179846345326041e+03 2.337140438875437431e-01
1.988530866798423858e+03 2.334595022188030722e-01
1.988881887251521448e+03 2.330176509781678451e-01
1.989232907704619265e+03 2.323810955630800090e-01
1.989583928157717082e+03 2.315601480511235433e-01
1.989934948610814899e+03 2.305863104449375478e-01
1.990285969063912489e+03 2.295207082911502883e-01
1.990636989517010306e+03 2.284331588236750421e-01
1.990988009970108124e+03 2.273931133817582717e-01
1.991339030423205713e+03 2.264764612074932626e-01
1.991690050876303530e+03 2.257481139651089930e-01
1.992041071329401348e+03 2.252492766563167215e-01
1.992392091782499165e+03 2.250079304018118842e-01
1.992743112235596755e+03 2.250306135421107911e-01
1.993094132688694572e+03 2.252929335632615215e-01
1.993445153141792389e+03 2.257672664074328872e-01
1.993796173594890206e+03 2.264334054500790894e-01
1.994147194047987796e+03 2.272637774841288760e-01
1.994498214501085613e+03 2.282351862938635789e-01
1.994849234954183430e+03 2.293373991434787540e-01
1.995200255407281020e+03 2.305508096752183489e-01
1.995551275860378837e+03 2.318417209424676884e-01
1.995902296313476654e+03 2.331609121474650381e-01
1.996253316766574471e+03 2.344167987049230462e-01
1.996604337219672061e+03 2.354836600352927523e-01
1.996955357672769878e+03 2.362454135107499853e-01
1.997306378125867695e+03 2.366058757534540702e-01
1.997657398578965513e+03 2.365007972319697060e-01
1.998008419032063102e+03 2.359278602800260471e-01
1.998359439485160920e+03 2.349447170634514359e-01
1.998710459938258737e+03 2.336630227847800723e-01
1.999061480391356326e+03 2.322289245753424436e-01
1.999412500844454144e+03 2.307875027597982576e-01
1.999763521297551961e+03 2.294829995212098739e-01
2.000114541750649778e+03 2.284467404630920739e-01
2.000465562203747368e+03 2.277221517277893403e-01
2.000816582656845185e+03 2.272515282280988536e-01
2.001167603109943002e+03 2.269910428378527634e-01
2.001518623563040819e+03 2.269611667407345212e-01
2.001869644016138409e+03 2.271801257911005845e-01
2.002220664469236226e+03 2.276324639872389644e-01
2.002571684922334043e+03 2.282779305573730544e-01
2.002922705375431633e+03 2.290532649780524233e-01
2.003273725828529450e+03 2.298888400184043723e-01
2.003624746281627267e+03 2.307170635193619423e-01
2.003975766734725084e+03 2.314641285539030813e-01
2.004326787187822674e+03 2.320791924888818136e-01
2.004677807640920491e+03 2.325569511581555560e-01
2.005028828094018309e+03 2.329108740692515944e-01
2.005379848547116126e+03 2.331735683558340266e-01
2.005730869000213715e+03 2.333996370687299038e-01
2.006081889453311533e+03 2.336333985533163016e-01
2.006432909906409350e+03 2.339033376139963705e-01
2.006783930359506940e+03 2.342327523666035693e-01
2.007134950812604757e+03 2.346229843971581741e-01
2.007485971265702574e+03 2.350536266455566237e-01
2.007836991718800391e+03 2.355008506346492059e-01
2.008188012171897981e+03 2.359293667094642388e-01
2.008539032624995798e+03 2.362889921897165513e-01
2.008890053078093615e+03 2.365333538748449205e-01
2.009241073531191432e+03 2.366117051633300772e-01
2.009592093984289022e+03 2.364622381657527084e-01
2.009943114437386839e+03 2.360515784856854204e-01
2.010294134890484656e+03 2.353886155864484131e-01
2.010645155343582246e+03 2.345152648183915223e-01
2.010996175796680063e+03 2.335284666685571442e-01
2.011347196249777880e+03 2.325562767160837541e-01
2.011698216702875698e+03 2.317154759159137378e-01
2.012049237155973287e+03 2.311078260503169057e-01
2.012400257609071105e+03 2.307883688335136130e-01
2.012751278062168922e+03 2.307399804717887026e-01
2.013102298515266739e+03 2.309083026660360138e-01
2.013453318968364329e+03 2.312212016422495464e-01
2.013804339421462146e+03 2.315925152899073747e-01
2.014155359874559963e+03 2.319590358696094201e-01
2.014506380327657553e+03 2.322971843372195200e-01
2.014857400780755370e+03 2.326023258611427946e-01
2.015208421233853187e+03 2.328848083275599223e-01
2.015559441686951004e+03 2.331663328364751708e-01
2.015910462140048594e+03 2.334590838623896714e-01
2.016261482593146411e+03 2.337636612750524645e-01
2.016612503046244228e+03 2.340766165850696190e-01
2.016963523499342045e+03 2.343851638955886107e-01
2.017314543952439635e+03 2.346783491936256794e-01
2.017665564405537452e+03 2.349683542415395565e-01
2.018016584858635269e+03 2.352790141719049155e-01
2.018367605311732859e+03 2.356290838421921108e-01
2.018718625764830676e+03 2.360304272507945111e-01
2.019069646217928494e+03 2.364751832177893753e-01
2.019420666671026311e+03 2.369270555556686753e-01
2.019771687124123901e+03 2.373428410512904430e-01
2.020122707577221718e+03 2.376768105288394883e-01
2.020473728030319535e+03 2.378730583769375628e-01
2.020824748483417352e+03 2.378951659746515179e-01
2.021175768936514942e+03 2.377388812336387880e-01
2.021526789389612759e+03 2.374146875001807433e-01
2.021877809842710576e+03 2.369561262291776382e-01
2.022228830295808166e+03 2.364069446165553701e-01
2.022579850748905983e+03 2.357980482429140601e-01
2.022930871202003800e+03 2.351559236198296210e-01
2.023281891655101617e+03 2.345020916029109115e-01
2.023632912108199207e+03 2.338371919013210176e-01
2.023983932561297024e+03 2.331490108172429299e-01
2.024334953014394841e+03 2.324281812104150302e-01
2.024685973467492659e+03 2.316693821430881317e-01
2.025036993920590248e+03 2.308833109712007392e-01
2.025388014373688065e+03 2.301105293373238991e-01
2.025739034826785883e+03 2.293993835102879908e-01
2.026090055279883472e+03 2.287912358341641084e-01
2.026441075732981290e+03 2.283346003423206705e-01
2.026792096186079107e+03 2.280623054652664017e-01
2.027143116639176924e+03 2.279703914189409875e-01
2.027494137092274514e+03 2.280443339691324844e-01
2.027845157545372331e+03 2.282663752950278013e-01
2.028196177998470148e+03 2.286056386523077633e-01
2.028547198451567965e+03 2.290407993764556061e-01
2.028898218904665555e+03 2.295545370525052253e-01
2.029249239357763372e+03 2.301074321212356888e-01
2.029600259810861189e+03 2.306532749763973433e-01
2.029951280263958779e+03 2.311426777053300907e-01
2.030302300717056596e+03 2.315104851291471255e-01
2.030653321170154413e+03 2.316992223637434900e-01
2.031004341623252230e+03 2.316688993207696723e-01
2.031355362076349820e+03 2.313843298225802814e-01
2.031706382529447637e+03 2.308273837954779584e-01
2.032057402982545455e+03 2.299975846359642306e-01
2.032408423435643272e+03 2.288983180701932851e-01
2.032759443888740861e+03 2.275523655483978058e-01
2.033110464341838679e+03 2.260070396715545549e-01
2.033461484794936496e+03 2.243206788269863083e-01
2.033812505248034086e+03 2.225737713740871260e-01
2.034163525701131903e+03 2.208643510404130206e-01
2.034514546154229720e+03 2.192805278392381818e-01
2.034865566607327537e+03 2.178956817054699679e-01
2.035216587060425127e+03 2.167696588062203722e-01
2.035567607513522944e+03 2.159251906572403623e-01
2.035918627966620761e+03 2.153462654770305074e-01
2.036269648419718578e+03 2.149938700572593953e-01
2.036620668872816168e+03 2.148131431511468015e-01
2.036971689325913985e+03 2.147509046703075519e-01
2.037322709779011802e+03 2.147758735833795729e-01
2.037673730232109392e+03 2.148696064113975179e-01
2.038024750685207209e+03 2.150219111350834822e-01
2.038375771138305026e+03 2.152369244054250230e-01
2.038726791591402844e+03 2.155239833703306573e-01
2.039077812044500433e+03 2.158914344025257281e-01
2.039428832497598250e+03 2.163583870770458550e-01
2.039779852950696068e+03 2.169489591567314024e-01
2.040130873403793885e+03 2.176811382843386877e-01
2.040481893856891475e+03 2.185684283943229445e-01
2.040832914309989292e+03 2.196072891687725626e-01
2.041183934763087109e+03 2.207606047870812049e-01
2.041534955216184699e+03 2.219657737135445341e-01
2.041885975669282516e+03 2.231382243955177536e-01
2.042236996122380333e+03 2.241779308148516281e-01
2.042588016575478150e+03 2.249981167969180018e-01
2.042939037028575740e+03 2.255476225812539370e-01
2.043290057481673557e+03 2.258096300306387527e-01
2.043641077934771374e+03 2.258185203650144857e-01
2.043992098387869191e+03 2.256576773979294959e-01
2.044343118840966781e+03 2.254247312459348174e-01
2.044694139294064598e+03 2.252285439152457158e-01
2.045045159747162415e+03 2.251714363457844592e-01
2.045396180200260005e+03 2.253098724848354162e-01
2.045747200653357822e+03 2.256647924357619295e-01
2.046098221106455640e+03 2.262323388965638837e-01
2.046449241559553457e+03 2.269653123675762774e-01
2.046800262012651046e+03 2.277901406046942689e-01
2.047151282465748864e+03 2.286394872149694613e-01
2.047502302918846681e+03 2.294468532067940880e-01
2.047853323371944498e+03 2.301466069878157494e-01
2.048204343825042088e+03 2.306942344476976547e-01
2.048555364278140132e+03 2.310648465912736871e-01
2.048906384731237722e+03 2.312529301699876583e-01
2.049257405184335312e+03 2.312822051898365538e-01
2.049608425637433356e+03 2.311908118428505354e-01
2.049959446090530946e+03 2.310166711789551353e-01
2.050310466543628536e+03 2.308005724499795075e-01
2.050661486996726580e+03 2.305669840833479700e-01
2.051012507449824170e+03 2.303104626368226993e-01
2.051363527902921760e+03 2.300178036955352612e-01
2.051714548356019804e+03 2.296714126493201169e-01
2.052065568809117394e+03 2.292448160392143441e-01
2.052416589262215439e+03 2.287179859729260856e-01
2.052767609715313029e+03 2.280694305025059987e-01
2.053118630168410618e+03 2.272660450486852501e-01
2.053469650621508663e+03 2.262836961138649239e-01
2.053820671074606253e+03 2.251126663370175973e-01
2.054171691527703842e+03 2.237519799699569378e-01
2.054522711980801887e+03 2.222241626007180337e-01
2.054873732433899477e+03 2.205755684687649432e-01
2.055224752886997067e+03 2.188668813265007840e-01
2.055575773340095111e+03 2.171826489423260287e-01
2.055926793793192701e+03 2.156064887569132948e-01
2.056277814246290745e+03 2.141976162593883237e-01
2.056628834699388335e+03 2.130102045766680274e-01
2.056979855152485925e+03 2.120937262884114993e-01
2.057330875605583969e+03 2.114703447614536547e-01
2.057681896058681559e+03 2.111432204370118915e-01
2.058032916511779149e+03 2.111074167779686261e-01
2.058383936964877194e+03 2.113426572852347141e-01
2.058734957417974783e+03 2.118153718403262553e-01
2.059085977871072373e+03 2.124771148893301875e-01
2.059436998324170418e+03 2.132560107582937015e-01
2.059788018777268007e+03 2.140712130582833883e-01
2.060139039230366052e+03 2.148445140847023982e-01
2.060490059683463642e+03 2.155024000315303168e-01
2.060841080136561231e+03 2.160046636586435420e-01
2.061192100589659276e+03 2.163652439003761474e-01
2.061543121042756866e+03 2.166340657924636925e-01
2.061894141495854456e+03 2.168889504856668649e-01
2.062245161948952500e+03 2.172184261072381273e-01
2.062596182402050090e+03 2.176833261829070887e-01
2.062947202855147680e+03 2.183006119251883481e-01
2.063298223308245724e+03 2.190444284414544973e-01
2.063649243761343314e+03 2.198388206202533390e-01
2.064000264214441358e+03 2.205694996650910678e-01
2.064351284667538948e+03 2.211307036348287014e-01
2.064702305120636538e+03 2.214483591972452037e-01
2.065053325573734583e+03 2.214815902920837520e-01
2.065404346026832172e+03 2.212385591365044202e-01
2.065755366479929762e+03 2.207627261814804620e-01
2.066106386933027807e+03 2.201134823852928246e-01
2.066457407386125396e+03 2.193694941756870187e-01
2.066808427839222986e+03 2.186118878765919149e-01
2.067159448292321031e+03 2.179078216068554841e-01
2.067510468745418621e+03 2.173252369354974900e-01
2.067861489198516665e+03 2.169323289503994334e-01
2.068212509651614255e+03 2.167774127112296334e-01
2.068563530104711845e+03 2.168893922707807731e-01
2.068914550557809889e+03 2.172727788628302514e-01
2.069265571010907479e+03 2.178945926606431494e-01
2.069616591464005069e+03 2.186977712295931631e-01
2.069967611917103113e+03 2.196101827540465623e-01
2.070318632370200703e+03 2.205481700222565178e-01
2.070669652823298293e+03 2.214427024536691213e-01
2.071020673276396337e+03 2.222513099321639096e-01
2.071371693729493927e+03 2.229473372929007824e-01
2.071722714182591972e+03 2.235337912957268136e-01
2.072073734635689561e+03 2.240369931664989989e-01
2.072424755088787151e+03 2.244807971141057068e-01
2.072775775541885196e+03 2.248892640431449097e-01
2.073126795994982785e+03 2.252818978220738066e-01
2.073477816448080375e+03 2.256632343614125014e-01
2.073828836901178420e+03 2.260332388207903498e-01
2.074179857354276010e+03 2.263834220823127130e-01
2.074530877807373599e+03 2.266841952009930883e-01
2.074881898260471644e+03 2.268993365067062951e-01
2.075232918713569234e+03 2.269970209361041602e-01
2.075583939166667278e+03 2.269424041613506693e-01
2.075934959619764868e+03 2.267081712037929409e-01
2.076285980072862458e+03 2.262813783070776463e-01
2.076637000525960502e+03 2.256539115165763498e-01
2.076988020979058092e+03 2.248388786602287248e-01
2.077339041432155682e+03 2.238828807948657906e-01
2.077690061885253726e+03 2.228488839658734899e-01
2.078041082338351316e+03 2.218249029663823535e-01
2.078392102791448906e+03 2.209227976443557395e-01
2.078743123244546950e+03 2.202420446446786972e-01
2.079094143697644540e+03 2.198612688302950258e-01
2.079445164150742585e+03 2.198297715595997071e-01
2.079796184603840175e+03 2.201379954288824603e-01
2.080147205056937764e+03 2.207243754692474469e-01
2.080498225510035809e+03 2.214928951797070500e-01
2.080849245963133399e+03 2.223152430355529452e-01
2.081200266416230988e+03 2.230578563100152067e-01
2.081551286869329033e+03 2.236097427867271004e-01
2.081902307322426623e+03 2.238847485580476859e-01
2.082253327775524212e+03 2.238342530894708582e-01
2.082604348228622257e+03 2.234568022857228442e-01
2.082955368681719847e+03 2.227825436371595469e-01
2.083306389134817891e+03 2.218717093191070466e-01
2.083657409587915481e+03 2.208249625520329884e-01
2.084008430041013071e+03 2.197575922119441305e-01
2.084359450494111115e+03 2.187771799583889121e-01
2.084710470947208705e+03 2.179848260955908890e-01
2.085061491400306295e+03 2.174494590283213569e-01
2.085412511853404339e+03 2.171837341596127291e-01
2.085763532306501929e+03 2.171553317520403259e-01
2.086114552759599519e+03 2.172975818860347075e-01
2.086465573212697564e+03 2.175244791014515899e-01
2.086816593665795153e+03 2.177589488532961637e-01
2.087167614118893198e+03 2.179384203503980655e-01
2.087518634571990788e+03 2.180191981849672334e-01
2.087869655025088377e+03 2.179890775699495908e-01
2.088220675478186422e+03 2.178547146646653554e-01
2.088571695931284012e+03 2.176276935338058438e-01
2.088922716384381602e+03 2.173304111515567683e-01
2.089273736837479646e+03 2.169908779984888181e-01
2.089624757290577236e+03 2.166348139014216967e-01
2.089975777743674826e+03 2.162972039216503883e-01
2.090326798196772870e+03 2.160164152403655780e-01
2.090677818649870460e+03 2.158204905549888086e-01
2.091028839102968504e+03 2.157356680409169003e-01
2.091379859556066094e+03 2.157761906385693429e-01
2.091730880009163684e+03 2.159240612625595579e-01
2.092081900462261729e+03 2.161404925062166416e-01
2.092432920915359318e+03 2.163747592447982093e-01
2.092783941368456908e+03 2.165628002735768276e-01
2.093134961821554953e+03 2.166520903195210956e-01
2.093485982274652542e+03 2.166088211077762393e-01
2.093837002727750132e+03 2.164110336158286407e-01
2.094188023180848177e+03 2.160699005439256082e-01
2.094539043633945766e+03 2.156235901297151036e-01
2.094890064087043811e+03 2.151098222425349427e-01
2.095241084540141401e+03 2.145711074753946235e-01
2.095592104993238991e+03 2.140450007044515934e-01
2.095943125446337035e+03 2.135458706162131626e-01
2.096294145899434625e+03 2.130843069011215118e-01
2.096645166352532215e+03 2.126731158266998989e-01
2.096996186805630259e+03 2.123195420593683158e-01
2.097347207258727849e+03 2.120412312622927953e-01
2.097698227711825439e+03 2.118677992850081238e-01
2.098049248164923483e+03 2.118229677350745299e-01
2.098400268618021073e+03 2.119273206448988867e-01
2.098751289071119118e+03 2.121912342694890763e-01
2.099102309524216707e+03 2.126056814039888332e-01
2.099453329977314297e+03 2.131580299706122006e-01
2.099804350430412342e+03 2.138357633612251729e-01
2.100155370883509931e+03 2.146159367537343599e-01
2.100506391336607521e+03 2.154734352309630452e-01
2.100857411789705566e+03 2.163749723016764048e-01
2.101208432242803156e+03 2.172653963154774215e-01
2.101559452695900745e+03 2.180807182298636626e-01
2.101910473148998790e+03 2.187507201922982425e-01
2.102261493602096380e+03 2.192095414667548092e-01
2.102612514055194424e+03 2.194293595333537406e-01
2.102963534508292014e+03 2.194305629439356475e-01
2.103314554961389604e+03 2.192706633226787771e-01
2.103665575414487648e+03 2.190364953859411656e-01
2.104016595867585238e+03 2.188222834091391178e-01
2.104367616320682828e+03 2.186977351029985306e-01
2.104718636773780872e+03 2.186963959721861250e-01
2.105069657226878462e+03 2.188080239418916939e-01
2.105420677679976052e+03 2.189771902600332054e-01
2.105771698133074096e+03 2.191282376472359350e-01
2.106122718586171686e+03 2.191925915537681901e-01
2.106473739039269731e+03 2.191224052723091398e-01
2.106824759492367320e+03 2.189118554997017962e-01
2.107175779945464910e+03 2.185991172401081095e-01
2.107526800398562955e+03 2.182485237441088299e-01
2.107877820851660545e+03 2.179464708494108505e-01
2.108228841304758134e+03 2.177799328179953475e-01
2.108579861757856179e+03 2.178039081205389582e-01
2.108930882210953769e+03 2.180381202432865873e-01
2.109281902664051358e+03 2.184619259947628567e-01
2.109632923117149403e+03 2.190121885458160000e-01
2.109983943570246993e+03 2.196093813267581685e-01
2.110334964023345037e+03 2.201719409667867722e-01
2.110685984476442627e+03 2.206209450748343459e-01
2.111037004929540217e+03 2.208963761510966406e-01
2.111388025382638261e+03 2.209610384889927337e-01
2.111739045835735851e+03 2.207945037639726382e-01
2.112090066288833441e+03 2.203995842500110214e-01
2.112441086741931485e+03 2.198002006873145953e-01
2.112792107195029075e+03 2.190465957242194173e-01
2.113143127648126665e+03 2.182056860953773270e-01
2.113494148101224710e+03 2.173607550028327506e-01
2.113845168554322299e+03 2.166224385790616602e-01
2.114196189007420344e+03 2.160798470623191969e-01
2.114547209460517934e+03 2.157918298205619145e-01
2.114898229913615523e+03 2.158064545010581758e-01
2.115249250366713568e+03 2.161080957247614731e-01
2.115600270819811158e+03 2.166130288193024722e-01
2.115951291272908747e+03 2.172157799556509450e-01
2.116302311726006792e+03 2.178175344129554825e-01
2.116653332179104382e+03 2.183358877729454917e-01
2.117004352632201972e+03 2.187178066367046758e-01
2.117355373085300016e+03 2.189622546505555767e-01
2.117706393538397606e+03 2.191104970944693919e-01
2.118057413991495650e+03 2.192105582394787144e-01
2.118408434444593240e+03 2.193124919698986319e-01
2.118759454897690830e+03 2.194597383373468324e-01
2.119110475350788874e+03 2.196714364615276194e-01
2.119461495803886464e+03 2.199470529046046730e-01
2.119812516256984054e+03 2.202626642850841476e-01
2.120163536710082099e+03 2.205691017790054609e-01
2.120514557163179688e+03 2.208113796156876418e-01
2.120865577616277278e+03 2.209431600136900764e-01
2.121216598069375323e+03 2.209263394753138987e-01
2.121567618522472912e+03 2.207405732611034122e-01
2.121918638975570957e+03 2.203828954242167681e-01
2.122269659428668547e+03 2.198597816721036269e-01
2.122620679881766137e+03 2.192010020992858355e-01
2.122971700334864181e+03 2.184575951845327824e-01
2.123322720787961771e+03 2.176920321638358136e-01
2.123673741241059361e+03 2.169841682110627556e-01
2.124024761694157405e+03 2.164032425204985288e-01
2.124375782147254995e+03 2.159887168178538097e-01
2.124726802600352585e+03 2.157634171193338890e-01
2.125077823053450629e+03 2.157262282564896272e-01
2.125428843506548219e+03 2.158455127206408419e-01
2.125779863959646264e+03 2.160804430132332865e-01
2.126130884412743853e+03 2.163855332448886004e-01
2.126481904865841443e+03 2.167094415417827324e-01
2.126832925318939488e+03 2.170166844110237858e-01
2.127183945772037077e+03 2.172860424763419784e-01
2.127534966225134667e+03 2.174976856949398796e-01
2.127885986678232712e+03 2.176460138356813290e-01
2.128237007131330301e+03 2.177328807239230224e-01
2.128588027584427891e+03 2.177526711961713657e-01
2.128939048037525936e+03 2.177032922036237494e-01
2.129290068490623526e+03 2.175876774521832702e-01
2.129641088943721570e+03 2.174089090717213901e-01
2.129992109396819160e+03 2.171815202671806277e-01
2.130343129849916750e+03 2.169236033390994356e-01
2.130694150303014794e+03 2.166447301844608153e-01
2.131045170756112384e+03 2.163534033854686844e-01
2.131396191209209974e+03 2.160562760049818398e-01
2.131747211662308018e+03 2.157543831498440756e-01
2.132098232115405608e+03 2.154445627026194687e-01
2.132449252568503198e+03 2.151118684387469671e-01
2.132800273021601242e+03 2.147329611112896441e-01
2.133151293474698832e+03 2.142934468092821954e-01
2.133502313927796877e+03 2.137908221386049523e-01
2.133853334380894466e+03 2.132337165353344610e-01
2.134204354833992056e+03 2.126473937659884017e-01
2.134555375287090101e+03 2.120644388219187215e-01
2.134906395740187691e+03 2.115167510606472123e-01
2.135257416193285280e+03 2.110410032614704057e-01
2.135608436646383325e+03 2.106657298058178807e-01
2.135959457099480915e+03 2.103991615387542091e-01
2.136310477552578504e+03 2.102396972983976986e-01
2.136661498005676549e+03 2.101781169419318362e-01
2.137012518458774139e+03 2.101978209600025016e-01
2.137363538911872183e+03 2.102885838872383395e-01
2.137714559364969773e+03 2.104430499116052844e-01
2.138065579818067363e+03 2.106522875252418991e-01
2.138416600271165407e+03 2.109127434496986808e-01
2.138767620724262997e+03 2.112212719073323641e-01
2.139118641177360587e+03 2.115716563599188138e-01
2.139469661630458631e+03 2.119525965220536989e-01
2.139820682083556221e+03 2.123354604803566748e-01
2.140171702536653811e+03 2.126797878429203537e-01
2.140522722989751855e+03 2.129471271462122783e-01
2.140873743442849445e+03 2.130971476146384380e-01
2.141224763895947490e+03 2.130958595368064867e-01
2.141575784349045080e+03 2.129235391677206102e-01
2.141926804802142669e+03 2.125684382357756752e-01
2.142277825255240714e+03 2.120374850107433762e-01
2.142628845708338304e+03 2.113663231498943973e-01
2.142979866161435893e+03 2.106040760130651335e-01
2.143330886614533938e+03 2.098156734114133282e-01
2.143681907067631528e+03 2.090783765264923044e-01
2.144032927520729118e+03 2.084510271078846289e-01
2.144383947973827162e+03 2.079699916605913246e-01
2.144734968426924752e+03 2.076536152166862936e-01
2.145085988880022796e+03 2.074918641145686027e-01
2.145437009333120386e+03 2.074572229703730841e-01
2.145788029786217976e+03 2.075145131679097532e-01
2.146139050239316020e+03 2.076219041012404842e-01
2.146490070692413610e+03 2.077493582389088878e-01
2.146841091145511200e+03 2.078851848135003233e-01
2.147192111598609245e+03 2.080261750601713477e-01
2.147543132051706834e+03 2.081829097413796792e-01
2.147894152504804424e+03 2.083766564999501580e-01
2.148245172957902469e+03 2.086222412875304855e-01
2.148596193411000058e+03 2.089277774987257641e-01
2.148947213864098103e+03 2.092941484963934118e-01
2.149298234317195693e+03 2.097067500092592018e-01
2.149649254770293282e+03 2.101425440037012204e-01
2.150000275223391327e+03 2.105764705136867754e-01
2.150351295676488917e+03 2.109790357921830783e-01
2.150702316129586507e+03 2.113326620658006472e-01
2.151053336582684551e+03 2.116383255227569371e-01
2.151404357035782141e+03 2.119020897498574141e-01
2.151755377488879731e+03 2.121416311495349372e-01
2.152106397941977775e+03 2.123827800526303378e-01
2.152457418395075365e+03 2.126473093568006789e-01
2.152808438848173409e+03 2.129564965498067508e-01
2.153159459301270999e+03 2.133180064210756788e-01
2.153510479754368589e+03 2.137161609290127995e-01
2.153861500207466634e+03 2.141281295943963381e-01
2.154212520660564223e+03 2.145261180654822186e-01
2.154563541113661813e+03 2.148752701452139036e-01
2.154914561566759858e+03 2.151454418263794022e-01
2.155265582019857447e+03 2.153112539035899609e-01
2.155616602472955037e+03 2.153511554412566309e-01
2.155967622926053082e+03 2.152539320443773718e-01
2.156318643379150672e+03 2.150137679277694391e-01
2.156669663832248716e+03 2.146318100083181024e-01
2.157020684285346306e+03 2.141205555519574422e-01
2.157371704738443896e+03 2.135007818029725501e-01
2.157722725191541940e+03 2.128112871227045289e-01
2.158073745644639530e+03 2.121061968962010824e-01
2.158424766097737120e+03 2.114376145721016675e-01
2.158775786550835164e+03 2.108531150099414442e-01
2.159126807003932754e+03 2.103905998810744471e-01
2.159477827457030344e+03 2.100611199758737335e-01
2.159828847910128388e+03 2.098485477820288825e-01
2.160179868363225978e+03 2.097209253030830056e-01
2.160530888816324023e+03 2.096340830144629852e-01
2.160881909269421612e+03 2.095490875706389478e-01
2.161232929722519202e+03 2.094468816709120218e-01
2.161583950175617247e+03 2.093241478689716328e-01
2.161934970628714836e+03 2.091968384964065231e-01
2.162285991081812426e+03 2.090882039945958226e-01
2.162637011534910471e+03 2.090064422514854026e-01
2.162988031988008061e+03 2.089520090237922123e-01
2.163339052441105650e+03 2.089184088468704625e-01
2.163690072894203695e+03 2.088786482375006304e-01
2.164041093347301285e+03 2.088022576546543219e-01
2.164392113800399329e+03 2.086667322403612523e-01
2.164743134253496919e+03 2.084548276688555357e-01
2.165094154706594509e+03 2.081664933785060123e-01
2.165445175159692553e+03 2.078148532745147936e-01
2.165796195612790143e+03 2.074149577756775609e-01
2.166147216065887733e+03 2.069990508987987199e-01
2.166498236518985777e+03 2.066125621205922025e-01
2.166849256972083367e+03 2.062915627027842314e-01
2.167200277425180957e+03 2.060644541746817771e-01
2.167551297878279001e+03 2.059487433450405969e-01
2.167902318331376591e+03 2.059372391357055243e-01
2.168253338784474636e+03 2.060117125550928463e-01
2.168604359237572226e+03 2.061501031353006053e-01
2.168955379690669815e+03 2.063215977745796181e-01
2.169306400143767860e+03 2.064997787035930399e-01
2.169657420596865450e+03 2.066651500210781311e-01
2.170008441049963039e+03 2.068014800941110343e-01
2.170359461503061084e+03 2.069062455040802107e-01
2.170710481956158674e+03 2.069862768143905518e-01
2.171061502409256263e+03 2.070476031853506760e-01
2.171412522862354308e+03 2.070921022271419720e-01
2.171763543315451898e+03 2.071056251835995121e-01
2.172114563768549942e+03 2.070547521599734042e-01
2.172465584221647532e+03 2.068993593463901992e-01
2.172816604674745122e+03 2.066024859300683858e-01
2.173167625127843166e+03 2.061421082786783487e-01
2.173518645580940756e+03 2.055273844940959660e-01
2.173869666034038346e+03 2.048020981558386078e-01
2.174220686487136390e+03 2.040394642355109200e-01
2.174571706940233980e+03 2.033361166494256911e-01
2.174922727393331570e+03 2.027794471284152800e-01
2.175273747846429615e+03 2.024210780042159930e-01
2.175624768299527204e+03 2.022821822317131257e-01
2.175975788752625249e+03 2.023561952156247290e-01
2.176326809205722839e+03 2.026130592774728068e-01
2.176677829658820428e+03 2.030099249671771244e-01
2.177028850111918473e+03 2.034960846629764175e-01
2.177379870565016063e+03 2.040255096346262342e-01
2.177730891018113653e+03 2.045644565105381729e-01
2.178081911471211697e+03 2.050858944076248691e-01
2.178432931924309287e+03 2.055718543714664115e-01
2.178783952377406877e+03 2.060086293976615135e-01
2.179134972830504921e+03 2.063818140327974837e-01
2.179485993283602511e+03 2.066919745111635565e-01
2.179837013736700555e+03 2.069536178277179284e-01
2.180188034189798145e+03 2.071778158108340540e-01
2.180539054642895735e+03 2.073774335787686440e-01
2.180890075095993780e+03 2.075595048971304313e-01
2.181241095549091369e+03 2.077098166975715476e-01
2.181592116002188959e+03 2.078069887217152689e-01
2.181943136455287004e+03 2.078283239500099688e-01
2.182294156908384593e+03 2.077451294683443361e-01
2.182645177361482183e+03 2.075357083781712297e-01
2.182996197814580228e+03 2.071903785515504248e-01
2.183347218267677817e+03 2.067113566211612463e-01
2.183698238720775862e+03 2.061231090656354126e-01
2.184049259173873452e+03 2.054724111865739999e-01
2.184400279626971042e+03 2.048146514518638384e-01
2.184751300080069086e+03 2.042122292290642349e-01
2.185102320533166676e+03 2.037249626659982660e-01
2.185453340986264266e+03 2.033940573140485264e-01
2.185804361439362310e+03 2.032374362941717638e-01
2.186155381892459900e+03 2.032450075933205369e-01
2.186506402345557490e+03 2.033841836898092059e-01
2.186857422798655534e+03 2.036131091036427754e-01
2.187208443251753124e+03 2.038850690149874023e-01
2.187559463704851169e+03 2.041633142145414248e-01
2.187910484157948758e+03 2.044255235720464914e-01
2.188261504611046348e+03 2.046534932397157114e-01
2.188612525064144393e+03 2.048410329554875842e-01
2.188963545517241982e+03 2.049929977083284061e-01
2.189314565970339572e+03 2.051088729738630434e-01
2.189665586423437617e+03 2.051893535352067033e-01
2.190016606876535207e+03 2.052410305371293875e-01
2.190367627329632796e+03 2.052729108020826532e-01
2.190718647782730841e+03 2.053057707923889030e-01
2.191069668235828431e+03 2.053675088674677685e-01
2.191420688688926475e+03 2.054819826226117196e-01
2.191771709142024065e+03 2.056723151718952425e-01
2.192122729595121655e+03 2.059585457093429939e-01
2.192473750048219699e+03 2.063490347652883194e-01
2.192824770501317289e+03 2.068411230871285145e-01
2.193175790954414879e+03 2.074195724494763415e-01
2.193526811407512923e+03 2.080596771801521139e-01
2.193877831860610513e+03 2.087323673916754996e-01
2.194228852313708103e+03 2.094011379930451056e-01
2.194579872766806147e+03 2.100286214559577425e-01
2.194930893219903737e+03 2.105896348428515918e-01
2.195281913673001782e+03 2.110678478979819972e-01
2.195632934126099371e+03 2.114539775635377872e-01
2.195983954579196961e+03 2.117429445906711671e-01
2.196334975032295006e+03 2.119289862158413862e-01
2.196685995485392596e+03 2.120104532575760037e-01
2.197037015938490185e+03 2.119920761935950027e-01
2.197388036391588230e+03 2.118803413624731902e-01
2.197739056844685820e+03 2.116888871457315857e-01
2.198090077297783409e+03 2.114396928787488084e-01
2.198441097750881454e+03 2.111540352110884422e-01
2.198792118203979044e+03 2.108491457486704190e-01
2.199143138657077088e+03 2.105358757036969453e-01
2.199494159110174678e+03 2.102172857151189678e-01
2.199845179563272268e+03 2.098888624446723361e-01
2.200196200016370312e+03 2.095393691643100131e-01
2.200547220469467902e+03 2.091620511345375633e-01
2.200898240922565492e+03 2.087635073540610453e-01
2.201249261375663536e+03 2.083623548312986129e-01
2.201600281828761126e+03 2.079868005674730402e-01
2.201951302281858716e+03 2.076681881086731019e-01
2.202302322734956761e+03 2.074258223100029774e-01
2.202653343188054350e+03 2.072605980483878119e-01
2.203004363641152395e+03 2.071591467135984188e-01
2.203355384094249985e+03 2.070957337235420637e-01
2.203706404547347574e+03 2.070371645576908337e-01
2.204057425000445619e+03 2.069487879931578012e-01
2.204408445453543209e+03 2.067961932569027661e-01
2.204759465906640798e+03 2.065528808766470825e-01
2.205110486359738843e+03 2.062069041182067464e-01
2.205461506812836433e+03 2.057600772090815988e-01
2.205812527265934023e+03 2.052267821315764407e-01
2.206163547719032067e+03 2.046281911737634074e-01
2.206514568172129657e+03 2.039856957208017740e-01
2.206865588625227701e+03 2.033195372067000128e-01
2.207216609078325291e+03 2.026455566102514649e-01
2.207567629531422881e+03 2.019731080552511493e-01
2.207918649984520925e+03 2.013075723629558222e-01
2.208269670437618515e+03 2.006536575295438107e-01
2.208620690890716105e+03 2.000198363356976983e-01
2.208971711343814150e+03 1.994243188441633396e-01
2.209322731796911739e+03 1.988896601745764048e-01
2.209673752250009329e+03 1.984345747364666401e-01
2.210024772703107374e+03 1.980724923866546971e-01
2.210375793156204963e+03 1.978074797298917664e-01
2.210726813609303008e+03 1.976380015857676919e-01
2.211077834062400598e+03 1.975619478558575393e-01
2.211428854515498188e+03 1.975699282097507226e-01
2.211779874968596232e+03 1.976448074214622874e-01
2.212130895421693822e+03 1.977670594746508692e-01
2.212481915874791412e+03 1.979143416937867994e-01
2.212832936327889456e+03 1.980663397906320400e-01
2.213183956780987046e+03 1.982030566628726342e-01
2.213534977234084636e+03 1.983016711496848328e-01
2.213885997687182680e+03 1.983432851767135130e-01
2.214237018140280270e+03 1.983149662737034857e-01
2.214588038593378315e+03 1.982114739881646603e-01
2.214939059046475904e+03 1.980399088041722711e-01
2.215290079499573494e+03 1.978126257668257892e-01
2.215641099952671539e+03 1.975430613350678266e-01
2.215992120405769128e+03 1.972461446692384546e-01
2.216343140858866718e+03 1.969400182755898787e-01
2.216694161311964763e+03 1.966498989876879766e-01
2.217045181765062352e+03 1.964007345591470277e-01
2.217396202218159942e+03 1.962063051941110303e-01
2.217747222671257987e+03 1.960702457602823134e-01
2.218098243124355577e+03 1.959892008331322599e-01
2.218449263577453621e+03 1.959506972704518624e-01
2.218800284030551211e+03 1.959355607736556482e-01
2.219151304483648801e+03 1.959221256163595215e-01
2.219502324936746845e+03 1.958907512998094846e-01
2.219853345389844435e+03 1.958363007799652222e-01
2.220204365842942025e+03 1.957678617090511386e-01
2.220555386296040069e+03 1.956975075702109823e-01
2.220906406749137659e+03 1.956416340085878336e-01
2.221257427202235249e+03 1.956177094037749864e-01
2.221608447655333293e+03 1.956345148827239033e-01
2.221959468108430883e+03 1.956921373946882425e-01
2.222310488561528928e+03 1.957792532622172343e-01
2.222661509014626517e+03 1.958740307479862608e-01
2.223012529467724107e+03 1.959565621619396292e-01
2.223363549920822152e+03 1.960119230956325898e-01
2.223714570373919742e+03 1.960303647898829216e-01
2.224065590827017331e+03 1.960114591988151300e-01
2.224416611280115376e+03 1.959602762000873244e-01
2.224767631733212966e+03 1.958859648480391624e-01
2.225118652186310555e+03 1.957988587097456712e-01
2.225469672639408600e+03 1.957039537679520769e-01
2.225820693092506190e+03 1.956076807702060161e-01
2.226171713545604234e+03 1.955207623752729107e-01
2.226522733998701824e+03 1.954532953503235193e-01
2.226873754451799414e+03 1.954223757560307750e-01
2.227224774904897458e+03 1.954532821440354007e-01
2.227575795357995048e+03 1.955678396128022190e-01
2.227926815811092638e+03 1.957857005394226801e-01
2.228277836264190682e+03 1.961229289171084744e-01
2.228628856717288272e+03 1.965782864643818018e-01
2.228979877170385862e+03 1.971291821650855425e-01
2.229330897623483907e+03 1.977384022580945255e-01
2.229681918076581496e+03 1.983616147036102728e-01
2.230032938529679541e+03 1.989590770634611094e-01
2.230383958982777131e+03 1.994977558401647422e-01
2.230734979435874720e+03 1.999486714554967459e-01
2.231085999888972765e+03 2.002950805899467723e-01
2.231437020342070355e+03 2.005319277342064443e-01
2.231788040795167944e+03 2.006713582409989094e-01
2.232139061248265989e+03 2.007405260058567897e-01
2.232490081701363579e+03 2.007647483400395172e-01
2.232841102154461169e+03 2.007688883615546538e-01
2.233192122607559213e+03 2.007741494162885998e-01
2.233543143060656803e+03 2.007881043671281840e-01
2.233894163513754847e+03 2.008134153192303872e-01
2.234245183966852437e+03 2.008455918681217311e-01
2.234596204419950027e+03 2.008682514979917566e-01
2.234947224873048071e+03 2.008616823291183850e-01
2.235298245326145661e+03 2.008069159056544151e-01
2.235649265779243251e+03 2.006913156866474424e-01
2.236000286232341296e+03 2.005144269243955557e-01
2.236351306685438885e+03 2.002822661941325855e-01
2.236702327138536475e+03 2.000101562989216597e-01
2.237053347591634520e+03 1.997235867791710695e-01
2.237404368044732109e+03 1.994498773091779864e-01
2.237755388497830154e+03 1.992191433376176990e-01
2.238106408950927744e+03 1.990600382078636099e-01
2.238457429404025333e+03 1.989892698595125686e-01
2.238808449857123378e+03 1.990134860052677479e-01
2.239159470310220968e+03 1.991222139437317518e-01
2.239510490763318558e+03 1.992788317535887921e-01
2.239861511216416602e+03 1.994339257019361045e-01
2.240212531669514192e+03 1.995362678070500273e-01
2.240563552122611782e+03 1.995384501816258593e-01
2.240914572575709826e+03 1.994125081006998812e-01
2.241265593028807416e+03 1.991546540871670934e-01
2.241616613481905461e+03 1.987803266827941062e-01
2.241967633935003050e+03 1.983172482260300018e-01
2.242318654388100640e+03 1.977926304909883581e-01
2.242669674841198685e+03 1.972343555113930669e-01
2.243020695294296274e+03 1.966702803710729808e-01
2.243371715747393864e+03 1.961189327856652787e-01
2.243722736200491909e+03 1.956015102769582681e-01
2.244073756653589498e+03 1.951417421614354275e-01
2.244424777106687088e+03 1.947566277173860549e-01
2.244775797559785133e+03 1.944638274038418824e-01
2.245126818012882723e+03 1.942745793308316149e-01
2.245477838465980767e+03 1.941841174585694219e-01
2.245828858919078357e+03 1.941738254315765744e-01
2.246179879372175947e+03 1.942088911559740061e-01
2.246530899825273991e+03 1.942466006128079070e-01
2.246881920278371581e+03 1.942501812260708505e-01
2.247232940731469171e+03 1.941914672949685561e-01
2.247583961184567215e+03 1.940588725524038938e-01
2.247934981637664805e+03 1.938540029411711940e-01
2.248286002090762395e+03 1.935842382437108489e-01
2.248637022543860439e+03 1.932691015095626130e-01
2.248988042996958029e+03 1.929309215913226350e-01
2.249339063450056074e+03 1.925828634418518814e-01
2.249690083903153663e+03 1.922335035369944212e-01
2.250041104356251253e+03 1.918872809322599293e-01
2.250392124809349298e+03 1.915452030024888397e-01
2.250743145262446888e+03 1.912088325944328870e-01
2.251094165715544477e+03 1.908783351482642721e-01
2.251445186168642522e+03 1.905555382951496235e-01
2.251796206621740112e+03 1.902466744323667580e-01
2.252147227074837701e+03 1.899571722961867493e-01
2.252498247527935746e+03 1.896913480083033399e-01
2.252849267981033336e+03 1.894498077785068124e-01
2.253200288434131380e+03 1.892279058734077091e-01
2.253551308887228970e+03 1.890230196006061902e-01
2.253902329340326560e+03 1.888314508662166658e-01
2.254253349793424604e+03 1.886449080026269820e-01
2.254604370246522194e+03 1.884572941713776595e-01
2.254955390699619784e+03 1.882645937944936454e-01
2.255306411152717828e+03 1.880670911638447351e-01
2.255657431605815418e+03 1.878708557908088106e-01
2.256008452058913008e+03 1.876839714360428735e-01
2.256359472512011052e+03 1.875206032259668643e-01
2.256710492965108642e+03 1.874032321621847963e-01
2.257061513418206687e+03 1.873521880435828346e-01
2.257412533871304277e+03 1.873802001574398357e-01
2.257763554324401866e+03 1.874916640295187231e-01
2.258114574777499911e+03 1.876807982361415328e-01
2.258465595230597501e+03 1.879343092624098377e-01
2.258816615683695090e+03 1.882325655186480873e-01
2.259167636136793135e+03 1.885484065811528498e-01
2.259518656589890725e+03 1.888525757064655197e-01
2.259869677042988314e+03 1.891238002114675187e-01
2.260220697496086359e+03 1.893556389951256413e-01
2.260571717949183949e+03 1.895547870029778981e-01
2.260922738402281993e+03 1.897332527643558753e-01
2.261273758855379583e+03 1.899058228282662630e-01
2.261624779308477173e+03 1.900863106937159541e-01
2.261975799761575217e+03 1.902792581341399003e-01
2.262326820214672807e+03 1.904818013038258595e-01
2.262677840667770397e+03 1.906831393624296989e-01
2.263028861120868442e+03 1.908615417274190651e-01
2.263379881573966031e+03 1.909953952181204784e-01
2.263730902027063621e+03 1.910707819496201276e-01
2.264081922480161666e+03 1.910818392557432910e-01
2.264432942933259255e+03 1.910363210530944822e-01
2.264783963386357300e+03 1.909510402696546483e-01
2.265134983839454890e+03 1.908454003805217791e-01
2.265486004292552479e+03 1.907396203148238045e-01
2.265837024745650524e+03 1.906486621574650098e-01
2.266188045198748114e+03 1.905817519931480852e-01
2.266539065651845704e+03 1.905451145247208933e-01
2.266890086104943748e+03 1.905397917517661077e-01
2.267241106558041338e+03 1.905686302285450051e-01
2.267592127011138928e+03 1.906360774527104951e-01
2.267943147464236972e+03 1.907430490526265121e-01
2.268294167917334562e+03 1.908943300316350011e-01
2.268645188370432606e+03 1.910984111887859549e-01
2.268996208823530196e+03 1.913604024999074338e-01
2.269347229276627786e+03 1.916808813723731020e-01
2.269698249729725831e+03 1.920473207187844977e-01
2.270049270182823420e+03 1.924344969872311129e-01
2.270400290635921010e+03 1.928209567701074101e-01
2.270751311089019055e+03 1.931905404686397043e-01
2.271102331542116644e+03 1.935265314841420614e-01
2.271453351995214234e+03 1.938095198648608353e-01
2.271804372448312279e+03 1.940191169398222115e-01
2.272155392901409869e+03 1.941390441167125391e-01
2.272506413354507913e+03 1.941586181720006687e-01
2.272857433807605503e+03 1.940737015986823133e-01
2.273208454260703093e+03 1.938871103302315935e-01
2.273559474713801137e+03 1.936054070945464889e-01
2.273910495166898727e+03 1.932397488750667858e-01
2.274261515619996317e+03 1.928052174342989589e-01
2.274612536073094361e+03 1.923160373715966653e-01
2.274963556526191951e+03 1.917861987460885154e-01
2.275314576979289541e+03 1.912306073429218545e-01
2.275665597432387585e+03 1.906693418946558971e-01
2.276016617885485175e+03 1.901337137606232686e-01
2.276367638338583220e+03 1.896593983995908950e-01
2.276718658791680809e+03 1.892793439176075343e-01
2.277069679244778399e+03 1.890204213319066628e-01
2.277420699697876444e+03 1.888961865286602204e-01
2.277771720150974033e+03 1.889067315066543518e-01
2.278122740604071623e+03 1.890430882343206997e-01
2.278473761057169668e+03 1.892875679354885654e-01
2.278824781510267258e+03 1.896192157900554176e-01
2.279175801963364847e+03 1.900207886034156468e-01
2.279526822416462892e+03 1.904768188381726901e-01
2.279877842869560482e+03 1.909723053787306668e-01
2.280228863322658526e+03 1.914887896964579117e-01
2.280579883775756116e+03 1.920015229800189349e-01
2.280930904228853706e+03 1.924826733652467148e-01
2.281281924681951750e+03 1.929082272034293444e-01
2.281632945135049340e+03 1.932544957933121921e-01
2.281983965588146930e+03 1.934983332568381564e-01
2.282334986041244974e+03 1.936256903380911554e-01
2.282686006494342564e+03 1.936350894188625105e-01
2.283037026947440154e+03 1.935396213008460098e-01
2.283388047400538198e+03 1.933662437479988228e-01
2.283739067853635788e+03 1.931510227151401748e-01
2.284090088306733833e+03 1.929275178608286512e-01
2.284441108759831423e+03 1.927093220797425066e-01
2.284792129212929012e+03 1.924920497912737116e-01
2.285143149666027057e+03 1.922658687610993011e-01
2.285494170119124647e+03 1.920214067033026162e-01
2.285845190572222236e+03 1.917496813342392803e-01
2.286196211025320281e+03 1.914442276961876854e-01
2.286547231478417871e+03 1.911101975905132866e-01
2.286898251931515460e+03 1.907665728331418287e-01
2.287249272384613505e+03 1.904386654902672504e-01
2.287600292837711095e+03 1.901544094817454733e-01
2.287951313290809139e+03 1.899372189540695643e-01
2.288302333743906729e+03 1.897971966487742579e-01
2.288653354197004319e+03 1.897299296805112501e-01
2.289004374650102363e+03 1.897150479729348138e-01
2.289355395103199953e+03 1.897210681892604334e-01
2.289706415556297543e+03 1.897172480750655699e-01
2.290057436009395587e+03 1.896780306083800383e-01
2.290408456462493177e+03 1.895866596362627277e-01
2.290759476915590767e+03 1.894344715649224353e-01
2.291110497368688812e+03 1.892148086396037709e-01
2.291461517821786401e+03 1.889242156104817272e-01
2.291812538274884446e+03 1.885629054069163923e-01
2.292163558727982036e+03 1.881295608292968824e-01
2.292514579181079625e+03 1.876215136079466550e-01
2.292865599634177670e+03 1.870362205108510589e-01
2.293216620087275260e+03 1.863710278573714463e-01
2.293567640540372850e+03 1.856149184683752451e-01
2.293918660993470894e+03 1.847379929117430597e-01
2.294269681446568484e+03 1.836953414252253114e-01
2.294620701899666074e+03 1.824414307927418599e-01
2.294971722352764118e+03 1.809525906536694206e-01
2.295322742805861708e+03 1.792382170425114163e-01
2.295673763258959752e+03 1.773373074419914430e-01
2.296024783712057342e+03 1.753282389564547461e-01
2.296375804165154932e+03 1.733364125294499236e-01
2.296726824618252977e+03 1.715252542676405645e-01
2.297077845071350566e+03 1.700602863024399669e-01
2.297428865524448156e+03 1.690682043722100958e-01
2.297779885977546201e+03 1.686242919355540049e-01
2.298130906430643790e+03 1.687419044069509433e-01
2.298481926883741380e+03 1.693610434694436118e-01
2.298832947336839425e+03 1.703759625877775408e-01
2.299183967789937014e+03 1.716699281993687987e-01
2.299534988243035059e+03 1.731068140955867030e-01
2.299886008696132649e+03 1.745511540429963704e-01
2.300237029149230239e+03 1.759202686574089791e-01
2.300588049602328283e+03 1.771780633870757571e-01
2.300939070055425873e+03 1.783097290922338596e-01
2.301290090508523463e+03 1.793136559559752041e-01
2.301641110961621507e+03 1.801919680643402355e-01
2.301992131414719097e+03 1.809501542313544931e-01
2.302343151867816687e+03 1.816012045453239687e-01
2.302694172320914731e+03 1.821632390656467981e-01
2.303045192774012321e+03 1.826619537701666685e-01
2.303396213227110366e+03 1.831323436317945919e-01
2.303747233680207955e+03 1.836112228307274497e-01
2.304098254133305545e+03 1.841266479265626643e-01
2.304449274586403590e+03 1.846849287222615266e-01
2.304800295039501179e+03 1.852704685136236651e-01
2.305151315492598769e+03 1.858521889362973467e-01
2.305502335945696814e+03 1.863889824239316761e-01
2.305853356398794404e+03 1.868417556671224666e-01
2.306204376851891993e+03 1.871816645150509717e-01
2.306555397304990038e+03 1.873979379157136305e-01
2.306906417758087628e+03 1.874997988439562058e-01
2.307257438211185672e+03 1.875053346379727537e-01
2.307608458664283262e+03 1.874340543409169224e-01
2.307959479117380852e+03 1.873033756897145574e-01
2.308310499570478896e+03 1.871293178131927248e-01
2.308661520023576486e+03 1.869271592882404409e-01
2.309012540476674076e+03 1.867012180111218833e-01
2.309363560929772120e+03 1.864402566394334493e-01
2.309714581382869710e+03 1.861227543641552629e-01
2.310065601835967300e+03 1.857239114579741779e-01
2.310416622289065344e+03 1.852256787347573985e-01
2.310767642742162934e+03 1.846257376192294575e-01
2.311118663195260979e+03 1.839371341497680057e-01
2.311469683648358568e+03 1.831839043846527348e-01
2.311820704101456158e+03 1.824015819124266691e-01
2.312171724554554203e+03 1.816325402023039048e-01
2.312522745007651793e+03 1.809194035187421667e-01
2.312873765460749382e+03 1.802968353151335745e-01
2.313224785913847427e+03 1.797856135945553879e-01
2.313575806366945017e+03 1.793963965910314595e-01
2.313926826820042606e+03 1.791290523458610173e-01
2.314277847273140651e+03 1.789711425531078093e-01
2.314628867726238241e+03 1.789004406209748765e-01
2.314979888179336285e+03 1.788923634854586442e-01
2.315330908632433875e+03 1.789262568312130763e-01
2.315681929085531465e+03 1.789856490198082073e-01
2.316032949538629509e+03 1.790564354256548585e-01
2.316383969991727099e+03 1.791256090021319247e-01
2.316734990444824689e+03 1.791769884509015753e-01
2.317086010897922733e+03 1.791938631484766009e-01
2.317437031351020323e+03 1.791659985909948571e-01
2.317788051804117913e+03 1.790906894277705941e-01
2.318139072257215958e+03 1.789743612652001381e-01
2.318490092710313547e+03 1.788326838170365418e-01
2.318841113163411592e+03 1.786879383478070515e-01
2.319192133616509182e+03 1.785680727083424624e-01
2.319543154069606771e+03 1.784981186279392951e-01
2.319894174522704816e+03 1.784927748594083707e-01
2.320245194975802406e+03 1.785551902261090784e-01
2.320596215428899995e+03 1.786739846665011122e-01
2.320947235881998040e+03 1.788290305504897648e-01
2.321298256335095630e+03 1.789985336481191847e-01
2.321649276788193220e+03 1.791608588129873225e-01
2.322000297241291264e+03 1.793007377528306190e-01
2.322351317694388854e+03 1.794088041502312769e-01
2.322702338147486898e+03 1.794743629723088707e-01
2.323053358600584488e+03 1.794841119039142785e-01
2.323404379053682078e+03 1.794210708331354098e-01
2.323755399506780122e+03 1.792680787646336871e-01
2.324106419959877712e+03 1.790116643155741372e-01
2.324457440412975302e+03 1.786445342256922086e-01
2.324808460866073347e+03 1.781737624431279365e-01
2.325159481319170936e+03 1.776212307836621263e-01
2.325510501772268526e+03 1.770170950508886953e-01
2.325861522225366571e+03 1.764019647437544414e-01
2.326212542678464160e+03 1.758266917250534411e-01
2.326563563131562205e+03 1.753323409281552503e-01
2.326914583584659795e+03 1.749368688805795768e-01
2.327265604037757385e+03 1.746466630349437499e-01
2.327616624490855429e+03 1.744628684925053630e-01
2.327967644943953019e+03 1.743729473622661064e-01
2.328318665397050609e+03 1.743514949207008446e-01
2.328669685850148653e+03 1.743640202324195088e-01
2.329020706303246243e+03 1.743672126007476120e-01
2.329371726756343833e+03 1.743173744623561228e-01
2.329722747209441877e+03 1.741784191088413536e-01
2.330073767662539467e+03 1.739270127562028145e-01
2.330424788115637512e+03 1.735622235154832271e-01
2.330775808568735101e+03 1.731024848785719661e-01
2.331126829021832691e+03 1.725804989336186812e-01
2.331477849474930736e+03 1.720440783337854607e-01
2.331828869928028325e+03 1.715497723522220741e-01
2.332179890381125915e+03 1.711492685117873003e-01
2.332530910834223960e+03 1.708781017211856712e-01
2.332881931287321549e+03 1.707514006508789040e-01
2.333232951740419139e+03 1.707692185490475856e-01
2.333583972193517184e+03 1.709205160277057489e-01
2.333934992646614774e+03 1.711837141188808642e-01
2.334286013099712818e+03 1.715267508591169221e-01
2.334637033552810408e+03 1.719131557856402037e-01
2.334988054005907998e+03 1.723085818331631103e-01
2.335339074459006042e+03 1.726754052810499651e-01
2.335690094912103632e+03 1.729718784893351513e-01
2.336041115365201222e+03 1.731606143126177833e-01
2.336392135818299266e+03 1.732150248351475852e-01
2.336743156271396856e+03 1.731277672569008219e-01
2.337094176724494446e+03 1.729140502101313981e-01
2.337445197177592490e+03 1.726085664943760589e-01
2.337796217630690080e+03 1.722588373604852507e-01
2.338147238083788125e+03 1.719106461016409182e-01
2.338498258536885714e+03 1.715971086203182117e-01
2.338849278989983304e+03 1.713357018535802689e-01
2.339200299443081349e+03 1.711286496472281815e-01
2.339551319896178939e+03 1.709682662999100211e-01
2.339902340349276528e+03 1.708399276260388899e-01
2.340253360802374573e+03 1.707213588081942512e-01
2.340604381255472163e+03 1.705873056107035102e-01
2.340955401708569752e+03 1.704153348488214315e-01
2.341306422161667797e+03 1.701880085503359730e-01
2.341657442614765387e+03 1.698918721821489619e-01
2.342008463067863431e+03 1.695169603374286349e-01
2.342359483520961021e+03 1.690551277973316446e-01
2.342710503974058611e+03 1.685063740218152861e-01
2.343061524427156655e+03 1.678878593337815028e-01
2.343412544880254245e+03 1.672292796060789177e-01
2.343763565333351835e+03 1.665683134694488921e-01
2.344114585786449879e+03 1.659469752779852425e-01
2.344465606239547469e+03 1.654050556095373326e-01
2.344816626692645059e+03 1.649741064100708754e-01
2.345167647145743103e+03 1.646733186141808025e-01
2.345518667598840693e+03 1.645040282078913119e-01
2.345869688051938738e+03 1.644503559024321770e-01
2.346220708505036328e+03 1.644906482138668025e-01
2.346571728958133917e+03 1.646066437914383007e-01
2.346922749411231962e+03 1.647886466611261924e-01
2.347273769864329552e+03 1.650376292549071700e-01
2.347624790317427141e+03 1.653622920825606468e-01
2.347975810770525186e+03 1.657768983888564807e-01
2.348326831223622776e+03 1.662955031421683438e-01
2.348677851676720366e+03 1.669175756258847176e-01
2.349028872129818410e+03 1.676269804339310943e-01
2.349379892582916000e+03 1.683970891591772268e-01
2.349730913036014044e+03 1.691937331429270719e-01
2.350081933489111634e+03 1.699803614502004012e-01
2.350432953942209224e+03 1.707206595457056719e-01
2.350783974395307268e+03 1.713824023191886092e-01
2.351134994848404858e+03 1.719432972112982794e-01
2.351486015301502448e+03 1.723945093364014636e-01
2.351837035754600493e+03 1.727354174527434005e-01
2.352188056207698082e+03 1.729682753278083962e-01
2.352539076660795672e+03 1.730971689701374383e-01
2.352890097113893717e+03 1.731267964430256157e-01
2.353241117566991306e+03 1.730637335312651959e-01
2.353592138020089351e+03 1.729158392238526187e-01
2.353943158473186941e+03 1.726937597432443572e-01
2.354294178926284530e+03 1.724168289734967496e-01
2.354645199379382575e+03 1.721120070106879618e-01
2.354996219832480165e+03 1.718074992942641432e-01
2.355347240285577755e+03 1.715277716180392265e-01
2.355698260738675799e+03 1.712866441744095303e-01
2.356049281191773389e+03 1.710850791926443737e-01
2.356400301644870979e+03 1.709116235357326929e-01
2.356751322097969023e+03 1.707424732349736018e-01
2.357102342551066613e+03 1.705435343592215103e-01
2.357453363004164657e+03 1.702771693724601521e-01
2.357804383457262247e+03 1.699100715626769009e-01
2.358155403910359837e+03 1.694225569115905827e-01
2.358506424363457882e+03 1.688132388330346734e-01
2.358857444816555471e+03 1.680993641040752495e-01
2.359208465269653061e+03 1.673189321736515134e-01
2.359559485722751106e+03 1.665225304619865898e-01
2.359910506175848695e+03 1.657661715879386599e-01
2.360261526628946285e+03 1.651067746367026468e-01
2.360612547082044330e+03 1.645901012361864479e-01
2.360963567535141920e+03 1.642412130671614956e-01
2.361314587988239964e+03 1.640631201177232823e-01
2.361665608441337554e+03 1.640371009860467355e-01
2.362016628894435144e+03 1.641254783642670523e-01
2.362367649347533188e+03 1.642798810076392668e-01
2.362718669800630778e+03 1.644537256230838573e-01
2.363069690253728368e+03 1.646104832667963369e-01
2.363420710706826412e+03 1.647244736943218046e-01
2.363771731159924002e+03 1.647840615428406430e-01
2.364122751613021592e+03 1.647924297726259812e-01
2.364473772066119636e+03 1.647641046974220591e-01
2.364824792519217226e+03 1.647222692359554264e-01
2.365175812972315271e+03 1.646933400021067251e-01
2.365526833425412860e+03 1.646993892957790417e-01
2.365877853878510450e+03 1.647575845189355737e-01
2.366228874331608495e+03 1.648806475305303054e-01
2.366579894784706084e+03 1.650711836117071396e-01
2.366930915237803674e+03 1.653189181256305984e-01
2.367281935690901719e+03 1.656051923473597087e-01
2.367632956143999309e+03 1.659074520451908619e-01
2.367983976597096898e+03 1.662000047099179978e-01
2.368334997050194943e+03 1.664571993156926666e-01
2.368686017503292533e+03 1.666602239977862943e-01
2.369037037956390577e+03 1.668041926715590206e-01
2.369388058409488167e+03 1.668975943045042376e-01
2.369739078862585757e+03 1.669563738814742182e-01
2.370090099315683801e+03 1.669981000787093550e-01
2.370441119768781391e+03 1.670372655919304949e-01
2.370792140221878981e+03 1.670830779787705889e-01
2.371143160674977025e+03 1.671356351282631270e-01
2.371494181128074615e+03 1.671780517301393876e-01
2.371845201581172205e+03 1.671802447953080195e-01
2.372196222034270249e+03 1.671101608458269716e-01
2.372547242487367839e+03 1.669445695851971279e-01
2.372898262940465884e+03 1.666750741418198123e-01
2.373249283393563474e+03 1.663090535050254226e-01
2.373600303846661063e+03 1.658722802893409787e-01
2.373951324299759108e+03 1.654080942227824924e-01
2.374302344752856698e+03 1.649692360071771668e-01
2.374653365205954287e+03 1.646056304454137087e-01
2.375004385659052332e+03 1.643550399011796392e-01
2.375355406112149922e+03 1.642415788432766699e-01
2.375706426565247511e+03 1.642709371063153789e-01
2.376057447018345556e+03 1.644225412418596766e-01
2.376408467471443146e+03 1.646532528476349899e-01
2.376759487924541190e+03 1.649069916908483535e-01
2.377110508377638780e+03 1.651215575951781867e-01
2.377461528830736370e+03 1.652386274500476371e-01
2.377812549283834414e+03 1.652118360104362638e-01
2.378163569736932004e+03 1.650114992308479578e-01
2.378514590190029594e+03 1.646287141147985689e-01
2.378865610643127638e+03 1.640754539520737909e-01
2.379216631096225228e+03 1.633805242398543300e-01
2.379567651549322818e+03 1.625814301215405822e-01
2.379918672002420863e+03 1.617185482344428160e-01
2.380269692455518452e+03 1.608336014939687475e-01
2.380620712908616497e+03 1.599602799584663448e-01
2.380971733361714087e+03 1.591163901389092694e-01
2.381322753814811676e+03 1.583212249471118716e-01
2.381673774267909721e+03 1.576095473082813336e-01
2.382024794721007311e+03 1.570184428425963619e-01
2.382375815174104901e+03 1.565802797718921224e-01
2.382726835627202945e+03 1.563218222636204024e-01
2.383077856080300535e+03 1.562585629037981372e-01
2.383428876533398125e+03 1.563937522078657771e-01
2.383779896986496169e+03 1.567184837061612879e-01
2.384130917439593759e+03 1.572045832743921290e-01
2.384481937892691803e+03 1.578050453797130992e-01
2.384832958345789393e+03 1.584610295374755951e-01
2.385183978798886983e+03 1.591126897773567084e-01
2.385534999251985028e+03 1.597074532127165936e-01
2.385886019705082617e+03 1.602012355540758659e-01
2.386237040158180207e+03 1.605598356500544943e-01
2.386588060611278252e+03 1.607638528884773321e-01
2.386939081064375841e+03 1.608129275690741711e-01
2.387290101517473431e+03 1.607275274753732497e-01
2.387641121970571476e+03 1.605449225738820873e-01
2.387992142423669065e+03 1.603130378504594444e-01
2.388343162876767110e+03 1.600822618519982532e-01
2.388694183329864700e+03 1.598973831069831486e-01
2.389045203782962290e+03 1.597975352969677187e-01
2.389396224236060334e+03 1.598116987896880115e-01
2.389747244689157924e+03 1.599493376182694604e-01
2.390098265142255514e+03 1.602030479774579630e-01
2.390449285595353558e+03 1.605521031623723949e-01
2.390800306048451148e+03 1.609625399734436191e-01
2.391151326501548738e+03 1.613957285162327393e-01
2.391502346954646782e+03 1.618144680912429467e-01
2.391853367407744372e+03 1.621812775475425517e-01
2.392204387860842417e+03 1.624609120979633170e-01
2.392555408313940006e+03 1.626247384667315887e-01
2.392906428767037596e+03 1.626509935836469578e-01
2.393257449220135641e+03 1.625261378524935074e-01
2.393608469673233230e+03 1.622473353047871880e-01
2.393959490126330820e+03 1.618254176772462860e-01
2.394310510579428865e+03 1.612883634508885111e-01
2.394661531032526455e+03 1.606779381173482624e-01
2.395012551485624044e+03 1.600441218096004536e-01
2.395363571938722089e+03 1.594406854981584021e-01
2.395714592391819679e+03 1.589167490125040771e-01
2.396065612844917723e+03 1.585061725575032665e-01
2.396416633298015313e+03 1.582237366360129682e-01
2.396767653751112903e+03 1.580691558175650879e-01
2.397118674204210947e+03 1.580257573107057278e-01
2.397469694657308537e+03 1.580515963090062259e-01
2.397820715110406127e+03 1.580939840213582415e-01
2.398171735563504171e+03 1.581163927690339976e-01
2.398522756016601761e+03 1.581083427846052825e-01
2.398873776469699351e+03 1.580806580077799284e-01
2.399224796922797395e+03 1.580536997389465903e-01
2.399575817375894985e+03 1.580526267818875563e-01
2.399926837828993030e+03 1.581022450134209334e-01
2.400277858282090619e+03 1.582235134544884014e-01
2.400628878735188209e+03 1.584183964891667240e-01
2.400979899188286254e+03 1.585581133623852890e-01
2.401330919641383844e+03 1.581868525256469038e-01
2.401681940094481433e+03 1.547908522378021456e-01
2.402032960547579478e+03 1.412346733541893218e-01
2.402383981000677068e+03 1.099377902014183617e-01
2.402735001453774657e+03 6.819207736425561550e-02
2.403086021906872702e+03 4.740007505041451963e-02
2.403437042359970292e+03 6.922039371081570303e-02
2.403788062813068336e+03 1.107877148691493452e-01
2.404139083266165926e+03 1.402107270004424588e-01
2.404490103719263516e+03 1.521842715363426468e-01
2.404841124172361560e+03 1.549780601452985518e-01
2.405192144625459150e+03 1.550534859298311197e-01
2.405543165078556740e+03 1.547030823046025294e-01
2.405894185531654784e+03 1.543775547383159363e-01
2.406245205984752374e+03 1.542001996118970708e-01
2.406596226437849964e+03 1.541621407375888542e-01
2.406947246890948009e+03 1.542389384660898533e-01
2.407298267344045598e+03 1.544062976761843842e-01
2.407649287797143643e+03 1.546350583218781272e-01
2.408000308250241233e+03 1.548984268878229598e-01
2.408351328703338822e+03 1.551648752032432910e-01
2.408702349156436867e+03 1.553954902874358224e-01
2.409053369609534457e+03 1.555617599292102859e-01
2.409404390062632046e+03 1.556487500052615158e-01
2.409755410515730091e+03 1.556566926579147914e-01
2.410106430968827681e+03 1.556043600762211376e-01
2.410457451421925271e+03 1.555213023434903752e-01
2.410808471875023315e+03 1.554417514179218252e-01
2.411159492328120905e+03 1.553984067862700380e-01
2.411510512781218949e+03 1.554162130116188423e-01
2.411861533234316539e+03 1.555061274405602212e-01
2.412212553687414129e+03 1.556646383167726855e-01
2.412563574140512173e+03 1.558795993721119322e-01
2.412914594593609763e+03 1.561378515381845744e-01
2.413265615046707353e+03 1.564311942180345028e-01
2.413616635499805398e+03 1.567581357797075692e-01
2.413967655952902987e+03 1.571211335883992422e-01
2.414318676406000577e+03 1.575204181186844465e-01
2.414669696859098622e+03 1.579537778394000114e-01
2.415020717312196211e+03 1.584152124014865382e-01
2.415371737765294256e+03 1.588921649903705657e-01
2.415722758218391846e+03 1.593682820258258692e-01
2.416073778671489436e+03 1.598257811545617524e-01
2.416424799124587480e+03 1.602501485162837191e-01
2.416775819577685070e+03 1.606332410925976895e-01
2.417126840030782660e+03 1.609714827292725858e-01
2.417477860483880704e+03 1.612674915056375169e-01
2.417828880936978294e+03 1.615299685009122521e-01
2.418179901390075884e+03 1.617713353953871835e-01
2.418530921843173928e+03 1.620074397883684014e-01
2.418881942296271518e+03 1.622557543578797001e-01
2.419232962749369563e+03 1.625320841880452671e-01
2.419583983202467152e+03 1.628461491015120999e-01
2.419935003655564742e+03 1.631979699709860676e-01
2.420286024108662787e+03 1.635764144188263935e-01
2.420637044561760376e+03 1.639576762592923898e-01
2.420988065014857966e+03 1.643079181019980184e-01
2.421339085467956011e+03 1.645903013585896524e-01
2.421690105921053600e+03 1.647696940312129432e-01
2.422041126374151190e+03 1.648172146791426207e-01
2.422392146827249235e+03 1.647173896588932096e-01
2.422743167280346825e+03 1.644738805850122776e-01
2.423094187733444869e+03 1.641106480384716126e-01
2.423445208186542459e+03 1.636695837686769073e-01
2.423796228639640049e+03 1.632012583574415643e-01
2.424147249092738093e+03 1.627539865057270607e-01
2.424498269545835683e+03 1.623678370527825432e-01
2.424849289998933273e+03 1.620695672938292919e-01
2.425200310452031317e+03 1.618650348675219341e-01
2.425551330905128907e+03 1.617391056439009822e-01
2.425902351358226497e+03 1.616595897499610857e-01
2.426253371811324541e+03 1.615848003023975243e-01
2.426604392264422131e+03 1.614755335248262424e-01
2.426955412717520176e+03 1.613020524316237936e-01
2.427306433170617765e+03 1.610469189739660023e-01
2.427657453623715355e+03 1.607080483039111107e-01
2.428008474076813400e+03 1.602986661359430687e-01
2.428359494529910990e+03 1.598458262457223555e-01
2.428710514983008579e+03 1.593882507806109461e-01
2.429061535436106624e+03 1.589688676068744533e-01
2.429412555889204214e+03 1.586214067808324468e-01
2.429763576342301803e+03 1.583662997781835058e-01
2.430114596795399848e+03 1.582165699020191829e-01
2.430465617248497438e+03 1.581664668682826458e-01
2.430816637701595482e+03 1.581846922266110234e-01
2.431167658154693072e+03 1.582301749456279105e-01
2.431518678607790662e+03 1.582582717723796106e-01
2.431869699060888706e+03 1.582223557212999732e-01
2.432220719513986296e+03 1.580948528645854945e-01
2.432571739967083886e+03 1.578767103402030358e-01
2.432922760420181930e+03 1.575771743885924780e-01
2.433273780873279520e+03 1.572149919619523217e-01
2.433624801326377110e+03 1.568338856931588698e-01
2.433975821779475154e+03 1.564808533423435177e-01
2.434326842232572744e+03 1.561842083139370341e-01
2.434677862685670789e+03 1.559584252576216579e-01
2.435028883138768379e+03 1.558033170616300311e-01
2.435379903591865968e+03 1.557207419297829687e-01
2.435730924044964013e+03 1.557202831443285640e-01
2.436081944498061603e+03 1.557898403395906461e-01
2.436432964951159192e+03 1.559045573086270675e-01
2.436783985404257237e+03 1.560561074277244387e-01
2.437135005857354827e+03 1.562411548741456380e-01
2.437486026310452417e+03 1.564597217011344799e-01
2.437837046763550461e+03 1.567206804421580058e-01
2.438188067216648051e+03 1.570232909914387187e-01
2.438539087669746095e+03 1.573702922338766907e-01
2.438890108122843685e+03 1.577779997795960565e-01
2.439241128575941275e+03 1.582449893354163639e-01
2.439592149029039319e+03 1.587488271310904531e-01
2.439943169482136909e+03 1.592729540965849566e-01
2.440294189935234499e+03 1.598064241681725894e-01
2.440645210388332544e+03 1.603298687276996093e-01
2.440996230841430133e+03 1.608293793597666832e-01
2.441347251294527723e+03 1.612933118491997331e-01
2.441698271747625768e+03 1.616953473866562518e-01
2.442049292200723357e+03 1.620124355185996734e-01
2.442400312653821402e+03 1.622209129718910070e-01
2.442751333106918992e+03 1.622938966964002083e-01
2.443102353560016581e+03 1.622136781115951498e-01
2.443453374013114626e+03 1.619737848737171082e-01
2.443804394466212216e+03 1.615859767756561149e-01
2.444155414919309806e+03 1.610768245597024029e-01
2.444506435372407850e+03 1.604838793943801911e-01
2.444857455825505440e+03 1.598542997510137842e-01
2.445208476278603030e+03 1.592380370737844220e-01
2.445559496731701074e+03 1.586854839863743316e-01
2.445910517184798664e+03 1.582344947206457686e-01
2.446261537637896708e+03 1.579038414473641350e-01
2.446612558090994298e+03 1.576886226450079920e-01
2.446963578544091888e+03 1.575705308701476626e-01
2.447314598997189933e+03 1.575175947356799444e-01
2.447665619450287522e+03 1.575262993867595496e-01
2.448016639903385112e+03 1.576801211111157341e-01
2.448367660356483157e+03 1.580030651854948953e-01
2.448718680809580746e+03 1.583210657684746281e-01
2.449069701262678336e+03 1.585417291012238827e-01
2.449420721715776381e+03 1.586942485683240367e-01
2.449771742168873971e+03 1.587999526622985991e-01
2.450122762621972015e+03 1.588780316808928728e-01
2.450473783075069605e+03 1.589601087800088797e-01
2.450824803528167195e+03 1.590689654409045417e-01
2.451175823981265239e+03 1.592130537076945629e-01
2.451526844434362829e+03 1.593848988576904990e-01
2.451877864887460419e+03 1.595723961542561131e-01
2.452228885340558463e+03 1.597582469411531203e-01
2.452579905793656053e+03 1.599287608143948880e-01
2.452930926246753643e+03 1.600844743803623849e-01
2.453281946699851687e+03 1.602337094712067977e-01
2.453632967152949277e+03 1.603833968143256183e-01
2.453983987606047322e+03 1.605399911348253383e-01
2.454335008059144911e+03 1.607135209287603450e-01
2.454686028512242501e+03 1.609132665460057954e-01
2.455037048965340546e+03 1.611410254448106816e-01
2.455388069418438135e+03 1.613882712647703999e-01
2.455739089871535725e+03 1.616370281027533495e-01
2.456090110324633770e+03 1.618645320034533264e-01
2.456441130777731360e+03 1.620496526144013516e-01
2.456792151230828949e+03 1.621759729134477079e-01
2.457143171683926994e+03 1.622322760267334019e-01
2.457494192137024584e+03 1.622112486054315406e-01
2.457845212590122628e+03 1.621083028167741580e-01
2.458196233043220218e+03 1.619226842150368051e-01
2.458547253496317808e+03 1.616571351107554122e-01
2.458898273949415852e+03 1.613158011387818558e-01
2.459249294402513442e+03 1.609037801300952086e-01
2.459600314855611032e+03 1.604266089064217415e-01
2.459951335308709076e+03 1.598922895844243075e-01
2.460302355761806666e+03 1.593186637443743670e-01
2.460653376214904256e+03 1.587314896202996484e-01
2.461004396668002300e+03 1.581443651943649498e-01
2.461355417121099890e+03 1.575606911484640493e-01
2.461706437574197935e+03 1.569900452575003769e-01
2.462057458027295525e+03 1.564544326416915654e-01
2.462408478480393114e+03 1.559866004902042691e-01
2.462759498933491159e+03 1.556118569891549175e-01
2.463110519386588749e+03 1.553369772401652638e-01
2.463461539839686338e+03 1.551578284716771394e-01
2.463812560292784383e+03 1.550646273173868217e-01
2.464163580745881973e+03 1.550420990471931826e-01
2.464514601198979562e+03 1.550691855255977580e-01
2.464865621652077607e+03 1.551222633574539933e-01
2.465216642105175197e+03 1.551826786361719390e-01
2.465567662558273241e+03 1.552405344217276384e-01
2.465918683011370831e+03 1.552917030222705219e-01
2.466269703464468421e+03 1.553336242410241486e-01
2.466620723917566465e+03 1.553656971022429889e-01
2.466971744370664055e+03 1.553888252628069788e-01
2.467322764823761645e+03 1.554020135328219032e-01
2.467673785276859689e+03 1.554001919858936098e-01
2.468024805729957279e+03 1.553753300300768081e-01
2.468375826183054869e+03 1.553194178763988853e-01
2.468726846636152914e+03 1.552231763264266817e-01
2.469077867089250503e+03 1.550743398321130506e-01
2.469428887542348548e+03 1.548638486557495919e-01
2.469779907995446138e+03 1.545935624088119464e-01
2.470130928448543727e+03 1.542778750611074057e-01
2.470481948901641772e+03 1.539363312485078072e-01
2.470832969354739362e+03 1.535844138534352421e-01
2.471183989807836952e+03 1.532329323756324302e-01
2.471535010260934996e+03 1.528910488105862941e-01
2.471886030714032586e+03 1.525683801050304877e-01
2.472237051167130176e+03 1.522795160440642004e-01
2.472588071620228220e+03 1.520436838716393013e-01
2.472939092073325810e+03 1.518818334762503663e-01
2.473290112526423854e+03 1.518130813373927412e-01
2.473641132979521444e+03 1.518485972970471665e-01
2.473992153432619034e+03 1.519869460086117341e-01
2.474343173885717079e+03 1.522160521078302353e-01
2.474694194338814668e+03 1.525154874200944644e-01
2.475045214791912258e+03 1.528588633588692236e-01
2.475396235245010303e+03 1.532162997825038397e-01
2.475747255698107892e+03 1.535531169338654189e-01
2.476098276151205482e+03 1.538356085838786524e-01
2.476449296604303527e+03 1.540378064991183849e-01
2.476800317057401116e+03 1.541394182790427336e-01
2.477151337510499161e+03 1.541272640865573307e-01
2.477502357963596751e+03 1.539985607625838915e-01
2.477853378416694341e+03 1.537615551407428560e-01
2.478204398869792385e+03 1.534363816981252071e-01
2.478555419322889975e+03 1.530499686004180293e-01
2.478906439775987565e+03 1.526286485652610381e-01
2.479257460229085609e+03 1.522000606067077100e-01
2.479608480682183199e+03 1.517916668617311782e-01
2.479959501135280789e+03 1.514215999416394509e-01
2.480310521588378833e+03 1.510973569869788480e-01
2.480661542041476423e+03 1.508150099641677455e-01
2.481012562494574468e+03 1.505559986325607502e-01
2.481363582947672057e+03 1.502971943160971990e-01
2.481714603400769647e+03 1.500227424662857190e-01
2.482065623853867692e+03 1.497283991873635811e-01
2.482416644306965281e+03 1.494244755325712659e-01
2.482767664760062871e+03 1.491317511985707500e-01
2.483118685213160916e+03 1.488752330379512212e-01
2.483469705666258506e+03 1.486818802426770059e-01
2.483820726119356095e+03 1.485741209223042647e-01
2.484171746572454140e+03 1.485612573482003596e-01
2.484522767025551730e+03 1.486394327400978321e-01
2.484873787478649774e+03 1.487925648207776841e-01
2.485224807931747364e+03 1.489916480623740269e-01
2.485575828384844954e+03 1.492028927626372625e-01
2.485926848837942998e+03 1.493961132838484418e-01
2.486277869291040588e+03 1.495452631474869509e-01
2.486628889744138178e+03 1.496294012163804088e-01
2.486979910197236222e+03 1.496345016127954286e-01
2.487330930650333812e+03 1.495531005915239908e-01
2.487681951103431402e+03 1.493822237744800718e-01
2.488032971556529446e+03 1.491228173430962922e-01
2.488383992009627036e+03 1.487812076895120850e-01
2.488735012462725081e+03 1.483681898689796497e-01
2.489086032915822670e+03 1.478950577499455465e-01
2.489437053368920260e+03 1.473725195089374551e-01
2.489788073822018305e+03 1.468168003875378325e-01
2.490139094275115895e+03 1.462524224167637832e-01
2.490490114728213484e+03 1.457040922655024051e-01
2.490841135181311529e+03 1.451898883801296114e-01
2.491192155634409119e+03 1.447196227166240856e-01
2.491543176087506708e+03 1.442929788808519631e-01
2.491894196540604753e+03 1.438989333657375580e-01
2.492245216993702343e+03 1.435172741200810564e-01
2.492596237446800387e+03 1.431191141944474776e-01
2.492947257899897977e+03 1.426690992531519098e-01
2.493298278352995567e+03 1.421347723977090804e-01
2.493649298806093611e+03 1.414946638787756283e-01
2.494000319259191201e+03 1.407382555798856738e-01
2.494351339712288791e+03 1.398723821893511077e-01
2.494702360165386835e+03 1.389266675096941794e-01
2.495053380618484425e+03 1.379514121339021071e-01
2.495404401071582015e+03 1.370201606341531209e-01
2.495755421524680060e+03 1.362236778310897678e-01
2.496106441977777649e+03 1.356561834560763291e-01
2.496457462430875694e+03 1.354030024189716019e-01
2.496808482883973284e+03 1.355251409066992596e-01
2.497159503337070873e+03 1.360478628727027628e-01
2.497510523790168918e+03 1.369589779847014965e-01
2.497861544243266508e+03 1.382052094429286337e-01
2.498212564696364097e+03 1.396972244951316944e-01
2.498563585149462142e+03 1.413273229274112919e-01
2.498914605602559732e+03 1.429879532905594108e-01
2.499265626055657322e+03 1.445867231961975030e-01
2.499616646508755366e+03 1.460529269133982178e-01
2.499967666961852956e+03 1.473367106564646978e-01
2.500318687414951000e+03 1.484054176839650629e-01
2.500669707868048590e+03 1.492440417479510284e-01
2.501020728321146180e+03 1.498557217267199593e-01
2.501371748774244224e+03 1.502618030148390182e-01
2.501722769227341814e+03 1.504945603502684803e-01
2.502073789680439404e+03 1.505863658322798559e-01
2.502424810133537449e+03 1.505682103179144526e-01
2.502775830586635038e+03 1.504682667302685850e-01
2.503126851039732628e+03 1.503085503877641393e-01
2.503477871492830673e+03 1.501078926791362123e-01
2.503828891945928262e+03 1.498833993792202945e-01
2.504179912399026307e+03 1.496473735108534986e-01
2.504530932852123897e+03 1.494056225460484444e-01
2.504881953305221487e+03 1.491585977446701072e-01
2.505232973758319531e+03 1.489063417939072709e-01
2.505583994211417121e+03 1.486535974360592427e-01
2.505935014664514711e+03 1.484069202841851176e-01
2.506286035117612755e+03 1.481736564123271038e-01
2.506637055570710345e+03 1.479651484137536055e-01
2.506988076023807935e+03 1.477933638453246268e-01
2.507339096476905979e+03 1.476670463174863390e-01
2.507690116930003569e+03 1.475868643086095944e-01
2.508041137383101614e+03 1.475414273218627059e-01
2.508392157836199203e+03 1.475128286928300558e-01
2.508743178289296793e+03 1.474803571610716624e-01
2.509094198742394838e+03 1.474220917877852033e-01
2.509445219195492427e+03 1.473193382914173011e-01
2.509796239648590017e+03 1.471575071764872344e-01
2.510147260101688062e+03 1.469248598697494856e-01
2.510498280554785651e+03 1.466177780386053731e-01
2.510849301007883241e+03 1.462466050926761185e-01
2.511200321460981286e+03 1.458330892953734748e-01
2.511551341914078876e+03 1.454106499575098521e-01
2.511902362367176920e+03 1.450194708521842513e-01
2.512253382820274510e+03 1.446920333701708916e-01
2.512604403273372100e+03 1.444484180630877801e-01
2.512955423726470144e+03 1.442951273580037330e-01
2.513306444179567734e+03 1.442220964486011225e-01
2.513657464632665324e+03 1.442056327618035372e-01
2.514008485085763368e+03 1.442142168449294104e-01
2.514359505538860958e+03 1.442135032396826833e-01
2.514710525991958548e+03 1.441745573932436963e-01
2.515061546445056592e+03 1.440817939980566509e-01
2.515412566898154182e+03 1.439340901104835813e-01
2.515763587351252227e+03 1.437420399172960050e-01
2.516114607804349816e+03 1.435226067284728346e-01
2.516465628257447406e+03 1.432957682817493361e-01
2.516816648710545451e+03 1.430844776876081248e-01
2.517167669163643041e+03 1.429093225646731191e-01
2.517518689616740630e+03 1.427820396089505284e-01
2.517869710069838675e+03 1.427069579026972457e-01
2.518220730522936265e+03 1.426819068663459089e-01
2.518571750976033854e+03 1.426985884310565944e-01
2.518922771429131899e+03 1.427443537690993025e-01
2.519273791882229489e+03 1.428015481225867467e-01
2.519624812335327533e+03 1.428479906764880680e-01
2.519975832788425123e+03 1.428654675342817537e-01
2.520326853241522713e+03 1.428455824366499649e-01
2.520677873694620757e+03 1.427859049958398741e-01
2.521028894147718347e+03 1.426888391404168566e-01
2.521379914600815937e+03 1.425596412974768912e-01
2.521730935053913981e+03 1.424032564493194486e-01
2.522081955507011571e+03 1.422240707216110289e-01
2.522432975960109161e+03 1.420254235140861465e-01
2.522783996413207205e+03 1.418078885661901434e-01
2.523135016866304795e+03 1.415673112122797228e-01
2.523486037319402840e+03 1.412976782896565586e-01
2.523837057772500430e+03 1.409933901717961291e-01
2.524188078225598019e+03 1.406512791329537215e-01
2.524539098678696064e+03 1.402746688384902685e-01
2.524890119131793654e+03 1.398726937562102257e-01
2.525241139584891243e+03 1.394591998859153748e-01
2.525592160037989288e+03 1.390494593108458909e-01
2.525943180491086878e+03 1.386592759237398886e-01
2.526294200944184468e+03 1.382982151462018305e-01
2.526645221397282512e+03 1.379536603764253688e-01
2.526996241850380102e+03 1.375783037520598717e-01
2.527347262303478146e+03 1.373198642420421223e-01
2.527698282756575736e+03 1.374199180532163778e-01
2.528049303209673326e+03 1.376287056851957513e-01
2.528400323662771370e+03 1.377798582493762192e-01
2.528751344115868960e+03 1.379476681567030627e-01
2.529102364568966550e+03 1.381961740144644901e-01
2.529453385022064595e+03 1.385335190151996687e-01
2.529804405475162184e+03 1.389551917007249560e-01
2.530155425928259774e+03 1.394646705079792270e-01
2.530506446381357819e+03 1.400573085964422759e-01
2.530857466834455408e+03 1.407165657834327788e-01
2.531208487287553453e+03 1.414159119134944798e-01
2.531559507740651043e+03 1.421183341874977524e-01
2.531910528193748632e+03 1.427811677026697978e-01
2.532261548646846677e+03 1.433632557004984043e-01
2.532612569099944267e+03 1.438273388464461067e-01
2.532963589553041857e+03 1.441447138909220382e-01
2.533314610006139901e+03 1.443029294426815823e-01
2.533665630459237491e+03 1.443067377239245497e-01
2.534016650912335081e+03 1.441707988928582762e-01
2.534367671365433125e+03 1.439144364852830704e-01
2.534718691818530715e+03 1.435596529142053046e-01
2.535069712271628759e+03 1.431288968987487475e-01
2.535420732724726349e+03 1.426408878005667735e-01
2.535771753177823939e+03 1.421078361586398386e-01
2.536122773630921984e+03 1.415383918499648619e-01
2.536473794084019573e+03 1.409383114111451563e-01
2.536824814537117163e+03 1.403120728981672727e-01
2.537175834990215208e+03 1.396710888230897896e-01
2.537526855443312797e+03 1.390347486228332152e-01
2.537877875896410387e+03 1.384242544916452489e-01
2.538228896349508432e+03 1.378619605548611626e-01
2.538579916802606022e+03 1.373703200935525726e-01
2.538930937255704066e+03 1.369688663180383403e-01
2.539281957708801656e+03 1.366691507475418510e-01
2.539632978161899246e+03 1.364688704821568344e-01
2.539983998614997290e+03 1.363547414550903281e-01
2.540335019068094880e+03 1.363090216192763826e-01
2.540686039521192470e+03 1.363108241124985076e-01
2.541037059974290514e+03 1.363399977369374461e-01
2.541388080427388104e+03 1.363862546296421563e-01
2.541739100880485694e+03 1.364492885994502136e-01
2.542090121333583738e+03 1.365344882284875716e-01
2.542441141786681328e+03 1.366520345290997418e-01
2.542792162239779373e+03 1.368121866850617874e-01
2.543143182692876962e+03 1.370189262917869133e-01
2.543494203145974552e+03 1.372502155998013840e-01
2.543845223599072597e+03 1.374563434315830279e-01
2.544196244052170186e+03 1.375002324830288392e-01
2.544547264505267776e+03 1.371922640221766021e-01
2.544898284958365821e+03 1.370391558670970844e-01
2.545249305411247860e+03 1.376210976960054455e-01
2.545600325864345905e+03 1.381827479526132052e-01
2.545951346317443495e+03 1.383260627801279063e-01
2.546302366770541084e+03 1.383262303129313975e-01
2.546653387223639129e+03 1.383134892082935608e-01
2.547004407676736719e+03 1.382977489555242134e-01
2.547355428129834308e+03 1.382714334370921949e-01
2.547706448582932353e+03 1.382257773950329727e-01
2.548057469036029943e+03 1.381583546477498370e-01
2.548408489489127533e+03 1.380768116598314887e-01
2.548759509942225577e+03 1.380032385781921056e-01
2.549110530395323167e+03 1.379731352449486415e-01
2.549461550848421211e+03 1.380298872212259997e-01
2.549812571301518801e+03 1.382170671958407038e-01
2.550163591754616391e+03 1.385701117068292576e-01
2.550514612207714435e+03 1.391100878073934233e-01
2.550865632660812025e+03 1.398409947945901677e-01
2.551216653113909615e+03 1.407488275922593179e-01
2.551567673567007660e+03 1.418008191462157841e-01
2.551918694020105249e+03 1.429549731686163838e-01
2.552269714473202839e+03 1.441669746004912434e-01
2.552620734926300884e+03 1.453852356402490220e-01
2.552971755379398473e+03 1.465589853166539003e-01
2.553322775832496518e+03 1.476489183957307993e-01
2.553673796285594108e+03 1.486202961948642765e-01
2.554024816738691698e+03 1.494462869645691860e-01
2.554375837191789742e+03 1.501116369735175371e-01
2.554726857644887332e+03 1.506067941726608739e-01
2.555077878097984922e+03 1.509277202791850514e-01
2.555428898551082966e+03 1.510765627390884269e-01
2.555779919004180556e+03 1.510612936104050452e-01
2.556130939457278146e+03 1.508949996897416546e-01
2.556481959910376190e+03 1.505951242051022931e-01
2.556832980363473780e+03 1.501822711332047589e-01
2.557184000816571825e+03 1.496778194241369375e-01
2.557535021269669414e+03 1.491020408309299550e-01
2.557886041722767004e+03 1.484735404420381988e-01
2.558237062175865049e+03 1.478071683552160398e-01
2.558588082628962638e+03 1.471164960044328285e-01
2.558939103082060228e+03 1.464187399522194899e-01
2.559290123535158273e+03 1.457317708082274677e-01
2.559641143988255862e+03 1.450723977202431070e-01
2.559992164441353452e+03 1.444585728074633812e-01
2.560343184894451497e+03 1.439070749975427943e-01
2.560694205347549087e+03 1.434275638926389429e-01
2.561045225800647131e+03 1.430207770691769020e-01
2.561396246253744721e+03 1.426797123738779705e-01
2.561747266706842311e+03 1.423943589167179780e-01
2.562098287159940355e+03 1.421587620127388041e-01
2.562449307613037945e+03 1.419763496422618010e-01
2.562800328066135535e+03 1.418605152696537364e-01
2.563151348519233579e+03 1.418300792458938586e-01
2.563502368972331169e+03 1.419036525072112642e-01
2.563853389425428759e+03 1.420929235095736987e-01
2.564204409878526803e+03 1.423970899242608945e-01
2.564555430331624393e+03 1.428004100466331860e-01
2.564906450784722438e+03 1.432727876789365307e-01
2.565257471237820027e+03 1.437756936052524415e-01
2.565608491690917617e+03 1.442729982503448971e-01
2.565959512144015662e+03 1.447388120405797562e-01
2.566310532597113252e+03 1.451607923434540814e-01
2.566661553050210841e+03 1.455399280614508017e-01
2.567012573503308886e+03 1.458875996059498803e-01
2.567363593956406476e+03 1.462206579596568856e-01
2.567714614409504065e+03 1.465565901865140130e-01
2.568065634862602110e+03 1.469077492592019696e-01
2.568416655315699700e+03 1.472779870501577659e-01
2.568767675768797744e+03 1.476622935843201201e-01
2.569118696221895334e+03 1.480487498942181790e-01
2.569469716674992924e+03 1.484205953401007694e-01
2.569820737128090968e+03 1.487593119094713645e-01
2.570171757581188558e+03 1.490468394957673581e-01
2.570522778034286148e+03 1.492649213421803622e-01
2.570873798487384192e+03 1.493975461761073431e-01
2.571224818940481782e+03 1.494345748554513076e-01
2.571575839393579372e+03 1.493711668387356362e-01
2.571926859846677416e+03 1.492058590379439498e-01
2.572277880299775006e+03 1.489398325773350074e-01
2.572628900752873051e+03 1.485775136000167251e-01
2.572979921205970641e+03 1.481272804068877735e-01
2.573330941659068230e+03 1.476022443494049152e-01
2.573681962112166275e+03 1.470209448179192191e-01
2.574032982565263865e+03 1.464001656930482287e-01
2.574384003018361454e+03 1.457559104868291766e-01
2.574735023471459499e+03 1.451200438078659172e-01
2.575086043924557089e+03 1.445290351975127563e-01
2.575437064377654679e+03 1.440023634655889784e-01
2.575788084830752723e+03 1.435571647090807534e-01
2.576139105283850313e+03 1.432112704401899972e-01
2.576490125736948357e+03 1.429697074223031938e-01
2.576841146190045947e+03 1.428294699611720175e-01
2.577192166643143537e+03 1.427862896934728176e-01
2.577543187096241581e+03 1.428350092148867878e-01
2.577894207549339171e+03 1.429674772615114331e-01
2.578245228002436761e+03 1.431712151525627863e-01
2.578596248455534806e+03 1.434315188896327364e-01
2.578947268908632395e+03 1.437304144041176845e-01
2.579298289361729985e+03 1.440461334735736731e-01
2.579649309814828030e+03 1.443555388902804937e-01
2.580000330267925619e+03 1.446352998122452105e-01
2.580351350721023664e+03 1.448612946961810588e-01
2.580702371174121254e+03 1.450098026047185185e-01
2.581053391627218843e+03 1.450611537066183732e-01
2.581404412080316888e+03 1.450030586820320877e-01
2.581755432533414478e+03 1.448328915223159319e-01
2.582106452986512068e+03 1.445586329679339477e-01
2.582457473439610112e+03 1.441989877649761942e-01
2.582808493892707702e+03 1.437798889182352879e-01
2.583159514345805292e+03 1.433300698987160227e-01
2.583510534798903336e+03 1.428778820278850670e-01
2.583861555252000926e+03 1.424408872370807044e-01
2.584212575705098971e+03 1.420254685124692773e-01
2.584563596158196560e+03 1.416354675289882847e-01
2.584914616611294150e+03 1.412656649843788137e-01
2.585265637064392195e+03 1.409316347845954720e-01
2.585616657517489784e+03 1.406856646773531339e-01
2.585967677970587374e+03 1.405454518578004575e-01
2.586318698423685419e+03 1.404932199042488450e-01
2.586669718876783008e+03 1.405238260023823349e-01
2.587020739329880598e+03 1.406434554217173560e-01
2.587371759782978643e+03 1.408669034005596565e-01
2.587722780236076233e+03 1.412126186583185505e-01
2.588073800689174277e+03 1.416482995457576943e-01
2.588424821142271867e+03 1.420934922833843039e-01
2.588775841595369457e+03 1.425068252302822691e-01
2.589126862048467501e+03 1.428882480961408685e-01
2.589477882501565091e+03 1.432210754595701074e-01
2.589828902954662681e+03 1.434763945081599101e-01
2.590179923407760725e+03 1.436343644705125600e-01
2.590530943860858315e+03 1.436836703643631363e-01
2.590881964313955905e+03 1.436211244485446903e-01
2.591232984767053949e+03 1.434545995362723758e-01
2.591584005220151539e+03 1.432026151425998539e-01
2.591935025673249584e+03 1.428884420376931863e-01
2.592286046126347173e+03 1.425332935952675073e-01
2.592637066579444763e+03 1.421592464082909735e-01
2.592988087032542808e+03 1.417928132772341143e-01
2.593339107485640397e+03 1.414532297057861376e-01
2.593690127938737987e+03 1.411460719412522824e-01
2.594041148391836032e+03 1.408735207159027281e-01
2.594392168844933622e+03 1.406379963010200296e-01
2.594743189298031211e+03 1.404367768900868785e-01
2.595094209751129256e+03 1.402596440379157983e-01
2.595445230204226846e+03 1.400912633819239583e-01
2.595796250657324890e+03 1.399113986734366044e-01
2.596147271110422480e+03 1.396954343725739234e-01
2.596498291563520070e+03 1.394273037187662434e-01
2.596849312016618114e+03 1.391044659597508448e-01
2.597200332469715704e+03 1.387192578522353781e-01
2.597551352922813294e+03 1.382622153759245909e-01
2.597902373375911338e+03 1.377462268203300533e-01
2.598253393829008928e+03 1.372061321941251133e-01
2.598604414282106518e+03 1.366877758991583702e-01
2.598955434735204562e+03 1.362431233228799388e-01
2.599306455188302152e+03 1.359227400804156050e-01
2.599657475641400197e+03 1.357641962859855167e-01
2.600008496094497787e+03 1.357889100081722256e-01
2.600359516547595376e+03 1.360043215157248353e-01
2.600710537000693421e+03 1.363927606203280685e-01
2.601061557453791011e+03 1.369061810684092106e-01
2.601412577906888600e+03 1.374898709755031923e-01
2.601763598359986645e+03 1.380937289344324470e-01
2.602114618813084235e+03 1.386671715845039787e-01
2.602465639266181824e+03 1.391633414271529201e-01
2.602816659719279869e+03 1.395436076397912895e-01
2.603167680172377459e+03 1.397803747689482234e-01
2.603518700625475503e+03 1.398593213900348742e-01
2.603869721078573093e+03 1.397741502220902210e-01
2.604220741531670683e+03 1.395296131924077532e-01
2.604571761984768727e+03 1.391510150097173271e-01
2.604922782437866317e+03 1.386641627670756050e-01
2.605273802890963907e+03 1.380865196499271030e-01
2.605624823344061952e+03 1.374489896478508222e-01
2.605975843797159541e+03 1.367963094969467386e-01
2.606326864250257131e+03 1.361716256395787139e-01
2.606677884703355176e+03 1.356079130452784165e-01
2.607028905156452765e+03 1.351287910141155679e-01
2.607379925609550810e+03 1.347494540403315899e-01
2.607730946062648400e+03 1.344742467155997101e-01
2.608081966515745989e+03 1.342961624298271150e-01
2.608432986968844034e+03 1.341968167278474733e-01
2.608784007421941624e+03 1.341504998902489643e-01
2.609135027875039214e+03 1.341309941724343757e-01
2.609486048328137258e+03 1.341154359321481970e-01
2.609837068781234848e+03 1.340860429924681796e-01
2.610188089234332438e+03 1.340318158083371458e-01
2.610539109687430482e+03 1.339485293376446728e-01
2.610890130140528072e+03 1.338392449304817156e-01
2.611241150593626116e+03 1.337156548462344052e-01
2.611592171046723706e+03 1.335950538140516231e-01
2.611943191499821296e+03 1.334951443188071296e-01
2.612294211952919341e+03 1.334305111103344377e-01
2.612645232406016930e+03 1.334133329958143155e-01
2.612996252859114520e+03 1.334566650827400114e-01
2.613347273312212565e+03 1.335685692821181325e-01
2.613698293765310154e+03 1.337456663492162801e-01
2.614049314218407744e+03 1.339832784097467477e-01
2.614400334671505789e+03 1.342776815714387117e-01
2.614751355124603378e+03 1.346176810472087815e-01
2.615102375577701423e+03 1.349853263822799188e-01
2.615453396030799013e+03 1.353573840924859328e-01
2.615804416483896603e+03 1.357063557729655534e-01
2.616155436936994647e+03 1.360065087467148548e-01
2.616506457390092237e+03 1.362406422759705471e-01
2.616857477843189827e+03 1.364031326343778383e-01
2.617208498296287871e+03 1.365015604564359664e-01
2.617559518749385461e+03 1.365569964125530333e-01
2.617910539202483051e+03 1.365987653699841653e-01
2.618261559655581095e+03 1.366552584424400585e-01
2.618612580108678685e+03 1.367471336313976216e-01
2.618963600561776730e+03 1.368848517256481268e-01
2.619314621014874319e+03 1.370664891889442349e-01
2.619665641467971909e+03 1.372798130232818770e-01
2.620016661921069954e+03 1.375116329069565879e-01
2.620367682374167543e+03 1.377519736771881664e-01
2.620718702827265133e+03 1.379886815276215595e-01
2.621069723280363178e+03 1.382087981182870684e-01
2.621420743733460768e+03 1.384066526366835581e-01
2.621771764186558357e+03 1.385795884980774995e-01
2.622122784639656402e+03 1.387205199004892808e-01
2.622473805092753992e+03 1.388183839026930766e-01
2.622824825545852036e+03 1.388611291760429578e-01
2.623175845998949626e+03 1.388369896911861856e-01
2.623526866452047216e+03 1.387353426027803094e-01
2.623877886905145260e+03 1.385508361201635008e-01
2.624228907358242850e+03 1.382814488694237565e-01
2.624579927811340440e+03 1.379267770519461422e-01
2.624930948264438484e+03 1.374964969974913354e-01
2.625281968717536074e+03 1.370118448485030394e-01
2.625632989170633664e+03 1.364981860672669078e-01
2.625984009623731708e+03 1.359789768117623532e-01
2.626335030076829298e+03 1.354736901498516388e-01
2.626686050529927343e+03 1.349961095433780123e-01
2.627037070983024933e+03 1.345512803483406294e-01
2.627388091436122522e+03 1.341349237028220676e-01
2.627739111889220567e+03 1.337385553045511710e-01
2.628090132342318157e+03 1.333541627480896163e-01
2.628441152795415746e+03 1.329767563647485940e-01
2.628792173248513791e+03 1.326071758879674156e-01
2.629143193701611381e+03 1.322534999945234602e-01
2.629494214154708970e+03 1.319297597487728013e-01
2.629845234607807015e+03 1.316550189572907315e-01
2.630196255060904605e+03 1.314519253454789482e-01
2.630547275514002649e+03 1.313459518058876507e-01
2.630898295967100239e+03 1.313658415365701049e-01
2.631249316420197829e+03 1.315413563101098804e-01
2.631600336873295873e+03 1.318972708655241632e-01
2.631951357326393463e+03 1.324504647912327360e-01
2.632302377779491053e+03 1.332143396433171645e-01
2.632653398232589097e+03 1.341875548180974098e-01
2.633004418685686687e+03 1.353358384307020157e-01
2.633355439138784277e+03 1.366130220549937879e-01
2.633706459591882322e+03 1.379776742867394324e-01
2.634057480044979911e+03 1.393825981893243582e-01
2.634408500498077956e+03 1.407761665252424133e-01
2.634759520951175546e+03 1.421212364625082381e-01
2.635110541404273135e+03 1.434054097461598953e-01
2.635461561857371180e+03 1.446055699171364672e-01
2.635812582310468770e+03 1.456809427957433123e-01
2.636163602763566359e+03 1.466236514527017032e-01
2.636514623216664404e+03 1.474507518755272528e-01
2.636865643669761994e+03 1.481700853540360296e-01
2.637216664122859584e+03 1.487866399158738473e-01
2.637567684575957628e+03 1.493119428259242487e-01
2.637918705029055218e+03 1.497562584280008879e-01
2.638269725482153262e+03 1.501259820840230019e-01
2.638620745935250852e+03 1.504256375313734462e-01
2.638971766388348442e+03 1.506571555434823573e-01
2.639322786841446487e+03 1.508194917688235326e-01
2.639673807294544076e+03 1.509095034461640505e-01
2.640024827747641666e+03 1.509246826842944866e-01
2.640375848200739711e+03 1.508669452230108343e-01
2.640726868653837300e+03 1.507444811928066453e-01
2.641077889106934890e+03 1.505714206284170242e-01
2.641428909560032935e+03 1.503664627665008968e-01
2.641779930013130524e+03 1.501516939278330909e-01
2.642130950466228569e+03 1.499492734633249280e-01
2.642481970919326159e+03 1.497756740950147436e-01
2.642832991372423749e+03 1.496390347693119516e-01
2.643184011825521793e+03 1.495391225613805775e-01
2.643535032278619383e+03 1.494695101814488836e-01
2.643886052731716973e+03 1.494219084977010947e-01
2.644237073184815017e+03 1.493906574998497550e-01
2.644588093637912607e+03 1.493743752892237042e-01
2.644939114091010197e+03 1.493763860037153057e-01
2.645290134544108241e+03 1.494051443850246685e-01
2.645641154997205831e+03 1.494720989059023508e-01
2.645992175450303876e+03 1.495868155740749106e-01
2.646343195903401465e+03 1.497518872856481720e-01
2.646694216356499055e+03 1.499609850979430337e-01
2.647045236809597100e+03 1.502008913085851882e-01
2.647396257262694689e+03 1.504538791394055830e-01
2.647747277715792279e+03 1.507005711136094606e-01
2.648098298168890324e+03 1.509245145631249729e-01
2.648449318621987914e+03 1.511141151907615665e-01
2.648800339075085503e+03 1.512608652727930325e-01
2.649151359528183548e+03 1.513627284776496440e-01
2.649502379981281138e+03 1.514249722073190974e-01
2.649853400434379182e+03 1.514554592427148072e-01
2.650204420887476772e+03 1.514625152246153461e-01
2.650555441340574362e+03 1.514548669590823626e-01
2.650906461793672406e+03 1.514423401397363422e-01
2.651257482246769996e+03 1.514359437892621729e-01
2.651608502699867586e+03 1.514466959423000081e-01
2.651959523152965630e+03 1.514852387199343009e-01
2.652310543606063220e+03 1.515609224690568912e-01
2.652661564059160810e+03 1.516789337693047746e-01
2.653012584512258854e+03 1.518381899583878536e-01
2.653363604965356444e+03 1.520309428721111633e-01
2.653714625418454489e+03 1.522419893122077261e-01
2.654065645871552078e+03 1.524503621725794289e-01
2.654416666324649668e+03 1.526337218640481108e-01
2.654767686777747713e+03 1.527711037375475145e-01
2.655118707230845303e+03 1.528445252594171633e-01
2.655469727683942892e+03 1.528412779854563253e-01
2.655820748137040937e+03 1.527553830865420736e-01
2.656171768590138527e+03 1.525865026109089473e-01
2.656522789043236116e+03 1.523383289931125595e-01
2.656873809496334161e+03 1.520169552045803063e-01
2.657224829949431751e+03 1.516279795412581732e-01
2.657575850402529795e+03 1.511775917940386960e-01
2.657926870855627385e+03 1.506739772160081703e-01
2.658277891308724975e+03 1.501261052019417785e-01
2.658628911761823019e+03 1.495440191815807507e-01
2.658979932214920609e+03 1.489381265276278343e-01
2.659330952668018199e+03 1.483172671375896923e-01
2.659681973121116243e+03 1.476846936896583640e-01
2.660032993574213833e+03 1.470430790088836925e-01
2.660384014027311423e+03 1.463947260319256316e-01
2.660735034480409468e+03 1.457378082495754956e-01
2.661086054933507057e+03 1.450730380170013878e-01
2.661437075386605102e+03 1.444064593504456595e-01
2.661788095839702692e+03 1.437438465934559040e-01
2.662139116292800281e+03 1.430908288460962519e-01
2.662490136745898326e+03 1.424548216981741389e-01
2.662841157198995916e+03 1.418451589630710941e-01
2.663192177652093505e+03 1.412751705399644397e-01
2.663543198105191550e+03 1.407614121310102884e-01
2.663894218558289140e+03 1.403186672926153566e-01
2.664245239011386730e+03 1.399554427950130964e-01
2.664596259464484774e+03 1.396773278886136727e-01
2.664947279917582364e+03 1.394895285600130375e-01
2.665298300370680408e+03 1.393948120207064989e-01
2.665649320823777998e+03 1.393924827298803071e-01
2.666000341276875588e+03 1.394797400027780188e-01
2.666351361729973632e+03 1.396526251121384954e-01
2.666702382183071222e+03 1.399054650325261828e-01
2.667053402636168812e+03 1.402307775721778615e-01
2.667404423089266857e+03 1.406180813636485061e-01
2.667755443542364446e+03 1.410498239979969259e-01
2.668106463995462036e+03 1.415041890058461038e-01
2.668457484448560081e+03 1.419593556491437203e-01
2.668808504901657670e+03 1.423927500845972860e-01
2.669159525354755715e+03 1.427850506814051235e-01
2.669510545807853305e+03 1.431230971732014856e-01
2.669861566260950895e+03 1.434003797564573635e-01
2.670212586714048939e+03 1.436151696652546439e-01
2.670563607167146529e+03 1.437683905267587159e-01
2.670914627620244119e+03 1.438650375883506749e-01
2.671265648073342163e+03 1.439149009133000590e-01
2.671616668526439753e+03 1.439315549072907041e-01
2.671967688979537343e+03 1.439322567041151912e-01
2.672318709432635387e+03 1.439370707967968510e-01
2.672669729885732977e+03 1.439649504357972676e-01
2.673020750338831022e+03 1.440297729217064338e-01
2.673371770791928611e+03 1.441375483353683762e-01
2.673722791245026201e+03 1.442831157240447859e-01
2.674073811698124246e+03 1.444501497689084646e-01
2.674424832151221835e+03 1.446158324483341473e-01
2.674775852604319425e+03 1.447554834404413127e-01
2.675126873057417470e+03 1.448467894964247660e-01
2.675477893510515059e+03 1.448732761112810907e-01
2.675828913963612649e+03 1.448267630995263289e-01
2.676179934416710694e+03 1.447079944758292158e-01
2.676530954869808284e+03 1.445253650569633674e-01
2.676881975322906328e+03 1.442931483027150297e-01
2.677232995776003918e+03 1.440303769814961221e-01
2.677584016229101508e+03 1.437599745948525132e-01
2.677935036682199552e+03 1.435053628658043978e-01
2.678286057135297142e+03 1.432878035162497843e-01
2.678637077588394732e+03 1.431255241849816451e-01
2.678988098041492776e+03 1.430324210277279240e-01
2.679339118494590366e+03 1.430163664899485321e-01
2.679690138947687956e+03 1.430785878105630404e-01
2.680041159400786000e+03 1.432145445993665001e-01
2.680392179853883590e+03 1.434143690854742248e-01
2.680743200306981635e+03 1.436623248636188788e-01
2.681094220760079224e+03 1.439385784912048660e-01
2.681445241213176814e+03 1.442232254433516159e-01
2.681796261666274859e+03 1.444973137036492106e-01
2.682147282119372449e+03 1.447437876900470877e-01
2.682498302572470038e+03 1.449507553216132782e-01
2.682849323025568083e+03 1.451102807360910574e-01
2.683200343478665673e+03 1.452171746592772483e-01
2.683551363931763262e+03 1.452705517484892406e-01
2.683902384384861307e+03 1.452736952951899085e-01
2.684253404837958897e+03 1.452332477346039430e-01
2.684604425291056941e+03 1.451577231384374167e-01
2.684955445744154531e+03 1.450554885059504029e-01
2.685306466197252121e+03 1.449341941721266069e-01
2.685657486650350165e+03 1.448002929420513507e-01
2.686008507103447755e+03 1.446570846793470699e-01
2.686359527556545345e+03 1.445039795031620167e-01
2.686710548009643389e+03 1.443375062003521281e-01
2.687061568462740979e+03 1.441519346604376306e-01
2.687412588915838569e+03 1.439409474407654377e-01
2.687763609368936613e+03 1.436992227718173476e-01
2.688114629822034203e+03 1.434237778529326435e-01
2.688465650275132248e+03 1.431154190628747824e-01
2.688816670728229838e+03 1.427793292778413714e-01
2.689167691181327427e+03 1.424242065343576669e-01
2.689518711634425472e+03 1.420584595899740399e-01
2.689869732087523062e+03 1.416886517646753774e-01
2.690220752540620651e+03 1.413205204534159765e-01
2.690571772993718696e+03 1.409585338021051570e-01
2.690922793446816286e+03 1.406046623707789822e-01
2.691273813899913876e+03 1.402581336543290980e-01
2.691624834353011920e+03 1.399158665290204939e-01
2.691975854806109510e+03 1.395751317109377165e-01
2.692326875259207554e+03 1.392358103417805637e-01
2.692677895712305144e+03 1.388993884852884331e-01
2.693028916165402734e+03 1.385671361802397195e-01
2.693379936618500778e+03 1.382373726161599814e-01
2.693730957071598368e+03 1.379108899031872837e-01
2.694081977524695958e+03 1.375934573004189421e-01
2.694432997977794003e+03 1.372891281862066437e-01
2.694784018430891592e+03 1.370039568447396494e-01
2.695135038883989182e+03 1.367521731182118339e-01
2.695486059337087227e+03 1.365481596827594624e-01
2.695837079790184816e+03 1.364008190149470501e-01
2.696188100243282861e+03 1.363192569254958464e-01
2.696539120696380451e+03 1.363150861679760517e-01
2.696890141149478040e+03 1.363962746005837612e-01
2.697241161602576085e+03 1.365611302443873742e-01
2.697592182055673675e+03 1.368022254248014158e-01
2.697943202508771265e+03 1.371129389894794048e-01
2.698294222961869309e+03 1.374838072744996031e-01
2.698645243414966899e+03 1.378982864513838558e-01
2.698996263868064489e+03 1.383353723798895762e-01
2.699347284321162533e+03 1.387729341853120024e-01
2.699698304774260123e+03 1.391869819799326224e-01
2.700049325227358167e+03 1.395500330854302362e-01
2.700400345680455757e+03 1.398370287269226908e-01
2.700751366133553347e+03 1.400325045273302926e-01
2.701102386586651392e+03 1.401298801380264081e-01
2.701453407039748981e+03 1.401300500351752576e-01
2.701804427492846571e+03 1.400424870204285965e-01
2.702155447945944616e+03 1.398828521531115809e-01
2.702506468399042205e+03 1.396670815705711166e-01
2.702857488852139795e+03 1.394087719621689425e-01
2.703208509305237840e+03 1.391188110325944360e-01
2.703559529758335430e+03 1.388061471821172566e-01
2.703910550211433474e+03 1.384806796291145892e-01
2.704261570664531064e+03 1.381540839686325461e-01
2.704612591117628654e+03 1.378365974840506658e-01
2.704963611570726698e+03 1.375343889196359304e-01
2.705314632023824288e+03 1.372502366559861242e-01
2.705665652476921878e+03 1.369850419732162594e-01
2.706016672930019922e+03 1.367387531504439813e-01
2.706367693383117512e+03 1.365093025269911997e-01
2.706718713836215102e+03 1.362932528803224297e-01
2.707069734289313146e+03 1.360868811632908737e-01
2.707420754742410736e+03 1.358858809884678498e-01
2.707771775195508781e+03 1.356851376359092809e-01
2.708122795648606370e+03 1.354784896815824924e-01
2.708473816101703960e+03 1.352649598289610289e-01
2.708824836554802005e+03 1.350519262627693506e-01
2.709175857007899594e+03 1.348448599875339549e-01
2.709526877460997184e+03 1.346460725533758229e-01
2.709877897914095229e+03 1.344629931822499125e-01
2.710228918367192819e+03 1.343076331270244284e-01
2.710579938820290408e+03 1.341898964297318364e-01
2.710930959273388453e+03 1.341143362033568320e-01
2.711281979726486043e+03 1.340792671665975155e-01
2.711633000179584087e+03 1.340761158293758970e-01
2.711984020632681677e+03 1.340912283468575494e-01
2.712335041085779267e+03 1.341082546196398217e-01
2.712686061538877311e+03 1.341100777292141000e-01
2.713037081991974901e+03 1.340805498853334665e-01
2.713388102445072491e+03 1.340059232458060690e-01
2.713739122898170535e+03 1.338763073445462248e-01
2.714090143351268125e+03 1.336873594636608376e-01
2.714441163804365715e+03 1.334421131974189989e-01
2.714792184257463759e+03 1.331506080653641066e-01
2.715143204710561349e+03 1.328259677231221625e-01
2.715494225163659394e+03 1.324798464260407704e-01
2.715845245616756984e+03 1.321216171042470799e-01
2.716196266069854573e+03 1.317612170980174136e-01
2.716547286522952618e+03 1.314104389870371370e-01
2.716898306976050208e+03 1.310790047832212091e-01
2.717249327429147797e+03 1.307737253606848504e-01
2.717600347882245842e+03 1.305011559044431668e-01
2.717951368335343432e+03 1.302676176091959181e-01
2.718302388788441021e+03 1.300813478417477131e-01
2.718653409241539066e+03 1.299500277811940774e-01
2.719004429694636656e+03 1.298750120286178422e-01
2.719355450147734700e+03 1.298529471068063379e-01
2.719706470600832290e+03 1.298794725664779159e-01
2.720057491053929880e+03 1.299484756362133120e-01
2.720408511507027924e+03 1.300498300185855827e-01
2.720759531960125514e+03 1.301688330615356493e-01
2.721110552413223104e+03 1.302880765809164287e-01
2.721461572866321148e+03 1.303898261090671584e-01
2.721812593319418738e+03 1.304579562571203666e-01
2.722163613772516328e+03 1.304816000998010317e-01
2.722514634225614373e+03 1.304564201037257676e-01
2.722865654678711962e+03 1.303850848114478933e-01
2.723216675131810007e+03 1.302762637788257294e-01
2.723567695584907597e+03 1.301411931456249171e-01
2.723918716038005186e+03 1.299943529630449846e-01
2.724269736491103231e+03 1.298524757811832520e-01
2.724620756944200821e+03 1.297296594640649225e-01
2.724971777397298411e+03 1.296352618663867973e-01
2.725322797850396455e+03 1.295736958366520697e-01
2.725673818303494045e+03 1.295451235963378800e-01
2.726024838756591635e+03 1.295480294116615472e-01
2.726375859209689679e+03 1.295822795054252796e-01
2.726726879662787269e+03 1.296513542647683148e-01
2.727077900115885313e+03 1.297615655738159623e-01
2.727428920568982903e+03 1.299187910025922377e-01
2.727779941022080493e+03 1.301276938253473903e-01
2.728130961475178538e+03 1.303925562973891616e-01
2.728481981928276127e+03 1.307150484758165532e-01
2.728833002381373717e+03 1.310900443942116522e-01
2.729184022834471762e+03 1.315048351656591119e-01
2.729535043287569351e+03 1.319407223289861264e-01
2.729886063740666941e+03 1.323740706202918005e-01
2.730237084193764986e+03 1.327847646220641498e-01
2.730588104646862575e+03 1.331651292514270390e-01
2.730939125099960620e+03 1.335066609566715745e-01
2.731290145553058210e+03 1.337892035052616613e-01
2.731641166006155800e+03 1.339991483413608409e-01
2.731992186459253844e+03 1.341370095941294416e-01
2.732343206912351434e+03 1.342047669632155660e-01
2.732694227365449024e+03 1.342025972186779714e-01
2.733045247818547068e+03 1.341310430225693962e-01
2.733396268271644658e+03 1.339909431803257001e-01
2.733747288724742248e+03 1.337849057983121481e-01
2.734098309177840292e+03 1.335182596227328655e-01
2.734449329630937882e+03 1.331984282903270200e-01
2.734800350084035927e+03 1.328323733786845595e-01
2.735151370537133516e+03 1.324231450402093557e-01
2.735502390990231106e+03 1.319753554943925988e-01
2.735853411443329151e+03 1.314921401213473562e-01
2.736204431896426740e+03 1.309705210233556016e-01
2.736555452349524330e+03 1.304170268173844294e-01
2.736906472802622375e+03 1.298456167709178821e-01
2.737257493255719965e+03 1.292723435393751119e-01
2.737608513708817554e+03 1.287218873477814496e-01
2.737959534161915599e+03 1.282104008903364734e-01
2.738310554615013189e+03 1.277367404977653165e-01
2.738661575068111233e+03 1.272902901395646380e-01
2.739012595521208823e+03 1.268668687058117361e-01
2.739363615974306413e+03 1.264777295539547819e-01
2.739714636427404457e+03 1.261343915424431306e-01
2.740065656880502047e+03 1.258379251858283698e-01
2.740416677333599637e+03 1.255835430204544079e-01
2.740767697786697681e+03 1.253680812970627834e-01
2.741118718239795271e+03 1.251854156078288927e-01
2.741469738692892861e+03 1.250197462795753778e-01
2.741820759145990905e+03 1.248528380590355341e-01
2.742171779599088495e+03 1.246733981294282645e-01
2.742522800052186540e+03 1.244800693823038679e-01
2.742873820505284129e+03 1.242772132624078985e-01
2.743224840958381719e+03 1.240695532720071381e-01
2.743575861411479764e+03 1.238620198019501628e-01
2.743926881864577354e+03 1.236577252742779853e-01
2.744277902317674943e+03 1.234529059666876760e-01
2.744628922770772988e+03 1.232355132961159561e-01
2.744979943223870578e+03 1.229889307760084899e-01
2.745330963676968167e+03 1.226981469388792600e-01
2.745681984130066212e+03 1.223566939082777472e-01
2.746033004583163802e+03 1.219637643601294008e-01
2.746384025036261846e+03 1.215165631745050850e-01
2.746735045489359436e+03 1.210354312610595895e-01
2.747086065942457026e+03 1.205841323351734828e-01
2.747437086395555070e+03 1.202145123787087544e-01
2.747788106848652660e+03 1.199297238134416632e-01
2.748139127301750250e+03 1.197235985730812358e-01
2.748490147754848294e+03 1.196018503692350410e-01
2.748841168207945884e+03 1.195688088200165256e-01
2.749192188661043474e+03 1.196219338617759143e-01
2.749543209114141519e+03 1.197607432083331591e-01
2.749894229567239108e+03 1.199921582542858717e-01
2.750245250020337153e+03 1.203138096812255975e-01
2.750596270473434743e+03 1.207099626915463797e-01
2.750947290926532332e+03 1.211729528274311657e-01
2.751298311379630377e+03 1.216944575076144563e-01
2.751649331832727967e+03 1.222442157511027250e-01
2.752000352285825556e+03 1.227830067079260234e-01
2.752351372738923601e+03 1.232802742409087188e-01
2.752702393192021191e+03 1.237134406146357668e-01
2.753053413645118781e+03 1.240656852294876877e-01
2.753404434098216825e+03 1.243264252233298867e-01
2.753755454551314415e+03 1.244940769659725333e-01
2.754106475004412459e+03 1.245784031131792480e-01
2.754457495457510049e+03 1.245980929435532569e-01
2.754808515910607639e+03 1.245777244799343708e-01
2.755159536363705683e+03 1.245473160940852309e-01
2.755510556816803273e+03 1.245397883588635346e-01
2.755861577269900863e+03 1.245863460390720656e-01
2.756212597722998908e+03 1.247128091467500921e-01
2.756563618176096497e+03 1.249381238242139036e-01
2.756914638629194087e+03 1.252705334329735076e-01
2.757265659082292132e+03 1.257025944549048369e-01
2.757616679535389721e+03 1.262128144013192621e-01
2.757967699988487766e+03 1.267697127803836255e-01
2.758318720441585356e+03 1.273342152150807316e-01
2.758669740894682946e+03 1.278642736976418615e-01
2.759020761347780990e+03 1.283283768050408336e-01
2.759371781800878580e+03 1.287244411355382978e-01
2.759722802253976170e+03 1.290560140435087766e-01
2.760073822707074214e+03 1.293051854973226722e-01
2.760424843160171804e+03 1.294611358217850894e-01
2.760775863613269394e+03 1.295375249998980127e-01
2.761126884066367438e+03 1.295516611691472364e-01
2.761477904519465028e+03 1.295175440687379997e-01
2.761828924972563073e+03 1.294507167851838003e-01
2.762179945425660662e+03 1.293678746153024695e-01
2.762530965878758252e+03 1.292852906346071140e-01
2.762881986331856297e+03 1.292185350748464856e-01
2.763233006784953886e+03 1.291816252338214288e-01
2.763584027238051476e+03 1.291851604875289827e-01
2.763935047691149521e+03 1.292317575549845610e-01
2.764286068144247110e+03 1.293125726606720316e-01
2.764637088597344700e+03 1.294077879844093559e-01
2.764988109050442745e+03 1.295042912388690293e-01
2.765339129503540335e+03 1.296040999422495288e-01
2.765690149956638379e+03 1.296975581905816521e-01
2.766041170409735969e+03 1.297549752968374381e-01
2.766392190862833559e+03 1.297603491096035455e-01
2.766743211315931603e+03 1.297130626296337796e-01
2.767094231769029193e+03 1.296176771893837176e-01
2.767445252222126783e+03 1.294839255460380478e-01
2.767796272675224827e+03 1.293197096366258125e-01
2.768147293128322417e+03 1.291347812106920512e-01
2.768498313581420007e+03 1.289594987314507946e-01
2.768849334034518051e+03 1.288261797846976253e-01
2.769200354487615641e+03 1.287456249424192845e-01
2.769551374940713686e+03 1.287229039462925440e-01
2.769902395393811275e+03 1.287670196770241415e-01
2.770253415846908865e+03 1.288814915525275384e-01
2.770604436300006910e+03 1.290599362863922295e-01
2.770955456753104500e+03 1.292870839319026632e-01
2.771306477206202089e+03 1.295424620497170332e-01
2.771657497659300134e+03 1.298066068313796784e-01
2.772008518112397724e+03 1.300655034837176482e-01
2.772359538565495313e+03 1.303106268923335809e-01
2.772710559018593358e+03 1.305378876940004873e-01
2.773061579471690948e+03 1.307460459102789407e-01
2.773412599924788992e+03 1.309327066410370111e-01
2.773763620377886582e+03 1.310920819581960217e-01
2.774114640830984172e+03 1.312201599813933584e-01
2.774465661284082216e+03 1.313160416758862303e-01
2.774816681737179806e+03 1.313740711473922462e-01
2.775167702190277396e+03 1.313824563251292932e-01
2.775518722643375440e+03 1.313284825463702787e-01
2.775869743096473030e+03 1.312018460553538435e-01
2.776220763549570620e+03 1.309994392452368817e-01
2.776571784002668664e+03 1.307235501479530881e-01
2.776922804455766254e+03 1.303774861878927438e-01
2.777273824908864299e+03 1.299699051763039126e-01
2.777624845361961889e+03 1.295081946722349275e-01
2.777975865815059478e+03 1.289833581855593936e-01
2.778326886268157523e+03 1.284029900020730863e-01
2.778677906721255113e+03 1.278257366901506820e-01
2.779028927174352702e+03 1.272969643580902921e-01
2.779379947627450747e+03 1.268112297576893255e-01
2.779730968080548337e+03 1.263660780584734966e-01
2.780081988533645927e+03 1.259784172228202159e-01
2.780433008986743971e+03 1.256600544977970191e-01
2.780784029439841561e+03 1.254116288794134837e-01
2.781135049892939605e+03 1.252251531221774683e-01
2.781486070346037195e+03 1.250871198579085186e-01
2.781837090799134785e+03 1.249822981357901763e-01
2.782188111252232829e+03 1.248950076298485645e-01
2.782539131705330419e+03 1.248115490659156834e-01
2.782890152158428009e+03 1.247237629934044023e-01
2.783241172611526054e+03 1.246292919904361529e-01
2.783592193064623643e+03 1.245287822078883222e-01
2.783943213517721233e+03 1.244247114936811172e-01
2.784294233970819278e+03 1.243215200854050489e-01
2.784645254423916867e+03 1.242231129079779672e-01
2.784996274877014912e+03 1.241286671914448858e-01
2.785347295330112502e+03 1.240316993736963885e-01
2.785698315783210091e+03 1.239214465724554071e-01
2.786049336236308136e+03 1.237835599299778322e-01
2.786400356689405726e+03 1.236030028439798062e-01
2.786751377142503316e+03 1.233710393894521529e-01
2.787102397595601360e+03 1.230822792283335770e-01
2.787453418048698950e+03 1.227255409260449848e-01
2.787804438501796540e+03 1.222933859694924352e-01
2.788155458954894584e+03 1.217908388327176850e-01
2.788506479407992174e+03 1.212277189697469615e-01
2.788857499861090218e+03 1.206141349476085867e-01
2.789208520314187808e+03 1.199555962842429185e-01
2.789559540767285398e+03 1.192380046730835974e-01
2.789910561220383443e+03 1.184554440041567513e-01
2.790261581673481032e+03 1.176571526928267275e-01
2.790612602126578622e+03 1.168907233911351956e-01
2.790963622579676667e+03 1.161463258986997760e-01
2.791314643032774256e+03 1.154071975824969287e-01
2.791665663485871846e+03 1.146812995620852121e-01
2.792016683938969891e+03 1.139811634563370479e-01
2.792367704392067481e+03 1.133104666302321012e-01
2.792718724845165525e+03 1.126435154222846513e-01
2.793069745298263115e+03 1.119358878496082843e-01
2.793420765751360705e+03 1.111968138578423720e-01
2.793771786204458749e+03 1.104769744311988600e-01
2.794122806657556339e+03 1.097727498017259107e-01
2.794473827110653929e+03 1.090560279527737486e-01
2.794824847563751973e+03 1.083425746910643972e-01
2.795175868016849563e+03 1.076676439924553474e-01
2.795526888469947153e+03 1.070604597479205555e-01
2.795877908923045197e+03 1.065429067675258412e-01
2.796228929376142787e+03 1.061291478207706807e-01
2.796579949829240832e+03 1.058278922950572631e-01
2.796930970282338421e+03 1.056405511319218338e-01
2.797281990735436011e+03 1.055603891794856808e-01
2.797633011188534056e+03 1.055751439104767875e-01
2.797984031641631645e+03 1.056699747437949283e-01
2.798335052094729235e+03 1.058302432249962621e-01
2.798686072547827280e+03 1.060414582036227349e-01
2.799037093000924870e+03 1.062868340519122351e-01
2.799388113454022459e+03 1.065502620404140677e-01
2.799739133907120504e+03 1.068212995789490777e-01
2.800090154360218094e+03 1.070863494086876089e-01
2.800441174813316138e+03 1.073217694763974189e-01
2.800792195266413728e+03 1.075087406982029037e-01
2.801143215719511318e+03 1.076422667256131949e-01
2.801494236172609362e+03 1.077261169967966281e-01
2.801845256625706952e+03 1.077721452478664077e-01
2.802196277078804542e+03 1.078010544444601426e-01
2.802547297531902586e+03 1.078423741881088943e-01
2.802898317985000176e+03 1.079346705433703729e-01
2.803249338438097766e+03 1.081137701722885425e-01
2.803600358891195810e+03 1.083946197367213621e-01
2.803951379344293400e+03 1.087784979529551888e-01
2.804302399797391445e+03 1.092675479498305402e-01
2.804653420250489035e+03 1.098559934354500223e-01
2.805004440703586624e+03 1.105252373938691718e-01
2.805355461156684669e+03 1.112510698611645643e-01
2.805706481609782259e+03 1.120113903812272188e-01
2.806057502062879848e+03 1.127907230043236203e-01
2.806408522515977893e+03 1.135777699107763522e-01
2.806759542969075483e+03 1.143649283531903427e-01
2.807110563422173072e+03 1.151467168733903285e-01
2.807461583875271117e+03 1.159194429134929316e-01
2.807812604328368707e+03 1.166794763737386276e-01
2.808163624781466751e+03 1.174194580845846075e-01
2.808514645234564341e+03 1.181305416832840738e-01
2.808865665687661931e+03 1.188052001752467890e-01
2.809216686140759975e+03 1.194377847088581024e-01
2.809567706593857565e+03 1.200267221071926460e-01
2.809918727046955155e+03 1.205727056004007869e-01
2.810269747500053199e+03 1.210762593817357735e-01
2.810620767953150789e+03 1.215390424944357839e-01
2.810971788406248379e+03 1.219641021150295324e-01
2.811322808859346424e+03 1.223553990703052929e-01
2.811673829312444013e+03 1.227180711445766959e-01
2.812024849765542058e+03 1.230585596409733973e-01
2.812375870218639648e+03 1.233825829107196848e-01
2.812726890671737237e+03 1.236982463626922768e-01
2.813077911124835282e+03 1.240177018949352727e-01
2.813428931577932872e+03 1.243518867832534847e-01
2.813779952031030462e+03 1.247067166182378728e-01
2.814130972484128506e+03 1.250826950435406648e-01
2.814481992937226096e+03 1.254766688218540427e-01
2.814833013390323686e+03 1.258857189653470321e-01
2.815184033843421730e+03 1.263034469020365980e-01
2.815535054296519320e+03 1.267146029658250406e-01
2.815886074749617364e+03 1.271049701222988770e-01
2.816237095202714954e+03 1.274700880210915821e-01
2.816588115655812544e+03 1.278097379331163130e-01
2.816939136108910589e+03 1.281241487145303726e-01
2.817290156562008178e+03 1.284149771397430917e-01
2.817641177015105768e+03 1.286891893540619003e-01
2.817992197468203813e+03 1.289558849513772754e-01
2.818343217921301402e+03 1.292154473583331242e-01
2.818694238374398992e+03 1.294628882450071794e-01
2.819045258827497037e+03 1.296975662387988282e-01
2.819396279280594626e+03 1.299194673917430376e-01
2.819747299733692671e+03 1.301261783436325759e-01
2.820098320186790261e+03 1.303154781924269479e-01
2.820449340639887851e+03 1.304851559884420698e-01
2.820800361092985895e+03 1.306327407834080301e-01
2.821151381546083485e+03 1.307565532793255880e-01
2.821502401999181075e+03 1.308579502199436195e-01
2.821853422452279119e+03 1.309414253538209172e-01
2.822204442905376709e+03 1.310120736652571338e-01
2.822555463358474299e+03 1.310752458180949598e-01
2.822906483811572343e+03 1.311358781919589600e-01
2.823257504264669933e+03 1.311954939001571396e-01
2.823608524717767978e+03 1.312514970548995241e-01
2.823959545170865567e+03 1.312982684752831974e-01
2.824310565623963157e+03 1.313282363283586607e-01
2.824661586077061202e+03 1.313338172710264706e-01
2.825012606530158791e+03 1.313093090958352971e-01
2.825363626983256381e+03 1.312523151540170296e-01
2.825714647436354426e+03 1.311641449600876586e-01
2.826065667889452016e+03 1.310477997195255706e-01
2.826416688342549605e+03 1.309053094672071871e-01
2.826767708795647650e+03 1.307369792947997156e-01
2.827118729248745240e+03 1.305425867953596275e-01
2.827469749701843284e+03 1.303229297374228213e-01
2.827820770154940874e+03 1.300792111882751179e-01
2.828171790608038464e+03 1.298150613249869634e-01
2.828522811061136508e+03 1.295396535877757771e-01
2.828873831514234098e+03 1.292664064197649454e-01
2.829224851967331688e+03 1.290106197724342207e-01
2.829575872420429732e+03 1.287856162933981308e-01
2.829926892873527322e+03 1.285992130713567716e-01
2.830277913326624912e+03 1.284537000984481425e-01
2.830628933779722956e+03 1.283473248061924865e-01
2.830979954232820546e+03 1.282734639084312234e-01
2.831330974685918591e+03 1.282216115171631587e-01
2.831681995139016180e+03 1.281814365448247783e-01
2.832033015592113770e+03 1.281448388589554455e-01
2.832384036045211815e+03 1.281052951176041288e-01
2.832735056498309405e+03 1.280565740369872529e-01
2.833086076951406994e+03 1.279923740395454701e-01
2.833437097404505039e+03 1.279070818984180402e-01
2.833788117857602629e+03 1.277958876536025024e-01
2.834139138310700218e+03 1.276548658759998345e-01
2.834490158763798263e+03 1.274815820206763040e-01
2.834841179216895853e+03 1.272774248557553556e-01
2.835192199669993897e+03 1.270479097751383568e-01
2.835543220123091487e+03 1.267998841435939994e-01
2.835894240576189077e+03 1.265433513647816199e-01
2.836245261029287121e+03 1.262936174068280959e-01
2.836596281482384711e+03 1.260656137118515152e-01
2.836947301935482301e+03 1.258718820494968138e-01
2.837298322388580345e+03 1.257256229128433933e-01
2.837649342841677935e+03 1.256316056606670561e-01
2.838000363294775525e+03 1.255823183050654712e-01
2.838351383747873570e+03 1.255638655913055290e-01
2.838702404200971159e+03 1.255554804184629281e-01
2.839053424654069204e+03 1.255332776559109631e-01
2.839404445107166794e+03 1.254789914613088919e-01
2.839755465560264383e+03 1.253844720960162196e-01
2.840106486013362428e+03 1.252532317594474975e-01
2.840457506466460018e+03 1.250979523816271866e-01
2.840808526919557607e+03 1.249290239798869218e-01
2.841159547372655652e+03 1.247473904140238843e-01
2.841510567825753242e+03 1.245527798290158583e-01
2.841861588278850832e+03 1.243486490371044917e-01
2.842212608731948876e+03 1.241372527459256025e-01
2.842563629185046466e+03 1.239186930861710390e-01
2.842914649638144510e+03 1.236904403453161494e-01
2.843265670091242100e+03 1.234525273102528853e-01
2.843616690544339690e+03 1.232162732684012052e-01
2.843967710997437734e+03 1.229934366549419317e-01
2.844318731450535324e+03 1.227854377190572555e-01
2.844669751903632914e+03 1.225914800078077016e-01
2.845020772356730959e+03 1.224087009774234291e-01
2.845371792809828548e+03 1.222274585520401746e-01
2.845722813262926138e+03 1.220406645044355004e-01
2.846073833716024183e+03 1.218377408650346272e-01
2.846424854169121772e+03 1.216013485934226424e-01
2.846775874622219817e+03 1.213194587102421895e-01
2.847126895075317407e+03 1.209814294241988719e-01
2.847477915528414997e+03 1.205792933237426617e-01
2.847828935981513041e+03 1.201160655571111291e-01
2.848179956434610631e+03 1.195974478782049905e-01
2.848530976887708221e+03 1.190261809266633386e-01
2.848881997340806265e+03 1.184169175746830338e-01
2.849233017793903855e+03 1.177934362314504713e-01
2.849584038247001445e+03 1.171644911972086200e-01
2.849935058700099489e+03 1.165303294759791747e-01
2.850286079153197079e+03 1.159048382909922958e-01
2.850637099606295124e+03 1.153190894791875920e-01
2.850988120059392713e+03 1.147909038458372888e-01
2.851339140512490303e+03 1.143285627453450581e-01
2.851690160965588348e+03 1.139082761979754027e-01
2.852041181418685937e+03 1.132750891153612438e-01
2.852392201871783527e+03 1.108703089658442664e-01
2.852743222324881572e+03 1.039786126414705691e-01
2.853094242777979161e+03 9.111970507575081757e-02
2.853445263231076751e+03 7.625512962655195404e-02
2.853796283684174796e+03 7.355643457569810417e-02
2.854147304137272386e+03 8.829112150483615917e-02
2.854498324590370430e+03 1.048090715393547173e-01
2.854849345043468020e+03 1.128750380956472787e-01
2.855200365496565610e+03 1.152921881086256539e-01
2.855551385949663654e+03 1.160977081643050912e-01
2.855902406402761244e+03 1.166592288030049718e-01
2.856253426855858834e+03 1.171810081122317271e-01
2.856604447308956878e+03 1.177091006181669175e-01
2.856955467762054468e+03 1.182480486663166769e-01
2.857306488215152058e+03 1.187896788873241960e-01
2.857657508668250102e+03 1.193388114798158289e-01
2.858008529121347692e+03 1.198925176295882328e-01
2.858359549574445737e+03 1.204398685849680378e-01
2.858710570027543326e+03 1.209797605550979038e-01
2.859061590480640916e+03 1.215118181031374089e-01
2.859412610933738961e+03 1.220278569235505595e-01
2.859763631386836551e+03 1.225152302019456019e-01
2.860114651839934140e+03 1.229655409914170161e-01
2.860465672293032185e+03 1.233713971590805342e-01
2.860816692746129775e+03 1.237244116735218280e-01
2.861167713199227364e+03 1.240220409895821663e-01
2.861518733652325409e+03 1.242667298823556671e-01
2.861869754105422999e+03 1.244587413178868396e-01
2.862220774558521043e+03 1.246002904780793563e-01
2.862571795011618633e+03 1.247026478742097599e-01
2.862922815464716223e+03 1.247766869714919402e-01
2.863273835917814267e+03 1.248257308975638524e-01
2.863624856370911857e+03 1.248498810320669838e-01
2.863975876824009447e+03 1.248508673688211446e-01
2.864326897277107491e+03 1.248333850090781599e-01
2.864677917730205081e+03 1.248032169834700222e-01
2.865028938183302671e+03 1.247639761880827702e-01
2.865379958636400715e+03 1.247192071394268020e-01
2.865730979089498305e+03 1.246746281160273362e-01
2.866081999542596350e+03 1.246351333285360408e-01
2.866433019995693940e+03 1.246040105655060459e-01
2.866784040448791529e+03 1.245837703124052787e-01
2.867135060901889574e+03 1.245804020222877895e-01
2.867486081354987164e+03 1.246078115274706355e-01
2.867837101808084753e+03 1.246761162068385775e-01
2.868188122261182798e+03 1.247802920666778587e-01
2.868539142714280388e+03 1.249163900571870212e-01
2.868890163167377978e+03 1.250871721504858980e-01
2.869241183620476022e+03 1.252936052865134542e-01
2.869592204073573612e+03 1.255332911257822370e-01
2.869943224526671656e+03 1.257991864566571638e-01
2.870294244979769246e+03 1.260792547594045132e-01
2.870645265432866836e+03 1.263602102432636598e-01
2.870996285885964880e+03 1.266250598895607427e-01
2.871347306339062470e+03 1.268526485243139657e-01
2.871698326792160060e+03 1.270261340469052147e-01
2.872049347245258105e+03 1.271379766411480650e-01
2.872400367698355694e+03 1.271834567052254894e-01
2.872751388151453284e+03 1.271583507658314294e-01
2.873102408604551329e+03 1.270619761666743897e-01
2.873453429057648918e+03 1.268963517901376403e-01
2.873804449510746963e+03 1.266692176524586988e-01
2.874155469963844553e+03 1.263934554122819742e-01
2.874506490416942142e+03 1.260816738457061492e-01
2.874857510870040187e+03 1.257440144907061852e-01
2.875208531323137777e+03 1.253891706837766407e-01
2.875559551776235367e+03 1.250270412602895176e-01
2.875910572229333411e+03 1.246592432014138052e-01
2.876261592682431001e+03 1.242749498657049895e-01
2.876612613135528591e+03 1.238858211670363640e-01
2.876963633588626635e+03 1.235299282335044352e-01
2.877314654041724225e+03 1.232124681198731864e-01
2.877665674494822269e+03 1.229030763571878071e-01
2.878016694947919859e+03 1.225844620736785823e-01
2.878367715401017449e+03 1.222562261354974006e-01
2.878718735854115494e+03 1.219162285314308869e-01
2.879069756307213083e+03 1.215620854228454117e-01
2.879420776760310673e+03 1.211957028951605730e-01
2.879771797213408718e+03 1.208218016272140788e-01
2.880122817666506307e+03 1.204466222253424701e-01
2.880473838119603897e+03 1.200886490344985624e-01
2.880824858572701942e+03 1.197853219537506342e-01
2.881175879025799532e+03 1.195686863140507372e-01
2.881526899478897576e+03 1.194513075366638588e-01
2.881877919931995166e+03 1.194415411930321302e-01
2.882228940385092756e+03 1.195471686083309504e-01
2.882579960838190800e+03 1.197719602482796020e-01
2.882930981291288390e+03 1.201210349619632606e-01
2.883282001744385980e+03 1.205850902764011162e-01
2.883633022197484024e+03 1.211238021487916622e-01
2.883984042650581614e+03 1.217007146208983481e-01
2.884335063103679204e+03 1.223024031331469141e-01
2.884686083556777248e+03 1.229132688777315879e-01
2.885037104009874838e+03 1.235137569540961516e-01
2.885388124462972883e+03 1.240882229608503973e-01
2.885739144916070472e+03 1.246185722984225197e-01
2.886090165369168062e+03 1.250831722185590245e-01
2.886441185822266107e+03 1.254773444114826719e-01
2.886792206275363696e+03 1.258166864780539407e-01
2.887143226728461286e+03 1.260990929491970780e-01
2.887494247181559331e+03 1.263007953897954949e-01
2.887845267634656921e+03 1.264154451036842430e-01
2.888196288087754510e+03 1.264564981724863590e-01
2.888547308540852555e+03 1.264400732785060932e-01
2.888898328993950145e+03 1.263826612773437386e-01
2.889249349447048189e+03 1.263002002892717190e-01
2.889600369900145779e+03 1.262048746105065011e-01
2.889951390353243369e+03 1.261055413873983511e-01
2.890302410806341413e+03 1.260091707788254523e-01
2.890653431259439003e+03 1.259194829220257605e-01
2.891004451712536593e+03 1.258369654298025497e-01
2.891355472165634637e+03 1.257606299551740081e-01
2.891706492618732227e+03 1.256891266182219857e-01
2.892057513071829817e+03 1.256220027167191111e-01
2.892408533524927861e+03 1.255608848918301212e-01
2.892759553978025451e+03 1.255104068885709578e-01
2.893110574431123496e+03 1.254774205002593956e-01
2.893461594884221086e+03 1.254675711955904882e-01
2.893812615337318675e+03 1.254844760752799881e-01
2.894163635790416720e+03 1.255313402862961725e-01
2.894514656243514310e+03 1.256107721546826372e-01
2.894865676696611899e+03 1.257267187397242136e-01
2.895216697149709944e+03 1.258864217463004642e-01
2.895567717602807534e+03 1.260907127437455311e-01
2.895918738055905123e+03 1.263281267846216027e-01
2.896269758509003168e+03 1.265879968692913971e-01
2.896620778962100758e+03 1.268662024687691459e-01
2.896971799415198802e+03 1.271573849924441113e-01
2.897322819868296392e+03 1.274531981281694648e-01
2.897673840321393982e+03 1.277430548304676339e-01
2.898024860774492026e+03 1.280211886518687336e-01
2.898375881227589616e+03 1.282983424236246450e-01
2.898726901680687206e+03 1.285896031532344774e-01
2.899077922133785250e+03 1.288919050421245549e-01
2.899428942586882840e+03 1.291959214665845401e-01
2.899779963039980430e+03 1.295052998047042103e-01
2.900130983493078475e+03 1.298261482804484723e-01
2.900482003946176064e+03 1.301566402304029091e-01
2.900833024399274109e+03 1.304907406958046301e-01
2.901184044852371699e+03 1.308199730870778232e-01
2.901535065305469288e+03 1.311350429786954375e-01
2.901886085758567333e+03 1.314280545812988588e-01
2.902237106211664923e+03 1.316927734502801872e-01
2.902588126664762513e+03 1.319251412287177072e-01
2.902939147117860557e+03 1.321243948758640541e-01
2.903290167570958147e+03 1.322905960651805102e-01
2.903641188024055737e+03 1.324228550496214796e-01
2.903992208477153781e+03 1.325202422753581633e-01
2.904343228930251371e+03 1.325808177669111354e-01
2.904694249383349415e+03 1.326015958090906166e-01
2.905045269836447005e+03 1.325798353651612693e-01
2.905396290289544595e+03 1.325132776628626108e-01
2.905747310742642640e+03 1.324003332157789870e-01
2.906098331195740229e+03 1.322415210400936236e-01
2.906449351648837819e+03 1.320402231955151440e-01
2.906800372101935864e+03 1.318013455592781380e-01
2.907151392555033453e+03 1.315302014749213377e-01
2.907502413008131043e+03 1.312337819896942093e-01
2.907853433461229088e+03 1.309212183030935006e-01
2.908204453914326677e+03 1.306015875078470612e-01
2.908555474367424722e+03 1.302825019026432607e-01
2.908906494820522312e+03 1.299700187701505749e-01
2.909257515273619902e+03 1.296730524022998154e-01
2.909608535726717946e+03 1.294024702359002355e-01
2.909959556179815536e+03 1.291626793847762411e-01
2.910310576632913126e+03 1.289559068380374818e-01
2.910661597086011170e+03 1.287894485594235361e-01
2.911012617539108760e+03 1.286724068252717013e-01
2.911363637992206350e+03 1.286126344874646832e-01
2.911714658445304394e+03 1.286190521578605694e-01
2.912065678898401984e+03 1.286988898060907327e-01
2.912416699351500029e+03 1.288480028434221270e-01
2.912767719804597618e+03 1.290543952726741495e-01
2.913118740257695208e+03 1.293078867627087125e-01
2.913469760710793253e+03 1.295983843452139239e-01
2.913820781163890842e+03 1.299135825300505032e-01
2.914171801616988432e+03 1.302389203228510317e-01
2.914522822070086477e+03 1.305580243955407616e-01
2.914873842523184067e+03 1.308562286960090193e-01
2.915224862976281656e+03 1.311224637927976000e-01
2.915575883429379701e+03 1.313476741772945933e-01
2.915926903882477291e+03 1.315237170807846412e-01
2.916277924335575335e+03 1.316462259713383487e-01
2.916628944788672925e+03 1.317162940900394041e-01
2.916979965241770515e+03 1.317386045946031814e-01
2.917330985694868559e+03 1.317201164301706195e-01
2.917682006147966149e+03 1.316701341289721050e-01
2.918033026601063739e+03 1.315985757238024578e-01
2.918384047054161783e+03 1.315144201423641690e-01
2.918735067507259373e+03 1.314243433394152727e-01
2.919086087960356963e+03 1.313308988228899521e-01
2.919437108413455007e+03 1.312325465569758043e-01
2.919788128866552597e+03 1.311243419945605782e-01
2.920139149319650642e+03 1.309985585072459824e-01
2.920490169772748231e+03 1.308456169487544618e-01
2.920841190225845821e+03 1.306555787383199552e-01
2.921192210678943866e+03 1.304205405424617714e-01
2.921543231132041456e+03 1.301360570329938571e-01
2.921894251585139045e+03 1.297991689635061285e-01
2.922245272038237090e+03 1.294080651476005039e-01
2.922596292491334680e+03 1.289638027871085058e-01
2.922947312944432269e+03 1.284716332628727253e-01
2.923298333397530314e+03 1.279413234910086183e-01
2.923649353850627904e+03 1.273831447120371274e-01
2.924000374303725948e+03 1.268086214987506344e-01
2.924351394756823538e+03 1.262377269271611202e-01
2.924702415209921128e+03 1.256878514936802527e-01
2.925053435663019172e+03 1.251653205279040781e-01
2.925404456116116762e+03 1.246756161810791130e-01
2.925755476569214352e+03 1.242269064786685473e-01
2.926106497022312396e+03 1.238230791034908990e-01
2.926457517475409986e+03 1.234665522588901249e-01
2.926808537928507576e+03 1.231662648721691677e-01
2.927159558381605621e+03 1.229324988744910085e-01
2.927510578834703210e+03 1.227689554995251286e-01
2.927861599287801255e+03 1.226772749242137500e-01
2.928212619740898845e+03 1.226624529179642931e-01
2.928563640193996434e+03 1.227299007025694777e-01
2.928914660647094479e+03 1.228806097373172784e-01
2.929265681100192069e+03 1.231090682965752386e-01
2.929616701553289658e+03 1.234041320924367940e-01
2.929967722006387703e+03 1.237512104421621684e-01
2.930318742459485293e+03 1.241325402495053742e-01
2.930669762912582883e+03 1.245278766121126757e-01
2.931020783365680927e+03 1.249168039692053755e-01
2.931371803818778517e+03 1.252807805982151801e-01
2.931722824271876561e+03 1.256052220692991939e-01
2.932073844724974151e+03 1.258804802942271872e-01
2.932424865178071741e+03 1.261020199105369610e-01
2.932775885631169785e+03 1.262699244092356232e-01
2.933126906084267375e+03 1.263863078322305378e-01
2.933477926537364965e+03 1.264522914176391954e-01
2.933828946990463010e+03 1.264678464069420583e-01
2.934179967443560599e+03 1.264330657298009808e-01
2.934530987896658189e+03 1.263466161122900888e-01
2.934882008349756234e+03 1.262049434807480663e-01
2.935233028802853823e+03 1.260062568703405605e-01
2.935584049255951868e+03 1.257520489170678712e-01
2.935935069709049458e+03 1.254485412047951498e-01
2.936286090162147048e+03 1.251089850996119357e-01
2.936637110615245092e+03 1.247500690253059707e-01
2.936988131068342682e+03 1.243875335187841907e-01
2.937339151521440272e+03 1.240369581173295793e-01
2.937690171974538316e+03 1.237107047119342662e-01
2.938041192427635906e+03 1.234155558310741502e-01
2.938392212880733496e+03 1.231546771016041042e-01
2.938743233333831540e+03 1.229263951475266375e-01
2.939094253786929130e+03 1.227246611008218358e-01
2.939445274240027175e+03 1.225438596744936603e-01
2.939796294693124764e+03 1.223817362328429997e-01
2.940147315146222354e+03 1.222378928431005485e-01
2.940498335599320399e+03 1.221124523192173988e-01
2.940849356052417988e+03 1.220056782712377746e-01
2.941200376505515578e+03 1.219160690374651024e-01
2.941551396958613623e+03 1.218394834167806778e-01
2.941902417411711212e+03 1.217712961727802634e-01
2.942253437864808802e+03 1.217058293798210095e-01
2.942604458317906847e+03 1.216350937386029285e-01
2.942955478771004437e+03 1.215521270991296032e-01
2.943306499224102481e+03 1.214520281658947043e-01
2.943657519677200071e+03 1.213311606184130087e-01
2.944008540130297661e+03 1.211893252651176089e-01
2.944359560583395705e+03 1.210302342214636950e-01
2.944710581036493295e+03 1.208605853380849138e-01
2.945061601489590885e+03 1.206879635733593414e-01
2.945412621942688929e+03 1.205187094482457200e-01
2.945763642395786519e+03 1.203579847360394667e-01
2.946114662848884109e+03 1.202081807496883370e-01
2.946465683301982153e+03 1.200679733244828240e-01
2.946816703755079743e+03 1.199347990480883197e-01
2.947167724208177788e+03 1.198075082402008662e-01
2.947518744661275377e+03 1.196888597325931197e-01
2.947869765114372967e+03 1.195869897436393214e-01
2.948220785567471012e+03 1.195146564664583411e-01
2.948571806020568602e+03 1.194851830516087954e-01
2.948922826473666191e+03 1.195102795049323985e-01
2.949273846926764236e+03 1.196004172281959765e-01
2.949624867379861826e+03 1.197623602782011687e-01
2.949975887832959415e+03 1.199945199483204578e-01
2.950326908286057460e+03 1.202874989015380036e-01
2.950677928739155050e+03 1.206289029345871955e-01
2.951028949192253094e+03 1.210041745697149618e-01
2.951379969645350684e+03 1.213957081182360231e-01
2.951730990098448274e+03 1.217857154530132407e-01
2.952082010551546318e+03 1.221577899578276949e-01
2.952433031004643908e+03 1.224998828916910587e-01
2.952784051457741498e+03 1.228051573821039577e-01
2.953135071910839542e+03 1.230714635970116821e-01
2.953486092363937132e+03 1.233023322448076053e-01
2.953837112817034722e+03 1.235078368013146910e-01
2.954188133270132766e+03 1.237008690298291302e-01
2.954539153723230356e+03 1.238932000379200649e-01
2.954890174176328401e+03 1.240944723344008516e-01
2.955241194629425991e+03 1.243094952920242857e-01
2.955592215082523580e+03 1.245361032756456682e-01
2.955943235535621625e+03 1.247672674854455876e-01
2.956294255988719215e+03 1.249928727798505917e-01
2.956645276441816804e+03 1.252007914508266873e-01
2.956996296894914849e+03 1.253803759442899124e-01
2.957347317348012439e+03 1.255234091526123419e-01
2.957698337801110029e+03 1.256248982005169768e-01
2.958049358254208073e+03 1.256846519535972928e-01
2.958400378707305663e+03 1.257060500139703385e-01
2.958751399160403707e+03 1.256939414997672588e-01
2.959102419613501297e+03 1.256531053376406804e-01
2.959453440066598887e+03 1.255883133441618726e-01
2.959804460519696931e+03 1.255051439044425343e-01
2.960155480972794521e+03 1.254088087842460120e-01
2.960506501425892111e+03 1.253025672894185483e-01
2.960857521878990156e+03 1.251864220721467802e-01
2.961208542332087745e+03 1.250564178976846241e-01
2.961559562785185335e+03 1.249049694453391451e-01
2.961910583238283380e+03 1.247219190953894885e-01
2.962261603691380969e+03 1.244962887986517941e-01
2.962612624144479014e+03 1.242171827053840105e-01
2.962963644597576604e+03 1.238762453795304586e-01
2.963314665050674193e+03 1.234703513605645980e-01
2.963665685503772238e+03 1.230011142219444853e-01
2.964016705956869828e+03 1.224769167966425487e-01
2.964367726409967418e+03 1.219111257082214628e-01
2.964718746863065462e+03 1.213205939067081712e-01
2.965069767316163052e+03 1.207281853992554221e-01
2.965420787769260642e+03 1.201579856546241831e-01
2.965771808222358686e+03 1.196308471812327356e-01
2.966122828675456276e+03 1.191631042045305511e-01
2.966473849128554320e+03 1.187667047975780321e-01
2.966824869581651910e+03 1.184486166506089344e-01
2.967175890034749500e+03 1.182083539126879135e-01
2.967526910487847545e+03 1.180409764032716025e-01
2.967877930940945134e+03 1.179410657246418304e-01
2.968228951394042724e+03 1.179013249613876241e-01
2.968579971847140769e+03 1.179127843379678131e-01
2.968930992300238358e+03 1.179677965982101895e-01
2.969282012753335948e+03 1.180609341819596203e-01
2.969633033206433993e+03 1.181891840466089416e-01
2.969984053659531583e+03 1.183519119290322719e-01
2.970335074112629627e+03 1.185501779320031202e-01
2.970686094565727217e+03 1.187844398608336738e-01
2.971037115018824807e+03 1.190543763810835154e-01
2.971388135471922851e+03 1.193599977753440344e-01
2.971739155925020441e+03 1.196984300555877234e-01
2.972090176378118031e+03 1.200638442393275607e-01
2.972441196831216075e+03 1.204520854932180918e-01
2.972792217284313665e+03 1.208576598822459769e-01
2.973143237737411255e+03 1.212742687554639875e-01
2.973494258190509299e+03 1.216984174686097514e-01
2.973845278643606889e+03 1.221259696798090016e-01
2.974196299096704934e+03 1.225510327851321718e-01
2.974547319549802523e+03 1.229670934905562896e-01
2.974898340002900113e+03 1.233649080173402912e-01
2.975249360455998158e+03 1.237337724986598969e-01
2.975600380909095747e+03 1.240635406581286349e-01
2.975951401362193337e+03 1.243463717501942373e-01
2.976302421815291382e+03 1.245770607486334919e-01
2.976653442268388972e+03 1.247522687312890843e-01
2.977004462721486561e+03 1.248689807075873959e-01
2.977355483174584606e+03 1.249233755800937817e-01
2.977706503627682196e+03 1.249107647087978334e-01
2.978057524080780240e+03 1.248263284689246633e-01
2.978408544533877830e+03 1.246649418728966313e-01
2.978759564986975420e+03 1.244213182144214835e-01
2.979110585440073464e+03 1.240924951956717259e-01
2.979461605893171054e+03 1.236802902899556411e-01
2.979812626346268644e+03 1.231929661134725518e-01
2.980163646799366688e+03 1.226427461771175398e-01
2.980514667252464278e+03 1.220384704393021047e-01
2.980865687705561868e+03 1.213874811042489898e-01
2.981216708158659912e+03 1.207028061628032389e-01
2.981567728611757502e+03 1.199984164646374640e-01
2.981918749064855547e+03 1.192873535626846893e-01
2.982269769517953137e+03 1.185838191986509915e-01
2.982620789971050726e+03 1.179015812558560916e-01
2.982971810424148771e+03 1.172532430508480134e-01
2.983322830877246361e+03 1.166502508181801318e-01
2.983673851330343950e+03 1.161071725771595786e-01
2.984024871783441995e+03 1.156377752450367669e-01
2.984375892236539585e+03 1.152549106966732351e-01
2.984726912689637174e+03 1.149739158273327122e-01
2.985077933142735219e+03 1.148089496451552977e-01
2.985428953595832809e+03 1.147716551396667228e-01
2.985779974048930853e+03 1.148704204694522835e-01
2.986130994502028443e+03 1.151059704502665204e-01
2.986482014955126033e+03 1.154696972367916241e-01
2.986833035408224077e+03 1.159461318611592073e-01
2.987184055861321667e+03 1.165143679885703998e-01
2.987535076314419257e+03 1.171492371343858252e-01
2.987886096767517301e+03 1.178256846693758186e-01
2.988237117220614891e+03 1.185195396187099792e-01
2.988588137673712481e+03 1.192093332964604402e-01
2.988939158126810526e+03 1.198766240260002169e-01
2.989290178579908115e+03 1.205035243853085775e-01
2.989641199033006160e+03 1.210757122615681580e-01
2.989992219486103750e+03 1.215807603125010489e-01
2.990343239939201339e+03 1.219949340279008476e-01
2.990694260392299384e+03 1.222959097727645272e-01
2.991045280845396974e+03 1.224841639554946349e-01
2.991396301298494564e+03 1.225621137471979427e-01
2.991747321751592608e+03 1.225311422779766235e-01
2.992098342204690198e+03 1.224023848572721312e-01
2.992449362657787788e+03 1.221919058229767596e-01
2.992800383110885832e+03 1.219216326592054839e-01
2.993151403563983422e+03 1.216240046683095266e-01
2.993502424017081466e+03 1.213285439264847193e-01
2.993853444470179056e+03 1.210543105156968169e-01
2.994204464923276646e+03 1.208148986251350865e-01
2.994555485376374691e+03 1.206211175962072363e-01
2.994906505829472280e+03 1.204816327692311562e-01
2.995257526282569870e+03 1.203938103694993100e-01
2.995608546735667915e+03 1.203478051326904025e-01
2.995959567188765504e+03 1.203358339725422721e-01
2.996310587641863094e+03 1.203470217923606894e-01
2.996661608094961139e+03 1.203623321021340675e-01
2.997012628548058728e+03 1.203597103779770472e-01
2.997363649001156773e+03 1.203188371522837391e-01
2.997714669454254363e+03 1.202224950042010132e-01
2.998065689907351953e+03 1.200657063180192718e-01
2.998416710360449997e+03 1.198442641931435487e-01
2.998767730813547587e+03 1.195488503199598485e-01
2.999118751266645177e+03 1.191772403502681099e-01
2.999469771719743221e+03 1.187198707224263183e-01
2.999820792172840811e+03 1.181929634945186880e-01
3.000171812625938401e+03 1.176629829962496376e-01
3.000522833079036445e+03 1.171710942563184560e-01
3.000873853532134035e+03 1.167116817756805730e-01
3.001224873985232080e+03 1.162897446217207587e-01
3.001575894438329669e+03 1.159295140558138648e-01
3.001926914891427259e+03 1.156501430877901193e-01
3.002277935344525304e+03 1.154627670783913151e-01
3.002628955797622893e+03 1.153738126176670348e-01
3.002979976250720483e+03 1.153870554528905190e-01
3.003330996703818528e+03 1.155003460667171772e-01
3.003682017156916118e+03 1.156973571334762724e-01
3.004033037610013707e+03 1.159581881876178000e-01
3.004384058063111752e+03 1.162642313230032726e-01
3.004735078516209342e+03 1.165915386229283424e-01
3.005086098969307386e+03 1.169140345688279292e-01
3.005437119422404976e+03 1.172072855852513140e-01
3.005788139875502566e+03 1.174495439623878951e-01
3.006139160328600610e+03 1.176277795391559300e-01
3.006490180781698200e+03 1.177420349772563546e-01
3.006841201234795790e+03 1.178030043990015707e-01
3.007192221687893834e+03 1.178292620524089285e-01
3.007543242140991424e+03 1.178455740323042511e-01
3.007894262594089014e+03 1.178787640583476293e-01
3.008245283047187058e+03 1.179531914929800307e-01
3.008596303500284648e+03 1.180863840514076446e-01
3.008947323953382693e+03 1.182859250343076540e-01
3.009298344406480282e+03 1.185486460453543112e-01
3.009649364859577872e+03 1.188620257154913151e-01
3.010000385312675917e+03 1.192065897979003308e-01
3.010351405765773507e+03 1.195600163988816828e-01
3.010702426218871096e+03 1.199003395941563022e-01
3.011053446671969141e+03 1.202056523311963027e-01
3.011404467125066731e+03 1.204558929360789038e-01
3.011755487578164320e+03 1.206387469802194939e-01
3.012106508031262365e+03 1.207502717720357333e-01
3.012457528484359955e+03 1.207917429856088659e-01
3.012808548937457999e+03 1.207709094316866683e-01
3.013159569390555589e+03 1.207006282893158672e-01
3.013510589843653179e+03 1.205866487788334884e-01
3.013861610296751223e+03 1.204265476506905103e-01
3.014212630749848813e+03 1.202214505976058612e-01
3.014563651202946403e+03 1.199752796514908099e-01
3.014914671656044447e+03 1.196908763049424201e-01
3.015265692109142037e+03 1.193662323253128488e-01
3.015616712562239627e+03 1.189856785601492439e-01
3.015967733015337672e+03 1.185459110797043303e-01
3.016318753468435261e+03 1.180726768731201193e-01
3.016669773921533306e+03 1.175762015751311840e-01
3.017020794374630896e+03 1.170422029189758795e-01
3.017371814827728485e+03 1.164728895296129885e-01
3.017722835280826530e+03 1.158859199295551312e-01
3.018073855733924120e+03 1.152983228424018791e-01
3.018424876187021709e+03 1.147255249115571307e-01
3.018775896640119754e+03 1.141813544677184045e-01
3.019126917093217344e+03 1.136830678394715882e-01
3.019477937546315388e+03 1.132496891101358455e-01
3.019828957999412978e+03 1.128910444981164329e-01
3.020179978452510568e+03 1.126171814625264583e-01
3.020530998905608612e+03 1.124518517856295807e-01
3.020882019358706202e+03 1.124134358205737122e-01
3.021233039811803792e+03 1.125001556997784757e-01
3.021584060264901836e+03 1.127030096121613006e-01
3.021935080717999426e+03 1.130149616279436803e-01
3.022286101171097016e+03 1.134235311515395805e-01
3.022637121624195061e+03 1.139011008984382595e-01
3.022988142077292650e+03 1.144098975529682788e-01
3.023339162530390695e+03 1.149277455681788074e-01
3.023690182983488285e+03 1.154581501019532053e-01
3.024041203436585874e+03 1.159839094479776234e-01
3.024392223889683919e+03 1.164593632552437391e-01
3.024743244342781509e+03 1.168741047271971978e-01
3.025094264795879099e+03 1.172487497319157357e-01
3.025445285248977143e+03 1.175978120267426735e-01
3.025796305702074733e+03 1.179364478707136399e-01
3.026147326155172323e+03 1.182795797293805240e-01
3.026498346608270367e+03 1.186299174106585363e-01
3.026849367061367957e+03 1.189861334020668598e-01
3.027200387514466001e+03 1.193515151519000950e-01
3.027551407967563591e+03 1.197248235106673497e-01
3.027902428420661181e+03 1.200912620048212726e-01
3.028253448873759226e+03 1.204351010924778059e-01
3.028604469326856815e+03 1.207577267816045130e-01
3.028955489779954405e+03 1.210579280423010606e-01
3.029306510233052450e+03 1.213132796118810836e-01
3.029657530686150039e+03 1.215095294272878629e-01
3.030008551139247629e+03 1.216520318335203021e-01
3.030359571592345674e+03 1.217491148866119560e-01
3.030710592045443263e+03 1.218095194601582498e-01
3.031061612498541308e+03 1.218443975566686766e-01
3.031412632951638898e+03 1.218669272658397668e-01
3.031763653404736488e+03 1.218882230349705997e-01
3.032114673857834532e+03 1.219104625276574427e-01
3.032465694310932122e+03 1.219303587387478016e-01
3.032816714764029712e+03 1.219422958205138990e-01
3.033167735217127756e+03 1.219386724855722193e-01
3.033518755670225346e+03 1.219101953897046009e-01
3.033869776123322936e+03 1.218435592353943192e-01
3.034220796576420980e+03 1.217487835463458012e-01
3.034571817029518570e+03 1.215958834274267486e-01
3.034922837482616615e+03 1.211156556088239244e-01
3.035273857935714204e+03 1.186926411849389684e-01
3.035624878388811794e+03 1.105317398795603034e-01
3.035975898841909839e+03 9.406704886273239974e-02
3.036326919295007428e+03 7.581325069084166035e-02
3.036677939748105018e+03 7.261993331007732255e-02
3.037028960201203063e+03 8.873509865138967667e-02
3.037379980654300653e+03 1.071026878742228905e-01
3.037731001107398242e+03 1.159248303630489030e-01
3.038082021560496287e+03 1.179971271504970803e-01
3.038433042013593877e+03 1.180850871338526564e-01
3.038784062466691921e+03 1.178735975930454150e-01
3.039135082919789511e+03 1.177063827332532758e-01
3.039486103372887101e+03 1.176178814647828863e-01
3.039837123825985145e+03 1.175750812500076514e-01
3.040188144279082735e+03 1.175555473937269363e-01
3.040539164732180325e+03 1.175517095939513923e-01
3.040890185185278369e+03 1.175601642574536643e-01
3.041241205638375959e+03 1.175792173357710912e-01
3.041592226091473549e+03 1.176098180193654724e-01
3.041943246544571593e+03 1.176534277474378110e-01
3.042294266997669183e+03 1.177101185978877140e-01
3.042645287450767228e+03 1.177801501742334195e-01
3.042996307903864817e+03 1.178618631253905286e-01
3.043347328356962407e+03 1.179514494270847702e-01
3.043698348810060452e+03 1.180445977748054431e-01
3.044049369263158042e+03 1.181323969083589165e-01
3.044400389716255631e+03 1.182030483600546578e-01
3.044751410169353676e+03 1.182446699610994190e-01
3.045102430622451266e+03 1.182472591178323762e-01
3.045453451075548855e+03 1.182045572830895952e-01
3.045804471528646900e+03 1.181163423839691196e-01
3.046155491981744490e+03 1.179938007399541633e-01
3.046506512434842534e+03 1.178527101853250464e-01
3.046857532887940124e+03 1.177001180330734809e-01
3.047208553341037714e+03 1.175423810896301657e-01
3.047559573794135758e+03 1.173970460146067651e-01
3.047910594247233348e+03 1.172850823700984646e-01
3.048261614700330938e+03 1.172223489718927647e-01
3.048612635153428982e+03 1.172151033156065142e-01
3.048963655606526572e+03 1.172601261049845967e-01
3.049314676059624162e+03 1.173498698658986816e-01
3.049665696512722207e+03 1.174884855919866161e-01
3.050016716965819796e+03 1.176916416690841211e-01
3.050367737418917841e+03 1.179434586438739829e-01
3.050718757872015431e+03 1.181949958076684570e-01
3.051069778325113020e+03 1.184313834676389565e-01
3.051420798778211065e+03 1.186593436691409653e-01
3.051771819231308655e+03 1.188680562410421582e-01
3.052122839684406244e+03 1.190433086414072611e-01
3.052473860137504289e+03 1.191737138537990182e-01
3.052824880590601879e+03 1.192449746488974116e-01
3.053175901043699469e+03 1.192471994354027676e-01
3.053526921496797513e+03 1.191775359508178977e-01
3.053877941949895103e+03 1.190366030912181072e-01
3.054228962402993147e+03 1.188284441035681593e-01
3.054579982856090737e+03 1.185600022011905064e-01
3.054931003309188327e+03 1.182383289422946071e-01
3.055282023762286371e+03 1.178695905566605473e-01
3.055633044215383961e+03 1.174607265092837416e-01
3.055984064668481551e+03 1.170194611881473223e-01
3.056335085121579596e+03 1.165535949577011926e-01
3.056686105574677185e+03 1.160732588859280101e-01
3.057037126027774775e+03 1.155908666469630808e-01
3.057388146480872820e+03 1.151190973218468999e-01
3.057739166933970409e+03 1.146758410047188648e-01
3.058090187387068454e+03 1.142860248494581288e-01
3.058441207840166044e+03 1.139713048381177374e-01
3.058792228293263634e+03 1.137408566484988115e-01
3.059143248746361678e+03 1.136030423439635534e-01
3.059494269199459268e+03 1.135732207819646344e-01
3.059845289652556858e+03 1.136507029778741629e-01
3.060196310105654902e+03 1.138185352928938326e-01
3.060547330558752492e+03 1.140593048261198672e-01
3.060898351011850082e+03 1.143526110635220416e-01
3.061249371464948126e+03 1.146735206738289381e-01
3.061600391918045716e+03 1.149933542381712803e-01
3.061951412371143761e+03 1.152619302423184278e-01
3.062302432824241350e+03 1.151567237221692852e-01
3.062653453277338940e+03 1.127929599206977385e-01
3.063004473730436985e+03 1.031564195769700265e-01
3.063355494183534574e+03 8.235537765547373823e-02
3.063706514636632164e+03 5.595795009799053171e-02
3.064057535089730209e+03 4.114132914424944998e-02
3.064408555542827798e+03 5.274477026734854940e-02
3.064759575995925388e+03 8.043091642565750043e-02
3.065110596449023433e+03 1.028380970902895430e-01
3.065461616902121023e+03 1.123906964277645720e-01
3.065812637355219067e+03 1.144915708155977152e-01
3.066163657808316657e+03 1.145978221025714811e-01
3.066514678261414247e+03 1.144453410483253220e-01
3.066865698714512291e+03 1.143174656937366862e-01
3.067216719167609881e+03 1.142486922532622851e-01
3.067567739620707471e+03 1.142492619951255561e-01
3.067918760073805515e+03 1.143251627182785696e-01
3.068269780526903105e+03 1.144775796306927856e-01
3.068620800980000695e+03 1.147017454075116016e-01
3.068971821433098739e+03 1.149808076757194708e-01
3.069322841886196329e+03 1.152914707693771801e-01
3.069673862339294374e+03 1.156195577504415817e-01
3.070024882792391963e+03 1.159519132423267734e-01
3.070375903245489553e+03 1.162711619933072676e-01
3.070726923698587598e+03 1.165663163849819106e-01
3.071077944151685188e+03 1.168331052957281568e-01
3.071428964604782777e+03 1.170629397690812201e-01
3.071779985057880822e+03 1.172491225352254030e-01
3.072131005510978412e+03 1.173954007158290180e-01
3.072482025964076001e+03 1.175104616813268943e-01
3.072833046417174046e+03 1.176008733744168949e-01
3.073184066870271636e+03 1.176676757272707152e-01
3.073535087323369680e+03 1.177075881937919566e-01
3.073886107776467270e+03 1.177208178421689788e-01
3.074237128229564860e+03 1.177134708617848108e-01
3.074588148682662904e+03 1.176916110049592290e-01
3.074939169135760494e+03 1.176570545774991983e-01
3.075290189588858084e+03 1.176114735852439863e-01
3.075641210041956128e+03 1.175603527585775826e-01
3.075992230495053718e+03 1.175101679231102814e-01
3.076343250948151308e+03 1.174642269917385989e-01
3.076694271401249352e+03 1.174221409012612682e-01
3.077045291854346942e+03 1.173817719022289957e-01
3.077396312307444987e+03 1.173428136256731702e-01
3.077747332760542577e+03 1.173070297350632119e-01
3.078098353213640166e+03 1.172729948340374140e-01
3.078449373666738211e+03 1.172370507598281542e-01
3.078800394119835801e+03 1.171986410122710098e-01
3.079151414572933390e+03 1.171618670284090280e-01
3.079502435026031435e+03 1.171322369575617112e-01
3.079853455479129025e+03 1.171137484109863042e-01
3.080204475932226615e+03 1.171084755208812583e-01
3.080555496385324659e+03 1.171182586318210983e-01
3.080906516838422249e+03 1.171439891066047567e-01
3.081257537291520293e+03 1.171850809796264048e-01
3.081608557744617883e+03 1.172401446016478332e-01
3.081959578197715473e+03 1.173078906009746292e-01
3.082310598650813517e+03 1.173867347593157695e-01
3.082661619103911107e+03 1.174739976053083834e-01
3.083012639557008697e+03 1.175653988355058743e-01
3.083363660010106742e+03 1.176548857310574514e-01
3.083714680463204331e+03 1.177343346467691898e-01
3.084065700916301921e+03 1.177924573836608424e-01
3.084416721369399966e+03 1.178153426173018381e-01
3.084767741822497555e+03 1.177888856938437145e-01
3.085118762275595600e+03 1.177005467705345976e-01
3.085469782728693190e+03 1.175412015742864358e-01
3.085820803181790779e+03 1.173083436461775930e-01
3.086171823634888824e+03 1.170042659862475382e-01
3.086522844087986414e+03 1.166334958370149888e-01
3.086873864541084004e+03 1.162063439382061275e-01
3.087224884994182048e+03 1.157406434250691785e-01
3.087575905447279638e+03 1.152524888260387653e-01
3.087926925900377228e+03 1.147518924046007638e-01
3.088277946353475272e+03 1.142474721454927039e-01
3.088628966806572862e+03 1.137487571831305722e-01
3.088979987259670906e+03 1.132616387628911508e-01
3.089331007712768496e+03 1.127870514485000419e-01
3.089682028165866086e+03 1.123269493676577191e-01
3.090033048618964131e+03 1.118818550465124628e-01
3.090384069072061720e+03 1.114449842180048056e-01
3.090735089525159310e+03 1.110183453801137921e-01
3.091086109978257355e+03 1.106169698253836042e-01
3.091437130431354944e+03 1.102444909964623576e-01
3.091788150884452534e+03 1.098936378743346765e-01
3.092139171337550579e+03 1.095642209104331355e-01
3.092490191790648169e+03 1.092643276374866690e-01
3.092841212243746213e+03 1.090032843686891267e-01
3.093192232696843803e+03 1.087877615788381408e-01
3.093543253149941393e+03 1.086242528293797222e-01
3.093894273603039437e+03 1.085215680171612018e-01
3.094245294056137027e+03 1.084807098786315094e-01
3.094596314509234617e+03 1.084908199390886563e-01
3.094947334962332661e+03 1.085353753722090309e-01
3.095298355415430251e+03 1.085963113854215012e-01
3.095649375868527841e+03 1.086561406066731683e-01
3.096000396321625885e+03 1.086998556249784559e-01
3.096351416774723475e+03 1.087178466887247785e-01
3.096702437227821520e+03 1.087078225447065255e-01
3.097053457680919109e+03 1.086736511692568685e-01
3.097404478134016699e+03 1.086224481160511512e-01
3.097755498587114744e+03 1.085619150770955887e-01
3.098106519040212333e+03 1.084975672393735657e-01
3.098457539493309923e+03 1.084320292321204471e-01
3.098808559946407968e+03 1.083656200444837459e-01
3.099159580399505558e+03 1.082986996387882289e-01
3.099510600852603147e+03 1.082340253706385175e-01
3.099861621305701192e+03 1.081785394611051443e-01
3.100212641758798782e+03 1.081440849821141137e-01
3.100563662211896826e+03 1.081466250429895665e-01
3.100914682664994416e+03 1.082041056675772522e-01
3.101265703118092006e+03 1.083349113376679412e-01
3.101616723571190050e+03 1.085566723775841930e-01
3.101967744024287640e+03 1.088768114650396912e-01
3.102318764477385230e+03 1.092875752999333261e-01
3.102669784930483274e+03 1.097801796240639172e-01
3.103020805383580864e+03 1.103491655634105673e-01
3.103371825836678454e+03 1.109766446636695769e-01
3.103722846289776498e+03 1.116305130399992962e-01
3.104073866742874088e+03 1.122825925735134456e-01
3.104424887195972133e+03 1.129231799925014684e-01
3.104775907649069723e+03 1.135523401303170921e-01
3.105126928102167312e+03 1.141631419040373685e-01
3.105477948555265357e+03 1.147423507177442181e-01
3.105828969008362947e+03 1.152851913892843638e-01
3.106179989461460536e+03 1.157992993384645564e-01
3.106531009914558581e+03 1.162919753971671799e-01
3.106882030367656171e+03 1.167603057775437880e-01
3.107233050820753760e+03 1.171918891359952503e-01
3.107584071273851805e+03 1.175738224051132708e-01
3.107935091726949395e+03 1.178997269444476415e-01
3.108286112180047439e+03 1.181694544466531938e-01
3.108637132633145029e+03 1.183824738716821867e-01
3.108988153086242619e+03 1.185336122924794122e-01
3.109339173539340663e+03 1.186204005697833741e-01
3.109690193992438253e+03 1.186493582731371899e-01
3.110041214445535843e+03 1.186313959124453005e-01
3.110392234898633887e+03 1.185778881155621078e-01
3.110743255351731477e+03 1.185003154321997293e-01
3.111094275804829067e+03 1.184086887773903862e-01
3.111445296257927112e+03 1.183127463049254841e-01
3.111796316711024701e+03 1.182213387113657255e-01
3.112147337164122746e+03 1.181371737801978905e-01
3.112498357617220336e+03 1.180569375791161169e-01
3.112849378070317925e+03 1.179755947825522899e-01
3.113200398523415970e+03 1.178873097743565468e-01
3.113551418976513560e+03 1.177845443359670785e-01
3.113902439429611150e+03 1.176588652735274521e-01
3.114253459882709194e+03 1.175035125448142537e-01
3.114604480335806784e+03 1.173137985822635954e-01
3.114955500788904374e+03 1.170852509060977265e-01
3.115306521242002418e+03 1.168138999716841486e-01
3.115657541695100008e+03 1.164987097350279610e-01
3.116008562148198052e+03 1.161400053582889169e-01
3.116359582601295642e+03 1.157386686988469970e-01
3.116710603054393232e+03 1.152964532368170592e-01
3.117061623507491277e+03 1.148177945242748327e-01
3.117412643960588866e+03 1.143123149212184886e-01
3.117763664413686456e+03 1.137919486929201141e-01
3.118114684866784501e+03 1.132704467689292366e-01
3.118465705319882090e+03 1.127619123206187457e-01
3.118816725772979680e+03 1.122798345989174940e-01
3.119167746226077725e+03 1.118360168918788033e-01
3.119518766679175314e+03 1.114385420781518338e-01
3.119869787132273359e+03 1.110926691189726007e-01
3.120220807585370949e+03 1.108026151905714685e-01
3.120571828038468539e+03 1.105702079624793083e-01
3.120922848491566583e+03 1.103941367070327972e-01
3.121273868944664173e+03 1.102737136066121448e-01
3.121624889397761763e+03 1.102084234312457195e-01
3.121975909850859807e+03 1.101960930313491127e-01
3.122326930303957397e+03 1.102327232121237399e-01
3.122677950757054987e+03 1.103128470518798532e-01
3.123028971210153031e+03 1.104290336931684768e-01
3.123379991663250621e+03 1.105716409026334945e-01
3.123731012116348666e+03 1.107297185164064501e-01
3.124082032569446255e+03 1.108915660904370992e-01
3.124433053022543845e+03 1.110461691288786024e-01
3.124784073475641890e+03 1.111844337156644713e-01
3.125135093928739479e+03 1.113006089492314110e-01
3.125486114381837069e+03 1.113917605597369437e-01
3.125837134834935114e+03 1.114571484575513360e-01
3.126188155288032704e+03 1.114978642559865396e-01
3.126539175741130293e+03 1.115160106136758728e-01
3.126890196194228338e+03 1.115127035916400056e-01
3.127241216647325928e+03 1.114875926395128836e-01
3.127592237100423972e+03 1.114395465240665128e-01
3.127943257553521562e+03 1.113671651795928585e-01
3.128294278006619152e+03 1.112710467604730857e-01
3.128645298459717196e+03 1.111554950853184676e-01
3.128996318912814786e+03 1.110265743481242684e-01
3.129347339365912376e+03 1.108900985311386811e-01
3.129698359819010420e+03 1.107522318522398963e-01
3.130049380272108010e+03 1.106196455772189557e-01
3.130400400725205600e+03 1.104979828953440574e-01
3.130751421178303644e+03 1.103906839039275611e-01
3.131102441631401234e+03 1.103007854957695905e-01
3.131453462084499279e+03 1.102312381598257174e-01
3.131804482537596868e+03 1.101829049301704389e-01
3.132155502990694458e+03 1.101561232906448917e-01
3.132506523443792503e+03 1.101522051557305149e-01
3.132857543896890093e+03 1.101720404323041080e-01
3.133208564349987682e+03 1.102152365846136711e-01
3.133559584803085727e+03 1.102812908816454274e-01
3.133910605256183317e+03 1.103706088310189293e-01
3.134261625709280906e+03 1.104850833128401544e-01
3.134612646162378951e+03 1.106264660265489641e-01
3.134963666615476541e+03 1.107954849651589524e-01
3.135314687068574585e+03 1.109923328565075862e-01
3.135665707521672175e+03 1.112161457450327184e-01
3.136016727974769765e+03 1.114649422282599778e-01
3.136367748427867809e+03 1.117349784098989884e-01
3.136718768880965399e+03 1.120209948251352505e-01
3.137069789334062989e+03 1.123152074279362561e-01
3.137420809787161033e+03 1.126070315672493827e-01
3.137771830240258623e+03 1.128867138184965480e-01
3.138122850693356213e+03 1.131439941178081499e-01
3.138473871146454258e+03 1.133662632336369380e-01
3.138824891599551847e+03 1.135428209362164542e-01
3.139175912052649892e+03 1.136660228408748752e-01
3.139526932505747482e+03 1.137284085087478108e-01
3.139877952958845071e+03 1.137243331594023077e-01
3.140228973411943116e+03 1.136505761809541437e-01
3.140579993865040706e+03 1.135041004803526848e-01
3.140931014318138295e+03 1.132820287333360099e-01
3.141282034771236340e+03 1.129837941377690447e-01
3.141633055224333930e+03 1.126094712508454165e-01
3.141984075677431520e+03 1.121597917450630894e-01
3.142335096130529564e+03 1.116419580857499205e-01
3.142686116583627154e+03 1.110722580251906899e-01
3.143037137036725198e+03 1.104683061195503996e-01
3.143388157489822788e+03 1.098470052692699234e-01
3.143739177942920378e+03 1.092328899324753466e-01
3.144090198396018422e+03 1.086613413603236822e-01
3.144441218849116012e+03 1.081648319118208162e-01
3.144792239302213602e+03 1.077596411518792485e-01
3.145143259755311647e+03 1.074575711782134457e-01
3.145494280208409236e+03 1.072736568064092677e-01
3.145845300661506826e+03 1.072147866904502866e-01
3.146196321114604871e+03 1.072747272944510055e-01
3.146547341567702460e+03 1.074424346322253448e-01
3.146898362020800505e+03 1.077072271738301890e-01
3.147249382473898095e+03 1.080529418676624553e-01
3.147600402926995685e+03 1.084558539762409679e-01
3.147951423380093729e+03 1.088949460057923868e-01
3.148302443833191319e+03 1.093579140089226687e-01
3.148653464286288909e+03 1.098343129771500726e-01
3.149004484739386953e+03 1.103090743449405275e-01
3.149355505192484543e+03 1.107649415019950623e-01
3.149706525645582133e+03 1.111887867554212789e-01
3.150057546098680177e+03 1.115706495795115716e-01
3.150408566551777767e+03 1.119021878824828231e-01
3.150759587004875812e+03 1.121798304638763899e-01
3.151110607457973401e+03 1.124012057570037831e-01
3.151461627911070991e+03 1.125640400608281799e-01
3.151812648364169036e+03 1.126690782506794553e-01
3.152163668817266625e+03 1.127175427859827828e-01
3.152514689270364215e+03 1.127105247800062188e-01
3.152865709723462260e+03 1.126496198034731833e-01
3.153216730176559849e+03 1.125363619705780638e-01
3.153567750629657439e+03 1.123720249536786925e-01
3.153918771082755484e+03 1.121563571458537301e-01
3.154269791535853074e+03 1.118876913271283635e-01
3.154620811988951118e+03 1.115647109056681213e-01
3.154971832442048708e+03 1.111850544080389691e-01
3.155322852895146298e+03 1.107476905977646531e-01
3.155673873348244342e+03 1.102585364309450200e-01
3.156024893801341932e+03 1.097275852740641627e-01
3.156375914254439522e+03 1.091630589779694904e-01
3.156726934707537566e+03 1.085736776372680373e-01
3.157077955160635156e+03 1.079709267106717524e-01
3.157428975613732746e+03 1.073684432521402332e-01
3.157779996066830790e+03 1.067816323320813082e-01
3.158131016519928380e+03 1.062271148061248727e-01
3.158482036973026425e+03 1.057206735494642391e-01
3.158833057426124014e+03 1.052759800550544245e-01
3.159184077879221604e+03 1.049025801283331311e-01
3.159535098332319649e+03 1.046059718083421075e-01
3.159886118785417239e+03 1.043880699263456391e-01
3.160237139238514828e+03 1.042450899742138892e-01
3.160588159691612873e+03 1.041694385771041731e-01
3.160939180144710463e+03 1.041524992597976096e-01
3.161290200597808052e+03 1.041846250518308759e-01
3.161641221050906097e+03 1.042570243475631764e-01
3.161992241504003687e+03 1.043630887855383216e-01
3.162343261957101731e+03 1.044984217985183012e-01
3.162694282410199321e+03 1.046598488017978917e-01
3.163045302863296911e+03 1.048431078424229279e-01
3.163396323316394955e+03 1.050440832251708922e-01
3.163747343769492545e+03 1.052580616087187421e-01
3.164098364222590135e+03 1.054774726618858682e-01
3.164449384675688179e+03 1.056942777697222335e-01
3.164800405128785769e+03 1.059035657240184058e-01
3.165151425581883359e+03 1.061038022130548625e-01
3.165502446034981403e+03 1.062963189766957250e-01
3.165853466488078993e+03 1.064852964654759149e-01
3.166204486941177038e+03 1.066761968760533974e-01
3.166555507394274628e+03 1.068747751721891709e-01
3.166906527847372217e+03 1.070867235084540098e-01
3.167257548300470262e+03 1.073154207496757745e-01
3.167608568753567852e+03 1.075618162545229350e-01
3.167959589206665441e+03 1.078274002154977623e-01
3.168310609659763486e+03 1.081134980417007285e-01
3.168661630112861076e+03 1.084198488982270198e-01
3.169012650565958666e+03 1.087464607386249144e-01
3.169363671019056710e+03 1.090946611452806581e-01
3.169714691472154300e+03 1.094655281190780871e-01
3.170065711925252344e+03 1.098566811574853003e-01
3.170416732378349934e+03 1.102607444932951625e-01
3.170767752831447524e+03 1.106711557785453326e-01
3.171118773284545568e+03 1.110858915617438936e-01
3.171469793737643158e+03 1.114997534239677845e-01
3.171820814190740748e+03 1.119001349834029269e-01
3.172171834643838793e+03 1.122753391739125806e-01
3.172522855096936382e+03 1.126213851766333651e-01
3.172873875550033972e+03 1.129372899428555954e-01
3.173224896003132017e+03 1.132159367915806653e-01
3.173575916456229606e+03 1.134486375922497958e-01
3.173926936909327651e+03 1.136319578902497268e-01
3.174277957362425241e+03 1.137644383660983832e-01
3.174628977815522830e+03 1.138450317709621129e-01
3.174979998268620875e+03 1.138720232563177892e-01
3.175331018721718465e+03 1.138446746984372038e-01
3.175682039174816055e+03 1.137649411484276257e-01
3.176033059627914099e+03 1.136336206352566991e-01
3.176384080081011689e+03 1.134494513079308126e-01
3.176735100534109279e+03 1.132029619464038073e-01
3.177086120987207323e+03 1.128755025869711826e-01
3.177437141440304913e+03 1.124681432298869216e-01
3.177788161893402958e+03 1.119961328366713971e-01
3.178139182346500547e+03 1.114673685893865368e-01
3.178490202799598137e+03 1.108991285053764347e-01
3.178841223252696182e+03 1.103253931723172654e-01
3.179192243705793771e+03 1.097730476663310029e-01
3.179543264158891361e+03 1.092041735605235736e-01
3.179894284611989406e+03 1.085689817076272157e-01
3.180245305065086995e+03 1.079170133038394319e-01
3.180596325518184585e+03 1.073267402577309237e-01
3.180947345971282630e+03 1.068065735753793849e-01
3.181298366424380220e+03 1.063441256202237173e-01
3.181649386877478264e+03 1.059358704869877987e-01
3.182000407330575854e+03 1.055817510264484282e-01
3.182351427783673444e+03 1.052897806100061978e-01
3.182702448236771488e+03 1.050646106683059688e-01
3.183053468689869078e+03 1.048965465954190129e-01
3.183404489142966668e+03 1.047614801113742611e-01
3.183755509596064712e+03 1.046292476614981426e-01
3.184106530049162302e+03 1.044549405830016153e-01
3.184457550502259892e+03 1.041402707906499969e-01
3.184808570955357936e+03 1.035339518517617852e-01
3.185159591408455526e+03 1.024644124294473296e-01
3.185510611861553571e+03 1.006869218633078267e-01
3.185861632314651160e+03 9.782220453491169421e-02
3.186212652767748750e+03 9.342976148100341771e-02
3.186563673220846795e+03 8.715124144654806670e-02
3.186914693673944384e+03 7.900989264680895185e-02
3.187265714127041974e+03 6.996334990519881281e-02
3.187616734580140019e+03 6.185086104011280894e-02
3.187967755033237609e+03 5.568021169579702445e-02
3.188318775486335198e+03 5.068534175411977538e-02
3.188669795939433243e+03 4.556183362408256637e-02
3.189020816392530833e+03 3.919971589952433305e-02
3.189371836845628877e+03 3.405732342409838187e-02
3.189722857298726467e+03 3.861293843854592817e-02
3.190073877751824057e+03 5.541364924321794116e-02
3.190424898204922101e+03 7.480640245988121051e-02
3.190775918658019691e+03 8.797002337564480134e-02
3.191126939111117281e+03 9.536077302915102472e-02
3.191477959564215325e+03 9.984903615782059205e-02
3.191828980017312915e+03 1.026969671661773498e-01
3.192180000470410505e+03 1.044286171675312819e-01
3.192531020923508549e+03 1.053792336417458675e-01
3.192882041376606139e+03 1.058458519040798573e-01
3.193233061829704184e+03 1.060515327389427859e-01
3.193584082282801774e+03 1.061311341747955272e-01
3.193935102735899363e+03 1.061761891020076981e-01
3.194286123188997408e+03 1.062343752960438203e-01
3.194637143642094998e+03 1.063245677308996828e-01
3.194988164095192587e+03 1.064635298306243483e-01
3.195339184548290632e+03 1.066605950161749194e-01
3.195690205001388222e+03 1.069165470343608482e-01
3.196041225454485811e+03 1.072182452429215338e-01
3.196392245907583856e+03 1.075355526908252368e-01
3.196743266360681446e+03 1.078607237145885883e-01
3.197094286813779490e+03 1.082204598987919208e-01
3.197445307266877080e+03 1.086111285344915356e-01
3.197796327719974670e+03 1.089842009667729844e-01
3.198147348173072714e+03 1.093191563667744448e-01
3.198498368626170304e+03 1.096280895717382936e-01
3.198849389079267894e+03 1.099139598587485223e-01
3.199200409532365939e+03 1.101761606318999165e-01
3.199551429985463528e+03 1.104155049332793681e-01
3.199902450438561118e+03 1.106273269631798672e-01
3.200253470891659163e+03 1.108102504775083097e-01
3.200604491344756752e+03 1.109700092474965039e-01
3.200955511797854797e+03 1.111093944274115924e-01
3.201306532250952387e+03 1.112296312388909303e-01
3.201657552704049976e+03 1.113359814495321620e-01
3.202008573157148021e+03 1.114358784947993980e-01
3.202359593610245611e+03 1.115313714374307208e-01
3.202710614063343201e+03 1.116151555172416043e-01
3.203061634516441245e+03 1.116804893540516708e-01
3.203412654969538835e+03 1.117292888385143790e-01
3.203763675422636425e+03 1.117668540649549846e-01
3.204114695875734469e+03 1.117967947903168169e-01
3.204465716328832059e+03 1.118183360522558012e-01
3.204816736781930103e+03 1.118262990779881616e-01
3.205167757235027693e+03 1.118135021943565122e-01
3.205518777688125283e+03 1.117715400642788071e-01
3.205869798141223328e+03 1.116955527392209380e-01
3.206220818594320917e+03 1.115888068132277616e-01
3.206571839047418507e+03 1.114509183059654851e-01
3.206922859500516552e+03 1.112717104869986179e-01
3.207273879953614141e+03 1.110450968018614482e-01
3.207624900406711731e+03 1.107757273613892840e-01
3.207975920859809776e+03 1.104694218554927998e-01
3.208326941312907365e+03 1.101229617411318418e-01
3.208677961766005410e+03 1.097250578434518509e-01
3.209028982219103000e+03 1.092768690108029406e-01
3.209380002672200590e+03 1.088069084999145342e-01
3.209731023125298634e+03 1.083404422855337307e-01
3.210082043578396224e+03 1.078842556890377280e-01
3.210433064031493814e+03 1.074462225108793745e-01
3.210784084484591858e+03 1.070118554235291730e-01
3.211135104937689448e+03 1.065478371572162047e-01
3.211486125390787038e+03 1.060893848958106983e-01
3.211837145843885082e+03 1.057098691070405549e-01
3.212188166296982672e+03 1.054059278431054569e-01
3.212539186750080717e+03 1.051384522917293007e-01
3.212890207203178306e+03 1.049039883905084070e-01
3.213241227656275896e+03 1.047176451089512073e-01
3.213592248109373941e+03 1.045877063084262315e-01
3.213943268562471530e+03 1.045121628377754242e-01
3.214294289015569120e+03 1.044869511734445727e-01
3.214645309468667165e+03 1.045109629473090079e-01
3.214996329921764755e+03 1.045818828307883003e-01
3.215347350374862344e+03 1.046934657037498495e-01
3.215698370827960389e+03 1.048331944046089897e-01
3.216049391281057979e+03 1.049850532409883908e-01
3.216400411734156023e+03 1.051435885673094317e-01
3.216751432187253613e+03 1.053175663965003200e-01
3.217102452640351203e+03 1.055022041554782436e-01
3.217453473093449247e+03 1.056734278085877110e-01
3.217804493546546837e+03 1.058260873265317592e-01
3.218155513999644427e+03 1.059754770157594617e-01
3.218506534452742471e+03 1.061284737636423725e-01
3.218857554905840061e+03 1.062822107056218268e-01
3.219208575358937651e+03 1.064299560429857183e-01
3.219559595812035695e+03 1.065606396107157128e-01
3.219910616265133285e+03 1.066659093245063417e-01
3.220261636718231330e+03 1.067446705175020411e-01
3.220612657171328920e+03 1.067924596671337989e-01
3.220963677624426509e+03 1.068040707716623600e-01
3.221314698077524554e+03 1.067761313020749170e-01
3.221665718530622144e+03 1.066972537282248057e-01
3.222016738983719733e+03 1.065611558168974154e-01
3.222367759436817778e+03 1.063901574379980119e-01
3.222718779889915368e+03 1.062058572340332380e-01
3.223069800343012957e+03 1.060026402440416848e-01
3.223420820796111002e+03 1.057671857804822479e-01
3.223771841249208592e+03 1.054998314584537911e-01
3.224122861702306636e+03 1.052098881421219406e-01
3.224473882155404226e+03 1.049003818393715176e-01
3.224824902608501816e+03 1.045649306795123912e-01
3.225175923061599860e+03 1.042036038727433278e-01
3.225526943514697450e+03 1.038261388905991345e-01
3.225877963967795040e+03 1.034374183160623878e-01
3.226228984420893084e+03 1.030360930942298969e-01
3.226580004873990674e+03 1.026278929374880022e-01
3.226931025327088264e+03 1.022237435215971879e-01
3.227282045780186309e+03 1.018321990063719013e-01
3.227633066233283898e+03 1.014626185614763976e-01
3.227984086686381943e+03 1.011262010708651876e-01
3.228335107139479533e+03 1.008322753291680252e-01
3.228686127592577122e+03 1.005891532871917571e-01
3.229037148045675167e+03 1.004039463562193812e-01
3.229388168498772757e+03 1.002756734012994894e-01
3.229739188951870347e+03 1.002016683555963100e-01
3.230090209404968391e+03 1.001872136715488137e-01
3.230441229858065981e+03 1.002300095843641492e-01
3.230792250311163571e+03 1.003198413838210235e-01
3.231143270764261615e+03 1.004477202504805711e-01
3.231494291217359205e+03 1.006016529134569903e-01
3.231845311670457249e+03 1.007669222164123551e-01
3.232196332123554839e+03 1.009284199282661221e-01
3.232547352576652429e+03 1.010736513589031438e-01
3.232898373029750474e+03 1.011958416377803649e-01
3.233249393482848063e+03 1.012916437227609490e-01
3.233600413935945653e+03 1.013602717238839546e-01
3.233951434389043698e+03 1.014044659067301069e-01
3.234302454842141287e+03 1.014299897093090819e-01
3.234653475295238877e+03 1.014443757135619767e-01
3.235004495748336922e+03 1.014547887062748899e-01
3.235355516201434511e+03 1.014661261010527116e-01
3.235706536654532556e+03 1.014846607797984801e-01
3.236057557107630146e+03 1.015158982505852958e-01
3.236408577560727736e+03 1.015626375237164147e-01
3.236759598013825780e+03 1.016249936885309235e-01
3.237110618466923370e+03 1.016996535881751484e-01
3.237461638920020960e+03 1.017849953830774618e-01
3.237812659373119004e+03 1.018844334107640304e-01
3.238163679826216594e+03 1.020015929365172547e-01
3.238514700279314184e+03 1.021388858439603586e-01
3.238865720732412228e+03 1.022978150243894074e-01
3.239216741185509818e+03 1.024786707618203230e-01
3.239567761638607863e+03 1.026817494919887719e-01
3.239918782091705452e+03 1.029078558559024664e-01
3.240269802544803042e+03 1.031561095368274950e-01
3.240620822997901087e+03 1.034230456718580327e-01
3.240971843450998676e+03 1.037038978597344119e-01
3.241322863904096266e+03 1.039926070429893212e-01
3.241673884357194311e+03 1.042840611175693960e-01
3.242024904810291901e+03 1.045755402439264292e-01
3.242375925263389490e+03 1.048660619750095557e-01
3.242726945716487535e+03 1.051568904757088641e-01
3.243077966169585125e+03 1.054490736957298391e-01
3.243428986622683169e+03 1.057409506203139948e-01
3.243780007075780759e+03 1.060260196568797580e-01
3.244131027528878349e+03 1.063057626069182082e-01
3.244482047981976393e+03 1.065929261951595319e-01
3.244833068435073983e+03 1.068724299193972715e-01
3.245184088888171573e+03 1.071080115037162384e-01
3.245535109341269617e+03 1.072943890685854607e-01
3.245886129794367207e+03 1.074417434579262171e-01
3.246237150247464797e+03 1.075472107205570627e-01
3.246588170700562841e+03 1.076069282661610282e-01
3.246939191153660431e+03 1.076250709853666943e-01
3.247290211606758476e+03 1.076081013385480900e-01
3.247641232059856065e+03 1.075661482392363116e-01
3.247992252512953655e+03 1.075132789078415696e-01
3.248343272966051700e+03 1.074580075936349965e-01
3.248694293419149290e+03 1.074050733564585053e-01
3.249045313872246879e+03 1.073663079108241047e-01
3.249396334325344924e+03 1.073515309102095194e-01
3.249747354778442514e+03 1.073612761192134779e-01
3.250098375231540103e+03 1.073922815140439108e-01
3.250449395684638148e+03 1.074404858454185430e-01
3.250800416137735738e+03 1.075010989772684916e-01
3.251151436590833782e+03 1.075683445744446687e-01
3.251502457043931372e+03 1.076355379028343939e-01
3.251853477497028962e+03 1.076993389657660838e-01
3.252204497950127006e+03 1.077614977350231651e-01
3.252555518403224596e+03 1.078257587926856192e-01
3.252906538856322186e+03 1.078976529711397347e-01
3.253257559309420230e+03 1.079843608735916866e-01
3.253608579762517820e+03 1.080927572019893257e-01
3.253959600215615410e+03 1.082290676912847222e-01
3.254310620668713455e+03 1.083989552412599200e-01
3.254661641121811044e+03 1.086085489388467218e-01
3.255012661574909089e+03 1.088623673308210804e-01
3.255363682028006679e+03 1.091582235422566827e-01
3.255714702481104268e+03 1.094893280359722498e-01
3.256065722934202313e+03 1.098467027168388011e-01
3.256416743387299903e+03 1.102180653597497062e-01
3.256767763840397492e+03 1.105913285145684599e-01
3.257118784293495537e+03 1.109545205632500031e-01
3.257469804746593127e+03 1.112942484846778102e-01
3.257820825199690717e+03 1.115996633195445731e-01
3.258171845652788761e+03 1.118618829745181564e-01
3.258522866105886351e+03 1.120722313040129203e-01
3.258873886558984395e+03 1.122278235313409755e-01
3.259224907012081985e+03 1.123345930831421424e-01
3.259575927465179575e+03 1.124008413272680473e-01
3.259926947918277619e+03 1.124331040762474587e-01
3.260277968371375209e+03 1.124375416261901572e-01
3.260628988824472799e+03 1.124189273625754298e-01
3.260980009277570844e+03 1.123794198198301147e-01
3.261331029730668433e+03 1.123240008164039794e-01
3.261682050183766023e+03 1.122619803861647364e-01
3.262033070636864068e+03 1.121974911047098622e-01
3.262384091089961657e+03 1.121284432373196860e-01
3.262735111543059702e+03 1.120562386273260685e-01
3.263086131996157292e+03 1.119872480376947477e-01
3.263437152449254882e+03 1.119228763764005680e-01
3.263788172902352926e+03 1.118595574882765287e-01
3.264139193355450516e+03 1.117960152136802943e-01
3.264490213808548106e+03 1.117289969195092575e-01
3.264841234261646150e+03 1.116551443392381077e-01
3.265192254714743740e+03 1.115816909457828243e-01
3.265543275167841330e+03 1.115174531951530212e-01
3.265894295620939374e+03 1.114632591166073022e-01
3.266245316074036964e+03 1.114166498713680675e-01
3.266596336527135009e+03 1.113766057682786803e-01
3.266947356980232598e+03 1.113430722615228463e-01
3.267298377433330188e+03 1.113134656852890758e-01
3.267649397886428233e+03 1.112828733711133666e-01
3.268000418339525822e+03 1.112482076057221547e-01
3.268351438792623412e+03 1.112069952824809305e-01
3.268702459245721457e+03 1.111555895394718690e-01
3.269053479698819046e+03 1.110910597442783809e-01
3.269404500151916636e+03 1.110116839814151157e-01
3.269755520605014681e+03 1.109168141765433102e-01
3.270106541058112271e+03 1.108071804123870185e-01
3.270457561511210315e+03 1.106851855037964683e-01
3.270808581964307905e+03 1.105553207751760331e-01
3.271159602417405495e+03 1.104245534263031403e-01
3.271510622870503539e+03 1.103001999695893548e-01
3.271861643323601129e+03 1.101872955187939984e-01
3.272212663776698719e+03 1.100890315976567058e-01
3.272563684229796763e+03 1.100070809540553696e-01
3.272914704682894353e+03 1.099407640538153097e-01
3.273265725135991943e+03 1.098864329529300188e-01
3.273616745589089987e+03 1.098378263000856225e-01
3.273967766042187577e+03 1.097887440460377506e-01
3.274318786495285622e+03 1.097335359111757391e-01
3.274669806948383211e+03 1.096661589699930162e-01
3.275020827401480801e+03 1.095808759457229942e-01
3.275371847854578846e+03 1.094739631840351279e-01
3.275722868307676436e+03 1.093478264009464240e-01
3.276073888760774025e+03 1.092089233506628732e-01
3.276424909213872070e+03 1.090606457010615815e-01
3.276775929666969660e+03 1.089035704472299249e-01
3.277126950120067249e+03 1.087375180331806440e-01
3.277477970573165294e+03 1.085698615288351876e-01
3.277828991026262884e+03 1.084141400043200365e-01
3.278180011479360928e+03 1.082744413928075633e-01
3.278531031932458518e+03 1.081477241081209295e-01
3.278882052385556108e+03 1.080303320892888885e-01
3.279233072838654152e+03 1.079191164962374355e-01
3.279584093291751742e+03 1.078161102259826837e-01
3.279935113744849332e+03 1.077243607473503950e-01
3.280286134197947376e+03 1.076408555405281853e-01
3.280637154651044966e+03 1.075649975183109730e-01
3.280988175104142556e+03 1.075051859498531576e-01
3.281339195557240600e+03 1.074672151945643278e-01
3.281690216010338190e+03 1.074496254317357236e-01
3.282041236463436235e+03 1.074513186583496427e-01
3.282392256916533825e+03 1.074721898821557053e-01
3.282743277369631414e+03 1.075084421933194256e-01
3.283094297822729459e+03 1.075542757581059439e-01
3.283445318275827049e+03 1.076051400821177451e-01
3.283796338728924638e+03 1.076568649475129480e-01
3.284147359182022683e+03 1.077085471972015623e-01
3.284498379635120273e+03 1.077597461255422051e-01
3.284849400088217863e+03 1.078034133272982309e-01
3.285200420541315907e+03 1.078322451275576521e-01
3.285551440994413497e+03 1.078478275462961128e-01
3.285902461447511541e+03 1.078552637982952145e-01
3.286253481900609131e+03 1.078602824511953745e-01
3.286604502353706721e+03 1.078703068519712704e-01
3.286955522806804765e+03 1.078915205484295980e-01
3.287306543259902355e+03 1.079307780402740113e-01
3.287657563712999945e+03 1.079977834723526708e-01
3.288008584166097990e+03 1.081003926368351437e-01
3.288359604619195579e+03 1.082424668846381777e-01
3.288710625072293169e+03 1.084296463917127223e-01
3.289061645525391214e+03 1.086673684897189462e-01
3.289412665978488803e+03 1.089444044146898605e-01
3.289763686431586848e+03 1.092422646471833125e-01
3.290114706884684438e+03 1.095585755143957951e-01
3.290465727337782027e+03 1.098923130639726659e-01
3.290816747790880072e+03 1.102321281622741650e-01
3.291167768243977662e+03 1.105663314888383625e-01
3.291518788697075252e+03 1.108868691718574995e-01
3.291869809150173296e+03 1.111869487622598879e-01
3.292220829603270886e+03 1.114600063441814060e-01
3.292571850056368476e+03 1.117034318113955538e-01
3.292922870509466520e+03 1.119172410694108666e-01
3.293273890962564110e+03 1.120988141441904840e-01
3.293624911415662154e+03 1.122443470415753208e-01
3.293975931868759744e+03 1.123503404488816471e-01
3.294326952321857334e+03 1.124135296989046962e-01
3.294677972774955379e+03 1.124318886922554411e-01
3.295028993228052968e+03 1.124050561554850863e-01
3.295380013681150558e+03 1.123358325146908421e-01
3.295731034134248603e+03 1.122299192012484875e-01
3.296082054587346192e+03 1.120952780025376017e-01
3.296433075040443782e+03 1.119425064868284775e-01
3.296784095493541827e+03 1.117815824209673625e-01
3.297135115946639417e+03 1.116163134560285985e-01
3.297486136399737461e+03 1.114498191175401220e-01
3.297837156852835051e+03 1.113230129173793659e-01
3.298188177305932641e+03 1.112996999843023360e-01
3.298539197759030685e+03 1.116645613535335035e-01
3.298890218212128275e+03 1.125907946380132058e-01
3.299241238665225865e+03 1.120866107464272010e-01
3.299592259118323909e+03 1.092650198973359188e-01
3.299943279571421499e+03 1.080375620139421011e-01
3.300294300024519089e+03 1.091525539307078851e-01
3.300645320477617133e+03 1.101451975837283576e-01
3.300996340930714723e+03 1.103929642924703358e-01
3.301347361383812768e+03 1.103151750007146659e-01
3.301698381836910357e+03 1.101579325343345489e-01
3.302049402290007947e+03 1.099777397294782744e-01
3.302400422743105992e+03 1.097744578550415434e-01
3.302751443196203581e+03 1.095756450941754445e-01
3.303102463649301171e+03 1.093901663536241131e-01
3.303453484102399216e+03 1.092002731837294766e-01
3.303804504555496806e+03 1.089916903490632250e-01
3.304155525008594395e+03 1.087626642561706214e-01
3.304506545461692440e+03 1.085169793180891934e-01
3.304857565914790030e+03 1.082517273563137483e-01
3.305208586367888074e+03 1.079637012989397848e-01
3.305559606820985664e+03 1.076731835427789663e-01
3.305910627274083254e+03 1.074020862693520206e-01
3.306261647727181298e+03 1.071446722031132448e-01
3.306612668180278888e+03 1.068910968641531012e-01
3.306963688633376478e+03 1.066485228718632439e-01
3.307314709086474522e+03 1.064297114194717453e-01
3.307665729539572112e+03 1.062394397376804078e-01
3.308016749992669702e+03 1.060777751622699605e-01
3.308367770445767746e+03 1.059475590497447883e-01
3.308718790898865336e+03 1.058473785043894666e-01
3.309069811351963381e+03 1.057661959826532577e-01
3.309420831805060971e+03 1.056948373847995393e-01
3.309771852258158560e+03 1.056357221749265607e-01
3.310122872711256605e+03 1.055896114514691120e-01
3.310473893164354195e+03 1.055465333449714105e-01
3.310824913617451784e+03 1.054981198352659133e-01
3.311175934070549829e+03 1.054468046322211694e-01
3.311526954523647419e+03 1.053968639570814214e-01
3.311877974976745008e+03 1.053471084390729395e-01
3.312228995429843053e+03 1.052947150012406019e-01
3.312580015882940643e+03 1.052426395195504155e-01
3.312931036336038687e+03 1.051963586157712433e-01
3.313282056789136277e+03 1.051540019247702296e-01
3.313633077242233867e+03 1.051100659368792156e-01
3.313984097695331911e+03 1.050651178562850563e-01
3.314335118148429501e+03 1.050248026316600858e-01
3.314686138601527091e+03 1.049932399061891120e-01
3.315037159054625135e+03 1.049702141870605954e-01
3.315388179507722725e+03 1.049590141440509272e-01
3.315739199960820315e+03 1.049655968929777278e-01
3.316090220413918360e+03 1.049892784859839112e-01
3.316441240867015949e+03 1.050238671292275383e-01
3.316792261320113994e+03 1.050702540401806939e-01
3.317143281773211584e+03 1.051384387414062427e-01
3.317494302226309173e+03 1.052308289782951101e-01
3.317845322679407218e+03 1.053295850366971348e-01
3.318196343132504808e+03 1.054181707762958942e-01
3.318547363585602398e+03 1.054978658874362735e-01
3.318898384038700442e+03 1.055733689062964692e-01
3.319249404491798032e+03 1.056394816130167696e-01
3.319600424944895622e+03 1.056880734744864297e-01
3.319951445397993666e+03 1.057184630362903444e-01
3.320302465851091256e+03 1.057323270731499176e-01
3.320653486304189300e+03 1.057251964752342344e-01
3.321004506757286890e+03 1.056927451868801549e-01
3.321355527210384480e+03 1.056375457520515038e-01
3.321706547663482525e+03 1.055719890927104554e-01
3.322057568116580114e+03 1.055062800773915455e-01
3.322408588569677704e+03 1.054333972324566215e-01
3.322759609022775749e+03 1.053400589521889391e-01
3.323110629475873338e+03 1.052306282494658574e-01
3.323461649928970928e+03 1.051369238508320647e-01
3.323812670382068973e+03 1.050866151665673098e-01
3.324163690835166562e+03 1.050729684109271422e-01
3.324514711288264607e+03 1.050836129439743083e-01
3.324865731741362197e+03 1.051128994327619748e-01
3.325216752194459787e+03 1.051529662479757515e-01
3.325567772647557831e+03 1.051993115335220774e-01
3.325918793100655421e+03 1.052533270151670697e-01
3.326269813553753011e+03 1.053149309842841136e-01
3.326620834006851055e+03 1.053751149515177871e-01
3.326971854459948645e+03 1.054235084111981302e-01
3.327322874913046235e+03 1.054646708691581863e-01
3.327673895366144279e+03 1.055061041378685255e-01
3.328024915819241869e+03 1.055440133963112120e-01
3.328375936272339914e+03 1.055693484387497105e-01
3.328726956725437503e+03 1.055767497179916081e-01
3.329077977178535093e+03 1.055756339980634811e-01
3.329428997631633138e+03 1.055866472484682794e-01
3.329780018084730727e+03 1.056243816230555688e-01
3.330131038537828317e+03 1.056869494965214373e-01
3.330482058990926362e+03 1.057557312203316613e-01
3.330833079444023952e+03 1.058123538373055006e-01
3.331184099897121541e+03 1.058516833461459195e-01
3.331535120350219586e+03 1.058763474822414785e-01
3.331886140803317176e+03 1.058872815898491138e-01
3.332237161256415220e+03 1.058824926613970985e-01
3.332588181709512810e+03 1.058585042875764132e-01
3.332939202162610400e+03 1.058128344173013546e-01
3.333290222615708444e+03 1.057431107605673465e-01
3.333641243068806034e+03 1.056428540906470814e-01
3.333992263521903624e+03 1.055024043373145037e-01
3.334343283975001668e+03 1.053101073317201652e-01
3.334694304428099258e+03 1.050600099048400182e-01
3.335045324881196848e+03 1.047768838525194313e-01
3.335396345334294892e+03 1.045128187707358991e-01
3.335747365787392482e+03 1.042946039676843073e-01
3.336098386240490527e+03 1.041062904623104024e-01
3.336449406693588116e+03 1.039238607046954754e-01
3.336800427146685706e+03 1.037454047518605593e-01
3.337151447599783751e+03 1.035869164210300175e-01
3.337502468052881341e+03 1.034673662413779227e-01
3.337853488505978930e+03 1.033971441132749830e-01
3.338204508959076975e+03 1.033678827582028559e-01
3.338555529412174565e+03 1.033601418810772277e-01
3.338906549865272154e+03 1.033641924410142882e-01
3.339257570318370199e+03 1.033815054987273635e-01
3.339608590771467789e+03 1.034097323296159776e-01
3.339959611224565833e+03 1.034401052259426856e-01
3.340310631677663423e+03 1.034714004192599235e-01
3.340661652130761013e+03 1.035112774659604495e-01
3.341012672583859057e+03 1.035610493239903368e-01
3.341363693036956647e+03 1.036157580124685285e-01
3.341714713490054237e+03 1.036752629550448668e-01
3.342065733943152281e+03 1.037433509118376174e-01
3.342416754396249871e+03 1.038151166506673106e-01
3.342767774849347461e+03 1.038638849861857338e-01
3.343118795302445506e+03 1.038338580677820311e-01
3.343469815755543095e+03 1.036933639461939671e-01
3.343820836208465153e+03 1.036061190535567667e-01
3.344171856661563197e+03 1.037262794946158528e-01
3.344522877114660787e+03 1.038535183956475899e-01
3.344873897567758377e+03 1.038491424211387681e-01
3.345224918020856421e+03 1.037584507345251650e-01
3.345575938473954011e+03 1.036096601517071669e-01
3.345926958927052056e+03 1.034326517392200051e-01
3.346277979380149645e+03 1.032486002263853786e-01
3.346628999833247235e+03 1.030416878251030899e-01
3.346980020286345280e+03 1.027922563505046100e-01
3.347331040739442869e+03 1.025036186036556718e-01
3.347682061192540459e+03 1.021874124798452799e-01
3.348033081645638504e+03 1.018487673633691470e-01
3.348384102098736093e+03 1.015116009766031391e-01
3.348735122551833683e+03 1.012256287010312450e-01
3.349086143004931728e+03 1.010119331617506666e-01
3.349437163458029318e+03 1.008440718526555369e-01
3.349788183911127362e+03 1.006987864031150814e-01
3.350139204364224952e+03 1.005845729178179715e-01
3.350490224817322542e+03 1.005311053725897186e-01
3.350841245270420586e+03 1.005607303792402235e-01
3.351192265723518176e+03 1.006564818835189168e-01
3.351543286176615766e+03 1.007825311177777683e-01
3.351894306629713810e+03 1.009275245201179394e-01
3.352245327082811400e+03 1.010971844556416144e-01
3.352596347535908990e+03 1.012854321216642983e-01
3.352947367989007034e+03 1.014703584608629416e-01
3.353298388442104624e+03 1.016256453062375220e-01
3.353649408895202669e+03 1.017370072398444125e-01
3.354000429348300258e+03 1.018031187576577679e-01
3.354351449801397848e+03 1.018227629984332916e-01
3.354702470254495893e+03 1.017937288511007732e-01
3.355053490707593483e+03 1.017125889423245721e-01
3.355404511160691072e+03 1.015651657687952347e-01
3.355755531613789117e+03 1.013331867160222888e-01
3.356106552066886707e+03 1.010109271604670844e-01
3.356457572519984296e+03 1.006078388266833101e-01
3.356808592973082341e+03 1.001370023485021465e-01
3.357159613426179931e+03 9.960298314530874331e-02
3.357510633879277975e+03 9.900663805341636259e-02
3.357861654332375565e+03 9.835334218112343208e-02
3.358212674785473155e+03 9.765482408323171437e-02
3.358563695238571199e+03 9.691907221274027873e-02
3.358914715691668789e+03 9.615201782664169194e-02
3.359265736144766379e+03 9.539775549821466472e-02
3.359616756597864423e+03 9.472876664269215541e-02
3.359967777050962013e+03 9.416718962692824380e-02
3.360318797504059603e+03 9.369092719013998039e-02
3.360669817957157647e+03 9.330451096354515361e-02
3.361020838410255237e+03 9.304016388011068783e-02
3.361371858863353282e+03 9.291324192396631376e-02
3.361722879316450872e+03 9.291329821008426082e-02
3.362073899769548461e+03 9.302053426269865644e-02
3.362424920222646506e+03 9.322227412738560981e-02
3.362775940675744096e+03 9.353076516633530846e-02
3.363126961128841685e+03 9.396679399047877523e-02
3.363477981581939730e+03 9.449636881080142325e-02
3.363829002035037320e+03 9.502996139575894952e-02
3.364180022488134910e+03 9.551989486942946694e-02
3.364531042941232954e+03 9.597184514404807909e-02
3.364882063394330544e+03 9.638624731860662154e-02
3.365233083847428588e+03 9.674808436782431076e-02
3.365584104300526178e+03 9.704164426515214659e-02
3.365935124753623768e+03 9.725947812571687778e-02
3.366286145206721812e+03 9.740209719987948100e-02
3.366637165659819402e+03 9.746592367658055145e-02
3.366988186112916992e+03 9.744406878276173911e-02
3.367339206566015037e+03 9.733657593351960347e-02
3.367690227019112626e+03 9.715494991922167534e-02
3.368041247472210216e+03 9.691536638465832187e-02
3.368392267925308261e+03 9.662723128397213146e-02
3.368743288378405850e+03 9.629735013381779396e-02
3.369094308831503895e+03 9.594062352527654713e-02
3.369445329284601485e+03 9.557608315324037096e-02
3.369796349737699074e+03 9.521612885557359518e-02
3.370147370190797119e+03 9.486854618508488990e-02
3.370498390643894709e+03 9.454698407166590990e-02
3.370849411096992299e+03 9.426901360021941456e-02
3.371200431550090343e+03 9.404379384450575752e-02
3.371551452003187933e+03 9.387901524446951029e-02
3.371902472456285523e+03 9.378991052336624334e-02
3.372253492909383567e+03 9.378280225834051409e-02
3.372604513362481157e+03 9.384652453075552347e-02
3.372955533815579201e+03 9.396937010269604262e-02
3.373306554268676791e+03 9.415070658028293349e-02
3.373657574721774381e+03 9.439756891272756134e-02
3.374008595174872426e+03 9.471013371005770898e-02
3.374359615627970015e+03 9.507175547212334821e-02
3.374710636081067605e+03 9.545657460026271690e-02
3.375061656534165650e+03 9.583838663685737003e-02
3.375412676987263239e+03 9.619811763422755901e-02
3.375763697440360829e+03 9.653325948225904840e-02
3.376114717893458874e+03 9.684949673072135168e-02
3.376465738346556464e+03 9.713750632768208826e-02
3.376816758799654508e+03 9.737431221920377078e-02
3.377167779252752098e+03 9.755011004482659620e-02
3.377518799705849688e+03 9.767039542174449362e-02
3.377869820158947732e+03 9.774074938689769620e-02
3.378220840612045322e+03 9.776303972098898676e-02
3.378571861065142912e+03 9.773701862896055914e-02
3.378922881518240956e+03 9.766765386793212211e-02
3.379273901971338546e+03 9.757308453176760654e-02
3.379624922424436136e+03 9.747823936013885748e-02
3.379975942877534180e+03 9.739905095567603921e-02
3.380326963330631770e+03 9.733729621762921003e-02
3.380677983783729815e+03 9.728896041513021564e-02
3.381029004236827404e+03 9.725162125919595280e-02
3.381380024689924994e+03 9.722961038448514615e-02
3.381731045143023039e+03 9.723299530281517833e-02
3.382082065596120628e+03 9.726664072483619250e-02
3.382433086049218218e+03 9.732560237373608092e-02
3.382784106502316263e+03 9.740032796796330161e-02
3.383135126955413853e+03 9.748185652853094685e-02
3.383486147408511442e+03 9.756615367279647399e-02
3.383837167861609487e+03 9.764557158212872068e-02
3.384188188314707077e+03 9.770386284404239396e-02
3.384539208767805121e+03 9.773447656490658053e-02
3.384890229220902711e+03 9.776691860695832514e-02
3.385241249674000301e+03 9.784651200494332013e-02
3.385592270127098345e+03 9.796058041269674332e-02
3.385943290580195935e+03 9.804965206747887074e-02
3.386294311033293525e+03 9.808885346475346156e-02
3.386645331486391569e+03 9.808201435649407940e-02
3.386996351939489159e+03 9.803698745027004946e-02
3.387347372392586749e+03 9.798268300841762868e-02
3.387698392845684793e+03 9.795243783767143553e-02
3.388049413298782383e+03 9.793832149485492966e-02
3.388400433751880428e+03 9.791245099872368518e-02
3.388751454204978018e+03 9.786442503044046060e-02
3.389102474658075607e+03 9.779270447861257431e-02
3.389453495111173652e+03 9.769851471727317160e-02
3.389804515564271242e+03 9.758791389658065529e-02
3.390155536017368831e+03 9.747217930746326919e-02
3.390506556470466876e+03 9.736063596818025911e-02
3.390857576923564466e+03 9.724885732312517350e-02
3.391208597376662055e+03 9.713623729484041625e-02
3.391559617829760100e+03 9.704162377272654294e-02
3.391910638282857690e+03 9.696679419114112575e-02
3.392261658735955734e+03 9.689563288818256459e-02
3.392612679189053324e+03 9.683296097310295503e-02
3.392963699642150914e+03 9.680426459202885747e-02
3.393314720095248958e+03 9.682589528452739680e-02
3.393665740548346548e+03 9.689808139730281267e-02
3.394016761001444138e+03 9.701537128225320994e-02
3.394367781454542182e+03 9.717621852360863732e-02
3.394718801907639772e+03 9.739012627372928277e-02
3.395069822360737362e+03 9.767276975931643568e-02
3.395420842813835407e+03 9.802584668409866642e-02
3.395771863266932996e+03 9.842810107701562006e-02
3.396122883720031041e+03 9.885316603011129466e-02
3.396473904173128631e+03 9.928678985589427242e-02
3.396824924626226220e+03 9.972368725625799235e-02
3.397175945079324265e+03 1.001660924932376018e-01
3.397526965532421855e+03 1.006170524485053008e-01
3.397877985985519445e+03 1.010613230639174215e-01
3.398229006438617489e+03 1.014713569396619164e-01
3.398580026891715079e+03 1.018338968363811381e-01
3.398931047344812669e+03 1.021482204569731655e-01
3.399282067797910713e+03 1.024129022082644058e-01
3.399633088251008303e+03 1.026280214911882982e-01
3.399984108704106347e+03 1.027876298560925772e-01
3.400335129157203937e+03 1.028802478860599140e-01
3.400686149610301527e+03 1.028994147289821609e-01
3.401037170063399572e+03 1.028336907045877407e-01
3.401388190516497161e+03 1.026725295507929236e-01
3.401739210969594751e+03 1.024284008165225468e-01
3.402090231422692796e+03 1.021394929709582289e-01
3.402441251875790385e+03 1.018565861490205449e-01
3.402792272328887975e+03 1.015822594436578408e-01
3.403143292781986020e+03 1.012763683544610771e-01
3.403494313235083609e+03 1.009278178298189665e-01
3.403845333688181654e+03 1.005515061073048166e-01
3.404196354141279244e+03 1.001608136716664876e-01
3.404547374594376834e+03 9.977883546238874857e-02
3.404898395047474878e+03 9.943616475997557602e-02
3.405249415500572468e+03 9.913136472394451504e-02
3.405600435953670058e+03 9.881954113653972083e-02
3.405951456406768102e+03 9.848905718115746888e-02
3.406302476859865692e+03 9.820412252287864796e-02
3.406653497312963282e+03 9.800604244249039310e-02
3.407004517766061326e+03 9.785976293122208847e-02
3.407355538219158916e+03 9.771962522131741324e-02
3.407706558672256961e+03 9.757662595956992369e-02
3.408057579125354550e+03 9.744197664004301818e-02
3.408408599578452140e+03 9.732694349031466297e-02
3.408759620031550185e+03 9.723678235776277157e-02
3.409110640484647774e+03 9.716384609737402367e-02
3.409461660937745364e+03 9.709811775040513848e-02
3.409812681390843409e+03 9.703884429282012836e-02
3.410163701843940999e+03 9.698436371272156631e-02
3.410514722297038588e+03 9.692408746557765187e-02
3.410865742750136633e+03 9.684149336897771021e-02
3.411216763203234223e+03 9.672179776137457274e-02
3.411567783656332267e+03 9.656599632704507274e-02
3.411918804109429857e+03 9.639755831938726094e-02
3.412269824562527447e+03 9.624925763809180634e-02
3.412620845015625491e+03 9.612973333398026898e-02
3.412971865468723081e+03 9.601103974098160188e-02
3.413322885921820671e+03 9.586981979471029258e-02
3.413673906374918715e+03 9.571305538769256382e-02
3.414024926828016305e+03 9.555799240061170485e-02
3.414375947281113895e+03 9.542459654689744442e-02
3.414726967734211939e+03 9.535078536990379550e-02
3.415077988187309529e+03 9.537883702550398191e-02
3.415429008640407574e+03 9.550320830114689130e-02
3.415780029093505163e+03 9.567466166855509435e-02
3.416131049546602753e+03 9.587105852587307631e-02
3.416482069999700798e+03 9.610265497395530099e-02
3.416833090452798388e+03 9.637880029584480757e-02
3.417184110905895977e+03 9.670020308169910428e-02
3.417535131358994022e+03 9.705796905196534263e-02
3.417886151812091612e+03 9.743539781257133658e-02
3.418237172265189201e+03 9.781629472083899768e-02
3.418588192718287246e+03 9.818360096491454692e-02
3.418939213171384836e+03 9.852463163149562109e-02
3.419290233624482880e+03 9.883934627417001462e-02
3.419641254077580470e+03 9.911799702737930651e-02
3.419992274530678060e+03 9.933835064297266704e-02
3.420343294983776104e+03 9.948317453008771738e-02
3.420694315436873694e+03 9.954874964588433794e-02
3.421045335889971284e+03 9.956052708373909488e-02
3.421396356343069328e+03 9.955428374677637027e-02
3.421747376796166918e+03 9.951514344476047880e-02
3.422098397249264508e+03 9.942251912224374377e-02
3.422449417702362553e+03 9.927805890447474746e-02
3.422800438155460142e+03 9.909213544999370682e-02
3.423151458608558187e+03 9.888358984235821880e-02
3.423502479061655777e+03 9.867899074215552568e-02
3.423853499514753366e+03 9.849818868724835585e-02
3.424204519967851411e+03 9.834739119006882802e-02
3.424555540420949001e+03 9.822861675682331706e-02
3.424906560874046590e+03 9.815432452650371675e-02
3.425257581327144635e+03 9.813306868068794042e-02
3.425608601780242225e+03 9.815863813426935203e-02
3.425959622233339815e+03 9.821605116062215313e-02
3.426310642686437859e+03 9.828662037823211739e-02
3.426661663139535449e+03 9.837183894612418211e-02
3.427012683592633493e+03 9.851147449706476600e-02
3.427363704045731083e+03 9.873920128234275895e-02
3.427714724498828673e+03 9.902111172681246631e-02
3.428065744951926717e+03 9.929004407377113595e-02
3.428416765405024307e+03 9.952628233450608319e-02
3.428767785858121897e+03 9.974343521185213834e-02
3.429118806311219942e+03 9.994370672874097750e-02
3.429469826764317531e+03 1.001171443326551447e-01
3.429820847217415121e+03 1.002576416916966529e-01
3.430171867670513166e+03 1.003709576859345282e-01
3.430522888123610755e+03 1.004650012528409408e-01
3.430873908576708800e+03 1.005313210383282085e-01
3.431224929029806390e+03 1.005529554610641030e-01
3.431575949482903980e+03 1.005191488325641036e-01
3.431926969936002024e+03 1.004365638827387636e-01
3.432277990389099614e+03 1.003194405907445047e-01
3.432629010842197204e+03 1.001772533490857264e-01
3.432980031295295248e+03 1.000430633595902341e-01
3.433331051748392838e+03 9.995986169485929218e-02
3.433682072201490428e+03 9.990626309745301303e-02
3.434033092654588472e+03 9.984528707365791789e-02
3.434384113107686062e+03 9.976844590374969735e-02
3.434735133560784107e+03 9.967758081127350844e-02
3.435086154013881696e+03 9.957045741700509822e-02
3.435437174466979286e+03 9.943881661331258059e-02
3.435788194920077331e+03 9.927306719116102407e-02
3.436139215373174920e+03 9.907349519714703234e-02
3.436490235826272510e+03 9.884015081335213726e-02
3.436841256279370555e+03 9.856836523988385390e-02
3.437192276732468144e+03 9.824864725449597436e-02
3.437543297185565734e+03 9.787393291840418286e-02
3.437894317638663779e+03 9.744249266693032208e-02
3.438245338091761369e+03 9.695772652680315074e-02
3.438596358544859413e+03 9.643785105092378407e-02
3.438947378997957003e+03 9.591040836362360600e-02
3.439298399451054593e+03 9.538754479163810696e-02
3.439649419904152637e+03 9.486345190576631059e-02
3.440000440357250227e+03 9.433879827633803727e-02
3.440351460810347817e+03 9.382817908669252582e-02
3.440702481263445861e+03 9.335394713318476145e-02
3.441053501716543451e+03 9.291618441719495802e-02
3.441404522169641041e+03 9.249311707618432243e-02
3.441755542622739085e+03 9.212058369469175445e-02
3.442106563075836675e+03 9.187662128284485030e-02
3.442457583528934720e+03 9.176038438035677425e-02
3.442808603982032309e+03 9.172969555130353059e-02
3.443159624435129899e+03 9.176727419873045855e-02
3.443510644888227944e+03 9.187120223299871657e-02
3.443861665341325534e+03 9.203859104460974938e-02
3.444212685794423123e+03 9.226489379776543764e-02
3.444563706247521168e+03 9.255164493117418179e-02
3.444914726700618758e+03 9.292011591717815044e-02
3.445265747153716347e+03 9.338192531070416136e-02
3.445616767606814392e+03 9.389328362730331445e-02
3.445967788059911982e+03 9.438685632690982374e-02
3.446318808513010026e+03 9.485972139500545297e-02
3.446669828966107616e+03 9.537619822419859950e-02
3.447020849419205206e+03 9.597865477320446925e-02
3.447371869872303250e+03 9.661423597037331612e-02
3.447722890325400840e+03 9.717825462967266681e-02
3.448073910778498430e+03 9.764711218994995279e-02
3.448424931231596474e+03 9.807165634643236207e-02
3.448775951684694064e+03 9.848000363062633933e-02
3.449126972137791654e+03 9.884813349834334351e-02
3.449477992590889698e+03 9.914389030453533980e-02
3.449829013043987288e+03 9.937234965029609346e-02
3.450180033497085333e+03 9.955811425948345172e-02
3.450531053950182923e+03 9.970916440175960072e-02
3.450882074403280512e+03 9.982082255866338294e-02
3.451233094856378557e+03 9.988235573925074995e-02
3.451584115309476147e+03 9.988484707031347609e-02
3.451935135762573736e+03 9.983283259263231457e-02
3.452286156215671781e+03 9.974184565374016875e-02
3.452637176668769371e+03 9.963605452656434935e-02
3.452988197121866961e+03 9.954708920725441335e-02
3.453339217574965005e+03 9.949554225392791273e-02
3.453690238028062595e+03 9.947121260414445998e-02
3.454041258481160639e+03 9.945155148168666193e-02
3.454392278934258229e+03 9.944313110638675068e-02
3.454743299387355819e+03 9.948143591545974274e-02
3.455094319840453863e+03 9.957012190234457161e-02
3.455445340293551453e+03 9.966530517665195266e-02
3.455796360746649043e+03 9.973763044684322288e-02
3.456147381199747088e+03 9.978132970612985098e-02
3.456498401652844677e+03 9.979442813188671435e-02
3.456849422105942267e+03 9.977125527012803419e-02
3.457200442559040312e+03 9.970328162308068898e-02
3.457551463012137901e+03 9.957907556201044119e-02
3.457902483465235946e+03 9.939990426113995414e-02
3.458253503918333536e+03 9.920373093995842051e-02
3.458604524371431125e+03 9.902611318319337608e-02
3.458955544824529170e+03 9.884176394595053927e-02
3.459306565277626760e+03 9.861691102478439830e-02
3.459657585730724350e+03 9.837312800529429690e-02
3.460008606183822394e+03 9.816004020926898110e-02
3.460359626636919984e+03 9.799313551501587227e-02
3.460710647090017574e+03 9.785843628335957889e-02
3.461061667543115618e+03 9.774702765085943601e-02
3.461412687996213208e+03 9.765918819554550434e-02
3.461763708449311252e+03 9.759565447531043381e-02
3.462114728902408842e+03 9.755575886532341645e-02
3.462465749355506432e+03 9.754272578596355492e-02
3.462816769808604477e+03 9.757609068417412435e-02
3.463167790261702066e+03 9.767795486175118169e-02
3.463518810714799656e+03 9.782388816533402198e-02
3.463869831167897701e+03 9.796410617376442864e-02
3.464220851620995290e+03 9.808969283013402318e-02
3.464571872074092880e+03 9.821570127442763587e-02
3.464922892527190925e+03 9.834676630083480364e-02
3.465273912980288515e+03 9.848392237596745313e-02
3.465624933433386559e+03 9.862883389387575028e-02
3.465975953886484149e+03 9.878145909284249959e-02
3.466326974339581739e+03 9.894653036159443971e-02
3.466677994792679783e+03 9.912936319369619609e-02
3.467029015245777373e+03 9.932859949218800222e-02
3.467380035698874963e+03 9.953539615384254802e-02
3.467731056151973007e+03 9.973777750201046066e-02
3.468082076605070597e+03 9.992770966622262219e-02
3.468433097058168187e+03 1.001049214265143927e-01
3.468784117511266231e+03 1.002703450940012897e-01
3.469135137964363821e+03 1.004157793624244899e-01
3.469486158417461866e+03 1.005268335415164249e-01
3.469837178870559455e+03 1.005944522698768856e-01
3.470188199323657045e+03 1.006183601066409083e-01
3.470539219776755090e+03 1.006004596262035644e-01
3.470890240229852679e+03 1.005398186861351656e-01
3.471241260682950269e+03 1.004335314398302759e-01
3.471592281136048314e+03 1.002758692108229183e-01
3.471943301589145904e+03 1.000653118599831026e-01
3.472294322042243493e+03 9.980435699185638554e-02
3.472645342495341538e+03 9.948000886286387234e-02
3.472996362948439128e+03 9.907506364695391199e-02
3.473347383401537172e+03 9.860985806630685746e-02
3.473698403854634762e+03 9.815647638614007076e-02
3.474049424307732352e+03 9.777688434290687791e-02
3.474400444760830396e+03 9.744555899587392656e-02
3.474751465213927986e+03 9.709816429988010755e-02
3.475102485667025576e+03 9.671612444707991529e-02
3.475453506120123620e+03 9.632680398148876777e-02
3.475804526573221210e+03 9.597923818124953765e-02
3.476155547026318800e+03 9.570832715963265014e-02
3.476506567479416844e+03 9.552217839676076239e-02
3.476857587932514434e+03 9.544178035140726823e-02
3.477208608385612479e+03 9.548151619356531894e-02
3.477559628838710069e+03 9.561041491814084581e-02
3.477910649291807658e+03 9.581518535524430336e-02
3.478261669744905703e+03 9.609961536340050348e-02
3.478612690198003293e+03 9.644692268298644955e-02
3.478963710651100882e+03 9.683275839922290962e-02
3.479314731104198927e+03 9.724770262032819690e-02
3.479665751557296517e+03 9.769232431056640298e-02
3.480016772010394106e+03 9.814915501864258929e-02
3.480367792463492151e+03 9.858235583623145559e-02
3.480718812916589741e+03 9.899247423297433124e-02
3.481069833369687785e+03 9.940957089478802411e-02
3.481420853822785375e+03 9.983124194768575044e-02
3.481771874275882965e+03 1.002136666964484613e-01
3.482122894728981009e+03 1.005272802697196599e-01
3.482473915182078599e+03 1.007791798030827218e-01
3.482824935635176189e+03 1.009842434396381050e-01
3.483175956088274233e+03 1.011475035270366085e-01
3.483526976541371823e+03 1.012727230038850124e-01
3.483877996994469413e+03 1.013690728232957972e-01
3.484229017447567458e+03 1.014446399067311655e-01
3.484580037900665047e+03 1.015008044846584384e-01
3.484931058353763092e+03 1.015360929695259817e-01
3.485282078806860682e+03 1.015475033271949490e-01
3.485633099259958271e+03 1.015294991376256006e-01
3.485984119713056316e+03 1.014775153124631152e-01
3.486335140166153906e+03 1.013916600915006072e-01
3.486686160619251496e+03 1.012734923107785762e-01
3.487037181072349540e+03 1.011196268569289070e-01
3.487388201525447130e+03 1.009301624628306665e-01
3.487739221978544720e+03 1.007122446750808864e-01
3.488090242431642764e+03 1.004734414550259025e-01
3.488441262884740354e+03 1.001996969699974760e-01
3.488792283337838398e+03 9.985802032117439830e-02
3.489143303790935988e+03 9.947235675281296263e-02
3.489494324244033578e+03 9.912569772736734564e-02
3.489845344697131623e+03 9.883094392321120636e-02
3.490196365150229212e+03 9.853547532611262039e-02
3.490547385603326802e+03 9.821467603274761093e-02
3.490898406056424847e+03 9.788899123296665450e-02
3.491249426509522436e+03 9.758169364107541210e-02
3.491600446962620026e+03 9.730179108794534404e-02
3.491951467415718071e+03 9.705047501821600919e-02
3.492302487868815660e+03 9.682741817666970507e-02
3.492653508321913705e+03 9.663099120684287557e-02
3.493004528775011295e+03 9.646511213459682543e-02
3.493355549228108885e+03 9.633423413612923758e-02
3.493706569681206929e+03 9.623246205223782990e-02
3.494057590134304519e+03 9.615438697478764785e-02
3.494408610587402109e+03 9.609246517386049735e-02
3.494759631040500153e+03 9.604024557772514181e-02
3.495110651493597743e+03 9.599031715618583371e-02
3.495461671946695333e+03 9.594096373841007330e-02
3.495812692399793377e+03 9.592632636130318802e-02
3.496163712852890967e+03 9.598085478564345741e-02
3.496514733305989012e+03 9.606708698154581283e-02
3.496865753759086601e+03 9.615221504856341639e-02
3.497216774212184191e+03 9.625294055091829226e-02
3.497567794665282236e+03 9.639258485157278789e-02
3.497918815118379825e+03 9.657543888586736514e-02
3.498269835571477415e+03 9.679845474808786154e-02
3.498620856024575460e+03 9.706253042941020981e-02
3.498971876477673050e+03 9.736766782083955407e-02
3.499322896930770639e+03 9.771087829851968221e-02
3.499673917383868684e+03 9.808365329970795965e-02
3.500024937836966274e+03 9.846887636349338502e-02
3.500375958290064318e+03 9.884062183861519468e-02
3.500726978743161908e+03 9.918864297084498127e-02
3.501077999196259498e+03 9.953327845724233014e-02
3.501429019649357542e+03 9.988385118138841390e-02
3.501780040102455132e+03 1.002135580572070944e-01
3.502131060555552722e+03 1.005067487306410406e-01
3.502482081008650766e+03 1.007752525310484926e-01
3.502833101461748356e+03 1.010253492855157642e-01
3.503184121914845946e+03 1.012451020636626342e-01
3.503535142367943990e+03 1.014279582493397558e-01
3.503886162821041580e+03 1.015725050406156849e-01
3.504237183274139625e+03 1.016732153510125358e-01
3.504588203727237214e+03 1.017278975436972654e-01
3.504939224180334804e+03 1.017426742917094951e-01
3.505290244633432849e+03 1.017260992660602992e-01
3.505641265086530439e+03 1.016845143763603909e-01
3.505992285539628028e+03 1.016213901393556440e-01
3.506343305992726073e+03 1.015336432047611592e-01
3.506694326445823663e+03 1.014105627933206688e-01
3.507045346898921252e+03 1.012467298103967850e-01
3.507396367352019297e+03 1.010448732374908953e-01
3.507747387805116887e+03 1.008000555535560477e-01
3.508098408258214931e+03 1.005033904118144417e-01
3.508449428711312521e+03 1.001885867104716499e-01
3.508800449164410111e+03 9.991744945215662310e-02
3.509151469617508155e+03 9.968540665593064731e-02
3.509502490070605745e+03 9.944451427409835287e-02
3.509853510523703335e+03 9.916970176014021365e-02
3.510204530976801379e+03 9.886848011785748236e-02
3.510555551429898969e+03 9.855968403097954689e-02
3.510906571882996559e+03 9.825975930561851868e-02
3.511257592336094604e+03 9.797570880199860111e-02
3.511608612789192193e+03 9.770916243957222802e-02
3.511959633242290238e+03 9.745626363571319173e-02
3.512310653695387828e+03 9.721982556622060789e-02
3.512661674148485417e+03 9.700839060746188625e-02
3.513012694601583462e+03 9.682701646810133733e-02
3.513363715054681052e+03 9.667909731520957228e-02
3.513714735507778641e+03 9.656952577164329421e-02
3.514065755960876686e+03 9.650338528055797671e-02
3.514416776413974276e+03 9.648444822324347969e-02
3.514767796867071866e+03 9.651570661729846901e-02
3.515118817320169910e+03 9.660066011974158262e-02
3.515469837773267500e+03 9.673694805427014709e-02
3.515820858226365544e+03 9.691157027486825559e-02
3.516171878679463134e+03 9.710685791792506016e-02
3.516522899132560724e+03 9.729722930475727394e-02
3.516873919585658768e+03 9.746339371646911554e-02
3.517224940038756358e+03 9.762083909074718846e-02
3.517575960491853948e+03 9.779523655239644175e-02
3.517926980944951993e+03 9.797049697590362594e-02
3.518278001398049582e+03 9.809895718616283566e-02
3.518629021851147172e+03 9.815188942652927628e-02
3.518980042304245217e+03 9.812529722530075049e-02
3.519331062757342806e+03 9.801986990369074282e-02
3.519682083210440851e+03 9.783763639851020266e-02
3.520033103663538441e+03 9.759620339111965692e-02
3.520384124116636031e+03 9.732585007165653335e-02
3.520735144569734075e+03 9.703889491232385589e-02
3.521086165022831665e+03 9.671964273289121450e-02
3.521437185475929255e+03 9.635305996300645714e-02
3.521788205929027299e+03 9.593646721178074321e-02
3.522139226382124889e+03 9.545942612465992128e-02
3.522490246835222479e+03 9.492331759996167073e-02
3.522841267288320523e+03 9.439202934415058532e-02
3.523192287741418113e+03 9.393673929061062411e-02
3.523543308194516158e+03 9.353907268162653388e-02
3.523894328647613747e+03 9.314014253821344125e-02
3.524245349100711337e+03 9.274596893026329503e-02
3.524596369553809382e+03 9.240493069373538482e-02
3.524947390006906971e+03 9.212897903775149611e-02
3.525298410460004561e+03 9.191265047616800632e-02
3.525649430913102606e+03 9.176655098649844078e-02
3.526000451366200195e+03 9.169960824043438263e-02
3.526351471819297785e+03 9.171187357157525866e-02
3.526702492272395830e+03 9.180513037395331144e-02
3.527053512725493420e+03 9.197834839465320045e-02
3.527404533178591464e+03 9.222155817742005990e-02
3.527755553631689054e+03 9.252008697831587414e-02
3.528106574084786644e+03 9.286005115019778378e-02
3.528457594537884688e+03 9.322833863696691759e-02
3.528808614990982278e+03 9.361502040686020543e-02
3.529159635444079868e+03 9.401347498977800921e-02
3.529510655897177912e+03 9.441425181938578604e-02
3.529861676350275502e+03 9.480389997662019841e-02
3.530212696803373092e+03 9.517034555080688962e-02
3.530563717256471136e+03 9.550758151084287606e-02
3.530914737709568726e+03 9.581661906859562094e-02
3.531265758162666771e+03 9.610294507922248486e-02
3.531616778615764360e+03 9.637256189807219542e-02
3.531967799068861950e+03 9.662764862292276546e-02
3.532318819521959995e+03 9.686259333145508243e-02
3.532669839975057585e+03 9.707320563984721262e-02
3.533020860428155174e+03 9.726278004075986083e-02
3.533371880881253219e+03 9.743117915972282495e-02
3.533722901334350809e+03 9.758016002088913676e-02
3.534073921787448398e+03 9.772791165086314180e-02
3.534424942240546443e+03 9.789143655543673661e-02
3.534775962693644033e+03 9.806242886785734858e-02
3.535126983146742077e+03 9.822447333166897665e-02
3.535478003599839667e+03 9.837449117846217006e-02
3.535829024052937257e+03 9.851972086843696630e-02
3.536180044506035301e+03 9.867200201589333697e-02
3.536531064959132891e+03 9.884039218569186380e-02
3.536882085412230481e+03 9.902619115678654160e-02
3.537233105865328525e+03 9.921994269294778790e-02
3.537584126318426115e+03 9.939963531054704649e-02
3.537935146771523705e+03 9.955425990255338531e-02
3.538286167224621749e+03 9.971198583254611836e-02
3.538637187677719339e+03 9.991722626379524741e-02
3.538988208130817384e+03 1.001641495342760202e-01
3.539339228583914974e+03 1.003903755784418678e-01
3.539690249037012563e+03 1.005619294204359027e-01
3.540041269490110608e+03 1.006908905373894575e-01
3.540392289943208198e+03 1.007922575445321933e-01
3.540743310396305787e+03 1.008703713936122126e-01
3.541094330849403832e+03 1.009271081557352734e-01
3.541445351302501422e+03 1.009652009157049057e-01
3.541796371755599012e+03 1.009873877261093927e-01
3.542147392208697056e+03 1.009940444059342080e-01
3.542498412661794646e+03 1.009870484392180467e-01
3.542849433114892690e+03 1.009687102772480888e-01
3.543200453567990280e+03 1.009415772714207932e-01
3.543551474021087870e+03 1.009097281568088061e-01
3.543902494474185914e+03 1.008751550863802582e-01
3.544253514927283504e+03 1.008352603540019071e-01
3.544604535380381094e+03 1.007861609739055808e-01
3.544955555833479139e+03 1.007286540261003865e-01
3.545306576286576728e+03 1.006704256574692813e-01
3.545657596739674318e+03 1.006195250682668380e-01
3.546008617192772363e+03 1.005731133899507301e-01
3.546359637645869952e+03 1.005227965313524319e-01
3.546710658098967997e+03 1.004662457056042374e-01
3.547061678552065587e+03 1.004063470878455572e-01
3.547412699005163176e+03 1.003448907281390273e-01
3.547763719458261221e+03 1.002790163815435454e-01
3.548114739911358811e+03 1.002040656902627724e-01
3.548465760364456401e+03 1.001218193224464870e-01
3.548816780817554445e+03 1.000396671850692643e-01
3.549167801270652035e+03 9.996169854872243021e-02
3.549518821723749625e+03 9.988305629404510555e-02
3.549869842176847669e+03 9.979156606971828491e-02
3.550220862629945259e+03 9.967882917164599954e-02
3.550571883083043303e+03 9.954437322334705462e-02
3.550922903536140893e+03 9.938992236393054402e-02
3.551273923989238483e+03 9.921744681522137732e-02
3.551624944442336528e+03 9.902456436624364200e-02
3.551975964895434117e+03 9.879779898230381385e-02
3.552326985348531707e+03 9.853489966257578114e-02
3.552678005801629752e+03 9.826967371235115212e-02
3.553029026254727341e+03 9.803819818922435148e-02
3.553380046707824931e+03 9.783716775999112825e-02
3.553731067160922976e+03 9.764508828707635368e-02
3.554082087614020566e+03 9.745883349057249401e-02
3.554433108067118610e+03 9.729227592438091654e-02
3.554784128520216200e+03 9.715908276514415021e-02
3.555135148973313790e+03 9.706677266042870733e-02
3.555486169426411834e+03 9.701312375002504873e-02
3.555837189879509424e+03 9.698853930724252170e-02
3.556188210332607014e+03 9.699761014800148407e-02
3.556539230785705058e+03 9.705903847945486496e-02
3.556890251238802648e+03 9.716658217051955815e-02
3.557241271691900238e+03 9.728870980249398892e-02
3.557592292144998282e+03 9.740406299021900360e-02
3.557943312598095872e+03 9.750532316282971290e-02
3.558294333051193917e+03 9.759083168816171105e-02
3.558645353504291506e+03 9.766355051921404851e-02
3.558996373957389096e+03 9.772722979827394574e-02
3.559347394410487141e+03 9.778209481184108043e-02
3.559698414863584730e+03 9.782396127646132700e-02
3.560049435316682320e+03 9.784616540620671987e-02
3.560400455769780365e+03 9.784380925546648511e-02
3.560751476222877955e+03 9.781432569814850486e-02
3.561102496675975544e+03 9.775586696110599716e-02
3.561453517129073589e+03 9.766737021280638698e-02
3.561804537582171179e+03 9.754689833708876656e-02
3.562155558035269223e+03 9.739120504176894400e-02
3.562506578488366813e+03 9.719754297590973979e-02
3.562857598941464403e+03 9.696323025878977875e-02
3.563208619394562447e+03 9.668508904027683926e-02
3.563559639847660037e+03 9.636138365405036432e-02
3.563910660300757627e+03 9.599406996146479798e-02
3.564261680753855671e+03 9.558789310527696093e-02
3.564612701206953261e+03 9.514863039092133490e-02
3.564963721660050851e+03 9.468232278546105662e-02
3.565314742113148895e+03 9.419794102651429801e-02
3.565665762566246485e+03 9.370949342923223790e-02
3.566016783019344530e+03 9.323233316537306303e-02
3.566367803472442120e+03 9.277413367382145171e-02
3.566718823925539709e+03 9.233608717435416724e-02
3.567069844378637754e+03 9.192354190095614053e-02
3.567420864831735344e+03 9.154366143218073404e-02
3.567771885284832933e+03 9.119807750325770179e-02
3.568122905737930978e+03 9.088177649970073657e-02
3.568473926191028568e+03 9.058575169117075165e-02
3.568824946644126612e+03 9.030344699055445346e-02
3.569175967097224202e+03 9.003736048896275601e-02
3.569526987550321792e+03 8.979662291009721242e-02
3.569878008003419836e+03 8.958909819528493301e-02
3.570229028456517426e+03 8.941745750793730907e-02
3.570580048909615016e+03 8.928227447288378249e-02
3.570931069362713060e+03 8.918716211401814253e-02
3.571282089815810650e+03 8.913410750652023262e-02
3.571633110268908240e+03 8.911900876306901031e-02
3.571984130722006284e+03 8.914185390117307373e-02
3.572335151175103874e+03 8.921196806952114144e-02
3.572686171628201919e+03 8.933124522570332071e-02
3.573037192081299509e+03 8.948200395208366631e-02
3.573388212534397098e+03 8.964169352199272134e-02
3.573739232987495143e+03 8.979972147451292797e-02
3.574090253440592733e+03 8.995244225995480125e-02
3.574441273893690322e+03 9.009095141005413199e-02
3.574792294346788367e+03 9.020369233654421115e-02
3.575143314799885957e+03 9.028477026787916360e-02
3.575494335252983547e+03 9.033655069301541052e-02
3.575845355706081591e+03 9.036886018463857750e-02
3.576196376159179181e+03 9.038794415415277173e-02
3.576547396612277225e+03 9.038385899877046659e-02
3.576898417065374815e+03 9.033917984704976922e-02
3.577249437518472405e+03 9.024432156754191858e-02
3.577600457971570449e+03 9.010090542679821679e-02
3.577951478424668039e+03 8.991579710532890402e-02
3.578302498877765629e+03 8.969591491062225974e-02
3.578653519330863674e+03 8.944572670409284276e-02
3.579004539783961263e+03 8.916518661934073886e-02
3.579355560237058853e+03 8.885266934563895713e-02
3.579706580690156898e+03 8.850907948564168404e-02
3.580057601143254487e+03 8.814019825497011740e-02
3.580408621596352532e+03 8.775589957715677902e-02
3.580759642049450122e+03 8.736578309818399113e-02
3.581110662502547711e+03 8.697782752734867229e-02
3.581461682955645756e+03 8.660191661783761541e-02
3.581812703408743346e+03 8.624915829445053972e-02
3.582163723861840936e+03 8.592688455932828706e-02
3.582514744314938980e+03 8.563342030846141095e-02
3.582865764768036570e+03 8.536109557188678587e-02
3.583216785221134160e+03 8.510380745756659926e-02
3.583567805674232204e+03 8.485581494120740531e-02
3.583918826127329794e+03 8.460795093059092498e-02
3.584269846580427838e+03 8.435311963404595881e-02
3.584620867033525428e+03 8.409025563771915790e-02
3.584971887486623018e+03 8.382234639373946361e-02
3.585322907939721063e+03 8.355842260355421380e-02
3.585673928392818652e+03 8.330926386314749243e-02
3.586024948845916242e+03 8.308870642529038453e-02
3.586375969299014287e+03 8.291829933958508314e-02
3.586726989752111876e+03 8.281921807346780129e-02
3.587078010205209466e+03 8.280815822108014701e-02
3.587429030658307511e+03 8.290009641641930827e-02
3.587780051111405101e+03 8.310574488276782634e-02
3.588131071564503145e+03 8.342351056629354611e-02
3.588482092017600735e+03 8.384100981943302944e-02
3.588833112470698325e+03 8.435047306806824075e-02
3.589184132923796369e+03 8.494880400927828923e-02
3.589535153376893959e+03 8.561871216275376839e-02
3.589886173829991549e+03 8.628578003337566971e-02
3.590237194283089593e+03 8.666656317665732967e-02
3.590588214736187183e+03 8.525812742214633477e-02
3.590939235189284773e+03 7.790073605783773281e-02
3.591290255642382817e+03 6.064084069986205167e-02
3.591641276095480407e+03 3.736739941105599733e-02
3.591992296548578452e+03 2.117274070176071096e-02
3.592343317001676041e+03 2.280662264136856798e-02
3.592694337454773631e+03 4.086386237165809399e-02
3.593045357907871676e+03 6.447915279758656415e-02
3.593396378360969265e+03 8.238975516766450236e-02
3.593747398814066855e+03 9.101963956068145900e-02
3.594098419267164900e+03 9.369541226875996442e-02
3.594449439720262490e+03 9.444250991385139127e-02
3.594800460173360079e+03 9.483551310419639779e-02
3.595151480626458124e+03 9.514753767853535715e-02
3.595502501079556168e+03 9.543799868370692052e-02
3.595853521532653758e+03 9.570186917641226865e-02
3.596204541985750893e+03 9.593039969574472525e-02
3.596555562438848938e+03 9.613364144368663489e-02
3.596906582891946982e+03 9.632780039355230695e-02
3.597257603345044572e+03 9.651673430305081347e-02
3.597608623798141707e+03 9.669303628117958960e-02
3.597959644251240206e+03 9.684133706162652289e-02
3.598310664704338251e+03 9.695077359907894321e-02
3.598661685157435386e+03 9.702350123359262946e-02
3.599012705610532976e+03 9.705731135359929596e-02
3.599363726063631020e+03 9.704722559619859135e-02
3.599714746516729065e+03 9.699221887034049916e-02
3.600065766969826655e+03 9.688621041270044365e-02
3.600416787422923790e+03 9.672701280741877183e-02
3.600767807876022289e+03 9.652008072719359122e-02
3.601118828329120333e+03 9.626739241933061908e-02
3.601469848782217468e+03 9.597235829394290541e-02
3.601820869235315058e+03 9.564327710703528218e-02
3.602171889688413103e+03 9.528712351142250292e-02
3.602522910141511147e+03 9.491136688736152849e-02
3.602873930594608737e+03 9.452910473526532353e-02
3.603224951047705872e+03 9.415416547643329359e-02
3.603575971500804371e+03 9.379218342443405854e-02
3.603926991953902416e+03 9.344304909575970597e-02
3.604278012406999551e+03 9.310685859430931077e-02
3.604629032860097141e+03 9.278326717361416731e-02
3.604980053313195185e+03 9.247064265283891360e-02
3.605331073766293230e+03 9.216945033475225368e-02
3.605682094219390819e+03 9.188292468684663983e-02
3.606033114672487955e+03 9.160922110578281763e-02
3.606384135125585999e+03 9.134066483534744596e-02
3.606735155578684498e+03 9.107161629329692254e-02
3.607086176031781633e+03 9.079939560594199599e-02
3.607437196484879223e+03 9.052275890958123850e-02
3.607788216937977268e+03 9.024284553618242000e-02
3.608139237391075312e+03 8.996259498648886965e-02
3.608490257844172902e+03 8.968536680571920217e-02
3.608841278297270037e+03 8.941501874382452864e-02
3.609192298750368082e+03 8.915792987143393578e-02
3.609543319203466581e+03 8.892586725688386706e-02
3.609894339656563716e+03 8.873060461272762323e-02
3.610245360109661306e+03 8.857698768571398151e-02
3.610596380562759350e+03 8.846563456029520045e-02
3.610947401015857395e+03 8.839688788160038335e-02
3.611298421468954984e+03 8.836783982415544192e-02
3.611649441922052119e+03 8.837269371776806937e-02
3.612000462375150164e+03 8.840804777721468499e-02
3.612351482828248209e+03 8.847111224682416286e-02
3.612702503281345798e+03 8.855577916239018577e-02
3.613053523734442933e+03 8.865573004601595697e-02
3.613404544187541433e+03 8.876789442720994794e-02
3.613755564640639477e+03 8.888818332806890099e-02
3.614106585093736612e+03 8.901046846348292796e-02
3.614457605546834202e+03 8.913076031244943076e-02
3.614808625999932246e+03 8.924503173600642492e-02
3.615159646453030291e+03 8.934519176429091269e-02
3.615510666906127881e+03 8.942081861705364343e-02
3.615861687359225016e+03 8.946091534868413908e-02
3.616212707812323515e+03 8.945424275927171820e-02
3.616563728265421560e+03 8.939252295179192509e-02
3.616914748718518695e+03 8.927293354666523961e-02
3.617265769171616284e+03 8.910102329236349594e-02
3.617616789624714329e+03 8.889188361589367426e-02
3.617967810077812373e+03 8.866198181510553944e-02
3.618318830530909963e+03 8.842115827677397843e-02
3.618669850984007098e+03 8.817899383279634296e-02
3.619020871437105598e+03 8.795492571254696912e-02
3.619371891890203642e+03 8.777405409528804547e-02
3.619722912343300777e+03 8.765811345944124477e-02
3.620073932796398367e+03 8.762497355859161230e-02
3.620424953249496411e+03 8.768529733682872696e-02
3.620775973702594456e+03 8.783601636952403924e-02
3.621126994155692046e+03 8.806862590420976022e-02
3.621478014608789181e+03 8.837684050075665654e-02
3.621829035061887225e+03 8.875031310293066134e-02
3.622180055514985725e+03 8.917275402656489602e-02
3.622531075968082860e+03 8.962899511986702206e-02
3.622882096421180449e+03 9.011223085107719633e-02
3.623233116874278494e+03 9.061952475694251552e-02
3.623584137327376538e+03 9.113570375838045412e-02
3.623935157780474128e+03 9.163451633944201535e-02
3.624286178233571263e+03 9.210018770716392467e-02
3.624637198686669308e+03 9.252977282871319153e-02
3.624988219139767807e+03 9.291773245941836734e-02
3.625339239592864942e+03 9.325445533297077594e-02
3.625690260045962532e+03 9.353432838350241030e-02
3.626041280499060576e+03 9.375462992463523548e-02
3.626392300952158621e+03 9.390900945066776861e-02
3.626743321405256211e+03 9.399009532649450771e-02
3.627094341858353346e+03 9.399361730940672399e-02
3.627445362311451390e+03 9.391810180949780595e-02
3.627796382764549435e+03 9.376451841184932356e-02
3.628147403217647025e+03 9.353598719473804612e-02
3.628498423670744160e+03 9.323667309244215717e-02
3.628849444123842659e+03 9.286992785521527849e-02
3.629200464576940703e+03 9.244008842941797699e-02
3.629551485030037838e+03 9.195684373060775130e-02
3.629902505483135428e+03 9.143418415475358663e-02
3.630253525936233473e+03 9.088438616264316039e-02
3.630604546389331517e+03 9.031777427845497086e-02
3.630955566842429107e+03 8.975113937085164861e-02
3.631306587295526242e+03 8.920542254527702442e-02
3.631657607748624741e+03 8.869361723462108882e-02
3.632008628201722786e+03 8.822282893522140346e-02
3.632359648654819921e+03 8.780340938979019905e-02
3.632710669107917511e+03 8.744149066704169637e-02
3.633061689561015555e+03 8.713428365994338454e-02
3.633412710014113600e+03 8.688953688931652652e-02
3.633763730467211190e+03 8.672658385236017842e-02
3.634114750920308325e+03 8.663997535108314274e-02
3.634465771373406824e+03 8.660680952957422463e-02
3.634816791826504868e+03 8.663215996560641452e-02
3.635167812279602003e+03 8.674692537962448713e-02
3.635518832732699593e+03 8.695149953852955582e-02
3.635869853185797638e+03 8.720187174422516785e-02
3.636220873638895682e+03 8.746224452129797156e-02
3.636571894091993272e+03 8.774447831476467341e-02
3.636922914545090407e+03 8.807296758301050299e-02
3.637273934998188452e+03 8.844028854937241446e-02
3.637624955451286951e+03 8.883902596959161735e-02
3.637975975904384086e+03 8.927449848137669619e-02
3.638326996357481676e+03 8.971847757407097612e-02
3.638678016810579720e+03 9.013598597021163505e-02
3.639029037263677765e+03 9.053211024469662305e-02
3.639380057716775354e+03 9.090389124866127268e-02
3.639731078169872490e+03 9.122430689540930726e-02
3.640082098622970534e+03 9.147546534016773312e-02
3.640433119076069033e+03 9.165108566845604765e-02
3.640784139529166168e+03 9.176459857316454638e-02
3.641135159982263758e+03 9.183883467503961562e-02
3.641486180435361803e+03 9.186915936072935496e-02
3.641837200888459847e+03 9.182295733311217345e-02
3.642188221341557437e+03 9.166730577666497293e-02
3.642539241794654572e+03 9.141455856053309903e-02
3.642890262247752617e+03 9.113037945321858513e-02
3.643241282700850661e+03 9.084158495496669206e-02
3.643592303153948251e+03 9.051250079244244073e-02
3.643943323607045386e+03 9.010682452970658618e-02
3.644294344060143885e+03 8.963911210525964124e-02
3.644645364513241930e+03 8.915428637605737894e-02
3.644996384966339065e+03 8.867730518061764378e-02
3.645347405419436654e+03 8.821165031429009651e-02
3.645698425872534699e+03 8.776060377350108910e-02
3.646049446325632744e+03 8.732066730251782094e-02
3.646400466778730333e+03 8.688957345091220807e-02
3.646751487231827468e+03 8.647875366452015267e-02
3.647102507684925968e+03 8.609236089996338825e-02
3.647453528138024012e+03 8.572127948722216284e-02
3.647804548591121147e+03 8.539401900722587424e-02
3.648155569044218737e+03 8.516445068565317578e-02
3.648506589497316781e+03 8.503022676187907414e-02
3.648857609950414826e+03 8.496044208557604338e-02
3.649208630403512416e+03 8.494317425387740150e-02
3.649559650856609551e+03 8.498112893756065711e-02
3.649910671309708050e+03 8.507627685962081132e-02
3.650261691762806095e+03 8.522703165063141850e-02
3.650612712215903230e+03 8.543779990156064041e-02
3.650963732669000819e+03 8.571940792071891524e-02
3.651314753122098864e+03 8.606450416912442281e-02
3.651665773575196908e+03 8.645012225135517703e-02
3.652016794028294498e+03 8.685484959973589769e-02
3.652367814481391633e+03 8.727127239503677802e-02
3.652718834934489678e+03 8.770601912997796901e-02
3.653069855387588177e+03 8.816165918795546008e-02
3.653420875840685312e+03 8.862991889107754706e-02
3.653771896293782902e+03 8.910210532771081771e-02
3.654122916746880946e+03 8.956863596225458912e-02
3.654473937199978991e+03 9.001769696279082744e-02
3.654824957653076581e+03 9.044056392687224721e-02
3.655175978106173716e+03 9.082975290217339126e-02
3.655526998559271760e+03 9.117758566316259972e-02
3.655878019012370260e+03 9.147720300612892375e-02
3.656229039465467395e+03 9.172419794334138454e-02
3.656580059918564984e+03 9.191743039146216265e-02
3.656931080371663029e+03 9.205775187930316517e-02
3.657282100824761073e+03 9.214979750499388556e-02
3.657633121277858663e+03 9.220034855981559807e-02
3.657984141730955798e+03 9.221412286634397826e-02
3.658335162184053843e+03 9.219444162274002819e-02
3.658686182637151887e+03 9.214414976186759143e-02
3.659037203090249477e+03 9.206667331111770269e-02
3.659388223543346612e+03 9.197113862709638266e-02
3.659739243996445111e+03 9.187384537541005980e-02
3.660090264449543156e+03 9.178844593860212286e-02
3.660441284902640291e+03 9.170974196409129031e-02
3.660792305355737881e+03 9.162056522842849937e-02
3.661143325808835925e+03 9.151030787049965753e-02
3.661494346261933970e+03 9.137364969487241084e-02
3.661845366715031560e+03 9.121647931110352103e-02
3.662196387168128695e+03 9.105982624291197869e-02
3.662547407621227194e+03 9.091586576702152811e-02
3.662898428074325238e+03 9.079906302893055170e-02
3.663249448527422373e+03 9.071811228952234019e-02
3.663600468980519963e+03 9.064518771457685808e-02
3.663951489433618008e+03 9.055567431524488842e-02
3.664302509886716052e+03 9.044405035368069390e-02
3.664653530339813642e+03 9.031275351536610652e-02
3.665004550792910777e+03 9.018233009274259637e-02
3.665355571246009276e+03 9.007143918529837701e-02
3.665706591699107321e+03 8.997309652962143245e-02
3.666057612152204456e+03 8.988976405823849436e-02
3.666408632605302046e+03 8.985246362371217266e-02
3.666759653058400090e+03 8.986943483167744717e-02
3.667110673511498135e+03 8.990779413617625004e-02
3.667461693964595725e+03 8.995034014726582816e-02
3.667812714417692860e+03 8.999811988657960282e-02
3.668163734870790904e+03 9.004692289138657713e-02
3.668514755323889403e+03 9.009139545535276017e-02
3.668865775776986538e+03 9.012851438902533263e-02
3.669216796230084128e+03 9.015991468235334816e-02
3.669567816683182173e+03 9.019686099538169743e-02
3.669918837136280217e+03 9.024130175011021993e-02
3.670269857589377807e+03 9.028141867912434226e-02
3.670620878042474942e+03 9.030516344506882287e-02
3.670971898495572987e+03 9.031086975588445420e-02
3.671322918948671486e+03 9.031211432154531704e-02
3.671673939401768621e+03 9.032814312045817084e-02
3.672024959854866211e+03 9.035861343424640701e-02
3.672375980307964255e+03 9.038722763830100981e-02
3.672727000761062300e+03 9.040248224052971349e-02
3.673078021214159889e+03 9.039829042734517928e-02
3.673429041667257025e+03 9.037311384420140814e-02
3.673780062120355069e+03 9.032986562325559521e-02
3.674131082573453114e+03 9.027075032312442682e-02
3.674482103026550703e+03 9.019472870907165041e-02
3.674833123479647838e+03 9.009866583965529807e-02
3.675184143932746338e+03 8.997774458970683731e-02
3.675535164385844382e+03 8.982833302248344198e-02
3.675886184838941517e+03 8.965062793977897349e-02
3.676237205292039107e+03 8.944559244093860939e-02
3.676588225745137152e+03 8.921527698217304736e-02
3.676939246198235196e+03 8.896563128708356860e-02
3.677290266651332786e+03 8.869767670231304413e-02
3.677641287104429921e+03 8.840535629820980845e-02
3.677992307557528420e+03 8.809260542396477045e-02
3.678343328010626465e+03 8.777559068370836826e-02
3.678694348463723600e+03 8.745247059791000366e-02
3.679045368916821189e+03 8.710738974013122748e-02
3.679396389369919234e+03 8.677210831088157106e-02
3.679747409823017279e+03 8.651241743772793147e-02
3.680098430276114868e+03 8.632695165967883832e-02
3.680449450729212003e+03 8.616547145645506167e-02
3.680800471182310503e+03 8.600877436689439992e-02
3.681151491635408547e+03 8.586583425004937209e-02
3.681502512088505682e+03 8.574432209228757817e-02
3.681853532541603272e+03 8.565219538265050891e-02
3.682204552994701316e+03 8.559101069436522713e-02
3.682555573447799361e+03 8.555296297223040358e-02
3.682906593900896951e+03 8.553576480372873658e-02
3.683257614353994086e+03 8.554387791448118949e-02
3.683608634807092130e+03 8.557904971613579381e-02
3.683959655260190630e+03 8.563679439437130170e-02
3.684310675713287765e+03 8.570621960788571414e-02
3.684661696166385354e+03 8.578206123799507477e-02
3.685012716619483399e+03 8.585836664447346611e-02
3.685363737072581443e+03 8.592956151841929513e-02
3.685714757525679033e+03 8.599341019588355173e-02
3.686065777978776168e+03 8.605765091173527004e-02
3.686416798431874213e+03 8.615426721633301366e-02
3.686767818884972712e+03 8.630438064460810299e-02
3.687118839338069847e+03 8.646851604979138850e-02
3.687469859791167437e+03 8.660936959016926617e-02
3.687820880244265481e+03 8.671720476437470848e-02
3.688171900697363526e+03 8.678320429339983488e-02
3.688522921150461116e+03 8.678438928819023901e-02
3.688873941603558251e+03 8.668439181618667333e-02
3.689224962056656295e+03 8.644267917986606098e-02
3.689575982509754340e+03 8.601258615727334911e-02
3.689927002962851930e+03 8.533573431441734969e-02
3.690278023415949065e+03 8.435683746132754957e-02
3.690629043869047564e+03 8.307835625617249198e-02
3.690980064322145608e+03 8.165224599526949012e-02
3.691331084775242743e+03 8.037728420482605218e-02
3.691682105228340333e+03 7.944910802145443984e-02
3.692033125681438378e+03 7.877946946757515001e-02
3.692384146134536422e+03 7.831243792170414220e-02
3.692735166587634012e+03 7.825693241014966550e-02
3.693086187040731147e+03 7.874531976142044865e-02
3.693437207493829646e+03 7.967246354385416895e-02
3.693788227946927691e+03 8.093432248156826048e-02
3.694139248400024826e+03 8.237238070643328192e-02
3.694490268853122416e+03 8.368911201347738194e-02
3.694841289306220460e+03 8.469885560539677782e-02
3.695192309759318505e+03 8.528234897534750503e-02
3.695543330212416095e+03 8.530073566278237318e-02
3.695894350665513230e+03 8.470021507725312981e-02
3.696245371118611729e+03 8.355602065892761554e-02
3.696596391571709773e+03 8.210066955162760582e-02
3.696947412024806908e+03 8.070430956029200908e-02
3.697298432477904498e+03 7.962037177735863114e-02
3.697649452931002543e+03 7.880011975852591055e-02
3.698000473384100587e+03 7.825508478002565771e-02
3.698351493837198177e+03 7.827955677960361791e-02
3.698702514290295312e+03 7.890950746690850170e-02
3.699053534743393357e+03 7.978380541833099415e-02
3.699404555196491856e+03 8.079315941677854551e-02
3.699755575649588991e+03 8.225360525287386815e-02
3.700106596102686581e+03 8.423236924803909065e-02
3.700457616555784625e+03 8.612887210613420774e-02
3.700808637008882670e+03 8.732780995196004481e-02
3.701159657461980260e+03 8.778799954437932485e-02
3.701510677915077395e+03 8.767035070095534344e-02
3.701861698368175439e+03 8.697777419066267390e-02
3.702212718821273938e+03 8.566255201535868946e-02
3.702563739274371073e+03 8.376128150861919530e-02
3.702914759727468663e+03 8.135505256106215222e-02
3.703265780180566708e+03 7.863843596514327738e-02
3.703616800633664752e+03 7.604037415610431783e-02
3.703967821086762342e+03 7.390121196548088411e-02
3.704318841539859477e+03 7.214529669294983405e-02
3.704669861992957522e+03 7.074070824902090049e-02
3.705020882446055566e+03 7.005561128387147174e-02
3.705371902899153156e+03 7.021199124586019469e-02
3.705722923352250291e+03 7.086626069182855314e-02
3.706073943805348790e+03 7.192626267819439423e-02
3.706424964258446835e+03 7.356220029515156411e-02
3.706775984711543970e+03 7.563047099714573229e-02
3.707127005164641560e+03 7.771495524458679749e-02
3.707478025617739604e+03 7.950607147304912525e-02
3.707829046070837649e+03 8.089943221302295373e-02
3.708180066523935238e+03 8.190995182667747121e-02
3.708531086977032373e+03 8.257937065094196616e-02
3.708882107430130873e+03 8.293479775041445734e-02
3.709233127883228917e+03 8.297126776240548729e-02
3.709584148336326052e+03 8.261904892511431897e-02
3.709935168789423642e+03 8.181348137912633489e-02
3.710286189242521687e+03 8.061389298700288863e-02
3.710637209695619731e+03 7.907575707819450295e-02
3.710988230148717321e+03 7.713629136137502285e-02
3.711339250601814456e+03 7.488404692171900245e-02
3.711690271054912955e+03 7.277788757686598498e-02
3.712041291508011000e+03 7.125603015839973575e-02
3.712392311961108135e+03 7.026688340198943006e-02
3.712743332414205724e+03 6.969017721366788098e-02
3.713094352867303769e+03 6.988898385471796482e-02
3.713445373320401814e+03 7.108237263740282974e-02
3.713796393773499403e+03 7.287023133472636527e-02
3.714147414226596538e+03 7.496476959916453797e-02
3.714498434679694583e+03 7.742202827927695263e-02
3.714849455132793082e+03 8.020035065306246880e-02
3.715200475585890217e+03 8.318657221671992008e-02
3.715551496038987807e+03 8.613511487927860699e-02
3.715902516492085851e+03 8.852440041261724901e-02
3.716253536945183896e+03 9.003300308030223742e-02
3.716604557398281486e+03 9.083974188903179425e-02
3.716955577851378621e+03 9.123858392419720298e-02
3.717306598304476665e+03 9.134712669220546033e-02
3.717657618757575165e+03 9.118155072882014323e-02
3.718008639210672300e+03 9.076149348078407786e-02
3.718359659663769889e+03 9.011770461812912414e-02
3.718710680116867934e+03 8.926915246175956553e-02
3.719061700569965979e+03 8.819596191386397388e-02
3.719412721023063568e+03 8.683777801772080140e-02
3.719763741476160703e+03 8.516218890702051403e-02
3.720114761929258748e+03 8.320460671741675140e-02
3.720465782382356792e+03 8.097277468887978391e-02
3.720816802835454382e+03 7.842282968421263045e-02
3.721167823288551517e+03 7.569314912766558767e-02
3.721518843741650016e+03 7.331798384525109458e-02
3.721869864194748061e+03 7.196424741511250889e-02
3.722220884647845196e+03 7.182029768099745803e-02
3.722571905100942786e+03 7.274752249046000097e-02
3.722922925554040830e+03 7.528360202339087759e-02
3.723273946007138875e+03 8.061982268291073561e-02
3.723624966460236465e+03 8.990840997302897153e-02
3.723975986913333600e+03 1.052815449609958431e-01
3.724327007366432099e+03 1.314049445872228494e-01
3.724678027819530143e+03 1.759809894846947609e-01
3.725029048272627278e+03 2.512134393282702272e-01
3.725380068725724868e+03 3.770382188074943297e-01
3.725731089178822913e+03 5.777916469024009238e-01
3.726082109631920957e+03 8.559962907653482223e-01
3.726433130085018547e+03 1.159154922370921881e+00
3.726784150538115682e+03 1.397483999119102371e+00
3.727135170991214181e+03 1.505850314027245229e+00
3.727486191444312226e+03 1.468018595605136145e+00
3.727837211897409361e+03 1.324128897372619740e+00
3.728188232350506951e+03 1.199306355644121469e+00
3.728539252803604995e+03 1.226832870157009925e+00
3.728890273256703040e+03 1.428311573950971081e+00
3.729241293709800630e+03 1.723150336400101512e+00
3.729592314162897765e+03 1.964986399267602213e+00
3.729943334615995809e+03 2.008082914201843927e+00
3.730294355069094308e+03 1.811261750940253101e+00
3.730645375522191443e+03 1.448042151905277297e+00
3.730996395975289033e+03 1.038609563064603947e+00
3.731347416428387078e+03 6.880943361795444080e-01
3.731698436881485122e+03 4.492075552756988888e-01
3.732049457334582712e+03 3.089605193863959598e-01
3.732400477787679847e+03 2.266688870778923448e-01
3.732751498240777892e+03 1.740570453503894055e-01
3.733102518693876391e+03 1.407415362116413715e-01
3.733453539146973526e+03 1.228616166071214294e-01
3.733804559600071116e+03 1.155654200099335838e-01
3.734155580053169160e+03 1.143639187245467925e-01
3.734506600506267205e+03 1.166226836997609762e-01
3.734857620959364795e+03 1.198962274328645577e-01
3.735208641412461930e+03 1.213741497931009328e-01
3.735559661865559974e+03 1.192004759760945110e-01
3.735910682318658019e+03 1.131387651580818277e-01
3.736261702771755608e+03 1.045650171321159672e-01
3.736612723224852743e+03 9.605512926721826439e-02
3.736963743677951243e+03 8.982967137684363945e-02
3.737314764131049287e+03 8.643788254813844496e-02
3.737665784584146422e+03 8.517955563396255314e-02
3.738016805037244012e+03 8.519662250504489442e-02
3.738367825490342057e+03 8.592384873621317087e-02
3.738718845943440101e+03 8.702748842686888753e-02
3.739069866396537691e+03 8.831062977449966045e-02
3.739420886849634826e+03 8.968000540942201726e-02
3.739771907302733325e+03 9.108437630629620529e-02
3.740122927755831370e+03 9.244483133008946085e-02
3.740473948208928505e+03 9.367467640330007228e-02
3.740824968662026095e+03 9.474141018434831252e-02
3.741175989115124139e+03 9.564694075108244598e-02
3.741527009568222184e+03 9.638284022690116193e-02
3.741878030021319773e+03 9.693447749197653396e-02
3.742229050474416908e+03 9.729037710518664839e-02
3.742580070927515408e+03 9.744507948590733215e-02
3.742931091380613452e+03 9.740004238911237344e-02
3.743282111833710587e+03 9.715878392100768535e-02
3.743633132286808177e+03 9.672978966780468313e-02
3.743984152739906222e+03 9.612587752488602200e-02
3.744335173193004266e+03 9.535938951522487939e-02
3.744686193646101856e+03 9.444803226480794067e-02
3.745037214099198991e+03 9.341934977638657878e-02
3.745388234552297035e+03 9.229852448217303051e-02
3.745739255005395535e+03 9.110045193850900558e-02
3.746090275458492670e+03 8.984270355843204658e-02
3.746441295911590259e+03 8.855800772085131722e-02
3.746792316364688304e+03 8.728691248108276513e-02
3.747143336817786349e+03 8.601701030014394234e-02
3.747494357270883938e+03 8.467346050921165101e-02
3.747845377723981073e+03 8.331193210311833852e-02
3.748196398177079118e+03 8.220163105781305712e-02
3.748547418630177617e+03 8.158133270031028839e-02
3.748898439083274752e+03 8.165821515566465405e-02
3.749249459536372342e+03 8.294495892044834173e-02
3.749600479989470386e+03 8.637146530751049767e-02
3.749951500442568431e+03 9.282889618342411719e-02
3.750302520895666021e+03 1.020592971774434976e-01
3.750653541348763156e+03 1.117379322581867063e-01
3.751004561801861200e+03 1.185671418636798646e-01
3.751355582254959245e+03 1.204462419572372017e-01
3.751706602708056835e+03 1.167786421801095403e-01
3.752057623161153970e+03 1.085546833474935052e-01
3.752408643614252469e+03 9.939851390002608922e-02
3.752759664067350514e+03 9.321573068157226749e-02
3.753110684520447649e+03 9.066055731668190565e-02
3.753461704973545238e+03 9.030428768891697600e-02
3.753812725426643283e+03 9.101628647280043949e-02
3.754163745879741327e+03 9.226379539748506831e-02
3.754514766332838917e+03 9.375704558221417684e-02
3.754865786785936052e+03 9.522492592986253612e-02
3.755216807239034551e+03 9.627489692382382169e-02
3.755567827692132596e+03 9.501570577239409898e-02
3.755918848145229731e+03 8.730294155680824730e-02
3.756269868598327321e+03 7.299717762310020674e-02
3.756620889051425365e+03 6.255801058287518979e-02
3.756971909504523410e+03 6.734984366009000301e-02
3.757322929957621000e+03 8.194599015351085314e-02
3.757673950410718135e+03 9.406748746626911184e-02
3.758024970863816634e+03 1.005117000458257831e-01
3.758375991316914678e+03 1.029604981267877306e-01
3.758727011770011813e+03 1.036130709412744766e-01
3.759078032223109403e+03 1.038131552694990106e-01
3.759429052676207448e+03 1.039112599311995677e-01
3.759780073129305492e+03 1.040032940746066781e-01
3.760131093582403082e+03 1.040878208451109510e-01
3.760482114035500217e+03 1.041618502807634405e-01
3.760833134488598262e+03 1.042314533281331612e-01
3.761184154941696761e+03 1.042872297457172470e-01
3.761535175394793896e+03 1.043138601043622216e-01
3.761886195847891486e+03 1.042987576105443293e-01
3.762237216300989530e+03 1.042321088618826386e-01
3.762588236754087575e+03 1.041126026145130778e-01
3.762939257207185165e+03 1.039428394409984691e-01
3.763290277660282300e+03 1.037137687905518302e-01
3.763641298113380344e+03 1.034114052697364672e-01
3.763992318566478843e+03 1.030267548502892816e-01
3.764343339019575978e+03 1.025614698512190004e-01
3.764694359472673568e+03 1.020274754365514402e-01
3.765045379925771613e+03 1.014323034506557225e-01
3.765396400378869657e+03 1.007806063835657850e-01
3.765747420831967247e+03 1.000747828872836642e-01
3.766098441285064382e+03 9.930701934728872193e-02
3.766449461738162427e+03 9.847261072276397575e-02
3.766800482191260471e+03 9.757830664771985352e-02
3.767151502644358061e+03 9.663278312946771420e-02
3.767502523097455196e+03 9.564449509470226984e-02
3.767853543550553695e+03 9.463130067349362351e-02
3.768204564003651740e+03 9.363999071985334988e-02
3.768555584456748875e+03 9.276309280327355022e-02
3.768906604909846465e+03 9.215223055271251629e-02
3.769257625362944509e+03 9.214266519365374442e-02
3.769608645816042554e+03 9.343064170952908309e-02
3.769959666269140143e+03 9.698743888397615143e-02
3.770310686722237278e+03 1.038033417580981055e-01
3.770661707175335778e+03 1.142381916357029514e-01
3.771012727628433822e+03 1.264554712979331919e-01
3.771363748081530957e+03 1.362647903356702384e-01
3.771714768534628547e+03 1.399437539893398363e-01
3.772065788987726592e+03 1.364761260097513973e-01
3.772416809440824636e+03 1.274358385325667642e-01
3.772767829893922226e+03 1.159808856613044892e-01
3.773118850347019361e+03 1.055964608796741561e-01
3.773469870800117860e+03 9.874218961943787010e-02
3.773820891253215905e+03 9.570252389803532433e-02
3.774171911706313040e+03 9.512379009408358788e-02
3.774522932159410630e+03 9.568961884813578789e-02
3.774873952612508674e+03 9.676513977358784657e-02
3.775224973065606719e+03 9.808985270925124622e-02
3.775575993518704308e+03 9.952761315184646684e-02
3.775927013971801443e+03 1.009966371237346061e-01
3.776278034424899488e+03 1.024387448622987584e-01
3.776629054877997987e+03 1.038198027152017200e-01
3.776980075331095122e+03 1.051334502130381876e-01
3.777331095784192712e+03 1.063810819041203087e-01
3.777682116237290757e+03 1.075605015937839831e-01
3.778033136690388801e+03 1.086748459808905831e-01
3.778384157143486391e+03 1.097258254217880202e-01
3.778735177596583526e+03 1.107110705387335803e-01
3.779086198049681570e+03 1.116388139416809866e-01
3.779437218502780070e+03 1.125108722121659910e-01
3.779788238955877205e+03 1.133192417360465720e-01
3.780139259408974794e+03 1.140734040598800070e-01
3.780490279862072839e+03 1.147766773680301694e-01
3.780841300315170884e+03 1.154133914389264409e-01
3.781192320768268473e+03 1.159838220009592469e-01
3.781543341221365608e+03 1.164921466356739765e-01
3.781894361674463653e+03 1.169229742903814956e-01
3.782245382127561697e+03 1.172684399424883950e-01
3.782596402580659287e+03 1.175361013026031826e-01
3.782947423033756422e+03 1.177265928468188977e-01
3.783298443486854922e+03 1.178344322915653164e-01
3.783649463939952966e+03 1.178619934455094193e-01
3.784000484393050101e+03 1.178195465970863637e-01
3.784351504846147691e+03 1.177162396130212313e-01
3.784702525299245735e+03 1.175539893249395174e-01
3.785053545752343780e+03 1.173305806365224913e-01
3.785404566205441370e+03 1.170464377787501231e-01
3.785755586658538505e+03 1.167107282908490945e-01
3.786106607111637004e+03 1.163372151783291786e-01
3.786457627564735049e+03 1.159280815382959517e-01
3.786808648017832184e+03 1.154736978880103737e-01
3.787159668470929773e+03 1.149743525611369582e-01
3.787510688924027818e+03 1.144498031987552650e-01
3.787861709377125862e+03 1.139173116033290467e-01
3.788212729830223452e+03 1.133671478363521834e-01
3.788563750283320587e+03 1.127792522433201661e-01
3.788914770736419086e+03 1.121583576112986647e-01
3.789265791189517131e+03 1.115298091722108920e-01
3.789616811642614266e+03 1.108995554549629808e-01
3.789967832095711856e+03 1.102311016617004980e-01
3.790318852548809900e+03 1.094896326156046540e-01
3.790669873001907945e+03 1.086925361547946833e-01
3.791020893455005535e+03 1.078801291531785028e-01
3.791371913908102670e+03 1.070557453383120805e-01
3.791722934361200714e+03 1.061575912371677671e-01
3.792073954814299213e+03 1.051410126705317610e-01
3.792424975267396348e+03 1.040488743571239549e-01
3.792775995720493938e+03 1.029126093188253710e-01
3.793127016173591983e+03 1.017140523077491449e-01
3.793478036626690027e+03 1.004670860397955945e-01
3.793829057079787617e+03 9.920577120688403583e-02
3.794180077532884752e+03 9.792528537920161535e-02
3.794531097985982797e+03 9.658669562563181044e-02
3.794882118439081296e+03 9.512356222073714562e-02
3.795233138892178431e+03 9.354497487724545979e-02
3.795584159345276021e+03 9.205219455719637622e-02
3.795935179798374065e+03 9.086830177036200884e-02
3.796286200251472110e+03 9.016463238604882635e-02
3.796637220704569700e+03 9.043197548148171339e-02
3.796988241157666835e+03 9.283230381626046690e-02
3.797339261610764879e+03 9.885051738556902001e-02
3.797690282063862924e+03 1.091310043221829507e-01
3.798041302516960513e+03 1.230021297225170063e-01
3.798392322970057648e+03 1.381175780997827007e-01
3.798743343423156148e+03 1.492699737683471084e-01
3.799094363876254192e+03 1.510494364957810365e-01
3.799445384329351327e+03 1.428020908214673867e-01
3.799796404782448917e+03 1.290299272027969901e-01
3.800147425235546962e+03 1.149542870091031233e-01
3.800498445688645006e+03 1.034738617991322468e-01
3.800849466141742596e+03 9.610753788954981558e-02
3.801200486594839731e+03 9.294872543971316459e-02
3.801551507047938230e+03 9.254492458321306181e-02
3.801902527501036275e+03 9.332479542843917508e-02
3.802253547954133410e+03 9.452813470582339950e-02
3.802604568407231000e+03 9.602623467776538746e-02
3.802955588860329044e+03 9.776841356015522622e-02
3.803306609313427089e+03 9.961892344060307991e-02
3.803657629766524678e+03 1.014300933880861733e-01
3.804008650219621813e+03 1.030013280922684599e-01
3.804359670672720313e+03 1.042717409143184559e-01
3.804710691125818357e+03 1.054205567970185609e-01
3.805061711578915492e+03 1.065894268743344808e-01
3.805412732032013082e+03 1.077643039386329826e-01
3.805763752485111127e+03 1.089064495234190189e-01
3.806114772938209171e+03 1.099306402386858172e-01
3.806465793391306761e+03 1.107375858515677047e-01
3.806816813844403896e+03 1.113689784820199036e-01
3.807167834297501940e+03 1.119321235767077871e-01
3.807518854750600440e+03 1.124693860751811991e-01
3.807869875203697575e+03 1.129945910506172102e-01
3.808220895656795165e+03 1.135056133632487974e-01
3.808571916109893209e+03 1.139465839323741125e-01
3.808922936562991254e+03 1.142696362933987436e-01
3.809273957016088843e+03 1.144890207920577635e-01
3.809624977469185978e+03 1.146342066447156582e-01
3.809975997922284023e+03 1.147304380935117163e-01
3.810327018375382522e+03 1.148148775948171496e-01
3.810678038828479657e+03 1.148959981543746373e-01
3.811029059281577247e+03 1.149368354924810987e-01
3.811380079734675292e+03 1.149084481097692040e-01
3.811731100187773336e+03 1.148035356455545941e-01
3.812082120640870926e+03 1.146200509035646825e-01
3.812433141093968061e+03 1.143734473325041801e-01
3.812784161547066105e+03 1.140954355802533404e-01
3.813135182000164150e+03 1.138052738034657507e-01
3.813486202453261740e+03 1.135037926669079378e-01
3.813837222906358875e+03 1.131808189506704337e-01
3.814188243359457374e+03 1.128158304764564079e-01
3.814539263812555419e+03 1.123928543846928474e-01
3.814890284265652554e+03 1.119187856706448103e-01
3.815241304718750143e+03 1.114179428263408628e-01
3.815592325171848188e+03 1.109142502599450020e-01
3.815943345624946232e+03 1.104251370491803885e-01
3.816294366078043822e+03 1.099543926752860612e-01
3.816645386531140957e+03 1.094863099600196232e-01
3.816996406984239457e+03 1.090008685820503531e-01
3.817347427437337501e+03 1.084872850300057506e-01
3.817698447890434636e+03 1.079500617635495430e-01
3.818049468343532226e+03 1.074039223964626533e-01
3.818400488796630270e+03 1.068508057041106241e-01
3.818751509249728315e+03 1.062840268035105257e-01
3.819102529702825905e+03 1.057144284601558848e-01
3.819453550155923040e+03 1.051713348522435587e-01
3.819804570609021539e+03 1.046700078573448434e-01
3.820155591062119584e+03 1.041850833373042379e-01
3.820506611515216719e+03 1.037058440144179305e-01
3.820857631968314308e+03 1.032719035878444380e-01
3.821208652421412353e+03 1.029082710531570022e-01
3.821559672874510397e+03 1.026016705610707513e-01
3.821910693327607987e+03 1.023487722475560774e-01
3.822261713780705122e+03 1.021508464198929156e-01
3.822612734233803167e+03 1.019875016636493104e-01
3.822963754686901666e+03 1.018327395790119688e-01
3.823314775139998801e+03 1.016598395660272547e-01
3.823665795593096391e+03 1.014527749795042511e-01
3.824016816046194435e+03 1.012081091852590903e-01
3.824367836499292480e+03 1.009309663417764374e-01
3.824718856952390070e+03 1.006374446779835785e-01
3.825069877405487205e+03 1.002246258953833347e-01
3.825420897858585249e+03 9.943918697472869939e-02
3.825771918311683748e+03 9.687940738487746395e-02
3.826122938764780884e+03 9.001944041291251586e-02
3.826473959217878473e+03 7.836577101635511244e-02
3.826824979670976518e+03 6.514585542252199213e-02
3.827176000124074562e+03 5.291999332582859178e-02
3.827527020577172152e+03 3.560012087649461893e-02
3.827878041030269287e+03 1.444557049851529634e-02
3.828229061483367332e+03 2.929899863426117627e-03
3.828580081936465376e+03 3.003107408155209369e-03
3.828931102389562966e+03 1.457686633501252722e-02
3.829282122842660101e+03 3.475476506968008111e-02
3.829633143295758600e+03 4.947439573503513432e-02
3.829984163748856645e+03 5.946197301331083984e-02
3.830335184201953780e+03 7.169539426531312820e-02
3.830686204655051370e+03 8.216991008731716617e-02
3.831037225108149414e+03 8.714819178520932796e-02
3.831388245561247459e+03 8.782962536946679888e-02
3.831739266014345048e+03 8.683071361868680005e-02
3.832090286467442183e+03 8.548112443875345579e-02
3.832441306920540683e+03 8.403933577838880453e-02
3.832792327373638727e+03 8.259345257862113487e-02
3.833143347826735862e+03 8.124901821306199090e-02
3.833494368279833452e+03 8.024712330809946614e-02
3.833845388732931497e+03 8.000261027093420740e-02
3.834196409186029541e+03 8.124948565765749420e-02
3.834547429639127131e+03 8.540429254736295328e-02
3.834898450092224266e+03 9.474085128821305157e-02
3.835249470545322765e+03 1.110705813783666451e-01
3.835600490998420810e+03 1.328232501242689878e-01
3.835951511451517945e+03 1.538128590861521094e-01
3.836302531904615535e+03 1.664956400451757246e-01
3.836653552357713579e+03 1.662311368621857688e-01
3.837004572810811624e+03 1.528761614516103151e-01
3.837355593263909213e+03 1.316844384558527037e-01
3.837706613717006348e+03 1.107786772732698433e-01
3.838057634170104393e+03 9.534325439270679992e-02
3.838408654623202892e+03 8.628826168572106825e-02
3.838759675076300027e+03 8.221479956497583508e-02
3.839110695529397617e+03 8.109193993903671127e-02
3.839461715982495662e+03 8.143342366194640525e-02
3.839812736435593706e+03 8.248627518247828028e-02
3.840163756888691296e+03 8.389760788252198509e-02
3.840514777341788431e+03 8.549316882125809758e-02
3.840865797794886475e+03 8.715654690361740453e-02
3.841216818247984975e+03 8.879681525983110224e-02
3.841567838701082110e+03 9.039011155815060428e-02
3.841918859154179700e+03 9.196560098482284284e-02
3.842269879607277744e+03 9.353343458430667112e-02
3.842620900060375789e+03 9.507837346904822462e-02
3.842971920513473378e+03 9.657370886917449049e-02
3.843322940966570513e+03 9.797234220189904308e-02
3.843673961419668558e+03 9.928150190365250816e-02
3.844024981872766602e+03 1.006074873953528570e-01
3.844376002325864192e+03 1.019756615655935672e-01
3.844727022778961327e+03 1.032435391029264959e-01
3.845078043232059827e+03 1.043540844878065865e-01
3.845429063685157871e+03 1.054159939726135031e-01
3.845780084138255006e+03 1.064576930401244653e-01
3.846131104591352596e+03 1.073528673101850350e-01
3.846482125044450640e+03 1.080448066245631167e-01
3.846833145497548685e+03 1.085901923160131621e-01
3.847184165950646275e+03 1.090526448032753809e-01
3.847535186403743410e+03 1.094729386390819181e-01
3.847886206856841909e+03 1.098587182838582643e-01
3.848237227309939954e+03 1.101931791980681752e-01
3.848588247763037089e+03 1.104687126554977361e-01
3.848939268216134678e+03 1.106787469373782529e-01
3.849290288669232723e+03 1.108267872580941671e-01
3.849641309122330767e+03 1.109339141317743083e-01
3.849992329575428357e+03 1.110142172913434200e-01
3.850343350028525492e+03 1.110687079266955563e-01
3.850694370481623992e+03 1.110954245806799467e-01
3.851045390934722036e+03 1.110945527205727534e-01
3.851396411387819171e+03 1.110734429318606248e-01
3.851747431840916761e+03 1.110552550896603541e-01
3.852098452294014805e+03 1.110610384200562406e-01
3.852449472747112850e+03 1.110709113070630083e-01
3.852800493200210440e+03 1.110443534940560861e-01
3.853151513653307575e+03 1.109865795201682021e-01
3.853502534106405619e+03 1.109225912602963549e-01
3.853853554559504119e+03 1.108356955224555351e-01
3.854204575012601254e+03 1.106971496534546739e-01
3.854555595465698843e+03 1.104978030168363434e-01
3.854906615918796888e+03 1.102414752670303616e-01
3.855257636371894932e+03 1.099341919651316835e-01
3.855608656824992522e+03 1.095845854557341015e-01
3.855959677278089657e+03 1.092073782451045277e-01
3.856310697731187702e+03 1.088203938490121814e-01
3.856661718184286201e+03 1.084321218152311528e-01
3.857012738637383336e+03 1.080460093328927118e-01
3.857363759090480926e+03 1.076729117433459088e-01
3.857714779543578970e+03 1.073154589565673139e-01
3.858065799996677015e+03 1.069541899688295633e-01
3.858416820449774605e+03 1.065969611370586045e-01
3.858767840902871740e+03 1.063157624333115059e-01
3.859118861355969784e+03 1.061601793648979108e-01
3.859469881809067829e+03 1.060956375742389129e-01
3.859820902262165419e+03 1.060834767556969732e-01
3.860171922715262554e+03 1.061266612397123305e-01
3.860522943168361053e+03 1.062419987996899018e-01
3.860873963621459097e+03 1.064386473248623427e-01
3.861224984074556232e+03 1.067157505339031143e-01
3.861576004527653822e+03 1.070636918494340950e-01
3.861927024980751867e+03 1.074657659475714844e-01
3.862278045433849911e+03 1.078968996378219802e-01
3.862629065886947501e+03 1.083324711119797029e-01
3.862980086340044636e+03 1.087601675747786600e-01
3.863331106793143135e+03 1.091709254700387877e-01
3.863682127246241180e+03 1.095464028720675165e-01
3.864033147699338315e+03 1.098718526380862426e-01
3.864384168152435905e+03 1.101441024854008244e-01
3.864735188605533949e+03 1.103604605212221423e-01
3.865086209058631994e+03 1.105147894794024227e-01
3.865437229511729583e+03 1.106032980883816796e-01
3.865788249964826718e+03 1.106262724115948115e-01
3.866139270417925218e+03 1.105888268301096905e-01
3.866490290871023262e+03 1.105026086362488752e-01
3.866841311324120397e+03 1.103826370085909114e-01
3.867192331777217987e+03 1.102410117513369370e-01
3.867543352230316032e+03 1.100832511273786424e-01
3.867894372683414076e+03 1.099039735485414504e-01
3.868245393136511666e+03 1.096938211143012182e-01
3.868596413589608801e+03 1.094520150948730952e-01
3.868947434042706846e+03 1.091827275106564965e-01
3.869298454495805345e+03 1.088877235275275690e-01
3.869649474948902480e+03 1.085675493979557649e-01
3.870000495402000070e+03 1.082206222202737322e-01
3.870351515855098114e+03 1.078447153743204018e-01
3.870702536308196159e+03 1.074431035697066272e-01
3.871053556761293748e+03 1.070238192197443539e-01
3.871404577214390883e+03 1.065958848819607563e-01
3.871755597667488928e+03 1.061719601290351811e-01
3.872106618120587427e+03 1.057636043775680434e-01
3.872457638573684562e+03 1.053798793921285615e-01
3.872808659026782152e+03 1.050315411509356034e-01
3.873159679479880197e+03 1.047188114180136187e-01
3.873510699932978241e+03 1.044436831661741533e-01
3.873861720386075831e+03 1.042281310326883953e-01
3.874212740839172966e+03 1.040697865730654120e-01
3.874563761292271010e+03 1.039558789298053038e-01
3.874914781745369055e+03 1.039031289462725993e-01
3.875265802198466645e+03 1.038873409773730661e-01
3.875616822651563780e+03 1.038667243306571342e-01
3.875967843104662279e+03 1.038250405082901395e-01
3.876318863557760324e+03 1.037539091596933194e-01
3.876669884010857459e+03 1.036469536141523540e-01
3.877020904463955048e+03 1.035108004736413484e-01
3.877371924917053093e+03 1.033563087632839439e-01
3.877722945370151137e+03 1.031787809365398434e-01
3.878073965823248727e+03 1.029391826052657444e-01
3.878424986276345862e+03 1.026212068302684993e-01
3.878776006729444362e+03 1.022845749978622543e-01
3.879127027182542406e+03 1.019838520870582077e-01
3.879478047635639541e+03 1.016982817683262375e-01
3.879829068088737131e+03 1.013817118592041933e-01
3.880180088541835175e+03 1.010129708952286071e-01
3.880531108994933220e+03 1.005945237955068461e-01
3.880882129448030810e+03 1.001331272335620193e-01
3.881233149901127945e+03 9.963108995279976177e-02
3.881584170354226444e+03 9.909034355025862773e-02
3.881935190807324489e+03 9.850093765687872871e-02
3.882286211260421624e+03 9.784706800714440544e-02
3.882637231713519213e+03 9.714534492285309408e-02
3.882988252166617258e+03 9.644217345117558904e-02
3.883339272619715302e+03 9.575647578278886907e-02
3.883690293072812892e+03 9.503532480592656595e-02
3.884041313525910027e+03 9.418333129774358881e-02
3.884392333979008072e+03 9.318172655903131374e-02
3.884743354432106571e+03 9.213839793156178293e-02
3.885094374885203706e+03 9.113111198153471537e-02
3.885445395338301296e+03 9.008908445709842838e-02
3.885796415791399340e+03 8.892473810303000437e-02
3.886147436244497385e+03 8.771082854185469069e-02
3.886498456697594975e+03 8.672512696193643289e-02
3.886849477150692110e+03 8.649596426817653116e-02
3.887200497603790154e+03 8.798820761391390466e-02
3.887551518056888654e+03 9.295874184183942901e-02
3.887902538509985789e+03 1.046308494660825317e-01
3.888253558963083378e+03 1.280444551740608505e-01
3.888604579416181423e+03 1.677451711858778671e-01
3.888955599869279467e+03 2.223937655728119300e-01
3.889306620322377057e+03 2.808108801714221392e-01
3.889657640775474192e+03 3.245363987926616622e-01
3.890008661228572237e+03 3.370905916773160316e-01
3.890359681681670281e+03 3.137763557377809542e-01
3.890710702134767871e+03 2.651307501708043413e-01
3.891061722587865006e+03 2.097960655320846302e-01
3.891412743040963505e+03 1.617951778180616862e-01
3.891763763494061550e+03 1.261491325466763125e-01
3.892114783947158685e+03 1.032804337518737903e-01
3.892465804400256275e+03 9.163593842689787827e-02
3.892816824853354319e+03 8.746486917004842043e-02
3.893167845306452364e+03 8.677564989892701253e-02
3.893518865759549954e+03 8.735878418618528429e-02
3.893869886212647089e+03 8.840987279177028868e-02
3.894220906665745588e+03 8.959265149257757133e-02
3.894571927118843632e+03 9.073075642025887899e-02
3.894922947571940767e+03 9.176327692762004107e-02
3.895273968025038357e+03 9.269366604070586324e-02
3.895624988478136402e+03 9.354427051901144374e-02
3.895976008931234446e+03 9.433920054069314109e-02
3.896327029384332036e+03 9.509929835547298316e-02
3.896678049837429171e+03 9.583760944310612540e-02
3.897029070290527670e+03 9.655887487113831713e-02
3.897380090743625715e+03 9.726451242109290796e-02
3.897731111196722850e+03 9.795387432230000246e-02
3.898082131649820440e+03 9.861880532323930026e-02
3.898433152102918484e+03 9.924716453509435654e-02
3.898784172556016529e+03 9.981694370402044436e-02
3.899135193009114118e+03 1.003059184306133722e-01
3.899486213462211253e+03 1.007327804866902099e-01
3.899837233915309298e+03 1.011733098688948479e-01
3.900188254368407797e+03 1.016879321453408036e-01
3.900539274821504932e+03 1.022204588737953002e-01
3.900890295274602522e+03 1.026580808466596301e-01
3.901241315727700567e+03 1.030078985786995333e-01
3.901592336180798611e+03 1.033398505225253394e-01
3.901943356633896201e+03 1.036780930345550522e-01
3.902294377086993336e+03 1.040135093645377096e-01
3.902645397540091381e+03 1.043362938384600480e-01
3.902996417993189880e+03 1.046422514691361660e-01
3.903347438446287015e+03 1.049293606557187564e-01
3.903698458899384605e+03 1.051920114899584646e-01
3.904049479352482649e+03 1.054327632993329600e-01
3.904400499805580694e+03 1.056580952150158736e-01
3.904751520258678283e+03 1.058661103346116850e-01
3.905102540711775418e+03 1.060517447392999857e-01
3.905453561164873463e+03 1.062130495766836630e-01
3.905804581617971508e+03 1.063455673926824718e-01
3.906155602071069097e+03 1.064442327208669770e-01
3.906506622524166232e+03 1.065084472688066636e-01
3.906857642977264732e+03 1.065386878266482984e-01
3.907208663430362776e+03 1.065461729255993695e-01
3.907559683883459911e+03 1.065666038547126993e-01
3.907910704336557501e+03 1.066399920290946046e-01
3.908261724789655545e+03 1.067628737156050001e-01
3.908612745242753590e+03 1.068923340045357523e-01
3.908963765695851180e+03 1.070104186508608612e-01
3.909314786148948315e+03 1.071239655955080472e-01
3.909665806602046814e+03 1.072390547985359877e-01
3.910016827055144859e+03 1.073639375622497949e-01
3.910367847508241994e+03 1.075113560377544408e-01
3.910718867961339583e+03 1.076865126949523993e-01
3.911069888414437628e+03 1.078771071655672265e-01
3.911420908867535672e+03 1.080572768766817071e-01
3.911771929320633262e+03 1.082113686250756879e-01
3.912122949773730397e+03 1.083364981838121910e-01
3.912473970226828897e+03 1.084335474702172730e-01
3.912824990679926941e+03 1.085030621052299749e-01
3.913176011133024076e+03 1.085411784386797474e-01
3.913527031586121666e+03 1.085348270334763054e-01
3.913878052039219710e+03 1.084770512380390517e-01
3.914229072492317755e+03 1.083177343240355195e-01
3.914580092945415345e+03 1.079246200102447484e-01
3.914931113398512480e+03 1.070913190020774813e-01
3.915282133851610524e+03 1.033448180747188472e-01
3.915633154304709024e+03 9.346933485001748809e-02
3.915984174757806159e+03 7.903481752014121509e-02
3.916335195210903748e+03 6.283144733104562007e-02
3.916686215664001793e+03 5.297770556347015936e-02
3.917037236117099837e+03 5.915248374882549343e-02
3.917388256570197427e+03 7.707733930233656716e-02
3.917739277023294562e+03 9.378331412747689666e-02
3.918090297476392607e+03 1.026120223124921266e-01
3.918441317929491106e+03 1.050329539208689350e-01
3.918792338382588241e+03 1.051311448840322599e-01
3.919143358835685831e+03 1.048219021143561580e-01
3.919494379288783875e+03 1.044399198302355530e-01
3.919845399741881920e+03 1.040834865685091454e-01
3.920196420194979510e+03 1.037413450423774475e-01
3.920547440648076645e+03 1.034028337984432833e-01
3.920898461101174689e+03 1.030664564056788801e-01
3.921249481554272734e+03 1.027358092418833163e-01
3.921600502007370324e+03 1.024181014627624509e-01
3.921951522460467459e+03 1.021105372944179773e-01
3.922302542913565958e+03 1.018066143654460520e-01
3.922653563366664002e+03 1.015092753300755324e-01
3.923004583819761137e+03 1.012135051742197173e-01
3.923355604272858727e+03 1.008965315080147113e-01
3.923706624725956772e+03 1.005450872868166867e-01
3.924057645179054816e+03 1.001649286967490615e-01
3.924408665632152406e+03 9.976441961091112032e-02
3.924759686085249541e+03 9.931356957615009029e-02
3.925110706538348040e+03 9.874387529201703040e-02
3.925461726991446085e+03 9.806607697866867590e-02
3.925812747444543220e+03 9.740245663254573638e-02
3.926163767897640810e+03 9.680222686232684004e-02
3.926514788350738854e+03 9.619125553246334059e-02
3.926865808803836899e+03 9.549255194414144055e-02
3.927216829256934489e+03 9.469681554961753567e-02
3.927567849710031624e+03 9.383391820335865163e-02
3.927918870163130123e+03 9.293041258692083528e-02
3.928269890616228167e+03 9.199811680511238432e-02
3.928620911069325302e+03 9.104516561448146306e-02
3.928971931522422892e+03 9.007794354495246569e-02
3.929322951975520937e+03 8.910465152862930005e-02
3.929673972428618981e+03 8.813403809851100279e-02
3.930024992881716571e+03 8.717812278749671739e-02
3.930376013334813706e+03 8.626070398153748431e-02
3.930727033787911751e+03 8.541227506548257353e-02
3.931078054241010250e+03 8.461412027401182812e-02
3.931429074694107385e+03 8.377784942628177522e-02
3.931780095147204975e+03 8.287713228537466059e-02
3.932131115600303019e+03 8.204779580859977717e-02
3.932482136053401064e+03 8.141908840891856625e-02
3.932833156506498653e+03 8.095770121724135682e-02
3.933184176959595789e+03 8.056930920544842778e-02
3.933535197412693833e+03 8.022409097049076898e-02
3.933886217865792332e+03 7.994826507698954421e-02
3.934237238318889467e+03 7.977195690643222592e-02
3.934588258771987057e+03 7.971280824907878149e-02
3.934939279225085102e+03 7.977993988776380108e-02
3.935290299678183146e+03 7.997252174721661278e-02
3.935641320131280736e+03 8.027687805019349809e-02
3.935992340584377871e+03 8.068453842894435235e-02
3.936343361037475916e+03 8.119122743277112919e-02
3.936694381490573960e+03 8.178107526474041877e-02
3.937045401943671550e+03 8.244614518854967433e-02
3.937396422396768685e+03 8.320317360658233130e-02
3.937747442849867184e+03 8.404685144574777778e-02
3.938098463302965229e+03 8.492801577370537314e-02
3.938449483756062364e+03 8.581765433904507689e-02
3.938800504209159953e+03 8.673445108689406546e-02
3.939151524662257998e+03 8.769250916781595739e-02
3.939502545115356043e+03 8.867615329028583071e-02
3.939853565568453632e+03 8.966164800998280282e-02
3.940204586021550767e+03 9.064027918564847297e-02
3.940555606474649267e+03 9.161443288318349421e-02
3.940906626927747311e+03 9.256911698156317092e-02
3.941257647380844446e+03 9.347476593638470721e-02
3.941608667833942036e+03 9.432622482948817277e-02
3.941959688287040080e+03 9.514384423900804078e-02
3.942310708740138125e+03 9.593575117783623152e-02
3.942661729193235715e+03 9.667935161340537875e-02
3.943012749646332850e+03 9.734322772060377549e-02
3.943363770099431349e+03 9.793182639735811823e-02
3.943714790552529394e+03 9.847790183644157536e-02
3.944065811005626529e+03 9.898568958828291020e-02
3.944416831458724118e+03 9.943904380191029291e-02
3.944767851911822163e+03 9.987876060149725177e-02
3.945118872364920207e+03 1.003780908036034647e-01
3.945469892818017797e+03 1.009162837478943253e-01
3.945820913271114932e+03 1.013831079011171532e-01
3.946171933724212977e+03 1.017564196965840967e-01
3.946522954177311476e+03 1.021013758111575798e-01
3.946873974630408611e+03 1.024578455144158629e-01
3.947224995083506201e+03 1.028150740175541589e-01
3.947576015536604245e+03 1.031466479539486780e-01
3.947927035989702290e+03 1.034461037110412096e-01
3.948278056442799880e+03 1.037235879508423275e-01
3.948629076895897015e+03 1.039789018175627799e-01
3.948980097348995059e+03 1.042031124450032709e-01
3.949331117802093559e+03 1.043889846959687728e-01
3.949682138255190694e+03 1.045309866536914822e-01
3.950033158708288283e+03 1.046287571968356339e-01
3.950384179161386328e+03 1.046984000154812244e-01
3.950735199614484372e+03 1.047613968992813505e-01
3.951086220067581962e+03 1.048217526839444469e-01
3.951437240520679097e+03 1.048691576798795877e-01
3.951788260973777142e+03 1.048876462582323116e-01
3.952139281426875186e+03 1.048683150523789520e-01
3.952490301879972776e+03 1.048141141638945645e-01
3.952841322333069911e+03 1.047312313881577084e-01
3.953192342786168410e+03 1.046245308596917556e-01
3.953543363239266455e+03 1.045026210327614641e-01
3.953894383692363590e+03 1.043716885995107507e-01
3.954245404145461180e+03 1.042323021673982608e-01
3.954596424598559224e+03 1.040838784553274887e-01
3.954947445051657269e+03 1.039276758960427371e-01
3.955298465504754859e+03 1.037629041583540412e-01
3.955649485957851994e+03 1.035888238517746196e-01
3.956000506410950493e+03 1.034052730534183173e-01
3.956351526864048537e+03 1.032096724851256087e-01
3.956702547317145672e+03 1.029992228286886746e-01
3.957053567770243262e+03 1.027710859725265297e-01
3.957404588223341307e+03 1.025183461456047052e-01
3.957755608676439351e+03 1.022300340612769254e-01
3.958106629129536941e+03 1.018939686994906335e-01
3.958457649582634076e+03 1.015004855213095802e-01
3.958808670035732575e+03 1.010404226845972031e-01
3.959159690488830620e+03 1.004936898276122953e-01
3.959510710941927755e+03 9.984489284295755551e-02
3.959861731395025345e+03 9.911653924623817224e-02
3.960212751848123389e+03 9.833488089791937725e-02
3.960563772301221434e+03 9.747428670181178256e-02
3.960914792754319024e+03 9.649680362168124026e-02
3.961265813207416159e+03 9.541188130475200535e-02
3.961616833660514203e+03 9.424940153522032293e-02
3.961967854113612702e+03 9.301005675698420516e-02
3.962318874566709837e+03 9.167094244205310771e-02
3.962669895019807427e+03 9.023837056910961885e-02
3.963020915472905472e+03 8.879796656801897115e-02
3.963371935926003516e+03 8.748029177436109083e-02
3.963722956379101106e+03 8.641594722447901167e-02
3.964073976832198241e+03 8.581929401587876094e-02
3.964424997285296286e+03 8.599940123910213008e-02
3.964776017738394785e+03 8.702908726790502258e-02
3.965127038191491920e+03 8.837587500748447789e-02
3.965478058644589510e+03 8.909841900340656484e-02
3.965829079097687554e+03 8.850722665443644388e-02
3.966180099550785599e+03 8.635981228637173990e-02
3.966531120003883188e+03 8.249204142031676956e-02
3.966882140456980324e+03 7.722518391672469895e-02
3.967233160910078368e+03 7.204627932555757175e-02
3.967584181363176413e+03 6.841987097691469566e-02
3.967935201816274002e+03 6.650334684388188589e-02
3.968286222269371137e+03 6.607752006085915175e-02
3.968637242722469637e+03 6.773985668131526916e-02
3.968988263175567681e+03 7.339548752548366584e-02
3.969339283628664816e+03 8.668318134972366473e-02
3.969690304081762406e+03 1.120831541449798519e-01
3.970041324534860451e+03 1.512209872956087053e-01
3.970392344987958495e+03 1.980122252583229048e-01
3.970743365441056085e+03 2.388581388012252504e-01
3.971094385894153220e+03 2.611308101604819520e-01
3.971445406347251719e+03 2.581330884656626301e-01
3.971796426800349764e+03 2.272400104708131585e-01
3.972147447253446899e+03 1.770583643152431330e-01
3.972498467706544488e+03 1.295325956836808068e-01
3.972849488159642533e+03 9.942817519153722416e-02
3.973200508612740578e+03 8.434874877834987184e-02
3.973551529065838167e+03 7.724176710420299630e-02
3.973902549518935302e+03 7.438776162458676788e-02
3.974253569972033802e+03 7.406017431331851641e-02
3.974604590425131846e+03 7.512679714992787083e-02
3.974955610878228981e+03 7.689491764648807848e-02
3.975306631331326571e+03 7.895668810933970105e-02
3.975657651784424615e+03 8.102821004924773418e-02
3.976008672237522660e+03 8.297302927689517715e-02
3.976359692690620250e+03 8.479719708481657514e-02
3.976710713143717385e+03 8.652371905587386003e-02
3.977061733596815429e+03 8.814266555543809334e-02
3.977412754049913929e+03 8.964780055093424238e-02
3.977763774503011064e+03 9.105014301283848033e-02
3.978114794956108653e+03 9.238825524634232400e-02
3.978465815409206698e+03 9.369532344211992103e-02
3.978816835862304742e+03 9.495174639328567145e-02
3.979167856315402332e+03 9.610935715564769555e-02
3.979518876768499467e+03 9.713858964385109485e-02
3.979869897221597512e+03 9.806065992837438572e-02
3.980220917674696011e+03 9.892098601913684730e-02
3.980571938127793146e+03 9.971756607883977552e-02
3.980922958580890736e+03 1.004274494961874264e-01
3.981273979033988780e+03 1.010675380184683086e-01
3.981624999487086825e+03 1.016478882035094511e-01
3.981976019940184415e+03 1.021552134985723448e-01
3.982327040393281550e+03 1.025975327754514721e-01
3.982678060846379594e+03 1.029943115232961615e-01
3.983029081299477639e+03 1.033582026618692362e-01
3.983380101752575229e+03 1.037004091247953341e-01
3.983731122205672364e+03 1.040272325850621071e-01
3.984082142658770863e+03 1.043393361255472440e-01
3.984433163111868907e+03 1.046354454655791244e-01
3.984784183564966042e+03 1.049153106638894412e-01
3.985135204018063632e+03 1.051818496866370189e-01
3.985486224471161677e+03 1.054367535617809770e-01
3.985837244924259721e+03 1.056770924424314945e-01
3.986188265377357311e+03 1.058966596962947759e-01
3.986539285830454446e+03 1.060916861311696213e-01
3.986890306283552945e+03 1.062689115614130486e-01
3.987241326736650990e+03 1.064400533344740801e-01
3.987592347189748125e+03 1.066121561368846560e-01
3.987943367642845715e+03 1.067877953719399697e-01
3.988294388095943759e+03 1.069662199532046276e-01
3.988645408549041804e+03 1.071434206600717920e-01
3.988996429002139394e+03 1.073143564515668946e-01
3.989347449455236529e+03 1.074719357984030566e-01
3.989698469908335028e+03 1.076065046917481366e-01
3.990049490361433072e+03 1.077096444441299483e-01
3.990400510814530207e+03 1.077811616945202056e-01
3.990751531267627797e+03 1.078341402975206420e-01
3.991102551720725842e+03 1.078848810597208829e-01
3.991453572173823886e+03 1.079265554875193378e-01
3.991804592626921476e+03 1.079320117582644178e-01
3.992155613080018611e+03 1.078859395986961900e-01
3.992506633533116656e+03 1.077946101954343622e-01
3.992857653986215155e+03 1.076736733113959621e-01
3.993208674439312290e+03 1.075383875213882512e-01
3.993559694892409880e+03 1.073986119421426882e-01
3.993910715345507924e+03 1.072559494908994354e-01
3.994261735798605969e+03 1.071098195934724884e-01
3.994612756251703559e+03 1.069581338532006320e-01
3.994963776704800694e+03 1.068015201051289581e-01
3.995314797157898738e+03 1.066653198770835254e-01
3.995665817610997237e+03 1.065874251975693215e-01
3.996016838064094372e+03 1.065693018734459041e-01
3.996367858517191962e+03 1.065787225331418786e-01
3.996718878970290007e+03 1.065920450897005489e-01
3.997069899423388051e+03 1.066036097236090496e-01
3.997420919876485641e+03 1.066126592690814501e-01
3.997771940329582776e+03 1.066186346349428660e-01
3.998122960782680821e+03 1.066252794667318371e-01
3.998473981235778865e+03 1.066368395163896227e-01
3.998825001688876455e+03 1.066503160789344651e-01
3.999176022141973590e+03 1.066607330186719327e-01
3.999527042595072089e+03 1.066671818058747001e-01
3.999878063048170134e+03 1.066693809646709484e-01
4.000229083501267269e+03 1.066695997084836922e-01
4.000580103954364859e+03 1.066730131430975864e-01
4.000931124407462903e+03 1.066810552138257595e-01
4.001282144860560948e+03 1.066934409842539844e-01
4.001633165313658537e+03 1.067127809180020703e-01
4.001984185766755672e+03 1.067415326304623074e-01
4.002335206219854172e+03 1.067759732062992239e-01
4.002686226672952216e+03 1.068093940268945996e-01
4.003037247126049351e+03 1.068361323727439055e-01
4.003388267579146941e+03 1.068520469023860192e-01
4.003739288032244986e+03 1.068627244101306994e-01
4.004090308485343030e+03 1.068741668964785785e-01
4.004441328938440620e+03 1.068795354892841942e-01
4.004792349391537755e+03 1.068721426526288432e-01
4.005143369844636254e+03 1.068462332563013817e-01
4.005494390297734299e+03 1.067962899622915685e-01
4.005845410750831434e+03 1.067360540039571093e-01
4.006196431203929023e+03 1.066756810591182048e-01
4.006547451657027068e+03 1.065450462515374896e-01
4.006898472110125113e+03 1.061013837002352522e-01
4.007249492563222702e+03 1.043777623657693443e-01
4.007600513016319837e+03 9.839299586826923127e-02
4.007951533469417882e+03 8.662062387202942859e-02
4.008302553922516381e+03 7.853353740085386447e-02
4.008653574375613516e+03 8.448902112420575428e-02
4.009004594828711106e+03 9.624922893413312419e-02
4.009355615281809150e+03 1.033983810556212690e-01
4.009706635734907195e+03 1.057123477651452648e-01
4.010057656188004785e+03 1.062262922134127596e-01
4.010408676641101920e+03 1.064006635148884716e-01
4.010759697094199964e+03 1.065529566388039862e-01
4.011110717547298464e+03 1.067404498622694514e-01
4.011461738000395599e+03 1.069483760912726539e-01
4.011812758453493188e+03 1.071652827173137923e-01
4.012163778906591233e+03 1.073926335902977702e-01
4.012514799359689277e+03 1.076257619821419653e-01
4.012865819812786867e+03 1.078480242377605203e-01
4.013216840265884002e+03 1.080474304423165444e-01
4.013567860718982047e+03 1.082191561692979337e-01
4.013918881172080091e+03 1.083635852099982533e-01
4.014269901625177681e+03 1.084837241334590530e-01
4.014620922078274816e+03 1.085817714409085533e-01
4.014971942531373315e+03 1.086589239601666590e-01
4.015322962984471360e+03 1.087113599446672546e-01
4.015673983437568495e+03 1.087309271420560386e-01
4.016025003890666085e+03 1.087099819497084341e-01
4.016376024343764129e+03 1.086445307931736548e-01
4.016727044796862174e+03 1.085407128593510462e-01
4.017078065249959764e+03 1.084153997496900279e-01
4.017429085703056899e+03 1.082769434067191450e-01
4.017780106156155398e+03 1.081137462202590993e-01
4.018131126609253442e+03 1.079080297793371945e-01
4.018482147062350577e+03 1.076544837731150117e-01
4.018833167515448167e+03 1.073562483354242036e-01
4.019184187968546212e+03 1.070179799189356074e-01
4.019535208421644256e+03 1.066581934467460413e-01
4.019886228874741846e+03 1.062941897742447905e-01
4.020237249327838981e+03 1.059173365950373535e-01
4.020588269780937480e+03 1.055155179057492842e-01
4.020939290234035525e+03 1.051051651569343826e-01
4.021290310687132660e+03 1.047255677477379188e-01
4.021641331140230250e+03 1.044036942003975232e-01
4.021992351593328294e+03 1.041262430339784939e-01
4.022343372046426339e+03 1.038617922938267213e-01
4.022694392499523929e+03 1.035935116008956380e-01
4.023045412952621064e+03 1.033232754559643973e-01
4.023396433405719108e+03 1.030627080734669854e-01
4.023747453858817607e+03 1.028290639852641464e-01
4.024098474311914742e+03 1.026526092321600192e-01
4.024449494765012332e+03 1.025977080053203649e-01
4.024800515218110377e+03 1.027920372694865470e-01
4.025151535671208421e+03 1.034828141739490143e-01
4.025502556124306011e+03 1.051255143662145758e-01
4.025853576577403146e+03 1.083419981094669304e-01
4.026204597030501191e+03 1.133734226786366484e-01
4.026555617483599690e+03 1.193148654216866916e-01
4.026906637936696825e+03 1.243045332517262597e-01
4.027257658389794415e+03 1.266842844516049282e-01
4.027608678842892459e+03 1.257235278522058075e-01
4.027959699295990504e+03 1.216342783885848849e-01
4.028310719749088094e+03 1.156635358920961587e-01
4.028661740202185229e+03 1.097694841510090391e-01
4.029012760655283273e+03 1.054336276902857750e-01
4.029363781108381318e+03 1.029238860445203518e-01
4.029714801561478907e+03 1.017289861634267101e-01
4.030065822014576042e+03 1.012800611735790446e-01
4.030416842467674542e+03 1.012245514582767458e-01
4.030767862920772586e+03 1.013751679223149904e-01
4.031118883373869721e+03 1.016252415928158709e-01
4.031469903826967311e+03 1.019113532057641797e-01
4.031820924280065356e+03 1.021996373431019178e-01
4.032171944733163400e+03 1.024749477881643223e-01
4.032522965186260990e+03 1.027302769356308876e-01
4.032873985639358125e+03 1.029617901572311145e-01
4.033225006092456624e+03 1.031698819172989917e-01
4.033576026545554669e+03 1.033586113838111387e-01
4.033927046998651804e+03 1.035302144212088549e-01
4.034278067451749394e+03 1.036865973592983325e-01
4.034629087904847438e+03 1.038333764228503431e-01
4.034980108357945483e+03 1.039761191223070591e-01
4.035331128811043072e+03 1.041194740662922114e-01
4.035682149264140207e+03 1.042679594552959332e-01
4.036033169717238707e+03 1.044225351996560108e-01
4.036384190170336751e+03 1.045843573723077569e-01
4.036735210623433886e+03 1.047572619921824377e-01
4.037086231076531476e+03 1.049426172877407082e-01
4.037437251529629521e+03 1.051390201029871463e-01
4.037788271982727565e+03 1.053435586236556448e-01
4.038139292435825155e+03 1.055518074387706562e-01
4.038490312888922290e+03 1.057570249461767115e-01
4.038841333342020334e+03 1.059497601458525146e-01
4.039192353795118834e+03 1.061207197508493710e-01
4.039543374248215969e+03 1.062637637775907806e-01
4.039894394701313558e+03 1.063740624680600683e-01
4.040245415154411603e+03 1.064463917047630548e-01
4.040596435607509648e+03 1.064758668159449528e-01
4.040947456060607237e+03 1.064580690482948011e-01
4.041298476513704372e+03 1.063903929045779406e-01
4.041649496966802417e+03 1.062740748087450671e-01
4.042000517419900916e+03 1.061137480515434994e-01
4.042351537872998051e+03 1.059207901242872757e-01
4.042702558326095641e+03 1.057148257625935006e-01
4.043053578779193685e+03 1.055110502607309736e-01
4.043404599232291730e+03 1.053102523185135281e-01
4.043755619685389320e+03 1.051056789876289310e-01
4.044106640138486455e+03 1.048957558954794478e-01
4.044457660591584499e+03 1.046843925027294703e-01
4.044808681044682544e+03 1.044720815449030060e-01
4.045159701497780134e+03 1.042664183553324714e-01
4.045510721950877269e+03 1.040919859240656276e-01
4.045861742403975768e+03 1.039625990220673646e-01
4.046212762857073812e+03 1.038636071183300091e-01
4.046563783310170948e+03 1.037744409230565157e-01
4.046914803763268537e+03 1.036880355627080308e-01
4.047265824216366582e+03 1.036068818078505760e-01
4.047616844669464626e+03 1.035321979046232022e-01
4.047967865122562216e+03 1.034620520180303399e-01
4.048318885575659351e+03 1.033948590137004631e-01
4.048669906028757850e+03 1.033364966300209242e-01
4.049020926481855895e+03 1.033004288275161803e-01
4.049371946934953030e+03 1.032954560306967029e-01
4.049722967388050620e+03 1.033187068181384283e-01
4.050073987841148664e+03 1.033602172076406311e-01
4.050425008294246709e+03 1.034159816479676697e-01
4.050776028747344299e+03 1.034902950312473618e-01
4.051127049200441434e+03 1.035862505626587715e-01
4.051478069653539933e+03 1.037015452085056355e-01
4.051829090106637977e+03 1.038299732793135505e-01
4.052180110559735112e+03 1.039633146600469904e-01
4.052531131012832702e+03 1.040972381996707885e-01
4.052882151465930747e+03 1.042308113362586247e-01
4.053233171919028791e+03 1.043624581128014261e-01
4.053584192372126381e+03 1.044907564418980500e-01
4.053935212825223516e+03 1.046149207106324974e-01
4.054286233278321561e+03 1.047344680705258047e-01
4.054637253731420060e+03 1.048491857325180854e-01
4.054988274184517195e+03 1.049589358334560157e-01
4.055339294637614785e+03 1.050641626907727749e-01
4.055690315090712829e+03 1.051650936757743821e-01
4.056041335543810874e+03 1.052594281832743006e-01
4.056392355996908464e+03 1.053432098468258804e-01
4.056743376450005599e+03 1.054112551365082584e-01
4.057094396903103643e+03 1.054561711080153757e-01
4.057445417356202142e+03 1.054701969609823653e-01
4.057796437809299277e+03 1.054478487583089957e-01
4.058147458262396867e+03 1.053857863693892782e-01
4.058498478715494912e+03 1.052824388204615380e-01
4.058849499168592956e+03 1.051423732084439677e-01
4.059200519621690546e+03 1.049775458301628744e-01
4.059551540074787681e+03 1.047981116642133642e-01
4.059902560527885726e+03 1.046048780564532155e-01
4.060253580980983770e+03 1.043955253086565615e-01
4.060604601434081360e+03 1.041791785339203913e-01
4.060955621887178495e+03 1.039740256697322812e-01
4.061306642340276994e+03 1.037872397138815683e-01
4.061657662793375039e+03 1.036152032923097766e-01
4.062008683246472174e+03 1.034618699544556653e-01
4.062359703699569764e+03 1.033362133169411778e-01
4.062710724152667808e+03 1.032360416117261703e-01
4.063061744605765853e+03 1.031527774636757516e-01
4.063412765058863442e+03 1.030822190494158352e-01
4.063763785511960577e+03 1.030208586980212171e-01
4.064114805965059077e+03 1.029615945221009216e-01
4.064465826418157121e+03 1.028981266578924969e-01
4.064816846871254256e+03 1.028256829298569985e-01
4.065167867324351846e+03 1.027432644761843983e-01
4.065518887777449891e+03 1.026581514122716365e-01
4.065869908230547935e+03 1.025790631594125091e-01
4.066220928683645525e+03 1.025057265791561034e-01
4.066571949136742660e+03 1.024327599799089161e-01
4.066922969589841159e+03 1.023605062261442461e-01
4.067273990042939204e+03 1.022971706696295668e-01
4.067625010496036339e+03 1.022516910524114003e-01
4.067976030949133929e+03 1.022294131628608410e-01
4.068327051402231973e+03 1.022315639864505715e-01
4.068678071855330018e+03 1.022552250452243155e-01
4.069029092308427607e+03 1.022953146066682556e-01
4.069380112761524742e+03 1.023452665727249411e-01
4.069731133214622787e+03 1.023966564613347785e-01
4.070082153667721286e+03 1.024400232811784606e-01
4.070433174120818421e+03 1.024658048079225281e-01
4.070784194573916011e+03 1.024662980338562485e-01
4.071135215027014056e+03 1.024368543430447254e-01
4.071486235480112100e+03 1.023753474840033845e-01
4.071837255933209690e+03 1.022825862090864235e-01
4.072188276386306825e+03 1.021601919833692584e-01
4.072539296839404869e+03 1.020089113566565037e-01
4.072890317292503369e+03 1.018303703619229394e-01
4.073241337745600504e+03 1.016295062530498949e-01
4.073592358198698093e+03 1.014152901857192507e-01
4.073943378651796138e+03 1.011982413343272408e-01
4.074294399104894183e+03 1.009856479122991091e-01
4.074645419557991772e+03 1.007822235745451517e-01
4.074996440011088907e+03 1.005922602395188797e-01
4.075347460464186952e+03 1.004175312231444239e-01
4.075698480917284996e+03 1.002647837872830683e-01
4.076049501370382586e+03 1.001527926996765017e-01
4.076400521823479721e+03 1.000968837256178412e-01
4.076751542276578220e+03 1.000946806335682171e-01
4.077102562729676265e+03 1.001323365047307734e-01
4.077453583182773400e+03 1.001932531677217908e-01
4.077804603635870990e+03 1.002606816695066627e-01
4.078155624088969034e+03 1.003204784504405644e-01
4.078506644542067079e+03 1.003689784884622127e-01
4.078857664995164669e+03 1.004151275611883387e-01
4.079208685448261804e+03 1.004694023413768428e-01
4.079559705901360303e+03 1.005329727149896213e-01
4.079910726354458347e+03 1.005974289776480901e-01
4.080261746807555483e+03 1.006521293376934911e-01
4.080612767260653072e+03 1.006940669540214162e-01
4.080963787713751117e+03 1.007294993198459554e-01
4.081314808166849161e+03 1.007693071330820339e-01
4.081665828619946751e+03 1.008264401922611686e-01
4.082016849073043886e+03 1.009111301864141497e-01
4.082367869526142385e+03 1.010232610992408131e-01
4.082718889979240430e+03 1.011544741139008829e-01
4.083069910432337565e+03 1.012934702929940978e-01
4.083420930885435155e+03 1.014277068231710099e-01
4.083771951338533199e+03 1.015486736820761238e-01
4.084122971791631244e+03 1.016683229977449754e-01
4.084473992244728834e+03 1.018106785338024622e-01
4.084825012697825969e+03 1.019770697361737782e-01
4.085176033150924013e+03 1.021467420571393753e-01
4.085527053604022512e+03 1.023049167252411823e-01
4.085878074057119647e+03 1.024383455844279228e-01
4.086229094510217237e+03 1.025371945897167458e-01
4.086580114963315282e+03 1.025972202788338061e-01
4.086931135416413326e+03 1.026118863378323587e-01
4.087282155869510916e+03 1.025774049390871800e-01
4.087633176322608051e+03 1.025195983060435412e-01
4.087984196775706096e+03 1.024895106721819826e-01
4.088335217228804595e+03 1.024904463461578097e-01
4.088686237681901730e+03 1.024735113051775115e-01
4.089037258134999320e+03 1.024065461304041746e-01
4.089388278588097364e+03 1.022933589269988536e-01
4.089739299041195409e+03 1.021737284172171689e-01
4.090090319494292999e+03 1.020894146725349894e-01
4.090441339947390134e+03 1.020262643369327094e-01
4.090792360400488178e+03 1.019427012027785129e-01
4.091143380853586223e+03 1.018111197204705221e-01
4.091494401306683812e+03 1.016180929434636060e-01
4.091845421759780947e+03 1.013640835959237207e-01
4.092196442212879447e+03 1.010492470394577236e-01
4.092547462665977491e+03 1.006982643401245769e-01
4.092898483119074626e+03 1.003720103188474322e-01
4.093249503572172216e+03 1.000607444922373690e-01
4.093600524025270261e+03 9.969883409539775920e-02
4.093951544478368305e+03 9.925643384325599783e-02
4.094302564931465895e+03 9.875536744891041940e-02
4.094653585384563030e+03 9.821990641847411219e-02
4.095004605837661529e+03 9.764343669444054685e-02
4.095355626290759574e+03 9.701840078529458400e-02
4.095706646743856709e+03 9.639894792422734615e-02
4.096057667196953844e+03 9.585416039970165447e-02
4.096408687650052343e+03 9.537195330112842317e-02
4.096759708103150842e+03 9.488309569158101531e-02
4.097110728556247523e+03 9.433555233801962925e-02
4.097461749009345112e+03 9.371612856122013557e-02
4.097812769462443612e+03 9.299445421342358853e-02
4.098163789915541201e+03 9.207041484720909774e-02
4.098514810368638791e+03 9.090510527218004233e-02
4.098865830821736381e+03 8.972129321234920130e-02
4.099216851274833971e+03 8.888353379726020298e-02
4.099567871727932470e+03 8.875828077223436863e-02
4.099918892181030060e+03 9.004778078225503246e-02
4.100269912634127650e+03 9.421809076958909124e-02
4.100620933087225239e+03 1.038881470345906499e-01
4.100971953540323739e+03 1.237128018230942983e-01
4.101322973993421328e+03 1.601890210167674078e-01
4.101673994446518009e+03 2.171082559893495190e-01
4.102025014899616508e+03 2.879953336069656089e-01
4.102376035352715007e+03 3.540489911382712074e-01
4.102727055805811688e+03 3.938795431878671649e-01
4.103078076258909277e+03 3.945855574059433657e-01
4.103429096712007777e+03 3.538663792742091085e-01
4.103780117165105366e+03 2.837649874343112222e-01
4.104131137618202956e+03 2.098398119008335616e-01
4.104482158071300546e+03 1.531880086025210752e-01
4.104833178524398136e+03 1.184088935456677483e-01
4.105184198977496635e+03 1.000738886311258596e-01
4.105535219430594225e+03 9.142568459551529692e-02
4.105886239883691815e+03 8.772017207476884293e-02
4.106237260336789404e+03 8.652059736426943870e-02
4.106588280789887904e+03 8.667137326145786524e-02
4.106939301242984584e+03 8.746283441360200306e-02
4.107290321696082174e+03 8.843594462146012192e-02
4.107641342149180673e+03 8.937166893350112495e-02
4.107992362602278263e+03 9.021078860958095524e-02
4.108343383055375853e+03 9.095902550126869213e-02
4.108694403508473442e+03 9.164867505526763658e-02
4.109045423961571942e+03 9.231955678720051017e-02
4.109396444414669531e+03 9.298557485167514847e-02
4.109747464867767121e+03 9.362688041623171142e-02
4.110098485320864711e+03 9.422886742233621549e-02
4.110449505773962301e+03 9.479523409555232205e-02
4.110800526227060800e+03 9.532404903391619722e-02
4.111151546680158390e+03 9.582254432374298636e-02
4.111502567133255070e+03 9.632938385839276418e-02
4.111853587586353569e+03 9.686063925799767715e-02
4.112204608039452069e+03 9.736450830166704096e-02
4.112555628492548749e+03 9.778835614251088493e-02
4.112906648945646339e+03 9.813437630502608311e-02
4.113257669398744838e+03 9.841991237272898485e-02
4.113608689851842428e+03 9.864994543129133875e-02
4.113959710304940018e+03 9.883189005630579893e-02
4.114310730758037607e+03 9.898268458716730223e-02
4.114661751211135197e+03 9.911548841335636462e-02
4.115012771664233696e+03 9.922012275503111489e-02
4.115363792117331286e+03 9.928538890600650813e-02
4.115714812570428876e+03 9.934560403237405191e-02
4.116065833023526466e+03 9.942207595271514153e-02
4.116416853476624965e+03 9.950055166475349488e-02
4.116767873929722555e+03 9.956946349746129132e-02
4.117118894382819235e+03 9.962479978432249583e-02
4.117469914835917734e+03 9.966241278817111748e-02
4.117820935289016234e+03 9.968959420301284902e-02
4.118171955742112914e+03 9.973363671407341202e-02
4.118522976195210504e+03 9.981531964963830106e-02
4.118873996648309003e+03 9.991326145201451236e-02
4.119225017101406593e+03 9.999703496436970762e-02
4.119576037554504182e+03 1.000649751605830057e-01
4.119927058007601772e+03 1.001384476620368613e-01
4.120278078460699362e+03 1.002367460102932123e-01
4.120629098913797861e+03 1.003590603362821132e-01
4.120980119366895451e+03 1.004955413321731994e-01
4.121331139819993041e+03 1.006408823360469273e-01
4.121682160273090631e+03 1.007929888034238552e-01
4.122033180726189130e+03 1.009498108325396770e-01
4.122384201179285810e+03 1.011084879122385871e-01
4.122735221632383400e+03 1.012654909869178388e-01
4.123086242085481899e+03 1.014134550095145415e-01
4.123437262538579489e+03 1.015396358842913238e-01
4.123788282991677079e+03 1.016322183533421575e-01
4.124139303444774669e+03 1.016926299574283793e-01
4.124490323897873168e+03 1.017391910167727009e-01
4.124841344350970758e+03 1.017817964913122208e-01
4.125192364804068347e+03 1.018046718826003949e-01
4.125543385257165937e+03 1.017916928359437478e-01
4.125894405710263527e+03 1.017358856334290435e-01
4.126245426163362026e+03 1.016363600255026090e-01
4.126596446616459616e+03 1.015179321010525049e-01
4.126947467069556296e+03 1.014276799660483175e-01
4.127298487522654796e+03 1.013787769819750190e-01
4.127649507975753295e+03 1.013398102593754124e-01
4.128000528428849975e+03 1.012834551424766499e-01
4.128351548881947565e+03 1.012035583617331147e-01
4.128702569335046064e+03 1.011032784398051276e-01
4.129053589788143654e+03 1.009894005083383506e-01
4.129404610241241244e+03 1.008686694067449374e-01
4.129755630694338834e+03 1.007427522317484170e-01
4.130106651147436423e+03 1.006083486537349692e-01
4.130457671600534923e+03 1.004593874544957022e-01
4.130808692053632512e+03 1.002934002722950524e-01
4.131159712506730102e+03 1.001136318073294340e-01
4.131510732959827692e+03 9.992621561090209159e-02
4.131861753412926191e+03 9.973780241431687288e-02
4.132212773866023781e+03 9.955234944224744531e-02
4.132563794319120461e+03 9.937097625359267439e-02
4.132914814772218961e+03 9.919316796204330489e-02
4.133265835225317460e+03 9.902506944441988312e-02
4.133616855678414140e+03 9.887014421662820851e-02
4.133967876131511730e+03 9.871736622478513579e-02
4.134318896584610229e+03 9.857259231753270901e-02
4.134669917037707819e+03 9.846459219726144685e-02
4.135020937490805409e+03 9.838986308912051060e-02
4.135371957943902999e+03 9.832019454084701959e-02
4.135722978397000588e+03 9.824149838847337501e-02
4.136073998850099088e+03 9.816543148023859633e-02
4.136425019303196677e+03 9.810707014442851537e-02
4.136776039756294267e+03 9.806266901006112369e-02
4.137127060209391857e+03 9.802390607796093724e-02
4.137478080662490356e+03 9.798992849546198092e-02
4.137829101115587036e+03 9.796103163276677350e-02
4.138180121568684626e+03 9.793549742424792481e-02
4.138531142021783126e+03 9.791528742276861541e-02
4.138882162474880715e+03 9.790493998925368924e-02
4.139233182927978305e+03 9.790451261664975813e-02
4.139584203381075895e+03 9.791097737822410108e-02
4.139935223834174394e+03 9.792017490726644124e-02
4.140286244287271984e+03 9.792963386008279869e-02
4.140637264740369574e+03 9.794053693708118513e-02
4.140988285193467163e+03 9.795088227030104844e-02
4.141339305646564753e+03 9.795567297490065384e-02
4.141690326099663253e+03 9.795052628831248109e-02
4.142041346552760842e+03 9.793196128839778969e-02
4.142392367005857523e+03 9.789381311560221843e-02
4.142743387458956022e+03 9.783308006049054595e-02
4.143094407912054521e+03 9.776496670740467132e-02
4.143445428365151201e+03 9.771251934906730052e-02
4.143796448818248791e+03 9.768159111170632292e-02
4.144147469271347290e+03 9.766666915049489195e-02
4.144498489724444880e+03 9.765671471687636940e-02
4.144849510177542470e+03 9.764691003649988987e-02
4.145200530630640060e+03 9.763605594266847043e-02
4.145551551083737650e+03 9.762040512017879090e-02
4.145902571536836149e+03 9.760281532778264380e-02
4.146253591989933739e+03 9.759299862085407673e-02
4.146604612443031328e+03 9.759856761402793679e-02
4.146955632896128918e+03 9.762261269158906130e-02
4.147306653349227417e+03 9.766202887247796283e-02
4.147657673802325007e+03 9.771109593091414913e-02
4.148008694255421688e+03 9.776389022639231374e-02
4.148359714708520187e+03 9.781492886709405865e-02
4.148710735161618686e+03 9.786192788756870042e-02
4.149061755614715366e+03 9.790463278050846874e-02
4.149412776067812956e+03 9.794000231351020214e-02
4.149763796520911455e+03 9.796651472507850178e-02
4.150114816974009045e+03 9.798178069899471376e-02
4.150465837427106635e+03 9.798146474741112333e-02
4.150816857880204225e+03 9.796119184736855334e-02
4.151167878333301815e+03 9.792429553073184190e-02
4.151518898786400314e+03 9.789573852727243009e-02
4.151869919239497904e+03 9.790047877172827762e-02
4.152220939692595493e+03 9.791693864238040779e-02
4.152571960145693083e+03 9.791414784457276588e-02
4.152922980598791582e+03 9.788609739703660328e-02
4.153274001051888263e+03 9.783804861150935395e-02
4.153625021504985853e+03 9.777748166092492532e-02
4.153976041958084352e+03 9.771163108714456258e-02
4.154327062411181942e+03 9.764503984678649107e-02
4.154678082864279531e+03 9.758049240366054033e-02
4.155029103317377121e+03 9.751914993341928573e-02
4.155380123770475620e+03 9.746254649559743521e-02
4.155731144223573210e+03 9.741224079636445765e-02
4.156082164676670800e+03 9.736712128971702906e-02
4.156433185129768390e+03 9.732359880693389198e-02
4.156784205582865980e+03 9.728403153110112833e-02
4.157135226035964479e+03 9.725744847463660414e-02
4.157486246489062069e+03 9.724663389787056855e-02
4.157837266942158749e+03 9.724874584131672217e-02
4.158188287395257248e+03 9.725720822438044255e-02
4.158539307848355747e+03 9.726418350508093946e-02
4.158890328301452428e+03 9.727036952310162687e-02
4.159241348754550017e+03 9.729937759882015258e-02
4.159592369207648517e+03 9.738734358016884474e-02
4.159943389660746107e+03 9.753137402897614494e-02
4.160294410113843696e+03 9.768347709339386675e-02
4.160645430566941286e+03 9.782274269013663259e-02
4.160996451020038876e+03 9.794846705938026199e-02
4.161347471473137375e+03 9.805139331018278281e-02
4.161698491926234965e+03 9.812203872093737400e-02
4.162049512379332555e+03 9.816162184126213386e-02
4.162400532832430144e+03 9.818348920372368949e-02
4.162751553285528644e+03 9.820223391085633469e-02
4.163102573738626234e+03 9.822090418330828299e-02
4.163453594191722914e+03 9.823394593277330611e-02
4.163804614644821413e+03 9.823623485965664315e-02
4.164155635097919912e+03 9.822923033654137881e-02
4.164506655551016593e+03 9.821621332176866392e-02
4.164857676004114182e+03 9.819664334590924581e-02
4.165208696457212682e+03 9.817378829785997074e-02
4.165559716910310271e+03 9.816638029916172070e-02
4.165910737363407861e+03 9.818642824819631687e-02
4.166261757816505451e+03 9.821319849482107456e-02
4.166612778269603041e+03 9.822426122345299937e-02
4.166963798722701540e+03 9.820617122268814059e-02
4.167314819175799130e+03 9.815279689237145500e-02
4.167665839628896720e+03 9.807137903296503367e-02
4.168016860081994309e+03 9.797453655103438575e-02
4.168367880535092809e+03 9.787024272915159639e-02
4.168718900988189489e+03 9.775848046553042847e-02
4.169069921441287079e+03 9.763429185661946785e-02
4.169420941894385578e+03 9.749444884357558183e-02
4.169771962347483168e+03 9.733926633553161012e-02
4.170122982800580758e+03 9.716427923421504242e-02
4.170474003253678347e+03 9.695915873908307614e-02
4.170825023706776847e+03 9.676866632617517339e-02
4.171176044159874436e+03 9.669324528015957321e-02
4.171527064612972026e+03 9.659343437049155989e-02
4.171878085066069616e+03 9.607962005613074341e-02
4.172229105519167206e+03 9.383480171982147566e-02
4.172580125972265705e+03 8.707488138718100235e-02
4.172931146425363295e+03 7.471926386629708372e-02
4.173282166878459975e+03 6.208939089329555683e-02
4.173633187331558474e+03 6.044592610416139877e-02
4.173984207784656974e+03 7.180861556974570126e-02
4.174335228237753654e+03 8.525906560236198861e-02
4.174686248690851244e+03 9.299826332195464118e-02
4.175037269143949743e+03 9.552198875391679223e-02
4.175388289597047333e+03 9.602347552208474746e-02
4.175739310050144923e+03 9.610663859032245182e-02
4.176090330503242512e+03 9.612484413220487300e-02
4.176441350956340102e+03 9.615570591002167711e-02
4.176792371409438601e+03 9.617631396541292954e-02
4.177143391862536191e+03 9.617668596294309813e-02
4.177494412315633781e+03 9.614301226724428218e-02
4.177845432768731371e+03 9.607556428549100802e-02
4.178196453221829870e+03 9.601636663872535615e-02
4.178547473674927460e+03 9.600356792867115185e-02
4.178898494128024140e+03 9.601954881885368942e-02
4.179249514581122639e+03 9.602104487247764553e-02
4.179600535034221139e+03 9.598930342313501118e-02
4.179951555487317819e+03 9.592983428369039611e-02
4.180302575940415409e+03 9.585215969250569790e-02
4.180653596393513908e+03 9.576581171669562575e-02
4.181004616846611498e+03 9.567165112848219355e-02
4.181355637299709088e+03 9.555880285781460926e-02
4.181706657752806677e+03 9.541720951450768928e-02
4.182057678205904267e+03 9.524001798472686575e-02
4.182408698659002766e+03 9.502308580496497681e-02
4.182759719112100356e+03 9.477827093649754397e-02
4.183110739565197946e+03 9.452508235363568656e-02
4.183461760018295536e+03 9.427245512920720549e-02
4.183812780471394035e+03 9.401870291758482323e-02
4.184163800924490715e+03 9.375601676822954700e-02
4.184514821377588305e+03 9.347792573685523299e-02
4.184865841830686804e+03 9.319504084759561158e-02
4.185216862283784394e+03 9.293645601521567656e-02
4.185567882736881984e+03 9.271779151512123118e-02
4.185918903189979574e+03 9.253798241784637335e-02
4.186269923643078073e+03 9.240753507217336349e-02
4.186620944096175663e+03 9.232964671362919873e-02
4.186971964549273252e+03 9.228664787654214385e-02
4.187322985002370842e+03 9.226100808611267801e-02
4.187674005455468432e+03 9.224701521269981774e-02
4.188025025908566931e+03 9.224534287527605403e-02
4.188376046361664521e+03 9.225470637853824818e-02
4.188727066814761201e+03 9.226923549521812151e-02
4.189078087267859701e+03 9.227928095239543160e-02
4.189429107720958200e+03 9.227686574414750709e-02
4.189780128174054880e+03 9.226098081221886793e-02
4.190131148627152470e+03 9.223843076748070025e-02
4.190482169080250969e+03 9.221789272628068412e-02
4.190833189533348559e+03 9.219876188048228838e-02
4.191184209986446149e+03 9.217686991182316714e-02
4.191535230439543739e+03 9.215076810237332605e-02
4.191886250892641328e+03 9.211769328422103609e-02
4.192237271345739828e+03 9.208403081342922403e-02
4.192588291798837417e+03 9.208009332430466820e-02
4.192939312251935007e+03 9.213853789281528650e-02
4.193290332705032597e+03 9.225139030260788575e-02
4.193641353158131096e+03 9.238249071251251887e-02
4.193992373611228686e+03 9.251465622906790420e-02
4.194343394064325366e+03 9.264811987107327007e-02
4.194694414517423866e+03 9.277652926613622064e-02
4.195045434970522365e+03 9.288811554712120278e-02
4.195396455423619045e+03 9.297816852333536108e-02
4.195747475876716635e+03 9.305262046789672392e-02
4.196098496329815134e+03 9.312295017027828747e-02
4.196449516782912724e+03 9.319514735437717246e-02
4.196800537236010314e+03 9.325752880851115312e-02
4.197151557689107904e+03 9.328770977002345810e-02
4.197502578142205493e+03 9.327119986647861016e-02
4.197853598595303993e+03 9.320598605989967311e-02
4.198204619048401582e+03 9.309760950197004670e-02
4.198555639501499172e+03 9.294855901962124911e-02
4.198906659954596762e+03 9.276537403316334474e-02
4.199257680407695261e+03 9.258385214798697804e-02
4.199608700860791942e+03 9.244982387946165669e-02
4.199959721313889531e+03 9.236368325655484879e-02
4.200310741766988031e+03 9.229540361796999270e-02
4.200661762220085620e+03 9.222661310974779314e-02
4.201012782673183210e+03 9.215751209988112813e-02
4.201363803126280800e+03 9.209927307934648311e-02
4.201714823579379299e+03 9.206421602538494842e-02
4.202065844032476889e+03 9.205458549559589199e-02
4.202416864485574479e+03 9.206044663216431112e-02
4.202767884938672069e+03 9.207083829008860798e-02
4.203118905391769658e+03 9.208342574491357180e-02
4.203469925844868158e+03 9.209894337647261953e-02
4.203820946297965747e+03 9.211412327643123121e-02
4.204171966751062428e+03 9.212195020992269834e-02
4.204522987204160927e+03 9.211699468858136619e-02
4.204874007657259426e+03 9.209626640020655841e-02
4.205225028110356106e+03 9.205802628645562424e-02
4.205576048563453696e+03 9.200407831037188400e-02
4.205927069016552196e+03 9.193868948325670254e-02
4.206278089469649785e+03 9.186771136006298411e-02
4.206629109922747375e+03 9.179813143898135630e-02
4.206980130375844965e+03 9.173767764525551927e-02
4.207331150828942555e+03 9.169542811094341661e-02
4.207682171282041054e+03 9.167751841491075804e-02
4.208033191735138644e+03 9.168685577329904746e-02
4.208384212188236233e+03 9.172188718758472747e-02
4.208735232641333823e+03 9.177585906709148644e-02
4.209086253094432323e+03 9.184162241506751978e-02
4.209437273547529912e+03 9.191798870856519865e-02
4.209788294000626593e+03 9.201371686312251330e-02
4.210139314453725092e+03 9.213727236271204712e-02
4.210490334906823591e+03 9.228029872955308133e-02
4.210841355359920271e+03 9.242047942848644060e-02
4.211192375813017861e+03 9.254502962526846288e-02
4.211543396266116360e+03 9.265583866004911684e-02
4.211894416719213950e+03 9.275721365326919376e-02
4.212245437172311540e+03 9.284983048976333531e-02
4.212596457625409130e+03 9.293149614354537236e-02
4.212947478078506720e+03 9.299942221377882623e-02
4.213298498531605219e+03 9.304943936514001313e-02
4.213649518984702809e+03 9.307852622669013365e-02
4.214000539437800398e+03 9.308691386421955039e-02
4.214351559890897988e+03 9.307771915722931610e-02
4.214702580343996487e+03 9.305477190532576715e-02
4.215053600797093168e+03 9.301388794430395790e-02
4.215404621250190758e+03 9.294630322084911078e-02
4.215755641703289257e+03 9.284768396004550173e-02
4.216106662156386847e+03 9.271434954679702578e-02
4.216457682609484436e+03 9.253873959528996496e-02
4.216808703062582026e+03 9.232916410681191177e-02
4.217159723515680525e+03 9.213038047717975187e-02
4.217510743968778115e+03 9.197936278913157460e-02
4.217861764421875705e+03 9.185848147596720192e-02
4.218212784874973295e+03 9.173275377318879098e-02
4.218563805328070885e+03 9.159379217281503338e-02
4.218914825781169384e+03 9.145073342636091118e-02
4.219265846234266974e+03 9.131141495557210108e-02
4.219616866687363654e+03 9.118245935528511426e-02
4.219967887140462153e+03 9.107044095192495803e-02
4.220318907593560652e+03 9.098168069192477669e-02
4.220669928046657333e+03 9.091557622802767802e-02
4.221020948499754923e+03 9.085857825263662924e-02
4.221371968952853422e+03 9.079411393713829326e-02
4.221722989405951012e+03 9.071410312281831534e-02
4.222074009859048601e+03 9.061679707905220815e-02
4.222425030312146191e+03 9.051382360473810007e-02
4.222776050765243781e+03 9.043798734967437025e-02
4.223127071218342280e+03 9.040966573192751876e-02
4.223478091671439870e+03 9.041114067952246702e-02
4.223829112124537460e+03 9.042613803883724211e-02
4.224180132577635050e+03 9.044985540723653183e-02
4.224531153030733549e+03 9.047908439341965925e-02
4.224882173483831139e+03 9.050829756343425903e-02
4.225233193936927819e+03 9.053889951982030393e-02
4.225584214390026318e+03 9.058240407858016152e-02
4.225935234843124817e+03 9.064370071788194205e-02
4.226286255296221498e+03 9.071210720141320571e-02
4.226637275749319087e+03 9.077660597839007361e-02
4.226988296202417587e+03 9.083490543408159756e-02
4.227339316655515177e+03 9.088667714947162857e-02
4.227690337108612766e+03 9.092864604588167532e-02
4.228041357561710356e+03 9.095649838305018553e-02
4.228392378014807946e+03 9.096942603289975837e-02
4.228743398467906445e+03 9.096982237158057760e-02
4.229094418921004035e+03 9.095914524291129344e-02
4.229445439374101625e+03 9.093825275654271456e-02
4.229796459827199214e+03 9.090562534886081902e-02
4.230147480280297714e+03 9.086113500146905664e-02
4.230498500733394394e+03 9.080952395689967371e-02
4.230849521186491984e+03 9.075754464854818293e-02
4.231200541639590483e+03 9.070924360181822910e-02
4.231551562092688073e+03 9.066329648970980482e-02
4.231902582545785663e+03 9.061986395943122385e-02
4.232253602998883252e+03 9.057831028130368389e-02
4.232604623451981752e+03 9.053712829414134466e-02
4.232955643905079341e+03 9.049582511868228818e-02
4.233306664358176931e+03 9.045078875230463944e-02
4.233657684811274521e+03 9.039916409582116064e-02
4.234008705264372111e+03 9.033713529768584716e-02
4.234359725717470610e+03 9.025989139239176673e-02
4.234710746170568200e+03 9.016749377119107067e-02
4.235061766623664880e+03 9.005856749232445113e-02
4.235412787076763379e+03 8.992885210426113107e-02
4.235763807529861879e+03 8.977618065399112224e-02
4.236114827982958559e+03 8.959962357465686700e-02
4.236465848436056149e+03 8.940277294488982451e-02
4.236816868889154648e+03 8.920325717336022309e-02
4.237167889342252238e+03 8.902196940244799794e-02
4.237518909795349828e+03 8.876287998037268867e-02
4.237869930248447417e+03 8.816936314393303276e-02
4.238220950701545007e+03 8.611424441209787617e-02
4.238571971154643506e+03 8.036917624670023019e-02
4.238922991607741096e+03 6.967284143968117960e-02
4.239274012060838686e+03 5.768309302624820972e-02
4.239625032513936276e+03 5.514613143123674177e-02
4.239976052967034775e+03 6.554416464982659729e-02
4.240327073420132365e+03 7.807734374120275933e-02
4.240678093873229045e+03 8.470388741187129256e-02
4.241029114326327544e+03 8.654328501901753512e-02
4.241380134779426044e+03 8.674265022612466514e-02
4.241731155232522724e+03 8.659100287922791295e-02
4.242082175685620314e+03 8.635934462667400890e-02
4.242433196138718813e+03 8.611639912305588118e-02
4.242784216591816403e+03 8.586411648075178982e-02
4.243135237044913993e+03 8.559806715018442036e-02
4.243486257498011582e+03 8.531488216472886410e-02
4.243837277951109172e+03 8.505923454678797346e-02
4.244188298404207671e+03 8.488162484287171961e-02
4.244539318857305261e+03 8.476204265449291397e-02
4.244890339310402851e+03 8.465961817106799903e-02
4.245241359763500441e+03 8.455893265029609807e-02
4.245592380216598940e+03 8.445632350605208893e-02
4.245943400669695620e+03 8.436045733765301646e-02
4.246294421122793210e+03 8.430372982555617289e-02
4.246645441575891709e+03 8.430437547755037508e-02
4.246996462028989299e+03 8.434046678484455328e-02
4.247347482482086889e+03 8.438411726666683599e-02
4.247698502935184479e+03 8.442422426452061979e-02
4.248049523388282978e+03 8.446242474440232573e-02
4.248400543841380568e+03 8.451307441786841401e-02
4.248751564294478158e+03 8.459455687972303184e-02
4.249102584747575747e+03 8.470597364451884492e-02
4.249453605200673337e+03 8.483119906926073206e-02
4.249804625653771836e+03 8.496140216265239686e-02
4.250155646106869426e+03 8.508612004591778466e-02
4.250506666559966106e+03 8.519105592625129952e-02
4.250857687013064606e+03 8.527813119953035759e-02
4.251208707466163105e+03 8.535943954288634228e-02
4.251559727919259785e+03 8.543717725595229018e-02
4.251910748372357375e+03 8.550129811490159160e-02
4.252261768825455874e+03 8.554000979755985168e-02
4.252612789278553464e+03 8.554630287363734764e-02
4.252963809731651054e+03 8.552558083431335834e-02
4.253314830184748644e+03 8.550285883561820066e-02
4.253665850637846233e+03 8.549825624518866962e-02
4.254016871090944733e+03 8.549576935926711529e-02
4.254367891544042322e+03 8.547462023994940872e-02
4.254718911997139912e+03 8.543646501907634083e-02
4.255069932450237502e+03 8.538820988938697343e-02
4.255420952903336001e+03 8.533078255532883238e-02
4.255771973356433591e+03 8.526037418691673198e-02
4.256122993809530271e+03 8.517713010710803445e-02
4.256474014262628771e+03 8.508192635080341626e-02
4.256825034715727270e+03 8.497780335607978131e-02
4.257176055168823950e+03 8.489758279854425771e-02
4.257527075621921540e+03 8.487852369284777654e-02
4.257878096075020039e+03 8.490356698210091424e-02
4.258229116528117629e+03 8.493359754524690275e-02
4.258580136981215219e+03 8.495470518743250543e-02
4.258931157434312809e+03 8.497085612301708002e-02
4.259282177887410398e+03 8.499019481232256146e-02
4.259633198340508898e+03 8.502344604816168550e-02
4.259984218793606487e+03 8.507781882700364562e-02
4.260335239246704077e+03 8.514465419930533630e-02
4.260686259699801667e+03 8.520175685129539878e-02
4.261037280152900166e+03 8.523080192006787792e-02
4.261388300605996847e+03 8.522281105384488242e-02
4.261739321059094436e+03 8.517336866100636006e-02
4.262090341512192936e+03 8.508127671451411189e-02
4.262441361965290525e+03 8.496239113347922589e-02
4.262792382418388115e+03 8.485640290668958197e-02
4.263143402871485705e+03 8.478654596715119729e-02
4.263494423324584204e+03 8.473853821148862042e-02
4.263845443777681794e+03 8.469225309103656230e-02
4.264196464230779384e+03 8.464236592606474985e-02
4.264547484683876974e+03 8.459191325845374920e-02
4.264898505136974563e+03 8.454203399226931093e-02
4.265249525590073063e+03 8.448996134406154546e-02
4.265600546043170652e+03 8.443327528487443168e-02
4.265951566496267333e+03 8.438068339623261416e-02
4.266302586949365832e+03 8.435735283608096491e-02
4.266653607402464331e+03 8.437028550937818172e-02
4.267004627855561012e+03 8.438312302138745169e-02
4.267355648308658601e+03 8.436954796447004856e-02
4.267706668761757101e+03 8.433085011078153559e-02
4.268057689214854690e+03 8.427352337538458749e-02
4.268408709667952280e+03 8.420136277957991633e-02
4.268759730121049870e+03 8.412005639879388541e-02
4.269110750574147460e+03 8.403247655576520647e-02
4.269461771027245959e+03 8.394076156230995123e-02
4.269812791480343549e+03 8.384720953716270908e-02
4.270163811933441139e+03 8.375332977476028506e-02
4.270514832386538728e+03 8.366057303269998358e-02
4.270865852839637228e+03 8.356756347695624976e-02
4.271216873292734817e+03 8.346673384015515507e-02
4.271567893745831498e+03 8.335202092929730466e-02
4.271918914198929997e+03 8.322909110334522631e-02
4.272269934652028496e+03 8.310926441502372586e-02
4.272620955105125176e+03 8.300069700338202905e-02
4.272971975558222766e+03 8.291095662798522725e-02
4.273322996011321266e+03 8.284065740349910723e-02
4.273674016464418855e+03 8.277333164414962807e-02
4.274025036917516445e+03 8.269573989183640061e-02
4.274376057370614035e+03 8.262777230789311589e-02
4.274727077823711625e+03 8.260430637804083709e-02
4.275078098276810124e+03 8.261629635115834425e-02
4.275429118729907714e+03 8.263207631695362876e-02
4.275780139183005303e+03 8.263429348444439881e-02
4.276131159636102893e+03 8.261615839918590165e-02
4.276482180089201393e+03 8.257334706812718972e-02
4.276833200542298073e+03 8.250799244464154802e-02
4.277184220995395663e+03 8.242891440505738243e-02
4.277535241448494162e+03 8.235654076113196886e-02
4.277886261901591752e+03 8.230929538177117477e-02
4.278237282354689341e+03 8.227932324956697963e-02
4.278588302807786931e+03 8.224606446981465313e-02
4.278939323260885430e+03 8.219733944114110402e-02
4.279290343713983020e+03 8.213391258506100301e-02
4.279641364167080610e+03 8.206441645287486375e-02
4.279992384620178200e+03 8.199729143941225651e-02
4.280343405073275790e+03 8.193455932710486112e-02
4.280694425526374289e+03 8.187435922305494329e-02
4.281045445979471879e+03 8.181138565342940816e-02
4.281396466432568559e+03 8.173916645945095150e-02
4.281747486885667058e+03 8.165457080268290202e-02
4.282098507338765558e+03 8.155704454725280772e-02
4.282449527791862238e+03 8.144949158081224438e-02
4.282800548244959828e+03 8.133307871276385104e-02
4.283151568698058327e+03 8.120178249966718276e-02
4.283502589151155917e+03 8.104925960264564022e-02
4.283853609604253506e+03 8.087593173822039960e-02
4.284204630057351096e+03 8.068855980016670371e-02
4.284555650510448686e+03 8.049415623621913873e-02
4.284906670963547185e+03 8.029744259613935675e-02
4.285257691416644775e+03 8.010093471188636793e-02
4.285608711869742365e+03 7.990899674193426006e-02
4.285959732322839955e+03 7.972921558695407473e-02
4.286310752775938454e+03 7.956844584708291923e-02
4.286661773229036044e+03 7.943170372717939243e-02
4.287012793682132724e+03 7.932257534703607282e-02
4.287363814135231223e+03 7.924415273213805677e-02
4.287714834588329722e+03 7.919664306889095950e-02
4.288065855041426403e+03 7.917611355138647056e-02
4.288416875494523993e+03 7.917520707901390398e-02
4.288767895947622492e+03 7.918816533331447804e-02
4.289118916400720082e+03 7.921066303691451371e-02
4.289469936853817671e+03 7.923612181788308728e-02
4.289820957306915261e+03 7.925598997556157488e-02
4.290171977760012851e+03 7.926149892377135076e-02
4.290522998213111350e+03 7.924598495534523890e-02
4.290874018666208940e+03 7.920406539801148893e-02
4.291225039119306530e+03 7.913198144620736674e-02
4.291576059572404120e+03 7.902798871954115623e-02
4.291927080025502619e+03 7.889174740702888100e-02
4.292278100478599299e+03 7.872375226506800328e-02
4.292629120931696889e+03 7.852589298695897280e-02
4.292980141384795388e+03 7.830103498858015376e-02
4.293331161837892978e+03 7.805215947372859397e-02
4.293682182290990568e+03 7.778369928495462715e-02
4.294033202744088157e+03 7.750015055944600717e-02
4.294384223197186657e+03 7.720877415278096234e-02
4.294735243650284247e+03 7.691858342403307125e-02
4.295086264103381836e+03 7.663441596557801772e-02
4.295437284556479426e+03 7.635822196892458336e-02
4.295788305009577016e+03 7.609204001484443092e-02
4.296139325462675515e+03 7.583054398921589001e-02
4.296490345915773105e+03 7.556780346159008843e-02
4.296841366368869785e+03 7.530974308116680782e-02
4.297192386821968284e+03 7.505148441712494733e-02
4.297543407275066784e+03 7.479902199422217013e-02
4.297894427728163464e+03 7.459381116055134597e-02
4.298245448181261054e+03 7.444442110378463040e-02
4.298596468634359553e+03 7.430792183524792538e-02
4.298947489087457143e+03 7.415226691709274343e-02
4.299298509540554733e+03 7.397070299365096635e-02
4.299649529993652322e+03 7.376356236047151849e-02
4.300000550446749912e+03 7.354472835192156499e-02
4.300351570899848411e+03 7.333266478910445418e-02
4.300702591352946001e+03 7.310863405474715693e-02
4.301053611806043591e+03 7.283709056260381787e-02
4.301404632259141181e+03 7.253646290404339170e-02
4.301755652712239680e+03 7.226304835064473187e-02
4.302106673165337270e+03 7.202744839843149005e-02
4.302457693618433950e+03 7.179049359933580010e-02
4.302808714071532449e+03 7.152696099804485563e-02
4.303159734524630949e+03 7.124398901546151464e-02
4.303510754977727629e+03 7.096195766769566871e-02
4.303861775430825219e+03 7.069623486738754736e-02
4.304212795883923718e+03 7.044772300500007356e-02
4.304563816337021308e+03 7.022332115503274186e-02
4.304914836790118898e+03 7.004717629164425308e-02
4.305265857243216487e+03 6.992565535694536538e-02
4.305616877696314077e+03 6.983450313066469350e-02
4.305967898149412576e+03 6.974472739254639064e-02
4.306318918602510166e+03 6.964858589035535785e-02
4.306669939055607756e+03 6.957007684318325391e-02
4.307020959508705346e+03 6.953362403203985909e-02
4.307371979961803845e+03 6.952227225535670407e-02
4.307723000414900525e+03 6.950007155209686482e-02
4.308074020867998115e+03 6.944927400348333002e-02
4.308425041321096614e+03 6.937395220333844592e-02
4.308776061774194204e+03 6.929523118534619552e-02
4.309127082227291794e+03 6.916915246039193055e-02
4.309478102680389384e+03 6.866428098061971852e-02
4.309829123133487883e+03 6.642062562758521693e-02
4.310180143586585473e+03 5.978228258097399717e-02
4.310531164039683063e+03 5.142501286088741602e-02
