# Model for TARGETID=39627860595442816 at z=0, SPECTYPE=QSO, SUBTYPE=HIZ, smoothing=1.0
# wave_A flux
# 
7.663253413105820755e+02 4.875271065426595163e-02
7.664956358308733115e+02 5.576620913745852781e-02
7.666659303511646613e+02 6.282940254011055992e-02
7.668362248714558973e+02 6.752051685598464692e-02
7.670065193917472470e+02 7.097430257814391075e-02
7.671768139120384831e+02 7.314514215942882758e-02
7.673471084323297191e+02 7.417849945249117838e-02
7.675174029526210688e+02 7.608112423965515680e-02
7.676876974729123049e+02 7.956513483334361203e-02
7.678579919932035409e+02 8.224464472206602372e-02
7.680282865134948906e+02 8.297249075740675828e-02
7.681985810337861267e+02 8.269526212910380258e-02
7.683688755540774764e+02 8.163509569354296391e-02
7.685391700743687124e+02 8.053091993777214408e-02
7.687094645946599485e+02 8.181629192813688611e-02
7.688797591149512982e+02 8.489702855501748968e-02
7.690500536352425343e+02 8.508092103206341128e-02
7.692203481555338840e+02 8.189702231905071628e-02
7.693906426758251200e+02 7.997610428356538570e-02
7.695609371961163561e+02 7.984045049068692890e-02
7.697312317164077058e+02 7.841655460672189437e-02
7.699015262366989418e+02 7.711371357986726571e-02
7.700718207569901779e+02 7.887860202855778713e-02
7.702421152772815276e+02 8.118831994893585535e-02
7.704124097975727636e+02 8.042416426058283940e-02
7.705827043178641134e+02 7.763248496425319278e-02
7.707529988381553494e+02 7.596118462842188501e-02
7.709232933584465854e+02 7.701370183288439031e-02
7.710935878787379352e+02 7.951712325716148166e-02
7.712638823990291712e+02 8.103916820187587189e-02
7.714341769193204073e+02 8.169197029932651066e-02
7.716044714396117570e+02 8.284519093079639740e-02
7.717747659599029930e+02 8.441556768763711083e-02
7.719450604801943427e+02 8.632411667715707282e-02
7.721153550004855788e+02 8.877806045630330656e-02
7.722856495207768148e+02 9.089483426557630474e-02
7.724559440410681646e+02 9.107214154378606707e-02
7.726262385613594006e+02 8.925177335261483269e-02
7.727965330816506366e+02 8.862015246086618614e-02
7.729668276019419864e+02 9.208920101572273809e-02
7.731371221222332224e+02 9.697818650706438448e-02
7.733074166425245721e+02 9.834573499326691726e-02
7.734777111628158082e+02 9.567116828694760544e-02
7.736480056831070442e+02 9.221366987583858033e-02
7.738183002033983939e+02 9.099214533119340254e-02
7.739885947236896300e+02 9.184371932187207488e-02
7.741588892439809797e+02 9.208543661810530967e-02
7.743291837642722157e+02 9.114790967907016039e-02
7.744994782845634518e+02 9.066549683232498491e-02
7.746697728048548015e+02 9.068229697604052175e-02
7.748400673251460375e+02 8.978705899731614926e-02
7.750103618454372736e+02 8.782154682372088350e-02
7.751806563657286233e+02 8.712220375805668215e-02
7.753509508860198594e+02 8.980955230106900389e-02
7.755212454063112091e+02 9.409885811353342622e-02
7.756915399266024451e+02 9.671307893086825147e-02
7.758618344468936812e+02 9.673568917886790630e-02
7.760321289671850309e+02 9.383687974642895835e-02
7.762024234874762669e+02 8.800399717260956600e-02
7.763727180077675030e+02 8.276158609363129526e-02
7.765430125280588527e+02 8.277671563835364843e-02
7.767133070483500887e+02 8.767569660750144933e-02
7.768836015686414385e+02 9.229509268538413358e-02
7.770538960889326745e+02 9.321283095800592111e-02
7.772241906092239105e+02 9.203178080422591556e-02
7.773944851295152603e+02 9.208036301592419093e-02
7.775647796498064963e+02 9.369456159880829027e-02
7.777350741700977323e+02 9.472257600320596604e-02
7.779053686903890821e+02 9.511188820387835030e-02
7.780756632106803181e+02 9.717548463587438734e-02
7.782459577309716678e+02 1.012065654586266350e-01
7.784162522512629039e+02 1.047605809974948288e-01
7.785865467715541399e+02 1.061510506761969008e-01
7.787568412918454896e+02 1.054162262815351164e-01
7.789271358121367257e+02 1.029638706769703954e-01
7.790974303324280754e+02 9.980657554142979837e-02
7.792677248527193115e+02 9.710030589185697503e-02
7.794380193730105475e+02 9.487655848382089974e-02
7.796083138933018972e+02 9.296030358783946568e-02
7.797786084135931333e+02 9.258921917631932064e-02
7.799489029338843693e+02 9.451778935042967622e-02
7.801191974541757190e+02 9.713231462512861292e-02
7.802894919744669551e+02 9.874315068323340217e-02
7.804597864947583048e+02 9.903634979251291215e-02
7.806300810150495408e+02 9.798973855869197447e-02
7.808003755353407769e+02 9.601238499627343104e-02
7.809706700556321266e+02 9.345488275722180216e-02
7.811409645759233626e+02 8.923631776698093265e-02
7.813112590962145987e+02 8.343586811950648441e-02
7.814815536165059484e+02 8.008602497728009584e-02
7.816518481367971845e+02 8.264906800783325402e-02
7.818221426570885342e+02 8.954936895306589428e-02
7.819924371773797702e+02 9.840294225433560138e-02
7.821627316976710063e+02 1.075805896659247224e-01
7.823330262179623560e+02 1.127281392443209851e-01
7.825033207382535920e+02 1.115876515217500142e-01
7.826736152585448281e+02 1.081305867009312999e-01
7.828439097788361778e+02 1.064295899848153593e-01
7.830142042991274138e+02 1.073673325828854719e-01
7.831844988194187636e+02 1.102051851406386368e-01
7.833547933397099996e+02 1.124545795359004341e-01
7.835250878600012356e+02 1.118527815951041310e-01
7.836953823802925854e+02 1.088240775900350399e-01
7.838656769005838214e+02 1.052551231614352600e-01
7.840359714208751711e+02 1.032188699458188030e-01
7.842062659411664072e+02 1.040140607772663817e-01
7.843765604614576432e+02 1.066599987172704156e-01
7.845468549817489929e+02 1.093573466758769736e-01
7.847171495020402290e+02 1.124620000460166414e-01
7.848874440223314650e+02 1.171501188781041980e-01
7.850577385426228147e+02 1.216649395582243276e-01
7.852280330629140508e+02 1.229342965846112190e-01
7.853983275832054005e+02 1.207669954031064252e-01
7.855686221034966366e+02 1.178754761607235246e-01
7.857389166237878726e+02 1.171173799676106242e-01
7.859092111440792223e+02 1.188414142692837405e-01
7.860795056643704584e+02 1.213434634455780869e-01
7.862498001846616944e+02 1.232391012099532529e-01
7.864200947049530441e+02 1.231983763092171225e-01
7.865903892252442802e+02 1.197181283701642118e-01
7.867606837455356299e+02 1.135969998291768701e-01
7.869309782658268659e+02 1.086676454226358085e-01
7.871012727861181020e+02 1.082150531147930139e-01
7.872715673064094517e+02 1.108337861563467031e-01
7.874418618267006877e+02 1.121976004253646131e-01
7.876121563469919238e+02 1.113052220350753962e-01
7.877824508672832735e+02 1.106666279425009836e-01
7.879527453875745096e+02 1.124666491830539627e-01
7.881230399078658593e+02 1.178066616899875463e-01
7.882933344281570953e+02 1.247443246079151524e-01
7.884636289484483314e+02 1.278061249700152002e-01
7.886339234687396811e+02 1.237651607752943694e-01
7.888042179890309171e+02 1.152497475263247750e-01
7.889745125093222669e+02 1.062397609843057644e-01
7.891448070296135029e+02 1.000041671916120645e-01
7.893151015499047389e+02 1.002186464621179496e-01
7.894853960701960887e+02 1.075229903734497838e-01
7.896556905904873247e+02 1.166450343717730098e-01
7.898259851107785607e+02 1.213869280763589242e-01
7.899962796310699105e+02 1.212547044162852750e-01
7.901665741513611465e+02 1.201346840860217646e-01
7.903368686716524962e+02 1.197211924251924409e-01
7.905071631919437323e+02 1.183577520633005975e-01
7.906774577122349683e+02 1.155793793395456931e-01
7.908477522325263180e+02 1.134146311328227408e-01
7.910180467528175541e+02 1.131172420810424156e-01
7.911883412731087901e+02 1.135726128224683884e-01
7.913586357934001398e+02 1.141071077206233797e-01
7.915289303136913759e+02 1.152476280402384423e-01
7.916992248339827256e+02 1.170540363083604485e-01
7.918695193542739617e+02 1.201719429976889214e-01
7.920398138745651977e+02 1.252111232150242837e-01
7.922101083948565474e+02 1.294728205133396093e-01
7.923804029151477835e+02 1.283959884336951518e-01
7.925506974354390195e+02 1.214310063309822774e-01
7.927209919557303692e+02 1.134825023071292516e-01
7.928912864760216053e+02 1.099219281506274848e-01
7.930615809963129550e+02 1.120922863235559036e-01
7.932318755166041910e+02 1.170357308204656166e-01
7.934021700368954271e+02 1.209508039936075807e-01
7.935724645571867768e+02 1.225347549868619074e-01
7.937427590774780128e+02 1.224875959920628532e-01
7.939130535977693626e+02 1.213162868808005668e-01
7.940833481180605986e+02 1.192932497197540243e-01
7.942536426383518346e+02 1.172274653161407554e-01
7.944239371586431844e+02 1.160714770464230661e-01
7.945942316789344204e+02 1.163853458290408788e-01
7.947645261992256565e+02 1.179197872933903934e-01
7.949348207195170062e+02 1.196691363360400800e-01
7.951051152398082422e+02 1.211820373299555831e-01
7.952754097600995919e+02 1.234706111982090682e-01
7.954457042803908280e+02 1.268058985424797280e-01
7.956159988006820640e+02 1.285128818943105933e-01
7.957862933209734138e+02 1.260534926101229969e-01
7.959565878412646498e+02 1.203755761583733541e-01
7.961268823615558858e+02 1.147137074641270543e-01
7.962971768818472356e+02 1.119532897884207845e-01
7.964674714021384716e+02 1.133806454322299484e-01
7.966377659224298213e+02 1.185656528021654943e-01
7.968080604427210574e+02 1.253194848157095642e-01
7.969783549630122934e+02 1.300613642420346272e-01
7.971486494833036431e+02 1.303199514443518225e-01
7.973189440035948792e+02 1.269261020719716637e-01
7.974892385238862289e+02 1.226724850685512735e-01
7.976595330441774649e+02 1.197086247404088866e-01
7.978298275644687010e+02 1.187744265775171892e-01
7.980001220847600507e+02 1.189644360296649855e-01
7.981704166050512868e+02 1.180370424286926734e-01
7.983407111253425228e+02 1.153226406688423189e-01
7.985110056456338725e+02 1.130881641962401540e-01
7.986813001659251086e+02 1.138067349573881892e-01
7.988515946862164583e+02 1.176929160780521844e-01
7.990218892065076943e+02 1.224892317903974182e-01
7.991921837267989304e+02 1.250133573496050587e-01
7.993624782470902801e+02 1.249092532043939857e-01
7.995327727673815161e+02 1.258836103709690402e-01
7.997030672876727522e+02 1.308331676104910191e-01
7.998733618079641019e+02 1.376110466337116534e-01
8.000436563282553379e+02 1.423739676543027133e-01
8.002139508485466877e+02 1.446228765142006378e-01
8.003842453688379237e+02 1.460162382024466909e-01
8.005545398891291597e+02 1.466974741069579924e-01
8.007248344094205095e+02 1.456718114241333240e-01
8.008951289297117455e+02 1.432315350096428908e-01
8.010654234500029816e+02 1.404506107348783006e-01
8.012357179702943313e+02 1.377479043118410851e-01
8.014060124905855673e+02 1.355280494135954195e-01
8.015763070108769170e+02 1.352951506811817528e-01
8.017466015311681531e+02 1.371872851531575899e-01
8.019168960514593891e+02 1.386761879790974761e-01
8.020871905717507389e+02 1.386978816523262159e-01
8.022574850920419749e+02 1.383949438899948481e-01
8.024277796123333246e+02 1.378305164075767364e-01
8.025980741326245607e+02 1.373944553609886543e-01
8.027683686529157967e+02 1.383474398336803912e-01
8.029386631732071464e+02 1.396058874396868266e-01
8.031089576934983825e+02 1.385954347277694731e-01
8.032792522137896185e+02 1.350906324026318328e-01
8.034495467340809682e+02 1.318915004216512088e-01
8.036198412543722043e+02 1.317366278319438977e-01
8.037901357746635540e+02 1.349779381294821390e-01
8.039604302949547900e+02 1.398115453471395209e-01
8.041307248152460261e+02 1.436260859801425371e-01
8.043010193355373758e+02 1.448648842162375827e-01
8.044713138558286118e+02 1.441278849301313447e-01
8.046416083761198479e+02 1.427911727050578672e-01
8.048119028964111976e+02 1.414347691485743908e-01
8.049821974167024337e+02 1.405682652317056802e-01
8.051524919369937834e+02 1.413804246275948140e-01
8.053227864572850194e+02 1.447883533686422086e-01
8.054930809775762555e+02 1.494708303218660328e-01
8.056633754978676052e+02 1.530919894580426432e-01
8.058336700181588412e+02 1.554019086864881494e-01
8.060039645384500773e+02 1.580271629464161665e-01
8.061742590587414270e+02 1.613507039027872181e-01
8.063445535790326630e+02 1.636483043868888210e-01
8.065148480993240128e+02 1.633805199622842264e-01
8.066851426196152488e+02 1.608454119130883486e-01
8.068554371399064848e+02 1.579287989970805384e-01
8.070257316601978346e+02 1.569413829282596540e-01
8.071960261804890706e+02 1.585274510755556587e-01
8.073663207007804203e+02 1.600053651171887692e-01
8.075366152210716564e+02 1.577880925701903858e-01
8.077069097413628924e+02 1.521859250937260266e-01
8.078772042616542421e+02 1.472830464587812360e-01
8.080474987819454782e+02 1.460453801702135956e-01
8.082177933022367142e+02 1.475028360302997332e-01
8.083880878225280640e+02 1.484995688995047192e-01
8.085583823428193000e+02 1.473906085269647559e-01
8.087286768631106497e+02 1.454925099808746514e-01
8.088989713834018858e+02 1.452061212387932565e-01
8.090692659036931218e+02 1.483656237500332320e-01
8.092395604239844715e+02 1.552356792219533599e-01
8.094098549442757076e+02 1.635135981812843586e-01
8.095801494645669436e+02 1.694932381383683351e-01
8.097504439848582933e+02 1.714179983547919339e-01
8.099207385051495294e+02 1.705278269919558998e-01
8.100910330254408791e+02 1.692139675376198582e-01
8.102613275457321151e+02 1.692167402535440512e-01
8.104316220660233512e+02 1.711027627569389475e-01
8.106019165863147009e+02 1.744963808515064552e-01
8.107722111066059369e+02 1.785545810217109564e-01
8.109425056268971730e+02 1.820062540834389564e-01
8.111128001471885227e+02 1.827141540523399554e-01
8.112830946674797588e+02 1.798030942388061937e-01
8.114533891877711085e+02 1.760702222029771891e-01
8.116236837080623445e+02 1.746047231356546159e-01
8.117939782283535806e+02 1.746176420294246467e-01
8.119642727486449303e+02 1.738841244157991739e-01
8.121345672689361663e+02 1.730893921082567177e-01
8.123048617892275161e+02 1.745802557533163712e-01
8.124751563095187521e+02 1.785695417946721042e-01
8.126454508298099881e+02 1.824223922137420129e-01
8.128157453501013379e+02 1.828193839642360263e-01
8.129860398703925739e+02 1.794071704164332537e-01
8.131563343906838099e+02 1.756649048746719566e-01
8.133266289109751597e+02 1.752023850434509811e-01
8.134969234312663957e+02 1.786325142905708097e-01
8.136672179515577454e+02 1.833953609909005078e-01
8.138375124718489815e+02 1.861173558337585465e-01
8.140078069921402175e+02 1.852896755041446297e-01
8.141781015124315672e+02 1.821104236456025927e-01
8.143483960327228033e+02 1.790349662104410433e-01
8.145186905530140393e+02 1.776768705454409569e-01
8.146889850733053891e+02 1.786373096956575812e-01
8.148592795935966251e+02 1.810684037192575313e-01
8.150295741138879748e+02 1.822447242261579503e-01
8.151998686341792109e+02 1.808470658596970926e-01
8.153701631544704469e+02 1.776300926195224505e-01
8.155404576747617966e+02 1.735446931669243908e-01
8.157107521950530327e+02 1.704042570244773125e-01
8.158810467153442687e+02 1.709113775790894463e-01
8.160513412356356184e+02 1.761029164153805060e-01
8.162216357559268545e+02 1.833529861161751207e-01
8.163919302762182042e+02 1.883396726990999581e-01
8.165622247965094402e+02 1.900160024457272501e-01
8.167325193168006763e+02 1.908343151256697012e-01
8.169028138370920260e+02 1.926136866860042596e-01
8.170731083573832620e+02 1.952767936638151181e-01
8.172434028776746118e+02 1.983710939476651114e-01
8.174136973979658478e+02 2.008376498354070838e-01
8.175839919182570839e+02 2.009571109217999640e-01
8.177542864385484336e+02 1.983184046363040132e-01
8.179245809588396696e+02 1.946610109256416976e-01
8.180948754791309057e+02 1.922385588104102427e-01
8.182651699994222554e+02 1.915827566197398080e-01
8.184354645197134914e+02 1.918447280895793638e-01
8.186057590400048412e+02 1.933022865559000658e-01
8.187760535602960772e+02 1.967771299504249005e-01
8.189463480805873132e+02 2.006558996333749345e-01
8.191166426008786630e+02 2.019840094569039790e-01
8.192869371211698990e+02 2.008202145742491451e-01
8.194572316414611350e+02 1.999630603102075799e-01
8.196275261617524848e+02 2.004159874249280548e-01
8.197978206820437208e+02 2.001073609931084130e-01
8.199681152023350705e+02 1.978531555846067824e-01
8.201384097226263066e+02 1.958327724921836155e-01
8.203087042429175426e+02 1.955774274983123895e-01
8.204789987632088923e+02 1.955669922153354112e-01
8.206492932835001284e+02 1.946609824828732238e-01
8.208195878037913644e+02 1.939564824873755977e-01
8.209898823240827141e+02 1.942704682085047985e-01
8.211601768443739502e+02 1.951299035261762627e-01
8.213304713646652999e+02 1.962236266724551592e-01
8.215007658849565360e+02 1.976048405742615310e-01
8.216710604052477720e+02 1.995183709161537366e-01
8.218413549255391217e+02 2.023919041658821527e-01
8.220116494458303578e+02 2.054860248978537252e-01
8.221819439661217075e+02 2.070510988812437891e-01
8.223522384864129435e+02 2.060920521559912455e-01
8.225225330067041796e+02 2.035025801121106981e-01
8.226928275269955293e+02 2.021222042048270995e-01
8.228631220472867653e+02 2.043730422901478827e-01
8.230334165675780014e+02 2.097195360102608042e-01
8.232037110878693511e+02 2.157883047570525181e-01
8.233740056081605871e+02 2.204682306869483188e-01
8.235443001284519369e+02 2.223558986505351220e-01
8.237145946487431729e+02 2.214882722569401219e-01
8.238848891690344090e+02 2.195053793934048647e-01
8.240551836893257587e+02 2.178704211846639316e-01
8.242254782096169947e+02 2.169235333817173539e-01
8.243957727299082308e+02 2.168494144511698418e-01
8.245660672501995805e+02 2.178413144349341524e-01
8.247363617704908165e+02 2.194110721225930871e-01
8.249066562907821663e+02 2.207041067696370318e-01
8.250769508110734023e+02 2.212964956400951810e-01
8.252472453313646383e+02 2.215706802284005683e-01
8.254175398516559881e+02 2.224102871467671105e-01
8.255878343719472241e+02 2.248377434900771799e-01
8.257581288922384601e+02 2.285943832365188166e-01
8.259284234125298099e+02 2.308460214857820936e-01
8.260987179328210459e+02 2.287665612330745668e-01
8.262690124531123956e+02 2.231274762831952918e-01
8.264393069734036317e+02 2.173160931046957955e-01
8.266096014936948677e+02 2.137052703708803292e-01
8.267798960139862174e+02 2.132347998402711053e-01
8.269501905342774535e+02 2.170129832425295724e-01
8.271204850545688032e+02 2.249520200287352667e-01
8.272907795748600392e+02 2.342587878126469736e-01
8.274610740951512753e+02 2.414221618695673865e-01
8.276313686154426250e+02 2.451128128614359081e-01
8.278016631357338611e+02 2.468386248851815457e-01
8.279719576560250971e+02 2.478428551520367451e-01
8.281422521763164468e+02 2.470074053985807927e-01
8.283125466966076829e+02 2.448624732104512369e-01
8.284828412168990326e+02 2.449705304514295801e-01
8.286531357371902686e+02 2.481520770154935218e-01
8.288234302574815047e+02 2.508564696954656004e-01
8.289937247777728544e+02 2.509131077342613425e-01
8.291640192980640904e+02 2.502394003870164196e-01
8.293343138183553265e+02 2.507736496715791130e-01
8.295046083386466762e+02 2.522298161150753337e-01
8.296749028589379122e+02 2.546278473180970670e-01
8.298451973792292620e+02 2.578211763725606342e-01
8.300154918995204980e+02 2.595009403431183248e-01
8.301857864198117340e+02 2.581206233761226820e-01
8.303560809401030838e+02 2.546331372525685310e-01
8.305263754603943198e+02 2.509379166779694414e-01
8.306966699806856695e+02 2.488157473631384953e-01
8.308669645009769056e+02 2.486337593973482196e-01
8.310372590212681416e+02 2.493347704022051414e-01
8.312075535415594914e+02 2.501796983128818930e-01
8.313778480618507274e+02 2.509926481154314826e-01
8.315481425821419634e+02 2.519562722135277877e-01
8.317184371024333132e+02 2.535736411289264414e-01
8.318887316227245492e+02 2.557292396870834428e-01
8.320590261430158989e+02 2.584285591231876844e-01
8.322293206633071350e+02 2.624711805778762175e-01
8.323996151835983710e+02 2.673261959700132806e-01
8.325699097038897207e+02 2.707164056503129634e-01
8.327402042241809568e+02 2.716988881213374674e-01
8.329104987444721928e+02 2.718291343125764370e-01
8.330807932647635425e+02 2.728356100543804508e-01
8.332510877850547786e+02 2.740992666634673447e-01
8.334213823053461283e+02 2.732529815564593290e-01
8.335916768256373643e+02 2.692049335249239173e-01
8.337619713459286004e+02 2.639046155214721523e-01
8.339322658662199501e+02 2.609174303471313294e-01
8.341025603865111862e+02 2.616961675765712148e-01
8.342728549068024222e+02 2.645177770774033710e-01
8.344431494270937719e+02 2.679067966601670903e-01
8.346134439473850080e+02 2.717048947259820268e-01
8.347837384676763577e+02 2.752167424321619871e-01
8.349540329879675937e+02 2.775121415036644335e-01
8.351243275082588298e+02 2.776943181165030250e-01
8.352946220285501795e+02 2.754323917757424134e-01
8.354649165488414155e+02 2.723450663482042122e-01
8.356352110691327653e+02 2.710227704082333045e-01
8.358055055894240013e+02 2.726651748486279558e-01
8.359758001097152373e+02 2.765225574088756577e-01
8.361460946300065871e+02 2.804048074946073887e-01
8.363163891502978231e+02 2.820244230983403044e-01
8.364866836705890591e+02 2.815549227389903542e-01
8.366569781908804089e+02 2.812911339406991562e-01
8.368272727111716449e+02 2.819921675965732510e-01
8.369975672314629946e+02 2.822369547116916344e-01
8.371678617517542307e+02 2.816957344347238990e-01
8.373381562720454667e+02 2.818253969162273775e-01
8.375084507923368164e+02 2.827697309352458777e-01
8.376787453126280525e+02 2.829153682452785201e-01
8.378490398329192885e+02 2.823652079734527698e-01
8.380193343532106383e+02 2.831986512005567613e-01
8.381896288735018743e+02 2.853323209287148554e-01
8.383599233937932240e+02 2.865692919952220752e-01
8.385302179140844601e+02 2.863950817616079947e-01
8.387005124343756961e+02 2.851947407573598436e-01
8.388708069546670458e+02 2.823374148235899828e-01
8.390411014749582819e+02 2.788652491661062216e-01
8.392113959952495179e+02 2.776179048212775169e-01
8.393816905155408676e+02 2.799838628219200598e-01
8.395519850358321037e+02 2.855677945867390877e-01
8.397222795561234534e+02 2.926777897431688813e-01
8.398925740764146894e+02 2.989139052749618664e-01
8.400628685967059255e+02 3.027675897099069147e-01
8.402331631169972752e+02 3.039681005759010679e-01
8.404034576372885113e+02 3.034632396149460343e-01
8.405737521575798610e+02 3.036614529462577927e-01
8.407440466778710970e+02 3.063159467986071860e-01
8.409143411981623331e+02 3.106182748995223175e-01
8.410846357184536828e+02 3.144321598335645396e-01
8.412549302387449188e+02 3.159251716212958527e-01
8.414252247590361549e+02 3.140311665478353054e-01
8.415955192793275046e+02 3.095176007291564613e-01
8.417658137996187406e+02 3.046941110969920152e-01
8.419361083199100904e+02 3.007625525218898810e-01
8.421064028402013264e+02 2.978662339022726813e-01
8.422766973604925624e+02 2.963011432844437909e-01
8.424469918807839122e+02 2.957191748025665978e-01
8.426172864010751482e+02 2.952058684127210064e-01
8.427875809213663842e+02 2.950920043290082284e-01
8.429578754416577340e+02 2.963930889491726006e-01
8.431281699619489700e+02 2.991147393523247988e-01
8.432984644822403197e+02 3.030285276197099975e-01
8.434687590025315558e+02 3.078357514765749370e-01
8.436390535228227918e+02 3.126871892264451169e-01
8.438093480431141415e+02 3.172895892699114651e-01
8.439796425634053776e+02 3.219689092849285506e-01
8.441499370836966136e+02 3.263922032732149425e-01
8.443202316039879634e+02 3.299783238270007635e-01
8.444905261242791994e+02 3.325451482137710690e-01
8.446608206445705491e+02 3.340221826156127283e-01
8.448311151648617852e+02 3.348214893992623731e-01
8.450014096851530212e+02 3.354358925785481116e-01
8.451717042054443709e+02 3.359329025895721466e-01
8.453419987257356070e+02 3.366819901441609475e-01
8.455122932460269567e+02 3.382619996050726940e-01
8.456825877663181927e+02 3.398689071501179715e-01
8.458528822866094288e+02 3.401312804010231394e-01
8.460231768069007785e+02 3.399713835551532726e-01
8.461934713271920145e+02 3.412955341139382037e-01
8.463637658474832506e+02 3.436734593218564449e-01
8.465340603677746003e+02 3.452893649114229246e-01
8.467043548880658363e+02 3.460814710438706587e-01
8.468746494083571861e+02 3.474385067777393532e-01
8.470449439286484221e+02 3.493278245947886163e-01
8.472152384489396582e+02 3.499523578420646319e-01
8.473855329692310079e+02 3.485880213623417934e-01
8.475558274895222439e+02 3.465332942002433692e-01
8.477261220098134800e+02 3.454872652007315859e-01
8.478964165301048297e+02 3.465702621399286976e-01
8.480667110503960657e+02 3.496196423502834771e-01
8.482370055706874155e+02 3.530633277398481651e-01
8.484073000909786515e+02 3.548563441594674295e-01
8.485775946112698875e+02 3.541157881480734293e-01
8.487478891315612373e+02 3.524127798459449901e-01
8.489181836518524733e+02 3.522635090206712727e-01
8.490884781721437093e+02 3.547405977267905630e-01
8.492587726924350591e+02 3.586542119641052961e-01
8.494290672127262951e+02 3.614376898693364981e-01
8.495993617330176448e+02 3.610534160334878395e-01
8.497696562533088809e+02 3.572292430459437784e-01
8.499399507736001169e+02 3.516516202038331151e-01
8.501102452938914666e+02 3.470939189218137377e-01
8.502805398141827027e+02 3.450886532020347452e-01
8.504508343344740524e+02 3.453459029920915579e-01
8.506211288547652885e+02 3.473838888956347626e-01
8.507914233750565245e+02 3.504832719329260549e-01
8.509617178953478742e+02 3.529014914307090356e-01
8.511320124156391103e+02 3.536202602430930098e-01
8.513023069359303463e+02 3.542114706417527903e-01
8.514726014562216960e+02 3.570415231467477524e-01
8.516428959765129321e+02 3.619021627286601039e-01
8.518131904968042818e+02 3.656605213416722622e-01
8.519834850170955178e+02 3.663880500235647819e-01
8.521537795373867539e+02 3.656935853454659213e-01
8.523240740576781036e+02 3.656065581249656748e-01
8.524943685779693396e+02 3.664708213430858952e-01
8.526646630982605757e+02 3.685336688380112524e-01
8.528349576185519254e+02 3.714961707260335810e-01
8.530052521388431614e+02 3.735668376481112718e-01
8.531755466591345112e+02 3.736148195990262599e-01
8.533458411794257472e+02 3.727503421492988078e-01
8.535161356997169833e+02 3.725992004880322450e-01
8.536864302200083330e+02 3.733410953877738248e-01
8.538567247402995690e+02 3.742135127970989128e-01
8.540270192605908051e+02 3.747892618237301798e-01
8.541973137808821548e+02 3.753396076589988750e-01
8.543676083011733908e+02 3.767993562181666256e-01
8.545379028214647406e+02 3.798205951560446048e-01
8.547081973417559766e+02 3.832974843465327686e-01
8.548784918620472126e+02 3.849695797927980001e-01
8.550487863823385624e+02 3.839903540286735417e-01
8.552190809026297984e+02 3.819569318605200992e-01
8.553893754229211481e+02 3.815273017127882027e-01
8.555596699432123842e+02 3.840946363541107855e-01
8.557299644635036202e+02 3.880028911939239489e-01
8.559002589837949699e+02 3.904639826694563665e-01
8.560705535040862060e+02 3.908140055513607547e-01
8.562408480243774420e+02 3.901396105631426137e-01
8.564111425446687917e+02 3.894259309963405968e-01
8.565814370649600278e+02 3.894524806156463015e-01
8.567517315852513775e+02 3.907780172868643431e-01
8.569220261055426135e+02 3.932603353878307284e-01
8.570923206258338496e+02 3.966382461118551639e-01
8.572626151461251993e+02 4.010769229128167690e-01
8.574329096664164354e+02 4.064191571459278562e-01
8.576032041867076714e+02 4.118710535925707017e-01
8.577734987069990211e+02 4.167363069294292011e-01
8.579437932272902572e+02 4.207229075406022090e-01
8.581140877475816069e+02 4.237585914310274537e-01
8.582843822678728429e+02 4.256995655318318583e-01
8.584546767881640790e+02 4.258794719293977904e-01
8.586249713084554287e+02 4.236777785754434200e-01
8.587952658287466647e+02 4.202937071200196217e-01
8.589655603490379008e+02 4.183520556745813912e-01
8.591358548693292505e+02 4.190401826308219335e-01
8.593061493896204865e+02 4.217751258073197951e-01
8.594764439099118363e+02 4.252498555132447899e-01
8.596467384302030723e+02 4.274130337583050832e-01
8.598170329504943084e+02 4.264189942593490379e-01
8.599873274707856581e+02 4.231397730422500336e-01
8.601576219910768941e+02 4.209601697523621677e-01
8.603279165113682438e+02 4.222020610985018907e-01
8.604982110316594799e+02 4.265389385725241178e-01
8.606685055519507159e+02 4.320528147404791852e-01
8.608388000722420657e+02 4.368404777696622832e-01
8.610090945925333017e+02 4.406564717439101497e-01
8.611793891128245377e+02 4.444224544953545575e-01
8.613496836331158875e+02 4.480371515881631517e-01
8.615199781534071235e+02 4.501395422658620582e-01
8.616902726736984732e+02 4.497450531179921218e-01
8.618605671939897093e+02 4.474077894080571438e-01
8.620308617142809453e+02 4.449179614195272747e-01
8.622011562345722950e+02 4.437398036825546122e-01
8.623714507548635311e+02 4.442291020871986795e-01
8.625417452751547671e+02 4.462169414321250915e-01
8.627120397954461168e+02 4.489872630690214805e-01
8.628823343157373529e+02 4.514926447464410741e-01
8.630526288360287026e+02 4.533887644822143237e-01
8.632229233563199386e+02 4.551324010925327235e-01
8.633932178766111747e+02 4.571228203318878913e-01
8.635635123969025244e+02 4.596086342446353279e-01
8.637338069171937605e+02 4.624469701307708513e-01
8.639041014374851102e+02 4.649987605632839305e-01
8.640743959577763462e+02 4.675116301504873007e-01
8.642446904780675823e+02 4.709877915720334096e-01
8.644149849983589320e+02 4.750634950951750923e-01
8.645852795186501680e+02 4.784502600082359280e-01
8.647555740389414041e+02 4.808769818520076678e-01
8.649258685592327538e+02 4.825712238312936386e-01
8.650961630795239898e+02 4.836596898832807856e-01
8.652664575998153396e+02 4.851676985979242462e-01
8.654367521201065756e+02 4.877839522127640492e-01
8.656070466403978116e+02 4.896855814125438133e-01
8.657773411606891614e+02 4.878772594166098653e-01
8.659476356809803974e+02 4.819541372720360095e-01
8.661179302012716335e+02 4.753044358165048888e-01
8.662882247215629832e+02 4.721596386345194296e-01
8.664585192418542192e+02 4.737628841550824976e-01
8.666288137621455689e+02 4.772594338066240560e-01
8.667991082824368050e+02 4.782642855590479858e-01
8.669694028027280410e+02 4.750569951095203192e-01
8.671396973230193908e+02 4.704393416407224304e-01
8.673099918433106268e+02 4.687176481616792678e-01
8.674802863636018628e+02 4.719792757411615525e-01
8.676505808838932126e+02 4.797654294128956276e-01
8.678208754041844486e+02 4.901898577209110597e-01
8.679911699244757983e+02 5.003059536701581766e-01
8.681614644447670344e+02 5.074293065822197413e-01
8.683317589650582704e+02 5.123362707055563181e-01
8.685020534853496201e+02 5.180090821551268654e-01
8.686723480056408562e+02 5.249544481573313881e-01
8.688426425259322059e+02 5.311744497421483358e-01
8.690129370462234419e+02 5.352699807757552719e-01
8.691832315665146780e+02 5.366434151062220437e-01
8.693535260868060277e+02 5.352284621676697274e-01
8.695238206070972637e+02 5.328908912515408769e-01
8.696941151273884998e+02 5.318926587550896201e-01
8.698644096476798495e+02 5.318309749913581186e-01
8.700347041679710856e+02 5.313652085777481604e-01
8.702049986882624353e+02 5.307900295631893250e-01
8.703752932085536713e+02 5.312378779423236885e-01
8.705455877288449074e+02 5.336909170602170960e-01
8.707158822491362571e+02 5.385987744490302598e-01
8.708861767694274931e+02 5.451925078763395494e-01
8.710564712897187292e+02 5.517622171305238687e-01
8.712267658100100789e+02 5.563782825103695817e-01
8.713970603303013149e+02 5.576391841426315832e-01
8.715673548505926647e+02 5.554013025172521711e-01
8.717376493708839007e+02 5.513231660343089757e-01
8.719079438911751367e+02 5.480554496620839711e-01
8.720782384114664865e+02 5.473568417963399213e-01
8.722485329317577225e+02 5.499996559652338135e-01
8.724188274520489585e+02 5.565403091301392990e-01
8.725891219723403083e+02 5.656070001587613083e-01
8.727594164926315443e+02 5.732320071423220309e-01
8.729297110129228940e+02 5.769683720757319279e-01
8.731000055332141301e+02 5.781436715806866911e-01
8.732703000535053661e+02 5.785563261708019933e-01
8.734405945737967158e+02 5.784984526513052838e-01
8.736108890940879519e+02 5.791447827951127225e-01
8.737811836143793016e+02 5.830593130650265632e-01
8.739514781346705377e+02 5.904503084449699291e-01
8.741217726549617737e+02 5.981581877649464474e-01
8.742920671752531234e+02 6.035498560952274882e-01
8.744623616955443595e+02 6.063540556935705927e-01
8.746326562158355955e+02 6.068619870996274646e-01
8.748029507361269452e+02 6.061056118068666176e-01
8.749732452564181813e+02 6.066303295228555603e-01
8.751435397767095310e+02 6.094104593215778909e-01
8.753138342970007670e+02 6.121508332068708036e-01
8.754841288172920031e+02 6.127599781350856478e-01
8.756544233375833528e+02 6.117655365961800484e-01
8.758247178578745888e+02 6.115775209708311788e-01
8.759950123781658249e+02 6.150636762029126903e-01
8.761653068984571746e+02 6.226820920747155874e-01
8.763356014187484107e+02 6.307060620318820643e-01
8.765058959390397604e+02 6.348179557427724440e-01
8.766761904593309964e+02 6.340524249993952921e-01
8.768464849796222325e+02 6.303693944253829784e-01
8.770167794999135822e+02 6.267932348122795538e-01
8.771870740202048182e+02 6.256817013075368639e-01
8.773573685404960543e+02 6.275394255695305734e-01
8.775276630607874040e+02 6.315523719435096606e-01
8.776979575810786400e+02 6.362838084490934909e-01
8.778682521013699898e+02 6.404931348228373178e-01
8.780385466216612258e+02 6.443349358824432827e-01
8.782088411419524618e+02 6.493451559005340989e-01
8.783791356622438116e+02 6.562691150659355488e-01
8.785494301825350476e+02 6.635879034987355318e-01
8.787197247028263973e+02 6.693570950942798747e-01
8.788900192231176334e+02 6.733205449836523471e-01
8.790603137434088694e+02 6.757586631721883563e-01
8.792306082637002191e+02 6.758967403842728316e-01
8.794009027839914552e+02 6.729187052779794787e-01
8.795711973042826912e+02 6.673232299702962500e-01
8.797414918245740409e+02 6.611832280134277706e-01
8.799117863448652770e+02 6.571366882349669591e-01
8.800820808651566267e+02 6.564141340372466882e-01
8.802523753854478628e+02 6.580794787866661721e-01
8.804226699057390988e+02 6.604440250339627116e-01
8.805929644260304485e+02 6.629725888643296372e-01
8.807632589463216846e+02 6.664524806348643970e-01
8.809335534666129206e+02 6.717066428519360421e-01
8.811038479869042703e+02 6.784451180565762574e-01
8.812741425071955064e+02 6.856697090623754542e-01
8.814444370274868561e+02 6.928830289769878359e-01
8.816147315477780921e+02 6.998227792730731256e-01
8.817850260680693282e+02 7.061659369241648498e-01
8.819553205883606779e+02 7.116898872379417984e-01
8.821256151086519139e+02 7.155855540868468756e-01
8.822959096289431500e+02 7.171029984917607347e-01
8.824662041492344997e+02 7.171526638079933624e-01
8.826364986695257357e+02 7.166877051251034914e-01
8.828067931898170855e+02 7.148699118903492078e-01
8.829770877101083215e+02 7.114241572711854644e-01
8.831473822303995576e+02 7.074888772538476811e-01
8.833176767506909073e+02 7.041152804207173599e-01
8.834879712709821433e+02 7.023965168975976336e-01
8.836582657912734931e+02 7.032652061169011315e-01
8.838285603115647291e+02 7.063002619448234265e-01
8.839988548318559651e+02 7.101556985549731804e-01
8.841691493521473149e+02 7.136244870187429257e-01
8.843394438724385509e+02 7.164493394004112226e-01
8.845097383927297869e+02 7.195132678686035899e-01
8.846800329130211367e+02 7.240254678603359473e-01
8.848503274333123727e+02 7.303818857669157616e-01
8.850206219536037224e+02 7.379738091503063036e-01
8.851909164738949585e+02 7.457360065933666959e-01
8.853612109941861945e+02 7.525620247927586881e-01
8.855315055144775442e+02 7.574518154984566376e-01
8.857018000347687803e+02 7.606674247219102902e-01
8.858720945550600163e+02 7.634694267296775472e-01
8.860423890753513660e+02 7.658454311561524452e-01
8.862126835956426021e+02 7.674873863544358077e-01
8.863829781159339518e+02 7.695560217479961995e-01
8.865532726362251879e+02 7.729187495642559913e-01
8.867235671565164239e+02 7.769828262174673927e-01
8.868938616768077736e+02 7.811130386123537050e-01
8.870641561970990097e+02 7.850307055700006531e-01
8.872344507173902457e+02 7.886192273000054431e-01
8.874047452376815954e+02 7.912706676100564884e-01
8.875750397579728315e+02 7.914912600890522398e-01
8.877453342782641812e+02 7.888518344349986222e-01
8.879156287985554172e+02 7.854764757323035029e-01
8.880859233188466533e+02 7.839075437500443444e-01
8.882562178391380030e+02 7.849268433329902317e-01
8.884265123594292390e+02 7.879862532206716175e-01
8.885968068797205888e+02 7.917476436980593890e-01
8.887671014000118248e+02 7.950637944655296607e-01
8.889373959203030608e+02 7.984648986378767299e-01
8.891076904405944106e+02 8.032752586814339013e-01
8.892779849608856466e+02 8.096981164012926335e-01
8.894482794811768827e+02 8.171811909991596456e-01
8.896185740014682324e+02 8.265301939827436328e-01
8.897888685217594684e+02 8.384411039093839779e-01
8.899591630420508181e+02 8.499223352636575690e-01
8.901294575623420542e+02 8.557703907456003511e-01
8.902997520826332902e+02 8.537348707303791251e-01
8.904700466029246400e+02 8.469550304323862910e-01
8.906403411232158760e+02 8.409258943373608686e-01
8.908106356435071120e+02 8.391712279114260653e-01
8.909809301637984618e+02 8.424387391945138415e-01
8.911512246840896978e+02 8.497321020111980872e-01
8.913215192043810475e+02 8.582441296137333087e-01
8.914918137246722836e+02 8.643663202204945328e-01
8.916621082449635196e+02 8.672704515852505125e-01
8.918324027652548693e+02 8.693545601528738231e-01
8.920026972855461054e+02 8.722341017155326170e-01
8.921729918058373414e+02 8.752939260405288024e-01
8.923432863261286911e+02 8.778754066820912971e-01
8.925135808464199272e+02 8.803022732002780959e-01
8.926838753667112769e+02 8.830161500598394664e-01
8.928541698870025130e+02 8.863817197566861150e-01
8.930244644072937490e+02 8.908186051740321076e-01
8.931947589275850987e+02 8.959861510658477801e-01
8.933650534478763348e+02 9.006349363199646074e-01
8.935353479681676845e+02 9.044068243726643974e-01
8.937056424884589205e+02 9.077921172848264497e-01
8.938759370087501566e+02 9.099325900541678225e-01
8.940462315290415063e+02 9.097319797572458455e-01
8.942165260493327423e+02 9.086718493658259010e-01
8.943868205696239784e+02 9.094102543256583626e-01
8.945571150899153281e+02 9.125305830402360430e-01
8.947274096102065641e+02 9.160949886820534127e-01
8.948977041304979139e+02 9.182821666603433464e-01
8.950679986507891499e+02 9.195071999531077012e-01
8.952382931710803859e+02 9.213679586628664708e-01
8.954085876913717357e+02 9.250478410783953276e-01
8.955788822116629717e+02 9.305754743556802211e-01
8.957491767319542078e+02 9.368269141190739280e-01
8.959194712522455575e+02 9.425353300932356460e-01
8.960897657725367935e+02 9.471612138225385946e-01
8.962600602928281432e+02 9.512313302690557082e-01
8.964303548131193793e+02 9.555109048930856552e-01
8.966006493334106153e+02 9.597530385656242169e-01
8.967709438537019651e+02 9.627696987887839342e-01
8.969412383739932011e+02 9.640245436989374195e-01
8.971115328942845508e+02 9.648933386685460967e-01
8.972818274145757869e+02 9.670722895533987451e-01
8.974521219348670229e+02 9.702226750006019973e-01
8.976224164551583726e+02 9.721856874938314963e-01
8.977927109754496087e+02 9.716467538514412805e-01
8.979630054957408447e+02 9.700371147060178334e-01
8.981333000160321944e+02 9.703195259036363485e-01
8.983035945363234305e+02 9.740910419745578697e-01
8.984738890566147802e+02 9.802099054786050925e-01
8.986441835769060162e+02 9.863464947924516224e-01
8.988144780971972523e+02 9.908204765124813962e-01
8.989847726174886020e+02 9.929261690926822759e-01
8.991550671377798380e+02 9.926755611543949254e-01
8.993253616580710741e+02 9.910527550236484240e-01
8.994956561783624238e+02 9.903287728875288520e-01
8.996659506986536599e+02 9.923211308066842706e-01
8.998362452189450096e+02 9.959420231401477919e-01
9.000065397392362456e+02 9.984217169246460966e-01
9.001768342595274817e+02 9.989130147950179284e-01
9.003471287798188314e+02 9.995854992480828205e-01
9.005174233001100674e+02 1.003452042284001866e+00
9.006877178204013035e+02 1.011043466478918518e+00
9.008580123406926532e+02 1.019590676546809904e+00
9.010283068609838892e+02 1.025989661730402069e+00
9.011986013812752390e+02 1.029502589767729903e+00
9.013688959015664750e+02 1.031263385576823843e+00
9.015391904218577110e+02 1.032121476522384285e+00
9.017094849421490608e+02 1.032202718716286549e+00
9.018797794624402968e+02 1.032393651067735618e+00
9.020500739827316465e+02 1.033966047484137007e+00
9.022203685030228826e+02 1.036715979791849485e+00
9.023906630233141186e+02 1.039343063510478116e+00
9.025609575436054683e+02 1.041269047256823566e+00
9.027312520638967044e+02 1.043141140299648217e+00
9.029015465841879404e+02 1.045840418127709448e+00
9.030718411044792902e+02 1.048720972576764776e+00
9.032421356247705262e+02 1.050331296422631455e+00
9.034124301450618759e+02 1.051706609982746121e+00
9.035827246653531120e+02 1.056293544164274900e+00
9.037530191856443480e+02 1.065624670293697562e+00
9.039233137059356977e+02 1.077317557772042189e+00
9.040936082262269338e+02 1.087156524099810007e+00
9.042639027465181698e+02 1.091759445937594997e+00
9.044341972668095195e+02 1.089585670341139734e+00
9.046044917871007556e+02 1.081670675821725158e+00
9.047747863073921053e+02 1.072093937275021336e+00
9.049450808276833413e+02 1.065630821668600348e+00
9.051153753479745774e+02 1.064384668278448576e+00
9.052856698682659271e+02 1.066587924344536864e+00
9.054559643885571631e+02 1.069007422110857863e+00
9.056262589088483992e+02 1.070550531796629068e+00
9.057965534291397489e+02 1.072265889271267536e+00
9.059668479494309850e+02 1.074728627624047306e+00
9.061371424697223347e+02 1.077773817070230233e+00
9.063074369900135707e+02 1.082321592111085362e+00
9.064777315103048068e+02 1.089558139933035186e+00
9.066480260305961565e+02 1.098751743812314441e+00
9.068183205508873925e+02 1.107505324399453706e+00
9.069886150711787423e+02 1.114474276497808169e+00
9.071589095914699783e+02 1.120393848062437581e+00
9.073292041117612143e+02 1.125108731153582564e+00
9.074994986320525641e+02 1.126883000071016827e+00
9.076697931523438001e+02 1.125759530087649729e+00
9.078400876726350361e+02 1.123614841301550094e+00
9.080103821929263859e+02 1.122149315246318002e+00
9.081806767132176219e+02 1.122755955666460803e+00
9.083509712335089716e+02 1.125926001193490622e+00
9.085212657538002077e+02 1.130709017827079554e+00
9.086915602740914437e+02 1.135731456748946933e+00
9.088618547943827934e+02 1.139820734639536148e+00
9.090321493146740295e+02 1.141846359037063774e+00
9.092024438349652655e+02 1.141927534382380038e+00
9.093727383552566153e+02 1.141822355055496452e+00
9.095430328755478513e+02 1.142608411017738801e+00
9.097133273958392010e+02 1.143799965366332883e+00
9.098836219161304371e+02 1.145536205909385874e+00
9.100539164364216731e+02 1.148504775325847049e+00
9.102242109567130228e+02 1.152094791328961421e+00
9.103945054770042589e+02 1.155321921966964149e+00
9.105647999972954949e+02 1.157745504470201414e+00
9.107350945175868446e+02 1.159352303261000472e+00
9.109053890378780807e+02 1.161806186867500923e+00
9.110756835581694304e+02 1.167844660298946069e+00
9.112459780784606664e+02 1.178090565191127759e+00
9.114162725987519025e+02 1.189303550329836145e+00
9.115865671190432522e+02 1.196611585908126774e+00
9.117568616393344882e+02 1.197771113133418552e+00
9.119271561596258380e+02 1.194598215808373887e+00
9.120974506799170740e+02 1.190065056759152640e+00
9.122677452002083101e+02 1.185672496144084320e+00
9.124380397204996598e+02 1.182554897529473514e+00
9.126083342407908958e+02 1.182772088493384999e+00
9.127786287610821319e+02 1.187362419564589544e+00
9.129489232813734816e+02 1.194475187947837025e+00
9.131192178016647176e+02 1.201538457910070523e+00
9.132895123219560674e+02 1.207385524184065861e+00
9.134598068422473034e+02 1.210975943104631636e+00
9.136301013625385394e+02 1.211163987348043758e+00
9.138003958828298892e+02 1.208484592202695662e+00
9.139706904031211252e+02 1.204885923783946655e+00
9.141409849234123612e+02 1.202156483691882993e+00
9.143112794437037110e+02 1.201710327000969469e+00
9.144815739639949470e+02 1.203754266000329753e+00
9.146518684842862967e+02 1.206617862468719160e+00
9.148221630045775328e+02 1.208904914790081220e+00
9.149924575248687688e+02 1.210903401006118596e+00
9.151627520451601185e+02 1.212824372204555523e+00
9.153330465654513546e+02 1.214138593239888486e+00
9.155033410857425906e+02 1.215343680945886629e+00
9.156736356060339403e+02 1.216909634146872587e+00
9.158439301263251764e+02 1.218015134629789387e+00
9.160142246466165261e+02 1.219227833427190433e+00
9.161845191669077622e+02 1.222698285427625375e+00
9.163548136871989982e+02 1.228512339154001154e+00
9.165251082074903479e+02 1.235026056035030351e+00
9.166954027277815840e+02 1.241512327525179593e+00
9.168656972480729337e+02 1.247179164081703817e+00
9.170359917683641697e+02 1.250764419901343905e+00
9.172062862886554058e+02 1.253072644079491038e+00
9.173765808089467555e+02 1.256577367655996369e+00
9.175468753292379915e+02 1.261591042491842840e+00
9.177171698495292276e+02 1.266241902775908423e+00
9.178874643698205773e+02 1.269641461278463224e+00
9.180577588901118133e+02 1.272309178944011965e+00
9.182280534104031631e+02 1.274439292813194902e+00
9.183983479306943991e+02 1.275789835357283852e+00
9.185686424509856352e+02 1.276642417515674088e+00
9.187389369712769849e+02 1.277948163985588748e+00
9.189092314915682209e+02 1.280923322269436060e+00
9.190795260118594570e+02 1.285849455058836854e+00
9.192498205321508067e+02 1.290683988535145321e+00
9.194201150524420427e+02 1.292669825870672584e+00
9.195904095727333925e+02 1.291291037910146988e+00
9.197607040930246285e+02 1.288203428704276288e+00
9.199309986133158645e+02 1.285754362743536827e+00
9.201012931336072143e+02 1.286451805559625017e+00
9.202715876538984503e+02 1.291682655954710546e+00
9.204418821741896863e+02 1.299628266572206758e+00
9.206121766944810361e+02 1.306476117147405747e+00
9.207824712147722721e+02 1.310262077091829847e+00
9.209527657350636218e+02 1.310607853342564688e+00
9.211230602553548579e+02 1.306593577526365513e+00
9.212933547756460939e+02 1.298394945662538991e+00
9.214636492959374436e+02 1.290045279808542444e+00
9.216339438162286797e+02 1.287580100606060540e+00
9.218042383365200294e+02 1.293116680169674737e+00
9.219745328568112654e+02 1.303501895559201706e+00
9.221448273771025015e+02 1.315164848127711172e+00
9.223151218973938512e+02 1.327101980314117302e+00
9.224854164176850873e+02 1.338550673263208424e+00
9.226557109379763233e+02 1.347471350900032672e+00
9.228260054582676730e+02 1.351549684326656564e+00
9.229962999785589091e+02 1.348992798919482095e+00
9.231665944988502588e+02 1.340767447604253260e+00
9.233368890191414948e+02 1.332164814145680776e+00
9.235071835394327309e+02 1.328945530359473493e+00
9.236774780597240806e+02 1.332714671925144145e+00
9.238477725800153166e+02 1.341247266906901769e+00
9.240180671003065527e+02 1.350860419753380004e+00
9.241883616205979024e+02 1.358090049116878362e+00
9.243586561408891384e+02 1.362318567298796079e+00
9.245289506611804882e+02 1.366689838414049341e+00
9.246992451814717242e+02 1.374266362555619292e+00
9.248695397017629602e+02 1.383879099528335210e+00
9.250398342220543100e+02 1.391712057447898498e+00
9.252101287423455460e+02 1.395824559058033598e+00
9.253804232626367821e+02 1.396903347062912415e+00
9.255507177829281318e+02 1.396158325824520929e+00
9.257210123032193678e+02 1.394646977637123086e+00
9.258913068235107175e+02 1.393843179645907426e+00
9.260616013438019536e+02 1.394689729803042955e+00
9.262318958640931896e+02 1.397697562715921382e+00
9.264021903843845394e+02 1.403119973360453798e+00
9.265724849046757754e+02 1.410130013077719457e+00
9.267427794249671251e+02 1.416639908837255657e+00
9.269130739452583612e+02 1.420859217055497226e+00
9.270833684655495972e+02 1.422995597190739314e+00
9.272536629858409469e+02 1.425155991570093983e+00
9.274239575061321830e+02 1.429745503994542144e+00
9.275942520264234190e+02 1.437117348932099192e+00
9.277645465467147687e+02 1.445089956940493803e+00
9.279348410670060048e+02 1.450841012573704125e+00
9.281051355872973545e+02 1.453066890851008708e+00
9.282754301075885905e+02 1.452443872981172834e+00
9.284457246278798266e+02 1.450244554936111374e+00
9.286160191481711763e+02 1.447028515014692873e+00
9.287863136684624124e+02 1.442960622929919445e+00
9.289566081887536484e+02 1.438786843880730970e+00
9.291269027090449981e+02 1.436426716287096728e+00
9.292971972293362342e+02 1.437729520211097789e+00
9.294674917496275839e+02 1.443015296976529527e+00
9.296377862699188199e+02 1.451720482562893766e+00
9.298080807902100560e+02 1.462165962229290628e+00
9.299783753105014057e+02 1.470453910448403789e+00
9.301486698307926417e+02 1.472428074987301105e+00
9.303189643510839915e+02 1.467146409697499987e+00
9.304892588713752275e+02 1.456939259042731694e+00
9.306595533916664635e+02 1.444858241474681559e+00
9.308298479119578133e+02 1.434039425280154267e+00
9.310001424322490493e+02 1.427713086339379878e+00
9.311704369525402853e+02 1.426874202451452911e+00
9.313407314728316351e+02 1.429944241933426508e+00
9.315110259931228711e+02 1.435035812072487982e+00
9.316813205134142208e+02 1.440488314515674162e+00
9.318516150337054569e+02 1.445226633946078199e+00
9.320219095539966929e+02 1.449255848213809150e+00
9.321922040742880426e+02 1.453020531506393986e+00
9.323624985945792787e+02 1.456995608397916087e+00
9.325327931148705147e+02 1.461540736051049283e+00
9.327030876351618645e+02 1.466470823394154355e+00
9.328733821554531005e+02 1.471765894445837386e+00
9.330436766757444502e+02 1.478079985410116315e+00
9.332139711960356863e+02 1.484971151764455932e+00
9.333842657163269223e+02 1.490276589153934683e+00
9.335545602366182720e+02 1.492073633132607213e+00
9.337248547569095081e+02 1.490465059513254698e+00
9.338951492772007441e+02 1.487514914083836182e+00
9.340654437974920938e+02 1.485396549167123270e+00
9.342357383177833299e+02 1.484799537547096815e+00
9.344060328380746796e+02 1.484896772928478104e+00
9.345763273583659156e+02 1.484251389140849531e+00
9.347466218786571517e+02 1.481799134085169056e+00
9.349169163989485014e+02 1.477649886696333015e+00
9.350872109192397374e+02 1.473130747979332966e+00
9.352575054395310872e+02 1.469388865462852412e+00
9.354277999598223232e+02 1.466454216870983984e+00
9.355980944801135593e+02 1.464194016566901624e+00
9.357683890004049090e+02 1.463331040474225020e+00
9.359386835206961450e+02 1.465058436219911719e+00
9.361089780409873811e+02 1.469419952043551358e+00
9.362792725612787308e+02 1.474506490963107597e+00
9.364495670815699668e+02 1.478101143315425414e+00
9.366198616018613166e+02 1.480043927478485344e+00
9.367901561221525526e+02 1.482278942944616151e+00
9.369604506424437886e+02 1.486304794868863022e+00
9.371307451627351384e+02 1.492316735216327128e+00
9.373010396830263744e+02 1.499366525259022032e+00
9.374713342033176104e+02 1.504661009535656291e+00
9.376416287236089602e+02 1.505319708723671823e+00
9.378119232439001962e+02 1.501571495160908931e+00
9.379822177641915459e+02 1.496611609298611034e+00
9.381525122844827820e+02 1.493777952501995854e+00
9.383228068047740180e+02 1.495051348200339802e+00
9.384931013250653677e+02 1.500364244138458591e+00
9.386633958453566038e+02 1.507721450670785002e+00
9.388336903656478398e+02 1.515221278133388694e+00
9.390039848859391896e+02 1.522237608059683334e+00
9.391742794062304256e+02 1.529467771193777192e+00
9.393445739265217753e+02 1.538946768001904886e+00
9.395148684468130114e+02 1.551904773626453515e+00
9.396851629671042474e+02 1.565494623534640084e+00
9.398554574873955971e+02 1.574060985650640010e+00
9.400257520076868332e+02 1.574673950257406085e+00
9.401960465279781829e+02 1.569484064843570614e+00
9.403663410482694189e+02 1.562979267802771854e+00
9.405366355685606550e+02 1.558591027555636721e+00
9.407069300888520047e+02 1.556865240908115844e+00
9.408772246091432407e+02 1.556114697674035874e+00
9.410475191294344768e+02 1.555286837652508414e+00
9.412178136497258265e+02 1.554791753891080042e+00
9.413881081700170625e+02 1.554688467192216983e+00
9.415584026903084123e+02 1.554608477293467406e+00
9.417286972105996483e+02 1.555647753942438705e+00
9.418989917308908844e+02 1.558087246307166440e+00
9.420692862511822341e+02 1.559818579594264065e+00
9.422395807714734701e+02 1.559030607655024436e+00
9.424098752917647062e+02 1.555420645338653429e+00
9.425801698120560559e+02 1.558309901535276820e+00
9.427504643323472919e+02 1.580967330086558764e+00
9.429207588526386417e+02 1.602563795791887236e+00
9.430910533729298777e+02 1.597657202768774987e+00
9.432613478932211137e+02 1.575927555246681155e+00
9.434316424135124635e+02 1.555571126919064628e+00
9.436019369338036995e+02 1.549517219157933612e+00
9.437722314540949355e+02 1.554513141184472591e+00
9.439425259743862853e+02 1.559308682780108590e+00
9.441128204946775213e+02 1.560577894968743440e+00
9.442831150149688710e+02 1.560560088029605552e+00
9.444534095352601071e+02 1.560453479228999685e+00
9.446237040555513431e+02 1.560010313536923654e+00
9.447939985758426928e+02 1.559291394573417922e+00
9.449642930961339289e+02 1.558404794152385087e+00
9.451345876164252786e+02 1.556957010669076436e+00
9.453048821367165147e+02 1.554022341878247726e+00
9.454751766570077507e+02 1.548512032184081733e+00
9.456454711772991004e+02 1.539968794328790969e+00
9.458157656975903365e+02 1.530287768775576929e+00
9.459860602178815725e+02 1.523723198920172717e+00
9.461563547381729222e+02 1.523064671238431256e+00
9.463266492584641583e+02 1.527062903067574418e+00
9.464969437787555080e+02 1.532181133062037626e+00
9.466672382990467440e+02 1.535085300455706570e+00
9.468375328193379801e+02 1.533982255728476574e+00
9.470078273396293298e+02 1.529598732687628360e+00
9.471781218599205658e+02 1.524289901004073577e+00
9.473484163802118019e+02 1.519722046077581545e+00
9.475187109005031516e+02 1.516238847026730507e+00
9.476890054207943876e+02 1.513086686281647886e+00
9.478592999410857374e+02 1.509616963888486207e+00
9.480295944613769734e+02 1.507344062300155718e+00
9.481998889816682095e+02 1.508977936875012915e+00
9.483701835019595592e+02 1.515159848035615209e+00
9.485404780222507952e+02 1.523410332790934074e+00
9.487107725425420313e+02 1.529867425441451045e+00
9.488810670628333810e+02 1.532375285958012867e+00
9.490513615831246170e+02 1.532212280714215780e+00
9.492216561034159668e+02 1.532332009698255115e+00
9.493919506237072028e+02 1.532612872472651322e+00
9.495622451439984388e+02 1.529228196836259546e+00
9.497325396642897886e+02 1.519503610042993502e+00
9.499028341845810246e+02 1.505551032509311105e+00
9.500731287048723743e+02 1.492141035306765229e+00
9.502434232251636104e+02 1.482209286489097888e+00
9.504137177454548464e+02 1.476601221509983963e+00
9.505840122657461961e+02 1.476134113329651498e+00
9.507543067860374322e+02 1.480529581637273218e+00
9.509246013063286682e+02 1.487178392578619057e+00
9.510948958266200179e+02 1.493736597589124582e+00
9.512651903469112540e+02 1.499999189987565540e+00
9.514354848672026037e+02 1.505996194111222763e+00
9.516057793874938397e+02 1.510249799754727285e+00
9.517760739077850758e+02 1.512104655427492172e+00
9.519463684280764255e+02 1.514006985449862785e+00
9.521166629483676616e+02 1.518572833643950348e+00
9.522869574686588976e+02 1.524548399503926843e+00
9.524572519889502473e+02 1.528686114354303127e+00
9.526275465092414834e+02 1.530151623067784072e+00
9.527978410295328331e+02 1.529592893567493839e+00
9.529681355498240691e+02 1.527234574640014442e+00
9.531384300701153052e+02 1.523888172597844815e+00
9.533087245904066549e+02 1.520785023143479187e+00
9.534790191106978909e+02 1.517450260702602804e+00
9.536493136309891270e+02 1.511377221063600951e+00
9.538196081512804767e+02 1.501700512115319297e+00
9.539899026715717127e+02 1.491013051202623840e+00
9.541601971918630625e+02 1.482078624697127367e+00
9.543304917121542985e+02 1.475822182855430320e+00
9.545007862324455346e+02 1.471696771237539725e+00
9.546710807527368843e+02 1.468769828229759433e+00
9.548413752730281203e+02 1.467674197718692897e+00
9.550116697933194700e+02 1.469955250294064708e+00
9.551819643136107061e+02 1.474328906117922999e+00
9.553522588339019421e+02 1.476913795034140886e+00
9.555225533541932919e+02 1.476540300852685839e+00
9.556928478744845279e+02 1.475873172993656723e+00
9.558631423947757639e+02 1.478140914678823137e+00
9.560334369150671137e+02 1.484605341795931954e+00
9.562037314353583497e+02 1.493758310231417141e+00
9.563740259556496994e+02 1.503388477633102127e+00
9.565443204759409355e+02 1.511996206114982311e+00
9.567146149962321715e+02 1.518256933137839937e+00
9.568849095165235212e+02 1.521138322414517630e+00
9.570552040368147573e+02 1.520928525640087292e+00
9.572254985571059933e+02 1.518432908624860467e+00
9.573957930773973430e+02 1.513733981202653123e+00
9.575660875976885791e+02 1.507441977859335314e+00
9.577363821179799288e+02 1.502040821895583189e+00
9.579066766382711648e+02 1.500256064364166919e+00
9.580769711585624009e+02 1.503008844406312772e+00
9.582472656788537506e+02 1.509271560813007618e+00
9.584175601991449867e+02 1.517155798606004247e+00
9.585878547194362227e+02 1.525169520165572612e+00
9.587581492397275724e+02 1.532120447257841356e+00
9.589284437600188085e+02 1.536740282656779311e+00
9.590987382803101582e+02 1.539113112854075593e+00
9.592690328006013942e+02 1.541250461423909313e+00
9.594393273208926303e+02 1.545060338403239975e+00
9.596096218411839800e+02 1.550527066361749640e+00
9.597799163614752160e+02 1.556030886809097069e+00
9.599502108817665658e+02 1.559926003428850461e+00
9.601205054020578018e+02 1.561171522488992824e+00
9.602907999223490378e+02 1.559950565913637233e+00
9.604610944426403876e+02 1.558170306805447769e+00
9.606313889629316236e+02 1.558588131941314625e+00
9.608016834832228596e+02 1.562227382375922513e+00
9.609719780035142094e+02 1.567405741387741358e+00
9.611422725238054454e+02 1.571616034187811817e+00
9.613125670440967951e+02 1.574464270139709576e+00
9.614828615643880312e+02 1.578420957600260355e+00
9.616531560846792672e+02 1.585568172045039415e+00
9.618234506049706170e+02 1.594780095076664406e+00
9.619937451252618530e+02 1.603323093719146719e+00
9.621640396455530890e+02 1.611002328010101126e+00
9.623343341658444388e+02 1.619943908616625627e+00
9.625046286861356748e+02 1.630559116637760653e+00
9.626749232064270245e+02 1.640613328482831257e+00
9.628452177267182606e+02 1.647765066898282615e+00
9.630155122470094966e+02 1.651130639822194102e+00
9.631858067673008463e+02 1.651149027521207735e+00
9.633561012875920824e+02 1.648921779973795410e+00
9.635263958078834321e+02 1.645566013065088651e+00
9.636966903281746681e+02 1.641360391438001720e+00
9.638669848484659042e+02 1.636646022162594694e+00
9.640372793687572539e+02 1.633035210363862344e+00
9.642075738890484899e+02 1.632042556877391082e+00
9.643778684093397260e+02 1.633036175717822891e+00
9.645481629296310757e+02 1.634226327354519448e+00
9.647184574499223118e+02 1.634742927070944596e+00
9.648887519702136615e+02 1.634242596829419192e+00
9.650590464905048975e+02 1.633155763116855841e+00
9.652293410107961336e+02 1.633034512214613487e+00
9.653996355310874833e+02 1.634584391567354356e+00
9.655699300513787193e+02 1.637181078449530869e+00
9.657402245716699554e+02 1.640292895210965884e+00
9.659105190919613051e+02 1.644093415106321787e+00
9.660808136122525411e+02 1.649213713913285861e+00
9.662511081325438909e+02 1.655818845836543485e+00
9.664214026528351269e+02 1.663692708634167516e+00
9.665916971731263629e+02 1.671969542642789186e+00
9.667619916934177127e+02 1.677823610050492853e+00
9.669322862137089487e+02 1.678426557007629771e+00
9.671025807340001847e+02 1.674574355466501574e+00
9.672728752542915345e+02 1.669889832615016001e+00
9.674431697745827705e+02 1.667602442449815037e+00
9.676134642948741202e+02 1.669457812626073512e+00
9.677837588151653563e+02 1.675601699653753496e+00
9.679540533354565923e+02 1.683929315587155084e+00
9.681243478557479420e+02 1.690973584542735164e+00
9.682946423760391781e+02 1.694592936529674576e+00
9.684649368963305278e+02 1.695230715413559297e+00
9.686352314166217639e+02 1.694246445264160794e+00
9.688055259369129999e+02 1.692302053762377856e+00
9.689758204572043496e+02 1.690638852665610425e+00
9.691461149774955857e+02 1.691747995785338743e+00
9.693164094977868217e+02 1.696767817518108901e+00
9.694867040180781714e+02 1.704142719603772615e+00
9.696569985383694075e+02 1.711626999293691664e+00
9.698272930586607572e+02 1.717927256486745824e+00
9.699975875789519932e+02 1.722960508572253469e+00
9.701678820992432293e+02 1.727172240925251678e+00
9.703381766195345790e+02 1.730207105982403348e+00
9.705084711398258150e+02 1.731502909827949743e+00
9.706787656601170511e+02 1.731892346501125779e+00
9.708490601804084008e+02 1.733759138977455372e+00
9.710193547006996369e+02 1.739223793318995570e+00
9.711896492209909866e+02 1.747505127552465343e+00
9.713599437412822226e+02 1.755034066539186366e+00
9.715302382615734587e+02 1.759201703352608837e+00
9.717005327818648084e+02 1.760278199151732004e+00
9.718708273021560444e+02 1.760009524697272454e+00
9.720411218224472805e+02 1.758928692429745366e+00
9.722114163427386302e+02 1.754959817962284507e+00
9.723817108630298662e+02 1.746328104036567019e+00
9.725520053833212160e+02 1.733754054029674307e+00
9.727222999036124520e+02 1.719452751265617030e+00
9.728925944239036880e+02 1.706134784457091325e+00
9.730628889441950378e+02 1.696907621344356798e+00
9.732331834644862738e+02 1.694788597228490179e+00
9.734034779847776235e+02 1.701173517053148565e+00
9.735737725050688596e+02 1.715399305305724598e+00
9.737440670253600956e+02 1.735529698043678737e+00
9.739143615456514453e+02 1.757625014439188060e+00
9.740846560659426814e+02 1.776342927903597158e+00
9.742549505862339174e+02 1.787327859010804598e+00
9.744252451065252671e+02 1.789624678583573658e+00
9.745955396268165032e+02 1.786383696171635282e+00
9.747658341471078529e+02 1.782310304556267599e+00
9.749361286673990890e+02 1.780771305084909439e+00
9.751064231876903250e+02 1.782964817192000506e+00
9.752767177079816747e+02 1.788583074013709417e+00
9.754470122282729108e+02 1.796667809111705427e+00
9.756173067485641468e+02 1.805458829903387130e+00
9.757876012688554965e+02 1.812764112346528567e+00
9.759578957891467326e+02 1.816920773722140225e+00
9.761281903094380823e+02 1.816941090986458729e+00
9.762984848297293183e+02 1.812765042162434614e+00
9.764687793500205544e+02 1.805911127574473474e+00
9.766390738703119041e+02 1.797618040107782811e+00
9.768093683906031401e+02 1.787345039698505778e+00
9.769796629108943762e+02 1.775901120204422590e+00
9.771499574311857259e+02 1.767330417393126130e+00
9.773202519514769619e+02 1.764857179542575150e+00
9.774905464717683117e+02 1.768197858005189138e+00
9.776608409920595477e+02 1.775473305610180130e+00
9.778311355123507838e+02 1.784764114256724099e+00
9.780014300326421335e+02 1.794018323735724785e+00
9.781717245529333695e+02 1.801799745222997018e+00
9.783420190732247192e+02 1.808043593945143801e+00
9.785123135935159553e+02 1.813327244928592652e+00
9.786826081138071913e+02 1.818118676963116798e+00
9.788529026340985411e+02 1.822953115512547573e+00
9.790231971543897771e+02 1.828740175866315321e+00
9.791934916746810131e+02 1.835461896537500692e+00
9.793637861949723629e+02 1.841775936937737779e+00
9.795340807152635989e+02 1.847349615356093988e+00
9.797043752355549486e+02 1.852937472424048160e+00
9.798746697558461847e+02 1.858020414267201215e+00
9.800449642761374207e+02 1.861532331940857432e+00
9.802152587964287704e+02 1.862829393308373049e+00
9.803855533167200065e+02 1.861130266343023365e+00
9.805558478370112425e+02 1.856897060348607020e+00
9.807261423573025922e+02 1.853386613913052816e+00
9.808964368775938283e+02 1.853597456661156606e+00
9.810667313978851780e+02 1.856642583667284185e+00
9.812370259181764141e+02 1.858388999154111598e+00
9.814073204384676501e+02 1.855903021002869746e+00
9.815776149587589998e+02 1.850647779118388181e+00
9.817479094790502359e+02 1.846044350766220532e+00
9.819182039993414719e+02 1.843941387341616389e+00
9.820884985196328216e+02 1.844086467866198564e+00
9.822587930399240577e+02 1.845502229572628217e+00
9.824290875602154074e+02 1.847581204522068754e+00
9.825993820805066434e+02 1.850586713361911606e+00
9.827696766007978795e+02 1.855187452707047768e+00
9.829399711210892292e+02 1.861092812561152332e+00
9.831102656413804652e+02 1.866880869903197127e+00
9.832805601616718150e+02 1.871292211400238159e+00
9.834508546819630510e+02 1.874459072419400130e+00
9.836211492022542870e+02 1.877683790306782008e+00
9.837914437225456368e+02 1.881353698396019070e+00
9.839617382428368728e+02 1.884006038342856959e+00
9.841320327631281089e+02 1.884444406677259654e+00
9.843023272834194586e+02 1.883430727973342433e+00
9.844726218037106946e+02 1.882793200579097714e+00
9.846429163240020443e+02 1.884232223773484760e+00
9.848132108442932804e+02 1.889119068795096057e+00
9.849835053645845164e+02 1.897369649324324836e+00
9.851537998848758662e+02 1.906391732958424123e+00
9.853240944051671022e+02 1.913358910051064843e+00
9.854943889254583382e+02 1.917526062052692160e+00
9.856646834457496880e+02 1.919295647555203876e+00
9.858349779660409240e+02 1.919030599446472918e+00
9.860052724863322737e+02 1.917095123260616152e+00
9.861755670066235098e+02 1.913690639761044476e+00
9.863458615269147458e+02 1.909164896682161938e+00
9.865161560472060955e+02 1.905099518652969337e+00
9.866864505674973316e+02 1.903167783790379319e+00
9.868567450877885676e+02 1.902670766989928985e+00
9.870270396080799173e+02 1.901462704236903001e+00
9.871973341283711534e+02 1.898784702714821027e+00
9.873676286486625031e+02 1.895548828640025052e+00
9.875379231689537392e+02 1.892007789606508172e+00
9.877082176892449752e+02 1.887697825799087958e+00
9.878785122095363249e+02 1.882941845195298392e+00
9.880488067298275610e+02 1.878919346649346345e+00
9.882191012501189107e+02 1.876326365345436731e+00
9.883893957704101467e+02 1.874551811689863623e+00
9.885596902907013828e+02 1.872174248678198705e+00
9.887299848109927325e+02 1.868242015841019121e+00
9.889002793312839685e+02 1.863009649355805930e+00
9.890705738515752046e+02 1.857367534334551040e+00
9.892408683718665543e+02 1.851700869318798182e+00
9.894111628921577903e+02 1.845557859685773572e+00
9.895814574124491401e+02 1.838686628869171225e+00
9.897517519327403761e+02 1.831470960486550004e+00
9.899220464530316121e+02 1.824673541343890371e+00
9.900923409733229619e+02 1.820271457364250001e+00
9.902626354936141979e+02 1.820085509979856742e+00
9.904329300139054340e+02 1.822989532317432548e+00
9.906032245341967837e+02 1.825057665778320182e+00
9.907735190544880197e+02 1.823265597327520249e+00
9.909438135747793694e+02 1.818518024019923462e+00
9.911141080950706055e+02 1.813951538052807955e+00
9.912844026153618415e+02 1.811954654452225588e+00
9.914546971356531913e+02 1.813295369699494675e+00
9.916249916559444273e+02 1.817552305162855930e+00
9.917952861762357770e+02 1.823191161731075649e+00
9.919655806965270131e+02 1.828489423245805323e+00
9.921358752168182491e+02 1.832989089459685417e+00
9.923061697371095988e+02 1.836489342747207765e+00
9.924764642574008349e+02 1.837873181211296725e+00
9.926467587776920709e+02 1.835731469585573095e+00
9.928170532979834206e+02 1.830074830188740176e+00
9.929873478182746567e+02 1.823488922316502281e+00
9.931576423385660064e+02 1.819058577820026112e+00
9.933279368588572424e+02 1.817529055191104082e+00
9.934982313791484785e+02 1.817190295389968568e+00
9.936685258994398282e+02 1.816551830039444759e+00
9.938388204197310642e+02 1.816231712258711495e+00
9.940091149400223003e+02 1.818245401795011595e+00
9.941794094603136500e+02 1.823562812948189560e+00
9.943497039806048861e+02 1.830295233658481902e+00
9.945199985008962358e+02 1.835103928424373976e+00
9.946902930211874718e+02 1.836114588113617163e+00
9.948605875414787079e+02 1.834123047388909189e+00
9.950308820617700576e+02 1.831337510878804586e+00
9.952011765820612936e+02 1.829105150362071885e+00
9.953714711023525297e+02 1.827129782386041290e+00
9.955417656226438794e+02 1.824519390766570215e+00
9.957120601429351154e+02 1.821052917556166939e+00
9.958823546632264652e+02 1.817519727051137624e+00
9.960526491835177012e+02 1.814444673789191720e+00
9.962229437038089372e+02 1.811112385047089823e+00
9.963932382241002870e+02 1.807043403652748292e+00
9.965635327443915230e+02 1.803277307775408289e+00
9.967338272646828727e+02 1.800860399557484781e+00
9.969041217849741088e+02 1.800050956913747280e+00
9.970744163052653448e+02 1.801472505079677600e+00
9.972447108255566945e+02 1.805288987172627202e+00
9.974150053458479306e+02 1.810078964486739217e+00
9.975852998661391666e+02 1.813835580712884532e+00
9.977555943864305164e+02 1.815941324097087639e+00
9.979258889067217524e+02 1.817031973269106260e+00
9.980961834270131021e+02 1.817187952430012743e+00
9.982664779473043382e+02 1.816203678430644564e+00
9.984367724675955742e+02 1.815178627653784460e+00
9.986070669878869239e+02 1.815614247566099904e+00
9.987773615081781600e+02 1.817674993135673711e+00
9.989476560284693960e+02 1.820148826148909382e+00
9.991179505487607457e+02 1.821183482760534433e+00
9.992882450690519818e+02 1.819331899239766903e+00
9.994585395893433315e+02 1.814372111297157364e+00
9.996288341096345675e+02 1.808090569889841293e+00
9.997991286299258036e+02 1.804071664746124348e+00
9.999694231502171533e+02 1.805318006708099610e+00
1.000139717670508389e+03 1.811895925024943566e+00
1.000310012190799625e+03 1.821098782842090369e+00
1.000480306711090975e+03 1.829539341618687809e+00
1.000650601231382211e+03 1.835370714737914133e+00
1.000820895751673561e+03 1.838753673830444857e+00
1.000991190271964797e+03 1.840513238444506872e+00
1.001161484792256033e+03 1.840423712899049935e+00
1.001331779312547383e+03 1.838158394734311418e+00
1.001502073832838619e+03 1.835211791414057325e+00
1.001672368353129968e+03 1.833631879702466883e+00
1.001842662873421204e+03 1.833437681395099439e+00
1.002012957393712441e+03 1.833189469255468218e+00
1.002183251914003790e+03 1.833154334304370803e+00
1.002353546434295026e+03 1.834942035716959019e+00
1.002523840954586262e+03 1.839071673476674995e+00
1.002694135474877612e+03 1.844659375269176227e+00
1.002864429995168848e+03 1.850480696038408590e+00
1.003034724515460198e+03 1.855420277272042284e+00
1.003205019035751434e+03 1.858603270715310174e+00
1.003375313556042670e+03 1.859435619306045950e+00
1.003545608076334020e+03 1.858313536535219246e+00
1.003715902596625256e+03 1.856142279791682448e+00
1.003886197116916492e+03 1.853772161251149964e+00
1.004056491637207841e+03 1.853293158493777959e+00
1.004226786157499077e+03 1.856995413060966271e+00
1.004397080677790427e+03 1.864802671000662215e+00
1.004567375198081663e+03 1.874390757316529488e+00
1.004737669718372899e+03 1.883213337618526051e+00
1.004907964238664249e+03 1.890841811991034405e+00
1.005078258758955485e+03 1.898212014633611222e+00
1.005248553279246721e+03 1.904837802050352247e+00
1.005418847799538071e+03 1.908823297853058598e+00
1.005589142319829307e+03 1.909090095269749598e+00
1.005759436840120657e+03 1.906513405908543124e+00
1.005929731360411893e+03 1.903342600261050954e+00
1.006100025880703129e+03 1.901630950023063260e+00
1.006270320400994478e+03 1.902733885650219836e+00
1.006440614921285714e+03 1.907010538068655947e+00
1.006610909441577064e+03 1.913483834453517440e+00
1.006781203961868300e+03 1.920357958357763017e+00
1.006951498482159536e+03 1.925859446281042331e+00
1.007121793002450886e+03 1.928796706196767019e+00
1.007292087522742122e+03 1.929100232602530385e+00
1.007462382043033358e+03 1.928320697664004602e+00
1.007632676563324708e+03 1.928454063587521139e+00
1.007802971083615944e+03 1.929872176350640345e+00
1.007973265603907294e+03 1.932039250739648217e+00
1.008143560124198530e+03 1.935624530414636002e+00
1.008313854644489766e+03 1.941117370273740761e+00
1.008484149164781115e+03 1.947075613360171209e+00
1.008654443685072351e+03 1.951877634882329238e+00
1.008824738205363587e+03 1.954967894651081117e+00
1.008995032725654937e+03 1.956273852058872276e+00
1.009165327245946173e+03 1.956543410537084249e+00
1.009335621766237523e+03 1.956818384630405916e+00
1.009505916286528759e+03 1.956817954497476864e+00
1.009676210806819995e+03 1.956019387134490639e+00
1.009846505327111345e+03 1.955882850538848139e+00
1.010016799847402581e+03 1.958701225254407152e+00
1.010187094367693817e+03 1.965196360769075667e+00
1.010357388887985167e+03 1.974737826202052737e+00
1.010527683408276403e+03 1.985903430718925389e+00
1.010697977928567752e+03 1.996305900661209609e+00
1.010868272448858988e+03 2.004241064679455064e+00
1.011038566969150224e+03 2.009709697275887663e+00
1.011208861489441574e+03 2.013091094695410366e+00
1.011379156009732810e+03 2.014568714848583575e+00
1.011549450530024160e+03 2.015407565143952251e+00
1.011719745050315396e+03 2.017913570074366447e+00
1.011890039570606632e+03 2.023603522170910107e+00
1.012060334090897982e+03 2.032236173285477232e+00
1.012230628611189218e+03 2.041594321268487278e+00
1.012400923131480454e+03 2.048902651557546584e+00
1.012571217651771804e+03 2.054482019781658675e+00
1.012741512172063040e+03 2.061204516902580774e+00
1.012911806692354389e+03 2.070280856376446543e+00
1.013082101212645625e+03 2.079947359355727610e+00
1.013252395732936861e+03 2.087812074809830776e+00
1.013422690253228211e+03 2.093581183204698881e+00
1.013592984773519447e+03 2.099117005088477761e+00
1.013763279293810683e+03 2.105957747103777589e+00
1.013933573814102033e+03 2.114431560830967616e+00
1.014103868334393269e+03 2.124342386287793261e+00
1.014274162854684619e+03 2.134903145980171058e+00
1.014444457374975855e+03 2.144426275592913100e+00
1.014614751895267091e+03 2.151389595623604212e+00
1.014785046415558440e+03 2.155891690995191290e+00
1.014955340935849676e+03 2.158934770073887677e+00
1.015125635456140913e+03 2.161008794118219001e+00
1.015295929976432262e+03 2.161935871653866137e+00
1.015466224496723498e+03 2.161413742430920326e+00
1.015636519017014848e+03 2.160365736677419157e+00
1.015806813537306084e+03 2.161226214115349542e+00
1.015977108057597320e+03 2.165817154091504104e+00
1.016147402577888670e+03 2.173606138727853576e+00
1.016317697098179906e+03 2.183411619450013497e+00
1.016487991618471256e+03 2.195187097998240855e+00
1.016658286138762492e+03 2.207924363904716802e+00
1.016828580659053728e+03 2.218706796064730646e+00
1.016998875179345077e+03 2.225868735809068966e+00
1.017169169699636313e+03 2.231019023580035565e+00
1.017339464219927549e+03 2.236624134320274404e+00
1.017509758740218899e+03 2.243479134358050686e+00
1.017680053260510135e+03 2.250359401567256779e+00
1.017850347780801485e+03 2.255421375343195756e+00
1.018020642301092721e+03 2.258640986871846668e+00
1.018190936821383957e+03 2.262467662019028491e+00
1.018361231341675307e+03 2.269267061527370011e+00
1.018531525861966543e+03 2.279056390554750955e+00
1.018701820382257779e+03 2.290144260021874878e+00
1.018872114902549129e+03 2.301522008809466335e+00
1.019042409422840365e+03 2.313512977637054213e+00
1.019212703943131714e+03 2.326206758264579122e+00
1.019382998463422950e+03 2.338809501455518358e+00
1.019553292983714186e+03 2.349574886704507204e+00
1.019723587504005536e+03 2.356918064683735992e+00
1.019893882024296772e+03 2.360688352812362556e+00
1.020064176544588008e+03 2.361546422802469181e+00
1.020234471064879358e+03 2.360434356025743696e+00
1.020404765585170594e+03 2.358724472303069586e+00
1.020575060105461944e+03 2.357674320798123890e+00
1.020745354625753180e+03 2.358283570618629366e+00
1.020915649146044416e+03 2.360652405424070732e+00
1.021085943666335766e+03 2.362428114020911352e+00
1.021256238186627002e+03 2.360237789627408489e+00
1.021426532706918351e+03 2.354711920304440209e+00
1.021596827227209587e+03 2.350199972134956905e+00
1.021767121747500823e+03 2.348880629843598911e+00
1.021937416267792173e+03 2.350102483714899826e+00
1.022107710788083409e+03 2.353705933770929182e+00
1.022278005308374645e+03 2.360860399292336709e+00
1.022448299828665995e+03 2.371779429939467221e+00
1.022618594348957231e+03 2.384389324214719608e+00
1.022788888869248581e+03 2.395106298071215001e+00
1.022959183389539817e+03 2.401313251906693758e+00
1.023129477909831053e+03 2.403950215203456864e+00
1.023299772430122403e+03 2.405758917160987664e+00
1.023470066950413639e+03 2.408885027063784268e+00
1.023640361470704875e+03 2.415424725625817004e+00
1.023810655990996224e+03 2.427797742322316932e+00
1.023980950511287460e+03 2.447413461010776281e+00
1.024151245031578810e+03 2.473485153242037882e+00
1.024321539551870046e+03 2.502722764944101730e+00
1.024491834072161282e+03 2.530695095626076974e+00
1.024662128592452518e+03 2.553541271236107413e+00
1.024832423112743982e+03 2.569308571123360085e+00
1.025002717633035218e+03 2.578082689872452704e+00
1.025173012153326454e+03 2.580473372250928321e+00
1.025343306673617690e+03 2.577101269623120139e+00
1.025513601193908926e+03 2.568304763704992055e+00
1.025683895714200389e+03 2.553902249878779340e+00
1.025854190234491625e+03 2.534750156934726384e+00
1.026024484754782861e+03 2.513961793482305751e+00
1.026194779275074097e+03 2.497241092739015844e+00
1.026365073795365333e+03 2.490486038273751035e+00
1.026535368315656569e+03 2.496260827545000893e+00
1.026705662835948033e+03 2.513016719156135448e+00
1.026875957356239269e+03 2.537345864514606752e+00
1.027046251876530505e+03 2.565517682818526879e+00
1.027216546396821741e+03 2.592805586031117215e+00
1.027386840917112977e+03 2.614072301046105107e+00
1.027557135437404440e+03 2.626898179078089868e+00
1.027727429957695676e+03 2.633138769812134683e+00
1.027897724477986912e+03 2.636274102280802722e+00
1.028068018998278149e+03 2.638432357641774306e+00
1.028238313518569385e+03 2.641024104376624493e+00
1.028408608038860848e+03 2.644772635694278229e+00
1.028578902559152084e+03 2.648714442311526973e+00
1.028749197079443320e+03 2.651514032849747515e+00
1.028919491599734556e+03 2.653380156787859434e+00
1.029089786120025792e+03 2.655022059235952803e+00
1.029260080640317028e+03 2.656308931700428033e+00
1.029430375160608492e+03 2.657651638719332521e+00
1.029600669680899728e+03 2.659936901596912762e+00
1.029770964201190964e+03 2.662364791908331529e+00
1.029941258721482200e+03 2.663500405425300865e+00
1.030111553241773436e+03 2.663474668140781709e+00
1.030281847762064899e+03 2.663536230293750862e+00
1.030452142282356135e+03 2.663967145629936528e+00
1.030622436802647371e+03 2.664130131092296239e+00
1.030792731322938607e+03 2.663995798197680287e+00
1.030963025843229843e+03 2.663337751487908189e+00
1.031133320363521307e+03 2.660034794220032861e+00
1.031303614883812543e+03 2.652026334113338990e+00
1.031473909404103779e+03 2.639035420603366155e+00
1.031644203924395015e+03 2.621544095497196913e+00
1.031814498444686251e+03 2.600587729156814021e+00
1.031984792964977714e+03 2.577932531151104989e+00
1.032155087485268950e+03 2.554872048573706422e+00
1.032325382005560186e+03 2.532127593945169508e+00
1.032495676525851422e+03 2.511102493184714568e+00
1.032665971046142658e+03 2.493735464996285511e+00
1.032836265566433894e+03 2.481740296086254904e+00
1.033006560086725358e+03 2.476129941409750401e+00
1.033176854607016594e+03 2.476226220225091090e+00
1.033347149127307830e+03 2.479235532172866296e+00
1.033517443647599066e+03 2.481728418628848409e+00
1.033687738167890302e+03 2.482325236847038319e+00
1.033858032688181765e+03 2.482587016363948962e+00
1.034028327208473002e+03 2.483635768623699391e+00
1.034198621728764238e+03 2.483773245822312070e+00
1.034368916249055474e+03 2.481195963422398343e+00
1.034539210769346710e+03 2.475603567929223203e+00
1.034709505289638173e+03 2.467547538635841420e+00
1.034879799809929409e+03 2.458973056795853207e+00
1.035050094330220645e+03 2.451300341297254715e+00
1.035220388850511881e+03 2.443088081323257388e+00
1.035390683370803117e+03 2.431708286147524767e+00
1.035560977891094581e+03 2.416967079824252629e+00
1.035731272411385817e+03 2.402126342946528048e+00
1.035901566931677053e+03 2.389528555607139726e+00
1.036071861451968289e+03 2.378847354779279222e+00
1.036242155972259525e+03 2.369345394942566685e+00
1.036412450492550761e+03 2.361452567691997295e+00
1.036582745012842224e+03 2.355180671178588980e+00
1.036753039533133460e+03 2.348114481501714756e+00
1.036923334053424696e+03 2.336909904634217661e+00
1.037093628573715932e+03 2.320691148655740221e+00
1.037263923094007168e+03 2.301329573705002129e+00
1.037434217614298632e+03 2.280842522291850027e+00
1.037604512134589868e+03 2.259839664284611693e+00
1.037774806654881104e+03 2.238209442620473055e+00
1.037945101175172340e+03 2.216448157162837163e+00
1.038115395695463576e+03 2.195854672349360825e+00
1.038285690215755039e+03 2.178417217081270341e+00
1.038455984736046275e+03 2.166454543105173602e+00
1.038626279256337511e+03 2.161160413855760076e+00
1.038796573776628748e+03 2.161340350650230668e+00
1.038966868296919984e+03 2.164388004585902081e+00
1.039137162817211220e+03 2.169013616392573507e+00
1.039307457337502683e+03 2.175741917855650964e+00
1.039477751857793919e+03 2.184132040946530573e+00
1.039648046378085155e+03 2.191119007616206815e+00
1.039818340898376391e+03 2.193070461687760098e+00
1.039988635418667627e+03 2.188758232820630312e+00
1.040158929938959091e+03 2.180252385272262394e+00
1.040329224459250327e+03 2.170317856359221143e+00
1.040499518979541563e+03 2.159921086951841041e+00
1.040669813499832799e+03 2.149164726655034219e+00
1.040840108020124035e+03 2.138952388519470116e+00
1.041010402540415498e+03 2.130463540263814792e+00
1.041180697060706734e+03 2.123730296040140963e+00
1.041350991580997970e+03 2.118812994464049027e+00
1.041521286101289206e+03 2.116603101273755172e+00
1.041691580621580442e+03 2.116515406653030063e+00
1.041861875141871906e+03 2.115691627688649490e+00
1.042032169662163142e+03 2.110915452369070966e+00
1.042202464182454378e+03 2.101091559175857437e+00
1.042372758702745614e+03 2.087870150462583396e+00
1.042543053223036850e+03 2.074362969568384951e+00
1.042713347743328086e+03 2.063492489478154557e+00
1.042883642263619549e+03 2.056313532353900353e+00
1.043053936783910785e+03 2.051408028526032545e+00
1.043224231304202021e+03 2.046344626539939426e+00
1.043394525824493257e+03 2.039902709291494087e+00
1.043564820344784493e+03 2.032969086173143758e+00
1.043735114865075957e+03 2.027506417275688033e+00
1.043905409385367193e+03 2.024478603684368494e+00
1.044075703905658429e+03 2.022998636327309807e+00
1.044245998425949665e+03 2.021654860024546085e+00
1.044416292946240901e+03 2.018977549158708751e+00
1.044586587466532364e+03 2.014038897816678109e+00
1.044756881986823601e+03 2.007928143159706913e+00
1.044927176507114837e+03 2.002804981107066062e+00
1.045097471027406073e+03 2.000079571983658155e+00
1.045267765547697309e+03 1.999769997566696045e+00
1.045438060067988772e+03 2.001268148684594461e+00
1.045608354588280008e+03 2.004031055171300757e+00
1.045778649108571244e+03 2.007044777201255403e+00
1.045948943628862480e+03 2.008096721852896227e+00
1.046119238149153716e+03 2.005310540437273303e+00
1.046289532669444952e+03 1.999044221282201494e+00
1.046459827189736416e+03 1.991748645484502811e+00
1.046630121710027652e+03 1.986453176957120981e+00
1.046800416230318888e+03 1.984649048352197687e+00
1.046970710750610124e+03 1.985648028547749133e+00
1.047141005270901360e+03 1.987261896268327721e+00
1.047311299791192823e+03 1.988227356044024230e+00
1.047481594311484059e+03 1.989281625034739820e+00
1.047651888831775295e+03 1.990540405770980570e+00
1.047822183352066531e+03 1.990920288624605350e+00
1.047992477872357767e+03 1.989845850014704487e+00
1.048162772392649231e+03 1.988023087466472383e+00
1.048333066912940467e+03 1.986878635039664776e+00
1.048503361433231703e+03 1.987230145675362936e+00
1.048673655953522939e+03 1.988853247347587061e+00
1.048843950473814175e+03 1.991410928544080861e+00
1.049014244994105638e+03 1.994629367743964821e+00
1.049184539514396874e+03 1.997772127373257600e+00
1.049354834034688110e+03 1.999863494038964351e+00
1.049525128554979347e+03 1.999881693492032486e+00
1.049695423075270583e+03 1.997215580078796293e+00
1.049865717595561819e+03 1.992247109701256624e+00
1.050036012115853282e+03 1.986728882900668847e+00
1.050206306636144518e+03 1.982595045480334495e+00
1.050376601156435754e+03 1.980669910620892038e+00
1.050546895676726990e+03 1.980430322339337579e+00
1.050717190197018226e+03 1.981188079930559454e+00
1.050887484717309690e+03 1.983061224783793097e+00
1.051057779237600926e+03 1.986252286098551867e+00
1.051228073757892162e+03 1.990186308692068140e+00
1.051398368278183398e+03 1.993114425775706966e+00
1.051568662798474634e+03 1.993500023923447717e+00
1.051738957318766097e+03 1.991762053255493603e+00
1.051909251839057333e+03 1.989559744385052120e+00
1.052079546359348569e+03 1.988067497002160344e+00
1.052249840879639805e+03 1.987384537573541721e+00
1.052420135399931041e+03 1.986974674361651871e+00
1.052590429920222277e+03 1.986850912883693976e+00
1.052760724440513741e+03 1.987639182100421564e+00
1.052931018960804977e+03 1.988870752542633014e+00
1.053101313481096213e+03 1.989598769110380916e+00
1.053271608001387449e+03 1.990187450334903740e+00
1.053441902521678685e+03 1.991260026389175097e+00
1.053612197041970148e+03 1.992444784157727966e+00
1.053782491562261384e+03 1.993404416897119891e+00
1.053952786082552620e+03 1.994895370849997907e+00
1.054123080602843856e+03 1.997396212138203175e+00
1.054293375123135093e+03 2.000174486622051884e+00
1.054463669643426556e+03 2.002545144740624394e+00
1.054633964163717792e+03 2.004813060274179382e+00
1.054804258684009028e+03 2.007400982861969219e+00
1.054974553204300264e+03 2.010122681855070148e+00
1.055144847724591500e+03 2.012873329981425652e+00
1.055315142244882963e+03 2.015996618892535786e+00
1.055485436765174200e+03 2.019021217370052579e+00
1.055655731285465436e+03 2.020584930756585518e+00
1.055826025805756672e+03 2.020642845300639756e+00
1.055996320326047908e+03 2.021146046096836457e+00
1.056166614846339144e+03 2.023913567455544626e+00
1.056336909366630607e+03 2.028741245460246034e+00
1.056507203886921843e+03 2.034140014666945717e+00
1.056677498407213079e+03 2.038799249611207287e+00
1.056847792927504315e+03 2.042087035740554057e+00
1.057018087447795551e+03 2.044556812194080031e+00
1.057188381968087015e+03 2.047083445205087227e+00
1.057358676488378251e+03 2.049657339650131416e+00
1.057528971008669487e+03 2.051746373640436882e+00
1.057699265528960723e+03 2.053344620762599160e+00
1.057869560049251959e+03 2.055385401878245588e+00
1.058039854569543422e+03 2.058390054695933280e+00
1.058210149089834658e+03 2.062135396194176185e+00
1.058380443610125894e+03 2.066235972557228351e+00
1.058550738130417130e+03 2.070378697282519553e+00
1.058721032650708366e+03 2.074002697802898254e+00
1.058891327170999830e+03 2.077241173064154456e+00
1.059061621691291066e+03 2.081565286863996889e+00
1.059231916211582302e+03 2.087385369661862722e+00
1.059402210731873538e+03 2.093185506507787341e+00
1.059572505252164774e+03 2.097303265990070109e+00
1.059742799772456010e+03 2.098791479676799909e+00
1.059913094292747473e+03 2.097319115029723235e+00
1.060083388813038709e+03 2.093791388031527312e+00
1.060253683333329946e+03 2.090428287305552857e+00
1.060423977853621182e+03 2.089134500824402441e+00
1.060594272373912418e+03 2.090170934531222713e+00
1.060764566894203881e+03 2.092078582684343324e+00
1.060934861414495117e+03 2.092763640424188054e+00
1.061105155934786353e+03 2.091265277664539290e+00
1.061275450455077589e+03 2.088826624183848679e+00
1.061445744975368825e+03 2.087014354956604922e+00
1.061616039495660289e+03 2.086196455451882592e+00
1.061786334015951525e+03 2.085949761327747787e+00
1.061956628536242761e+03 2.086039521763599858e+00
1.062126923056533997e+03 2.086977249069797757e+00
1.062297217576825233e+03 2.089108257501865573e+00
1.062467512097116469e+03 2.091430445278460226e+00
1.062637806617407932e+03 2.092077871582882054e+00
1.062808101137699168e+03 2.090047617316533213e+00
1.062978395657990404e+03 2.085894822049678687e+00
1.063148690178281640e+03 2.080989946382051592e+00
1.063318984698572876e+03 2.076281097263658282e+00
1.063489279218864340e+03 2.071911543297494607e+00
1.063659573739155576e+03 2.068442840525073212e+00
1.063829868259446812e+03 2.066981901481914186e+00
1.064000162779738048e+03 2.068034796249579976e+00
1.064170457300029284e+03 2.070845024585314942e+00
1.064340751820320747e+03 2.074289138872829064e+00
1.064511046340611983e+03 2.077914662339095830e+00
1.064681340860903219e+03 2.081206441882420322e+00
1.064851635381194455e+03 2.083399767960787408e+00
1.065021929901485692e+03 2.083822107733755757e+00
1.065192224421777155e+03 2.082149771495782620e+00
1.065362518942068391e+03 2.079054245557398595e+00
1.065532813462359627e+03 2.076242928026558410e+00
1.065703107982650863e+03 2.074456203133478560e+00
1.065873402502942099e+03 2.074340907851884186e+00
1.066043697023233335e+03 2.076629306377250295e+00
1.066213991543524799e+03 2.081132889325412183e+00
1.066384286063816035e+03 2.085998581452835232e+00
1.066554580584107271e+03 2.089102799940103061e+00
1.066724875104398507e+03 2.089677075412925689e+00
1.066895169624689743e+03 2.088478094825191533e+00
1.067065464144981206e+03 2.086945407435302879e+00
1.067235758665272442e+03 2.086276397924348380e+00
1.067406053185563678e+03 2.087044367769954611e+00
1.067576347705854914e+03 2.088883764570580670e+00
1.067746642226146150e+03 2.090780575761231219e+00
1.067916936746437614e+03 2.092042743861867393e+00
1.068087231266728850e+03 2.091857843374048898e+00
1.068257525787020086e+03 2.090089856088766851e+00
1.068427820307311322e+03 2.088429688419137342e+00
1.068598114827602558e+03 2.088316364255121904e+00
1.068768409347894021e+03 2.088808879229908655e+00
1.068938703868185257e+03 2.088567504288641796e+00
1.069108998388476493e+03 2.087995615816615746e+00
1.069279292908767729e+03 2.088263068683046786e+00
1.069449587429058965e+03 2.090238442754916992e+00
1.069619881949350201e+03 2.094149245941760995e+00
1.069790176469641665e+03 2.098815227124611660e+00
1.069960470989932901e+03 2.102748016117195640e+00
1.070130765510224137e+03 2.105417029344537561e+00
1.070301060030515373e+03 2.106532103355817309e+00
1.070471354550806609e+03 2.105592040068636983e+00
1.070641649071098072e+03 2.102810321301148200e+00
1.070811943591389308e+03 2.099606867741935723e+00
1.070982238111680545e+03 2.097328508810724301e+00
1.071152532631971781e+03 2.095943767730782614e+00
1.071322827152263017e+03 2.094405725982791733e+00
1.071493121672554480e+03 2.092070082327023073e+00
1.071663416192845716e+03 2.088868244709428890e+00
1.071833710713136952e+03 2.084696963040474138e+00
1.072004005233428188e+03 2.079957881977350986e+00
1.072174299753719424e+03 2.075656038992445218e+00
1.072344594274010660e+03 2.072227450627186940e+00
1.072514888794302124e+03 2.069291456300616616e+00
1.072685183314593360e+03 2.066327034157562803e+00
1.072855477834884596e+03 2.063024070931127163e+00
1.073025772355175832e+03 2.060157362183647756e+00
1.073196066875467068e+03 2.058053597539899027e+00
1.073366361395758531e+03 2.055331161511399163e+00
1.073536655916049767e+03 2.050806363795895315e+00
1.073706950436341003e+03 2.045080838441912796e+00
1.073877244956632239e+03 2.039875684252287158e+00
1.074047539476923475e+03 2.035944255225416111e+00
1.074217833997214939e+03 2.032467406814912891e+00
1.074388128517506175e+03 2.027950198304146134e+00
1.074558423037797411e+03 2.021645312369256153e+00
1.074728717558088647e+03 2.014341056029991694e+00
1.074899012078379883e+03 2.007381034037992062e+00
1.075069306598671346e+03 2.001614313996826766e+00
1.075239601118962582e+03 1.997294667375544064e+00
1.075409895639253818e+03 1.994409002689998989e+00
1.075580190159545054e+03 1.993185086416100482e+00
1.075750484679836291e+03 1.992687583746116875e+00
1.075920779200127527e+03 1.990791811354887475e+00
1.076091073720418990e+03 1.986629248277443471e+00
1.076261368240710226e+03 1.981327696085106727e+00
1.076431662761001462e+03 1.977179446421651221e+00
1.076601957281292698e+03 1.976066829560123805e+00
1.076772251801583934e+03 1.977574572133688369e+00
1.076942546321875398e+03 1.979623688655316682e+00
1.077112840842166634e+03 1.980538937739792171e+00
1.077283135362457870e+03 1.979791527657147832e+00
1.077453429882749106e+03 1.977308014700913219e+00
1.077623724403040342e+03 1.973356731913594730e+00
1.077794018923331805e+03 1.968912530409991923e+00
1.077964313443623041e+03 1.965407868438884487e+00
1.078134607963914277e+03 1.963442553654656475e+00
1.078304902484205513e+03 1.962305416190478491e+00
1.078475197004496749e+03 1.961285896793462324e+00
1.078645491524788213e+03 1.960021381468671553e+00
1.078815786045079449e+03 1.958372698086009223e+00
1.078986080565370685e+03 1.956707884428406041e+00
1.079156375085661921e+03 1.955570320627366243e+00
1.079326669605953157e+03 1.954993078408254314e+00
1.079496964126244393e+03 1.954500612943911086e+00
1.079667258646535856e+03 1.953388651019721145e+00
1.079837553166827092e+03 1.951374607099658043e+00
1.080007847687118328e+03 1.948344802240089546e+00
1.080178142207409564e+03 1.944397904256635279e+00
1.080348436727700800e+03 1.941031999300855793e+00
1.080518731247992264e+03 1.939611458155445334e+00
1.080689025768283500e+03 1.939707609328381377e+00
1.080859320288574736e+03 1.939858615636914418e+00
1.081029614808865972e+03 1.938401129642094878e+00
1.081199909329157208e+03 1.934536562701369977e+00
1.081370203849448671e+03 1.928900486350918042e+00
1.081540498369739908e+03 1.922278538594046848e+00
1.081710792890031144e+03 1.915415344242660023e+00
1.081881087410322380e+03 1.909813610242756532e+00
1.082051381930613616e+03 1.906886513920782233e+00
1.082221676450905079e+03 1.906408220540111387e+00
1.082391970971196315e+03 1.906779046793333432e+00
1.082562265491487551e+03 1.906622080173667744e+00
1.082732560011778787e+03 1.905957041539206642e+00
1.082902854532070023e+03 1.905330376957425687e+00
1.083073149052361259e+03 1.904199861147217732e+00
1.083243443572652723e+03 1.901244925153826149e+00
1.083413738092943959e+03 1.896119590243732000e+00
1.083584032613235195e+03 1.890166374959579176e+00
1.083754327133526431e+03 1.885070685943507574e+00
1.083924621653817667e+03 1.881986532061669326e+00
1.084094916174109130e+03 1.880912586772720552e+00
1.084265210694400366e+03 1.880684908431332403e+00
1.084435505214691602e+03 1.880532581346473942e+00
1.084605799734982838e+03 1.880418091516060874e+00
1.084776094255274074e+03 1.879773926547321894e+00
1.084946388775565538e+03 1.877525472084103253e+00
1.085116683295856774e+03 1.873819241773552413e+00
1.085286977816148010e+03 1.869942191232935480e+00
1.085457272336439246e+03 1.866001850771080495e+00
1.085627566856730482e+03 1.861215440391552178e+00
1.085797861377021718e+03 1.856270624571612293e+00
1.085968155897313181e+03 1.852523696560633315e+00
1.086138450417604417e+03 1.850429549526819706e+00
1.086308744937895653e+03 1.850120730211411324e+00
1.086479039458186890e+03 1.851593950269551758e+00
1.086649333978478126e+03 1.853507735786739996e+00
1.086819628498769589e+03 1.853684441507199132e+00
1.086989923019060825e+03 1.851454468718069846e+00
1.087160217539352061e+03 1.847872718894581823e+00
1.087330512059643297e+03 1.843912103437681527e+00
1.087500806579934533e+03 1.839847771349824690e+00
1.087671101100225997e+03 1.836660540560822286e+00
1.087841395620517233e+03 1.835339273325494958e+00
1.088011690140808469e+03 1.834808860523921892e+00
1.088181984661099705e+03 1.832730992834617378e+00
1.088352279181390941e+03 1.828093188611042752e+00
1.088522573701682404e+03 1.822438647928531275e+00
1.088692868221973640e+03 1.817691715893333226e+00
1.088863162742264876e+03 1.814132849426544070e+00
1.089033457262556112e+03 1.810703859524319670e+00
1.089203751782847348e+03 1.806918928566998428e+00
1.089374046303138584e+03 1.803646821928831745e+00
1.089544340823430048e+03 1.801924643220075062e+00
1.089714635343721284e+03 1.801723777393826165e+00
1.089884929864012520e+03 1.801876681990956852e+00
1.090055224384303756e+03 1.801060333778448541e+00
1.090225518904594992e+03 1.798635389547480035e+00
1.090395813424886455e+03 1.794710276139168670e+00
1.090566107945177691e+03 1.789759096168061614e+00
1.090736402465468927e+03 1.784168413022738431e+00
1.090906696985760163e+03 1.778457771724597958e+00
1.091076991506051399e+03 1.773652793975580177e+00
1.091247286026342863e+03 1.770815185382682344e+00
1.091417580546634099e+03 1.770176239640362414e+00
1.091587875066925335e+03 1.770803809043430821e+00
1.091758169587216571e+03 1.771566800597085267e+00
1.091928464107507807e+03 1.772056796702470294e+00
1.092098758627799270e+03 1.772128629943612310e+00
1.092269053148090507e+03 1.771384789766124568e+00
1.092439347668381743e+03 1.769121367147344248e+00
1.092609642188672979e+03 1.765001481592906485e+00
1.092779936708964215e+03 1.760208815377445557e+00
1.092950231229255451e+03 1.757284893110909518e+00
1.093120525749546914e+03 1.758068964480382412e+00
1.093290820269838150e+03 1.761994390086398354e+00
1.093461114790129386e+03 1.766352664057951438e+00
1.093631409310420622e+03 1.767939926401881578e+00
1.093801703830711858e+03 1.765665269989779240e+00
1.093971998351003322e+03 1.761095750494616752e+00
1.094142292871294558e+03 1.756291032600401980e+00
1.094312587391585794e+03 1.752031958760600805e+00
1.094482881911877030e+03 1.748437398971117718e+00
1.094653176432168266e+03 1.746065047899028944e+00
1.094823470952459729e+03 1.745174890604247242e+00
1.094993765472750965e+03 1.745294394336145638e+00
1.095164059993042201e+03 1.746139060968621592e+00
1.095334354513333437e+03 1.747783330876829133e+00
1.095504649033624673e+03 1.750169525539733151e+00
1.095674943553915909e+03 1.752729830691312163e+00
1.095845238074207373e+03 1.754775100185113068e+00
1.096015532594498609e+03 1.755998468803076307e+00
1.096185827114789845e+03 1.755764350121086448e+00
1.096356121635081081e+03 1.753669574424499222e+00
1.096526416155372317e+03 1.750648758589015586e+00
1.096696710675663780e+03 1.748219820368213107e+00
1.096867005195955016e+03 1.746880340434770806e+00
1.097037299716246253e+03 1.745429202244525468e+00
1.097207594236537489e+03 1.742736295994080642e+00
1.097377888756828725e+03 1.739568964663319228e+00
1.097548183277120188e+03 1.737469060101090701e+00
1.097718477797411424e+03 1.737445121947484683e+00
1.097888772317702660e+03 1.739474352684684533e+00
1.098059066837993896e+03 1.742406696706651381e+00
1.098229361358285132e+03 1.745553850542609364e+00
1.098399655878576596e+03 1.749047366440223739e+00
1.098569950398867832e+03 1.752295071643513946e+00
1.098740244919159068e+03 1.754462017458457090e+00
1.098910539439450304e+03 1.755068056398299436e+00
1.099080833959741540e+03 1.753569608146392955e+00
1.099251128480032776e+03 1.749938347413213524e+00
1.099421423000324239e+03 1.745488328222695174e+00
1.099591717520615475e+03 1.742442644122128126e+00
1.099762012040906711e+03 1.742501272558382386e+00
1.099932306561197947e+03 1.745457317300100897e+00
1.100102601081489183e+03 1.749527140205267450e+00
1.100272895601780647e+03 1.752865914072544662e+00
1.100443190122071883e+03 1.754461598733906724e+00
1.100613484642363119e+03 1.754004991749847475e+00
1.100783779162654355e+03 1.752224127922277885e+00
1.100954073682945591e+03 1.750677457207272081e+00
1.101124368203237054e+03 1.750252352903268305e+00
1.101294662723528290e+03 1.750556169295931497e+00
1.101464957243819526e+03 1.751181353965704179e+00
1.101635251764110762e+03 1.752336193039554901e+00
1.101805546284401998e+03 1.754015702977387958e+00
1.101975840804693462e+03 1.755854735885052698e+00
1.102146135324984698e+03 1.757959349921107917e+00
1.102316429845275934e+03 1.760351897643752217e+00
1.102486724365567170e+03 1.762276692890173635e+00
1.102657018885858406e+03 1.762584306019617131e+00
1.102827313406149642e+03 1.761131798969742812e+00
1.102997607926441106e+03 1.759357005700404653e+00
1.103167902446732342e+03 1.759257158312357294e+00
1.103338196967023578e+03 1.762191463371257871e+00
1.103508491487314814e+03 1.767425752102606884e+00
1.103678786007606050e+03 1.772493323463025350e+00
1.103849080527897513e+03 1.775959476027688888e+00
1.104019375048188749e+03 1.778042328357984481e+00
1.104189669568479985e+03 1.779110932285589808e+00
1.104359964088771221e+03 1.779660515819525113e+00
1.104530258609062457e+03 1.780371017536529266e+00
1.104700553129353921e+03 1.781362150213584128e+00
1.104870847649645157e+03 1.782819037478173385e+00
1.105041142169936393e+03 1.785432392391150813e+00
1.105211436690227629e+03 1.788958491409322171e+00
1.105381731210518865e+03 1.791816675298538719e+00
1.105552025730810101e+03 1.793113953087968060e+00
1.105722320251101564e+03 1.793487591615143373e+00
1.105892614771392800e+03 1.793733835192821591e+00
1.106062909291684036e+03 1.794097924587273241e+00
1.106233203811975272e+03 1.794675947355681700e+00
1.106403498332266508e+03 1.794971786941575109e+00
1.106573792852557972e+03 1.793494936185903832e+00
1.106744087372849208e+03 1.789519069251350070e+00
1.106914381893140444e+03 1.785201347189775856e+00
1.107084676413431680e+03 1.784287505623992853e+00
1.107254970933722916e+03 1.788672057771379498e+00
1.107425265454014379e+03 1.795900006463159837e+00
1.107595559974305615e+03 1.802036736291767749e+00
1.107765854494596852e+03 1.805839645076373401e+00
1.107936149014888088e+03 1.807999905889407177e+00
1.108106443535179324e+03 1.809466474686300508e+00
1.108276738055470787e+03 1.811218251516437894e+00
1.108447032575762023e+03 1.813259314291809865e+00
1.108617327096053259e+03 1.814225214118735163e+00
1.108787621616344495e+03 1.813228445563349833e+00
1.108957916136635731e+03 1.811449325820008838e+00
1.109128210656926967e+03 1.810669583977765118e+00
1.109298505177218431e+03 1.811254431685241695e+00
1.109468799697509667e+03 1.812286662433149953e+00
1.109639094217800903e+03 1.813090476041448129e+00
1.109809388738092139e+03 1.814330201380722318e+00
1.109979683258383375e+03 1.816806868458323843e+00
1.110149977778674838e+03 1.820018629026444623e+00
1.110320272298966074e+03 1.822228608059570654e+00
1.110490566819257310e+03 1.822119345797462930e+00
1.110660861339548546e+03 1.820870055637732854e+00
1.110831155859839782e+03 1.821142725331245327e+00
1.111001450380131246e+03 1.823362032601840710e+00
1.111171744900422482e+03 1.825982215676462017e+00
1.111342039420713718e+03 1.828256049342377842e+00
1.111512333941004954e+03 1.830369574820080114e+00
1.111682628461296190e+03 1.832984681138810856e+00
1.111852922981587653e+03 1.837172889349741434e+00
1.112023217501878889e+03 1.843722787083577064e+00
1.112193512022170125e+03 1.852135459693065922e+00
1.112363806542461361e+03 1.860496646454336656e+00
1.112534101062752597e+03 1.867353111383490027e+00
1.112704395583043834e+03 1.872317619849176662e+00
1.112874690103335297e+03 1.874914298562362802e+00
1.113044984623626533e+03 1.875510514015820807e+00
1.113215279143917769e+03 1.874844974886972881e+00
1.113385573664209005e+03 1.873910316253982966e+00
1.113555868184500241e+03 1.873822046735398539e+00
1.113726162704791705e+03 1.874786801120404522e+00
1.113896457225082941e+03 1.876629863815225896e+00
1.114066751745374177e+03 1.878769774738499931e+00
1.114237046265665413e+03 1.880874805747815293e+00
1.114407340785956649e+03 1.883244583913554315e+00
1.114577635306248112e+03 1.885599113885535916e+00
1.114747929826539348e+03 1.886938210025818519e+00
1.114918224346830584e+03 1.886645646584586444e+00
1.115088518867121820e+03 1.885167127291997868e+00
1.115258813387413056e+03 1.883541417576339638e+00
1.115429107907704520e+03 1.882322006806335324e+00
1.115599402427995756e+03 1.881515273842460534e+00
1.115769696948286992e+03 1.880590253034962078e+00
1.115939991468578228e+03 1.879638597063198358e+00
1.116110285988869464e+03 1.879631523423630490e+00
1.116280580509160700e+03 1.880926149150251359e+00
1.116450875029452163e+03 1.882788197714270861e+00
1.116621169549743399e+03 1.884239057458559019e+00
1.116791464070034635e+03 1.884860249648660169e+00
1.116961758590325871e+03 1.884827267729713540e+00
1.117132053110617107e+03 1.884778642438959206e+00
1.117302347630908571e+03 1.885206730463091063e+00
1.117472642151199807e+03 1.886039597849360039e+00
1.117642936671491043e+03 1.886965208765264190e+00
1.117813231191782279e+03 1.887619458817860085e+00
1.117983525712073515e+03 1.887642577709659930e+00
1.118153820232364978e+03 1.887072029841777354e+00
1.118324114752656214e+03 1.886687484240741064e+00
1.118494409272947451e+03 1.888145773567659669e+00
1.118664703793238687e+03 1.891875315348594766e+00
1.118834998313529923e+03 1.895603913463834722e+00
1.119005292833821159e+03 1.897056001932061253e+00
1.119175587354112622e+03 1.896817776207951667e+00
1.119345881874403858e+03 1.896885132046238764e+00
1.119516176394695094e+03 1.897875350439578002e+00
1.119686470914986330e+03 1.899047285793487694e+00
1.119856765435277566e+03 1.899498118885929010e+00
1.120027059955569030e+03 1.898843010573232792e+00
1.120197354475860266e+03 1.897754471074144522e+00
1.120367648996151502e+03 1.897966711083761915e+00
1.120537943516442738e+03 1.900277757941251977e+00
1.120708238036733974e+03 1.903137043693730712e+00
1.120878532557025437e+03 1.904253325824160292e+00
1.121048827077316673e+03 1.902771971998558520e+00
1.121219121597607909e+03 1.899003227638025759e+00
1.121389416117899145e+03 1.893223150524633525e+00
1.121559710638190381e+03 1.886302022722958327e+00
1.121730005158481845e+03 1.879648352553243917e+00
1.121900299678773081e+03 1.874459939328810165e+00
1.122070594199064317e+03 1.871607263036800806e+00
1.122240888719355553e+03 1.870919103479805834e+00
1.122411183239646789e+03 1.871447904733786860e+00
1.122581477759938025e+03 1.872378459964144870e+00
1.122751772280229488e+03 1.873784516002173994e+00
1.122922066800520724e+03 1.875933851894631577e+00
1.123092361320811960e+03 1.877821077650020154e+00
1.123262655841103197e+03 1.878235738117686182e+00
1.123432950361394433e+03 1.876888587086621873e+00
1.123603244881685896e+03 1.874275830071551852e+00
1.123773539401977132e+03 1.871184642037883483e+00
1.123943833922268368e+03 1.868362264395083017e+00
1.124114128442559604e+03 1.866180475737932554e+00
1.124284422962850840e+03 1.864156156044297852e+00
1.124454717483142304e+03 1.861054083531064940e+00
1.124625012003433540e+03 1.856677781261826921e+00
1.124795306523724776e+03 1.852667348593661334e+00
1.124965601044016012e+03 1.850703534468407518e+00
1.125135895564307248e+03 1.850720256649124540e+00
1.125306190084598711e+03 1.851209651767135034e+00
1.125476484604889947e+03 1.850726897771495238e+00
1.125646779125181183e+03 1.848676589171127205e+00
1.125817073645472419e+03 1.845133413611773854e+00
1.125987368165763655e+03 1.840795652185123643e+00
1.126157662686054891e+03 1.836823919237930092e+00
1.126327957206346355e+03 1.833953519810576305e+00
1.126498251726637591e+03 1.832254114792081445e+00
1.126668546246928827e+03 1.831495224190813564e+00
1.126838840767220063e+03 1.831241086734128443e+00
1.127009135287511299e+03 1.830976457532241586e+00
1.127179429807802762e+03 1.830385742364389667e+00
1.127349724328093998e+03 1.829474705514766653e+00
1.127520018848385234e+03 1.827908982645322089e+00
1.127690313368676470e+03 1.825414740323299645e+00
1.127860607888967706e+03 1.822282176614114402e+00
1.128030902409259170e+03 1.819069899479876629e+00
1.128201196929550406e+03 1.816346129828911860e+00
1.128371491449841642e+03 1.814259614551320787e+00
1.128541785970132878e+03 1.812326861860050542e+00
1.128712080490424114e+03 1.810279374783492656e+00
1.128882375010715350e+03 1.808587399633816428e+00
1.129052669531006813e+03 1.807607103811841309e+00
1.129222964051298050e+03 1.806786392025645505e+00
1.129393258571589286e+03 1.805105547208266437e+00
1.129563553091880522e+03 1.802111986893765172e+00
1.129733847612171758e+03 1.797573275717804675e+00
1.129904142132463221e+03 1.791310127283018749e+00
1.130074436652754457e+03 1.783921789672072933e+00
1.130244731173045693e+03 1.776430447089862863e+00
1.130415025693336929e+03 1.769696613760603388e+00
1.130585320213628165e+03 1.764266795818846489e+00
1.130755614733919629e+03 1.760250950594695274e+00
1.130925909254210865e+03 1.757689662080122783e+00
1.131096203774502101e+03 1.756453104022083433e+00
1.131266498294793337e+03 1.756050023868707566e+00
1.131436792815084573e+03 1.755901092369320793e+00
1.131607087335376036e+03 1.754994384438572030e+00
1.131777381855667272e+03 1.752430255822155836e+00
1.131947676375958508e+03 1.748907580083876923e+00
1.132117970896249744e+03 1.745857459898046304e+00
1.132288265416540980e+03 1.743799760038456492e+00
1.132458559936832216e+03 1.742337760005253422e+00
1.132628854457123680e+03 1.740633357789660662e+00
1.132799148977414916e+03 1.737943083982241177e+00
1.132969443497706152e+03 1.734218738107242697e+00
1.133139738017997388e+03 1.730230100287307504e+00
1.133310032538288624e+03 1.727192637434506128e+00
1.133480327058580087e+03 1.725951344471390758e+00
1.133650621578871323e+03 1.726381943517403261e+00
1.133820916099162559e+03 1.727313834297623529e+00
1.133991210619453796e+03 1.727509651938125668e+00
1.134161505139745032e+03 1.726431696032197927e+00
1.134331799660036495e+03 1.724349987188967148e+00
1.134502094180327731e+03 1.722048204164186025e+00
1.134672388700618967e+03 1.720440400295775607e+00
1.134842683220910203e+03 1.719708575973454057e+00
1.135012977741201439e+03 1.718909263365417051e+00
1.135183272261492903e+03 1.717486256234778796e+00
1.135353566781784139e+03 1.716220888799517841e+00
1.135523861302075375e+03 1.715790810999123561e+00
1.135694155822366611e+03 1.715945382050189760e+00
1.135864450342657847e+03 1.716203912112101104e+00
1.136034744862949083e+03 1.716421791841862721e+00
1.136205039383240546e+03 1.716444285441010020e+00
1.136375333903531782e+03 1.715708707831664181e+00
1.136545628423823018e+03 1.713703031113842812e+00
1.136715922944114254e+03 1.710606422335548604e+00
1.136886217464405490e+03 1.707600837855757003e+00
1.137056511984696954e+03 1.705970761384420831e+00
1.137226806504988190e+03 1.706001364446547708e+00
1.137397101025279426e+03 1.707412665347993297e+00
1.137567395545570662e+03 1.710016733593812566e+00
1.137737690065861898e+03 1.713278269052692870e+00
1.137907984586153361e+03 1.716071955032832941e+00
1.138078279106444597e+03 1.717419826953570761e+00
1.138248573626735833e+03 1.716768089128936303e+00
1.138418868147027069e+03 1.714764928651142384e+00
1.138589162667318305e+03 1.713057387481637939e+00
1.138759457187609769e+03 1.712779562921793453e+00
1.138929751707901005e+03 1.713931196047569161e+00
1.139100046228192241e+03 1.715963663157045627e+00
1.139270340748483477e+03 1.717915090336203487e+00
1.139440635268774713e+03 1.718815004599320240e+00
1.139610929789065949e+03 1.718390831383255879e+00
1.139781224309357412e+03 1.717241012976985948e+00
1.139951518829648649e+03 1.716341448160141780e+00
1.140121813349939885e+03 1.716012265416337002e+00
1.140292107870231121e+03 1.715829322468383822e+00
1.140462402390522357e+03 1.715782032597870543e+00
1.140632696910813820e+03 1.716307559793025295e+00
1.140802991431105056e+03 1.717832226988098121e+00
1.140973285951396292e+03 1.720078723138165788e+00
1.141143580471687528e+03 1.722637776036470836e+00
1.141313874991978764e+03 1.725231551726105206e+00
1.141484169512270228e+03 1.727268004199752127e+00
1.141654464032561464e+03 1.728235476525327829e+00
1.141824758552852700e+03 1.727751985526919443e+00
1.141995053073143936e+03 1.726119935284935014e+00
1.142165347593435172e+03 1.724350691841613381e+00
1.142335642113726408e+03 1.722595415888544146e+00
1.142505936634017871e+03 1.720345089323628951e+00
1.142676231154309107e+03 1.717551421506496645e+00
1.142846525674600343e+03 1.715070473398720541e+00
1.143016820194891579e+03 1.713917152401849719e+00
1.143187114715182815e+03 1.713861527815444319e+00
1.143357409235474279e+03 1.713975896055393466e+00
1.143527703755765515e+03 1.713807938495180316e+00
1.143697998276056751e+03 1.713418000283474019e+00
1.143868292796347987e+03 1.712420068914530136e+00
1.144038587316639223e+03 1.710224212163188762e+00
1.144208881836930686e+03 1.707380992209516002e+00
1.144379176357221922e+03 1.705343965749410717e+00
1.144549470877513158e+03 1.704932699090094594e+00
1.144719765397804395e+03 1.706018034625886859e+00
1.144890059918095631e+03 1.707843582181034048e+00
1.145060354438387094e+03 1.709831056307181685e+00
1.145230648958678330e+03 1.711995919059480897e+00
1.145400943478969566e+03 1.714337138852054743e+00
1.145571237999260802e+03 1.716676562977703657e+00
1.145741532519552038e+03 1.718860835278389398e+00
1.145911827039843274e+03 1.720502810702348562e+00
1.146082121560134738e+03 1.721342816379515472e+00
1.146252416080425974e+03 1.721228863093152261e+00
1.146422710600717210e+03 1.720517898574889903e+00
1.146593005121008446e+03 1.720034795679788786e+00
1.146763299641299682e+03 1.720348093194381978e+00
1.146933594161591145e+03 1.721679233402632736e+00
1.147103888681882381e+03 1.724029614493713947e+00
1.147274183202173617e+03 1.726956059502402496e+00
1.147444477722464853e+03 1.729736840116589125e+00
1.147614772242756089e+03 1.731825737820157141e+00
1.147785066763047553e+03 1.733073972544680208e+00
1.147955361283338789e+03 1.733830702469236318e+00
1.148125655803630025e+03 1.734875164044145546e+00
1.148295950323921261e+03 1.736440578732752815e+00
1.148466244844212497e+03 1.737632291683574248e+00
1.148636539364503960e+03 1.737344670970493610e+00
1.148806833884795196e+03 1.735201822952358919e+00
1.148977128405086432e+03 1.731427422711365072e+00
1.149147422925377668e+03 1.726457120780450882e+00
1.149317717445668904e+03 1.721368222655348612e+00
1.149488011965960141e+03 1.718022127458790571e+00
1.149658306486251604e+03 1.717445185120827222e+00
1.149828601006542840e+03 1.719342627885486863e+00
1.149998895526834076e+03 1.723280349652785315e+00
1.150169190047125312e+03 1.728639110835073378e+00
1.150339484567416548e+03 1.734166287900670067e+00
1.150509779087708012e+03 1.738280403257275175e+00
1.150680073607999248e+03 1.740377913519169484e+00
1.150850368128290484e+03 1.741207990490690305e+00
1.151020662648581720e+03 1.741650778519202358e+00
1.151190957168872956e+03 1.741738828674274320e+00
1.151361251689164419e+03 1.741301435594664548e+00
1.151531546209455655e+03 1.740968829673514406e+00
1.151701840729746891e+03 1.741572550339861580e+00
1.151872135250038127e+03 1.743322285816266248e+00
1.152042429770329363e+03 1.746087372616072830e+00
1.152212724290620599e+03 1.749574627342950661e+00
1.152383018810912063e+03 1.752988594537413292e+00
1.152553313331203299e+03 1.755328133869435536e+00
1.152723607851494535e+03 1.756891477552472658e+00
1.152893902371785771e+03 1.758075424682346899e+00
1.153064196892077007e+03 1.758193254259283300e+00
1.153234491412368470e+03 1.756850851464416774e+00
1.153404785932659706e+03 1.755194784534424235e+00
1.153575080452950942e+03 1.755024234746346945e+00
1.153745374973242178e+03 1.756447025373903514e+00
1.153915669493533414e+03 1.758096344901877828e+00
1.154085964013824878e+03 1.759355906944965353e+00
1.154256258534116114e+03 1.760254272396696962e+00
1.154426553054407350e+03 1.760587775698376989e+00
1.154596847574698586e+03 1.760442868982000864e+00
1.154767142094989822e+03 1.760041248202843800e+00
1.154937436615281285e+03 1.759368207017321772e+00
1.155107731135572521e+03 1.758279211980935397e+00
1.155278025655863757e+03 1.757027895253305383e+00
1.155448320176154994e+03 1.756190980830505843e+00
1.155618614696446230e+03 1.756008379322559154e+00
1.155788909216737466e+03 1.756087819513809212e+00
1.155959203737028929e+03 1.755686116874789038e+00
1.156129498257320165e+03 1.754420781984559419e+00
1.156299792777611401e+03 1.751984907385064627e+00
1.156470087297902637e+03 1.748208369713339039e+00
1.156640381818193873e+03 1.744032661488454927e+00
1.156810676338485337e+03 1.740895169000513221e+00
1.156980970858776573e+03 1.739538650617967308e+00
1.157151265379067809e+03 1.739866603401329925e+00
1.157321559899359045e+03 1.741384867971767614e+00
1.157491854419650281e+03 1.743548286702945482e+00
1.157662148939941744e+03 1.745988880206300387e+00
1.157832443460232980e+03 1.748124792214190482e+00
1.158002737980524216e+03 1.748970034017935049e+00
1.158173032500815452e+03 1.748397494004760411e+00
1.158343327021106688e+03 1.748011803391085417e+00
1.158513621541398152e+03 1.749601514692233017e+00
1.158683916061689388e+03 1.753043416185967152e+00
1.158854210581980624e+03 1.756645166444262607e+00
1.159024505102271860e+03 1.759575323544273706e+00
1.159194799622563096e+03 1.762660756857782340e+00
1.159365094142854332e+03 1.767027157169364315e+00
1.159535388663145795e+03 1.773038355122253495e+00
1.159705683183437031e+03 1.779989291564198162e+00
1.159875977703728267e+03 1.787073529035195785e+00
1.160046272224019503e+03 1.794318384540069866e+00
1.160216566744310740e+03 1.801999365353320171e+00
1.160386861264602203e+03 1.809626584076153843e+00
1.160557155784893439e+03 1.816327688697452647e+00
1.160727450305184675e+03 1.821306369760802291e+00
1.160897744825475911e+03 1.824002545063747149e+00
1.161068039345767147e+03 1.824859018714228398e+00
1.161238333866058611e+03 1.825092732277779239e+00
1.161408628386349847e+03 1.825851378461119889e+00
1.161578922906641083e+03 1.827755108902554326e+00
1.161749217426932319e+03 1.830885339741942897e+00
1.161919511947223555e+03 1.835101081971300285e+00
1.162089806467514791e+03 1.840129511609838842e+00
1.162260100987806254e+03 1.845206084479753983e+00
1.162430395508097490e+03 1.849249408376200776e+00
1.162600690028388726e+03 1.851914101345436769e+00
1.162770984548679962e+03 1.853040092948251782e+00
1.162941279068971198e+03 1.852922805666141315e+00
1.163111573589262662e+03 1.853844402666559699e+00
1.163281868109553898e+03 1.857852536000871080e+00
1.163452162629845134e+03 1.863826394462630542e+00
1.163622457150136370e+03 1.869230255275218688e+00
1.163792751670427606e+03 1.872857874177354498e+00
1.163963046190719069e+03 1.875368698271834056e+00
1.164133340711010305e+03 1.878017252867574705e+00
1.164303635231301541e+03 1.880790637964778078e+00
1.164473929751592777e+03 1.883273631370923074e+00
1.164644224271884013e+03 1.886425841042404628e+00
1.164814518792175477e+03 1.891666253677337650e+00
1.164984813312466713e+03 1.899338679384257933e+00
1.165155107832757949e+03 1.908454085042491588e+00
1.165325402353049185e+03 1.917522199302672981e+00
1.165495696873340421e+03 1.925589306866024808e+00
1.165665991393631657e+03 1.932330968711153840e+00
1.165836285913923120e+03 1.937474292378707830e+00
1.166006580434214357e+03 1.941161281414163220e+00
1.166176874954505593e+03 1.944034926416486897e+00
1.166347169474796829e+03 1.946906971464860803e+00
1.166517463995088065e+03 1.950520782506235840e+00
1.166687758515379528e+03 1.955234290965051525e+00
1.166858053035670764e+03 1.960951227882976600e+00
1.167028347555962000e+03 1.967210568902859613e+00
1.167198642076253236e+03 1.973613340227166724e+00
1.167368936596544472e+03 1.979832494784048436e+00
1.167539231116835936e+03 1.985351217430712634e+00
1.167709525637127172e+03 1.989810398219503007e+00
1.167879820157418408e+03 1.993868444555573216e+00
1.168050114677709644e+03 1.998190430968068920e+00
1.168220409198000880e+03 2.002569317727985965e+00
1.168390703718292343e+03 2.006933428649941842e+00
1.168560998238583579e+03 2.011277045006065300e+00
1.168731292758874815e+03 2.014901276782818496e+00
1.168901587279166051e+03 2.016870645216198188e+00
1.169071881799457287e+03 2.017286438020478023e+00
1.169242176319748523e+03 2.017498040905413070e+00
1.169412470840039987e+03 2.019114927136590687e+00
1.169582765360331223e+03 2.023069461103069955e+00
1.169753059880622459e+03 2.029361051546483274e+00
1.169923354400913695e+03 2.037157827203603055e+00
1.170093648921204931e+03 2.044795880952699374e+00
1.170263943441496394e+03 2.050494608631952875e+00
1.170434237961787630e+03 2.053889970010084109e+00
1.170604532482078866e+03 2.056304156763863134e+00
1.170774827002370102e+03 2.059347436091124806e+00
1.170945121522661339e+03 2.063920464851884518e+00
1.171115416042952802e+03 2.070240093876388521e+00
1.171285710563244038e+03 2.078038929589650863e+00
1.171456005083535274e+03 2.086366023916904844e+00
1.171626299603826510e+03 2.093746854911348265e+00
1.171796594124117746e+03 2.099462736791523731e+00
1.171966888644409210e+03 2.104195117382488434e+00
1.172137183164700446e+03 2.108226782447716552e+00
1.172307477684991682e+03 2.110783539903928308e+00
1.172477772205282918e+03 2.111597019236766570e+00
1.172648066725574154e+03 2.111592823460420654e+00
1.172818361245865390e+03 2.112302997374793989e+00
1.172988655766156853e+03 2.114473637363049718e+00
1.173158950286448089e+03 2.117844920497689465e+00
1.173329244806739325e+03 2.121951081825016239e+00
1.173499539327030561e+03 2.126555466623401003e+00
1.173669833847321797e+03 2.131666832701630376e+00
1.173840128367613261e+03 2.137715364420818887e+00
1.174010422887904497e+03 2.144235843526531404e+00
1.174180717408195733e+03 2.149409690604319856e+00
1.174351011928486969e+03 2.152140281681369505e+00
1.174521306448778205e+03 2.153252966044005845e+00
1.174691600969069668e+03 2.154673502156615239e+00
1.174861895489360904e+03 2.158106763367629188e+00
1.175032190009652140e+03 2.163746626164607889e+00
1.175202484529943376e+03 2.170295258480345435e+00
1.175372779050234612e+03 2.176664445150988669e+00
1.175543073570525848e+03 2.182744479699693763e+00
1.175713368090817312e+03 2.188271786607515867e+00
1.175883662611108548e+03 2.192962283871905615e+00
1.176053957131399784e+03 2.197396288887995652e+00
1.176224251651691020e+03 2.201861086216744923e+00
1.176394546171982256e+03 2.205322314126523686e+00
1.176564840692273719e+03 2.206902990307831658e+00
1.176735135212564956e+03 2.207163959641357032e+00
1.176905429732856192e+03 2.207491838841534992e+00
1.177075724253147428e+03 2.209214483639793780e+00
1.177246018773438664e+03 2.213231257480647418e+00
1.177416313293730127e+03 2.219816057088110917e+00
1.177586607814021363e+03 2.227997433386982085e+00
1.177756902334312599e+03 2.236159136976920259e+00
1.177927196854603835e+03 2.243653407062094374e+00
1.178097491374895071e+03 2.249951429038702599e+00
1.178267785895186535e+03 2.254281361413836837e+00
1.178438080415477771e+03 2.257023247516332987e+00
1.178608374935769007e+03 2.259819636674556875e+00
1.178778669456060243e+03 2.264176338173504721e+00
1.178948963976351479e+03 2.270368677647196076e+00
1.179119258496642715e+03 2.277539580987618884e+00
1.179289553016934178e+03 2.284167137410953785e+00
1.179459847537225414e+03 2.289264816927231827e+00
1.179630142057516650e+03 2.293164499197100525e+00
1.179800436577807886e+03 2.296756835953101650e+00
1.179970731098099122e+03 2.300577378467330902e+00
1.180141025618390586e+03 2.304253877950647400e+00
1.180311320138681822e+03 2.308287896612479351e+00
1.180481614658973058e+03 2.314202846455476248e+00
1.180651909179264294e+03 2.322532602408225344e+00
1.180822203699555530e+03 2.332395885847990513e+00
1.180992498219846993e+03 2.342289871280707203e+00
1.181162792740138229e+03 2.351343568315532373e+00
1.181333087260429465e+03 2.359073148272400111e+00
1.181503381780720701e+03 2.365153700188787234e+00
1.181673676301011938e+03 2.370042521120944379e+00
1.181843970821303401e+03 2.374227410507565139e+00
1.182014265341594637e+03 2.378170147612346241e+00
1.182184559861885873e+03 2.382842720694605454e+00
1.182354854382177109e+03 2.389349742651237563e+00
1.182525148902468345e+03 2.398161030377384151e+00
1.182695443422759581e+03 2.409115918075662055e+00
1.182865737943051045e+03 2.420983062309183698e+00
1.183036032463342281e+03 2.432274199518117630e+00
1.183206326983633517e+03 2.442830547207354819e+00
1.183376621503924753e+03 2.452783255952180053e+00
1.183546916024215989e+03 2.462193697926256419e+00
1.183717210544507452e+03 2.471879670742133328e+00
1.183887505064798688e+03 2.482773743080270989e+00
1.184057799585089924e+03 2.494587635452385044e+00
1.184228094105381160e+03 2.505959483210521199e+00
1.184398388625672396e+03 2.515588333124068043e+00
1.184568683145963860e+03 2.522842935671752773e+00
1.184738977666255096e+03 2.528523916039179475e+00
1.184909272186546332e+03 2.533214676414103028e+00
1.185079566706837568e+03 2.537602741339630708e+00
1.185249861227128804e+03 2.543814148740541015e+00
1.185420155747420040e+03 2.553153522977054557e+00
1.185590450267711503e+03 2.564511183362804481e+00
1.185760744788002739e+03 2.576572712258636599e+00
1.185931039308293975e+03 2.589061738363238607e+00
1.186101333828585211e+03 2.602377799793097246e+00
1.186271628348876447e+03 2.617008717276235075e+00
1.186441922869167911e+03 2.632978223693394959e+00
1.186612217389459147e+03 2.650028272585751132e+00
1.186782511909750383e+03 2.671713288107711026e+00
1.186952806430041619e+03 2.697948976085803974e+00
1.187123100950332855e+03 2.713928549426801062e+00
1.187293395470624318e+03 2.719921091477544017e+00
1.187463689990915555e+03 2.728152514647350202e+00
1.187633984511206791e+03 2.729465619368856899e+00
1.187804279031498027e+03 2.726025895164759127e+00
1.187974573551789263e+03 2.728266522255118343e+00
1.188144868072080726e+03 2.735847155829287836e+00
1.188315162592371962e+03 2.744943875043039938e+00
1.188485457112663198e+03 2.754815120050803756e+00
1.188655751632954434e+03 2.764448837869259101e+00
1.188826046153245670e+03 2.773945313379823308e+00
1.188996340673536906e+03 2.784883562526982104e+00
1.189166635193828370e+03 2.797786297408922707e+00
1.189336929714119606e+03 2.812629507647220528e+00
1.189507224234410842e+03 2.828076778460554941e+00
1.189677518754702078e+03 2.842056873351238799e+00
1.189847813274993314e+03 2.854235564232485700e+00
1.190018107795284777e+03 2.865624180533397070e+00
1.190188402315576013e+03 2.878515545345130100e+00
1.190358696835867249e+03 2.894847940963673594e+00
1.190528991356158485e+03 2.914100053854276062e+00
1.190699285876449721e+03 2.934532389404464592e+00
1.190869580396741185e+03 2.953393192451131632e+00
1.191039874917032421e+03 2.969108678397645917e+00
1.191210169437323657e+03 2.982350271670824782e+00
1.191380463957614893e+03 2.995182005736040765e+00
1.191550758477906129e+03 3.008409293895630832e+00
1.191721052998197592e+03 3.021992265809068545e+00
1.191891347518488828e+03 3.035877552290414449e+00
1.192061642038780064e+03 3.049792857313008199e+00
1.192231936559071301e+03 3.063787171512204477e+00
1.192402231079362537e+03 3.078281104062953411e+00
1.192572525599653773e+03 3.093751915623923487e+00
1.192742820119945236e+03 3.109953773397764465e+00
1.192913114640236472e+03 3.127122321438065899e+00
1.193083409160527708e+03 3.145570093503543774e+00
1.193253703680818944e+03 3.164732887758178848e+00
1.193423998201110180e+03 3.183967528256148150e+00
1.193594292721401644e+03 3.202495919784099421e+00
1.193764587241692880e+03 3.219108989735134152e+00
1.193934881761984116e+03 3.233497694639935638e+00
1.194105176282275352e+03 3.247423935031157782e+00
1.194275470802566588e+03 3.262374937663443664e+00
1.194445765322858051e+03 3.278654877329135964e+00
1.194616059843149287e+03 3.296205504333861391e+00
1.194786354363440523e+03 3.314705562478457157e+00
1.194956648883731759e+03 3.333354552249127245e+00
1.195126943404022995e+03 3.351700905986017442e+00
1.195297237924314231e+03 3.369755803309625097e+00
1.195467532444605695e+03 3.387282577773322423e+00
1.195637826964896931e+03 3.403764168191163009e+00
1.195808121485188167e+03 3.419429466927115691e+00
1.195978416005479403e+03 3.434826294367582911e+00
1.196148710525770639e+03 3.450437718619307592e+00
1.196319005046062102e+03 3.467054359077831105e+00
1.196489299566353338e+03 3.484908075192959309e+00
1.196659594086644574e+03 3.503726438753099082e+00
1.196829888606935810e+03 3.523211709651155488e+00
1.197000183127227046e+03 3.543879118931423378e+00
1.197170477647518510e+03 3.566465861743442822e+00
1.197340772167809746e+03 3.591084686572394880e+00
1.197511066688100982e+03 3.616678816164711208e+00
1.197681361208392218e+03 3.641349887123041640e+00
1.197851655728683454e+03 3.663998663551964796e+00
1.198021950248974917e+03 3.684965683363950362e+00
1.198192244769266154e+03 3.705782763361311183e+00
1.198362539289557390e+03 3.727299397359858268e+00
1.198532833809848626e+03 3.748692842973467165e+00
1.198703128330139862e+03 3.769105834190672688e+00
1.198873422850431098e+03 3.789325835005503684e+00
1.199043717370722561e+03 3.810559078497380181e+00
1.199214011891013797e+03 3.833376573472938809e+00
1.199384306411305033e+03 3.857259854156326107e+00
1.199554600931596269e+03 3.881237696239264068e+00
1.199724895451887505e+03 3.905532707733388342e+00
1.199895189972178969e+03 3.930821905520606396e+00
1.200065484492470205e+03 3.956779874267991381e+00
1.200235779012761441e+03 3.982662820568190654e+00
1.200406073533052677e+03 4.007400143464104225e+00
1.200576368053343913e+03 4.030192021184002549e+00
1.200746662573635376e+03 4.052068373529017720e+00
1.200916957093926612e+03 4.075064114255330772e+00
1.201087251614217848e+03 4.099986760080139625e+00
1.201257546134509084e+03 4.126566820535458646e+00
1.201427840654800320e+03 4.153966516988151447e+00
1.201598135175091784e+03 4.180411378277789858e+00
1.201768429695383020e+03 4.204594149991089935e+00
1.201938724215674256e+03 4.227367508244689098e+00
1.202109018735965492e+03 4.251207432753524529e+00
1.202279313256256728e+03 4.277752725637041564e+00
1.202449607776547964e+03 4.307101561745843021e+00
1.202619902296839427e+03 4.338259400069274463e+00
1.202790196817130663e+03 4.369817234632978220e+00
1.202960491337421900e+03 4.400846805023045150e+00
1.203130785857713136e+03 4.429992072048883678e+00
1.203301080378004372e+03 4.456352504824350191e+00
1.203471374898295835e+03 4.481375194820373054e+00
1.203641669418587071e+03 4.507267032228272186e+00
1.203811963938878307e+03 4.535040470206854302e+00
1.203982258459169543e+03 4.564362093864660075e+00
1.204152552979460779e+03 4.593558731120838345e+00
1.204322847499752243e+03 4.621119246648820678e+00
1.204493142020043479e+03 4.649248522358451652e+00
1.204663436540334715e+03 4.680736163655422111e+00
1.204833731060625951e+03 4.714407201932807823e+00
1.205004025580917187e+03 4.747852408436596505e+00
1.205174320101208650e+03 4.779665191238871458e+00
1.205344614621499886e+03 4.809215046674093941e+00
1.205514909141791122e+03 4.836554912778481707e+00
1.205685203662082358e+03 4.863274558358872568e+00
1.205855498182373594e+03 4.890932968759084787e+00
1.206025792702664830e+03 4.919690851818996791e+00
1.206196087222956294e+03 4.948295520875127806e+00
1.206366381743247530e+03 4.975433433515781267e+00
1.206536676263538766e+03 5.001766626831153140e+00
1.206706970783830002e+03 5.028074341502156486e+00
1.206877265304121238e+03 5.055071318679395631e+00
1.207047559824412701e+03 5.082430291148190449e+00
1.207217854344703937e+03 5.110111415790794531e+00
1.207388148864995173e+03 5.139242397970619436e+00
1.207558443385286409e+03 5.171000169442457661e+00
1.207728737905577646e+03 5.206183829835170584e+00
1.207899032425869109e+03 5.243519848250472570e+00
1.208069326946160345e+03 5.280165624175818806e+00
1.208239621466451581e+03 5.312936112208666017e+00
1.208409915986742817e+03 5.340733681620895013e+00
1.208580210507034053e+03 5.364513573573007399e+00
1.208750505027325289e+03 5.385988486312968782e+00
1.208920799547616753e+03 5.406881252548098260e+00
1.209091094067907989e+03 5.429348609284392779e+00
1.209261388588199225e+03 5.451484086059378065e+00
1.209431683108490461e+03 5.469227635682988975e+00
1.209601977628781697e+03 5.484729908506924545e+00
1.209772272149073160e+03 5.494466336915438731e+00
1.209942566669364396e+03 5.498038037365061470e+00
1.210112861189655632e+03 5.498117520595179997e+00
1.210283155709946868e+03 5.491756385576774591e+00
1.210453450230238104e+03 5.475512034274667705e+00
1.210623744750529568e+03 5.449836072394579567e+00
1.210794039270820804e+03 5.419397720662192164e+00
1.210964333791112040e+03 5.390824891422500542e+00
1.211134628311403276e+03 5.372331217881526122e+00
1.211304922831694512e+03 5.369930745111611614e+00
1.211475217351985975e+03 5.386324531318221531e+00
1.211645511872277211e+03 5.422106551751172177e+00
1.211815806392568447e+03 5.472592707294797520e+00
1.211986100912859683e+03 5.527570264679423140e+00
1.212156395433150919e+03 5.575384599863014934e+00
1.212326689953442155e+03 5.610627135980743141e+00
1.212496984473733619e+03 5.631731358357626505e+00
1.212667278994024855e+03 5.639734328677969089e+00
1.212837573514316091e+03 5.637771410133886718e+00
1.213007868034607327e+03 5.630997246155127200e+00
1.213178162554898563e+03 5.625992142772451743e+00
1.213348457075190026e+03 5.629878620634067410e+00
1.213518751595481262e+03 5.647556414890872567e+00
1.213689046115772499e+03 5.678196276459207326e+00
1.213859340636063735e+03 5.718110649983667138e+00
1.214029635156354971e+03 5.763267146552767173e+00
1.214199929676646434e+03 5.808907347124870668e+00
1.214370224196937670e+03 5.850004812228736029e+00
1.214540518717228906e+03 5.879730240186746393e+00
1.214710813237520142e+03 5.891317624000308228e+00
1.214881107757811378e+03 5.881725830498669261e+00
1.215051402278102842e+03 5.848704555063189758e+00
1.215221696798394078e+03 5.786250679672370723e+00
1.215391991318685314e+03 5.670670285395395638e+00
1.215562285838976550e+03 5.449257705804782859e+00
1.215732580359267786e+03 5.086769853507890460e+00
1.215902874879559022e+03 4.630385264049905913e+00
1.216073169399850485e+03 4.197348801836783494e+00
1.216243463920141721e+03 3.894924964171175841e+00
1.216413758440432957e+03 3.751438289922635505e+00
1.216584052960724193e+03 3.719927797764556843e+00
1.216754347481015429e+03 3.740824652623119917e+00
1.216924642001306893e+03 3.781425376003242356e+00
1.217094936521598129e+03 3.829481711778029762e+00
1.217265231041889365e+03 3.878899712799593669e+00
1.217435525562180601e+03 3.925042368125036596e+00
1.217605820082471837e+03 3.963813102995798143e+00
1.217776114602763300e+03 3.990895800831466111e+00
1.217946409123054536e+03 4.004158436338588700e+00
1.218116703643345772e+03 4.007173752619719309e+00
1.218286998163637008e+03 4.007577263977583293e+00
1.218457292683928245e+03 4.011302080942392045e+00
1.218627587204219481e+03 4.017396999284139625e+00
1.218797881724510944e+03 4.019218928352096931e+00
1.218968176244802180e+03 4.011302657481795819e+00
1.219138470765093416e+03 3.994649442363994662e+00
1.219308765285384652e+03 3.975756709497439978e+00
1.219479059805675888e+03 3.959419814400936488e+00
1.219649354325967352e+03 3.943768334322919067e+00
1.219819648846258588e+03 3.924157191973954628e+00
1.219989943366549824e+03 3.898368552859820202e+00
1.220160237886841060e+03 3.867963019780636280e+00
1.220330532407132296e+03 3.838100826864527804e+00
1.220500826927423759e+03 3.813249454598300225e+00
1.220671121447714995e+03 3.792710927510025254e+00
1.220841415968006231e+03 3.773053843600485902e+00
1.221011710488297467e+03 3.749329592068034067e+00
1.221182005008588703e+03 3.719107694978446066e+00
1.221352299528880167e+03 3.686132770652997159e+00
1.221522594049171403e+03 3.654769353525478603e+00
1.221692888569462639e+03 3.626285401553579035e+00
1.221863183089753875e+03 3.600581161298737065e+00
1.222033477610045111e+03 3.575304545384897725e+00
1.222203772130336347e+03 3.546836152521150698e+00
1.222374066650627810e+03 3.516608216663758668e+00
1.222544361170919046e+03 3.490337819615668913e+00
1.222714655691210282e+03 3.471342693792529133e+00
1.222884950211501518e+03 3.457196362108584609e+00
1.223055244731792754e+03 3.442014438798593368e+00
1.223225539252084218e+03 3.421259474315232918e+00
1.223395833772375454e+03 3.394738291395904994e+00
1.223566128292666690e+03 3.367796058855030417e+00
1.223736422812957926e+03 3.349584755476738174e+00
1.223906717333249162e+03 3.346030478137470787e+00
1.224077011853540625e+03 3.351499002107778402e+00
1.224247306373831861e+03 3.352484999053556791e+00
1.224417600894123098e+03 3.340836810689743253e+00
1.224587895414414334e+03 3.320060317487411261e+00
1.224758189934705570e+03 3.298647682016737637e+00
1.224928484454997033e+03 3.282353604320611851e+00
1.225098778975288269e+03 3.273190464388234133e+00
1.225269073495579505e+03 3.269862213615022384e+00
1.225439368015870741e+03 3.268118434879609069e+00
1.225609662536161977e+03 3.264226321023838473e+00
1.225779957056453213e+03 3.258713991504702090e+00
1.225950251576744677e+03 3.254540050189932643e+00
1.226120546097035913e+03 3.259196021316292047e+00
1.226290840617327149e+03 3.276718940526675006e+00
1.226461135137618385e+03 3.292704267583399513e+00
1.226631429657909621e+03 3.304105693817071199e+00
1.226801724178201084e+03 3.316022272646975466e+00
1.226972018698492320e+03 3.329445409671122569e+00
1.227142313218783556e+03 3.343493321324932044e+00
1.227312607739074792e+03 3.357497617320297500e+00
1.227482902259366028e+03 3.371609060095338783e+00
1.227653196779657492e+03 3.384670660718423374e+00
1.227823491299948728e+03 3.395445064326156448e+00
1.227993785820239964e+03 3.406099364477475966e+00
1.228164080340531200e+03 3.415667042878758775e+00
1.228334374860822436e+03 3.414797692738053669e+00
1.228504669381113672e+03 3.397634035852352241e+00
1.228674963901405135e+03 3.371682480102338619e+00
1.228845258421696371e+03 3.349477228353421765e+00
1.229015552941987607e+03 3.333565833999439842e+00
1.229185847462278844e+03 3.316344046691855674e+00
1.229356141982570080e+03 3.293870107838121619e+00
1.229526436502861543e+03 3.272905375226499380e+00
1.229696731023152779e+03 3.264440002126032248e+00
1.229867025543444015e+03 3.272020892709388118e+00
1.230037320063735251e+03 3.287487617098155290e+00
1.230207614584026487e+03 3.301173064782260358e+00
1.230377909104317951e+03 3.312229271716743639e+00
1.230548203624609187e+03 3.326287484074101020e+00
1.230718498144900423e+03 3.345226232478327510e+00
1.230888792665191659e+03 3.363535222583464712e+00
1.231059087185482895e+03 3.376354065455639208e+00
1.231229381705774358e+03 3.382851928569037714e+00
1.231399676226065594e+03 3.381641060324300341e+00
1.231569970746356830e+03 3.374800424500666196e+00
1.231740265266648066e+03 3.367831219058763814e+00
1.231910559786939302e+03 3.362516614013774774e+00
1.232080854307230538e+03 3.360129397785513561e+00
1.232251148827522002e+03 3.361001158840178249e+00
1.232421443347813238e+03 3.362616682293055881e+00
1.232591737868104474e+03 3.363411103471726449e+00
1.232762032388395710e+03 3.362610373760859694e+00
1.232932326908686946e+03 3.359217760831835875e+00
1.233102621428978409e+03 3.353307169720014080e+00
1.233272915949269645e+03 3.345768490121690864e+00
1.233443210469560881e+03 3.337976327269270627e+00
1.233613504989852117e+03 3.330904189942140547e+00
1.233783799510143353e+03 3.323985170377945941e+00
1.233954094030434817e+03 3.316103176784161555e+00
1.234124388550726053e+03 3.306803710232947058e+00
1.234294683071017289e+03 3.292910561359319033e+00
1.234464977591308525e+03 3.269001705982392814e+00
1.234635272111599761e+03 3.253461283486488220e+00
1.234805566631786633e+03 3.266394845796955160e+00
1.234975861152077869e+03 3.279061556957988621e+00
1.235146155672369105e+03 3.276279435764139158e+00
1.235316450192660341e+03 3.266915923295305113e+00
1.235486744712951577e+03 3.255338383250394152e+00
1.235657039233243040e+03 3.242453446839387077e+00
1.235827333753534276e+03 3.228593703054648767e+00
1.235997628273825512e+03 3.214175619412119822e+00
1.236167922794116748e+03 3.200739462379634581e+00
1.236338217314407984e+03 3.189910627867932114e+00
1.236508511834699448e+03 3.181481485887690308e+00
1.236678806354990684e+03 3.174582461950619994e+00
1.236849100875281920e+03 3.168149615951568077e+00
1.237019395395573156e+03 3.160960551049279310e+00
1.237189689915864392e+03 3.152102205091605214e+00
1.237359984436155855e+03 3.141676858651138105e+00
1.237530278956447091e+03 3.129698618191365078e+00
1.237700573476738327e+03 3.115797317044173731e+00
1.237870867997029563e+03 3.099586935314919245e+00
1.238041162517320799e+03 3.081067985611316118e+00
1.238211457037612263e+03 3.060580240207417813e+00
1.238381751557903499e+03 3.038746931997609479e+00
1.238552046078194735e+03 3.016190325710113918e+00
1.238722340598485971e+03 2.992989119196959091e+00
1.238892635118777207e+03 2.968768643403373098e+00
1.239062929639068443e+03 2.943729330494669227e+00
1.239233224159359906e+03 2.919093462255297311e+00
1.239403518679651143e+03 2.896200307267849716e+00
1.239573813199942379e+03 2.875600045763270884e+00
1.239744107720233615e+03 2.857465186307900140e+00
1.239914402240524851e+03 2.842079761207408684e+00
1.240084696760816314e+03 2.829818867884309697e+00
1.240254991281107550e+03 2.820119681227859054e+00
1.240425285801398786e+03 2.811619343219712075e+00
1.240595580321690022e+03 2.803368786324162087e+00
1.240765874841981258e+03 2.795207164462287341e+00
1.240936169362272722e+03 2.789768214039621608e+00
1.241106463882563958e+03 2.793005535626846836e+00
1.241276758402855194e+03 2.801376996027314270e+00
1.241447052923146430e+03 2.801033615613265582e+00
1.241617347443437666e+03 2.784613223660888259e+00
1.241787641963729129e+03 2.749345580916503273e+00
1.241957936484020365e+03 2.711697657808019191e+00
1.242128231004311601e+03 2.685565760983505523e+00
1.242298525524602837e+03 2.665138285759300008e+00
1.242468820044894073e+03 2.644591888367196830e+00
1.242639114565185309e+03 2.623104901615751938e+00
1.242809409085476773e+03 2.601234304948947695e+00
1.242979703605768009e+03 2.579750892895487979e+00
1.243149998126059245e+03 2.558849781639148890e+00
1.243320292646350481e+03 2.538855547246914313e+00
1.243490587166641717e+03 2.520642975123692509e+00
1.243660881686933180e+03 2.505068299669591436e+00
1.243831176207224416e+03 2.492116140416411163e+00
1.244001470727515652e+03 2.481240140859766186e+00
1.244171765247806889e+03 2.472113333061694007e+00
1.244342059768098125e+03 2.464153137051145581e+00
1.244512354288389588e+03 2.456154354090206660e+00
1.244682648808680824e+03 2.447793345966554845e+00
1.244852943328972060e+03 2.439581428264342655e+00
1.245023237849263296e+03 2.431250205375082629e+00
1.245193532369554532e+03 2.421868733308884636e+00
1.245363826889845768e+03 2.411503676121387052e+00
1.245534121410137232e+03 2.400958190020324068e+00
1.245704415930428468e+03 2.390533346918643609e+00
1.245874710450719704e+03 2.380446334663292696e+00
1.246045004971010940e+03 2.370900641551279886e+00
1.246215299491302176e+03 2.361746246200095989e+00
1.246385594011593639e+03 2.352784515331080684e+00
1.246555888531884875e+03 2.343832981764827572e+00
1.246726183052176111e+03 2.334956571572354811e+00
1.246896477572467347e+03 2.326429230322505148e+00
1.247066772092758583e+03 2.318143404565945254e+00
1.247237066613050047e+03 2.309658724185283063e+00
1.247407361133341283e+03 2.300549766311482891e+00
1.247577655653632519e+03 2.290814558716341764e+00
1.247747950173923755e+03 2.280904703037935910e+00
1.247918244694214991e+03 2.271461791444027156e+00
1.248088539214506454e+03 2.262725561204539382e+00
1.248258833734797690e+03 2.254553019236213096e+00
1.248429128255088926e+03 2.246703397873198504e+00
1.248599422775380162e+03 2.239024247265469114e+00
1.248769717295671398e+03 2.231350061976858701e+00
1.248940011815962635e+03 2.223641379191561906e+00
1.249110306336254098e+03 2.215980925964567305e+00
1.249280600856545334e+03 2.208426978171024402e+00
1.249450895376836570e+03 2.200826573349342397e+00
1.249621189897127806e+03 2.192953513067648075e+00
1.249791484417419042e+03 2.185223583233769862e+00
1.249961778937710505e+03 2.178057493713551729e+00
1.250132073458001742e+03 2.171204343695290362e+00
1.250302367978292978e+03 2.164368285819205262e+00
1.250472662498584214e+03 2.157427436975969837e+00
1.250642957018875450e+03 2.150483157291928737e+00
1.250813251539166913e+03 2.144004076456206498e+00
1.250983546059458149e+03 2.138131258317899963e+00
1.251153840579749385e+03 2.132515944709761690e+00
1.251324135100040621e+03 2.126946174085063923e+00
1.251494429620331857e+03 2.121442607047864470e+00
1.251664724140623321e+03 2.116018426219635984e+00
1.251835018660914557e+03 2.110622276551462839e+00
1.252005313181205793e+03 2.105202575672617371e+00
1.252175607701497029e+03 2.099799095507870916e+00
1.252345902221788265e+03 2.094708997467141565e+00
1.252516196742079501e+03 2.090264808823341980e+00
1.252686491262370964e+03 2.086499091544732565e+00
1.252856785782662200e+03 2.083055255877878764e+00
1.253027080302953436e+03 2.079416351468409196e+00
1.253197374823244672e+03 2.075308067809726431e+00
1.253367669343535908e+03 2.070970973010936689e+00
1.253537963863827372e+03 2.066773301140760299e+00
1.253708258384118608e+03 2.063106930437402564e+00
1.253878552904409844e+03 2.060594961414811799e+00
1.254048847424701080e+03 2.058866959823153486e+00
1.254219141944992316e+03 2.054809461682507443e+00
1.254389436465283779e+03 2.047511523259847088e+00
1.254559730985575015e+03 2.042726774646009158e+00
1.254730025505866251e+03 2.039851493217960332e+00
1.254900320026157488e+03 2.035924277325934284e+00
1.255070614546448724e+03 2.031355669131977404e+00
1.255240909066739960e+03 2.027540378597791904e+00
1.255411203587031423e+03 2.024744604811133275e+00
1.255581498107322659e+03 2.020523351326765749e+00
1.255751792627613895e+03 2.015260072583149320e+00
1.255922087147905131e+03 2.010905723978110071e+00
1.256092381668196367e+03 2.006939903313360585e+00
1.256262676188487831e+03 2.002844016789563142e+00
1.256432970708779067e+03 1.998985302012578735e+00
1.256603265229070303e+03 1.996023557541166227e+00
1.256773559749361539e+03 1.996701785463372403e+00
1.256943854269652775e+03 2.009568484067629335e+00
1.257114148789944238e+03 2.034424967030997067e+00
1.257284443310235474e+03 2.045124297610271924e+00
1.257454737830526710e+03 2.025906123659207747e+00
1.257625032350817946e+03 1.996297716792325039e+00
1.257795326871109182e+03 1.979932541910038646e+00
1.257965621391400646e+03 1.973889463405972045e+00
1.258135915911691882e+03 1.970510807060502190e+00
1.258306210431983118e+03 1.967750977962020364e+00
1.258476504952274354e+03 1.964891526799654509e+00
1.258646799472565590e+03 1.962082464045907582e+00
1.258817093992856826e+03 1.959707982202266274e+00
1.258987388513148289e+03 1.957692679458948870e+00
1.259157683033439525e+03 1.955675100279634204e+00
1.259327977553730761e+03 1.953235853017222023e+00
1.259498272074021997e+03 1.950441019566931722e+00
1.259668566594313234e+03 1.947619852540744656e+00
1.259838861114604697e+03 1.945166111477926840e+00
1.260009155634895933e+03 1.943015587847323644e+00
1.260179450155187169e+03 1.940330018326769101e+00
1.260349744675478405e+03 1.936778847754421662e+00
1.260520039195769641e+03 1.932566641890077985e+00
1.260690333716061104e+03 1.928079048555648933e+00
1.260860628236352341e+03 1.923741202050713861e+00
1.261030922756643577e+03 1.919616571134095118e+00
1.261201217276934813e+03 1.915766638631621221e+00
1.261371511797226049e+03 1.912312728995539723e+00
1.261541806317517512e+03 1.909127486153431974e+00
1.261712100837808748e+03 1.906298293022963719e+00
1.261882395358099984e+03 1.903765979434831612e+00
1.262052689878391220e+03 1.901165772218640804e+00
1.262222984398682456e+03 1.898309539887359287e+00
1.262393278918973692e+03 1.895039768263737212e+00
1.262563573439265156e+03 1.891356618628039943e+00
1.262733867959556392e+03 1.887506782706793285e+00
1.262904162479847628e+03 1.883727932249970038e+00
1.263074457000138864e+03 1.880033574603466651e+00
1.263244751520430100e+03 1.876005448431060429e+00
1.263415046040721563e+03 1.871439281633152873e+00
1.263585340561012799e+03 1.866912985642558365e+00
1.263755635081304035e+03 1.862528111235584261e+00
1.263925929601595271e+03 1.857737032534836352e+00
1.264096224121886507e+03 1.852407544088738423e+00
1.264266518642177971e+03 1.846909979454259165e+00
1.264436813162469207e+03 1.841566775618570295e+00
1.264607107682760443e+03 1.836379740155299478e+00
1.264777402203051679e+03 1.831111088204922854e+00
1.264947696723342915e+03 1.825588107636277435e+00
1.265117991243634151e+03 1.820056947811717230e+00
1.265288285763925614e+03 1.814818050821844775e+00
1.265458580284216850e+03 1.809791782506124491e+00
1.265628874804508087e+03 1.804777505371974122e+00
1.265799169324799323e+03 1.799710942737525521e+00
1.265969463845090559e+03 1.794411581889924445e+00
1.266139758365382022e+03 1.788713236769954307e+00
1.266310052885673258e+03 1.782767879157698854e+00
1.266480347405964494e+03 1.776726200595301286e+00
1.266650641926255730e+03 1.770884306307411338e+00
1.266820936446546966e+03 1.765400644212665071e+00
1.266991230966838430e+03 1.760059362467762956e+00
1.267161525487129666e+03 1.754700411268961258e+00
1.267331820007420902e+03 1.749102259630113565e+00
1.267502114527712138e+03 1.742975859951903628e+00
1.267672409048003374e+03 1.736483864919804887e+00
1.267842703568294837e+03 1.730329313151244719e+00
1.268012998088586073e+03 1.724731652171071605e+00
1.268183292608877309e+03 1.719134178171914940e+00
1.268353587129168545e+03 1.713474058247181020e+00
1.268523881649459781e+03 1.707923480809060202e+00
1.268694176169751017e+03 1.702446991564563472e+00
1.268864470690042481e+03 1.696923261283434403e+00
1.269034765210333717e+03 1.691293641190867447e+00
1.269205059730624953e+03 1.685664990231387161e+00
1.269375354250916189e+03 1.680097442608748270e+00
1.269545648771207425e+03 1.674550039627587417e+00
1.269715943291498888e+03 1.669078109128241616e+00
1.269886237811790124e+03 1.663839225649228926e+00
1.270056532332081360e+03 1.658781257856777547e+00
1.270226826852372596e+03 1.653795883431941061e+00
1.270397121372663833e+03 1.648862462039718979e+00
1.270567415892955296e+03 1.643994877810301514e+00
1.270737710413246532e+03 1.639319262485611661e+00
1.270908004933537768e+03 1.634977368608749426e+00
1.271078299453829004e+03 1.630989289109561646e+00
1.271248593974120240e+03 1.627099569705956483e+00
1.271418888494411704e+03 1.623109494758087745e+00
1.271589183014702940e+03 1.619087650974938342e+00
1.271759477534994176e+03 1.615016024541971351e+00
1.271929772055285412e+03 1.610869153168433154e+00
1.272100066575576648e+03 1.606893875541784755e+00
1.272270361095867884e+03 1.603365456610330142e+00
1.272440655616159347e+03 1.600133285225840751e+00
1.272610950136450583e+03 1.596604967981435808e+00
1.272781244656741819e+03 1.592420426406232714e+00
1.272951539177033055e+03 1.587959528032066636e+00
1.273121833697324291e+03 1.583765923606316850e+00
1.273292128217615755e+03 1.580012554317155038e+00
1.273462422737906991e+03 1.576475661010724449e+00
1.273632717258198227e+03 1.573012548827518620e+00
1.273803011778489463e+03 1.569816377452284417e+00
1.273973306298780699e+03 1.567113697644475057e+00
1.274143600819072162e+03 1.564755959697909038e+00
1.274313895339363398e+03 1.562491870970327934e+00
1.274484189859654634e+03 1.560275285907831933e+00
1.274654484379945870e+03 1.558053658498678384e+00
1.274824778900237106e+03 1.555636721170062797e+00
1.274995073420528570e+03 1.553135108537914810e+00
1.275165367940819806e+03 1.550600883280630171e+00
1.275335662461111042e+03 1.547819627673600706e+00
1.275505956981402278e+03 1.544973903119169378e+00
1.275676251501693514e+03 1.542352249078578819e+00
1.275846546021984750e+03 1.540105219707004647e+00
1.276016840542276213e+03 1.538405691257469066e+00
1.276187135062567449e+03 1.537263622466560120e+00
1.276357429582858686e+03 1.536241934953214372e+00
1.276527724103149922e+03 1.534877480492999435e+00
1.276698018623441158e+03 1.533204857778048158e+00
1.276868313143732621e+03 1.531409627046261601e+00
1.277038607664023857e+03 1.529628092299734288e+00
1.277208902184315093e+03 1.527694019607022335e+00
1.277379196704606329e+03 1.525692959755470035e+00
1.277549491224897565e+03 1.523836842662301017e+00
1.277719785745189029e+03 1.522105323605258853e+00
1.277890080265480265e+03 1.520577790887101655e+00
1.278060374785771501e+03 1.519337783124251384e+00
1.278230669306062737e+03 1.518140733458361868e+00
1.278400963826353973e+03 1.516815828467616534e+00
1.278571258346645209e+03 1.515424015933294122e+00
1.278741552866936672e+03 1.514147707000099707e+00
1.278911847387227908e+03 1.513107204249259485e+00
1.279082141907519144e+03 1.512127129327272446e+00
1.279252436427810380e+03 1.510998954221510093e+00
1.279422730948101616e+03 1.509809444033901826e+00
1.279593025468393080e+03 1.508666169891283992e+00
1.279763319988684316e+03 1.507563842964982914e+00
1.279933614508975552e+03 1.506598530903743294e+00
1.280103909029266788e+03 1.505739627189964569e+00
1.280274203549558024e+03 1.504912633645184794e+00
1.280444498069849487e+03 1.504055335179427466e+00
1.280614792590140723e+03 1.503122459178329429e+00
1.280785087110431959e+03 1.502307941939473146e+00
1.280955381630723195e+03 1.501852731447881117e+00
1.281125676151014432e+03 1.501625434476089982e+00
1.281295970671305895e+03 1.501196665281210985e+00
1.281466265191597131e+03 1.500260122192179857e+00
1.281636559711888367e+03 1.499094983514524859e+00
1.281806854232179603e+03 1.498206616186993134e+00
1.281977148752470839e+03 1.497624208310959215e+00
1.282147443272762075e+03 1.497055008457851333e+00
1.282317737793053539e+03 1.496575222474361810e+00
1.282488032313344775e+03 1.496306184234083236e+00
1.282658326833636011e+03 1.496180892187105371e+00
1.282828621353927247e+03 1.496092274175388592e+00
1.282998915874218483e+03 1.495811229426860844e+00
1.283169210394509946e+03 1.495180191548802329e+00
1.283339504914801182e+03 1.494484283627609322e+00
1.283509799435092418e+03 1.494069030162451517e+00
1.283680093955383654e+03 1.494078689102717128e+00
1.283850388475674890e+03 1.494528723222278810e+00
1.284020682995966354e+03 1.494999621329811568e+00
1.284190977516257590e+03 1.495013204880093038e+00
1.284361272036548826e+03 1.494598806745189412e+00
1.284531566556840062e+03 1.494071862039450194e+00
1.284701861077131298e+03 1.493547105736809044e+00
1.284872155597422761e+03 1.492960885504259316e+00
1.285042450117713997e+03 1.492444235465866686e+00
1.285212744638005233e+03 1.492233522589860861e+00
1.285383039158296469e+03 1.492366178958453471e+00
1.285553333678587705e+03 1.492650013266318076e+00
1.285723628198878941e+03 1.493029811354035452e+00
1.285893922719170405e+03 1.493381617811398776e+00
1.286064217239461641e+03 1.493577810139217643e+00
1.286234511759752877e+03 1.493720282797445620e+00
1.286404806280044113e+03 1.493966253265443189e+00
1.286575100800335349e+03 1.494409277627852362e+00
1.286745395320626812e+03 1.494902630755344797e+00
1.286915689840918049e+03 1.495246659968526348e+00
1.287085984361209285e+03 1.495469693562714308e+00
1.287256278881500521e+03 1.495617166168653256e+00
1.287426573401791757e+03 1.495796122321057409e+00
1.287596867922083220e+03 1.496318838553416075e+00
1.287767162442374456e+03 1.497225171636363594e+00
1.287937456962665692e+03 1.498454495917044493e+00
1.288107751482956928e+03 1.499921566274324380e+00
1.288278046003248164e+03 1.501205779614950719e+00
1.288448340523539400e+03 1.504043988501830409e+00
1.288618635043830864e+03 1.516016254710907063e+00
1.288788929564122100e+03 1.535215039734791453e+00
1.288959224084413336e+03 1.541599928425640087e+00
1.289129518604704572e+03 1.531504447987481310e+00
1.289299813124995808e+03 1.518055479228363369e+00
1.289470107645287271e+03 1.510863986054813868e+00
1.289640402165578507e+03 1.513533034955137691e+00
1.289810696685869743e+03 1.537209042313509411e+00
1.289980991206160979e+03 1.572716085480635018e+00
1.290151285726452215e+03 1.582429397547778560e+00
1.290321580246743679e+03 1.567372473112252251e+00
1.290491874767034915e+03 1.542086502257595138e+00
1.290662169287326151e+03 1.524469893669018195e+00
1.290832463807617387e+03 1.521053820470826157e+00
1.291002758327908623e+03 1.521873080653361132e+00
1.291173052848200086e+03 1.522403204544855004e+00
1.291343347368491322e+03 1.523114809258914626e+00
1.291513641888782558e+03 1.524025589253157786e+00
1.291683936409073794e+03 1.524996274865467516e+00
1.291854230929365031e+03 1.526029658490613450e+00
1.292024525449656267e+03 1.527194568266894592e+00
1.292194819969947730e+03 1.528410419061060121e+00
1.292365114490238966e+03 1.529543180737063413e+00
1.292535409010530202e+03 1.530795839978151607e+00
1.292705703530821438e+03 1.532373706988539475e+00
1.292875998051112674e+03 1.534007222686301297e+00
1.293046292571404138e+03 1.535181615204390226e+00
1.293216587091695374e+03 1.535782710429256737e+00
1.293386881611986610e+03 1.536214538340303637e+00
1.293557176132277846e+03 1.536936132440133607e+00
1.293727470652569082e+03 1.537957844176769839e+00
1.293897765172860545e+03 1.538998153699348004e+00
1.294068059693151781e+03 1.540084945884848455e+00
1.294238354213443017e+03 1.541462508009856514e+00
1.294408648733734253e+03 1.543239901005763581e+00
1.294578943254025489e+03 1.545299661737681518e+00
1.294749237774316953e+03 1.547384785282669650e+00
1.294919532294608189e+03 1.549391254023146036e+00
1.295089826814899425e+03 1.551210112500708060e+00
1.295260121335190661e+03 1.552710287831640334e+00
1.295430415855481897e+03 1.554089475309963220e+00
1.295600710375773133e+03 1.555593888664378532e+00
1.295771004896064596e+03 1.557320154220591002e+00
1.295941299416355832e+03 1.559310033108945337e+00
1.296111593936647068e+03 1.561299373127538193e+00
1.296281888456938304e+03 1.563061937830939829e+00
1.296452182977229540e+03 1.564793675395131256e+00
1.296622477497521004e+03 1.566526770525281442e+00
1.296792772017812240e+03 1.568194455971563261e+00
1.296963066538103476e+03 1.569906945407586907e+00
1.297133361058394712e+03 1.571754406446302266e+00
1.297303655578685948e+03 1.573775302507322227e+00
1.297473950098977411e+03 1.579353310840346358e+00
1.297644244619268648e+03 1.594238811993850646e+00
1.297814539139559884e+03 1.608262702427633251e+00
1.297984833659851120e+03 1.605764736236963142e+00
1.298155128180142356e+03 1.595357915807419369e+00
1.298325422700433592e+03 1.587847952925373729e+00
1.298495717220725055e+03 1.586591152378405312e+00
1.298666011741016291e+03 1.591785339740620753e+00
1.298836306261307527e+03 1.603834995714700895e+00
1.299006600781598763e+03 1.615340144315787985e+00
1.299176895301889999e+03 1.612292162424174613e+00
1.299347189822181463e+03 1.602290810990364189e+00
1.299517484342472699e+03 1.598923818370866057e+00
1.299687778862763935e+03 1.600257520895081553e+00
1.299858073383055171e+03 1.602027258075718663e+00
1.300028367903346407e+03 1.603648340616397272e+00
1.300198662423637870e+03 1.605348782486844650e+00
1.300368956943929106e+03 1.607342732241050065e+00
1.300539251464220342e+03 1.609456030609315746e+00
1.300709545984511578e+03 1.611465003008563546e+00
1.300879840504802814e+03 1.613407794656133598e+00
1.301050135025094278e+03 1.615079032973239848e+00
1.301220429545385514e+03 1.616259003242206838e+00
1.301390724065676750e+03 1.616997918416501312e+00
1.301561018585967986e+03 1.617616868882176817e+00
1.301731313106259222e+03 1.618098296156621263e+00
1.301901607626550458e+03 1.618359338299100614e+00
1.302071902146841921e+03 1.618605126118385140e+00
1.302242196667133157e+03 1.618919959638744466e+00
1.302412491187424394e+03 1.619227653541080558e+00
1.302582785707715630e+03 1.621009234799652310e+00
1.302753080228006866e+03 1.631358190080693271e+00
1.302923374748298329e+03 1.656477700166048894e+00
1.303093669268589565e+03 1.686388660978021869e+00
1.303263963788880801e+03 1.698993114978593511e+00
1.303434258309172037e+03 1.681325273490345218e+00
1.303604552829463273e+03 1.649301908737342170e+00
1.303774847349754737e+03 1.628236350038911429e+00
1.303945141870045973e+03 1.622332682389969971e+00
1.304115436390337209e+03 1.622003053440318920e+00
1.304285730910628445e+03 1.621949636786463866e+00
1.304456025430919681e+03 1.621322827218602658e+00
1.304626319951211144e+03 1.620275681185707528e+00
1.304796614471502380e+03 1.619140991027752774e+00
1.304966908991793616e+03 1.617898680709619175e+00
1.305137203512084852e+03 1.616506673009456607e+00
1.305307498032376088e+03 1.615128216366913616e+00
1.305477792552667324e+03 1.613897153085150027e+00
1.305648087072958788e+03 1.612646761770601955e+00
1.305818381593250024e+03 1.611142523871485821e+00
1.305988676113541260e+03 1.609455715367494433e+00
1.306158970633832496e+03 1.607767534274963772e+00
1.306329265154123732e+03 1.606118636380622577e+00
1.306499559674415195e+03 1.604341106407057849e+00
1.306669854194706431e+03 1.602121994828180185e+00
1.306840148714997667e+03 1.599569209359089417e+00
1.307010443235288903e+03 1.597137405389834175e+00
1.307180737755580139e+03 1.594884311957733836e+00
1.307351032275871603e+03 1.592578708643202834e+00
1.307521326796162839e+03 1.590112325665838711e+00
1.307691621316454075e+03 1.587545984646036246e+00
1.307861915836745311e+03 1.585125414383311782e+00
1.308032210357036547e+03 1.582898799002725454e+00
1.308202504877328010e+03 1.580597196616883249e+00
1.308372799397619247e+03 1.578058619272264762e+00
1.308543093917910483e+03 1.575323618250401347e+00
1.308713388438201719e+03 1.572434853635233498e+00
1.308883682958492955e+03 1.569481924341652235e+00
1.309053977478784191e+03 1.566511710559733261e+00
1.309224271999075654e+03 1.563295419483643034e+00
1.309394566519366890e+03 1.559832674246679929e+00
1.309564861039658126e+03 1.556275469460092209e+00
1.309735155559949362e+03 1.552628030229322942e+00
1.309905450080240598e+03 1.548916058471748070e+00
1.310075744600532062e+03 1.545256578446765783e+00
1.310246039120823298e+03 1.541718387169148663e+00
1.310416333641114534e+03 1.538239038762358124e+00
1.310586628161405770e+03 1.534831935577278816e+00
1.310756922681697006e+03 1.531557709979032511e+00
1.310927217201988469e+03 1.528407142491461368e+00
1.311097511722279705e+03 1.525318233423489822e+00
1.311267806242570941e+03 1.522144670683440726e+00
1.311438100762862177e+03 1.518728658841516754e+00
1.311608395283153413e+03 1.515077604924970789e+00
1.311778689803444649e+03 1.511210028058740829e+00
1.311948984323736113e+03 1.507390535966728340e+00
1.312119278844027349e+03 1.503992265099770353e+00
1.312289573364318585e+03 1.501182674308169984e+00
1.312459867884609821e+03 1.498755590722201436e+00
1.312630162404901057e+03 1.496233431392995694e+00
1.312800456925192520e+03 1.493687712992513905e+00
1.312970751445483756e+03 1.491257954182386936e+00
1.313141045965774993e+03 1.488917461651177554e+00
1.313311340486066229e+03 1.486583119644789175e+00
1.313481635006357465e+03 1.484154651588368790e+00
1.313651929526648928e+03 1.481810410953908530e+00
1.313822224046940164e+03 1.479597209822580028e+00
1.313992518567231400e+03 1.477124784434501237e+00
1.314162813087522636e+03 1.473891846652681581e+00
1.314333107607813872e+03 1.470379257231054781e+00
1.314503402128105336e+03 1.467437241008768378e+00
1.314673696648396572e+03 1.464783837575660108e+00
1.314843991168687808e+03 1.462157264494250875e+00
1.315014285688979044e+03 1.459897845697095242e+00
1.315184580209270280e+03 1.458078781283112413e+00
1.315354874729561516e+03 1.456447967963303114e+00
1.315525169249852979e+03 1.454876197398056625e+00
1.315695463770144215e+03 1.453507523505480181e+00
1.315865758290435451e+03 1.452189331386092297e+00
1.316036052810726687e+03 1.450426690594079027e+00
1.316206347331017923e+03 1.448035184582250556e+00
1.316376641851309387e+03 1.445356868680950591e+00
1.316546936371600623e+03 1.443028836602215481e+00
1.316717230891891859e+03 1.441251109966207089e+00
1.316887525412183095e+03 1.440110055043941628e+00
1.317057819932474331e+03 1.439424121375006305e+00
1.317228114452765794e+03 1.438541723997737387e+00
1.317398408973057030e+03 1.437210099895255722e+00
1.317568703493348266e+03 1.435664126337201640e+00
1.317738998013639502e+03 1.434279595340427260e+00
1.317909292533930739e+03 1.433149296948071250e+00
1.318079587054222202e+03 1.432160200041308062e+00
1.318249881574513438e+03 1.431306661732065999e+00
1.318420176094804674e+03 1.430787400142086607e+00
1.318590470615095910e+03 1.430580421069497676e+00
1.318760765135387146e+03 1.430177961301750678e+00
1.318931059655678382e+03 1.429244591097791783e+00
1.319101354175969846e+03 1.428163963021577665e+00
1.319271648696261082e+03 1.427492876656533571e+00
1.319441943216552318e+03 1.427118318732044866e+00
1.319612237736843554e+03 1.426616555313889867e+00
1.319782532257134790e+03 1.425896469504724706e+00
1.319952826777426253e+03 1.425230715652147095e+00
1.320123121297717489e+03 1.424920054162588157e+00
1.320293415818008725e+03 1.425046969171594569e+00
1.320463710338299961e+03 1.425506590968135479e+00
1.320634004858591197e+03 1.425860064664094207e+00
1.320804299378882661e+03 1.425773281125450875e+00
1.320974593899173897e+03 1.425571289027921740e+00
1.321144888419465133e+03 1.425719708102033634e+00
1.321315182939756369e+03 1.426132493095418230e+00
1.321485477460047605e+03 1.426469259635527287e+00
1.321655771980338841e+03 1.426822326343672565e+00
1.321826066500630304e+03 1.427979093937083999e+00
1.321996361020921540e+03 1.431677164363766463e+00
1.322166655541212776e+03 1.437764852280293493e+00
1.322336950061504012e+03 1.442417913473370117e+00
1.322507244581795248e+03 1.446331876326714116e+00
1.322677539102086712e+03 1.452505778180724905e+00
1.322847833622377948e+03 1.452731217693018273e+00
1.323018128142669184e+03 1.442589347912024200e+00
1.323188422662960420e+03 1.433588806334378241e+00
1.323358717183251656e+03 1.431113944064504873e+00
1.323529011703543119e+03 1.431470738089446249e+00
1.323699306223834355e+03 1.432208912184778304e+00
1.323869600744125592e+03 1.433026687805540433e+00
1.324039895264416828e+03 1.434130992026746210e+00
1.324210189784708064e+03 1.435663742546081201e+00
1.324380484304999527e+03 1.437276732480488928e+00
1.324550778825290763e+03 1.438508398249792597e+00
1.324721073345581999e+03 1.439495214624882502e+00
1.324891367865873235e+03 1.440512274637433698e+00
1.325061662386164471e+03 1.441559518826639685e+00
1.325231956906455707e+03 1.442585969613015440e+00
1.325402251426747171e+03 1.443589976477704706e+00
1.325572545947038407e+03 1.444498730038652479e+00
1.325742840467329643e+03 1.445478334121797825e+00
1.325913134987620879e+03 1.446810296146434194e+00
1.326083429507912115e+03 1.448226678998725703e+00
1.326253724028203578e+03 1.449462255072775374e+00
1.326424018548494814e+03 1.450822207639116623e+00
1.326594313068786050e+03 1.452396442100346574e+00
1.326764607589077286e+03 1.454156384446797290e+00
1.326934902109368522e+03 1.456183131576124890e+00
1.327105196629659986e+03 1.458260953645210689e+00
1.327275491149951222e+03 1.459829436769607414e+00
1.327445785670242458e+03 1.460615181895029036e+00
1.327616080190533694e+03 1.461226922534471395e+00
1.327786374710824930e+03 1.462266277240545698e+00
1.327956669231116393e+03 1.463704145378289079e+00
1.328126963751407629e+03 1.465590364613189145e+00
1.328297258271698865e+03 1.467579071755281461e+00
1.328467552791990101e+03 1.469237955894445280e+00
1.328637847312281338e+03 1.470483692891643379e+00
1.328808141832572574e+03 1.471413397092540043e+00
1.328978436352864037e+03 1.472346527134474670e+00
1.329148730873155273e+03 1.473506125029367730e+00
1.329319025393446509e+03 1.474764892139229788e+00
1.329489319913737745e+03 1.476124134127052567e+00
1.329659614434028981e+03 1.477629034373193484e+00
1.329829908954320445e+03 1.479107586174566835e+00
1.330000203474611681e+03 1.480535488650120524e+00
1.330170497994902917e+03 1.481909581028530543e+00
1.330340792515194153e+03 1.483215181496787327e+00
1.330511087035485389e+03 1.484608208106466432e+00
1.330681381555776852e+03 1.486226533855788734e+00
1.330851676076068088e+03 1.487979591078764763e+00
1.331021970596359324e+03 1.489802603569745365e+00
1.331192265116650560e+03 1.491587379657096646e+00
1.331362559636941796e+03 1.493140484757059738e+00
1.331532854157233032e+03 1.494437226606412539e+00
1.331703148677524496e+03 1.495640252095848055e+00
1.331873443197815732e+03 1.496819499419203447e+00
1.332043737718106968e+03 1.498143572537425250e+00
1.332214032238398204e+03 1.499795936641317828e+00
1.332384326758689440e+03 1.501796253782998747e+00
1.332554621278980903e+03 1.503348544669161679e+00
1.332724915799272139e+03 1.503548479350290457e+00
1.332895210319563375e+03 1.503650666626847876e+00
1.333065504839854611e+03 1.504013153440395767e+00
1.333235799360145847e+03 1.504595840903754977e+00
1.333406093880437311e+03 1.505544378199063171e+00
1.333576388400728547e+03 1.505706082287245451e+00
1.333746682921019783e+03 1.504925555568405793e+00
1.333916977441311019e+03 1.504286396851196805e+00
1.334087271961602255e+03 1.503893076459697609e+00
1.334257566481893718e+03 1.503424972527592995e+00
1.334427861002184954e+03 1.502773190036990947e+00
1.334598155522476191e+03 1.501725500912979960e+00
1.334768450042767427e+03 1.500264711574008647e+00
1.334938744563058663e+03 1.498734046766013073e+00
1.335109039083349899e+03 1.497596371848380681e+00
1.335279333603641362e+03 1.496866824732469237e+00
1.335449628123932598e+03 1.496308504384520122e+00
1.335619922644223834e+03 1.495879630068746025e+00
1.335790217164515070e+03 1.495348752716004981e+00
1.335960511684806306e+03 1.494567053312227056e+00
1.336130806205097770e+03 1.493675689106200188e+00
1.336301100725389006e+03 1.492817723561463472e+00
1.336471395245680242e+03 1.492062579271372202e+00
1.336641689765971478e+03 1.491430992127571686e+00
1.336811984286262714e+03 1.490727525966544231e+00
1.336982278806554177e+03 1.489713737700405050e+00
1.337152573326845413e+03 1.488564623236281470e+00
1.337322867847136649e+03 1.487346447700975904e+00
1.337493162367427885e+03 1.486251512022535470e+00
1.337663456887719121e+03 1.486859684356119260e+00
1.337833751408010585e+03 1.496023739154430654e+00
1.338004045928301821e+03 1.520330307440126649e+00
1.338174340448593057e+03 1.546686396462781055e+00
1.338344634968884293e+03 1.548978404333264614e+00
1.338514929489175529e+03 1.524182520280678688e+00
1.338685224009466765e+03 1.504024597871812308e+00
1.338855518529758228e+03 1.496252079039589900e+00
1.339025813050049464e+03 1.485985301795723412e+00
1.339196107570340700e+03 1.475287474910266239e+00
1.339366402090631937e+03 1.469612686867185047e+00
1.339536696610923173e+03 1.466935449942402325e+00
1.339706991131214636e+03 1.465101596715824517e+00
1.339877285651505872e+03 1.463515930712017798e+00
1.340047580171797108e+03 1.461896344490758670e+00
1.340217874692088344e+03 1.460091470271949188e+00
1.340388169212379580e+03 1.458296348973878054e+00
1.340558463732671044e+03 1.456696553078147716e+00
1.340728758252962280e+03 1.455379212046169934e+00
1.340899052773253516e+03 1.454264284101116411e+00
1.341069347293544752e+03 1.453405601699806038e+00
1.341239641813835988e+03 1.453308899757546957e+00
1.341409936334127451e+03 1.454365289455582522e+00
1.341580230854418687e+03 1.454665163761311275e+00
1.341750525374709923e+03 1.452469943574639544e+00
1.341920819895001159e+03 1.449717763752327304e+00
1.342091114415292395e+03 1.446906722124726485e+00
1.342261408935583631e+03 1.444627281243133110e+00
1.342431703455875095e+03 1.443262387416537784e+00
1.342601997976166331e+03 1.442701204133892467e+00
1.342772292496457567e+03 1.442710591736026338e+00
1.342942587016748803e+03 1.442327612475255094e+00
1.343112881537040039e+03 1.441571889720201671e+00
1.343283176057331502e+03 1.441182529354483099e+00
1.343453470577622738e+03 1.439745393388638162e+00
1.343623765097913974e+03 1.437603091733090421e+00
1.343794059618205210e+03 1.435114609819311937e+00
1.343964354138496446e+03 1.432669059895332886e+00
1.344134648658787910e+03 1.430932153948964114e+00
1.344304943179079146e+03 1.429731070317330044e+00
1.344475237699370382e+03 1.428718517558386747e+00
1.344645532219661618e+03 1.427646749883309862e+00
1.344815826739952854e+03 1.426402731635834087e+00
1.344986121260244090e+03 1.425077711754306531e+00
1.345156415780535553e+03 1.423861008918832827e+00
1.345326710300826790e+03 1.422865145693252398e+00
1.345497004821118026e+03 1.422097308193233989e+00
1.345667299341409262e+03 1.421618084873931043e+00
1.345837593861700498e+03 1.421273050000183336e+00
1.346007888381991961e+03 1.420609967491739845e+00
1.346178182902283197e+03 1.419485988369867169e+00
1.346348477422574433e+03 1.418289322817251730e+00
1.346518771942865669e+03 1.417265206688205215e+00
1.346689066463156905e+03 1.416437820091450472e+00
1.346859360983448369e+03 1.415708662161955012e+00
1.347029655503739605e+03 1.414969907056699006e+00
1.347199950024030841e+03 1.414213672934956145e+00
1.347370244544322077e+03 1.413732534023260268e+00
1.347540539064613313e+03 1.413612669948027145e+00
1.347710833584904776e+03 1.413351865999963985e+00
1.347881128105196012e+03 1.412295463958345820e+00
1.348051422625487248e+03 1.410551045787180602e+00
1.348221717145778484e+03 1.408828292622684719e+00
1.348392011666069720e+03 1.407145254698932035e+00
1.348562306186360956e+03 1.405884893453235307e+00
1.348732600706652420e+03 1.405147878075362566e+00
1.348902895226943656e+03 1.404485441250850730e+00
1.349073189747234892e+03 1.403667420449147940e+00
1.349243484267526128e+03 1.402880885262884458e+00
1.349413778787817364e+03 1.402271466430154989e+00
1.349584073308108827e+03 1.401682896008806356e+00
1.349754367828400063e+03 1.401031630660939609e+00
1.349924662348691299e+03 1.400411205767336131e+00
1.350094956868982536e+03 1.399728431843956455e+00
1.350265251389273772e+03 1.398936592198084972e+00
1.350435545909565235e+03 1.398233984779640338e+00
1.350605840429856471e+03 1.397824190941588274e+00
1.350776134950147707e+03 1.397709760750341923e+00
1.350946429470438943e+03 1.397739124489794982e+00
1.351116723990730179e+03 1.397698846745810908e+00
1.351287018511021643e+03 1.397513918088643337e+00
1.351457313031312879e+03 1.397360227708629665e+00
1.351627607551604115e+03 1.397492055289623725e+00
1.351797902071895351e+03 1.397910531663197897e+00
1.351968196592186587e+03 1.398290947113888905e+00
1.352138491112477823e+03 1.398422614020004895e+00
1.352308785632769286e+03 1.398387143861598014e+00
1.352479080153060522e+03 1.398396774279305754e+00
1.352649374673351758e+03 1.398546766424542120e+00
1.352819669193642994e+03 1.398833893178808463e+00
1.352989963713934230e+03 1.399259326726285391e+00
1.353160258234225694e+03 1.399806893966867527e+00
1.353330552754516930e+03 1.400242221064204706e+00
1.353500847274808166e+03 1.400294432121959254e+00
1.353671141795099402e+03 1.400021979811950645e+00
1.353841436315390638e+03 1.399813952953151475e+00
1.354011730835682101e+03 1.399956012411209594e+00
1.354182025355973337e+03 1.400499179915783765e+00
1.354352319876264573e+03 1.401213846421691667e+00
1.354522614396555809e+03 1.402027068429814172e+00
1.354692908916847045e+03 1.403117190182671115e+00
1.354863203437138282e+03 1.404456534085810393e+00
1.355033497957429745e+03 1.406368967676585147e+00
1.355203792477720981e+03 1.417476258411737966e+00
1.355374086998012217e+03 1.444593834681080713e+00
1.355544381518303453e+03 1.464386433267991894e+00
1.355714676038594689e+03 1.457215757611028284e+00
1.355884970558886153e+03 1.435150686325592062e+00
1.356055265079177389e+03 1.417251414391403896e+00
1.356225559599468625e+03 1.410952239784974971e+00
1.356395854119759861e+03 1.410577771172960571e+00
1.356566148640051097e+03 1.411089018457521771e+00
1.356736443160342560e+03 1.411612179070813600e+00
1.356906737680633796e+03 1.412102685200380625e+00
1.357077032200925032e+03 1.412715542968811189e+00
1.357247326721216268e+03 1.413495466408999368e+00
1.357417621241507504e+03 1.414343095418717278e+00
1.357587915761798968e+03 1.415156102888613043e+00
1.357758210282090204e+03 1.415978674656511505e+00
1.357928504802381440e+03 1.416784697787407232e+00
1.358098799322672676e+03 1.417500737836548286e+00
1.358269093842963912e+03 1.418181508047809514e+00
1.358439388363255148e+03 1.419024809242323437e+00
1.358609682883546611e+03 1.420030771092307020e+00
1.358779977403837847e+03 1.420894893432936623e+00
1.358950271924129083e+03 1.421584370319958435e+00
1.359120566444420319e+03 1.422353171747785527e+00
1.359290860964711555e+03 1.423185551113739455e+00
1.359461155485003019e+03 1.424106176553896486e+00
1.359631450005294255e+03 1.425133529749586403e+00
1.359801744525585491e+03 1.425669138892044163e+00
1.359972039045876727e+03 1.425614990561633544e+00
1.360142333566167963e+03 1.425520610129312971e+00
1.360312628086459426e+03 1.425490294564410565e+00
1.360482922606750662e+03 1.425685924426807638e+00
1.360653217127041898e+03 1.426461875066606044e+00
1.360823511647333135e+03 1.427762444989746360e+00
1.360993806167624371e+03 1.429180396775719730e+00
1.361164100687915834e+03 1.430343837419241648e+00
1.361334395208207070e+03 1.431247370867255508e+00
1.361504689728498306e+03 1.431999197353346132e+00
1.361674984248789542e+03 1.432523379866306623e+00
1.361845278769080778e+03 1.432835266686360409e+00
1.362015573289372014e+03 1.433263501806317564e+00
1.362185867809663478e+03 1.433955527807729613e+00
1.362356162329954714e+03 1.434875376809842784e+00
1.362526456850245950e+03 1.435957218376399114e+00
1.362696751370537186e+03 1.436978071636532128e+00
1.362867045890828422e+03 1.437746145551293653e+00
1.363037340411119885e+03 1.438362809236959583e+00
1.363207634931411121e+03 1.438945870683390638e+00
1.363377929451702357e+03 1.439584503910577462e+00
1.363548223971993593e+03 1.440218749142599286e+00
1.363718518492284829e+03 1.440928254359207017e+00
1.363888813012576293e+03 1.441848564822033385e+00
1.364059107532867529e+03 1.442934353006493087e+00
1.364229402053158765e+03 1.443968039352244048e+00
1.364399696573450001e+03 1.444735631879669580e+00
1.364569991093741237e+03 1.445366810509861821e+00
1.364740285614032473e+03 1.446211432930388785e+00
1.364910580134323936e+03 1.447227784022004693e+00
1.365080874654615172e+03 1.448000283658755549e+00
1.365251169174906408e+03 1.448431710950937923e+00
1.365421463695197644e+03 1.448856783240436208e+00
1.365591758215488881e+03 1.449584959556702746e+00
1.365762052735780344e+03 1.450531712321640576e+00
1.365932347256071580e+03 1.451560020249089922e+00
1.366102641776362816e+03 1.452703449943867131e+00
1.366272936296654052e+03 1.454500551212594806e+00
1.366443230816945288e+03 1.459300282437769880e+00
1.366613525337236752e+03 1.468020101654334608e+00
1.366783819857527988e+03 1.475546223082276676e+00
1.366954114377819224e+03 1.477275415426293259e+00
1.367124408898110460e+03 1.472879101212086983e+00
1.367294703418401696e+03 1.464717697982227396e+00
1.367464997938693159e+03 1.459778957331635318e+00
1.367635292458984395e+03 1.458663235208076170e+00
1.367805586979275631e+03 1.458809941333189419e+00
1.367975881499566867e+03 1.460295687098850825e+00
1.368146176019858103e+03 1.470355626063293286e+00
1.368316470540149339e+03 1.494359787685711094e+00
1.368486765060440803e+03 1.513674946723348569e+00
1.368657059580732039e+03 1.512298965834918629e+00
1.368827354101023275e+03 1.495583471665164810e+00
1.368997648621314511e+03 1.476900206902952206e+00
1.369167943141605747e+03 1.468605494050974514e+00
1.369338237661897210e+03 1.467966777324828609e+00
1.369508532182188446e+03 1.468804325854886184e+00
1.369678826702479682e+03 1.469603124508039649e+00
1.369849121222770918e+03 1.470233164841713958e+00
1.370019415743062154e+03 1.470860146593833129e+00
1.370189710263353618e+03 1.471750673974513646e+00
1.370360004783644854e+03 1.472927562918928235e+00
1.370530299303936090e+03 1.474239496544462513e+00
1.370700593824227326e+03 1.475501118832005076e+00
1.370870888344518562e+03 1.476584337666996039e+00
1.371041182864810025e+03 1.477524430393246435e+00
1.371211477385101261e+03 1.478566980627561644e+00
1.371381771905392498e+03 1.479906347209464457e+00
1.371552066425683734e+03 1.481389252501779108e+00
1.371722360945974970e+03 1.482813508447489603e+00
1.371892655466266206e+03 1.484247588135696683e+00
1.372062949986557669e+03 1.485742776279380450e+00
1.372233244506848905e+03 1.487244242579154552e+00
1.372403539027140141e+03 1.488826409655194638e+00
1.372573833547431377e+03 1.490628200013432991e+00
1.372744128067722613e+03 1.492584623942413868e+00
1.372914422588014077e+03 1.494540172830037594e+00
1.373084717108305313e+03 1.496249066884258738e+00
1.373255011628596549e+03 1.497692701026173356e+00
1.373425306148887785e+03 1.499204740704480621e+00
1.373595600669179021e+03 1.500939969408934704e+00
1.373765895189470484e+03 1.502671760710295512e+00
1.373936189709761720e+03 1.504298836008272744e+00
1.374106484230052956e+03 1.505814009913414964e+00
1.374276778750344192e+03 1.507321138117951875e+00
1.374447073270635428e+03 1.508962305680413118e+00
1.374617367790926892e+03 1.510716764725797745e+00
1.374787662311218128e+03 1.512436321005626194e+00
1.374957956831509364e+03 1.514065297324286075e+00
1.375128251351800600e+03 1.515663306298648649e+00
1.375298545872091836e+03 1.517239680640843247e+00
1.375468840392383072e+03 1.518876217628220893e+00
1.375639134912674535e+03 1.520721865211343671e+00
1.375809429432965771e+03 1.522760276717569194e+00
1.375979723953257007e+03 1.524930676048063205e+00
1.376150018473548243e+03 1.526962517188131585e+00
1.376320312993839480e+03 1.528605951203898972e+00
1.376490607514130943e+03 1.530306996639263950e+00
1.376660902034422179e+03 1.532679688907335525e+00
1.376831196554713415e+03 1.535462030239823639e+00
1.377001491075004651e+03 1.537926153958810715e+00
1.377171785595295887e+03 1.539988835599708228e+00
1.377342080115587351e+03 1.541899801661807512e+00
1.377512374635878587e+03 1.543809725422797818e+00
1.377682669156169823e+03 1.545593453808354889e+00
1.377852963676461059e+03 1.547401171286977295e+00
1.378023258196752295e+03 1.549503567994708675e+00
1.378193552717043531e+03 1.551747389177800196e+00
1.378363847237334994e+03 1.553786650916551881e+00
1.378534141757626230e+03 1.555740938503641368e+00
1.378704436277917466e+03 1.557766763297158796e+00
1.378874730798208702e+03 1.559982553252343251e+00
1.379045025318499938e+03 1.562481046050757882e+00
1.379215319838791402e+03 1.565054013469305172e+00
1.379385614359082638e+03 1.567593115344970478e+00
1.379555908879373874e+03 1.570360315875732660e+00
1.379726203399665110e+03 1.573226395638576580e+00
1.379896497919956346e+03 1.576033765546065446e+00
1.380066792440247809e+03 1.578888869814693230e+00
1.380237086960539045e+03 1.581922473129584006e+00
1.380407381480830281e+03 1.585046503345458824e+00
1.380577676001121517e+03 1.588093527155520324e+00
1.380747970521412753e+03 1.591031734319426238e+00
1.380918265041704217e+03 1.593885193231677544e+00
1.381088559561995453e+03 1.596536823393554627e+00
1.381258854082286689e+03 1.598946878409166494e+00
1.381429148602577925e+03 1.601361090298686563e+00
1.381599443122869161e+03 1.604129324091121411e+00
1.381769737643160397e+03 1.607427201242473291e+00
1.381940032163451860e+03 1.610816109199065371e+00
1.382110326683743097e+03 1.613666151530437798e+00
1.382280621204034333e+03 1.616139583275632674e+00
1.382450915724325569e+03 1.618737716073776589e+00
1.382621210244616805e+03 1.621364064979700093e+00
1.382791504764908268e+03 1.623768341598768705e+00
1.382961799285199504e+03 1.626233606538452392e+00
1.383132093805490740e+03 1.629156236364337484e+00
1.383302388325781976e+03 1.632549812458029770e+00
1.383472682846073212e+03 1.636003354497785223e+00
1.383642977366364676e+03 1.639243324381977285e+00
1.383813271886655912e+03 1.642094240472779854e+00
1.383983566406947148e+03 1.644140450933512687e+00
1.384153860927238384e+03 1.645921559088295627e+00
1.384324155447529620e+03 1.647865532239083386e+00
1.384494449967821083e+03 1.649586893494647377e+00
1.384664744488112319e+03 1.651200925659265462e+00
1.384835039008403555e+03 1.653312017231578945e+00
1.385005333528694791e+03 1.656050680534209230e+00
1.385175628048986027e+03 1.659013122495351267e+00
1.385345922569277263e+03 1.661822954158214127e+00
1.385516217089568727e+03 1.664249541832170554e+00
1.385686511609859963e+03 1.666285892916206102e+00
1.385856806130151199e+03 1.668162151346902267e+00
1.386027100650442435e+03 1.670028415816362743e+00
1.386197395170733671e+03 1.672068077990195523e+00
1.386367689691025134e+03 1.674355653513726949e+00
1.386537984211316370e+03 1.676731197224472947e+00
1.386708278731607606e+03 1.678988296825758564e+00
1.386878573251898842e+03 1.681041065837415305e+00
1.387048867772190079e+03 1.682964939724150621e+00
1.387219162292481542e+03 1.684876559068247293e+00
1.387389456812772778e+03 1.686712199748667151e+00
1.387559751333064014e+03 1.688267826250007708e+00
1.387730045853355250e+03 1.689633547911578493e+00
1.387900340373646486e+03 1.691028204810857138e+00
1.388070634893937722e+03 1.692444325200278321e+00
1.388240929414229186e+03 1.693861949988054949e+00
1.388411223934520422e+03 1.695591778713146036e+00
1.388581518454811658e+03 1.697832640206752286e+00
1.388751812975102894e+03 1.700078519980510183e+00
1.388922107495394130e+03 1.701898684520358529e+00
1.389092402015685593e+03 1.703585300918189827e+00
1.389262696535976829e+03 1.705302580853988115e+00
1.389432991056268065e+03 1.707202135766780593e+00
1.389603285576559301e+03 1.709258051002064516e+00
1.389773580096850537e+03 1.711216168990198794e+00
1.389943874617142001e+03 1.712915377121310812e+00
1.390114169137433237e+03 1.714289657068709394e+00
1.390284463657724473e+03 1.715630086123419495e+00
1.390454758178015709e+03 1.717345802778613262e+00
1.390625052698306945e+03 1.719473323226573314e+00
1.390795347218598408e+03 1.721863360870396154e+00
1.390965641738889644e+03 1.724281414890810105e+00
1.391135936259180880e+03 1.726044807900515732e+00
1.391306230779472116e+03 1.726891626420744341e+00
1.391476525299763352e+03 1.728005946166630835e+00
1.391646819820054588e+03 1.729138594444515897e+00
1.391817114340346052e+03 1.730173350005211885e+00
1.391987408860637288e+03 1.731408284652542706e+00
1.392157703380928524e+03 1.732804755167282496e+00
1.392327997901219760e+03 1.734170021831541897e+00
1.392498292421510996e+03 1.735242639887189409e+00
1.392668586941802459e+03 1.735902576431644917e+00
1.392838881462093696e+03 1.736245039286174574e+00
1.393009175982384932e+03 1.736383866678651744e+00
1.393179470502676168e+03 1.736107536494796655e+00
1.393349765022967404e+03 1.734718917012576522e+00
1.393520059543258867e+03 1.731942093851959408e+00
1.393690354063550103e+03 1.728625966973421413e+00
1.393860648583841339e+03 1.725514918259015706e+00
1.394030943104132575e+03 1.722668209146859919e+00
1.394201237624423811e+03 1.720217983040785104e+00
1.394371532144715275e+03 1.718307861895250088e+00
1.394541826665006511e+03 1.716994274409230581e+00
1.394712121185297747e+03 1.716325022628589547e+00
1.394882415705588983e+03 1.716384810595716237e+00
1.395052710225880219e+03 1.717369742816198031e+00
1.395223004746171455e+03 1.719502771545781350e+00
1.395393299266462918e+03 1.722201952656269519e+00
1.395563593786754154e+03 1.723816780788740566e+00
1.395733888307045390e+03 1.724228850389180945e+00
1.395904182827336626e+03 1.724061481178634558e+00
1.396074477347627862e+03 1.723462387335162216e+00
1.396244771867919326e+03 1.722883578742683497e+00
1.396415066388210562e+03 1.722607744656406759e+00
1.396585360908501798e+03 1.722710926369200202e+00
1.396755655428793034e+03 1.722872365216689072e+00
1.396925949949084270e+03 1.722776757643681877e+00
1.397096244469375733e+03 1.722613206063651647e+00
1.397266538989666969e+03 1.722227871499694807e+00
1.397436833509958205e+03 1.720869168279575590e+00
1.397607128030249442e+03 1.719365444691275835e+00
1.397777422550540678e+03 1.718142740685693282e+00
1.397947717070831914e+03 1.715947826339085047e+00
1.398118011591123377e+03 1.713363094789182917e+00
1.398288306111414613e+03 1.710984424924592018e+00
1.398458600631705849e+03 1.708792989873379575e+00
1.398628895151997085e+03 1.706592413169667921e+00
1.398799189672288321e+03 1.704211635645912715e+00
1.398969484192579785e+03 1.701830077607309200e+00
1.399139778712871021e+03 1.699443741720315426e+00
1.399310073233162257e+03 1.697012246677608527e+00
1.399480367753453493e+03 1.694476377711504611e+00
1.399650662273744729e+03 1.691907959975351483e+00
1.399820956794036192e+03 1.689543617934357034e+00
1.399991251314327428e+03 1.687626587976290171e+00
1.400161545834618664e+03 1.686314764667265376e+00
1.400331840354909900e+03 1.685293282874888998e+00
1.400502134875201136e+03 1.683727773561379149e+00
1.400672429395492600e+03 1.682434375138229132e+00
1.400842723915783836e+03 1.685649273174039564e+00
1.401013018436075072e+03 1.691757724617158676e+00
1.401183312956366308e+03 1.692184157154976720e+00
1.401353607476657544e+03 1.689643647394962755e+00
1.401523901996948780e+03 1.690129241482365652e+00
1.401694196517240243e+03 1.682163388993928699e+00
1.401864491037531479e+03 1.665369211317515585e+00
1.402034785557822715e+03 1.653437344830974487e+00
1.402205080078113951e+03 1.647188225125954641e+00
1.402375374598405187e+03 1.641937576234109075e+00
1.402545669118696651e+03 1.636623511246451557e+00
1.402715963638987887e+03 1.631164140318144717e+00
1.402886258159279123e+03 1.625347355970629515e+00
1.403056552679570359e+03 1.619523979184931406e+00
1.403226847199861595e+03 1.613995187190816250e+00
1.403397141720153058e+03 1.608712204762314135e+00
1.403567436240444295e+03 1.603748918098653498e+00
1.403737730760735531e+03 1.599272159619603784e+00
1.403908025281026767e+03 1.595354940101149532e+00
1.404078319801318003e+03 1.591695533791046113e+00
1.404248614321609466e+03 1.588188281335015439e+00
1.404418908841900702e+03 1.585112820005856404e+00
1.404589203362191938e+03 1.582284240744399995e+00
1.404759497882483174e+03 1.579314473790248030e+00
1.404929792402774410e+03 1.576317260821381350e+00
1.405100086923065646e+03 1.573201585306268857e+00
1.405270381443357110e+03 1.569861416414691568e+00
1.405440675963648346e+03 1.566328509219042431e+00
1.405610970483939582e+03 1.562861413047111681e+00
1.405781265004230818e+03 1.559716182667464590e+00
1.405951559524522054e+03 1.557065448848022893e+00
1.406121854044813517e+03 1.554137786887045625e+00
1.406292148565104753e+03 1.550479895778420270e+00
1.406462443085395989e+03 1.551536084885909439e+00
1.406632737605687225e+03 1.567240733935849173e+00
1.406803032125978461e+03 1.588645358099590510e+00
1.406973326646269925e+03 1.586530636130104810e+00
1.407143621166561161e+03 1.558342567281880697e+00
1.407313915686852397e+03 1.537058609558581423e+00
1.407484210207143633e+03 1.542374379988104227e+00
1.407654504727434869e+03 1.553278930054166729e+00
1.407824799247726332e+03 1.553017929122743279e+00
1.407995093768017568e+03 1.545071944123246777e+00
1.408165388288308804e+03 1.525082155873585199e+00
1.408335682808600041e+03 1.505257931133150873e+00
1.408505977328891277e+03 1.496144904587204838e+00
1.408676271849182513e+03 1.491911994605989999e+00
1.408846566369473976e+03 1.488276099432480848e+00
1.409016860889765212e+03 1.484714789066427176e+00
1.409187155410056448e+03 1.481270460903166164e+00
1.409357449930347684e+03 1.477859184743293364e+00
1.409527744450638920e+03 1.474232045346079101e+00
1.409698038970930384e+03 1.470678330459363803e+00
1.409868333491221620e+03 1.467464028190590408e+00
1.410038628011512856e+03 1.464226348334170424e+00
1.410208922531804092e+03 1.460672892249146981e+00
1.410379217052095328e+03 1.457198264847820113e+00
1.410549511572386791e+03 1.454042078435648033e+00
1.410719806092678027e+03 1.451171434505708513e+00
1.410890100612969263e+03 1.448159873199261538e+00
1.411060395133260499e+03 1.444565050047821986e+00
1.411230689653551735e+03 1.441456506667874171e+00
1.411400984173842971e+03 1.439388882245116186e+00
1.411571278694134435e+03 1.437229369917129240e+00
1.411741573214425671e+03 1.434623981237070023e+00
1.411911867734716907e+03 1.432061627237309676e+00
1.412082162255008143e+03 1.429584460803094981e+00
1.412252456775299379e+03 1.427163971861001190e+00
1.412422751295590842e+03 1.424759886261220743e+00
1.412593045815882078e+03 1.422172265492346543e+00
1.412763340336173314e+03 1.419503111117597305e+00
1.412933634856464550e+03 1.416949881089994312e+00
1.413103929376755787e+03 1.414378598087057792e+00
1.413274223897047250e+03 1.411902191478186630e+00
1.413444518417338486e+03 1.409702497039906799e+00
1.413614812937629722e+03 1.407613049366854829e+00
1.413785107457920958e+03 1.405576214863624607e+00
1.413955401978212194e+03 1.403940577097219533e+00
1.414125696498503657e+03 1.403859479634944174e+00
1.414295991018794894e+03 1.405978407152599363e+00
1.414466285539086130e+03 1.406884871781785451e+00
1.414636580059377366e+03 1.403528454128404324e+00
1.414806874579668602e+03 1.398071143709714637e+00
1.414977169099959838e+03 1.394278333174982176e+00
1.415147463620251301e+03 1.391998052156144583e+00
1.415317758140542537e+03 1.389899919711027332e+00
1.415488052660833773e+03 1.387721613751077054e+00
1.415658347181125009e+03 1.385639221280169586e+00
1.415828641701416245e+03 1.383805714985796520e+00
1.415998936221707709e+03 1.382127280818314929e+00
1.416169230741998945e+03 1.380528153795671287e+00
1.416339525262290181e+03 1.379027921092584652e+00
1.416509819782581417e+03 1.377574621371983721e+00
1.416680114302872653e+03 1.376135573300620418e+00
1.416850408823164116e+03 1.374594754673424735e+00
1.417020703343455352e+03 1.372848202960744945e+00
1.417190997863746588e+03 1.371097541735757375e+00
1.417361292384037824e+03 1.369516370632898106e+00
1.417531586904329060e+03 1.368055405149062764e+00
1.417701881424620524e+03 1.366623037130429319e+00
1.417872175944911760e+03 1.365272956752287214e+00
1.418042470465202996e+03 1.363976522951195092e+00
1.418212764985494232e+03 1.362598708082494614e+00
1.418383059505785468e+03 1.361190892949240894e+00
1.418553354026076704e+03 1.359838858829721886e+00
1.418723648546368167e+03 1.358326760006072664e+00
1.418893943066659403e+03 1.356710927929682065e+00
1.419064237586950640e+03 1.358000494516615975e+00
1.419234532107241876e+03 1.364354166039199345e+00
1.419404826627533112e+03 1.368574577221132849e+00
1.419575121147824575e+03 1.368190006485673571e+00
1.419745415668115811e+03 1.371645783428508292e+00
1.419915710188407047e+03 1.374664802036661637e+00
1.420086004708698283e+03 1.366260787453111414e+00
1.420256299228989519e+03 1.352719307811184102e+00
1.420426593749280983e+03 1.345452223059047103e+00
1.420596888269572219e+03 1.343534028018198878e+00
1.420767182789863455e+03 1.342552266322315946e+00
1.420937477310154691e+03 1.341419383098692020e+00
1.421107771830445927e+03 1.340154636387948628e+00
1.421278066350737163e+03 1.338796620822204630e+00
1.421448360871028626e+03 1.337379301962906997e+00
1.421618655391319862e+03 1.335950463898816887e+00
1.421788949911611098e+03 1.334642380206947365e+00
1.421959244431902334e+03 1.333538536950085174e+00
1.422129538952193570e+03 1.332569183957433623e+00
1.422299833472485034e+03 1.331528096320537369e+00
1.422470127992776270e+03 1.330414654981149081e+00
1.422640422513067506e+03 1.329467482592801009e+00
1.422810717033358742e+03 1.328691767878362073e+00
1.422981011553649978e+03 1.327883471759912393e+00
1.423151306073941441e+03 1.326962617418958601e+00
1.423321600594232677e+03 1.326033690480528549e+00
1.423491895114523913e+03 1.325139347163019288e+00
1.423662189634815149e+03 1.324023229092545328e+00
1.423832484155106386e+03 1.322543819492213224e+00
1.424002778675397849e+03 1.320944462502677608e+00
1.424173073195689085e+03 1.319640450962918266e+00
1.424343367715980321e+03 1.318594134885296310e+00
1.424513662236271557e+03 1.317560792175137774e+00
1.424683956756562793e+03 1.316683439808609801e+00
1.424854251276854029e+03 1.315991079847808054e+00
1.425024545797145493e+03 1.315086174557633214e+00
1.425194840317436729e+03 1.313874529010904180e+00
1.425365134837727965e+03 1.312567608655392348e+00
1.425535429358019201e+03 1.311255318183760510e+00
1.425705723878310437e+03 1.309963973786620883e+00
1.425876018398601900e+03 1.308698087294239532e+00
1.426046312918893136e+03 1.307482714747682628e+00
1.426216607439184372e+03 1.306330643109768097e+00
1.426386901959475608e+03 1.305266365137697893e+00
1.426557196479766844e+03 1.304326016073417804e+00
1.426727491000058308e+03 1.303516582030471493e+00
1.426897785520349544e+03 1.302686843170476338e+00
1.427068080040640780e+03 1.301733801516511413e+00
1.427238374560932016e+03 1.300682218304070936e+00
1.427408669081223252e+03 1.299515979277363620e+00
1.427578963601514715e+03 1.298376919634901761e+00
1.427749258121805951e+03 1.297392706898351289e+00
1.427919552642097187e+03 1.296421238471254345e+00
1.428089847162388423e+03 1.295223279904873959e+00
1.428260141682679659e+03 1.294288443381569564e+00
1.428430436202970895e+03 1.297918703652945815e+00
1.428600730723262359e+03 1.312109064643337319e+00
1.428771025243553595e+03 1.329080710640590191e+00
1.428941319763844831e+03 1.331056720420672246e+00
1.429111614284136067e+03 1.315686186324250162e+00
1.429281908804427303e+03 1.297626052539445407e+00
1.429452203324718766e+03 1.288780814893339066e+00
1.429622497845010002e+03 1.286567487604640458e+00
1.429792792365301239e+03 1.285794646299273758e+00
1.429963086885592475e+03 1.285044010257481828e+00
1.430133381405883711e+03 1.284162457177319361e+00
1.430303675926175174e+03 1.283272999293121330e+00
1.430473970446466410e+03 1.282467039323415881e+00
1.430644264966757646e+03 1.281521426355360482e+00
1.430814559487048882e+03 1.280385614894134605e+00
1.430984854007340118e+03 1.279368267812467153e+00
1.431155148527631354e+03 1.278548626914642883e+00
1.431325443047922818e+03 1.277807533250785887e+00
1.431495737568214054e+03 1.277183239030744932e+00
1.431666032088505290e+03 1.276682712486143290e+00
1.431836326608796526e+03 1.276064927857777143e+00
1.432006621129087762e+03 1.275175373296429049e+00
1.432176915649379225e+03 1.274133768225131025e+00
1.432347210169670461e+03 1.273084023096837436e+00
1.432517504689961697e+03 1.272170873983745842e+00
1.432687799210252933e+03 1.271471192347962020e+00
1.432858093730544169e+03 1.270831902518257284e+00
1.433028388250835633e+03 1.270007993792832579e+00
1.433198682771126869e+03 1.268999556115683269e+00
1.433368977291418105e+03 1.267888559016056682e+00
1.433539271811709341e+03 1.266726148705662913e+00
1.433709566332000577e+03 1.265661223257074308e+00
1.433879860852292040e+03 1.264769074353302214e+00
1.434050155372583276e+03 1.263986393551954190e+00
1.434220449892874512e+03 1.263235664180635931e+00
1.434390744413165748e+03 1.262517907882206192e+00
1.434561038933456985e+03 1.261811211132973121e+00
1.434731333453748221e+03 1.261197552332044003e+00
1.434901627974039684e+03 1.260749967095650348e+00
1.435071922494330920e+03 1.260279345763242631e+00
1.435242217014622156e+03 1.259680697152478546e+00
1.435412511534913392e+03 1.259094157270394643e+00
1.435582806055204628e+03 1.258584700587394467e+00
1.435753100575496092e+03 1.257957814526684981e+00
1.435923395095787328e+03 1.257191377758315909e+00
1.436093689616078564e+03 1.256346652525620167e+00
1.436263984136369800e+03 1.255363636391847448e+00
1.436434278656661036e+03 1.254339990951507611e+00
1.436604573176952499e+03 1.253507726979182779e+00
1.436774867697243735e+03 1.252904885467739593e+00
1.436945162217534971e+03 1.252419483200948314e+00
1.437115456737826207e+03 1.251976280245042483e+00
1.437285751258117443e+03 1.251492700072174724e+00
1.437456045778408907e+03 1.250833169620190866e+00
1.437626340298700143e+03 1.249934271661015561e+00
1.437796634818991379e+03 1.248935097830559116e+00
1.437966929339282615e+03 1.247922832487854850e+00
1.438137223859573851e+03 1.246937841177244710e+00
1.438307518379865087e+03 1.246102898687613703e+00
1.438477812900156550e+03 1.245633965585977165e+00
1.438648107420447786e+03 1.245797691516738137e+00
1.438818401940739022e+03 1.246099973820293805e+00
1.438988696461030258e+03 1.245718240516878517e+00
1.439158990981321494e+03 1.245326834571156116e+00
1.439329285501612958e+03 1.244730359376701401e+00
1.439499580021904194e+03 1.242849546463257626e+00
1.439669874542195430e+03 1.240810895608246422e+00
1.439840169062486666e+03 1.239452207584346155e+00
1.440010463582777902e+03 1.238319690958652686e+00
1.440180758103069365e+03 1.237239258899043071e+00
1.440351052623360602e+03 1.236347636467233446e+00
1.440521347143651838e+03 1.235655154827324687e+00
1.440691641663943074e+03 1.235041961769312469e+00
1.440861936184234310e+03 1.234489488782256839e+00
1.441032230704525773e+03 1.234000396258267074e+00
1.441202525224817009e+03 1.233428230161851324e+00
1.441372819745108245e+03 1.232726688352211664e+00
1.441543114265399481e+03 1.232017068930302717e+00
1.441713408785690717e+03 1.231439258038027340e+00
1.441883703305981953e+03 1.231053705720662972e+00
1.442053997826273417e+03 1.230750827635739064e+00
1.442224292346564653e+03 1.230299217468696416e+00
1.442394586866855889e+03 1.229806089959472271e+00
1.442564881387147125e+03 1.229574375559514765e+00
1.442735175907438361e+03 1.229583263976604890e+00
1.442905470427729824e+03 1.229673862656853967e+00
1.443075764948021060e+03 1.229595397501392906e+00
1.443246059468312296e+03 1.229351987615989739e+00
1.443416353988603532e+03 1.229706891062288587e+00
1.443586648508894768e+03 1.233509157548525526e+00
1.443756943029186232e+03 1.244202651660033743e+00
1.443927237549477468e+03 1.257194863950461983e+00
1.444097532069768704e+03 1.259722594126341466e+00
1.444267826590059940e+03 1.248615150306342070e+00
1.444438121110351176e+03 1.241363216648076140e+00
1.444608415630642412e+03 1.249956292686546622e+00
1.444778710150933875e+03 1.258796477014438864e+00
1.444949004671225111e+03 1.254632520617054103e+00
1.445119299191516347e+03 1.244134247133652948e+00
1.445289593711807584e+03 1.237864456814552483e+00
1.445459888232098820e+03 1.235656043590627196e+00
1.445630182752390283e+03 1.232486861997913685e+00
1.445800477272681519e+03 1.228245878942459068e+00
1.445970771792972755e+03 1.225608072876930077e+00
1.446141066313263991e+03 1.224928314894647263e+00
1.446311360833555227e+03 1.225076400413044775e+00
1.446481655353846691e+03 1.225226003895892646e+00
1.446651949874137927e+03 1.225149601617076200e+00
1.446822244394429163e+03 1.225157426335102162e+00
1.446992538914720399e+03 1.225351276040637094e+00
1.447162833435011635e+03 1.225478743829545802e+00
1.447333127955303098e+03 1.225480138393011620e+00
1.447503422475594334e+03 1.225376682805416229e+00
1.447673716995885570e+03 1.225212757234809047e+00
1.447844011516176806e+03 1.225149809515364563e+00
1.448014306036468042e+03 1.225181958977413998e+00
1.448184600556759278e+03 1.225094248683030518e+00
1.448354895077050742e+03 1.225020784314442501e+00
1.448525189597341978e+03 1.225164323706799951e+00
1.448695484117633214e+03 1.225232257441783768e+00
1.448865778637924450e+03 1.225279567719263385e+00
1.449036073158215686e+03 1.225396946052591307e+00
1.449206367678507149e+03 1.225485987574416846e+00
1.449376662198798385e+03 1.225596292491947459e+00
1.449546956719089621e+03 1.225840278862291077e+00
1.449717251239380857e+03 1.226251111318228615e+00
1.449887545759672093e+03 1.226669391067091164e+00
1.450057840279963557e+03 1.226859295002546757e+00
1.450228134800254793e+03 1.226730256899961180e+00
1.450398429320546029e+03 1.226487391548251260e+00
1.450568723840837265e+03 1.226343477500442924e+00
1.450739018361128501e+03 1.226202404806290946e+00
1.450909312881419964e+03 1.225928197619627236e+00
1.451079607401711201e+03 1.225526872267716172e+00
1.451249901922002437e+03 1.225122741627674205e+00
1.451420196442293673e+03 1.224897588760897715e+00
1.451590490962584909e+03 1.224941564433184027e+00
1.451760785482876145e+03 1.225170756905580971e+00
1.451931080003167608e+03 1.225462984656936705e+00
1.452101374523458844e+03 1.225710304723452548e+00
1.452271669043750080e+03 1.225813041741332654e+00
1.452441963564041316e+03 1.225670457619012721e+00
1.452612258084332552e+03 1.225294419066350393e+00
1.452782552604624016e+03 1.224956007118275902e+00
1.452952847124915252e+03 1.224876806230741355e+00
1.453123141645206488e+03 1.225065712732005929e+00
1.453293436165497724e+03 1.225772263737627155e+00
1.453463730685788960e+03 1.226938236230506574e+00
1.453634025206080423e+03 1.227578980058115832e+00
1.453804319726371659e+03 1.227266638624600503e+00
1.453974614246662895e+03 1.226825119792067209e+00
1.454144908766954131e+03 1.227216693909949807e+00
1.454315203287245367e+03 1.227674440292919389e+00
1.454485497807536603e+03 1.227112020171063023e+00
1.454655792327828067e+03 1.226509304376124820e+00
1.454826086848119303e+03 1.226374093618353811e+00
1.454996381368410539e+03 1.226713397343562661e+00
1.455166675888701775e+03 1.227397397881035968e+00
1.455336970408993011e+03 1.227676237970962037e+00
1.455507264929284474e+03 1.226898136353708146e+00
1.455677559449575710e+03 1.225836731136573432e+00
1.455847853969866946e+03 1.224777603183123897e+00
1.456018148490158183e+03 1.223956759380326664e+00
1.456188443010449419e+03 1.223383867180449336e+00
1.456358737530740882e+03 1.222944452823423900e+00
1.456529032051032118e+03 1.222805755454005938e+00
1.456699326571323354e+03 1.223064481012773541e+00
1.456869621091614590e+03 1.223285440031031568e+00
1.457039915611905826e+03 1.223038040391655201e+00
1.457210210132197290e+03 1.222522315212831501e+00
1.457380504652488526e+03 1.221922178158354910e+00
1.457550799172779762e+03 1.221546079074553814e+00
1.457721093693070998e+03 1.221641041507083081e+00
1.457891388213362234e+03 1.222094387581874830e+00
1.458061682733653470e+03 1.222577048059242388e+00
1.458231977253944933e+03 1.222874782156144535e+00
1.458402271774236169e+03 1.222960533497634561e+00
1.458572566294527405e+03 1.222851481819066555e+00
1.458742860814818641e+03 1.222537756380520646e+00
1.458913155335109877e+03 1.222137290213752614e+00
1.459083449855401341e+03 1.221856280415496876e+00
1.459253744375692577e+03 1.221711726778821117e+00
1.459424038895983813e+03 1.221598171352438200e+00
1.459594333416275049e+03 1.221431389692453129e+00
1.459764627936566285e+03 1.221259196052667750e+00
1.459934922456857748e+03 1.221178743761822894e+00
1.460105216977148984e+03 1.221140540104399985e+00
1.460275511497440220e+03 1.221049748521827016e+00
1.460445806017731456e+03 1.221058056822704962e+00
1.460616100538022692e+03 1.221294785235267355e+00
1.460786395058314156e+03 1.221799251917982554e+00
1.460956689578605392e+03 1.222657042845771924e+00
1.461126984098896628e+03 1.223550505524503507e+00
1.461297278619187864e+03 1.223974184011300981e+00
1.461467573139479100e+03 1.226561847893245183e+00
1.461637867659770336e+03 1.234528666940457597e+00
1.461808162180061800e+03 1.240215300286730660e+00
1.461978456700353036e+03 1.237040674051494094e+00
1.462148751220644272e+03 1.232856943929760085e+00
1.462319045740935508e+03 1.229548574285157514e+00
1.462489340261226744e+03 1.225924078341379175e+00
1.462659634781518207e+03 1.223837861924153891e+00
1.462829929301809443e+03 1.223551204921532021e+00
1.463000223822100679e+03 1.223849133729645988e+00
1.463170518342391915e+03 1.223856228386385858e+00
1.463340812862683151e+03 1.223658610641533695e+00
1.463511107382974615e+03 1.223487019278072463e+00
1.463681401903265851e+03 1.223319723854896957e+00
1.463851696423557087e+03 1.223085447437446849e+00
1.464021990943848323e+03 1.222792952197385041e+00
1.464192285464139559e+03 1.222557254403853211e+00
1.464362579984430795e+03 1.222440840717752941e+00
1.464532874504722258e+03 1.222577643447962048e+00
1.464703169025013494e+03 1.223601053196199828e+00
1.464873463545304730e+03 1.226639488651060539e+00
1.465043758065595966e+03 1.230193359390745034e+00
1.465214052585887202e+03 1.230458904577642176e+00
1.465384347106178666e+03 1.227619592415285954e+00
1.465554641626469902e+03 1.224957552307681441e+00
1.465724936146761138e+03 1.223748894929632458e+00
1.465895230667052374e+03 1.223273890825256061e+00
1.466065525187343610e+03 1.223129391950887879e+00
1.466235819707635073e+03 1.223204589819404831e+00
1.466406114227926309e+03 1.223648700758690033e+00
1.466576408748217546e+03 1.224771372262873026e+00
1.466746703268508782e+03 1.226331389083485934e+00
1.466916997788800018e+03 1.227423719814989100e+00
1.467087292309091481e+03 1.227239605453416038e+00
1.467257586829382717e+03 1.226543358919999438e+00
1.467427881349673953e+03 1.226069051338296134e+00
1.467598175869965189e+03 1.225842008154363949e+00
1.467768470390256425e+03 1.225770516608255534e+00
1.467938764910547661e+03 1.225711132350960408e+00
1.468109059430839125e+03 1.225763310616263535e+00
1.468279353951130361e+03 1.226185388848916702e+00
1.468449648471421597e+03 1.226707332840561993e+00
1.468619942991712833e+03 1.227181622407715444e+00
1.468790237512004069e+03 1.227809166739321167e+00
1.468960532032295532e+03 1.228519458885499072e+00
1.469130826552586768e+03 1.229204361794030254e+00
1.469301121072878004e+03 1.230055063757719891e+00
1.469471415593169240e+03 1.230372674175113978e+00
1.469641710113460476e+03 1.229786087611662193e+00
1.469812004633751940e+03 1.229361206627801018e+00
1.469982299154043176e+03 1.229361399484035111e+00
1.470152593674334412e+03 1.231049179997077303e+00
1.470322888194625648e+03 1.238460781211938588e+00
1.470493182714916884e+03 1.248820678615486957e+00
1.470663477235208347e+03 1.250824855930546375e+00
1.470833771755499583e+03 1.246024910033216582e+00
1.471004066275790819e+03 1.240454915139069136e+00
1.471174360796082055e+03 1.235758299375481872e+00
1.471344655316373291e+03 1.233737215020556111e+00
1.471514949836664528e+03 1.234332648857137116e+00
1.471685244356955991e+03 1.235938306455683477e+00
1.471855538877247227e+03 1.237048149919742324e+00
1.472025833397538463e+03 1.237026633427353861e+00
1.472196127917829699e+03 1.236528218046238248e+00
1.472366422438120935e+03 1.236348014813243967e+00
1.472536716958412399e+03 1.236155529836266531e+00
1.472707011478703635e+03 1.235765904779220214e+00
1.472877305998994871e+03 1.235390062243656661e+00
1.473047600519286107e+03 1.235295069656187295e+00
1.473217895039577343e+03 1.235574832776749732e+00
1.473388189559868806e+03 1.236077802567173478e+00
1.473558484080160042e+03 1.236749803696584049e+00
1.473728778600451278e+03 1.237719968674430682e+00
1.473899073120742514e+03 1.239182003079355887e+00
1.474069367641033750e+03 1.241140377413884721e+00
1.474239662161325214e+03 1.242043815700606180e+00
1.474409956681616450e+03 1.241071187999183589e+00
1.474580251201907686e+03 1.240289711849974941e+00
1.474750545722198922e+03 1.239916408595453934e+00
1.474920840242490158e+03 1.239708297870357079e+00
1.475091134762781394e+03 1.239854718522963140e+00
1.475261429283072857e+03 1.240178191400212349e+00
1.475431723803364093e+03 1.240421820563495814e+00
1.475602018323655329e+03 1.240594094851626750e+00
1.475772312843946565e+03 1.240958511273539955e+00
1.475942607364237801e+03 1.241521984569641912e+00
1.476112901884529265e+03 1.241943314250518071e+00
1.476283196404820501e+03 1.242164345579966245e+00
1.476453490925111737e+03 1.242425127559182219e+00
1.476623785445402973e+03 1.242768552040791397e+00
1.476794079965694209e+03 1.243159939869463493e+00
1.476964374485985672e+03 1.243728029735954976e+00
1.477134669006276908e+03 1.244796370404380514e+00
1.477304963526568145e+03 1.246485824971212963e+00
1.477475258046859381e+03 1.248375762759573515e+00
1.477645552567150617e+03 1.249504190012679761e+00
1.477815847087441853e+03 1.249390244053223187e+00
1.477986141607733316e+03 1.248878333632352122e+00
1.478156436128024552e+03 1.248785276368470587e+00
1.478326730648315788e+03 1.250741808943166333e+00
1.478497025168607024e+03 1.260845972686293504e+00
1.478667319688898260e+03 1.281421791949304501e+00
1.478837614209189724e+03 1.295050582089046110e+00
1.479007908729480960e+03 1.287426649752370977e+00
1.479178203249772196e+03 1.268804338425604472e+00
1.479348497770063432e+03 1.257939904639711060e+00
1.479518792290354668e+03 1.261970025105451754e+00
1.479689086810646131e+03 1.282853577398401779e+00
1.479859381330937367e+03 1.307294447439515395e+00
1.480029675851228603e+03 1.306437006495485775e+00
1.480199970371519839e+03 1.282781721824701737e+00
1.480370264891811075e+03 1.262516443207918115e+00
1.480540559412102539e+03 1.256915893426962416e+00
1.480710853932393775e+03 1.257334445219505881e+00
1.480881148452685011e+03 1.257877490581377433e+00
1.481051442972976247e+03 1.258275858044684004e+00
1.481221737493267483e+03 1.258657568862583176e+00
1.481392032013558719e+03 1.259199965674006716e+00
1.481562326533850182e+03 1.259924491629478727e+00
1.481732621054141418e+03 1.260706440382933557e+00
1.481902915574432654e+03 1.261354062410805277e+00
1.482073210094723891e+03 1.261759467646608179e+00
1.482243504615015127e+03 1.262070707725411189e+00
1.482413799135306590e+03 1.262458207790877918e+00
1.482584093655597826e+03 1.262934871191303765e+00
1.482754388175889062e+03 1.263492192364693789e+00
1.482924682696180298e+03 1.264065246870279324e+00
1.483094977216471534e+03 1.264635779934856874e+00
1.483265271736762998e+03 1.265394853798515573e+00
1.483435566257054234e+03 1.266524846662706150e+00
1.483605860777345470e+03 1.267768144444908485e+00
1.483776155297636706e+03 1.268851837308356156e+00
1.483946449817927942e+03 1.269756540524252575e+00
1.484116744338219405e+03 1.270411295395067919e+00
1.484287038858510641e+03 1.270665953637104995e+00
1.484457333378801877e+03 1.270903254735256782e+00
1.484627627899093113e+03 1.271258505649455195e+00
1.484797922419384349e+03 1.271538070226660766e+00
1.484968216939675585e+03 1.271830756788413286e+00
1.485138511459967049e+03 1.272339881489103597e+00
1.485308805980258285e+03 1.273134850947238217e+00
1.485479100500549521e+03 1.274626331541584667e+00
1.485649395020840757e+03 1.276922022327767525e+00
1.485819689541131993e+03 1.279220237862585874e+00
1.485989984061423456e+03 1.280377482831051239e+00
1.486160278581714692e+03 1.279924422567780606e+00
1.486330573102005928e+03 1.279139359466307413e+00
1.486500867622297164e+03 1.278500368028327561e+00
1.486671162142588400e+03 1.278292463169975024e+00
1.486841456662879864e+03 1.278508491373917977e+00
1.487011751183171100e+03 1.278933144958836587e+00
1.487182045703462336e+03 1.279504346470335729e+00
1.487352340223753572e+03 1.280180471991703151e+00
1.487522634744044808e+03 1.280943864474578753e+00
1.487692929264336044e+03 1.281772866889742790e+00
1.487863223784627507e+03 1.282707283109750573e+00
1.488033518304918744e+03 1.283780592875734428e+00
1.488203812825209980e+03 1.285003161420844808e+00
1.488374107345501216e+03 1.286196211688958257e+00
1.488544401865792452e+03 1.287181695006133442e+00
1.488714696386083915e+03 1.287931294855226394e+00
1.488884990906375151e+03 1.288646387581892760e+00
1.489055285426666387e+03 1.289496100648507948e+00
1.489225579946957623e+03 1.290345950716007772e+00
1.489395874467248859e+03 1.291219883144231861e+00
1.489566168987540323e+03 1.292099999655747844e+00
1.489736463507831559e+03 1.292830272954758719e+00
1.489906758028122795e+03 1.293647489908051451e+00
1.490077052548414031e+03 1.294627595420303479e+00
1.490247347068705267e+03 1.295691736574037689e+00
1.490417641588996730e+03 1.296882588505742895e+00
1.490587936109287966e+03 1.298175764616224637e+00
1.490758230629579202e+03 1.299579839355236022e+00
1.490928525149870438e+03 1.301096129427573800e+00
1.491098819670161674e+03 1.302373424417708092e+00
1.491269114190452910e+03 1.305312509666671339e+00
1.491439408710744374e+03 1.316697882447472878e+00
1.491609703231035610e+03 1.333472694995253782e+00
1.491779997751326846e+03 1.341564589395834339e+00
1.491950292271618082e+03 1.338569715672024207e+00
1.492120586791909318e+03 1.325719925585818526e+00
1.492290881312200781e+03 1.314605502785370250e+00
1.492461175832492017e+03 1.312569784652212634e+00
1.492631470352783253e+03 1.314543304358921860e+00
1.492801764873074490e+03 1.316480418094427174e+00
1.492972059393365726e+03 1.317456710323512192e+00
1.493142353913657189e+03 1.317855025498817056e+00
1.493312648433948425e+03 1.318555705682732171e+00
1.493482942954239661e+03 1.319396258381909881e+00
1.493653237474530897e+03 1.320184681878876720e+00
1.493823531994822133e+03 1.320996782463652153e+00
1.493993826515113597e+03 1.321937640323875618e+00
1.494164121035404833e+03 1.323028014080037451e+00
1.494334415555696069e+03 1.324271008151845175e+00
1.494504710075987305e+03 1.325681440607661798e+00
1.494675004596278541e+03 1.327146537296618023e+00
1.494845299116569777e+03 1.328566652435697382e+00
1.495015593636861240e+03 1.329968698537937311e+00
1.495185888157152476e+03 1.331444481332754837e+00
1.495356182677443712e+03 1.333093948548793373e+00
1.495526477197734948e+03 1.334849026254566695e+00
1.495696771718026184e+03 1.336569975244025654e+00
1.495867066238317648e+03 1.338179458091812046e+00
1.496037360758608884e+03 1.339631658937785241e+00
1.496207655278900120e+03 1.340848729427363661e+00
1.496377949799191356e+03 1.341806971011469063e+00
1.496548244319482592e+03 1.342628891082165099e+00
1.496718538839774055e+03 1.343411434011343664e+00
1.496888833360065291e+03 1.344166739630400897e+00
1.497059127880356527e+03 1.345045429571460005e+00
1.497229422400647763e+03 1.346174775691039383e+00
1.497399716920938999e+03 1.347423067885537229e+00
1.497570011441230236e+03 1.348669503925401747e+00
1.497740305961521699e+03 1.349888928818250511e+00
1.497910600481812935e+03 1.351052920550413816e+00
1.498080895002104171e+03 1.352270774274830334e+00
1.498251189522395407e+03 1.353642831898030918e+00
1.498421484042686643e+03 1.355163365742853898e+00
1.498591778562978106e+03 1.356739458919670849e+00
1.498762073083269343e+03 1.358246129280854309e+00
1.498932367603560579e+03 1.359758608601053576e+00
1.499102662123851815e+03 1.361354893059967930e+00
1.499272956644143051e+03 1.362856803300261044e+00
1.499443251164434514e+03 1.364134320340941731e+00
1.499613545684725750e+03 1.365217192043969074e+00
1.499783840205016986e+03 1.366122164852503262e+00
1.499954134725308222e+03 1.367136390792465628e+00
1.500124429245599458e+03 1.368284147250931948e+00
1.500294723765890922e+03 1.369334209540309599e+00
1.500465018286182158e+03 1.370232242140544399e+00
1.500635312806473394e+03 1.370961846128815331e+00
1.500805607326764630e+03 1.371629987558902641e+00
1.500975901847055866e+03 1.372582767542438464e+00
1.501146196367347102e+03 1.373738227405120416e+00
1.501316490887638565e+03 1.374935042510988303e+00
1.501486785407929801e+03 1.376299989478734442e+00
1.501657079928221037e+03 1.377793631121996043e+00
1.501827374448512273e+03 1.379169526306989635e+00
1.501997668968803509e+03 1.380371101871300965e+00
1.502167963489094973e+03 1.381593746450371807e+00
1.502338258009386209e+03 1.383026807247281997e+00
1.502508552529677445e+03 1.384670717960127195e+00
1.502678847049968681e+03 1.386381905661807634e+00
1.502849141570259917e+03 1.388034099366096008e+00
1.503019436090551380e+03 1.389663234787404944e+00
1.503189730610842616e+03 1.391211921436189325e+00
1.503360025131133852e+03 1.392520531619853674e+00
1.503530319651425089e+03 1.393515762358840782e+00
1.503700614171716325e+03 1.394359517132085280e+00
1.503870908692007788e+03 1.395380433031977230e+00
1.504041203212299024e+03 1.396772218965617096e+00
1.504211497732590260e+03 1.398485934532916364e+00
1.504381792252881496e+03 1.400327556356864456e+00
1.504552086773172732e+03 1.401977952554784856e+00
1.504722381293463968e+03 1.403252774825748395e+00
1.504892675813755432e+03 1.404291974121023356e+00
1.505062970334046668e+03 1.405394133557478220e+00
1.505233264854337904e+03 1.406584371336419892e+00
1.505403559374629140e+03 1.407748120711178386e+00
1.505573853894920376e+03 1.408968772015797288e+00
1.505744148415211839e+03 1.410409759327402313e+00
1.505914442935503075e+03 1.412180594714967263e+00
1.506084737455794311e+03 1.414107819191777082e+00
1.506255031976085547e+03 1.416051888859959806e+00
1.506425326496376783e+03 1.417923891301488437e+00
1.506595621016668247e+03 1.419720336925906601e+00
1.506765915536959483e+03 1.421599756864156294e+00
1.506936210057250719e+03 1.423537223372488558e+00
1.507106504577541955e+03 1.425342331446118438e+00
1.507276799097833191e+03 1.427005059251099883e+00
1.507447093618124654e+03 1.428676122534324300e+00
1.507617388138415890e+03 1.430327658687603032e+00
1.507787682658707126e+03 1.431917657406637012e+00
1.507957977178998362e+03 1.433534489423747171e+00
1.508128271699289598e+03 1.435210155523506170e+00
1.508298566219580835e+03 1.436954567539723726e+00
1.508468860739872298e+03 1.438765815866258624e+00
1.508639155260163534e+03 1.440473226572693388e+00
1.508809449780454770e+03 1.442201826467998993e+00
1.508979744300746006e+03 1.444737196708803850e+00
1.509150038821037242e+03 1.448694128467666875e+00
1.509320333341328706e+03 1.453171560691242092e+00
1.509490627861619942e+03 1.456901820361367061e+00
1.509660922381911178e+03 1.458903022801386840e+00
1.509831216902202414e+03 1.458548741840559160e+00
1.510001511422493650e+03 1.457660813812796219e+00
1.510171805942785113e+03 1.457883245673504469e+00
1.510342100463076349e+03 1.459049156287757221e+00
1.510512394983367585e+03 1.460767454213289351e+00
1.510682689503658821e+03 1.462762202731517913e+00
1.510852984023950057e+03 1.464566367045670781e+00
1.511023278544241293e+03 1.465993112506984275e+00
1.511193573064532757e+03 1.467290726812865209e+00
1.511363867584823993e+03 1.468827285774267466e+00
1.511534162105115229e+03 1.470872750806504481e+00
1.511704456625406465e+03 1.473358189933617446e+00
1.511874751145697701e+03 1.475910552872687909e+00
1.512045045665989164e+03 1.478197878903320994e+00
1.512215340186280400e+03 1.480234895126398387e+00
1.512385634706571636e+03 1.482246827067311701e+00
1.512555929226862872e+03 1.484363327610192407e+00
1.512726223747154108e+03 1.486551438691581462e+00
1.512896518267445572e+03 1.488768305511885881e+00
1.513066812787736808e+03 1.491050669843126286e+00
1.513237107308028044e+03 1.493537094315582792e+00
1.513407401828319280e+03 1.496122100815767908e+00
1.513577696348610516e+03 1.498549862885980577e+00
1.513747990868901979e+03 1.500903407706714265e+00
1.513918285389193215e+03 1.503413706420711149e+00
1.514088579909484451e+03 1.506051322713637841e+00
1.514258874429775688e+03 1.508799602830126929e+00
1.514429168950066924e+03 1.511562736633599080e+00
1.514599463470358160e+03 1.514025453155818601e+00
1.514769757990649623e+03 1.516156229655147625e+00
1.514940052510940859e+03 1.518326275987195384e+00
1.515110347031232095e+03 1.520863715465303967e+00
1.515280641551523331e+03 1.523785867110412973e+00
1.515450936071814567e+03 1.526880473051818621e+00
1.515621230592106031e+03 1.529875060320369906e+00
1.515791525112397267e+03 1.532649263816302732e+00
1.515961819632688503e+03 1.535393989515091206e+00
1.516132114152979739e+03 1.538347732157302694e+00
1.516302408673270975e+03 1.541380867187099213e+00
1.516472703193562438e+03 1.544267216146666177e+00
1.516642997713853674e+03 1.547006399757210771e+00
1.516813292234144910e+03 1.549793653803688276e+00
1.516983586754436146e+03 1.552882668651559994e+00
1.517153881274727382e+03 1.556407982575769511e+00
1.517324175795018846e+03 1.560048633974790988e+00
1.517494470315310082e+03 1.563373524675045978e+00
1.517664764835601318e+03 1.566382138136160229e+00
1.517835059355892554e+03 1.569460110708403189e+00
1.518005353876183790e+03 1.573008988237444061e+00
1.518175648396475026e+03 1.577004113939332930e+00
1.518345942916766489e+03 1.581185849123073917e+00
1.518516237437057725e+03 1.585430696778801440e+00
1.518686531957348961e+03 1.589590116041956325e+00
1.518856826477640197e+03 1.593548729452030521e+00
1.519027120997931434e+03 1.597414892751781057e+00
1.519197415518222897e+03 1.601163973322571321e+00
1.519367710038514133e+03 1.604606018645719390e+00
1.519538004558805369e+03 1.607813541690876313e+00
1.519708299079096605e+03 1.610924283842415150e+00
1.519878593599387841e+03 1.614249994622944717e+00
1.520048888119679305e+03 1.618197807774088393e+00
1.520219182639970541e+03 1.622663095370218578e+00
1.520389477160261777e+03 1.627251781152446508e+00
1.520559771680553013e+03 1.631713575329185817e+00
1.520730066200844249e+03 1.636012713162668053e+00
1.520900360721135485e+03 1.640223245975282795e+00
1.521070655241426948e+03 1.644326780161757595e+00
1.521240949761718184e+03 1.648314709157485902e+00
1.521411244282009420e+03 1.652395788683525879e+00
1.521581538802300656e+03 1.656590459001599847e+00
1.521751833322591892e+03 1.660892791077241748e+00
1.521922127842883356e+03 1.665366749730202045e+00
1.522092422363174592e+03 1.669983841246975631e+00
1.522262716883465828e+03 1.674817516695691122e+00
1.522433011403757064e+03 1.679742770234299076e+00
1.522603305924048300e+03 1.684373525569378582e+00
1.522773600444339763e+03 1.688643533892786763e+00
1.522943894964630999e+03 1.692912395964595973e+00
1.523114189484922235e+03 1.697394685349060239e+00
1.523284484005213471e+03 1.702070260080645880e+00
1.523454778525504707e+03 1.706916559597987160e+00
1.523625073045796171e+03 1.711883341730205510e+00
1.523795367566087407e+03 1.716925364542736254e+00
1.523965662086378643e+03 1.722070142718640451e+00
1.524135956606669879e+03 1.727462871645814024e+00
1.524306251126961115e+03 1.733080350505930234e+00
1.524476545647252351e+03 1.738592757407415146e+00
1.524646840167543814e+03 1.743937127872484449e+00
1.524817134687835050e+03 1.749368868331587556e+00
1.524987429208126287e+03 1.755000760665057502e+00
1.525157723728417523e+03 1.760653262494086269e+00
1.525328018248708759e+03 1.766026476532185363e+00
1.525498312769000222e+03 1.770984898995927370e+00
1.525668607289291458e+03 1.775627571018904227e+00
1.525838901809582694e+03 1.780339496895023021e+00
1.526009196329873930e+03 1.785366940843208905e+00
1.526179490850165166e+03 1.790555832402695113e+00
1.526349785370456630e+03 1.795742461723681460e+00
1.526520079890747866e+03 1.801069984542121638e+00
1.526690374411039102e+03 1.806636655464080254e+00
1.526860668931330338e+03 1.812177875010666517e+00
1.527030963451621574e+03 1.817434596495790977e+00
1.527201257971913037e+03 1.822485565744538238e+00
1.527371552492204273e+03 1.827404079641220758e+00
1.527541847012495509e+03 1.832210705859850464e+00
1.527712141532786745e+03 1.837057314297620314e+00
1.527882436053077981e+03 1.842221754381577981e+00
1.528052730573369217e+03 1.847794001884893067e+00
1.528223025093660681e+03 1.853591142081597365e+00
1.528393319613951917e+03 1.859335177452864585e+00
1.528563614134243153e+03 1.864912978029990454e+00
1.528733908654534389e+03 1.870564725634247694e+00
1.528904203174825625e+03 1.876909622576331094e+00
1.529074497695117088e+03 1.883671883347048936e+00
1.529244792215408324e+03 1.889810603738693917e+00
1.529415086735699560e+03 1.895428560099594595e+00
1.529585381255990796e+03 1.900826743109549133e+00
1.529755675776282033e+03 1.905891957937166481e+00
1.529925970296573496e+03 1.910732289617568025e+00
1.530096264816864732e+03 1.915973993811088683e+00
1.530266559337155968e+03 1.921575263692343327e+00
1.530436853857447204e+03 1.926675486193957676e+00
1.530607148377738440e+03 1.931482767611949924e+00
1.530777442898029676e+03 1.936607842094099974e+00
1.530947737418321140e+03 1.941862678885808213e+00
1.531118031938612376e+03 1.947158651313803945e+00
1.531288326458903612e+03 1.952580254862221310e+00
1.531458620979194848e+03 1.958102404071061287e+00
1.531628915499486084e+03 1.963857997725821924e+00
1.531799210019777547e+03 1.969606995468675015e+00
1.531969504540068783e+03 1.975087120744774882e+00
1.532139799060360019e+03 1.980811914215514502e+00
1.532310093580651255e+03 1.989194533881190274e+00
1.532480388100942491e+03 2.004031719505268594e+00
1.532650682621233955e+03 2.021848290773594847e+00
1.532820977141525191e+03 2.033747361493673189e+00
1.532991271661816427e+03 2.034829255179920082e+00
1.533161566182107663e+03 2.026082814217799122e+00
1.533331860702398899e+03 2.020432048266984637e+00
1.533502155222690362e+03 2.022042276623897461e+00
1.533672449742981598e+03 2.026209993571833401e+00
1.533842744263272834e+03 2.030917537307605159e+00
1.534013038783564070e+03 2.035848818784078418e+00
1.534183333303855306e+03 2.040992389802084084e+00
1.534353627824146542e+03 2.046553660153708876e+00
1.534523922344438006e+03 2.052287478271186405e+00
1.534694216864729242e+03 2.058623323582297271e+00
1.534864511385020478e+03 2.071657919082936061e+00
1.535034805905311714e+03 2.095901672599758570e+00
1.535205100425602950e+03 2.111534128056405724e+00
1.535375394945894413e+03 2.105238944366350395e+00
1.535545689466185650e+03 2.106590184658894582e+00
1.535715983986476886e+03 2.130150368054480214e+00
1.535886278506768122e+03 2.145380421987696629e+00
1.536056573027059358e+03 2.130624045324327476e+00
1.536226867547350821e+03 2.111318380725089483e+00
1.536397162067642057e+03 2.107104696606784344e+00
1.536567456587933293e+03 2.110597237239165924e+00
1.536737751108224529e+03 2.114844378455499552e+00
1.536908045628515765e+03 2.118798944681184793e+00
1.537078340148807229e+03 2.122289160182285972e+00
1.537248634669098465e+03 2.125371616722695478e+00
1.537418929189389701e+03 2.128344670077096712e+00
1.537589223709680937e+03 2.131502084090066695e+00
1.537759518229972173e+03 2.135118232546685757e+00
1.537929812750263409e+03 2.139306407388543718e+00
1.538100107270554872e+03 2.144255828597221303e+00
1.538270401790846108e+03 2.151319107856070278e+00
1.538440696311137344e+03 2.163150248390313113e+00
1.538610990831428580e+03 2.175903774323702411e+00
1.538781285351719816e+03 2.181478681013151899e+00
1.538951579872011280e+03 2.185615990229186956e+00
1.539121874392302516e+03 2.189130702883494095e+00
1.539292168912593752e+03 2.182512062311995571e+00
1.539462463432884988e+03 2.171218951781887618e+00
1.539632757953176224e+03 2.165990318249367164e+00
1.539803052473467687e+03 2.165950558681674742e+00
1.539973346993758923e+03 2.167008152803182153e+00
1.540143641514050159e+03 2.168127456944875853e+00
1.540313936034341395e+03 2.168816276838377632e+00
1.540484230554632632e+03 2.168388711518277390e+00
1.540654525074924095e+03 2.166729064346343492e+00
1.540824819595215331e+03 2.164926579369963022e+00
1.540995114115506567e+03 2.164564725722241345e+00
1.541165408635797803e+03 2.164962835093033444e+00
1.541335703156089039e+03 2.162849576214973535e+00
1.541505997676380275e+03 2.157800521133752980e+00
1.541676292196671739e+03 2.152983854220940962e+00
1.541846586716962975e+03 2.148599203203589880e+00
1.542016881237254211e+03 2.145319153377599264e+00
1.542187175757545447e+03 2.145543795674448084e+00
1.542357470277836683e+03 2.146174101573734116e+00
1.542527764798128146e+03 2.143436031356048765e+00
1.542698059318419382e+03 2.137336271882433358e+00
1.542868353838710618e+03 2.126751151835047704e+00
1.543038648359001854e+03 2.117226805309142534e+00
1.543208942879293090e+03 2.112262777860978602e+00
1.543379237399584554e+03 2.108436652837628600e+00
1.543549531919875790e+03 2.103632448289344925e+00
1.543719826440167026e+03 2.098171281797919896e+00
1.543890120960458262e+03 2.092338199842146196e+00
1.544060415480749498e+03 2.086750166562417519e+00
1.544230710001040734e+03 2.081707362653640203e+00
1.544401004521332197e+03 2.075457681029987178e+00
1.544571299041623433e+03 2.065998398428894323e+00
1.544741593561914669e+03 2.055590173643005780e+00
1.544911888082205905e+03 2.046251782883023118e+00
1.545082182602497141e+03 2.038444979039411464e+00
1.545252477122788605e+03 2.032320768091167018e+00
1.545422771643079841e+03 2.027505636236583531e+00
1.545593066163371077e+03 2.023780502632504863e+00
1.545763360683662313e+03 2.021282504200515806e+00
1.545933655203953549e+03 2.019707860017744494e+00
1.546103949724245012e+03 2.018230259298540830e+00
1.546274244244536249e+03 2.015816710019294078e+00
1.546444538764827485e+03 2.011798173950153590e+00
1.546614833285118721e+03 2.005568036065523252e+00
1.546785127805409957e+03 1.997346522785234502e+00
1.546955422325701420e+03 1.991245081112616777e+00
1.547125716845992656e+03 1.998049928193562641e+00
1.547296011366283892e+03 2.017749175152762753e+00
1.547466305886575128e+03 2.020153979439998970e+00
1.547636600406866364e+03 1.988199594666413716e+00
1.547806894927157600e+03 1.948174776068791303e+00
1.547977189447449064e+03 1.926059637550076253e+00
1.548147483967740300e+03 1.915386003461200026e+00
1.548317778488031536e+03 1.906545568270749502e+00
1.548488073008322772e+03 1.898513603538831918e+00
1.548658367528614008e+03 1.892367742722110169e+00
1.548828662048905471e+03 1.888254042204368766e+00
1.548998956569196707e+03 1.885026593605488632e+00
1.549169251089487943e+03 1.883694464139082037e+00
1.549339545609779179e+03 1.885447313371259703e+00
1.549509840130070415e+03 1.883057427310558696e+00
1.549680134650361879e+03 1.873285275323596899e+00
1.549850429170653115e+03 1.864337109299072814e+00
1.550020723690944351e+03 1.856877434891929468e+00
1.550191018211235587e+03 1.850582494867084149e+00
1.550361312731526823e+03 1.845516914693960064e+00
1.550531607251818286e+03 1.841487382599163558e+00
1.550701901772109522e+03 1.838912272987409224e+00
1.550872196292400758e+03 1.836210460894276419e+00
1.551042490812691995e+03 1.831281394322838985e+00
1.551212785332983231e+03 1.822018974863081286e+00
1.551383079853274467e+03 1.811197828770612972e+00
1.551553374373565930e+03 1.803355346732782749e+00
1.551723668893857166e+03 1.797905696535885056e+00
1.551893963414148402e+03 1.793627040260972416e+00
1.552064257934439638e+03 1.790597236367150735e+00
1.552234552454730874e+03 1.788572407617486926e+00
1.552404846975022338e+03 1.787055438884472380e+00
1.552575141495313574e+03 1.785815430707792695e+00
1.552745436015604810e+03 1.784687993935631045e+00
1.552915730535896046e+03 1.783624857647755135e+00
1.553086025056187282e+03 1.782929801479880894e+00
1.553256319576478745e+03 1.782719010388373437e+00
1.553426614096769981e+03 1.782078307094639102e+00
1.553596908617061217e+03 1.779148319982458037e+00
1.553767203137352453e+03 1.773719979781031686e+00
1.553937497657643689e+03 1.768010868417093207e+00
1.554107792177934925e+03 1.762367492175161310e+00
1.554278086698226389e+03 1.756951563038020359e+00
1.554448381218517625e+03 1.751891179906273077e+00
1.554618675738808861e+03 1.747214206375631296e+00
1.554788970259100097e+03 1.743511250294016879e+00
1.554959264779391333e+03 1.740771245931798550e+00
1.555129559299682796e+03 1.737433699908603746e+00
1.555299853819974032e+03 1.730970426151781094e+00
1.555470148340265268e+03 1.722104395513447406e+00
1.555640442860556504e+03 1.713803419736502409e+00
1.555810737380847740e+03 1.706464503464915072e+00
1.555981031901139204e+03 1.700015358666926213e+00
1.556151326421430440e+03 1.694328935064478792e+00
1.556321620941721676e+03 1.688909669472556718e+00
1.556491915462012912e+03 1.683451221182444835e+00
1.556662209982304148e+03 1.677741148999303489e+00
1.556832504502595611e+03 1.671662874023221779e+00
1.557002799022886848e+03 1.665636168196980460e+00
1.557173093543178084e+03 1.660426394378458514e+00
1.557343388063469320e+03 1.657075806465131862e+00
1.557513682583760556e+03 1.655681937819409200e+00
1.557683977104051792e+03 1.655158487730990391e+00
1.557854271624343255e+03 1.654172960419470817e+00
1.558024566144634491e+03 1.647267235346526304e+00
1.558194860664925727e+03 1.636173760849149783e+00
1.558365155185216963e+03 1.627392875275861961e+00
1.558535449705508199e+03 1.619944414364926200e+00
1.558705744225799663e+03 1.613422577354177267e+00
1.558876038746090899e+03 1.607947046502551380e+00
1.559046333266382135e+03 1.602707230330842725e+00
1.559216627786673371e+03 1.597574253790529086e+00
1.559386922306964607e+03 1.592583023132659203e+00
1.559557216827256070e+03 1.587701062678646968e+00
1.559727511347547306e+03 1.582946238383584614e+00
1.559897805867838542e+03 1.578499761435750770e+00
1.560068100388129778e+03 1.575217542215799238e+00
1.560238394908421014e+03 1.573684147932317590e+00
1.560408689428712478e+03 1.572918609453173300e+00
1.560578983949003714e+03 1.570579572158496529e+00
1.560749278469294950e+03 1.564080278715206607e+00
1.560919572989586186e+03 1.556122013610692800e+00
1.561089867509877422e+03 1.550064977594499016e+00
1.561260162030168658e+03 1.545153719532251779e+00
1.561430456550460121e+03 1.540742697704891029e+00
1.561600751070751357e+03 1.536809472687473033e+00
1.561771045591042594e+03 1.533118436425900288e+00
1.561941340111333830e+03 1.529347967812489717e+00
1.562111634631625066e+03 1.525318143611378519e+00
1.562281929151916529e+03 1.521172798642816293e+00
1.562452223672207765e+03 1.517951575879576964e+00
1.562622518192499001e+03 1.517713142715120700e+00
1.562792812712790237e+03 1.519599873398846723e+00
1.562963107233081473e+03 1.520031123075933799e+00
1.563133401753372937e+03 1.516857100030803318e+00
1.563303696273664173e+03 1.508035700794797540e+00
1.563473990793955409e+03 1.498984372492578210e+00
1.563644285314246645e+03 1.494332269403256142e+00
1.563814579834537881e+03 1.490873048939090229e+00
1.563984874354829117e+03 1.487010258075876390e+00
1.564155168875120580e+03 1.483326261333371310e+00
1.564325463395411816e+03 1.480003205655624043e+00
1.564495757915703052e+03 1.476906716944546671e+00
1.564666052435994288e+03 1.473865988637864444e+00
1.564836346956285524e+03 1.470874439186420801e+00
1.565006641476576988e+03 1.467919214078155621e+00
1.565176935996868224e+03 1.464778451223206046e+00
1.565347230517159460e+03 1.461469221410614416e+00
1.565517525037450696e+03 1.458283481360069134e+00
1.565687819557741932e+03 1.455282679959928327e+00
1.565858114078033395e+03 1.452404919941306272e+00
1.566028408598324631e+03 1.449668926372381872e+00
1.566198703118615867e+03 1.447185710550328963e+00
1.566368997638907103e+03 1.445278446462100685e+00
1.566539292159198340e+03 1.444401040709423656e+00
1.566709586679489803e+03 1.444778630894433480e+00
1.566879881199781039e+03 1.444661590037010335e+00
1.567050175720072275e+03 1.441341437746193499e+00
1.567220470240363511e+03 1.436463668980982433e+00
1.567390764760654747e+03 1.431964984975257149e+00
1.567561059280945983e+03 1.428126363391168052e+00
1.567731353801237447e+03 1.425157465645020327e+00
1.567901648321528683e+03 1.422623234464082564e+00
1.568071942841819919e+03 1.420151262165641581e+00
1.568242237362111155e+03 1.417704878894308962e+00
1.568412531882402391e+03 1.415371195107483882e+00
1.568582826402693854e+03 1.413966614195405702e+00
1.568753120922985090e+03 1.414567379621568310e+00
1.568923415443276326e+03 1.417554976274215228e+00
1.569093709963567562e+03 1.421210431063968604e+00
1.569264004483858798e+03 1.419723746849224977e+00
1.569434299004150262e+03 1.412846976704931201e+00
1.569604593524441498e+03 1.406263336169319533e+00
1.569774888044732734e+03 1.400946792718516409e+00
1.569945182565023970e+03 1.397188761199885443e+00
1.570115477085315206e+03 1.394579620267218267e+00
1.570285771605606669e+03 1.392236746316761753e+00
1.570456066125897905e+03 1.390115296174442738e+00
1.570626360646189141e+03 1.388242734774213005e+00
1.570796655166480377e+03 1.386368190306958237e+00
1.570966949686771613e+03 1.384305538719191819e+00
1.571137244207062849e+03 1.382202510972339038e+00
1.571307538727354313e+03 1.380176062628144518e+00
1.571477833247645549e+03 1.378318343656596223e+00
1.571648127767936785e+03 1.376661108441030068e+00
1.571818422288228021e+03 1.375049656810040322e+00
1.571988716808519257e+03 1.373364228695145961e+00
1.572159011328810720e+03 1.371587012355007351e+00
1.572329305849101956e+03 1.369751598680304383e+00
1.572499600369393193e+03 1.368042160380938954e+00
1.572669894889684429e+03 1.366578553650523942e+00
1.572840189409975665e+03 1.365184827443497229e+00
1.573010483930267128e+03 1.363685458986845234e+00
1.573180778450558364e+03 1.362107406967388412e+00
1.573351072970849600e+03 1.360529361399711146e+00
1.573521367491140836e+03 1.359010779734951768e+00
1.573691662011432072e+03 1.358065705427767833e+00
1.573861956531723536e+03 1.358578252089517102e+00
1.574032251052014772e+03 1.359401543008287305e+00
1.574202545572306008e+03 1.357969153277352348e+00
1.574372840092597244e+03 1.355113898933985261e+00
1.574543134612888480e+03 1.352072236251634196e+00
1.574713429133179716e+03 1.349417915997326523e+00
1.574883723653471179e+03 1.347357629283955971e+00
1.575054018173762415e+03 1.345648487672419513e+00
1.575224312694053651e+03 1.344095342385825287e+00
1.575394607214344887e+03 1.342804042313392898e+00
1.575564901734636123e+03 1.343171432038881452e+00
1.575735196254927587e+03 1.345763790048014164e+00
1.575905490775218823e+03 1.348121400643322643e+00
1.576075785295510059e+03 1.348086871389194030e+00
1.576246079815801295e+03 1.344084440258460411e+00
1.576416374336092531e+03 1.338731464452896702e+00
1.576586668856383994e+03 1.335099003037198973e+00
1.576756963376675230e+03 1.332706964086179502e+00
1.576927257896966466e+03 1.331113096702080334e+00
1.577097552417257702e+03 1.330008110151874590e+00
1.577267846937548939e+03 1.328962864311035164e+00
1.577438141457840175e+03 1.327795391264112723e+00
1.577608435978131638e+03 1.326480747722109665e+00
1.577778730498422874e+03 1.325149667992028935e+00
1.577949025018714110e+03 1.323878136520751037e+00
1.578119319539005346e+03 1.322566898989099293e+00
1.578289614059296582e+03 1.321241298392072716e+00
1.578459908579588046e+03 1.319975058160191450e+00
1.578630203099879282e+03 1.318809397941746120e+00
1.578800497620170518e+03 1.317738515924220088e+00
1.578970792140461754e+03 1.316640706503931835e+00
1.579141086660752990e+03 1.315371617625785472e+00
1.579311381181044453e+03 1.314020225989132040e+00
1.579481675701335689e+03 1.312828765819411325e+00
1.579651970221626925e+03 1.311903715931793890e+00
1.579822264741918161e+03 1.311148291702603830e+00
1.579992559262209397e+03 1.310466708410911618e+00
1.580162853782500861e+03 1.309751776056320649e+00
1.580333148302792097e+03 1.308933539462276974e+00
1.580503442823083333e+03 1.308016337776720217e+00
1.580673737343374569e+03 1.306946423102103072e+00
1.580844031863665805e+03 1.305862328653700777e+00
1.581014326383957041e+03 1.304798738544963976e+00
1.581184620904248504e+03 1.303634631863090476e+00
1.581354915424539740e+03 1.302549395722339298e+00
1.581525209944830976e+03 1.301940075861113488e+00
1.581695504465122212e+03 1.302000466718873151e+00
1.581865798985413448e+03 1.302502786540678859e+00
1.582036093505704912e+03 1.302379229617296019e+00
1.582206388025996148e+03 1.300529115487411458e+00
1.582376682546287384e+03 1.298143790263150521e+00
1.582546977066578620e+03 1.296265520767541535e+00
1.582717271586869856e+03 1.294798065734469983e+00
1.582887566107161319e+03 1.293605389672264794e+00
1.583057860627452555e+03 1.292669714618814192e+00
1.583228155147743792e+03 1.292059175507175084e+00
1.583398449668035028e+03 1.292041933428326850e+00
1.583568744188326264e+03 1.292806340223817241e+00
1.583739038708617727e+03 1.294177497320839088e+00
1.583909333228908963e+03 1.294689640180186174e+00
1.584079627749200199e+03 1.292796530326977500e+00
1.584249922269491435e+03 1.290384103316327469e+00
1.584420216789782671e+03 1.288422765521741287e+00
1.584590511310073907e+03 1.286798033820793830e+00
1.584760805830365371e+03 1.285679323854848732e+00
1.584931100350656607e+03 1.284912030384149251e+00
1.585101394870947843e+03 1.284306497872407249e+00
1.585271689391239079e+03 1.283773968420175660e+00
1.585441983911530315e+03 1.283243901522508779e+00
1.585612278431821778e+03 1.282683790138475777e+00
1.585782572952113014e+03 1.282071837577980933e+00
1.585952867472404250e+03 1.281498262975142355e+00
1.586123161992695486e+03 1.281077159196496895e+00
1.586293456512986722e+03 1.280686844378994049e+00
1.586463751033278186e+03 1.280206368775221870e+00
1.586634045553569422e+03 1.279661048287455305e+00
1.586804340073860658e+03 1.279091174356072225e+00
1.586974634594151894e+03 1.278483760869457475e+00
1.587144929114443130e+03 1.277857200250273273e+00
1.587315223634734366e+03 1.277324676423456928e+00
1.587485518155025829e+03 1.276931950487935286e+00
1.587655812675317065e+03 1.276561234011337476e+00
1.587826107195608301e+03 1.276068428515248820e+00
1.587996401715899538e+03 1.275391601496490335e+00
1.588166696236190774e+03 1.274568295210596336e+00
1.588336990756482237e+03 1.273859228802946220e+00
1.588507285276773473e+03 1.273520941819184848e+00
1.588677579797064709e+03 1.273375896617872094e+00
1.588847874317355945e+03 1.272999188012404304e+00
1.589018168837647181e+03 1.272345744838243808e+00
1.589188463357938645e+03 1.271806060594444343e+00
1.589358757878229881e+03 1.271542021892559937e+00
1.589529052398521117e+03 1.271441300872993008e+00
1.589699346918812353e+03 1.271358250091837672e+00
1.589869641439103589e+03 1.270987062569970405e+00
1.590039935959395052e+03 1.270382263832257941e+00
1.590210230479686288e+03 1.270058027457234839e+00
1.590380524999977524e+03 1.269721835151211620e+00
1.590550819520268760e+03 1.269442728376771967e+00
1.590721114040559996e+03 1.269125200572850831e+00
1.590891408560851232e+03 1.268452783748306167e+00
1.591061703081142696e+03 1.268032798660595706e+00
1.591231997601433932e+03 1.268580662586655361e+00
1.591402292121725168e+03 1.269372100640985934e+00
1.591572586642016404e+03 1.269183135509942773e+00
1.591742881162307640e+03 1.268053443557875415e+00
1.591913175682599103e+03 1.266554393972207038e+00
1.592083470202890339e+03 1.265966948041089335e+00
1.592253764723181575e+03 1.266543204848914694e+00
1.592424059243472811e+03 1.267156911477455239e+00
1.592594353763764047e+03 1.266878356421595520e+00
1.592764648284055511e+03 1.266361150516219336e+00
1.592934942804346747e+03 1.267050563645479633e+00
1.593105237324637983e+03 1.268061541534723391e+00
1.593275531844929219e+03 1.268014710370107156e+00
1.593445826365220455e+03 1.267792433388946094e+00
1.593616120885511918e+03 1.267219051084663928e+00
1.593786415405803154e+03 1.266097565720528451e+00
1.593956709926094391e+03 1.264718205768383896e+00
1.594127004446385627e+03 1.263296304364021072e+00
1.594297298966676863e+03 1.262587383715136458e+00
1.594467593486968099e+03 1.262123102184643075e+00
1.594637888007259562e+03 1.261427043037161910e+00
1.594808182527550798e+03 1.260918999078369129e+00
1.594978477047842034e+03 1.260665341338769174e+00
1.595148771568133270e+03 1.260823591272826949e+00
1.595319066088424506e+03 1.261626154529525312e+00
1.595489360608715970e+03 1.262771825683089322e+00
1.595659655129007206e+03 1.263579292840601775e+00
1.595829949649298442e+03 1.263361782344301742e+00
1.596000244169589678e+03 1.262631013029020810e+00
1.596170538689880914e+03 1.262145615152912015e+00
1.596340833210172377e+03 1.262101035509733293e+00
1.596511127730463613e+03 1.262116714012230911e+00
1.596681422250754849e+03 1.261843824765896738e+00
1.596851716771046085e+03 1.262559570135373344e+00
1.597022011291337321e+03 1.267471769264030712e+00
1.597192305811628557e+03 1.274345325194230716e+00
1.597362600331920021e+03 1.276778037921381337e+00
1.597532894852211257e+03 1.274411279428276034e+00
1.597703189372502493e+03 1.267072671687321517e+00
1.597873483892793729e+03 1.261536015806008493e+00
1.598043778413084965e+03 1.260140017137096446e+00
1.598214072933376428e+03 1.259972975326705935e+00
1.598384367453667664e+03 1.260032290954933742e+00
1.598554661973958900e+03 1.260258783385344472e+00
1.598724956494250137e+03 1.260542162709239022e+00
1.598895251014541373e+03 1.260704379142656428e+00
1.599065545534832836e+03 1.260738943986851268e+00
1.599235840055124072e+03 1.260783148201559012e+00
1.599406134575415308e+03 1.260885758859878525e+00
1.599576429095706544e+03 1.260918834548153455e+00
1.599746723615997780e+03 1.260800893105961551e+00
1.599917018136289244e+03 1.260806506695509199e+00
1.600087312656580480e+03 1.261340123143578129e+00
1.600257607176871716e+03 1.264645563031479014e+00
1.600427901697162952e+03 1.269902709452253475e+00
1.600598196217454188e+03 1.264569086551404764e+00
1.600768490737745424e+03 1.251601532155281804e+00
1.600938785258036887e+03 1.252028652943312004e+00
1.601109079778328123e+03 1.259810452658206126e+00
1.601279374298619359e+03 1.262941520805844320e+00
1.601449668818910595e+03 1.262634386432339273e+00
1.601619963339201831e+03 1.262013127868040652e+00
1.601790257859493295e+03 1.262327672237764542e+00
1.601960552379784531e+03 1.263905549495043079e+00
1.602130846900075767e+03 1.265532398755196741e+00
1.602301141420367003e+03 1.264706545494341139e+00
1.602471435940658239e+03 1.262992590829229655e+00
1.602641730460949702e+03 1.261931907670103437e+00
1.602812024981240938e+03 1.261049047641872090e+00
1.602982319501532174e+03 1.260694469602947176e+00
1.603152614021823410e+03 1.261089418340072266e+00
1.603322908542114646e+03 1.261868047829061812e+00
1.603493203062406110e+03 1.262479740506323056e+00
1.603663497582697346e+03 1.262331775839728554e+00
1.603833792102988582e+03 1.261671995034295168e+00
1.604004086623279818e+03 1.260825694758386240e+00
1.604174381143571054e+03 1.260013454230708430e+00
1.604344675663862290e+03 1.259600232800210495e+00
1.604514970184153754e+03 1.259408245708613983e+00
1.604685264704444990e+03 1.259225962284324041e+00
1.604855559224736226e+03 1.259050235065348522e+00
1.605025853745027462e+03 1.258937616596752740e+00
1.605196148265318698e+03 1.258958313187483080e+00
1.605366442785610161e+03 1.259066305494733307e+00
1.605536737305901397e+03 1.259037002117034287e+00
1.605707031826192633e+03 1.258786552176738960e+00
1.605877326346483869e+03 1.258550401089606696e+00
1.606047620866775105e+03 1.258357660013255330e+00
1.606217915387066569e+03 1.258220945339890040e+00
1.606388209907357805e+03 1.258234773871829582e+00
1.606558504427649041e+03 1.258338608786760959e+00
1.606728798947940277e+03 1.258391174445048222e+00
1.606899093468231513e+03 1.258383459125282933e+00
1.607069387988522976e+03 1.258363428479188251e+00
1.607239682508814212e+03 1.258240492489377083e+00
1.607409977029105448e+03 1.257941677963384075e+00
1.607580271549396684e+03 1.257592049070132889e+00
1.607750566069687920e+03 1.257363568808376630e+00
1.607920860589979156e+03 1.257322807542288867e+00
1.608091155110270620e+03 1.257422590282831765e+00
1.608261449630561856e+03 1.257588874792057165e+00
1.608431744150853092e+03 1.257723745565899609e+00
1.608602038671144328e+03 1.257774619610098288e+00
1.608772333191435564e+03 1.258006546730674691e+00
1.608942627711727027e+03 1.258536632093254504e+00
1.609112922232018263e+03 1.258966601675057362e+00
1.609283216752309499e+03 1.258851312137891920e+00
1.609453511272600736e+03 1.258068282503163271e+00
1.609623805792891972e+03 1.257150003146637829e+00
1.609794100313183435e+03 1.256406290797950520e+00
1.609964394833474671e+03 1.255954888088179455e+00
1.610134689353765907e+03 1.255793408324981764e+00
1.610304983874057143e+03 1.255757672619081333e+00
1.610475278394348379e+03 1.255760822708638091e+00
1.610645572914639615e+03 1.255805619560751651e+00
1.610815867434931079e+03 1.255896057143552014e+00
1.610986161955222315e+03 1.255935685417705727e+00
1.611156456475513551e+03 1.255915202401539199e+00
1.611326750995804787e+03 1.255967490328409486e+00
1.611497045516096023e+03 1.256214365194990190e+00
1.611667340036387486e+03 1.257074590696255267e+00
1.611837634556678722e+03 1.258663097737101610e+00
1.612007929076969958e+03 1.260247922210409932e+00
1.612178223597261194e+03 1.261348432392280561e+00
1.612348518117552430e+03 1.260928303017077479e+00
1.612518812637843894e+03 1.258636624716171326e+00
1.612689107158135130e+03 1.256673469933983878e+00
1.612859401678426366e+03 1.255797637524520116e+00
1.613029696198717602e+03 1.255600980005957545e+00
1.613199990719008838e+03 1.255557941098642605e+00
1.613370285239300301e+03 1.255363337596165252e+00
1.613540579759591537e+03 1.255165778116667408e+00
1.613710874279882773e+03 1.255046558338023033e+00
1.613881168800174009e+03 1.254860777658103110e+00
1.614051463320465245e+03 1.254603633604047142e+00
1.614221757840756482e+03 1.254467891111585853e+00
1.614392052361047945e+03 1.254509390625227150e+00
1.614562346881339181e+03 1.254642490188908610e+00
1.614732641401630417e+03 1.254939807340978319e+00
1.614902935921921653e+03 1.255383881989628581e+00
1.615073230442212889e+03 1.255801609104509442e+00
1.615243524962504353e+03 1.256299988243529064e+00
1.615413819482795589e+03 1.256683394026074652e+00
1.615584114003086825e+03 1.256697646664206136e+00
1.615754408523378061e+03 1.256213380470396768e+00
1.615924703043669297e+03 1.255331594531017281e+00
1.616094997563960760e+03 1.254709532241466308e+00
1.616265292084251996e+03 1.254471361842443011e+00
1.616435586604543232e+03 1.254308266097427182e+00
1.616605881124834468e+03 1.254008870828634548e+00
1.616776175645125704e+03 1.253714343152412702e+00
1.616946470165417168e+03 1.253870216384611380e+00
1.617116764685708404e+03 1.254496409343744068e+00
1.617287059205999640e+03 1.254993076350779280e+00
1.617457353726290876e+03 1.255045695771992431e+00
1.617627648246582112e+03 1.255212449965989574e+00
1.617797942766873348e+03 1.256090900213258976e+00
1.617968237287164811e+03 1.256957665799088186e+00
1.618138531807456047e+03 1.256223078746606436e+00
1.618308826327747283e+03 1.254614765190626091e+00
1.618479120848038519e+03 1.253398175913517765e+00
1.618649415368329755e+03 1.252538400610409441e+00
1.618819709888621219e+03 1.252282751981499409e+00
1.618990004408912455e+03 1.252475766228004606e+00
1.619160298929203691e+03 1.252576635619275569e+00
1.619330593449494927e+03 1.252706883088617662e+00
1.619500887969786163e+03 1.252668924426402430e+00
1.619671182490077626e+03 1.252578223500268262e+00
1.619841477010368862e+03 1.252961129934741180e+00
1.620011771530660099e+03 1.253135501835153098e+00
1.620182066050951335e+03 1.252777830252757019e+00
1.620352360571242571e+03 1.252441203105371104e+00
1.620522655091533807e+03 1.252370383464667558e+00
1.620692949611825270e+03 1.252433810690929183e+00
1.620863244132116506e+03 1.252392069284092635e+00
1.621033538652407742e+03 1.252179923091911062e+00
1.621203833172698978e+03 1.251961985207484140e+00
1.621374127692990214e+03 1.251835203802299290e+00
1.621544422213281678e+03 1.252213516669408389e+00
1.621714716733572914e+03 1.253335882476383389e+00
1.621885011253864150e+03 1.254050462187117798e+00
1.622055305774155386e+03 1.251414106083691857e+00
1.622225600294361584e+03 1.247718895879700085e+00
1.622395894814652820e+03 1.249147636162959429e+00
1.622566189334944056e+03 1.252302590676034777e+00
1.622736483855235292e+03 1.252791118444128493e+00
1.622906778375526756e+03 1.252312751110115974e+00
1.623077072895817992e+03 1.252285384266004220e+00
1.623247367416109228e+03 1.252023954562324626e+00
1.623417661936400464e+03 1.251225289350760495e+00
1.623587956456691700e+03 1.250922026114007046e+00
1.623758250976982936e+03 1.251461547958391485e+00
1.623928545497274399e+03 1.252609302280094816e+00
1.624098840017565635e+03 1.253805697440364630e+00
1.624269134537856871e+03 1.255179930925903520e+00
1.624439429058148107e+03 1.255308855802650836e+00
1.624609723578439343e+03 1.254371922252884630e+00
1.624780018098730807e+03 1.253690401382453468e+00
1.624950312619022043e+03 1.252335691384886207e+00
1.625120607139313279e+03 1.251399423197318450e+00
1.625290901659604515e+03 1.251263236742055529e+00
1.625461196179895751e+03 1.251476803258064319e+00
1.625631490700187214e+03 1.255322196148120462e+00
1.625801785220478450e+03 1.265910679079395695e+00
1.625972079740769686e+03 1.280734712448252655e+00
1.626142374261060922e+03 1.293901999925936686e+00
1.626312668781352158e+03 1.299657541074640932e+00
1.626482963301643395e+03 1.289269600329387977e+00
1.626653257821934858e+03 1.269237925436562442e+00
1.626823552342226094e+03 1.256367467091539680e+00
1.626993846862517330e+03 1.253158830457543615e+00
1.627164141382808566e+03 1.252986472333524226e+00
1.627334435903099802e+03 1.252897341549755961e+00
1.627504730423391266e+03 1.253050278501681492e+00
1.627675024943682502e+03 1.253188161182039018e+00
1.627845319463973738e+03 1.253419038667904939e+00
1.628015613984264974e+03 1.253956956087615593e+00
1.628185908504556210e+03 1.253941116530301159e+00
1.628356203024847673e+03 1.253692260203194131e+00
1.628526497545138909e+03 1.254040067016755966e+00
1.628696792065430145e+03 1.254490094454100868e+00
1.628867086585721381e+03 1.254632111964893104e+00
1.629037381106012617e+03 1.254947913135931348e+00
1.629207675626304081e+03 1.255623958333238699e+00
1.629377970146595317e+03 1.256254493070799949e+00
1.629548264666886553e+03 1.256438880116324874e+00
1.629718559187177789e+03 1.256475723415211299e+00
1.629888853707469025e+03 1.256398730992569712e+00
1.630059148227760261e+03 1.256106795354027916e+00
1.630229442748051724e+03 1.255906994553946943e+00
1.630399737268342960e+03 1.255790029161823584e+00
1.630570031788634196e+03 1.255744990193998323e+00
1.630740326308925432e+03 1.255763234427819786e+00
1.630910620829216668e+03 1.255795672021601916e+00
1.631080915349508132e+03 1.256015502987337662e+00
1.631251209869799368e+03 1.256628957927860668e+00
1.631421504390090604e+03 1.257277221462340000e+00
1.631591798910381840e+03 1.257608360925415836e+00
1.631762093430673076e+03 1.257879343125057003e+00
1.631932387950964539e+03 1.258075536306561215e+00
1.632102682471255775e+03 1.257512349949576613e+00
1.632272976991547011e+03 1.256725239908347724e+00
1.632443271511838248e+03 1.256364027607540956e+00
1.632613566032129484e+03 1.256207849079267636e+00
1.632783860552420947e+03 1.256076109896206550e+00
1.632954155072712183e+03 1.256030331690240587e+00
1.633124449593003419e+03 1.256185916468869124e+00
1.633294744113294655e+03 1.256492787829985858e+00
1.633465038633585891e+03 1.256749531009376586e+00
1.633635333153877127e+03 1.256858384480058044e+00
1.633805627674168591e+03 1.256857547396159847e+00
1.633975922194459827e+03 1.256942488687568638e+00
1.634146216714751063e+03 1.257091640995847470e+00
1.634316511235042299e+03 1.257113921193964590e+00
1.634486805755333535e+03 1.256972532756884142e+00
1.634657100275624998e+03 1.256775186737840944e+00
1.634827394795916234e+03 1.256620764337392115e+00
1.634997689316207470e+03 1.256438727954825474e+00
1.635167983836498706e+03 1.256240547967228061e+00
1.635338278356789942e+03 1.256183072208899132e+00
1.635508572877081406e+03 1.256182044215269134e+00
1.635678867397372642e+03 1.255992747555086497e+00
1.635849161917663878e+03 1.255670198220463218e+00
1.636019456437955114e+03 1.255375526893962590e+00
1.636189750958246350e+03 1.255083398162720743e+00
1.636360045478537586e+03 1.254705050030643587e+00
1.636530339998829049e+03 1.254251273897104113e+00
1.636700634519120285e+03 1.253710150501131881e+00
1.636870929039411521e+03 1.253121704904472722e+00
1.637041223559702757e+03 1.252674520240249834e+00
1.637211518079993994e+03 1.252402538305489976e+00
1.637381812600285457e+03 1.252288697849722743e+00
1.637552107120576693e+03 1.252252566479309603e+00
1.637722401640867929e+03 1.252093892569654088e+00
1.637892696161159165e+03 1.251713351915560768e+00
1.638062990681450401e+03 1.251283126569523230e+00
1.638233285201741865e+03 1.251376738920500831e+00
1.638403579722033101e+03 1.253656806703403737e+00
1.638573874242324337e+03 1.260964433752393976e+00
1.638744168762615573e+03 1.271580164899553278e+00
1.638914463282906809e+03 1.277930776900856102e+00
1.639084757803198272e+03 1.279059690940420824e+00
1.639255052323489508e+03 1.277315870794265562e+00
1.639425346843780744e+03 1.270155488680434264e+00
1.639595641364071980e+03 1.257499542985737406e+00
1.639765935884363216e+03 1.247482466127050937e+00
1.639936230404654452e+03 1.243419124334395054e+00
1.640106524924945916e+03 1.241713974241979823e+00
1.640276819445237152e+03 1.240216371769451875e+00
1.640447113965528388e+03 1.238840080731673288e+00
1.640617408485819624e+03 1.237628809641407202e+00
1.640787703006110860e+03 1.236518071792098716e+00
1.640957997526402323e+03 1.235430763995037706e+00
1.641128292046693559e+03 1.234411176036635416e+00
1.641298586566984795e+03 1.233418486098000422e+00
1.641468881087276031e+03 1.232635724380893194e+00
1.641639175607567267e+03 1.232640944899837443e+00
1.641809470127858731e+03 1.232863107682554027e+00
1.641979764648149967e+03 1.233217947869955422e+00
1.642150059168441203e+03 1.234005976007334082e+00
1.642320353688732439e+03 1.232555286763871383e+00
1.642490648209023675e+03 1.230126404483199209e+00
1.642660942729315138e+03 1.228242476585514886e+00
1.642831237249606374e+03 1.225267350425408797e+00
1.643001531769897611e+03 1.222967309448892648e+00
1.643171826290188847e+03 1.222287114996732926e+00
1.643342120810480083e+03 1.221332807561479106e+00
1.643512415330771319e+03 1.220049388092791176e+00
1.643682709851062782e+03 1.219484633910432603e+00
1.643853004371354018e+03 1.218545894790783457e+00
1.644023298891645254e+03 1.216770451846894030e+00
1.644193593411936490e+03 1.215451532382345157e+00
1.644363887932227726e+03 1.214735444124851682e+00
1.644534182452519190e+03 1.213693260978429889e+00
1.644704476972810426e+03 1.212085572890428287e+00
1.644874771493101662e+03 1.210893849617727280e+00
1.645045066013392898e+03 1.210824539049848436e+00
1.645215360533684134e+03 1.211278156973719433e+00
1.645385655053975597e+03 1.211381863396915115e+00
1.645555949574266833e+03 1.210659999794895469e+00
1.645726244094558069e+03 1.209120266366482177e+00
1.645896538614849305e+03 1.207713878031917876e+00
1.646066833135140541e+03 1.206809116922223257e+00
1.646237127655431777e+03 1.206182051547376233e+00
1.646407422175723241e+03 1.205741548009239494e+00
1.646577716696014477e+03 1.205324896403658697e+00
1.646748011216305713e+03 1.204784772310455443e+00
1.646918305736596949e+03 1.204199393682203301e+00
1.647088600256888185e+03 1.203693143263971255e+00
1.647258894777179648e+03 1.203270513394421926e+00
1.647429189297470884e+03 1.202990263913620739e+00
1.647599483817762120e+03 1.202694416660688770e+00
1.647769778338053356e+03 1.202222789648144552e+00
1.647940072858344593e+03 1.201752259397637079e+00
1.648110367378636056e+03 1.201359172388338337e+00
1.648280661898927292e+03 1.201268445060879042e+00
1.648450956419218528e+03 1.202062537579915880e+00
1.648621250939509764e+03 1.202834170752493215e+00
1.648791545459801000e+03 1.202162791569077349e+00
1.648961839980092464e+03 1.201299013622973089e+00
1.649132134500383700e+03 1.201137071970347581e+00
1.649302429020674936e+03 1.200857146419191501e+00
1.649472723540966172e+03 1.200672861437712235e+00
1.649643018061257408e+03 1.201606883714391838e+00
1.649813312581548644e+03 1.202858251784073129e+00
1.649983607101840107e+03 1.202990349475573817e+00
1.650153901622131343e+03 1.204926772074736530e+00
1.650324196142422579e+03 1.209934088519460049e+00
1.650494490662713815e+03 1.210768409839754201e+00
1.650664785183005051e+03 1.206205195632089389e+00
1.650835079703296515e+03 1.202875713193937379e+00
1.651005374223587751e+03 1.200657249289419859e+00
1.651175668743878987e+03 1.198741845336255718e+00
1.651345963264170223e+03 1.197820914264520864e+00
1.651516257784461459e+03 1.197439238486131874e+00
1.651686552304752922e+03 1.197483953137153945e+00
1.651856846825044158e+03 1.198521057077070351e+00
1.652027141345335394e+03 1.200310343486303166e+00
1.652197435865626630e+03 1.202506882703233693e+00
1.652367730385917866e+03 1.204199759936273040e+00
1.652538024906209330e+03 1.203006672867551696e+00
1.652708319426500566e+03 1.201058766099845521e+00
1.652878613946791802e+03 1.199725738697112298e+00
1.653048908467083038e+03 1.198445335602679629e+00
1.653219202987374274e+03 1.197701664141451072e+00
1.653389497507665510e+03 1.197392691739943782e+00
1.653559792027956973e+03 1.197128205955257929e+00
1.653730086548248210e+03 1.196886549372113029e+00
1.653900381068539446e+03 1.196673798339093375e+00
1.654070675588830682e+03 1.196472467669682516e+00
1.654240970109121918e+03 1.196299035851413173e+00
1.654411264629413381e+03 1.196327900675714595e+00
1.654581559149704617e+03 1.196662985593721196e+00
1.654751853669995853e+03 1.196991498012063726e+00
1.654922148190287089e+03 1.197213290517729067e+00
1.655092442710578325e+03 1.197604042835396898e+00
1.655262737230869789e+03 1.197637692239826412e+00
1.655433031751161025e+03 1.196997714366954124e+00
1.655603326271452261e+03 1.196509737676023422e+00
1.655773620791743497e+03 1.196239811543581277e+00
1.655943915312034733e+03 1.196074047374503957e+00
1.656114209832326196e+03 1.196309622921048366e+00
1.656284504352617432e+03 1.197039522915782639e+00
1.656454798872908668e+03 1.198225058323239001e+00
1.656625093393199904e+03 1.199784228905852457e+00
1.656795387913491140e+03 1.200256220775860694e+00
1.656965682433782376e+03 1.199086534223782419e+00
1.657135976954073840e+03 1.197588718275462538e+00
1.657306271474365076e+03 1.196107383955315795e+00
1.657476565994656312e+03 1.195075253936043191e+00
1.657646860514947548e+03 1.194617304226130106e+00
1.657817155035238784e+03 1.194381277480243142e+00
1.657987449555530247e+03 1.194276986080899050e+00
1.658157744075821483e+03 1.194326054284102323e+00
1.658328038596112719e+03 1.194544588468503754e+00
1.658498333116403956e+03 1.194859686846769575e+00
1.658668627636695192e+03 1.195009426470100999e+00
1.658838922156986655e+03 1.195024932991747058e+00
1.659009216677277891e+03 1.196055092234173944e+00
1.659179511197569127e+03 1.198268877259172527e+00
1.659349805717860363e+03 1.200198115509712782e+00
1.659520100238151599e+03 1.202613216778382066e+00
1.659690394758442835e+03 1.203352744806340802e+00
1.659860689278734299e+03 1.199979880389508757e+00
1.660030983799025535e+03 1.196468196672699325e+00
1.660201278319316771e+03 1.194974210695810335e+00
1.660371572839608007e+03 1.194059418855089483e+00
1.660541867359899243e+03 1.193435852225327887e+00
1.660712161880190706e+03 1.193118036512358593e+00
1.660882456400481942e+03 1.192872093749433482e+00
1.661052750920773178e+03 1.192596863426899301e+00
1.661223045441064414e+03 1.192213902012838611e+00
1.661393339961355650e+03 1.191697725784627737e+00
1.661563634481647114e+03 1.191215278115713483e+00
1.661733929001938350e+03 1.190917120541421070e+00
1.661904223522229586e+03 1.190767827474219498e+00
1.662074518042520822e+03 1.190952118608927801e+00
1.662244812562812058e+03 1.191780665909587977e+00
1.662415107083103521e+03 1.193488909882567173e+00
1.662585401603394757e+03 1.195987122323742824e+00
1.662755696123685993e+03 1.196619907460868770e+00
1.662925990643977229e+03 1.194459156800583788e+00
1.663096285164268465e+03 1.192215074232704897e+00
1.663266579684559701e+03 1.190229264099710083e+00
1.663436874204851165e+03 1.188666245324947912e+00
1.663607168725142401e+03 1.187793176231638714e+00
1.663777463245433637e+03 1.187127253902103163e+00
1.663947757765724873e+03 1.186430099651829329e+00
1.664118052286016109e+03 1.185733315039319447e+00
1.664288346806307572e+03 1.185195460446070381e+00
1.664458641326598809e+03 1.184920093111350603e+00
1.664628935846890045e+03 1.184745429130969585e+00
1.664799230367181281e+03 1.184759867165228187e+00
1.664969524887472517e+03 1.185210150701624165e+00
1.665139819407763980e+03 1.186564285187777124e+00
1.665310113928055216e+03 1.190317804222430942e+00
1.665480408448346452e+03 1.193700581887346734e+00
1.665650702968637688e+03 1.191589108735592761e+00
1.665820997488928924e+03 1.186683514912775461e+00
1.665991292009220388e+03 1.183144250988198865e+00
1.666161586529511624e+03 1.180463326161661497e+00
1.666331881049802860e+03 1.178920779018557852e+00
1.666502175570094096e+03 1.178148075494406477e+00
1.666672470090385332e+03 1.177273774812340523e+00
1.666842764610676568e+03 1.176281193452989537e+00
1.667013059130968031e+03 1.175409714163307084e+00
1.667183353651259267e+03 1.174597526731052444e+00
1.667353648171550503e+03 1.173819866989697758e+00
1.667523942691841739e+03 1.173081838818039735e+00
1.667694237212132975e+03 1.172291380658000648e+00
1.667864531732424439e+03 1.171448444671235212e+00
1.668034826252715675e+03 1.170533370725558964e+00
1.668205120773006911e+03 1.169533319727073639e+00
1.668375415293298147e+03 1.168644140837620249e+00
1.668545709813589383e+03 1.167981003196249645e+00
1.668716004333880846e+03 1.167447901966665702e+00
1.668886298854172082e+03 1.167001825760845879e+00
1.669056593374463318e+03 1.166647277745504585e+00
1.669226887894754555e+03 1.166498554924937814e+00
1.669397182415045791e+03 1.167414068414281747e+00
1.669567476935337027e+03 1.169667059318890923e+00
1.669737771455628490e+03 1.170924733630698267e+00
1.669908065975919726e+03 1.171391940950004651e+00
1.670078360496210962e+03 1.174023678335967436e+00
1.670248655016502198e+03 1.176775934895242237e+00
1.670418949536793434e+03 1.177076781781878800e+00
1.670589244057084898e+03 1.176208826612384462e+00
1.670759538577376134e+03 1.172380090291224697e+00
1.670929833097667370e+03 1.163677731830828233e+00
1.671100127617958606e+03 1.156281211037561096e+00
1.671270422138249842e+03 1.153825150166684299e+00
1.671440716658541305e+03 1.153002034435321788e+00
1.671611011178832541e+03 1.152760109913347986e+00
1.671781305699123777e+03 1.153650634088301929e+00
1.671951600219415013e+03 1.154428028957932728e+00
1.672121894739706249e+03 1.156689750125114990e+00
1.672292189259997713e+03 1.158395637603586437e+00
1.672462483780288949e+03 1.155383981759458001e+00
1.672632778300580185e+03 1.152640453081476002e+00
1.672803072820871421e+03 1.150834047166303664e+00
1.672973367341162657e+03 1.147275571957969031e+00
1.673143661861453893e+03 1.143962052414281505e+00
1.673313956381745356e+03 1.141864514258086993e+00
1.673484250902036592e+03 1.141101880823743198e+00
1.673654545422327828e+03 1.141786057512888641e+00
1.673824839942619064e+03 1.142638294941141552e+00
1.673995134462910300e+03 1.141456197549886697e+00
1.674165428983201764e+03 1.139546476314941659e+00
1.674335723503493000e+03 1.137389366757590059e+00
1.674506018023784236e+03 1.135053227548745713e+00
1.674676312544075472e+03 1.133427806947914673e+00
1.674846607064366708e+03 1.132554048962396198e+00
1.675016901584658171e+03 1.131776011787898994e+00
1.675187196104949408e+03 1.130447545801751774e+00
1.675357490625240644e+03 1.129096301840107675e+00
1.675527785145531880e+03 1.128841890623726307e+00
1.675698079665823116e+03 1.129829132559136529e+00
1.675868374186114579e+03 1.131470063776440327e+00
1.676038668706405815e+03 1.131129506616681768e+00
1.676208963226697051e+03 1.128023419626213775e+00
1.676379257746988287e+03 1.125047503232082580e+00
1.676549552267279523e+03 1.122450807314291588e+00
1.676719846787570759e+03 1.120143640138217656e+00
1.676890141307862223e+03 1.118739573797634446e+00
1.677060435828153459e+03 1.117945152926018260e+00
1.677230730348444695e+03 1.117579865721362031e+00
1.677401024868735931e+03 1.117918154227484084e+00
1.677571319389027167e+03 1.118078135146534091e+00
1.677741613909318630e+03 1.116555484833788192e+00
1.677911908429609866e+03 1.114715573179259955e+00
1.678082202949901102e+03 1.113473883896801464e+00
1.678252497470192338e+03 1.112338506466118648e+00
1.678422791990483574e+03 1.111315937111692520e+00
1.678593086510775038e+03 1.110549249124909821e+00
1.678763381031066274e+03 1.109352941932349568e+00
1.678933675551357510e+03 1.107722339035477788e+00
1.679103970071648746e+03 1.106356348715401339e+00
1.679274264591939982e+03 1.105381566109609803e+00
1.679444559112231218e+03 1.105185958539346869e+00
1.679614853632522681e+03 1.106519069928834753e+00
1.679785148152813917e+03 1.112926962032446454e+00
1.679955442673105154e+03 1.130336638307246844e+00
1.680125737193396390e+03 1.147320754648270880e+00
1.680296031713687626e+03 1.144468059801942328e+00
1.680466326233979089e+03 1.127063766702919079e+00
1.680636620754270325e+03 1.108940341972827648e+00
1.680806915274561561e+03 1.099157850362189714e+00
1.680977209794852797e+03 1.096695401574005579e+00
1.681147504315144033e+03 1.095937648615519011e+00
1.681317798835435497e+03 1.095283943938942794e+00
1.681488093355726733e+03 1.094690321985329895e+00
1.681658387876017969e+03 1.094010214502746603e+00
1.681828682396309205e+03 1.093261423907466945e+00
1.681998976916600441e+03 1.092555357084650236e+00
1.682169271436891904e+03 1.091971333458038762e+00
1.682339565957183140e+03 1.091328960516953162e+00
1.682509860477474376e+03 1.090531961464224819e+00
1.682680154997765612e+03 1.089706829363776386e+00
1.682850449518056848e+03 1.088982607551541415e+00
1.683020744038348084e+03 1.088487429307709364e+00
1.683191038558639548e+03 1.088129391994433925e+00
1.683361333078930784e+03 1.087635314737993575e+00
1.683531627599222020e+03 1.087031579149929428e+00
1.683701922119513256e+03 1.086458174419908440e+00
1.683872216639804492e+03 1.086033525846564984e+00
1.684042511160095955e+03 1.085687494025906918e+00
1.684212805680387191e+03 1.085492722594034287e+00
1.684383100200678427e+03 1.085886895255631091e+00
1.684553394720969663e+03 1.086380975223073975e+00
1.684723689241260900e+03 1.086367685182738629e+00
1.684893983761552363e+03 1.088881409882629825e+00
1.685064278281843599e+03 1.094439592851903065e+00
1.685234572802134835e+03 1.095530339192667402e+00
1.685404867322426071e+03 1.092037392240377214e+00
1.685575161842717307e+03 1.090082016895567607e+00
1.685745456363008770e+03 1.087546030758019810e+00
1.685915750883300007e+03 1.084069359105972019e+00
1.686086045403591243e+03 1.082111319769631486e+00
1.686256339923882479e+03 1.081969630005931382e+00
1.686426634444173715e+03 1.083446921913125971e+00
1.686596928964464951e+03 1.086287635073237556e+00
1.686767223484756414e+03 1.087312776301194051e+00
1.686937518005047650e+03 1.084957417342015784e+00
1.687107812525338886e+03 1.082448262133624439e+00
1.687278107045630122e+03 1.080371878111467288e+00
1.687448401565921358e+03 1.078953020284836306e+00
1.687618696086212822e+03 1.078425998727740698e+00
1.687788990606504058e+03 1.078209070413385984e+00
1.687959285126795294e+03 1.077947630608146135e+00
1.688129579647086530e+03 1.077688720532157030e+00
1.688299874167377766e+03 1.077807986891281988e+00
1.688470168687669229e+03 1.078516081534025339e+00
1.688640463207960465e+03 1.080010254583556595e+00
1.688810757728251701e+03 1.081363404632728065e+00
1.688981052248542937e+03 1.080855973764398126e+00
1.689151346768834173e+03 1.079767194858291868e+00
1.689321641289125637e+03 1.078975903995248675e+00
1.689491935809416873e+03 1.077650896082679388e+00
1.689662230329708109e+03 1.076492070425302483e+00
1.689832524849999345e+03 1.075996646417110680e+00
1.690002819370290581e+03 1.075673025680266459e+00
1.690173113890581817e+03 1.075221362331004293e+00
1.690343408410873280e+03 1.074747209374390611e+00
1.690513702931164516e+03 1.074403251267700199e+00
1.690683997451455753e+03 1.074224156376642814e+00
1.690854291971746989e+03 1.074157946950997644e+00
1.691024586492038225e+03 1.074142733664265492e+00
1.691194881012329688e+03 1.074144747018380253e+00
1.691365175532620924e+03 1.074171422319696312e+00
1.691535470052912160e+03 1.074229766742228698e+00
1.691705764573203396e+03 1.074204476672337538e+00
1.691876059093494632e+03 1.074060511247294958e+00
1.692046353613786096e+03 1.074457425298515734e+00
1.692216648134077332e+03 1.075860319410706811e+00
1.692386942654368568e+03 1.077567814429894355e+00
1.692557237174659804e+03 1.079158888124312154e+00
1.692727531694951040e+03 1.079447116880853930e+00
1.692897826215242276e+03 1.078082893171060874e+00
1.693068120735533739e+03 1.076488841412629904e+00
1.693238415255824975e+03 1.074987714018918350e+00
1.693408709776116211e+03 1.074091379991513051e+00
1.693579004296407447e+03 1.073831293042267543e+00
1.693749298816698683e+03 1.073633492679861856e+00
1.693919593336990147e+03 1.073393216815423656e+00
1.694089887857281383e+03 1.073217566093791486e+00
1.694260182377572619e+03 1.073105523490450963e+00
1.694430476897863855e+03 1.073029584932719160e+00
1.694600771418155091e+03 1.073001055514499091e+00
1.694771065938446554e+03 1.073075828940806442e+00
1.694941360458737790e+03 1.073286265351699242e+00
1.695111654979029026e+03 1.073667860152356157e+00
1.695281949499320262e+03 1.074889255467292637e+00
1.695452244019611499e+03 1.076912903405442101e+00
1.695622538539902962e+03 1.078511503277832073e+00
1.695792833060194198e+03 1.081060580020307693e+00
1.695963127580485434e+03 1.083533794060919098e+00
1.696133422100776670e+03 1.082353822300157420e+00
1.696303716621067906e+03 1.079164067264650972e+00
1.696474011141359142e+03 1.076603227184105283e+00
1.696644305661650606e+03 1.074622341041491014e+00
1.696814600181941842e+03 1.073916367086028778e+00
1.696984894702233078e+03 1.073936857051818627e+00
1.697155189222524314e+03 1.073780899148994550e+00
1.697325483742815550e+03 1.073497014450601750e+00
1.697495778263107013e+03 1.073418395169458694e+00
1.697666072783398249e+03 1.073567439450304972e+00
1.697836367303689485e+03 1.073846181773190578e+00
1.698006661823980721e+03 1.074349123505063952e+00
1.698176956344271957e+03 1.075018658827793017e+00
1.698347250864563421e+03 1.075484453448163791e+00
1.698517545384854657e+03 1.075437247298098642e+00
1.698687839905145893e+03 1.075041981387718559e+00
1.698858134425437129e+03 1.075292155933975424e+00
1.699028428945728365e+03 1.076932641191728379e+00
1.699198723466019828e+03 1.078718561289155886e+00
1.699369017986311064e+03 1.078850229611750144e+00
1.699539312506602300e+03 1.078150475252954266e+00
1.699709607026893536e+03 1.076801065679902525e+00
1.699879901547184772e+03 1.075526291738659435e+00
1.700050196067476008e+03 1.075240269171231056e+00
1.700220490587767472e+03 1.075459960332479925e+00
1.700390785108058708e+03 1.075682480789775131e+00
1.700561079628349944e+03 1.075835231195045427e+00
1.700731374148641180e+03 1.076012085988183431e+00
1.700901668668932416e+03 1.076349551602022281e+00
1.701071963189223879e+03 1.076870985477933917e+00
1.701242257709515115e+03 1.077751597754486479e+00
1.701412552229806352e+03 1.079531631954016246e+00
1.701582846750097588e+03 1.081705154263403745e+00
1.701753141270388824e+03 1.083708433767035739e+00
1.701923435790680287e+03 1.086689733970308769e+00
1.702093730310971523e+03 1.088029637446434217e+00
1.702264024831262759e+03 1.084804937874176201e+00
1.702434319351553995e+03 1.081594310730836117e+00
1.702604613871845231e+03 1.080878156071153784e+00
1.702774908392136467e+03 1.080126647601694856e+00
1.702945202912427931e+03 1.079365901711800024e+00
1.703115497432719167e+03 1.079141561341831146e+00
1.703285791953010403e+03 1.079174594949331656e+00
1.703456086473301639e+03 1.079362249016004416e+00
1.703626380993592875e+03 1.079640532034597200e+00
1.703796675513884338e+03 1.079958122467056914e+00
1.703966970034175574e+03 1.080340887130230687e+00
1.704137264554466810e+03 1.080770759015534654e+00
1.704307559074758046e+03 1.081152616810080236e+00
1.704477853595049282e+03 1.081440394186141685e+00
1.704648148115340746e+03 1.081694546157133452e+00
1.704818442635631982e+03 1.081900318371337821e+00
1.704988737155923218e+03 1.081969027401643801e+00
1.705159031676214454e+03 1.081998110530823620e+00
1.705329326196505690e+03 1.082120339565519007e+00
1.705499620716797153e+03 1.082332244421891243e+00
1.705669915237088389e+03 1.082594264862065891e+00
1.705840209757379625e+03 1.083088412115811749e+00
1.706010504277670861e+03 1.084197546389706890e+00
1.706180798797962098e+03 1.086244245802246322e+00
1.706351093318253334e+03 1.088982968859308009e+00
1.706521387838544797e+03 1.090549197812495041e+00
1.706691682358836033e+03 1.090237586287794436e+00
1.706861976879127269e+03 1.090091343455275474e+00
1.707032271399418505e+03 1.089765046169615115e+00
1.707202565919709741e+03 1.088493779193061783e+00
1.707372860440001205e+03 1.087617879225454054e+00
1.707543154960292441e+03 1.088142393511855266e+00
1.707713449480583677e+03 1.088772222831197123e+00
1.707883744000874913e+03 1.088344888277090083e+00
1.708054038521166149e+03 1.088068256761734798e+00
1.708224333041457612e+03 1.088483217150516769e+00
1.708394627561748848e+03 1.089492793001286319e+00
1.708564922082040084e+03 1.091283499088993247e+00
1.708735216602331320e+03 1.094620222691685241e+00
1.708905511122622556e+03 1.098568932394241138e+00
1.709075805642914020e+03 1.098526338894929122e+00
1.709246100163205256e+03 1.095440509514304495e+00
1.709416394683496492e+03 1.092842334355588196e+00
1.709586689203787728e+03 1.090651621065085619e+00
1.709756983724078964e+03 1.089751650055056809e+00
1.709927278244370200e+03 1.089907446561647841e+00
1.710097572764661663e+03 1.089902250346720836e+00
1.710267867284952899e+03 1.089854453310415305e+00
1.710438161805244135e+03 1.090096222083459132e+00
1.710608456325535371e+03 1.090483296670733404e+00
1.710778750845826607e+03 1.090806139282677112e+00
1.710949045366118071e+03 1.091043669713539721e+00
1.711119339886409307e+03 1.091277011223632520e+00
1.711289634406700543e+03 1.091562293703522313e+00
1.711459928926991779e+03 1.091851149832394396e+00
1.711630223447283015e+03 1.092039262522016108e+00
1.711800517967574478e+03 1.092130536680606223e+00
1.711970812487865715e+03 1.092205931386951878e+00
1.712141107008156951e+03 1.092304366385104863e+00
1.712311401528448187e+03 1.092462356895044451e+00
1.712481696048739423e+03 1.092720713911357944e+00
1.712651990569030659e+03 1.093065403825409732e+00
1.712822285089322122e+03 1.093366997858502554e+00
1.712992579609613358e+03 1.093538781900266654e+00
1.713162874129904594e+03 1.093655339635565937e+00
1.713333168650195830e+03 1.093813822342704745e+00
1.713503463170487066e+03 1.094049636093950895e+00
1.713673757690778530e+03 1.094332197967801346e+00
1.713844052211069766e+03 1.094573043673246815e+00
1.714014346731361002e+03 1.094795459283281147e+00
1.714184641251652238e+03 1.095403315598422189e+00
1.714354935771943474e+03 1.096879752032510646e+00
1.714525230292234937e+03 1.098361476870283848e+00
1.714695524812526173e+03 1.098652858924791698e+00
1.714865819332817409e+03 1.098356252319227622e+00
1.715036113853108645e+03 1.097332057863838140e+00
1.715206408373399881e+03 1.095882781808640516e+00
1.715376702893691345e+03 1.095132831818196095e+00
1.715546997413982581e+03 1.095053153081999353e+00
1.715717291934273817e+03 1.095212196850444464e+00
1.715887586454565053e+03 1.095451382502116822e+00
1.716057880974856289e+03 1.095991115817717798e+00
1.716228175495147525e+03 1.097203656084482670e+00
1.716398470015438988e+03 1.099051960183306864e+00
1.716568764535730224e+03 1.101239518569816944e+00
1.716739059056021460e+03 1.102082498819292988e+00
1.716909353576312697e+03 1.100651305556989756e+00
1.717079648096603933e+03 1.099023230709016197e+00
1.717249942616895396e+03 1.097369718940727212e+00
1.717420237137186632e+03 1.095600414152809954e+00
1.717590531657477868e+03 1.094645658820192491e+00
1.717760826177769104e+03 1.094342315657614417e+00
1.717931120698060340e+03 1.094254730057267810e+00
1.718101415218351804e+03 1.094284839553876232e+00
1.718271709738643040e+03 1.094386658947108737e+00
1.718442004258934276e+03 1.094459825311780765e+00
1.718612298779225512e+03 1.094445244884881152e+00
1.718782593299516748e+03 1.094395343298956602e+00
1.718952887819808211e+03 1.094364112070614237e+00
1.719123182340099447e+03 1.094331909742262354e+00
1.719293476860390683e+03 1.094302295325198182e+00
1.719463771380681919e+03 1.094312391807419793e+00
1.719634065900973155e+03 1.094353217072597140e+00
1.719804360421264391e+03 1.094365852730907918e+00
1.719974654941555855e+03 1.094326007762932207e+00
1.720144949461847091e+03 1.094308935293830443e+00
1.720315243982138327e+03 1.094336227806260275e+00
1.720485538502429563e+03 1.094279010448476530e+00
1.720655833022720799e+03 1.094107876643892974e+00
1.720826127543012262e+03 1.093884916499554327e+00
1.720996422063303498e+03 1.093682066979638989e+00
1.721166716583594734e+03 1.093560661033491366e+00
1.721337011103885970e+03 1.093480705201296699e+00
1.721507305624177206e+03 1.093332134143591317e+00
1.721677600144468670e+03 1.093074271100125117e+00
1.721847894664759906e+03 1.092832382190290996e+00
1.722018189185051142e+03 1.092791409812624792e+00
1.722188483705342378e+03 1.092983540700310119e+00
1.722358778225633614e+03 1.093070883909277757e+00
1.722529072745925077e+03 1.092907524363932792e+00
1.722699367266216314e+03 1.092643609182348374e+00
1.722869661786507550e+03 1.092434644123434051e+00
1.723039956306798786e+03 1.092696169374273163e+00
1.723210250827090022e+03 1.093312828576646467e+00
1.723380545347381258e+03 1.093429140848044323e+00
1.723550839867672721e+03 1.092833383713232465e+00
1.723721134387963957e+03 1.092339718822731065e+00
1.723891428908255193e+03 1.091727788440056024e+00
1.724061723428546429e+03 1.090791123279795993e+00
1.724232017948837665e+03 1.090006451324543102e+00
1.724402312469129129e+03 1.089488206060940545e+00
1.724572606989420365e+03 1.089223522360760255e+00
1.724742901509711601e+03 1.089428737794251756e+00
1.724913196030002837e+03 1.090182413108220949e+00
1.725083490550294073e+03 1.091258452461668860e+00
1.725253785070585536e+03 1.091815540195341994e+00
1.725424079590876772e+03 1.091236385627814665e+00
1.725594374111168008e+03 1.090565393273070116e+00
1.725764668631459244e+03 1.089897580009793199e+00
1.725934963151750480e+03 1.088880305972838247e+00
1.726105257672041716e+03 1.088042665713714774e+00
1.726275552192333180e+03 1.087473104356750042e+00
1.726445846712624416e+03 1.087012861630323401e+00
1.726616141232915652e+03 1.086660009407649952e+00
1.726786435753206888e+03 1.086408663770344729e+00
1.726956730273498124e+03 1.086193408911515945e+00
1.727127024793789587e+03 1.085919681275768101e+00
1.727297319314080823e+03 1.085602158127997985e+00
1.727467613834372060e+03 1.085227439490397572e+00
1.727637908354663296e+03 1.084783798936739707e+00
1.727808202874954532e+03 1.084347413471180133e+00
1.727978497395245995e+03 1.083982109743122368e+00
1.728148791915537231e+03 1.083728661922983338e+00
1.728319086435828467e+03 1.083606608124827453e+00
1.728489380956119703e+03 1.083514692768924093e+00
1.728659675476410939e+03 1.083345320084655006e+00
1.728829969996702403e+03 1.083125114743010542e+00
1.729000264516993639e+03 1.082948877591293879e+00
1.729170559037284875e+03 1.082849183582494490e+00
1.729340853557576111e+03 1.082790391509274031e+00
1.729511148077867347e+03 1.082748143981875133e+00
1.729681442598158583e+03 1.082685952098651594e+00
1.729851737118450046e+03 1.082562632657243951e+00
1.730022031638741282e+03 1.082353409136340705e+00
1.730192326159032518e+03 1.082058640524512061e+00
1.730362620679323754e+03 1.081701093292073868e+00
1.730532915199614990e+03 1.081338472925608141e+00
1.730703209719906454e+03 1.081040747326741602e+00
1.730873504240197690e+03 1.080854063377313601e+00
1.731043798760488926e+03 1.080747109623668045e+00
1.731214093280780162e+03 1.080644043663248066e+00
1.731384387801071398e+03 1.080532726282956046e+00
1.731554682321362861e+03 1.080477480897894527e+00
1.731724976841654097e+03 1.080525781429460874e+00
1.731895271361945333e+03 1.080660226262707191e+00
1.732065565882236569e+03 1.080784032313808929e+00
1.732235860402527805e+03 1.080791977857810338e+00
1.732406154922819269e+03 1.080758249688923200e+00
1.732576449443110505e+03 1.080846879179054643e+00
1.732746743963401741e+03 1.081072664818143680e+00
1.732917038483692977e+03 1.081238282214859403e+00
1.733087333003984213e+03 1.081121951874489895e+00
1.733257627524275449e+03 1.080916203428165634e+00
1.733427922044566913e+03 1.080929273011890235e+00
1.733598216564858149e+03 1.080921510140206543e+00
1.733768511085149385e+03 1.080671670427540754e+00
1.733938805605440621e+03 1.080390586873574588e+00
1.734109100125731857e+03 1.080298383430906561e+00
1.734279394646023320e+03 1.080479903373256612e+00
1.734449689166314556e+03 1.080873419671212865e+00
1.734619983686605792e+03 1.081148599532412158e+00
1.734790278206897028e+03 1.081090623559546993e+00
1.734960572727188264e+03 1.081189861428305754e+00
1.735130867247479728e+03 1.081480056409463320e+00
1.735301161767770964e+03 1.081418080998459263e+00
1.735471456288062200e+03 1.081077630500495879e+00
1.735641750808353436e+03 1.080827107402404064e+00
1.735812045328644672e+03 1.080798311426488301e+00
1.735982339848935908e+03 1.080976425117331274e+00
1.736152634369227371e+03 1.081263166663290809e+00
1.736322928889518607e+03 1.081518038118467917e+00
1.736493223409809843e+03 1.081616268762074284e+00
1.736663517930101079e+03 1.081580528277894082e+00
1.736833812450392315e+03 1.081565452546529915e+00
1.737004106970683779e+03 1.081690291281640182e+00
1.737174401490975015e+03 1.081917437382117653e+00
1.737344696011266251e+03 1.082162385929418713e+00
1.737514990531557487e+03 1.082469568999194998e+00
1.737685285051848723e+03 1.082929127383468249e+00
1.737855579572140186e+03 1.083488289590145648e+00
1.738025874092431422e+03 1.084015639445516488e+00
1.738196168612722659e+03 1.084432252984127709e+00
1.738366463133013895e+03 1.084723018410619133e+00
1.738536757653305131e+03 1.084889698069470665e+00
1.738707052173596594e+03 1.084962582536217468e+00
1.738877346693887830e+03 1.085061090238573334e+00
1.739047641214179066e+03 1.085290102135128887e+00
1.739217935734470302e+03 1.085656631881151579e+00
1.739388230254761538e+03 1.086122576306562060e+00
1.739558524775052774e+03 1.086591378284636811e+00
1.739728819295344238e+03 1.086941545112911855e+00
1.739899113815635474e+03 1.087148362964344805e+00
1.740069408335926710e+03 1.087276615433569571e+00
1.740239702856217946e+03 1.087376912206696744e+00
1.740409997376509182e+03 1.087498992557355049e+00
1.740580291896800645e+03 1.087713802715739586e+00
1.740750586417091881e+03 1.088067515476970559e+00
1.740920880937383117e+03 1.088502304900015316e+00
1.741091175457674353e+03 1.088860952011451833e+00
1.741261469977965589e+03 1.089065576627564091e+00
1.741431764498257053e+03 1.089159223033128843e+00
1.741602059018548289e+03 1.089261501602115212e+00
1.741772353538839525e+03 1.089491560720449392e+00
1.741942648059130761e+03 1.089873206292953256e+00
1.742112942579421997e+03 1.090326613819643020e+00
1.742283237099713460e+03 1.090744657809024964e+00
1.742453531620004696e+03 1.091112224834076549e+00
1.742623826140295932e+03 1.091484531501636379e+00
1.742794120660587168e+03 1.091909114517672252e+00
1.742964415180878404e+03 1.092362588715792171e+00
1.743134709701169641e+03 1.092785973977102421e+00
1.743305004221461104e+03 1.093155410943293937e+00
1.743475298741752340e+03 1.093413741067128520e+00
1.743645593262043576e+03 1.093607509795701871e+00
1.743815887782334812e+03 1.093899616162307131e+00
1.743986182302626048e+03 1.094211868392793940e+00
1.744156476822917512e+03 1.094400193512006236e+00
1.744326771343208975e+03 1.094525622634925366e+00
1.744497065863499984e+03 1.094665187213261337e+00
1.744667360383790992e+03 1.094776385903759364e+00
1.744837654904082456e+03 1.094784761246972327e+00
1.745007949424373919e+03 1.094691489843667487e+00
1.745178243944665155e+03 1.094711382387654419e+00
1.745348538464956164e+03 1.094947009988457065e+00
1.745518832985247627e+03 1.095093597487372117e+00
1.745689127505539091e+03 1.094975795400013663e+00
1.745859422025830099e+03 1.094773722997084864e+00
1.746029716546121335e+03 1.094643692463913798e+00
1.746200011066412799e+03 1.094560351739086279e+00
1.746370305586704262e+03 1.094475610062889626e+00
1.746540600106995271e+03 1.094394111545334836e+00
1.746710894627286507e+03 1.094308471248041759e+00
1.746881189147577970e+03 1.094229330571585557e+00
1.747051483667869434e+03 1.094121120577033146e+00
1.747221778188160442e+03 1.093889613370017777e+00
1.747392072708451451e+03 1.093513252382172674e+00
1.747562367228742914e+03 1.093061876335553961e+00
1.747732661749034378e+03 1.092641644285590186e+00
1.747902956269325614e+03 1.092355356367877839e+00
1.748073250789616623e+03 1.092254828462344118e+00
1.748243545309908086e+03 1.092239461494246555e+00
1.748413839830199549e+03 1.092137985674908718e+00
1.748584134350490785e+03 1.091831151071986028e+00
1.748754428870781794e+03 1.091267243557068056e+00
1.748924723391073258e+03 1.090513129580168217e+00
1.749095017911364721e+03 1.089730889009597359e+00
1.749265312431655730e+03 1.089113561566801280e+00
1.749435606951946966e+03 1.088750881427048123e+00
1.749605901472238429e+03 1.088554249821789499e+00
1.749776195992529892e+03 1.088323443557105863e+00
1.749946490512820901e+03 1.087907840420717864e+00
1.750116785033111910e+03 1.087299355767784803e+00
1.750287079553403373e+03 1.086643762239497102e+00
1.750457374073694837e+03 1.086071375929457350e+00
1.750627668593986073e+03 1.085544197487255946e+00
1.750797963114277081e+03 1.085002720750073202e+00
1.750968257634568545e+03 1.084451041716811837e+00
1.751138552154860008e+03 1.083879128020430516e+00
1.751308846675151244e+03 1.083251022744993186e+00
1.751479141195442253e+03 1.082588399601855045e+00
1.751649435715733716e+03 1.081956499549078021e+00
1.751819730236025180e+03 1.081368599372939165e+00
1.751990024756316188e+03 1.080724741718649184e+00
1.752160319276607424e+03 1.079950218318883604e+00
1.752330613796898888e+03 1.079169999966095750e+00
1.752500908317190351e+03 1.078507594035315265e+00
1.752671202837481360e+03 1.077870573609422511e+00
1.752841497357772369e+03 1.077145867075125940e+00
1.753011791878063832e+03 1.076386316998960924e+00
1.753182086398355523e+03 1.075637200132841809e+00
1.753352380918646531e+03 1.074856600044544308e+00
1.753522675438937540e+03 1.074082244051687063e+00
1.753692969959229004e+03 1.073357691732543362e+00
1.753863264479520467e+03 1.072621610093324129e+00
1.754033558999811703e+03 1.071862573273641317e+00
1.754203853520102712e+03 1.071155517160017112e+00
1.754374148040394175e+03 1.070534135936237696e+00
1.754544442560685638e+03 1.069949051444602617e+00
1.754714737080976647e+03 1.069336539704547118e+00
1.754885031601267883e+03 1.068708611919596319e+00
1.755055326121559347e+03 1.068149729764809930e+00
1.755225620641850810e+03 1.067661896144276756e+00
1.755395915162141819e+03 1.067116265292671784e+00
1.755566209682432827e+03 1.066527312685098927e+00
1.755736504202724518e+03 1.065989630207786920e+00
1.755906798723015982e+03 1.065478407868559296e+00
1.756077093243306990e+03 1.064942014302770801e+00
1.756247387763597999e+03 1.064359818682142578e+00
1.756417682283889462e+03 1.063793413283349532e+00
1.756587976804180926e+03 1.063299792644638586e+00
1.756758271324472162e+03 1.062777280262787283e+00
1.756928565844763170e+03 1.062169657223837049e+00
1.757098860365054634e+03 1.061509688700073895e+00
1.757269154885346097e+03 1.060846594122187625e+00
1.757439449405637106e+03 1.060228664809156340e+00
1.757609743925928342e+03 1.059675179855573246e+00
1.757780038446219805e+03 1.059199305170809735e+00
1.757950332966511269e+03 1.058800891865003591e+00
1.758120627486802277e+03 1.058364975313178746e+00
1.758290922007093286e+03 1.057848167441277409e+00
1.758461216527384977e+03 1.057338686354913904e+00
1.758631511047676440e+03 1.056838091871669549e+00
1.758801805567967449e+03 1.056276501088781572e+00
1.758972100088258458e+03 1.055698451438649155e+00
1.759142394608549921e+03 1.055225857136887768e+00
1.759312689128841384e+03 1.054866108928144142e+00
1.759482983649132620e+03 1.054567759414524186e+00
1.759653278169423629e+03 1.054291095569121151e+00
1.759823572689715093e+03 1.053998700236486341e+00
1.759993867210006556e+03 1.053656980902522022e+00
1.760164161730297565e+03 1.053262548606063387e+00
1.760334456250588801e+03 1.052897442454782340e+00
1.760504750770880264e+03 1.052626786301361417e+00
1.760675045291171728e+03 1.052399890766743118e+00
1.760845339811462736e+03 1.052120750018102679e+00
1.761015634331753972e+03 1.051777267609005140e+00
1.761185928852045436e+03 1.051411490555496320e+00
1.761356223372336899e+03 1.051034000272735414e+00
1.761526517892627908e+03 1.050694007522670059e+00
1.761696812412918916e+03 1.050454127576792906e+00
1.761867106933210380e+03 1.050244696937041144e+00
1.762037401453501843e+03 1.050094328164348223e+00
1.762207695973793079e+03 1.050205031797409871e+00
1.762377990494084088e+03 1.050639869314637043e+00
1.762548285014375551e+03 1.051231868498304411e+00
1.762718579534667015e+03 1.051284915396434538e+00
1.762888874054958023e+03 1.050817837458883908e+00
1.763059168575249259e+03 1.050974599819499034e+00
1.763229463095540723e+03 1.051417199582212358e+00
1.763399757615832186e+03 1.051868752281247987e+00
1.763570052136123195e+03 1.051335775486930579e+00
1.763740346656414431e+03 1.050153985929849210e+00
1.763910641176705894e+03 1.050494714249718298e+00
1.764080935696997358e+03 1.050888369608616868e+00
1.764251230217288366e+03 1.049396244484206875e+00
1.764421524737579375e+03 1.047159292964534583e+00
1.764591819257870839e+03 1.046441359681129057e+00
1.764762113778162302e+03 1.048643935253667392e+00
1.764932408298453538e+03 1.051486104483849271e+00
1.765102702818744547e+03 1.050200415151756328e+00
1.765272997339036010e+03 1.046750862093833945e+00
1.765443291859327474e+03 1.045435653696949352e+00
1.765613586379618710e+03 1.045471786797105729e+00
1.765783880899909718e+03 1.045327734881908777e+00
1.765954175420201182e+03 1.045314962845576012e+00
1.766124469940492645e+03 1.045877110563105727e+00
1.766294764460783654e+03 1.046639930882966585e+00
1.766465058981074890e+03 1.046593998000464598e+00
1.766635353501366353e+03 1.045237404621612853e+00
1.766805648021657817e+03 1.044950113803566616e+00
1.766975942541948825e+03 1.047786460974280631e+00
1.767146237062239834e+03 1.051379789329991654e+00
1.767316531582531297e+03 1.051297597376613213e+00
1.767486826102822761e+03 1.049183125371210501e+00
1.767657120623113997e+03 1.046318439258524524e+00
1.767827415143405005e+03 1.042860463206086497e+00
1.767997709663696469e+03 1.041209192879880785e+00
1.768168004183987932e+03 1.040926883538900949e+00
1.768338298704279168e+03 1.040737171522654991e+00
1.768508593224570177e+03 1.040589110904806880e+00
1.768678887744861640e+03 1.040531356215094849e+00
1.768849182265153104e+03 1.040487854453592931e+00
1.769019476785444112e+03 1.040649465814138974e+00
1.769189771305735349e+03 1.041419519325603282e+00
1.769360065826026812e+03 1.043076460572510911e+00
1.769530360346318275e+03 1.045264889796110985e+00
1.769700654866609284e+03 1.045773325312043145e+00
1.769870949386900293e+03 1.043978577654629536e+00
1.770041243907191756e+03 1.042207345392590856e+00
1.770211538427483219e+03 1.040927569581477918e+00
1.770381832947774456e+03 1.040028540668641810e+00
1.770552127468065464e+03 1.039707775467621165e+00
1.770722421988356928e+03 1.039673491986410347e+00
1.770892716508648391e+03 1.039651410374688112e+00
1.771063011028939627e+03 1.039643119465254895e+00
1.771233305549230636e+03 1.039625373635793659e+00
1.771403600069522099e+03 1.039489742425949270e+00
1.771573894589813563e+03 1.039338877147690798e+00
1.771744189110104571e+03 1.039247378023723911e+00
1.771914483630395807e+03 1.039147638155976328e+00
1.772084778150687271e+03 1.038921737689614488e+00
1.772255072670978734e+03 1.038569963050097522e+00
1.772425367191269743e+03 1.038252585262881666e+00
1.772595661711560751e+03 1.038164864823565736e+00
1.772765956231852215e+03 1.038293835453453662e+00
1.772936250752143906e+03 1.040543513352383265e+00
1.773106545272434914e+03 1.050441453266825587e+00
1.773276839792725923e+03 1.063264235892737553e+00
1.773447134313017386e+03 1.063365479406174652e+00
1.773617428833308850e+03 1.054461352504315830e+00
1.773787723353600086e+03 1.055760238045549304e+00
1.773958017873891094e+03 1.066905735840170344e+00
1.774128312394182558e+03 1.067513536523305273e+00
1.774298606914474021e+03 1.053262056286192294e+00
1.774468901434765030e+03 1.041206893818838131e+00
1.774639195955056266e+03 1.038160965831790961e+00
1.774809490475347729e+03 1.037977876365653751e+00
1.774979784995639193e+03 1.037878978483959713e+00
1.775150079515930202e+03 1.037850872855578643e+00
1.775320374036221210e+03 1.037848680668716161e+00
1.775490668556512901e+03 1.037953787341263423e+00
1.775660963076804364e+03 1.038355491779300088e+00
1.775831257597095373e+03 1.039425705466836991e+00
1.776001552117386382e+03 1.041339630890529389e+00
1.776171846637677845e+03 1.043032017568778835e+00
1.776342141157969309e+03 1.042667409856647076e+00
1.776512435678260545e+03 1.041890443082232220e+00
1.776682730198551553e+03 1.045181134346691687e+00
1.776853024718843017e+03 1.051043681482923819e+00
1.777023319239134480e+03 1.051838219665893082e+00
1.777193613759425489e+03 1.048130396925615493e+00
1.777363908279716725e+03 1.046809619044525075e+00
1.777534202800008188e+03 1.045080295363836953e+00
1.777704497320299652e+03 1.042320505515019535e+00
1.777874791840590660e+03 1.040883215187286659e+00
1.778045086360881896e+03 1.041063577025683085e+00
1.778215380881173360e+03 1.043217066227598799e+00
1.778385675401464823e+03 1.048517958124558280e+00
1.778555969921755832e+03 1.055806567425728648e+00
1.778726264442046840e+03 1.057758433120715491e+00
1.778896558962338304e+03 1.054207181154935391e+00
1.779066853482629767e+03 1.050661793911503938e+00
1.779237148002921003e+03 1.045732382231304491e+00
1.779407442523212012e+03 1.041918323413595138e+00
1.779577737043503475e+03 1.041274387506148313e+00
1.779748031563794939e+03 1.041733143798636352e+00
1.779918326084085948e+03 1.042163375409532078e+00
1.780088620604377184e+03 1.042466524381324255e+00
1.780258915124668647e+03 1.042644448601055096e+00
1.780429209644960110e+03 1.042995592166993113e+00
1.780599504165251119e+03 1.043900461756383624e+00
1.780769798685542355e+03 1.044958969484906852e+00
1.780940093205833819e+03 1.046009917414844059e+00
1.781110387726125282e+03 1.047138024375093401e+00
1.781280682246416291e+03 1.047323961727050445e+00
1.781450976766707299e+03 1.046502188109868836e+00
1.781621271286998763e+03 1.046017700050744015e+00
1.781791565807290226e+03 1.046032892623550925e+00
1.781961860327581462e+03 1.045979845285724519e+00
1.782132154847872471e+03 1.045758083130521543e+00
1.782302449368163934e+03 1.045620707548057915e+00
1.782472743888455398e+03 1.045763966189070526e+00
1.782643038408746406e+03 1.046081864342070400e+00
1.782813332929037642e+03 1.046348104002575052e+00
1.782983627449329106e+03 1.046526051707011185e+00
1.783153921969620569e+03 1.046730638584544959e+00
1.783324216489911578e+03 1.047037996828027229e+00
1.783494511010202814e+03 1.047439017887876300e+00
1.783664805530494277e+03 1.047953885575382937e+00
1.783835100050785741e+03 1.048634159713974334e+00
1.784005394571076749e+03 1.049348295551156163e+00
1.784175689091367758e+03 1.049716361066854731e+00
1.784345983611659221e+03 1.049562897385156512e+00
1.784516278131950685e+03 1.049569829080601924e+00
1.784686572652241921e+03 1.052045064884793213e+00
1.784856867172532930e+03 1.057142754850683986e+00
1.785027161692824393e+03 1.059679384174168515e+00
1.785197456213115856e+03 1.058320445374806074e+00
1.785367750733407092e+03 1.055899877469217429e+00
1.785538045253698101e+03 1.052495632102311784e+00
1.785708339773989564e+03 1.050052104348751625e+00
1.785878634294281028e+03 1.049180976948111965e+00
1.786048928814572037e+03 1.048762677489526673e+00
1.786219223334863273e+03 1.048432869689277958e+00
1.786389517855154736e+03 1.048149145722456321e+00
1.786559812375446199e+03 1.047866089439632553e+00
1.786730106895737208e+03 1.047550869997306400e+00
1.786900401416028217e+03 1.047269540742929994e+00
1.787070695936319680e+03 1.047128604448066547e+00
1.787240990456611144e+03 1.047089442189403252e+00
1.787411284976902380e+03 1.047048087722907139e+00
1.787581579497193388e+03 1.047012519010763754e+00
1.787751874017484852e+03 1.047560157992045049e+00
1.787922168537776315e+03 1.049808904604764725e+00
1.788092463058067551e+03 1.054063801694219427e+00
1.788262757578358560e+03 1.061957348721976668e+00
1.788433052098650023e+03 1.071422112960881190e+00
1.788603346618941487e+03 1.070036439556562247e+00
1.788773641139232495e+03 1.059376887840478565e+00
1.788943935659523731e+03 1.052614857682356853e+00
1.789114230179815195e+03 1.048179220043128801e+00
1.789284524700106658e+03 1.043917553389287489e+00
1.789454819220397667e+03 1.041597407264957642e+00
1.789625113740688676e+03 1.040526738822534547e+00
1.789795408260980139e+03 1.039774189331661658e+00
1.789965702781271602e+03 1.039128914055929220e+00
1.790135997301562838e+03 1.038499325822701103e+00
1.790306291821853847e+03 1.037830499229101200e+00
1.790476586342145310e+03 1.037145170733685617e+00
1.790646880862436774e+03 1.036494090360748466e+00
1.790817175382728010e+03 1.035908565728907771e+00
1.790987469903019019e+03 1.035404594514058640e+00
1.791157764423310482e+03 1.035420756980397483e+00
1.791328058943601945e+03 1.037055417425208237e+00
1.791498353463892954e+03 1.040170605230925194e+00
1.791668647984184190e+03 1.044377690533355940e+00
1.791838942504475654e+03 1.049150835157861561e+00
1.792009237024767117e+03 1.048058686736432765e+00
1.792179531545058126e+03 1.040926494933486213e+00
1.792349826065349134e+03 1.035756168740060268e+00
1.792520120585640598e+03 1.032168558496782573e+00
1.792690415105932288e+03 1.029053458529148646e+00
1.792860709626223297e+03 1.027264396355642262e+00
1.793031004146514306e+03 1.026265790608339668e+00
1.793201298666805769e+03 1.025649706799450112e+00
1.793371593187097233e+03 1.025243490209396757e+00
1.793541887707388469e+03 1.024875541976807414e+00
1.793712182227679477e+03 1.024526375607435646e+00
1.793882476747970941e+03 1.024324362084510609e+00
1.794052771268262404e+03 1.024181036158302360e+00
1.794223065788553413e+03 1.023705068009363117e+00
1.794393360308844649e+03 1.023769540318662852e+00
1.794563654829136112e+03 1.025548431989953269e+00
1.794733949349427576e+03 1.028610886613844144e+00
1.794904243869718584e+03 1.034157524595817224e+00
1.795074538390009593e+03 1.038785907905926287e+00
1.795244832910301284e+03 1.042909862227778817e+00
1.795415127430592747e+03 1.070108944573151533e+00
1.795585421950883756e+03 1.116783543166494974e+00
1.795755716471174765e+03 1.129086688922116277e+00
1.795926010991466228e+03 1.095187395149851639e+00
1.796096305511757691e+03 1.056916521192287295e+00
1.796266600032048927e+03 1.031311168165709891e+00
1.796436894552339936e+03 1.018741373421038876e+00
1.796607189072631400e+03 1.015919792718060100e+00
1.796777483592922863e+03 1.015615152111669195e+00
1.796947778113213872e+03 1.015126307779455450e+00
1.797118072633505108e+03 1.014622089192901422e+00
1.797288367153796571e+03 1.014235036995816408e+00
1.797458661674088034e+03 1.013962572130768791e+00
1.797628956194379043e+03 1.013798982919444480e+00
1.797799250714670279e+03 1.013755520793620191e+00
1.797969545234961743e+03 1.013824178379743923e+00
1.798139839755253206e+03 1.013904706155746904e+00
1.798310134275544215e+03 1.013882625166118823e+00
1.798480428795835223e+03 1.013765660641298805e+00
1.798650723316126687e+03 1.013595712063410037e+00
1.798821017836418150e+03 1.013446980323222002e+00
1.798991312356709386e+03 1.013587555148830477e+00
1.799161606877000395e+03 1.014318360675841468e+00
1.799331901397291858e+03 1.015729377055669680e+00
1.799502195917583322e+03 1.018860653782740489e+00
1.799672490437874330e+03 1.023798920285726277e+00
1.799842784958165566e+03 1.025356338110996024e+00
1.800013079478457030e+03 1.022160445532186213e+00
1.800183373998748493e+03 1.019022174503086520e+00
1.800353668519039502e+03 1.016260167931384961e+00
1.800523963039330738e+03 1.013959735201691803e+00
1.800694257559622201e+03 1.012994437166500505e+00
1.800864552079913665e+03 1.012695040149886427e+00
1.801034846600204673e+03 1.012564403354767606e+00
1.801205141120495682e+03 1.012569940865378770e+00
1.801375435640787146e+03 1.012665216545008295e+00
1.801545730161078609e+03 1.012757702426453799e+00
1.801716024681369845e+03 1.013065459734868279e+00
1.801886319201660854e+03 1.014930452181710407e+00
1.802056613721952317e+03 1.018786262648673890e+00
1.802226908242243780e+03 1.022300286870159614e+00
1.802397202762534789e+03 1.025764825612371700e+00
1.802567497282826025e+03 1.028807607091384968e+00
1.802737791803117489e+03 1.026790482250433678e+00
1.802908086323408952e+03 1.021988671403882609e+00
1.803078380843699961e+03 1.019803199223429324e+00
1.803248675363991197e+03 1.017519966832951539e+00
1.803418969884282660e+03 1.015136133822130082e+00
1.803589264404574124e+03 1.014270212055650155e+00
1.803759558924865132e+03 1.014198595881729670e+00
1.803929853445156141e+03 1.014418617892312469e+00
1.804100147965447604e+03 1.014798333964835209e+00
1.804270442485739068e+03 1.015186742720085356e+00
1.804440737006030304e+03 1.015398645050834325e+00
1.804611031526321312e+03 1.015391235905483525e+00
1.804781326046612776e+03 1.015465869854938141e+00
1.804951620566904239e+03 1.015706582437612582e+00
1.805121915087195475e+03 1.015941640467412421e+00
1.805292209607486484e+03 1.016157491127004153e+00
1.805462504127777947e+03 1.016394986839711523e+00
1.805632798648069411e+03 1.016657360507588370e+00
1.805803093168360419e+03 1.016908140256431281e+00
1.805973387688651655e+03 1.017124919366260150e+00
1.806143682208943119e+03 1.017336938453142769e+00
1.806313976729234582e+03 1.017571412463782465e+00
1.806484271249525591e+03 1.017776915936116744e+00
1.806654565769816600e+03 1.017909523144512329e+00
1.806824860290108063e+03 1.017985286224644126e+00
1.806995154810399526e+03 1.018048394188105776e+00
1.807165449330690763e+03 1.018176241266590232e+00
1.807335743850981771e+03 1.018402669294348417e+00
1.807506038371273235e+03 1.018675232208661185e+00
1.807676332891564698e+03 1.018967281559151949e+00
1.807846627411855934e+03 1.019479723532956239e+00
1.808016921932146943e+03 1.020732374916553997e+00
1.808187216452438406e+03 1.023012272517064281e+00
1.808357510972729870e+03 1.026313490838578701e+00
1.808527805493020878e+03 1.028674693422121811e+00
1.808698100013312114e+03 1.027664615869565701e+00
1.808868394533603578e+03 1.025824870653524901e+00
1.809038689053895041e+03 1.024303649719984222e+00
1.809208983574186050e+03 1.022440005121607598e+00
1.809379278094477058e+03 1.021302002313418944e+00
1.809549572614768522e+03 1.021085474397909865e+00
1.809719867135060213e+03 1.021264712762641080e+00
1.809890161655351221e+03 1.021517049362707930e+00
1.810060456175642230e+03 1.021700727750524562e+00
1.810230750695933693e+03 1.022276757045097240e+00
1.810401045216225157e+03 1.023911584220325022e+00
1.810571339736516393e+03 1.026425269582905475e+00
1.810741634256807401e+03 1.030388605974423610e+00
1.810911928777098865e+03 1.035496583083658884e+00
1.811082223297390328e+03 1.036649326347415911e+00
1.811252517817681337e+03 1.033736885523096394e+00
1.811422812337972573e+03 1.031077646537913450e+00
1.811593106858264036e+03 1.027625509726597608e+00
1.811763401378555500e+03 1.024530395246714187e+00
1.811933695898846508e+03 1.023355833063950726e+00
1.812103990419137517e+03 1.022989639021659958e+00
1.812274284939428981e+03 1.022801935003194274e+00
1.812444579459720671e+03 1.022767013967151861e+00
1.812614873980011680e+03 1.022794679907746973e+00
1.812785168500302689e+03 1.022844138091044464e+00
1.812955463020594152e+03 1.022991640536049740e+00
1.813125757540885616e+03 1.023261759554944916e+00
1.813296052061176852e+03 1.023582834193559776e+00
1.813466346581467860e+03 1.023868033248640508e+00
1.813636641101759324e+03 1.024023434577933100e+00
1.813806935622050787e+03 1.024032390204066001e+00
1.813977230142341796e+03 1.023956781781970138e+00
1.814147524662633032e+03 1.023846145453227052e+00
1.814317819182924495e+03 1.023740062950149188e+00
1.814488113703215959e+03 1.023695345244170385e+00
1.814658408223506967e+03 1.023754724372488933e+00
1.814828702743797976e+03 1.023768293273880525e+00
1.814998997264089667e+03 1.023639098150863846e+00
1.815169291784381130e+03 1.023452634820891216e+00
1.815339586304672139e+03 1.023313432441531612e+00
1.815509880824963147e+03 1.023343095041223672e+00
1.815680175345254611e+03 1.023600455949291277e+00
1.815850469865546074e+03 1.023929888866562665e+00
1.816020764385837310e+03 1.024117136390414018e+00
1.816191058906128319e+03 1.024117213768258816e+00
1.816361353426419782e+03 1.023974012719061966e+00
1.816531647946711246e+03 1.023726385532835348e+00
1.816701942467002254e+03 1.023500461506710923e+00
1.816872236987293491e+03 1.023423546772911585e+00
1.817042531507584954e+03 1.023462356949806473e+00
1.817212826027876417e+03 1.023508293900818877e+00
1.817383120548167426e+03 1.023555197084867974e+00
1.817553415068458662e+03 1.023818167883420394e+00
1.817723709588750125e+03 1.024683474742304146e+00
1.817894004109041589e+03 1.026363730841445498e+00
1.818064298629332598e+03 1.028146803058442860e+00
1.818234593149623606e+03 1.028263144510259908e+00
1.818404887669915070e+03 1.026719669941107860e+00
1.818575182190206533e+03 1.024991010758256493e+00
1.818745476710497769e+03 1.023184914389155598e+00
1.818915771230788778e+03 1.021871185042066310e+00
1.819086065751080241e+03 1.021454477155273155e+00
1.819256360271371705e+03 1.021460690277790295e+00
1.819426654791662713e+03 1.021578510380483751e+00
1.819596949311953949e+03 1.021929416228611220e+00
1.819767243832245413e+03 1.022832933656057319e+00
1.819937538352536876e+03 1.024275686297311250e+00
1.820107832872827885e+03 1.026229192794925194e+00
1.820278127393119121e+03 1.027544823915808925e+00
1.820448421913410584e+03 1.026376973339453436e+00
1.820618716433702048e+03 1.024411143399673429e+00
1.820789010953993056e+03 1.022792547144090625e+00
1.820959305474284065e+03 1.020964878923655839e+00
1.821129599994575528e+03 1.019654360944113103e+00
1.821299894514866992e+03 1.019085054536008839e+00
1.821470189035158228e+03 1.018784737698673837e+00
1.821640483555449237e+03 1.018547921537522161e+00
1.821810778075740700e+03 1.018341599588491686e+00
1.821981072596032163e+03 1.018178125737519757e+00
1.822151367116323399e+03 1.018031551366028520e+00
1.822321661636614408e+03 1.017844749480418587e+00
1.822491956156905871e+03 1.017630562851937981e+00
1.822662250677197335e+03 1.017462257764708777e+00
1.822832545197488344e+03 1.017366973611832481e+00
1.823002839717779580e+03 1.017295162419499688e+00
1.823173134238071043e+03 1.017165526218079652e+00
1.823343428758362506e+03 1.016933431306932034e+00
1.823513723278653515e+03 1.016646915202951806e+00
1.823684017798944524e+03 1.016358553084899974e+00
1.823854312319235987e+03 1.016110181842420523e+00
1.824024606839527451e+03 1.015970103128535973e+00
1.824194901359818687e+03 1.015944096855600831e+00
1.824365195880109695e+03 1.015962020062171067e+00
1.824535490400401159e+03 1.015988250253453185e+00
1.824705784920692622e+03 1.016011837710557142e+00
1.824876079440983858e+03 1.015978708700918220e+00
1.825046373961274867e+03 1.015861851259630244e+00
1.825216668481566330e+03 1.015703526643499943e+00
1.825386963001857794e+03 1.015542808636670236e+00
1.825557257522148802e+03 1.015433544336611593e+00
1.825727552042440038e+03 1.015414848426628103e+00
1.825897846562731502e+03 1.015392087291375312e+00
1.826068141083022965e+03 1.015251779203361737e+00
1.826238435603313974e+03 1.015020052449113308e+00
1.826408730123604983e+03 1.014865351152401729e+00
1.826579024643896446e+03 1.014865442865390044e+00
1.826749319164187909e+03 1.014947333163147558e+00
1.826919613684479145e+03 1.015018070742996326e+00
1.827089908204770154e+03 1.015026131430608825e+00
1.827260202725061617e+03 1.014977259470150939e+00
1.827430497245353081e+03 1.014905847982641607e+00
1.827600791765644317e+03 1.014851988260131677e+00
1.827771086285935326e+03 1.014862561672003061e+00
1.827941380806226789e+03 1.014980522312409983e+00
1.828111675326518252e+03 1.015238848172656416e+00
1.828281969846809261e+03 1.015723360793349128e+00
1.828452264367100497e+03 1.016614307872506062e+00
1.828622558887391961e+03 1.017484823552778472e+00
1.828792853407683424e+03 1.017667907572098906e+00
1.828963147927974433e+03 1.017739787625020931e+00
1.829133442448265441e+03 1.017759415180893967e+00
1.829303736968556905e+03 1.017259252892915633e+00
1.829474031488848595e+03 1.016797291725388908e+00
1.829644326009139604e+03 1.016762660764075621e+00
1.829814620529430613e+03 1.017035338573658132e+00
1.829984915049722076e+03 1.017619811647669126e+00
1.830155209570013540e+03 1.018624339711885041e+00
1.830325504090304776e+03 1.020102037069650525e+00
1.830495798610595784e+03 1.021521775003721322e+00
1.830666093130887248e+03 1.021779370468824055e+00
1.830836387651178711e+03 1.021455086458555428e+00
1.831006682171469720e+03 1.021381817718264973e+00
1.831176976691760956e+03 1.020785536784552860e+00
1.831347271212052419e+03 1.020065072630066183e+00
1.831517565732343883e+03 1.019923368283141007e+00
1.831687860252634891e+03 1.020092519580981349e+00
1.831858154772925900e+03 1.020319573944167946e+00
1.832028449293217591e+03 1.020573871813318378e+00
1.832198743813509054e+03 1.020806490162743607e+00
1.832369038333800063e+03 1.021018519290698423e+00
1.832539332854091072e+03 1.021257154145274182e+00
1.832709627374382535e+03 1.021511624826537012e+00
1.832879921894673998e+03 1.021790456906785716e+00
1.833050216414965234e+03 1.022160691525635823e+00
1.833220510935256243e+03 1.022615465637829013e+00
1.833390805455547707e+03 1.023125835957653162e+00
1.833561099975839170e+03 1.023684880907369532e+00
1.833731394496130179e+03 1.024202604336367894e+00
1.833901689016421415e+03 1.024597396305924724e+00
1.834071983536712878e+03 1.024966137732338467e+00
1.834242278057004341e+03 1.025391125206318810e+00
1.834412572577295350e+03 1.025797649196192651e+00
1.834582867097586586e+03 1.026149377859682854e+00
1.834753161617878050e+03 1.026525225413853049e+00
1.834923456138169513e+03 1.026978412802419083e+00
1.835093750658460522e+03 1.027509359024255886e+00
1.835264045178751530e+03 1.028165543603601684e+00
1.835434339699042994e+03 1.028944838057891831e+00
1.835604634219334457e+03 1.029657337686777474e+00
1.835774928739625693e+03 1.030174885765511084e+00
1.835945223259916702e+03 1.030612031875359769e+00
1.836115517780208165e+03 1.031097540158773640e+00
1.836285812300499629e+03 1.031596953692444085e+00
1.836456106820790637e+03 1.032089228929729652e+00
1.836626401341081873e+03 1.032626657501674927e+00
1.836796695861373337e+03 1.033229937165891066e+00
1.836966990381664800e+03 1.033782456709285702e+00
1.837137284901955809e+03 1.034217649951119977e+00
1.837307579422247045e+03 1.034677344144561584e+00
1.837477873942538508e+03 1.035301602623996509e+00
1.837648168462829972e+03 1.036094001775677897e+00
1.837818462983120980e+03 1.036849481775750537e+00
1.837988757503411989e+03 1.037515462034768854e+00
1.838159052023703453e+03 1.038100534834813349e+00
1.838329346543994916e+03 1.038896154211568224e+00
1.838499641064286152e+03 1.039891314115324761e+00
1.838669935584577161e+03 1.040593495451237249e+00
1.838840230104868624e+03 1.041130791708291259e+00
1.839010524625160087e+03 1.041711566416731127e+00
1.839180819145451096e+03 1.042696317584811405e+00
1.839351113665742332e+03 1.043859032399927944e+00
1.839521408186033796e+03 1.044535757220012684e+00
1.839691702706325259e+03 1.044854973375648033e+00
1.839861997226616268e+03 1.045081466701117456e+00
1.840032291746907504e+03 1.045488873533587437e+00
1.840202586267198967e+03 1.046167849725176513e+00
1.840372880787490431e+03 1.047168971139065707e+00
1.840543175307781439e+03 1.048414279096670843e+00
1.840713469828072448e+03 1.049591829840220036e+00
1.840883764348363911e+03 1.050382102405345019e+00
1.841054058868655375e+03 1.050827052723019017e+00
1.841224353388946611e+03 1.051239194748512018e+00
1.841394647909237619e+03 1.051714451864523392e+00
1.841564942429529083e+03 1.052331608294817977e+00
1.841735236949820546e+03 1.052643596092689648e+00
1.841905531470111782e+03 1.053049893656700764e+00
1.842075825990402791e+03 1.053777132059679822e+00
1.842246120510694254e+03 1.055416735153603902e+00
1.842416415030985718e+03 1.058028510224081842e+00
1.842586709551276726e+03 1.059082669378481389e+00
1.842757004071567962e+03 1.058459442829685848e+00
1.842927298591859426e+03 1.058489066935616396e+00
1.843097593112150889e+03 1.059520118311418901e+00
1.843267887632441898e+03 1.062602095924043200e+00
1.843438182152732907e+03 1.066986397499197547e+00
1.843608476673024370e+03 1.067403636903271114e+00
1.843778771193315833e+03 1.064668940401582997e+00
1.843949065713607069e+03 1.063625578178252651e+00
1.844119360233898078e+03 1.064511003423151969e+00
1.844289654754189542e+03 1.066407826772230338e+00
1.844459949274481005e+03 1.068950703052958584e+00
1.844630243794772241e+03 1.069734251704154149e+00
1.844800538315063250e+03 1.068416193488432642e+00
1.844970832835354713e+03 1.068061715791882804e+00
1.845141127355646177e+03 1.068968823138619850e+00
1.845311421875937185e+03 1.070941337305823859e+00
1.845481716396228421e+03 1.074525559300598676e+00
1.845652010916519885e+03 1.076520334427568226e+00
1.845822305436811348e+03 1.074930250357104544e+00
1.845992599957102357e+03 1.073440283137531370e+00
1.846162894477393365e+03 1.073874023909719089e+00
1.846333188997684829e+03 1.075208909122037371e+00
1.846503483517976292e+03 1.077601936388017156e+00
1.846673778038267528e+03 1.080605775342440733e+00
1.846844072558558537e+03 1.081120605012147351e+00
1.847014367078850000e+03 1.079650447207652020e+00
1.847184661599141464e+03 1.079311237199789719e+00
1.847354956119432700e+03 1.080014608161305567e+00
1.847525250639723708e+03 1.080950316673034095e+00
1.847695545160015172e+03 1.082819727720888858e+00
1.847865839680306635e+03 1.084815331008904149e+00
1.848036134200597644e+03 1.085036605379849473e+00
1.848206428720888880e+03 1.084442099782140900e+00
1.848376723241180343e+03 1.084679731403154879e+00
1.848547017761471807e+03 1.085378022741185333e+00
1.848717312281762815e+03 1.086107143076181725e+00
1.848887606802053824e+03 1.088150655018012669e+00
1.849057901322345288e+03 1.092542279284953066e+00
1.849228195842636978e+03 1.095908481624752628e+00
1.849398490362927987e+03 1.094155217914251521e+00
1.849568784883218996e+03 1.091066294850588925e+00
1.849739079403510459e+03 1.092549711826082293e+00
1.849909373923801923e+03 1.096641979653920629e+00
1.850079668444093159e+03 1.097464313816189918e+00
1.850249962964384167e+03 1.095629535506825292e+00
1.850420257484675631e+03 1.094485646094092601e+00
1.850590552004967094e+03 1.094305937722598543e+00
1.850760846525258103e+03 1.094446830603736931e+00
1.850931141045549339e+03 1.094847784181862238e+00
1.851101435565840802e+03 1.095576146685564467e+00
1.851271730086132266e+03 1.096613050951415591e+00
1.851442024606423274e+03 1.097781414963714619e+00
1.851612319126714283e+03 1.098799170204129094e+00
1.851782613647005974e+03 1.099525693754151323e+00
1.851952908167297437e+03 1.100027666463784692e+00
1.852123202687588446e+03 1.100519757992411529e+00
1.852293497207879454e+03 1.101276512336902602e+00
1.852463791728170918e+03 1.102231490173386508e+00
1.852634086248462381e+03 1.103035149372534551e+00
1.852804380768753617e+03 1.103716380019257981e+00
1.852974675289044626e+03 1.104457002529868781e+00
1.853144969809336089e+03 1.105023713876078562e+00
1.853315264329627553e+03 1.105474143857999358e+00
1.853485558849918561e+03 1.106034406097050615e+00
1.853655853370209798e+03 1.106622043609761796e+00
1.853826147890501261e+03 1.107098491092182613e+00
1.853996442410792724e+03 1.107407749723698043e+00
1.854166736931083733e+03 1.107616942128642812e+00
1.854337031451374969e+03 1.107912694444315616e+00
1.854507325971666432e+03 1.108354779766657972e+00
1.854677620491957896e+03 1.108746854643094304e+00
1.854847915012248905e+03 1.109045104488800781e+00
1.855018209532539913e+03 1.109221853842500050e+00
1.855188504052831377e+03 1.111985179804141355e+00
1.855358798573122840e+03 1.124621930570401718e+00
1.855529093093414076e+03 1.143650401942543304e+00
1.855699387613705085e+03 1.151438717766863240e+00
1.855869682133996548e+03 1.140249212590444650e+00
1.856039976654288012e+03 1.122614387521486012e+00
1.856210271174579020e+03 1.113686824346795223e+00
1.856380565694870256e+03 1.112261699651232894e+00
1.856550860215161720e+03 1.112411163394700253e+00
1.856721154735453183e+03 1.112650403402681398e+00
1.856891449255744192e+03 1.112907681741634125e+00
1.857061743776035428e+03 1.113253296113010382e+00
1.857232038296326891e+03 1.113652175093311048e+00
1.857402332816618355e+03 1.114073500353142343e+00
1.857572627336909363e+03 1.114569944253784861e+00
1.857742921857200372e+03 1.115054934116951113e+00
1.857913216377491835e+03 1.115278686613553560e+00
1.858083510897783299e+03 1.115251727055197817e+00
1.858253805418074535e+03 1.115233344128095272e+00
1.858424099938365543e+03 1.115389230652292119e+00
1.858594394458657007e+03 1.115715049523480218e+00
1.858764688978948470e+03 1.116010322487411388e+00
1.858934983499239479e+03 1.116146785267744246e+00
1.859105278019530715e+03 1.116131748578149452e+00
1.859275572539822178e+03 1.116047175709157457e+00
1.859445867060113642e+03 1.116020582226770586e+00
1.859616161580404651e+03 1.116122539672962155e+00
1.859786456100695887e+03 1.116299773009895802e+00
1.859956750620987350e+03 1.116432775971794911e+00
1.860127045141278813e+03 1.116471206981866526e+00
1.860297339661569822e+03 1.116474220246428395e+00
1.860467634181860831e+03 1.116494942834105331e+00
1.860637928702152294e+03 1.116552217375843981e+00
1.860808223222443758e+03 1.116655688045193440e+00
1.860978517742734994e+03 1.116745845703442264e+00
1.861148812263026002e+03 1.116752829951255466e+00
1.861319106783317466e+03 1.116649636080246921e+00
1.861489401303608929e+03 1.116451781060158188e+00
1.861659695823900165e+03 1.116245700196786039e+00
1.861829990344191174e+03 1.116093011654096578e+00
1.862000284864482637e+03 1.116012687279286819e+00
1.862170579384774101e+03 1.116003743935255033e+00
1.862340873905065109e+03 1.116027588849546337e+00
1.862511168425356345e+03 1.116028637627000553e+00
1.862681462945647809e+03 1.115980652998294520e+00
1.862851757465939272e+03 1.115879063218798706e+00
1.863022051986230281e+03 1.115682464049015277e+00
1.863192346506521289e+03 1.115325281897699305e+00
1.863362641026812753e+03 1.114931356411610563e+00
1.863532935547104216e+03 1.114719826738144182e+00
1.863703230067395452e+03 1.114605526691821336e+00
1.863873524587686461e+03 1.114513067145846748e+00
1.864043819107977924e+03 1.114472562429886793e+00
1.864214113628269388e+03 1.114506321319336468e+00
1.864384408148560624e+03 1.114971250656167534e+00
1.864554702668851633e+03 1.116308662394779327e+00
1.864724997189143096e+03 1.117916474983731367e+00
1.864895291709434559e+03 1.118217112095789556e+00
1.865065586229725568e+03 1.116589803520556590e+00
1.865235880750016804e+03 1.115637540945260797e+00
1.865406175270308267e+03 1.119184589203166880e+00
1.865576469790599731e+03 1.124837243321751501e+00
1.865746764310890740e+03 1.125586611453279540e+00
1.865917058831181748e+03 1.123799354730512734e+00
1.866087353351473212e+03 1.124088997397442169e+00
1.866257647871764675e+03 1.123585910963966317e+00
1.866427942392055911e+03 1.120562845507118599e+00
1.866598236912346920e+03 1.117081114477914028e+00
1.866768531432638383e+03 1.116421757057434627e+00
1.866938825952929847e+03 1.119510585122345026e+00
1.867109120473221083e+03 1.120947314747635870e+00
1.867279414993512091e+03 1.118317828402455749e+00
1.867449709513803555e+03 1.115763933281344933e+00
1.867620004034095018e+03 1.113673352528044003e+00
1.867790298554386027e+03 1.112213825395418798e+00
1.867960593074677263e+03 1.111779592655685267e+00
1.868130887594968726e+03 1.112407143407409427e+00
1.868301182115260190e+03 1.114265986354779248e+00
1.868471476635551198e+03 1.115542474916091154e+00
1.868641771155842207e+03 1.114774002266760267e+00
1.868812065676133670e+03 1.113424148044022122e+00
1.868982360196425361e+03 1.115048880143564070e+00
1.869152654716716370e+03 1.122244481525208393e+00
1.869322949237007379e+03 1.126940176393033344e+00
1.869493243757298842e+03 1.122208701112845208e+00
1.869663538277590305e+03 1.117040363249865553e+00
1.869833832797881541e+03 1.113924353115436805e+00
1.870004127318172550e+03 1.111929021328080136e+00
1.870174421838464013e+03 1.111237172868705603e+00
1.870344716358755477e+03 1.111039395143629038e+00
1.870515010879046486e+03 1.111076337605916287e+00
1.870685305399337722e+03 1.111294758683974315e+00
1.870855599919629185e+03 1.111667332592616741e+00
1.871025894439920648e+03 1.112119677978396171e+00
1.871196188960211657e+03 1.112684024045953457e+00
1.871366483480502666e+03 1.113456450874152459e+00
1.871536778000794357e+03 1.115039966704876262e+00
1.871707072521085820e+03 1.119672820504500788e+00
1.871877367041376829e+03 1.126291550152346499e+00
1.872047661561667837e+03 1.127930362884752125e+00
1.872217956081959301e+03 1.125002493988047192e+00
1.872388250602250764e+03 1.122386490151365157e+00
1.872558545122542000e+03 1.118954710215456672e+00
1.872728839642833009e+03 1.116160788574880547e+00
1.872899134163124472e+03 1.115442619797326618e+00
1.873069428683415936e+03 1.115671441716149737e+00
1.873239723203706944e+03 1.116207055167519613e+00
1.873410017723998180e+03 1.116919117959799923e+00
1.873580312244289644e+03 1.117715405934664119e+00
1.873750606764581107e+03 1.118497301117769904e+00
1.873920901284872116e+03 1.119186718483211607e+00
1.874091195805163352e+03 1.119755394228777234e+00
1.874261490325454815e+03 1.120250906625496867e+00
1.874431784845746279e+03 1.120792117485121420e+00
1.874602079366037287e+03 1.121471533692621092e+00
1.874772373886328296e+03 1.122289710671959373e+00
1.874942668406619759e+03 1.123206313499980791e+00
1.875112962926911223e+03 1.124648535634377833e+00
1.875283257447202459e+03 1.126947691425766784e+00
1.875453551967493468e+03 1.128924101941771951e+00
1.875623846487784931e+03 1.129726999302769430e+00
1.875794141008076394e+03 1.130489756046457739e+00
1.875964435528367403e+03 1.131734015291972151e+00
1.876134730048658639e+03 1.132780116867239562e+00
1.876305024568950103e+03 1.133262313751077111e+00
1.876475319089241566e+03 1.133593716690237230e+00
1.876645613609532575e+03 1.134156236169600485e+00
1.876815908129823811e+03 1.134942494646260736e+00
1.876986202650115274e+03 1.135923902046057421e+00
1.877156497170406737e+03 1.137126260666825761e+00
1.877326791690697746e+03 1.138567049658166130e+00
1.877497086210988755e+03 1.140269530047174795e+00
1.877667380731280218e+03 1.142107113875480806e+00
1.877837675251571682e+03 1.143482545781295823e+00
1.878007969771862918e+03 1.144310736179245502e+00
1.878178264292153926e+03 1.145582219686606118e+00
1.878348558812445390e+03 1.147525382339994904e+00
1.878518853332736853e+03 1.149432995675517155e+00
1.878689147853027862e+03 1.151902261131107608e+00
1.878859442373319098e+03 1.154797937664923779e+00
1.879029736893610561e+03 1.155778848632670774e+00
1.879200031413902025e+03 1.156371929858500680e+00
1.879370325934193033e+03 1.164096634191831736e+00
1.879540620454484269e+03 1.180486824315439609e+00
1.879710914974775733e+03 1.190171335521535312e+00
1.879881209495067196e+03 1.185675737846563660e+00
1.880051504015358205e+03 1.179951484838361431e+00
1.880221798535649214e+03 1.173367887227150907e+00
1.880392093055940677e+03 1.167806048625117610e+00
1.880562387576232140e+03 1.166988714056491183e+00
1.880732682096523376e+03 1.168448084162310163e+00
1.880902976616814385e+03 1.171141634695704870e+00
1.881073271137105849e+03 1.175669351166726884e+00
1.881243565657397312e+03 1.180403544508013880e+00
1.881413860177688548e+03 1.185492118053920185e+00
1.881584154697979557e+03 1.190368818456059907e+00
1.881754449218271020e+03 1.189820005886349508e+00
1.881924743738562483e+03 1.186936521629332608e+00
1.882095038258853492e+03 1.187328306517876797e+00
1.882265332779144728e+03 1.187751034530978078e+00
1.882435627299436192e+03 1.187508227324156618e+00
1.882605921819727655e+03 1.188305950923027599e+00
1.882776216340018664e+03 1.189870647973144457e+00
1.882946510860309672e+03 1.191743152008405637e+00
1.883116805380601136e+03 1.193798429147478579e+00
1.883287099900892599e+03 1.195965417311587231e+00
1.883457394421183835e+03 1.198129306056914700e+00
1.883627688941474844e+03 1.200407734419306260e+00
1.883797983461766307e+03 1.203555096867686025e+00
1.883968277982057771e+03 1.207528113334684683e+00
1.884138572502349007e+03 1.211859866549784392e+00
1.884308867022640015e+03 1.216988390725957991e+00
1.884479161542931479e+03 1.220332299805097387e+00
1.884649456063222942e+03 1.220130679687121411e+00
1.884819750583513951e+03 1.220274045955790143e+00
1.884990045103805187e+03 1.220692441533562267e+00
1.885160339624096650e+03 1.220631319583793672e+00
1.885330634144388114e+03 1.221452932916561318e+00
1.885500928664679122e+03 1.223037342306350528e+00
1.885671223184970131e+03 1.224865159474901599e+00
1.885841517705261595e+03 1.226935552970427334e+00
1.886011812225553285e+03 1.229206760050888914e+00
1.886182106745844294e+03 1.231510157165444763e+00
1.886352401266135303e+03 1.233792377530622097e+00
1.886522695786426766e+03 1.236111733896930964e+00
1.886692990306718229e+03 1.238389406638727319e+00
1.886863284827009466e+03 1.240546658845739447e+00
1.887033579347300474e+03 1.242612788379134914e+00
1.887203873867591938e+03 1.244672900152317574e+00
1.887374168387883401e+03 1.247405885724235830e+00
1.887544462908174410e+03 1.251382473918257965e+00
1.887714757428465646e+03 1.255235805638564850e+00
1.887885051948757109e+03 1.258216368627912640e+00
1.888055346469048573e+03 1.261196787685137544e+00
1.888225640989339581e+03 1.265833952141004914e+00
1.888395935509630590e+03 1.280094558630659574e+00
1.888566230029922281e+03 1.300825298237840766e+00
1.888736524550213744e+03 1.310884793720263231e+00
1.888906819070504753e+03 1.309292567121811635e+00
1.889077113590795761e+03 1.298561523124632355e+00
1.889247408111087225e+03 1.281848406500702087e+00
1.889417702631378688e+03 1.272210835355341629e+00
1.889587997151669924e+03 1.272229970889732442e+00
1.889758291671960933e+03 1.274654137484425576e+00
1.889928586192252396e+03 1.276814160460425951e+00
1.890098880712543860e+03 1.278891867739506694e+00
1.890269175232834868e+03 1.280831412316708828e+00
1.890439469753126104e+03 1.282594232677037871e+00
1.890609764273417568e+03 1.284206838268792339e+00
1.890780058793709031e+03 1.285710302663101601e+00
1.890950353314000040e+03 1.287184700580600083e+00
1.891120647834291049e+03 1.288775520713250966e+00
1.891290942354582739e+03 1.291401264627842105e+00
1.891461236874874203e+03 1.296591091298116227e+00
1.891631531395165212e+03 1.302467521334601086e+00
1.891801825915456220e+03 1.306877234384508535e+00
1.891972120435747684e+03 1.313093642049025789e+00
1.892142414956039147e+03 1.317285204255000064e+00
1.892312709476330383e+03 1.312666559617906570e+00
1.892483003996621392e+03 1.306008233097194715e+00
1.892653298516912855e+03 1.304397915932142826e+00
1.892823593037204319e+03 1.304369225018734202e+00
1.892993887557495327e+03 1.304623331436284284e+00
1.893164182077786563e+03 1.305628578001794438e+00
1.893334476598078027e+03 1.306707437388461734e+00
1.893504771118369490e+03 1.307642068103020305e+00
1.893675065638660499e+03 1.308539666670812451e+00
1.893845360158951735e+03 1.309396602721917713e+00
1.894015654679243198e+03 1.310183858716044369e+00
1.894185949199534662e+03 1.310978249372829474e+00
1.894356243719825670e+03 1.311854030734925125e+00
1.894526538240116679e+03 1.312905587155906773e+00
1.894696832760408142e+03 1.314204769432904873e+00
1.894867127280699606e+03 1.315599571656009825e+00
1.895037421800990842e+03 1.317459910139364254e+00
1.895207716321281850e+03 1.320985277930395885e+00
1.895378010841573314e+03 1.326580667325364171e+00
1.895548305361864777e+03 1.335798862063496628e+00
1.895718599882155786e+03 1.347089323786025084e+00
1.895888894402447022e+03 1.347764330801344057e+00
1.896059188922738485e+03 1.338092753164949356e+00
1.896229483443029949e+03 1.331757027606423449e+00
1.896399777963320957e+03 1.328474658319878765e+00
1.896570072483612194e+03 1.325865423996008152e+00
1.896740367003903657e+03 1.324713716478183700e+00
1.896910661524195120e+03 1.324394739862869486e+00
1.897080956044486129e+03 1.324560946578363207e+00
1.897251250564777138e+03 1.325201267633623337e+00
1.897421545085068601e+03 1.325948467309983947e+00
1.897591839605360065e+03 1.326512416755833978e+00
1.897762134125651301e+03 1.326979607158063734e+00
1.897932428645942309e+03 1.327421260089798327e+00
1.898102723166233773e+03 1.327950333031243657e+00
1.898273017686525236e+03 1.328708459868378267e+00
1.898443312206816472e+03 1.330282350772054256e+00
1.898613606727107481e+03 1.334009587128671903e+00
1.898783901247398944e+03 1.338744445003227757e+00
1.898954195767690408e+03 1.342807544434904798e+00
1.899124490287981416e+03 1.351088530372739793e+00
1.899294784808272652e+03 1.361404361454617185e+00
1.899465079328564116e+03 1.360805657551871661e+00
1.899635373848855579e+03 1.352560710951995038e+00
1.899805668369146588e+03 1.350123698547691653e+00
1.899975962889437596e+03 1.350002251265700837e+00
1.900146257409729060e+03 1.350924027331356747e+00
1.900316551930020523e+03 1.354073521272269431e+00
1.900486846450311759e+03 1.353972754536179046e+00
1.900657140970602768e+03 1.349351745475684705e+00
1.900827435490894231e+03 1.345518892595729765e+00
1.900997730011185695e+03 1.344224495299203959e+00
1.901168024531476931e+03 1.343914483398143567e+00
1.901338319051767940e+03 1.344257101658978604e+00
1.901508613572059403e+03 1.345281790529875066e+00
1.901678908092350866e+03 1.346585801628197521e+00
1.901849202612641875e+03 1.347711068038343507e+00
1.902019497132933111e+03 1.348604758237885282e+00
1.902189791653224574e+03 1.349497669426516611e+00
1.902360086173516038e+03 1.350505316463471717e+00
1.902530380693807047e+03 1.351477305513997695e+00
1.902700675214098055e+03 1.352239216195467053e+00
1.902870969734389519e+03 1.353080152226010746e+00
1.903041264254680982e+03 1.354279462259343703e+00
1.903211558774972218e+03 1.355647660147429434e+00
1.903381853295263227e+03 1.356923152531844146e+00
1.903552147815554690e+03 1.358458182963601324e+00
1.903722442335846154e+03 1.361100814707714823e+00
1.903892736856137390e+03 1.364520943704185640e+00
1.904063031376428398e+03 1.369528585860606107e+00
1.904233325896719862e+03 1.377394852365177114e+00
1.904403620417011325e+03 1.380870526979964152e+00
1.904573914937302334e+03 1.376712571392548545e+00
1.904744209457593570e+03 1.372464233891780072e+00
1.904914503977885033e+03 1.370079503836088231e+00
1.905084798498176497e+03 1.367618970911883336e+00
1.905255093018467505e+03 1.366094194416798580e+00
1.905425387538758514e+03 1.365644829738589472e+00
1.905595682059049977e+03 1.365628489943493618e+00
1.905765976579341668e+03 1.365769864915636234e+00
1.905936271099632677e+03 1.365910794498061076e+00
1.906106565619923686e+03 1.366002386503396782e+00
1.906276860140215149e+03 1.366078093001339422e+00
1.906447154660506612e+03 1.366222353681946222e+00
1.906617449180797848e+03 1.366736174316558028e+00
1.906787743701088857e+03 1.368377479304420774e+00
1.906958038221380320e+03 1.371190319016469816e+00
1.907128332741671784e+03 1.375640822276045450e+00
1.907298627261962793e+03 1.385591013754163159e+00
1.907468921782254029e+03 1.396463550882543370e+00
1.907639216302545492e+03 1.393711322043529766e+00
1.907809510822836955e+03 1.381093419925980115e+00
1.907979805343127964e+03 1.372412153850543826e+00
1.908150099863418973e+03 1.365342520266387361e+00
1.908320394383710664e+03 1.359446830197567735e+00
1.908490688904002127e+03 1.356137975958525921e+00
1.908660983424293136e+03 1.353834046410871350e+00
1.908831277944584144e+03 1.351869200525802617e+00
1.909001572464875608e+03 1.350100886654398646e+00
1.909171866985167071e+03 1.348327997466931993e+00
1.909342161505458307e+03 1.346414501488385262e+00
1.909512456025749316e+03 1.344382515224126440e+00
1.909682750546040779e+03 1.342322748005217115e+00
1.909853045066332243e+03 1.340336647331187292e+00
1.910023339586623251e+03 1.338459280400206231e+00
1.910193634106914487e+03 1.336504200240537621e+00
1.910363928627205951e+03 1.334099555081131872e+00
1.910534223147497414e+03 1.331427223181434361e+00
1.910704517667788423e+03 1.328894504858341818e+00
1.910874812188079659e+03 1.326285356859072895e+00
1.911045106708371122e+03 1.323632399630269241e+00
1.911215401228662586e+03 1.320985047186811201e+00
1.911385695748953594e+03 1.318280446034551634e+00
1.911555990269244603e+03 1.315600601722140883e+00
1.911726284789536066e+03 1.312949346085165336e+00
1.911896579309827530e+03 1.310484276745423227e+00
1.912066873830118766e+03 1.308481416037089451e+00
1.912237168350409775e+03 1.306615623778787816e+00
1.912407462870701238e+03 1.304404717535939895e+00
1.912577757390992701e+03 1.301698536177836152e+00
1.912748051911283710e+03 1.298836222482778746e+00
1.912918346431574946e+03 1.296303531989254409e+00
1.913088640951866410e+03 1.293560358296776069e+00
1.913258935472157873e+03 1.290553137290967989e+00
1.913429229992448882e+03 1.288777305920720817e+00
1.913599524512740118e+03 1.289432180410410522e+00
1.913769819033031581e+03 1.292956144132172192e+00
1.913940113553323044e+03 1.294962817195964178e+00
1.914110408073614053e+03 1.290590244897587890e+00
1.914280702593905062e+03 1.285300389755094308e+00
1.914450997114196525e+03 1.280093158890781790e+00
1.914621291634487989e+03 1.273034767151743463e+00
1.914791586154779225e+03 1.267078402238674517e+00
1.914961880675070233e+03 1.262614931380762862e+00
1.915132175195361697e+03 1.259152319446016577e+00
1.915302469715653160e+03 1.256263536859126617e+00
1.915472764235944169e+03 1.253394219187933256e+00
1.915643058756235405e+03 1.250492542347187985e+00
1.915813353276526868e+03 1.247797970378117682e+00
1.915983647796818332e+03 1.246756658513831439e+00
1.916153942317109340e+03 1.248533707221525013e+00
1.916324236837400576e+03 1.251142311982141653e+00
1.916494531357692040e+03 1.254347143089980632e+00
1.916664825877983503e+03 1.256263795012588336e+00
1.916835120398274512e+03 1.249472328145426081e+00
1.917005414918565521e+03 1.238604210200302980e+00
1.917175709438856984e+03 1.231716668271602533e+00
1.917346003959148447e+03 1.225941217676787875e+00
1.917516298479439683e+03 1.220326862977977100e+00
1.917686592999730692e+03 1.216227324101265772e+00
1.917856887520022156e+03 1.212990402328383510e+00
1.918027182040313619e+03 1.209970522850022823e+00
1.918197476560604855e+03 1.207047056242867678e+00
1.918367771080895864e+03 1.204225226889087175e+00
1.918538065601187327e+03 1.201442879676009934e+00
1.918708360121478790e+03 1.198720415715100573e+00
1.918878654641769799e+03 1.196094085830722964e+00
1.919048949162061035e+03 1.193422935058922274e+00
1.919219243682352499e+03 1.190629367922098725e+00
1.919389538202643962e+03 1.187848522935397666e+00
1.919559832722934971e+03 1.185194445048553868e+00
1.919730127243225979e+03 1.182681598989353544e+00
1.919900421763517443e+03 1.180191696611399887e+00
1.920070716283808906e+03 1.177544226554394946e+00
1.920241010804100142e+03 1.174823396118553909e+00
1.920411305324391151e+03 1.172242043823589208e+00
1.920581599844682614e+03 1.169787774711660733e+00
1.920751894364974078e+03 1.167264948982402073e+00
1.920922188885265314e+03 1.164720808643775030e+00
1.921092483405556322e+03 1.162326803691706267e+00
1.921262777925847786e+03 1.159906981811416493e+00
1.921433072446139249e+03 1.157378185071930021e+00
1.921603366966430258e+03 1.154924484361025350e+00
1.921773661486721494e+03 1.152655752881854845e+00
1.921943956007012957e+03 1.150460975937826813e+00
1.922114250527304421e+03 1.148221172897395892e+00
1.922284545047595429e+03 1.146025658349893783e+00
1.922454839567886438e+03 1.143844106141230998e+00
1.922625134088177902e+03 1.141686192290221946e+00
1.922795428608469365e+03 1.139696322909793835e+00
1.922965723128760601e+03 1.137750202319613546e+00
1.923136017649051610e+03 1.135629244117048797e+00
1.923306312169343073e+03 1.133325060454911215e+00
1.923476606689634536e+03 1.131087064641213669e+00
1.923646901209925772e+03 1.129170591253319422e+00
1.923817195730216781e+03 1.127741483343120521e+00
1.923987490250508245e+03 1.127101131832612513e+00
1.924157784770799708e+03 1.127591546736022243e+00
1.924328079291090717e+03 1.129383027784457205e+00
1.924498373811381953e+03 1.129994505321804343e+00
1.924668668331673416e+03 1.126634417786785303e+00
1.924838962851964880e+03 1.122273734025572178e+00
1.925009257372255888e+03 1.118288259482311364e+00
1.925179551892546897e+03 1.114356574036847292e+00
1.925349846412838360e+03 1.111419708369310033e+00
1.925520140933130051e+03 1.109265911918497771e+00
1.925690435453421060e+03 1.107209368326371957e+00
1.925860729973712068e+03 1.105249849714722732e+00
1.926031024494003532e+03 1.103642367590594198e+00
1.926201319014294995e+03 1.102541105020727663e+00
1.926371613534586231e+03 1.102334901142290935e+00
1.926541908054877240e+03 1.103018297440456319e+00
1.926712202575168703e+03 1.104895825680817012e+00
1.926882497095460167e+03 1.107014496920981417e+00
1.927052791615751175e+03 1.105077627415069319e+00
1.927223086136042411e+03 1.100347843483864718e+00
1.927393380656333875e+03 1.096772642052575186e+00
1.927563675176625338e+03 1.092726572187895595e+00
1.927733969696916347e+03 1.088337372866870822e+00
1.927904264217207356e+03 1.085200826765426729e+00
1.928074558737499046e+03 1.082965447897391353e+00
1.928244853257790510e+03 1.081071161426506944e+00
1.928415147778081518e+03 1.079268907814340039e+00
1.928585442298372527e+03 1.077463844809182447e+00
1.928755736818663991e+03 1.075767016248000640e+00
1.928926031338955454e+03 1.074082804684013404e+00
1.929096325859246690e+03 1.072228502223682378e+00
1.929266620379537699e+03 1.070302034051626716e+00
1.929436914899829162e+03 1.068482580111881353e+00
1.929607209420120626e+03 1.066832089277914841e+00
1.929777503940411634e+03 1.065238718903324111e+00
1.929947798460702870e+03 1.063570225431616612e+00
1.930118092980994334e+03 1.061756065319996223e+00
1.930288387501285797e+03 1.059847624511992992e+00
1.930458682021576806e+03 1.058218919063151464e+00
1.930628976541868042e+03 1.056949414594833048e+00
1.930799271062159505e+03 1.055489179850720216e+00
1.930969565582450969e+03 1.053692426065552246e+00
1.931139860102741977e+03 1.051786713770694881e+00
1.931310154623032986e+03 1.049995606548727034e+00
1.931480449143324449e+03 1.048457921251882974e+00
1.931650743663615913e+03 1.047048887460756639e+00
1.931821038183907149e+03 1.045557254756249943e+00
1.931991332704198157e+03 1.044000397651553724e+00
1.932161627224489621e+03 1.042406838301408234e+00
1.932331921744781084e+03 1.040758196192942409e+00
1.932502216265072093e+03 1.039111505588885542e+00
1.932672510785363329e+03 1.037534008933055585e+00
1.932842805305654792e+03 1.036024150847220548e+00
1.933013099825946256e+03 1.034569432208023665e+00
1.933183394346237264e+03 1.033139958316977580e+00
1.933353688866528501e+03 1.031715496717190206e+00
1.933523983386819964e+03 1.030256544217587278e+00
1.933694277907111427e+03 1.028801861003690421e+00
1.933864572427402436e+03 1.027430167126667460e+00
1.934034866947693445e+03 1.026098904289332925e+00
1.934205161467984908e+03 1.024750034597343040e+00
1.934375455988276371e+03 1.023407244538596661e+00
1.934545750508567608e+03 1.022148482613808085e+00
1.934716045028858616e+03 1.021027352318686354e+00
1.934886339549150080e+03 1.019903034880209614e+00
1.935056634069441543e+03 1.018597059106092884e+00
1.935226928589732552e+03 1.017231985296669361e+00
1.935397223110023788e+03 1.015994541838526999e+00
1.935567517630315251e+03 1.015198497193154470e+00
1.935737812150606715e+03 1.015240629233242764e+00
1.935908106670897723e+03 1.016072956031675023e+00
1.936078401191188959e+03 1.016165172783234150e+00
1.936248695711480423e+03 1.014090037837160230e+00
1.936418990231771886e+03 1.011612083008429863e+00
1.936589284752062895e+03 1.009747226373055362e+00
1.936759579272353903e+03 1.007637422160458707e+00
1.936929873792645367e+03 1.005581255196974277e+00
1.937100168312936830e+03 1.003972106956275923e+00
1.937270462833228066e+03 1.002672399757903676e+00
1.937440757353519075e+03 1.001665367252582817e+00
1.937611051873810538e+03 1.001085323774797864e+00
1.937781346394102002e+03 1.001018591819075043e+00
1.937951640914393238e+03 1.001558386526177458e+00
1.938121935434684247e+03 1.002514010848762460e+00
1.938292229954975710e+03 1.002180160183834490e+00
1.938462524475267173e+03 1.000047589003557169e+00
1.938632818995558182e+03 9.985063776091107624e-01
1.938803113515849418e+03 9.970045133646056046e-01
1.938973408036140881e+03 9.945655205876395843e-01
1.939143702556432345e+03 9.925210717768022661e-01
1.939313997076723354e+03 9.912175589332156145e-01
1.939484291597014362e+03 9.901630233957713356e-01
1.939654586117305826e+03 9.892059914578859026e-01
1.939824880637597289e+03 9.883390971709495876e-01
1.939995175157888525e+03 9.875350358188773603e-01
1.940165469678179534e+03 9.867299795716830690e-01
1.940335764198470997e+03 9.858517112096625290e-01
1.940506058718762461e+03 9.849795550448670056e-01
1.940676353239053697e+03 9.841973563687116400e-01
1.940846647759344705e+03 9.834107771413687082e-01
1.941016942279636169e+03 9.825497130242506483e-01
1.941187236799927632e+03 9.816643845585431016e-01
1.941357531320218641e+03 9.808103870141133829e-01
1.941527825840509877e+03 9.800186606813658940e-01
1.941698120360801340e+03 9.792078654744210686e-01
1.941868414881092804e+03 9.783200342640053782e-01
1.942038709401383812e+03 9.774810782987741753e-01
1.942209003921674821e+03 9.767740570628106189e-01
1.942379298441966284e+03 9.761248666317905442e-01
1.942549592962257975e+03 9.754118896374766035e-01
1.942719887482548984e+03 9.749779973941874456e-01
1.942890182002839992e+03 9.770308983389166535e-01
1.943060476523131456e+03 9.851176335900824199e-01
1.943230771043422919e+03 9.968768775215475220e-01
1.943401065563714155e+03 1.003748246159571700e+00
1.943571360084005164e+03 9.992516216069290413e-01
1.943741654604296627e+03 9.849675592487885378e-01
1.943911949124588091e+03 9.740792599573209198e-01
1.944082243644879100e+03 9.705622082436566878e-01
1.944252538165170336e+03 9.709796295742392225e-01
1.944422832685461799e+03 9.765044667160853731e-01
1.944593127205753262e+03 9.880879956662425023e-01
1.944763421726044271e+03 9.968271169121412090e-01
1.944933716246335280e+03 9.916471675997327040e-01
1.945104010766626971e+03 9.771570706570557041e-01
1.945274305286918434e+03 9.673576023120477041e-01
1.945444599807209443e+03 9.648954979413133515e-01
1.945614894327500451e+03 9.642881543978460979e-01
1.945785188847791915e+03 9.636906597259347063e-01
1.945955483368083378e+03 9.632930149482117343e-01
1.946125777888374614e+03 9.629085974454330010e-01
1.946296072408665623e+03 9.623449022464798386e-01
1.946466366928957086e+03 9.616065902499171258e-01
1.946636661449248550e+03 9.609266891556691448e-01
1.946806955969539558e+03 9.604532547162110134e-01
1.946977250489830794e+03 9.600639646057844701e-01
1.947147545010122258e+03 9.596369831571713860e-01
1.947317839530413721e+03 9.592061685911070779e-01
1.947488134050704730e+03 9.587496598650890878e-01
1.947658428570995738e+03 9.582115462964724273e-01
1.947828723091287429e+03 9.576260385831286692e-01
1.947999017611578893e+03 9.571312982096602529e-01
1.948169312131869901e+03 9.569223160122681815e-01
1.948339606652160910e+03 9.570300904815450815e-01
1.948509901172452373e+03 9.572255581845829919e-01
1.948680195692743837e+03 9.573293592242440031e-01
1.948850490213035073e+03 9.568433680600754165e-01
1.949020784733326082e+03 9.557328333634547146e-01
1.949191079253617545e+03 9.548353197011698601e-01
1.949361373773909008e+03 9.540745800518226627e-01
1.949531668294200017e+03 9.533186513984464039e-01
1.949701962814491253e+03 9.527144442358945753e-01
1.949872257334782716e+03 9.522308688101925878e-01
1.950042551855074180e+03 9.520197233935163705e-01
1.950212846375365189e+03 9.521164639810437702e-01
1.950383140895656425e+03 9.522626155907383261e-01
1.950553435415947888e+03 9.524556845000233807e-01
1.950723729936239351e+03 9.522388441926099567e-01
1.950894024456530360e+03 9.514409115389006466e-01
1.951064318976821369e+03 9.508917716681319909e-01
1.951234613497112832e+03 9.501988383270696392e-01
1.951404908017404296e+03 9.490052610479648987e-01
1.951575202537695532e+03 9.481629469211044769e-01
1.951745497057986540e+03 9.478049903793944742e-01
1.951915791578278004e+03 9.471366169344530572e-01
1.952086086098569467e+03 9.460795394834218275e-01
1.952256380618860476e+03 9.451902066317231510e-01
1.952426675139151712e+03 9.445050652731159513e-01
1.952596969659443175e+03 9.438771571998039178e-01
1.952767264179734639e+03 9.433157693554004020e-01
1.952937558700025647e+03 9.427915772113791837e-01
1.953107853220316883e+03 9.422971605839114417e-01
1.953278147740608347e+03 9.418753375533532868e-01
1.953448442260899810e+03 9.414589076481325591e-01
1.953618736781190819e+03 9.409265285628867215e-01
1.953789031301481828e+03 9.402889506766289873e-01
1.953959325821773291e+03 9.396667124947895022e-01
1.954129620342064754e+03 9.391016194930601468e-01
1.954299914862355990e+03 9.385201715527552446e-01
1.954470209382646999e+03 9.378948148150041408e-01
1.954640503902938462e+03 9.373094406710774651e-01
1.954810798423229926e+03 9.372976080440413860e-01
1.954981092943521162e+03 9.402877933688866818e-01
1.955151387463812171e+03 9.461789853525692795e-01
1.955321681984103634e+03 9.469604758071568096e-01
1.955491976504395097e+03 9.407135583734760331e-01
1.955662271024686106e+03 9.354283550169091299e-01
1.955832565544977342e+03 9.333357789903153900e-01
1.956002860065268806e+03 9.323915592680518394e-01
1.956173154585560269e+03 9.317450355721036415e-01
1.956343449105851278e+03 9.312285983366087594e-01
1.956513743626142286e+03 9.307554396173504108e-01
1.956684038146433750e+03 9.302590012563196620e-01
1.956854332666725213e+03 9.297688775112710191e-01
1.957024627187016449e+03 9.294039713402063585e-01
1.957194921707307458e+03 9.294809722512460404e-01
1.957365216227598921e+03 9.300231001605729908e-01
1.957535510747890385e+03 9.298912059116533069e-01
1.957705805268181621e+03 9.282995848175747966e-01
1.957876099788472629e+03 9.267081421900611460e-01
1.958046394308764093e+03 9.259413378866407918e-01
1.958216688829055556e+03 9.254173426238653244e-01
1.958386983349346565e+03 9.248474427843969004e-01
1.958557277869637801e+03 9.241065226874609628e-01
1.958727572389929264e+03 9.233133231554087050e-01
1.958897866910220728e+03 9.227073814313295763e-01
1.959068161430511736e+03 9.221918351878708453e-01
1.959238455950802745e+03 9.216296239770322973e-01
1.959408750471094208e+03 9.210176244336858442e-01
1.959579044991385672e+03 9.203483023088552262e-01
1.959749339511676908e+03 9.196512961438929601e-01
1.959919634031967917e+03 9.190001543436263631e-01
1.960089928552259380e+03 9.184358269265137098e-01
1.960260223072550843e+03 9.179153775485087152e-01
1.960430517592842079e+03 9.174159800799959186e-01
1.960600812113133088e+03 9.168868891786128295e-01
1.960771106633424552e+03 9.163196383991915051e-01
1.960941401153716015e+03 9.157535702213644990e-01
1.961111695674007024e+03 9.151729380417359394e-01
1.961281990194298260e+03 9.146635423807383258e-01
1.961452284714589723e+03 9.145533962324647881e-01
1.961622579234881186e+03 9.146121861160909638e-01
1.961792873755172195e+03 9.141063862232827741e-01
1.961963168275463204e+03 9.135229509486912924e-01
1.962133462795754667e+03 9.135452797972382077e-01
1.962303757316046358e+03 9.137476731882203662e-01
1.962474051836337367e+03 9.134128238936822797e-01
1.962644346356628375e+03 9.122013006826484860e-01
1.962814640876919839e+03 9.109373619678371448e-01
1.962984935397211302e+03 9.100167800341039115e-01
1.963155229917502538e+03 9.090108648519334977e-01
1.963325524437793547e+03 9.081779282673486664e-01
1.963495818958085010e+03 9.078196391520366726e-01
1.963666113478376474e+03 9.078433808781454228e-01
1.963836407998667482e+03 9.079638810233712221e-01
1.964006702518958718e+03 9.079114504276524222e-01
1.964176997039250182e+03 9.075677209003630841e-01
1.964347291559541645e+03 9.068024839063686393e-01
1.964517586079832654e+03 9.058758322363940074e-01
1.964687880600123663e+03 9.053211498835026516e-01
1.964858175120415353e+03 9.049015987037135611e-01
1.965028469640706817e+03 9.042599650539155931e-01
1.965198764160997825e+03 9.035732731163759190e-01
1.965369058681288834e+03 9.030564850736412241e-01
1.965539353201580298e+03 9.027046191701605382e-01
1.965709647721871761e+03 9.023311991403319965e-01
1.965879942242162997e+03 9.018286079598614169e-01
1.966050236762454006e+03 9.012461083998750677e-01
1.966220531282745469e+03 9.006857158915272388e-01
1.966390825803036932e+03 9.002034755872960758e-01
1.966561120323327941e+03 8.998293082851707148e-01
1.966731414843619177e+03 8.995749087373017261e-01
1.966901709363910641e+03 8.993911577643594057e-01
1.967072003884202104e+03 8.991996139249835984e-01
1.967242298404493113e+03 8.989447928375431385e-01
1.967412592924784349e+03 8.985926171789790917e-01
1.967582887445075812e+03 8.981539229022604820e-01
1.967753181965367276e+03 8.976958783774577899e-01
1.967923476485658284e+03 8.972756859961492637e-01
1.968093771005949293e+03 8.969067252290269243e-01
1.968264065526240756e+03 8.965917459578319759e-01
1.968434360046532220e+03 8.963625889487216725e-01
1.968604654566823456e+03 8.962510663193987703e-01
1.968774949087114464e+03 8.961801596857439378e-01
1.968945243607405928e+03 8.959851306585211450e-01
1.969115538127697391e+03 8.955574090302313994e-01
1.969285832647988400e+03 8.950163430289224120e-01
1.969456127168279636e+03 8.946205660720768504e-01
1.969626421688571099e+03 8.943478466627547974e-01
1.969796716208862563e+03 8.940483478280913943e-01
1.969967010729153571e+03 8.937356581661568544e-01
1.970137305249444807e+03 8.935565076275253649e-01
1.970307599769736271e+03 8.934710251749014009e-01
1.970477894290027734e+03 8.933765292445825512e-01
1.970648188810318743e+03 8.933103936378383736e-01
1.970818483330609752e+03 8.932964699894093696e-01
1.970988777850901215e+03 8.932311016672960235e-01
1.971159072371192678e+03 8.930535008643289974e-01
1.971329366891483915e+03 8.928058592566530116e-01
1.971499661411774923e+03 8.925346740973595372e-01
1.971669955932066387e+03 8.922769628602552627e-01
1.971840250452357850e+03 8.920745930508977573e-01
1.972010544972648859e+03 8.919663877361383442e-01
1.972180839492940095e+03 8.918648079314425159e-01
1.972351134013231558e+03 8.915789839877517053e-01
1.972521428533523022e+03 8.911844958857869647e-01
1.972691723053814030e+03 8.908341719102065293e-01
1.972862017574105266e+03 8.904586747167724248e-01
1.973032312094396730e+03 8.901150107265259903e-01
1.973202606614688193e+03 8.899111867782391050e-01
1.973372901134979202e+03 8.898212055464767012e-01
1.973543195655270210e+03 8.897997458365074497e-01
1.973713490175561674e+03 8.898143911460874023e-01
1.973883784695853137e+03 8.897881816791803899e-01
1.974054079216144373e+03 8.896624814086655508e-01
1.974224373736435382e+03 8.894676899389177827e-01
1.974394668256726845e+03 8.892545324058360734e-01
1.974564962777018309e+03 8.890027217988809571e-01
1.974735257297309545e+03 8.887076722022284603e-01
1.974905551817600553e+03 8.884354180275958468e-01
1.975075846337892017e+03 8.882554250702554555e-01
1.975246140858183480e+03 8.881914093937743893e-01
1.975416435378474489e+03 8.881936863496355805e-01
1.975586729898765725e+03 8.881994245555838718e-01
1.975757024419057188e+03 8.882056273120960688e-01
1.975927318939348652e+03 8.881896224945794449e-01
1.976097613459639661e+03 8.881221023061449671e-01
1.976267907979930669e+03 8.880868830719060858e-01
1.976438202500222133e+03 8.881420813682761040e-01
1.976608497020513596e+03 8.883085051366702567e-01
1.976778791540804832e+03 8.886640240595957696e-01
1.976949086061095841e+03 8.891736872998229346e-01
1.977119380581387304e+03 8.897934203565412981e-01
1.977289675101678768e+03 8.902448612022992869e-01
1.977459969621970004e+03 8.897886610637384397e-01
1.977630264142261012e+03 8.888143380200491661e-01
1.977800558662552476e+03 8.883143303106235678e-01
1.977970853182843939e+03 8.883427631947643510e-01
1.978141147703134948e+03 8.886082414579766775e-01
1.978311442223426184e+03 8.888639522269699000e-01
1.978481736743717647e+03 8.889464280896334225e-01
1.978652031264009111e+03 8.889002416027483866e-01
1.978822325784300119e+03 8.888185949928014695e-01
1.978992620304591128e+03 8.886049649119337479e-01
1.979162914824882591e+03 8.884014831951346780e-01
1.979333209345174055e+03 8.886397163773145369e-01
1.979503503865465291e+03 8.890711797032935237e-01
1.979673798385756299e+03 8.890153311211685949e-01
1.979844092906047763e+03 8.885538484412023319e-01
1.980014387426339226e+03 8.881119063476399234e-01
1.980184681946630462e+03 8.879276037765382323e-01
1.980354976466921471e+03 8.879725692938480464e-01
1.980525270987212934e+03 8.880561689778140311e-01
1.980695565507504398e+03 8.883264775164800842e-01
1.980865860027795406e+03 8.894738472734015078e-01
1.981036154548086643e+03 8.918090768966313586e-01
1.981206449068378106e+03 8.937417926984462246e-01
1.981376743588669569e+03 8.937735863287241678e-01
1.981547038108960578e+03 8.924706952625827139e-01
1.981717332629251587e+03 8.909570400112788446e-01
1.981887627149543050e+03 8.902099250679534892e-01
1.982057921669834741e+03 8.894183612398744998e-01
1.982228216190125750e+03 8.888778918411619490e-01
1.982398510710416758e+03 8.907893201074909006e-01
1.982568805230708222e+03 8.940903069326733288e-01
1.982739099750999685e+03 8.963927506944466828e-01
1.982909394271290921e+03 9.008512738124196950e-01
1.983079688791581930e+03 9.087017119663824971e-01
1.983249983311873393e+03 9.114905815955661739e-01
1.983420277832164857e+03 9.093073827465658621e-01
1.983590572352455865e+03 9.085464801536791146e-01
1.983760866872747101e+03 9.043570011584146640e-01
1.983931161393038565e+03 8.988883473550096648e-01
1.984101455913330028e+03 8.957984865817361086e-01
1.984271750433621037e+03 8.940469781661524173e-01
1.984442044953912045e+03 8.948547116140899149e-01
1.984612339474203736e+03 8.968834124252124118e-01
1.984782633994495200e+03 8.970517210143652553e-01
1.984952928514786208e+03 8.959063055438305501e-01
1.985123223035077217e+03 8.996634777758083512e-01
1.985293517555368680e+03 9.094134362440721153e-01
1.985463812075660144e+03 9.120657213078389169e-01
1.985634106595951380e+03 9.040028279269171074e-01
1.985804401116242389e+03 8.983819617396904267e-01
1.985974695636533852e+03 8.950815879699154376e-01
1.986144990156825315e+03 8.919542807064698708e-01
1.986315284677116324e+03 8.908447170875878340e-01
1.986485579197407560e+03 8.909444084465698577e-01
1.986655873717699023e+03 8.913540526865129099e-01
1.986826168237990487e+03 8.916867517243605157e-01
1.986996462758281496e+03 8.916130328676703520e-01
1.987166757278572732e+03 8.919824454139766434e-01
1.987337051798864195e+03 8.920807109811182967e-01
1.987507346319155658e+03 8.910005829016696133e-01
1.987677640839446667e+03 8.903059366548643494e-01
1.987847935359737676e+03 8.909664009445814603e-01
1.988018229880029139e+03 8.946084722099918451e-01
1.988188524400320603e+03 9.056041914109083102e-01
1.988358818920611839e+03 9.190242745598293794e-01
1.988529113440902847e+03 9.193689492157068877e-01
1.988699407961194311e+03 9.094163824980137090e-01
1.988869702481485774e+03 9.032129681609850635e-01
1.989039997001776783e+03 8.997785007680839664e-01
1.989210291522068019e+03 8.949170197091007584e-01
1.989380586042359482e+03 8.907967028137392385e-01
1.989550880562650946e+03 8.891756079307573390e-01
1.989721175082941954e+03 8.886886788677985649e-01
1.989891469603233190e+03 8.883587030765420778e-01
1.990061764123524654e+03 8.882854089393961150e-01
1.990232058643816117e+03 8.882565991674631345e-01
1.990402353164107126e+03 8.882790779629291533e-01
1.990572647684398135e+03 8.886547179311409250e-01
1.990742942204689598e+03 8.890836018029562027e-01
1.990913236724981061e+03 8.888933714816851239e-01
1.991083531245272297e+03 8.881190799271827530e-01
1.991253825765563306e+03 8.871874181372043644e-01
1.991424120285854769e+03 8.867539475259739179e-01
1.991594414806146233e+03 8.871180478183380291e-01
1.991764709326437242e+03 8.872930253865097816e-01
1.991935003846728478e+03 8.869103058474694379e-01
1.992105298367019941e+03 8.863585526467078202e-01
1.992275592887311404e+03 8.866736416821974220e-01
1.992445887407602413e+03 8.875483269066526404e-01
1.992616181927893649e+03 8.876698264167205421e-01
1.992786476448185113e+03 8.873944694020643453e-01
1.992956770968476576e+03 8.877666951833593778e-01
1.993127065488767585e+03 8.884817038768109132e-01
1.993297360009058593e+03 8.887724897511415367e-01
1.993467654529350057e+03 8.884766629745692867e-01
1.993637949049641520e+03 8.884071755453795127e-01
1.993808243569932756e+03 8.889145115711738487e-01
1.993978538090223765e+03 8.892189584931052826e-01
1.994148832610515228e+03 8.890419462888496938e-01
1.994319127130806692e+03 8.887238237661509999e-01
1.994489421651097928e+03 8.883469413635289857e-01
1.994659716171388936e+03 8.876795141096363029e-01
1.994830010691680400e+03 8.869808761041948486e-01
1.995000305211971863e+03 8.873007707279654266e-01
1.995170599732262872e+03 8.884227571392259160e-01
1.995340894252554108e+03 8.890830245418579469e-01
1.995511188772845571e+03 8.890465712203050597e-01
1.995681483293137035e+03 8.889682123929442126e-01
1.995851777813428043e+03 8.885744553801211421e-01
1.996022072333719052e+03 8.881434667169486596e-01
1.996192366854010515e+03 8.911622041333093769e-01
1.996362661374301979e+03 8.983505526830031229e-01
1.996532955894593215e+03 9.004687450818387173e-01
1.996703250414884224e+03 8.927341584219817827e-01
1.996873544935175687e+03 8.866428422884632399e-01
1.997043839455467150e+03 8.871441225660956498e-01
1.997214133975758386e+03 8.878394414994557060e-01
1.997384428496049395e+03 8.873315100788664589e-01
1.997554723016340859e+03 8.871935785142115449e-01
1.997725017536632322e+03 8.885084541529351121e-01
1.997895312056923331e+03 8.903128165500833191e-01
1.998065606577214567e+03 8.905058402744339130e-01
1.998235901097506030e+03 8.915780211307731129e-01
1.998406195617797493e+03 8.947477101364865737e-01
1.998576490138088502e+03 8.975151480585625841e-01
1.998746784658379511e+03 8.986093213395641710e-01
1.998917079178670974e+03 8.976137670099240129e-01
1.999087373698962665e+03 8.966940086615290406e-01
1.999257668219253674e+03 8.942883961935506054e-01
1.999427962739544682e+03 8.894773870214157663e-01
1.999598257259836146e+03 8.861166879737976121e-01
1.999768551780127609e+03 8.849396682203438669e-01
1.999938846300418845e+03 8.845146471054873283e-01
2.000109140820709854e+03 8.842994455638533147e-01
2.000279435341001317e+03 8.841623475627008455e-01
2.000449729861292781e+03 8.841360424007893570e-01
2.000620024381583789e+03 8.842148934903468760e-01
2.000790318901875025e+03 8.842275070907812395e-01
2.000960613422166489e+03 8.841086933200561493e-01
2.001130907942457952e+03 8.844976880980811584e-01
2.001301202462748961e+03 8.862597393411744129e-01
2.001471496983039970e+03 8.885512050293207231e-01
2.001641791503331433e+03 8.900296933430211777e-01
2.001812086023623124e+03 8.915433986605626471e-01
2.001982380543914132e+03 8.930819493770549844e-01
2.002152675064205141e+03 8.909169797405076530e-01
2.002322969584496605e+03 8.862138069339104973e-01
2.002493264104788068e+03 8.837740893556207400e-01
2.002663558625079304e+03 8.830825210185817564e-01
2.002833853145370313e+03 8.823855624817087406e-01
2.003004147665661776e+03 8.816972656690369448e-01
2.003174442185953239e+03 8.810711840415579310e-01
2.003344736706244248e+03 8.805973939188560529e-01
2.003515031226535484e+03 8.804232392685578112e-01
2.003685325746826948e+03 8.803732928057477203e-01
2.003855620267118411e+03 8.801376736511091758e-01
2.004025914787409420e+03 8.798644284730463561e-01
2.004196209307700428e+03 8.798665181845547467e-01
2.004366503827992119e+03 8.799957686794128708e-01
2.004536798348283583e+03 8.799459749087035210e-01
2.004707092868574591e+03 8.797220663434498489e-01
2.004877387388865600e+03 8.793091323572350682e-01
2.005047681909157063e+03 8.792711496056093701e-01
2.005217976429448527e+03 8.804995828355225429e-01
2.005388270949739763e+03 8.826606447987060955e-01
2.005558565470030771e+03 8.869114614536655061e-01
2.005728859990322235e+03 8.916449061851835500e-01
2.005899154510613698e+03 8.892006019161182717e-01
2.006069449030904707e+03 8.820413677556780963e-01
2.006239743551195943e+03 8.783265033880707229e-01
2.006410038071487406e+03 8.777114478757384042e-01
2.006580332591778870e+03 8.783959955652724805e-01
2.006750627112069878e+03 8.790746692985689226e-01
2.006920921632361114e+03 8.786296845653343013e-01
2.007091216152652578e+03 8.784437157757465364e-01
2.007261510672944041e+03 8.822104767923237834e-01
2.007431805193235050e+03 8.909411059075457162e-01
2.007602099713526059e+03 8.979918493422633929e-01
2.007772394233817522e+03 8.971351584069084950e-01
2.007942688754108985e+03 8.885486443573370474e-01
2.008112983274400221e+03 8.797284342281279645e-01
2.008283277794691230e+03 8.759397294184526617e-01
2.008453572314982694e+03 8.751517778184038088e-01
2.008623866835274157e+03 8.749773042372416265e-01
2.008794161355565166e+03 8.749396218368603595e-01
2.008964455875856402e+03 8.747390291119716554e-01
2.009134750396147865e+03 8.743535083144369224e-01
2.009305044916439329e+03 8.750158575884772194e-01
2.009475339436730337e+03 8.772694631295961942e-01
2.009645633957021573e+03 8.802938185942519311e-01
2.009815928477313037e+03 8.873440814985066316e-01
2.009986222997604500e+03 8.972935050279351454e-01
2.010156517517895509e+03 8.955760392846272566e-01
2.010326812038186517e+03 8.821018924236220249e-01
2.010497106558477981e+03 8.746838933666682969e-01
2.010667401078769444e+03 8.733589584226493230e-01
2.010837695599060680e+03 8.729916886822248756e-01
2.011007990119351689e+03 8.733354303040670175e-01
2.011178284639643152e+03 8.735382039415487965e-01
2.011348579159934616e+03 8.731303138226559346e-01
2.011518873680225852e+03 8.724410850024018060e-01
2.011689168200516860e+03 8.718325548506520306e-01
2.011859462720808324e+03 8.713326427004516317e-01
2.012029757241099787e+03 8.707896960121959129e-01
2.012200051761390796e+03 8.704405022788506141e-01
2.012370346281682032e+03 8.704885794953337586e-01
2.012540640801973495e+03 8.706352098494831715e-01
2.012710935322264959e+03 8.705407374225344608e-01
2.012881229842555967e+03 8.702665180322100014e-01
2.013051524362846976e+03 8.700685086485413500e-01
2.013221818883138440e+03 8.700468057959712675e-01
2.013392113403429903e+03 8.704695913953302000e-01
2.013562407923721139e+03 8.710852607690435789e-01
2.013732702444012148e+03 8.724918347550286724e-01
2.013902996964303611e+03 8.755769569258702312e-01
2.014073291484595075e+03 8.773956787182733974e-01
2.014243586004886311e+03 8.750811727401544005e-01
2.014413880525177319e+03 8.707415117619051736e-01
2.014584175045468783e+03 8.692503374771752833e-01
2.014754469565760246e+03 8.687808839152695306e-01
2.014924764086051255e+03 8.681295554081053245e-01
2.015095058606342491e+03 8.680800487936168874e-01
2.015265353126633954e+03 8.680793262473098792e-01
2.015435647646925418e+03 8.678276687501376152e-01
2.015605942167216426e+03 8.674892353324883398e-01
2.015776236687507435e+03 8.671997375407848319e-01
2.015946531207798898e+03 8.671199464508758670e-01
2.016116825728090362e+03 8.671978593280935677e-01
2.016287120248381598e+03 8.670975333866151047e-01
2.016457414768672606e+03 8.667737369077331833e-01
2.016627709288964070e+03 8.665197444328469611e-01
2.016798003809255533e+03 8.664509575257391960e-01
2.016968298329546769e+03 8.665940920466674857e-01
2.017138592849837778e+03 8.673889133591172751e-01
2.017308887370129241e+03 8.689340814682995351e-01
2.017479181890420705e+03 8.702054692939096281e-01
2.017649476410711713e+03 8.733586936353042729e-01
2.017819770931002950e+03 8.798817442306692271e-01
2.017990065451294413e+03 8.820771263420372765e-01
2.018160359971585876e+03 8.775398888497583094e-01
2.018330654491876885e+03 8.729008108045037684e-01
2.018500949012167894e+03 8.708541111794734224e-01
2.018671243532459357e+03 8.689512499042004734e-01
2.018841538052751048e+03 8.669360886853214598e-01
2.019011832573042057e+03 8.656513773986781457e-01
2.019182127093333065e+03 8.649245927754556362e-01
2.019352421613624529e+03 8.643545426096146400e-01
2.019522716133915992e+03 8.643822094998590000e-01
2.019693010654207228e+03 8.648951018856982920e-01
2.019863305174498237e+03 8.653036928168194031e-01
2.020033599694789700e+03 8.654901644095509550e-01
2.020203894215081164e+03 8.656064763858400957e-01
2.020374188735372172e+03 8.657978823660368306e-01
2.020544483255663408e+03 8.660066923933935623e-01
2.020714777775954872e+03 8.660368288105586565e-01
2.020885072296246335e+03 8.657681248863858814e-01
2.021055366816537344e+03 8.655174045351781142e-01
2.021225661336828352e+03 8.654912005294895794e-01
2.021395955857120043e+03 8.651609084488869339e-01
2.021566250377411507e+03 8.645937241131920192e-01
2.021736544897702515e+03 8.639677023297791525e-01
2.021906839417993524e+03 8.634751037868918511e-01
2.022077133938284987e+03 8.635278159084609495e-01
2.022247428458576451e+03 8.637452370683225134e-01
2.022417722978867687e+03 8.636267759122658871e-01
2.022588017499158696e+03 8.635623169809837352e-01
2.022758312019450159e+03 8.642534056460866587e-01
2.022928606539741622e+03 8.653762058259375500e-01
2.023098901060032631e+03 8.676065209027825631e-01
2.023269195580323867e+03 8.749624202864429989e-01
2.023439490100615330e+03 8.831910521242631873e-01
2.023609784620906794e+03 8.810619690452694552e-01
2.023780079141197803e+03 8.731919816962603331e-01
2.023950373661489039e+03 8.696024102465859107e-01
2.024120668181780502e+03 8.675127546951562074e-01
2.024290962702071965e+03 8.651515272049760119e-01
2.024461257222362974e+03 8.636746248660842618e-01
2.024631551742653983e+03 8.628656091037832931e-01
2.024801846262945446e+03 8.624269147366252497e-01
2.024972140783236910e+03 8.622395932327678869e-01
2.025142435303528146e+03 8.621715035992285614e-01
2.025312729823819154e+03 8.621272095489110887e-01
2.025483024344110618e+03 8.621552961137861626e-01
2.025653318864402081e+03 8.622358673170464893e-01
2.025823613384693090e+03 8.622064460883278603e-01
2.025993907904984326e+03 8.621470475293047109e-01
2.026164202425275789e+03 8.625891888376653327e-01
2.026334496945567253e+03 8.639519579967755991e-01
2.026504791465858261e+03 8.656461932000988346e-01
2.026675085986149497e+03 8.687371686425779949e-01
2.026845380506440961e+03 8.748478329890254646e-01
2.027015675026732424e+03 8.786027349772536077e-01
2.027185969547023433e+03 8.757159412553834343e-01
2.027356264067314441e+03 8.715769007340963270e-01
2.027526558587605905e+03 8.691591710416667338e-01
2.027696853107897368e+03 8.658793414738242822e-01
2.027867147628188604e+03 8.630337088178523519e-01
2.028037442148479613e+03 8.618858191669078739e-01
2.028207736668771076e+03 8.614686959983923753e-01
2.028378031189062540e+03 8.613251373848174186e-01
2.028548325709353549e+03 8.615912774651932615e-01
2.028718620229644785e+03 8.620611962402492390e-01
2.028888914749936248e+03 8.622946015043286838e-01
2.029059209270227711e+03 8.621769222480135664e-01
2.029229503790518720e+03 8.616768864830512964e-01
2.029399798310809956e+03 8.613959068159752208e-01
2.029570092831101420e+03 8.618766875812797768e-01
2.029740387351392883e+03 8.626169882986921555e-01
2.029910681871683892e+03 8.626560491990522550e-01
2.030080976391974900e+03 8.618716771702219503e-01
2.030251270912266364e+03 8.610795379830584739e-01
2.030421565432557827e+03 8.609842293372730326e-01
2.030591859952849063e+03 8.617065934162044805e-01
2.030762154473140072e+03 8.622870546557648286e-01
2.030932448993431535e+03 8.619363529016785819e-01
2.031102743513722999e+03 8.616504627714633990e-01
2.031273038034014235e+03 8.614724047020698716e-01
2.031443332554305243e+03 8.610197404641037888e-01
2.031613627074596707e+03 8.606436431481572225e-01
2.031783921594888170e+03 8.624153244130586815e-01
2.031954216115179179e+03 8.688047823521187762e-01
2.032124510635470415e+03 8.751078662009788012e-01
2.032294805155761878e+03 8.760303070803906467e-01
2.032465099676053342e+03 8.752264293534487427e-01
2.032635394196344350e+03 8.726592967714863480e-01
2.032805688716635359e+03 8.660468932684934895e-01
2.032975983236926822e+03 8.609628491902561187e-01
2.033146277757218286e+03 8.603504197583764501e-01
2.033316572277509522e+03 8.615838238648584335e-01
2.033486866797800531e+03 8.637910687443708380e-01
2.033657161318091994e+03 8.671801725425143381e-01
2.033827455838383457e+03 8.725957245455564504e-01
2.033997750358674693e+03 8.797096252566634078e-01
2.034168044878965702e+03 8.800550596823608629e-01
2.034338339399257165e+03 8.718382215538462710e-01
2.034508633919548629e+03 8.664980009160103691e-01
2.034678928439839638e+03 8.644007506129858243e-01
2.034849222960130874e+03 8.625630097862313495e-01
2.035019517480422337e+03 8.615301059565427799e-01
2.035189812000713800e+03 8.612527269076512004e-01
2.035360106521004809e+03 8.614493115691970182e-01
2.035530401041295818e+03 8.616259128260513878e-01
2.035700695561587281e+03 8.613428384869072918e-01
2.035870990081878745e+03 8.609550093497607692e-01
2.036041284602169981e+03 8.611985813547924362e-01
2.036211579122460989e+03 8.617136165570364881e-01
2.036381873642752453e+03 8.624887341187710277e-01
2.036552168163043916e+03 8.641650610846467462e-01
2.036722462683335152e+03 8.664004057507415091e-01
2.036892757203626161e+03 8.696551198366018198e-01
2.037063051723917624e+03 8.751778092919629826e-01
2.037233346244209088e+03 8.781339505712941751e-01
2.037403640764500096e+03 8.742638823365942446e-01
2.037573935284791332e+03 8.692748585044653975e-01
2.037744229805082796e+03 8.677744413447630034e-01
2.037914524325374259e+03 8.663242782515347962e-01
2.038084818845665268e+03 8.641404516286478321e-01
2.038255113365956277e+03 8.626471001524459448e-01
2.038425407886247740e+03 8.619357864887833287e-01
2.038595702406539431e+03 8.621021900697507512e-01
2.038765996926830439e+03 8.647168407759620035e-01
2.038936291447121448e+03 8.737941005118953219e-01
2.039106585967412911e+03 8.861518181542464845e-01
2.039276880487704375e+03 8.903746986641877248e-01
2.039447175007995611e+03 8.855738265451424951e-01
2.039617469528286620e+03 8.788753616922949652e-01
2.039787764048578083e+03 8.722153214269345867e-01
2.039958058568869546e+03 8.668622547542302881e-01
2.040128353089160555e+03 8.634997370980921350e-01
2.040298647609451791e+03 8.616738377704291629e-01
2.040468942129743255e+03 8.612640306695902304e-01
2.040639236650034718e+03 8.615363797207722385e-01
2.040809531170325727e+03 8.616998767518582181e-01
2.040979825690616735e+03 8.616595615505745487e-01
2.041150120210908426e+03 8.616030496913091863e-01
2.041320414731199890e+03 8.615924322921035827e-01
2.041490709251490898e+03 8.616666255749814152e-01
2.041661003771781907e+03 8.618894349318881876e-01
2.041831298292073370e+03 8.621761475527068841e-01
2.042001592812364834e+03 8.624495803682861172e-01
2.042171887332656070e+03 8.628715978913062967e-01
2.042342181852947078e+03 8.632749392784370146e-01
2.042512476373238542e+03 8.632161492089438504e-01
2.042682770893530005e+03 8.631203657836797882e-01
2.042853065413821014e+03 8.633523736690986716e-01
2.043023359934112250e+03 8.634044203143114160e-01
2.043193654454403713e+03 8.631813806897534747e-01
2.043363948974695177e+03 8.630530198213304249e-01
2.043534243494986185e+03 8.631920511570029264e-01
2.043704538015277421e+03 8.634482990404754865e-01
2.043874832535568885e+03 8.636979212611595180e-01
2.044045127055860348e+03 8.639091821821782702e-01
2.044215421576151357e+03 8.640259383083188638e-01
2.044385716096442366e+03 8.639941408229414588e-01
2.044556010616733829e+03 8.638323095798988716e-01
2.044726305137025292e+03 8.637710658204210690e-01
2.044896599657316528e+03 8.640709249928635316e-01
2.045066894177607537e+03 8.647262533955084596e-01
2.045237188697899001e+03 8.654344275782097640e-01
2.045407483218190464e+03 8.667538883783134640e-01
2.045577777738481473e+03 8.705226804870899171e-01
2.045748072258772709e+03 8.747353486091152819e-01
2.045918366779064172e+03 8.746045252093878064e-01
2.046088661299355635e+03 8.720330834169203182e-01
2.046258955819646644e+03 8.703799327108179273e-01
2.046429250339937880e+03 8.684671974912245851e-01
2.046599544860229344e+03 8.667049875645076451e-01
2.046769839380520807e+03 8.659804932205473760e-01
2.046940133900811816e+03 8.659437887294745284e-01
2.047110428421102824e+03 8.661400855052570069e-01
2.047280722941394288e+03 8.663082555768679693e-01
2.047451017461685751e+03 8.667292306698345383e-01
2.047621311981976987e+03 8.700550580986254889e-01
2.047791606502267996e+03 8.795266480627648154e-01
2.047961901022559459e+03 8.910378904437825653e-01
2.048132195542851150e+03 8.963598978360756142e-01
2.048302490063142159e+03 8.933098838879900416e-01
2.048472784583433167e+03 8.881148994827960941e-01
2.048643079103724631e+03 8.853200079361174257e-01
2.048813373624016094e+03 8.815260742260526694e-01
2.048983668144307103e+03 8.786325423999044038e-01
2.049153962664598112e+03 8.764451428896204987e-01
2.049324257184889575e+03 8.731915978919935206e-01
2.049494551705181038e+03 8.709633616904753906e-01
2.049664846225472502e+03 8.701727712749116606e-01
2.049835140745763510e+03 8.697998388500789435e-01
2.050005435266054974e+03 8.695602497998218272e-01
2.050175729786346437e+03 8.693998862231605562e-01
2.050346024306637446e+03 8.694915831689815633e-01
2.050516318826928455e+03 8.697103451764770510e-01
2.050686613347219918e+03 8.699189075697577600e-01
2.050856907867511381e+03 8.702532981355846076e-01
2.051027202387802390e+03 8.706551973384029086e-01
2.051197496908093399e+03 8.709156514477580657e-01
2.051367791428384862e+03 8.710414005291569062e-01
2.051538085948676326e+03 8.712087901483616115e-01
2.051708380468967789e+03 8.715327496887778080e-01
2.051878674989258798e+03 8.719186110817216395e-01
2.052048969509550261e+03 8.721121877436649461e-01
2.052219264029841725e+03 8.721866266036817361e-01
2.052389558550132733e+03 8.725373868372623409e-01
2.052559853070423742e+03 8.731398376930981087e-01
2.052730147590715205e+03 8.736437786953205054e-01
2.052900442111006669e+03 8.739019752716907785e-01
2.053070736631297677e+03 8.739915342110363694e-01
2.053241031151589141e+03 8.740785454029631474e-01
2.053411325671880604e+03 8.743465750112013879e-01
2.053581620192172068e+03 8.748265748448749157e-01
2.053751914712463076e+03 8.753506197733011973e-01
2.053922209232754085e+03 8.756603788340040495e-01
2.054092503753045548e+03 8.757834530126942241e-01
2.054262798273337012e+03 8.760557066703320572e-01
2.054433092793628020e+03 8.766009511060892656e-01
2.054603387313919029e+03 8.771746136321298959e-01
2.054773681834210493e+03 8.776212648722975240e-01
2.054943976354501956e+03 8.780090675525621391e-01
2.055114270874793419e+03 8.783652808262540912e-01
2.055284565395084428e+03 8.786563446246671294e-01
2.055454859915375891e+03 8.787949053492196683e-01
2.055625154435667355e+03 8.787834858941765415e-01
2.055795448955958364e+03 8.789014588146644158e-01
2.055965743476249372e+03 8.795109169449895070e-01
2.056136037996540836e+03 8.807152794156798414e-01
2.056306332516832299e+03 8.821028812589635226e-01
2.056476627037123308e+03 8.829738158812494575e-01
2.056646921557414316e+03 8.829615186301194019e-01
2.056817216077705780e+03 8.826421296125538385e-01
2.056987510597997698e+03 8.830847540382956717e-01
2.057157805118288707e+03 8.837587831486002354e-01
2.057328099638579715e+03 8.838634711306980751e-01
2.057498394158871179e+03 8.836729095657204214e-01
2.057668688679162642e+03 8.839865997660272257e-01
2.057838983199453651e+03 8.849739889806078619e-01
2.058009277719744659e+03 8.859709950111154253e-01
2.058179572240036123e+03 8.873231599901820754e-01
2.058349866760327586e+03 8.894498619654880311e-01
2.058520161280618595e+03 8.920065334946418734e-01
2.058690455800910058e+03 8.936858215564957852e-01
2.058860750321201522e+03 8.922133100302878095e-01
2.059031044841492985e+03 8.891362711711111588e-01
2.059201339361783994e+03 8.880016662382390624e-01
2.059371633882075002e+03 8.888647716792699160e-01
2.059541928402366466e+03 8.902473031347961641e-01
2.059712222922657929e+03 8.911942171275100133e-01
2.059882517442948938e+03 8.911166735860472921e-01
2.060052811963239947e+03 8.903394948932227271e-01
2.060223106483531410e+03 8.903542530600689897e-01
2.060393401003822873e+03 8.909532597600999804e-01
2.060563695524114337e+03 8.913635182201053997e-01
2.060733990044405346e+03 8.922632559249952244e-01
2.060904284564696809e+03 8.932669110322859485e-01
2.061074579084988272e+03 8.932612156546997362e-01
2.061244873605279281e+03 8.922707232984983250e-01
2.061415168125570290e+03 8.916713400473852413e-01
2.061585462645861753e+03 8.930378900194351210e-01
2.061755757166153217e+03 8.950103176775779934e-01
2.061926051686444225e+03 8.956863751949430963e-01
2.062096346206735689e+03 8.954336364261298309e-01
2.062266640727027152e+03 8.939024932759069841e-01
2.062436935247318615e+03 8.922143736816087189e-01
2.062607229767609624e+03 8.918422893422284226e-01
2.062777524287900633e+03 8.926825381725385089e-01
2.062947818808192096e+03 8.942538646261719570e-01
2.063118113328483560e+03 8.962944287388325826e-01
2.063288407848774568e+03 8.980872502085289755e-01
2.063458702369065577e+03 8.982805272586100731e-01
2.063628996889357040e+03 8.970595990976084622e-01
2.063799291409648504e+03 8.958724728902985879e-01
2.063969585929939512e+03 8.946225351112414570e-01
2.064139880450230976e+03 8.937086038948479638e-01
2.064310174970522439e+03 8.936758297054053779e-01
2.064480469490813903e+03 8.942808034995709532e-01
2.064650764011104911e+03 8.954353385910953644e-01
2.064821058531395920e+03 8.971084971942173691e-01
2.064991353051687383e+03 8.997428282431563229e-01
2.065161647571978847e+03 9.041019410767311415e-01
2.065331942092269855e+03 9.068554099802419444e-01
2.065502236612560864e+03 9.046132796926568131e-01
2.065672531132852328e+03 9.013045293962005378e-01
2.065842825653143791e+03 8.995367164087229028e-01
2.066013120173435254e+03 8.977490576781105291e-01
2.066183414693726263e+03 8.961803713212099787e-01
2.066353709214017726e+03 8.952782629633891931e-01
2.066524003734309190e+03 8.948075647677987687e-01
2.066694298254600199e+03 8.947799972330725549e-01
2.066864592774891207e+03 8.950741931801455831e-01
2.067034887295182671e+03 8.954093577195325615e-01
2.067205181815474134e+03 8.958095655426099313e-01
2.067375476335765143e+03 8.966261051248717306e-01
2.067545770856056606e+03 8.984843386156828871e-01
2.067716065376348070e+03 9.017538933360342845e-01
2.067886359896639533e+03 9.044639979476267744e-01
2.068056654416930542e+03 9.034047854022599910e-01
2.068226948937221550e+03 9.005153875111701067e-01
2.068397243457513014e+03 8.986307065280454420e-01
2.068567537977804477e+03 8.970990730323740170e-01
2.068737832498095486e+03 8.960601286904452678e-01
2.068908127018386494e+03 8.963590450273546395e-01
2.069078421538677958e+03 8.984309776593299990e-01
2.069248716058969421e+03 9.016142944329900155e-01
2.069419010579260885e+03 9.055368266712360281e-01
2.069589305099551893e+03 9.096850005685304108e-01
2.069759599619843357e+03 9.086061894775097070e-01
2.069929894140134820e+03 9.021726528279073731e-01
2.070100188660425829e+03 8.978176161572507530e-01
2.070270483180716838e+03 8.961618205223158551e-01
2.070440777701008301e+03 8.949378181396763221e-01
2.070611072221299764e+03 8.940823265563871969e-01
2.070781366741590773e+03 8.935648843914760775e-01
2.070951661261881782e+03 8.932867556055960057e-01
2.071121955782173245e+03 8.932263424909826499e-01
2.071292250302464709e+03 8.930454892986722237e-01
2.071462544822756172e+03 8.924999654951437655e-01
2.071632839343047181e+03 8.918225036378435444e-01
2.071803133863338644e+03 8.916772068676291907e-01
2.071973428383630107e+03 8.921533858121586391e-01
2.072143722903921116e+03 8.923972882731558975e-01
2.072314017424212125e+03 8.923053706895546222e-01
2.072484311944503588e+03 8.924372490119524270e-01
2.072654606464795052e+03 8.926028507224108566e-01
2.072824900985086060e+03 8.924178580130597283e-01
2.072995195505377524e+03 8.926601431016196742e-01
2.073165490025668987e+03 8.943037815650476396e-01
2.073335784545960450e+03 8.964467398966275979e-01
2.073506079066251459e+03 8.983074275173397183e-01
2.073676373586542468e+03 9.031754862070600076e-01
2.073846668106833931e+03 9.202262974917503335e-01
2.074016962627125395e+03 9.514268199596938036e-01
2.074187257147416403e+03 9.768949886809266125e-01
2.074357551667707412e+03 9.742907185053604202e-01
2.074527846187998875e+03 9.474652406720914799e-01
2.074698140708290339e+03 9.151478727926620760e-01
2.074868435228581802e+03 8.956645363167152762e-01
2.075038729748872811e+03 8.915272766767590173e-01
2.075209024269164274e+03 8.913647496734647957e-01
2.075379318789455738e+03 8.908099904961389592e-01
2.075549613309746746e+03 8.913742511692269721e-01
2.075719907830037755e+03 8.918198026208976614e-01
2.075890202350329218e+03 8.907377890854981661e-01
2.076060496870620682e+03 8.891988306053530966e-01
2.076230791390911691e+03 8.881560183380561302e-01
2.076401085911202699e+03 8.876936955774958893e-01
2.076571380431494163e+03 8.876675679943959452e-01
2.076741674951786081e+03 8.877386265610940352e-01
2.076911969472077089e+03 8.877304167174950855e-01
2.077082263992368098e+03 8.875923894847155271e-01
2.077252558512659562e+03 8.873706501486867682e-01
2.077422853032951025e+03 8.872635021633406005e-01
2.077593147553242034e+03 8.872439942924950085e-01
2.077763442073533042e+03 8.871607192361591343e-01
2.077933736593824506e+03 8.875452655042834760e-01
2.078104031114115969e+03 8.892148303815481380e-01
2.078274325634406978e+03 8.912197584670096262e-01
2.078444620154698441e+03 8.915078788878280092e-01
2.078614914674989905e+03 8.896047994499789446e-01
2.078785209195281368e+03 8.873515084868690561e-01
2.078955503715572377e+03 8.863064421873871890e-01
2.079125798235863385e+03 8.860596851851119116e-01
2.079296092756154849e+03 8.859111935865375820e-01
2.079466387276446312e+03 8.857126339061229814e-01
2.079636681796737321e+03 8.854524097302035601e-01
2.079806976317028330e+03 8.851215698191476910e-01
2.079977270837319793e+03 8.847929726779515391e-01
2.080147565357611256e+03 8.845223962050576816e-01
2.080317859877902720e+03 8.843922638170701456e-01
2.080488154398193728e+03 8.843790867731053940e-01
2.080658448918485192e+03 8.842918198674183383e-01
2.080828743438776655e+03 8.840254358682451130e-01
2.080999037959067664e+03 8.835758651421512511e-01
2.081169332479358673e+03 8.830090692674197328e-01
2.081339626999650136e+03 8.825569306681573245e-01
2.081509921519941599e+03 8.824377313389424327e-01
2.081680216040232608e+03 8.824808197429796497e-01
2.081850510560524071e+03 8.823987535417443517e-01
2.082020805080815535e+03 8.821483284996705088e-01
2.082191099601106998e+03 8.817971012596440561e-01
2.082361394121398007e+03 8.814325773186916235e-01
2.082531688641689016e+03 8.812651078402695681e-01
2.082701983161980479e+03 8.812498298026975041e-01
2.082872277682271942e+03 8.810046983980210911e-01
2.083042572202562951e+03 8.803740320598618663e-01
2.083212866722853960e+03 8.797140793263757974e-01
2.083383161243145423e+03 8.793659898701540190e-01
2.083553455763436887e+03 8.791798722775494568e-01
2.083723750283727895e+03 8.791741593699560209e-01
2.083894044804019359e+03 8.798052708243694342e-01
2.084064339324310822e+03 8.808097061488160406e-01
2.084234633844602286e+03 8.809313180154174638e-01
2.084404928364893294e+03 8.802821206243529595e-01
2.084575222885184303e+03 8.815215238143254695e-01
2.084745517405475766e+03 8.855751708690815516e-01
2.084915811925767230e+03 8.879484116128406601e-01
2.085086106446058238e+03 8.858048624037376806e-01
2.085256400966349247e+03 8.825594666028930835e-01
2.085426695486640710e+03 8.808487183233273399e-01
2.085596990006932174e+03 8.794493147189381688e-01
2.085767284527223637e+03 8.776716331954068639e-01
2.085937579047514646e+03 8.761657809729093138e-01
2.086107873567806109e+03 8.764566539144245105e-01
2.086278168088097573e+03 8.790239478831062270e-01
2.086448462608388581e+03 8.822682184520423965e-01
2.086618757128679590e+03 8.848990068017248412e-01
2.086789051648971054e+03 8.839411426738184030e-01
2.086959346169262517e+03 8.799256678400994014e-01
2.087129640689553526e+03 8.771267446050150518e-01
2.087299935209844989e+03 8.754762900582574447e-01
2.087470229730136452e+03 8.737831259968631414e-01
2.087640524250427916e+03 8.727815807743197762e-01
2.087810818770718924e+03 8.729512763520034246e-01
2.087981113291009933e+03 8.736500255912644786e-01
2.088151407811301397e+03 8.740104350452502224e-01
2.088321702331592860e+03 8.735868247690838917e-01
2.088491996851883869e+03 8.729661347141555172e-01
2.088662291372174877e+03 8.739454045977520513e-01
2.088832585892466341e+03 8.759884722074446906e-01
2.089002880412757804e+03 8.766611262370491708e-01
2.089173174933049268e+03 8.758470362450445634e-01
2.089343469453340276e+03 8.742208814177756526e-01
2.089513763973631740e+03 8.728984485792770087e-01
2.089684058493923203e+03 8.731608421665171260e-01
2.089854353014214212e+03 8.730782310981701766e-01
2.090024647534505220e+03 8.714673677020425835e-01
2.090194942054796684e+03 8.697467573743153935e-01
2.090365236575088147e+03 8.685657273530322797e-01
2.090535531095379156e+03 8.666935711605386894e-01
2.090705825615670165e+03 8.606093683405113826e-01
2.090876120135961628e+03 8.355005393230130473e-01
2.091046414656253091e+03 7.624425144272903854e-01
2.091216709176544555e+03 6.719936826762948900e-01
