# Model for TARGETID=39627860595443189 at z=0, SPECTYPE=GALAXY, SUBTYPE=, smoothing=1.0
# wave_A flux
# 
2.257103609976387816e+03 -1.214431823928819876e-01
2.257605188556382473e+03 -1.345822293061999519e-01
2.258106767136377130e+03 -1.445274480974398645e-01
2.258608345716372241e+03 -1.469510519047360630e-01
2.259109924296366898e+03 -1.464849098517495007e-01
2.259611502876362010e+03 -1.453480103539245838e-01
2.260113081456356667e+03 -1.439710558411421149e-01
2.260614660036351779e+03 -1.424913952414647023e-01
2.261116238616346436e+03 -1.409482828679366750e-01
2.261617817196341548e+03 -1.393847027946916728e-01
2.262119395776336205e+03 -1.378324033767724943e-01
2.262620974356331317e+03 -1.363316881961452176e-01
2.263122552936325974e+03 -1.349638748385986742e-01
2.263624131516321086e+03 -1.338120697561190897e-01
2.264125710096315743e+03 -1.329344343789935490e-01
2.264627288676310400e+03 -1.323525770676620139e-01
2.265128867256305512e+03 -1.320251656841239518e-01
2.265630445836300169e+03 -1.318604335618603351e-01
2.266132024416295280e+03 -1.317342755069839111e-01
2.266633602996289937e+03 -1.315190883923910148e-01
2.267135181576285049e+03 -1.311034987473302382e-01
2.267636760156279706e+03 -1.304037147259537455e-01
2.268138338736274818e+03 -1.293838253049093834e-01
2.268639917316269475e+03 -1.280740514254319617e-01
2.269141495896264587e+03 -1.265755725745524307e-01
2.269643074476259244e+03 -1.249934154984543022e-01
2.270144653056254356e+03 -1.234248098953705519e-01
2.270646231636249013e+03 -1.220070717446499059e-01
2.271147810216243670e+03 -1.208830051603925204e-01
2.271649388796238782e+03 -1.201591507938866155e-01
2.272150967376233439e+03 -1.198713156133725533e-01
2.272652545956228550e+03 -1.199861573474932802e-01
2.273154124536223208e+03 -1.204793853150424726e-01
2.273655703116218319e+03 -1.213236307705225780e-01
2.274157281696212976e+03 -1.224141617519598352e-01
2.274658860276208088e+03 -1.235887279908723518e-01
2.275160438856202745e+03 -1.247324035242882989e-01
2.275662017436197857e+03 -1.257566095533905193e-01
2.276163596016192514e+03 -1.265004706928291867e-01
2.276665174596187626e+03 -1.267910538880876459e-01
2.277166753176182283e+03 -1.265745031758518102e-01
2.277668331756176940e+03 -1.258727953657783893e-01
2.278169910336172052e+03 -1.247491893808607283e-01
2.278671488916166709e+03 -1.232847329373141371e-01
2.279173067496161821e+03 -1.216006386692297658e-01
2.279674646076156478e+03 -1.198686907383361699e-01
2.280176224656151589e+03 -1.182460526937747225e-01
2.280677803236146246e+03 -1.168650897452815501e-01
2.281179381816141358e+03 -1.157765999681584640e-01
2.281680960396136015e+03 -1.150147316026452760e-01
2.282182538976131127e+03 -1.145270578379799786e-01
2.282684117556125784e+03 -1.149934645572418812e-01
2.283185696136120896e+03 -1.199899035462564656e-01
2.283687274716115553e+03 -1.307962079110575049e-01
2.284188853296110210e+03 -1.388384652024353683e-01
2.284690431876105322e+03 -1.350640376379836360e-01
2.285192010456099979e+03 -1.230373678303234852e-01
2.285693589036095091e+03 -1.131645493382255618e-01
2.286195167616089748e+03 -1.095506083638163042e-01
2.286696746196084860e+03 -1.086056415664754943e-01
2.287198324776079517e+03 -1.081327310964659005e-01
2.287699903356074628e+03 -1.078673047462817280e-01
2.288201481936069285e+03 -1.077246670782799065e-01
2.288703060516064397e+03 -1.077306102880608851e-01
2.289204639096059054e+03 -1.078146909558454630e-01
2.289706217676054166e+03 -1.079519902607778553e-01
2.290207796256048823e+03 -1.081683756978808475e-01
2.290709374836043480e+03 -1.085132019676461751e-01
2.291210953416038592e+03 -1.090427749451571837e-01
2.291712531996033249e+03 -1.097743745693139372e-01
2.292214110576028361e+03 -1.106599063147901962e-01
2.292715689156023018e+03 -1.116357014557609606e-01
2.293217267736018130e+03 -1.126497501243595295e-01
2.293718846316012787e+03 -1.136505794249134671e-01
2.294220424896007898e+03 -1.146279939561675731e-01
2.294722003476002556e+03 -1.155392261560619360e-01
2.295223582055997667e+03 -1.163415865875271349e-01
2.295725160635992324e+03 -1.170406188953783122e-01
2.296226739215987436e+03 -1.176864359943555760e-01
2.296728317795982093e+03 -1.183221365647059431e-01
2.297229896375976750e+03 -1.189660016679524868e-01
2.297731474955971862e+03 -1.196397490467343006e-01
2.298233053535966519e+03 -1.203271437898304486e-01
2.298734632115961631e+03 -1.209355748967327893e-01
2.299236210695956288e+03 -1.212958231818954680e-01
2.299737789275951400e+03 -1.212595163756756411e-01
2.300239367855946057e+03 -1.207565029140219570e-01
2.300740946435941169e+03 -1.197959683819592169e-01
2.301242525015935826e+03 -1.184757851527696859e-01
2.301744103595930937e+03 -1.169346269482801626e-01
2.302245682175925594e+03 -1.152891730912019852e-01
2.302747260755920706e+03 -1.136151595709140733e-01
2.303248839335915363e+03 -1.119489575928632741e-01
2.303750417915910020e+03 -1.102935725861631244e-01
2.304251996495905132e+03 -1.086461787748794067e-01
2.304753575075899789e+03 -1.070579316611831866e-01
2.305255153655894901e+03 -1.056300170589959536e-01
2.305756732235889558e+03 -1.044580818987936727e-01
2.306258310815884670e+03 -1.036161424023629429e-01
2.306759889395879327e+03 -1.031431125929924697e-01
2.307261467975874439e+03 -1.030222096184244540e-01
2.307763046555869096e+03 -1.031943780354776796e-01
2.308264625135864208e+03 -1.035915920755837855e-01
2.308766203715858865e+03 -1.041700162598888368e-01
2.309267782295853976e+03 -1.049280366846654655e-01
2.309769360875848633e+03 -1.058944998842004659e-01
2.310270939455843290e+03 -1.071008064200483223e-01
2.310772518035838402e+03 -1.085529059415439312e-01
2.311274096615833059e+03 -1.102084818168152514e-01
2.311775675195828171e+03 -1.119780544338439543e-01
2.312277253775822828e+03 -1.137212099498550733e-01
2.312778832355817940e+03 -1.152575141054440200e-01
2.313280410935812597e+03 -1.164289418800682901e-01
2.313781989515807709e+03 -1.171464607268241920e-01
2.314283568095802366e+03 -1.173985505048421862e-01
2.314785146675797478e+03 -1.172376643232060089e-01
2.315286725255792135e+03 -1.167779238626411586e-01
2.315788303835787246e+03 -1.161672345220570168e-01
2.316289882415781904e+03 -1.155431458979192527e-01
2.316791460995776561e+03 -1.150088605473691405e-01
2.317293039575771672e+03 -1.146296751575273942e-01
2.317794618155766329e+03 -1.144280862372019925e-01
2.318296196735761441e+03 -1.143699373759829441e-01
2.318797775315756098e+03 -1.143748809476102246e-01
2.319299353895751210e+03 -1.143380647645927811e-01
2.319800932475745867e+03 -1.141583848544250046e-01
2.320302511055740979e+03 -1.137728091286112214e-01
2.320804089635735636e+03 -1.131773195850562103e-01
2.321305668215730748e+03 -1.124118387307791733e-01
2.321807246795725405e+03 -1.115565783263854777e-01
2.322308825375720517e+03 -1.107384728734898960e-01
2.322810403955715174e+03 -1.101062603160459230e-01
2.323311982535709831e+03 -1.097961459894581104e-01
2.323813561115704942e+03 -1.099004566432217472e-01
2.324315139695699600e+03 -1.104425775932101478e-01
2.324816718275694711e+03 -1.113607441036251755e-01
2.325318296855689368e+03 -1.125121445869672887e-01
2.325819875435684480e+03 -1.137112677906961522e-01
2.326321454015679137e+03 -1.147956877356756389e-01
2.326823032595674249e+03 -1.156634139567007252e-01
2.327324611175668906e+03 -1.162881175019392643e-01
2.327826189755664018e+03 -1.167152325470687535e-01
2.328327768335658675e+03 -1.170185327627854405e-01
2.328829346915653332e+03 -1.172713802757169299e-01
2.329330925495648444e+03 -1.175443839437893684e-01
2.329832504075643101e+03 -1.178727603630894127e-01
2.330334082655638213e+03 -1.182400044319842636e-01
2.330835661235632870e+03 -1.186046516259258721e-01
2.331337239815627981e+03 -1.189186818209920921e-01
2.331838818395622638e+03 -1.191263289463499186e-01
2.332340396975617750e+03 -1.191779977692758175e-01
2.332841975555612407e+03 -1.190605331757093599e-01
2.333343554135607519e+03 -1.187773122190197567e-01
2.333845132715602176e+03 -1.183336161884218918e-01
2.334346711295597288e+03 -1.177584266050489270e-01
2.334848289875591945e+03 -1.170973285736433278e-01
2.335349868455586602e+03 -1.163968642411716825e-01
2.335851447035581714e+03 -1.157165202194809644e-01
2.336353025615576371e+03 -1.151266205232627793e-01
2.336854604195571483e+03 -1.146718267683519976e-01
2.337356182775566140e+03 -1.143511788051291417e-01
2.337857761355561252e+03 -1.141291649315370471e-01
2.338359339935555909e+03 -1.139557043020101162e-01
2.338860918515551020e+03 -1.137885133633966123e-01
2.339362497095545677e+03 -1.136142111291801871e-01
2.339864075675540789e+03 -1.134392950452150495e-01
2.340365654255535446e+03 -1.132712187643251933e-01
2.340867232835530558e+03 -1.131030214927800925e-01
2.341368811415525215e+03 -1.129221197303279800e-01
2.341870389995519872e+03 -1.127234650909594293e-01
2.342371968575514984e+03 -1.125079573677297273e-01
2.342873547155509641e+03 -1.122746948834937308e-01
2.343375125735504753e+03 -1.120576496635485586e-01
2.343876704315499410e+03 -1.119213861068557442e-01
2.344378282895494522e+03 -1.119195562629748952e-01
2.344879861475489179e+03 -1.120709751834133294e-01
2.345381440055484290e+03 -1.123244350241406064e-01
2.345883018635478948e+03 -1.125424913806284954e-01
2.346384597215474059e+03 -1.125463265484092645e-01
2.346886175795468716e+03 -1.121818371826662775e-01
2.347387754375463828e+03 -1.113595246106303116e-01
2.347889332955458485e+03 -1.100807418285567330e-01
2.348390911535453142e+03 -1.084585060137116946e-01
2.348892490115448254e+03 -1.066765751497115999e-01
2.349394068695442911e+03 -1.048976122350987611e-01
2.349895647275438023e+03 -1.032296395698048264e-01
2.350397225855432680e+03 -1.017367299134681602e-01
2.350898804435427792e+03 -1.004405816942704061e-01
2.351400383015422449e+03 -9.933487409115315803e-02
2.351901961595417561e+03 -9.841334991693377610e-02
2.352403540175412218e+03 -9.767867603959934364e-02
2.352905118755407329e+03 -9.713777076302099189e-02
2.353406697335401986e+03 -9.679541347042677768e-02
2.353908275915397098e+03 -9.664097674155355810e-02
2.354409854495391755e+03 -9.665286590976054915e-02
2.354911433075386412e+03 -9.681700557716413358e-02
2.355413011655381524e+03 -9.711768700719947134e-02
2.355914590235376181e+03 -9.752133629470773057e-02
2.356416168815371293e+03 -9.798688694099443042e-02
2.356917747395365950e+03 -9.847775848521256314e-02
2.357419325975361062e+03 -9.896640315377623620e-02
2.357920904555355719e+03 -9.943244375958348868e-02
2.358422483135350831e+03 -9.986417273799605421e-02
2.358924061715345488e+03 -1.002664889791030217e-01
2.359425640295340600e+03 -1.006541001175758066e-01
2.359927218875335257e+03 -1.010436968682494330e-01
2.360428797455330368e+03 -1.014556497082700348e-01
2.360930376035325025e+03 -1.018955617728830587e-01
2.361431954615319682e+03 -1.023455509950667031e-01
2.361933533195314794e+03 -1.027821219688422605e-01
2.362435111775309451e+03 -1.031891809334866683e-01
2.362936690355304563e+03 -1.035537632386666768e-01
2.363438268935299220e+03 -1.038717018230081446e-01
2.363939847515294332e+03 -1.041373859483545466e-01
2.364441426095288989e+03 -1.043263504819881560e-01
2.364943004675284101e+03 -1.043912612202948370e-01
2.365444583255278758e+03 -1.042705670979860860e-01
2.365946161835273870e+03 -1.039059136989281817e-01
2.366447740415268527e+03 -1.032605238166199868e-01
2.366949318995263638e+03 -1.023599729903521133e-01
2.367450897575258296e+03 -1.013117315349971459e-01
2.367952476155252953e+03 -1.002535027147136160e-01
2.368454054735248064e+03 -9.931764062782873215e-02
2.368955633315242721e+03 -9.861723992416195073e-02
2.369457211895237833e+03 -9.819241447958633462e-02
2.369958790475232490e+03 -9.799883608002815660e-02
2.370460369055227602e+03 -9.795324308701602867e-02
2.370961947635222259e+03 -9.797503291119508129e-02
2.371463526215217371e+03 -9.800726054673897236e-02
2.371965104795212028e+03 -9.804149699213332569e-02
2.372466683375207140e+03 -9.811033231583082825e-02
2.372968261955201797e+03 -9.824451397394282082e-02
2.373469840535196909e+03 -9.844203257919638406e-02
2.373971419115191566e+03 -9.865178296778036315e-02
2.374472997695186223e+03 -9.876451047562109786e-02
2.374974576275181334e+03 -9.864745427087626140e-02
2.375476154855175992e+03 -9.821935251171468040e-02
2.375977733435171103e+03 -9.750691135237589402e-02
2.376479312015165760e+03 -9.664565706776556686e-02
2.376980890595160872e+03 -9.583132913967264133e-02
2.377482469175155529e+03 -9.528211014509081755e-02
2.377984047755150641e+03 -9.517876109688495900e-02
2.378485626335145298e+03 -9.559432761411476576e-02
2.378987204915140410e+03 -9.647564248658951902e-02
2.379488783495135067e+03 -9.766341668008023114e-02
2.379990362075130179e+03 -9.892531706244225842e-02
2.380491940655124836e+03 -1.000077830505634868e-01
2.380993519235119493e+03 -1.006990732631506680e-01
2.381495097815114605e+03 -1.008844320331300504e-01
2.381996676395109262e+03 -1.005529534847700579e-01
2.382498254975104373e+03 -9.978847673071586377e-02
2.382999833555099030e+03 -9.872925164597409764e-02
2.383501412135094142e+03 -9.751033131071082383e-02
2.384002990715088799e+03 -9.624429253921348848e-02
2.384504569295083911e+03 -9.502112250350473743e-02
2.385006147875078568e+03 -9.390574591280506644e-02
2.385507726455073680e+03 -9.293476093229290080e-02
2.386009305035068337e+03 -9.212502080572737562e-02
2.386510883615063449e+03 -9.149031055469503126e-02
2.387012462195058106e+03 -9.102882170522630378e-02
2.387514040775052763e+03 -9.071720734049450174e-02
2.388015619355047875e+03 -9.051931126013477991e-02
2.388517197935042532e+03 -9.038141999797896786e-02
2.389018776515037644e+03 -9.023801509117315711e-02
2.389520355095032301e+03 -9.002964597347071218e-02
2.390021933675027412e+03 -8.970681042436748354e-02
2.390523512255022069e+03 -8.923591288811424937e-02
2.391025090835017181e+03 -8.861426213766313009e-02
2.391526669415011838e+03 -8.787578140238092028e-02
2.392028247995006950e+03 -8.708783759941043923e-02
2.392529826575001607e+03 -8.632478065591744909e-02
2.393031405154996719e+03 -8.564557666595219720e-02
2.393532983734991376e+03 -8.507698053359513679e-02
2.394034562314986033e+03 -8.461549990110299457e-02
2.394536140894981145e+03 -8.425251528998706219e-02
2.395037719474975802e+03 -8.398425371172897613e-02
2.395539298054970914e+03 -8.380437787779224101e-02
2.396040876634965571e+03 -8.370488274610443646e-02
2.396542455214960682e+03 -8.366907763672870590e-02
2.397044033794955340e+03 -8.365548071024322963e-02
2.397545612374950451e+03 -8.360999450098627328e-02
2.398047190954945108e+03 -8.348860546015465789e-02
2.398548769534940220e+03 -8.327691024496260142e-02
2.399050348114934877e+03 -8.300359966028889036e-02
2.399551926694929989e+03 -8.273402159113665832e-02
2.400053505274924646e+03 -8.255106446309343204e-02
2.400555083854919303e+03 -8.253048586944625176e-02
2.401056662434914415e+03 -8.272130575287453547e-02
2.401558241014909072e+03 -8.313273338178812921e-02
2.402059819594904184e+03 -8.372403980134976442e-02
2.402561398174898841e+03 -8.441749215255867078e-02
2.403062976754893953e+03 -8.512440488902944802e-02
2.403564555334888610e+03 -8.576602118327128488e-02
2.404066133914883721e+03 -8.628817783741099534e-02
2.404567712494878378e+03 -8.666917175597324552e-02
2.405069291074873490e+03 -8.691612050904322373e-02
2.405570869654868147e+03 -8.703946143317213557e-02
2.406072448234863259e+03 -8.703631280288962047e-02
2.406574026814857916e+03 -8.689815934001270115e-02
2.407075605394852573e+03 -8.661618500588658121e-02
2.407577183974847685e+03 -8.618622997196430380e-02
2.408078762554842342e+03 -8.561960733420684311e-02
2.408580341134837454e+03 -8.493919297847200844e-02
2.409081919714832111e+03 -8.416489414377603673e-02
2.409583498294827223e+03 -8.332285841680553418e-02
2.410085076874821880e+03 -8.245637526183141608e-02
2.410586655454816992e+03 -8.159717718475087422e-02
2.411088234034811649e+03 -8.075368229838675305e-02
2.411589812614806760e+03 -7.993309740619185255e-02
2.412091391194801417e+03 -7.913150942594381065e-02
2.412592969774796529e+03 -7.832308848756341924e-02
2.413094548354791186e+03 -7.747398294472127023e-02
2.413596126934785843e+03 -7.654720768639050599e-02
2.414097705514780955e+03 -7.551225831060170979e-02
2.414599284094775612e+03 -7.436037279569981950e-02
2.415100862674770724e+03 -7.310607599841800752e-02
2.415602441254765381e+03 -7.177954851668548464e-02
2.416104019834760493e+03 -7.042123610710238069e-02
2.416605598414755150e+03 -6.907241772879677000e-02
2.417107176994750262e+03 -6.776467784835105146e-02
2.417608755574744919e+03 -6.651030536152394146e-02
2.418110334154740030e+03 -6.530743778907310837e-02
2.418611912734734688e+03 -6.413122117727074190e-02
2.419113491314729799e+03 -6.293818140010792872e-02
2.419615069894724456e+03 -6.170071154349515696e-02
2.420116648474719113e+03 -6.042357247172568113e-02
2.420618227054714225e+03 -5.914983279466603378e-02
2.421119805634708882e+03 -5.797812917891466411e-02
2.421621384214703994e+03 -5.703250506273589704e-02
2.422122962794698651e+03 -5.641440214843033985e-02
2.422624541374693763e+03 -5.617097630293435562e-02
2.423126119954688420e+03 -5.626963846454236667e-02
2.423627698534683532e+03 -5.660605375747237988e-02
2.424129277114678189e+03 -5.704390681066012075e-02
2.424630855694673301e+03 -5.746338670831316331e-02
2.425132434274667958e+03 -5.780782837906656146e-02
2.425634012854663069e+03 -5.809610079164986840e-02
2.426135591434657726e+03 -5.839581596753572884e-02
2.426637170014652384e+03 -5.878608549474242939e-02
2.427138748594647495e+03 -5.931396404651441412e-02
2.427640327174642152e+03 -5.996579073387379999e-02
2.428141905754637264e+03 -6.068029002118948551e-02
2.428643484334631921e+03 -6.137241285287878961e-02
2.429145062914627033e+03 -6.195011378878989561e-02
2.429646641494621690e+03 -6.233953362697879086e-02
2.430148220074616802e+03 -6.251110507814350292e-02
2.430649798654611459e+03 -6.247842164579978097e-02
2.431151377234606571e+03 -6.228586127421614771e-02
2.431652955814601228e+03 -6.200576535056213923e-02
2.432154534394596340e+03 -6.170936544500321697e-02
2.432656112974590997e+03 -6.143405759620280265e-02
2.433157691554585654e+03 -6.118861942623957106e-02
2.433659270134580765e+03 -6.096263425412205839e-02
2.434160848714575422e+03 -6.073202002585507270e-02
2.434662427294570534e+03 -6.047286859514272583e-02
2.435164005874565191e+03 -6.017838304169545460e-02
2.435665584454560303e+03 -5.985076192704301412e-02
2.436167163034554960e+03 -5.948558533498590067e-02
2.436668741614550072e+03 -5.907055069485285526e-02
2.437170320194544729e+03 -5.857506735418441246e-02
2.437671898774539841e+03 -5.794356807406216003e-02
2.438173477354534498e+03 -5.712060148217591726e-02
2.438675055934529610e+03 -5.607339140855688298e-02
2.439176634514524267e+03 -5.480010324059442217e-02
2.439678213094518924e+03 -5.333136603026555900e-02
2.440179791674514036e+03 -5.172281220087338038e-02
2.440681370254508693e+03 -5.005838675797449899e-02
2.441182948834503804e+03 -4.844302641945411048e-02
2.441684527414498461e+03 -4.698707809193254648e-02
2.442186105994493573e+03 -4.580692085780867229e-02
2.442687684574488230e+03 -4.500030556916900099e-02
2.443189263154483342e+03 -4.461879289044096142e-02
2.443690841734477999e+03 -4.465774204253753626e-02
2.444192420314473111e+03 -4.505040022800020638e-02
2.444693998894467768e+03 -4.567629545134151148e-02
2.445195577474462880e+03 -4.639067604309687898e-02
2.445697156054457537e+03 -4.705479971329487587e-02
2.446198734634452194e+03 -4.755838172207108722e-02
2.446700313214447306e+03 -4.784204374168966878e-02
2.447201891794441963e+03 -4.789544269760188933e-02
2.447703470374437074e+03 -4.773757191699100344e-02
2.448205048954431732e+03 -4.740352097611032212e-02
2.448706627534426843e+03 -4.693480506828656001e-02
2.449208206114421500e+03 -4.635938628338462375e-02
2.449709784694416612e+03 -4.568454488864608087e-02
2.450211363274411269e+03 -4.491139401653292118e-02
2.450712941854406381e+03 -4.404175996436093810e-02
2.451214520434401038e+03 -4.308538101205314219e-02
2.451716099014396150e+03 -4.207155998354482340e-02
2.452217677594390807e+03 -4.104006793524885705e-02
2.452719256174385464e+03 -4.001407626627215275e-02
2.453220834754380576e+03 -3.900119065537777097e-02
2.453722413334375233e+03 -3.800476403851829610e-02
2.454223991914370345e+03 -3.703058363202758885e-02
2.454725570494365002e+03 -3.610545830242097021e-02
2.455227149074360113e+03 -3.527710447347608136e-02
2.455728727654354770e+03 -3.459120181851248199e-02
2.456230306234349882e+03 -3.407974606931701844e-02
2.456731884814344539e+03 -3.375838132606209796e-02
2.457233463394339651e+03 -3.362000949544212414e-02
2.457735041974334308e+03 -3.364178920827568670e-02
2.458236620554329420e+03 -3.380405711807765723e-02
2.458738199134324077e+03 -3.410023084065862825e-02
2.459239777714318734e+03 -3.452989823420150872e-02
2.459741356294313846e+03 -3.508591072915687864e-02
2.460242934874308503e+03 -3.575342518160547212e-02
2.460744513454303615e+03 -3.651266063904215486e-02
2.461246092034298272e+03 -3.732500137680715147e-02
2.461747670614293384e+03 -3.813969641226955948e-02
2.462249249194288041e+03 -3.891287494770127170e-02
2.462750827774283152e+03 -3.958950510666145450e-02
2.463252406354277809e+03 -4.010935486117686577e-02
2.463753984934272921e+03 -4.043785112648728974e-02
2.464255563514267578e+03 -4.056908679131314421e-02
2.464757142094262690e+03 -4.052245649254809789e-02
2.465258720674257347e+03 -4.034073813443933565e-02
2.465760299254252004e+03 -4.007408457186820844e-02
2.466261877834247116e+03 -3.976595142493361684e-02
2.466763456414241773e+03 -3.945308318161176719e-02
2.467265034994236885e+03 -3.916904818881521144e-02
2.467766613574231542e+03 -3.894520959514170128e-02
2.468268192154226654e+03 -3.881925301178389132e-02
2.468769770734221311e+03 -3.883631148779369269e-02
2.469271349314216422e+03 -3.903048224754196438e-02
2.469772927894211080e+03 -3.940937223655188726e-02
2.470274506474206191e+03 -3.995143500543658910e-02
2.470776085054200848e+03 -4.060679014847433377e-02
2.471277663634195960e+03 -4.130486714582273788e-02
2.471779242214190617e+03 -4.196184001445835143e-02
2.472280820794185274e+03 -4.248431627786450338e-02
2.472782399374180386e+03 -4.278001439763121083e-02
2.473283977954175043e+03 -4.276884752126822176e-02
2.473785556534170155e+03 -4.239835022714029400e-02
2.474287135114164812e+03 -4.165602417990518780e-02
2.474788713694159924e+03 -4.058576204422620348e-02
2.475290292274154581e+03 -3.930929621585869949e-02
2.475791870854149693e+03 -3.800196536671705816e-02
2.476293449434144350e+03 -3.684217752785380606e-02
2.476795028014139461e+03 -3.598465127707500821e-02
2.477296606594134118e+03 -3.553986036074942290e-02
2.477798185174129230e+03 -3.553805403335080770e-02
2.478299763754123887e+03 -3.592388935618784362e-02
2.478801342334118544e+03 -3.658336921393723351e-02
2.479302920914113656e+03 -3.737101458179932501e-02
2.479804499494108313e+03 -3.814921107605898781e-02
2.480306078074103425e+03 -3.882813951817513931e-02
2.480807656654098082e+03 -3.936868410278850094e-02
2.481309235234093194e+03 -3.977330698628502026e-02
2.481810813814087851e+03 -4.006956625839801223e-02
2.482312392394082963e+03 -4.028052888748869659e-02
2.482813970974077620e+03 -4.040452110478756631e-02
2.483315549554072732e+03 -4.041530901713449864e-02
2.483817128134067389e+03 -4.027493974999495074e-02
2.484318706714062500e+03 -3.994893497989160380e-02
2.484820285294057157e+03 -3.942654732502531845e-02
2.485321863874051814e+03 -3.873843922282245444e-02
2.485823442454046926e+03 -3.795543422985686588e-02
2.486325021034041583e+03 -3.716954800683597293e-02
2.486826599614036695e+03 -3.648360205488115210e-02
2.487328178194031352e+03 -3.599807651300244299e-02
2.487829756774026464e+03 -3.578228629766100344e-02
2.488331335354021121e+03 -3.586554917358582978e-02
2.488832913934016233e+03 -3.624019296129307732e-02
2.489334492514010890e+03 -3.686540052729861405e-02
2.489836071094006002e+03 -3.767429579120095545e-02
2.490337649674000659e+03 -3.858023233289441245e-02
2.490839228253995771e+03 -3.948396256966138496e-02
2.491340806833990428e+03 -4.028473384917507366e-02
2.491842385413985085e+03 -4.089749906801595780e-02
2.492343963993980196e+03 -4.124787108614222375e-02
2.492845542573974853e+03 -4.126496261905317209e-02
2.493347121153969965e+03 -4.089081346785337912e-02
2.493848699733964622e+03 -4.009255016247334491e-02
2.494350278313959734e+03 -3.887866885701493636e-02
2.494851856893954391e+03 -3.731369042059285573e-02
2.495353435473949503e+03 -3.555002569817258817e-02
2.495855014053944160e+03 -3.380539047530506380e-02
2.496356592633939272e+03 -3.227167959566533406e-02
2.496858171213933929e+03 -3.107992709141897680e-02
2.497359749793929041e+03 -3.025816433869887856e-02
2.497861328373923698e+03 -2.970574092943098488e-02
2.498362906953918355e+03 -2.924891536606301357e-02
2.498864485533913466e+03 -2.872561920617902956e-02
2.499366064113908124e+03 -2.805449321987245337e-02
2.499867642693903235e+03 -2.725855270414865444e-02
2.500369221273897892e+03 -2.643271445828958635e-02
2.500870799853893004e+03 -2.568740492000747694e-02
2.501372378433887661e+03 -2.510421054232329571e-02
2.501873957013882773e+03 -2.471766669218336543e-02
2.502375535593877430e+03 -2.451557287021296355e-02
2.502877114173872542e+03 -2.445611381420419866e-02
2.503378692753867199e+03 -2.449708362543895346e-02
2.503880271333862311e+03 -2.461322561696154682e-02
2.504381849913856968e+03 -2.479389041431502919e-02
2.504883428493851625e+03 -2.503221752669973835e-02
2.505385007073846737e+03 -2.531281284581103630e-02
2.505886585653841394e+03 -2.560769696592266748e-02
2.506388164233836505e+03 -2.588161601212989049e-02
2.506889742813831162e+03 -2.610417410162487600e-02
2.507391321393826274e+03 -2.626619722299052689e-02
2.507892899973820931e+03 -2.639209874779684800e-02
2.508394478553816043e+03 -2.653979423048545908e-02
2.508896057133810700e+03 -2.678180833428418436e-02
2.509397635713805812e+03 -2.717860666413974419e-02
2.509899214293800469e+03 -2.776012766855671249e-02
2.510400792873795581e+03 -2.851077038308323652e-02
2.510902371453790238e+03 -2.935680657404780153e-02
2.511403950033784895e+03 -3.017824916285107018e-02
2.511905528613780007e+03 -3.083834544372240916e-02
2.512407107193774664e+03 -3.121799631238445644e-02
2.512908685773769776e+03 -3.125833781433587366e-02
2.513410264353764433e+03 -3.097734985160340709e-02
2.513911842933759544e+03 -3.045556570684018055e-02
2.514413421513754201e+03 -2.981315346394131441e-02
2.514915000093749313e+03 -2.917109058115126968e-02
2.515416578673743970e+03 -2.860835132532685288e-02
2.515918157253739082e+03 -2.815091464404732499e-02
2.516419735833733739e+03 -2.778958240498681162e-02
2.516921314413728851e+03 -2.750901912294778651e-02
2.517422892993723508e+03 -2.730512497014218887e-02
2.517924471573718165e+03 -2.719160849808574532e-02
2.518426050153713277e+03 -2.719461025307371577e-02
2.518927628733707934e+03 -2.733471075255387156e-02
2.519429207313703046e+03 -2.760394753372013427e-02
2.519930785893697703e+03 -2.795804090138185455e-02
2.520432364473692814e+03 -2.832818623378607209e-02
2.520933943053687472e+03 -2.863303852981340103e-02
2.521435521633682583e+03 -2.880562129776827185e-02
2.521937100213677240e+03 -2.882192844341721974e-02
2.522438678793672352e+03 -2.871115022557706176e-02
2.522940257373667009e+03 -2.855024283215289518e-02
2.523441835953662121e+03 -2.844206183980329400e-02
2.523943414533656778e+03 -2.848181762898338576e-02
2.524444993113651435e+03 -2.872963121086535843e-02
2.524946571693646547e+03 -2.919361766443257650e-02
2.525448150273641204e+03 -2.982150912657002828e-02
2.525949728853636316e+03 -3.050857633312354517e-02
2.526451307433630973e+03 -3.112439546864805701e-02
2.526952886013626085e+03 -3.153401558358345791e-02
2.527454464593620742e+03 -3.161584765949736892e-02
2.527956043173615853e+03 -3.128524680692350290e-02
2.528457621753610510e+03 -3.050569279222881819e-02
2.528959200333605622e+03 -2.928776170409062851e-02
2.529460778913600279e+03 -2.768972531395295575e-02
2.529962357493595391e+03 -2.580302682181714186e-02
2.530463936073590048e+03 -2.372675059183666779e-02
2.530965514653584705e+03 -2.157516692866537703e-02
2.531467093233579817e+03 -1.948463637268123966e-02
2.531968671813574474e+03 -1.758786419743307156e-02
2.532470250393569586e+03 -1.601031057956874351e-02
2.532971828973564243e+03 -1.485823051341351314e-02
2.533473407553559355e+03 -1.419298968859242747e-02
2.533974986133554012e+03 -1.402631341715555521e-02
2.534476564713549124e+03 -1.432412442124139304e-02
2.534978143293543781e+03 -1.502482343306206850e-02
2.535479721873538892e+03 -1.605543555942121753e-02
2.535981300453533549e+03 -1.734172055100127383e-02
2.536482879033528206e+03 -1.881385416429147417e-02
2.536984457613523318e+03 -2.039671004491581258e-02
2.537486036193517975e+03 -2.200530317668360561e-02
2.537987614773513087e+03 -2.353894740585377870e-02
2.538489193353507744e+03 -2.486735213607683959e-02
2.538990771933502856e+03 -2.585741042200373832e-02
2.539492350513497513e+03 -2.642940314849577879e-02
2.539993929093492625e+03 -2.657450359775846011e-02
2.540495507673487282e+03 -2.633556795330027969e-02
2.540997086253482394e+03 -2.579427920274546260e-02
2.541498664833477051e+03 -2.505748677486093270e-02
2.542000243413472163e+03 -2.422772576205241973e-02
2.542501821993466820e+03 -2.338267332566307255e-02
2.543003400573461477e+03 -2.258152663868107438e-02
2.543504979153456588e+03 -2.186903013319712111e-02
2.544006557733451245e+03 -2.126930052792171122e-02
2.544508136313446357e+03 -2.078226658756288786e-02
2.545009714893441014e+03 -2.038404355320499323e-02
2.545511293473436126e+03 -2.003441605415056531e-02
2.546012872053430783e+03 -1.969436600029862358e-02
2.546514450633425895e+03 -1.933412725281582339e-02
2.547016029213420552e+03 -1.893113738510055974e-02
2.547517607793415664e+03 -1.846785886993106141e-02
2.548019186373410321e+03 -1.791096560883758543e-02
2.548520764953405433e+03 -1.717651320372935719e-02
2.549022343533400090e+03 -1.612177569645248387e-02
2.549523922113394747e+03 -1.456161769432730291e-02
2.550025500693389858e+03 -1.232042476655621777e-02
2.550527079273384516e+03 -9.298966641339409187e-03
2.551028657853379627e+03 -5.463287508305160814e-03
2.551530236433374284e+03 -8.523433941853021103e-04
2.552031815013369396e+03 4.362768858569222169e-03
2.552533393593364053e+03 9.911255142014577940e-03
2.553034972173359165e+03 1.547266930054517868e-02
2.553536550753353822e+03 2.067997935117614136e-02
2.554038129333348934e+03 2.520340431211774701e-02
2.554539707913343591e+03 2.877892721961838526e-02
2.555041286493338703e+03 3.119820778517353940e-02
2.555542865073333360e+03 3.235002695788388727e-02
2.556044443653328017e+03 3.224269472221988342e-02
2.556546022233323129e+03 3.100578445452975562e-02
2.557047600813317786e+03 2.888551229486693850e-02
2.557549179393312897e+03 2.617291048104820536e-02
2.558050757973307554e+03 2.313904061654339928e-02
2.558552336553302666e+03 2.001495765885222614e-02
2.559053915133297323e+03 1.696454798556685378e-02
2.559555493713292435e+03 1.410962382537271111e-02
2.560057072293287092e+03 1.155983332764998553e-02
2.560558650873282204e+03 9.394299929109877628e-03
2.561060229453276861e+03 7.659529756608563986e-03
2.561561808033271973e+03 6.394917332632572490e-03
2.562063386613266630e+03 5.626956519483371048e-03
2.562564965193261287e+03 5.366984316401627111e-03
2.563066543773256399e+03 5.616870066290947927e-03
2.563568122353251056e+03 6.355077374850698867e-03
2.564069700933246168e+03 7.527057358793066630e-03
2.564571279513240825e+03 9.049732116120871167e-03
2.565072858093235936e+03 1.081378312490331034e-02
2.565574436673230593e+03 1.271235810255658127e-02
2.566076015253225705e+03 1.467758672614495608e-02
2.566577593833220362e+03 1.668025448797354204e-02
2.567079172413215474e+03 1.873564435741631451e-02
2.567580750993210131e+03 2.089309903963833953e-02
2.568082329573205243e+03 2.317613899372954200e-02
2.568583908153199900e+03 2.555354717422875926e-02
2.569085486733194557e+03 2.795551096525079188e-02
2.569587065313189669e+03 3.025312647207029082e-02
2.570088643893184326e+03 3.224122009834949620e-02
2.570590222473179438e+03 3.370314907412430561e-02
2.571091801053174095e+03 3.447473694244789638e-02
2.571593379633169206e+03 3.446395295733499509e-02
2.572094958213163864e+03 3.367816240416135476e-02
2.572596536793158975e+03 3.222747788489931098e-02
2.573098115373153632e+03 3.028268499675832934e-02
2.573599693953148744e+03 2.804753560234683057e-02
2.574101272533143401e+03 2.573549042067118514e-02
2.574602851113138513e+03 2.353368089316791589e-02
2.575104429693133170e+03 2.159211370611457265e-02
2.575606008273127827e+03 2.002413394801321259e-02
2.576107586853122939e+03 1.890509657466610954e-02
2.576609165433117596e+03 1.828164416679062959e-02
2.577110744013112708e+03 1.817120591935723201e-02
2.577612322593107365e+03 1.855575283721654783e-02
2.578113901173102477e+03 1.938396971827425347e-02
2.578615479753097134e+03 2.057654803360502854e-02
2.579117058333092245e+03 2.201908912237982019e-02
2.579618636913086902e+03 2.355216311077134445e-02
2.580120215493082014e+03 2.497253854248108335e-02
2.580621794073076671e+03 2.605548263922372737e-02
2.581123372653071783e+03 2.659677448189282090e-02
2.581624951233066440e+03 2.645809440249638142e-02
2.582126529813061097e+03 2.560538360352908674e-02
2.582628108393056209e+03 2.411851378087616349e-02
2.583129686973050866e+03 2.218715618044608123e-02
2.583631265553045978e+03 2.007293455511775793e-02
2.584132844133040635e+03 1.803363109870882372e-02
2.584634422713035747e+03 1.630393600664231668e-02
2.585136001293030404e+03 1.507182134648109295e-02
2.585637579873025516e+03 1.444935044712451593e-02
2.586139158453020173e+03 1.448659513636513761e-02
2.586640737033015284e+03 1.518210890861694876e-02
2.587142315613009941e+03 1.648926001873714936e-02
2.587643894193005053e+03 1.831116641206848375e-02
2.588145472772999710e+03 2.048602083113446742e-02
2.588647051352994367e+03 2.281188364729713411e-02
2.589148629932989479e+03 2.505554201837810469e-02
2.589650208512984136e+03 2.694912947501194520e-02
2.590151787092979248e+03 2.826111134950125281e-02
2.590653365672973905e+03 2.885650811840787672e-02
2.591154944252969017e+03 2.871119877560689149e-02
2.591656522832963674e+03 2.791340022466334489e-02
2.592158101412958786e+03 2.663354590856593929e-02
2.592659679992953443e+03 2.508563133768510270e-02
2.593161258572948555e+03 2.348642834469538698e-02
2.593662837152943212e+03 2.199949243927497994e-02
2.594164415732938323e+03 2.071598193423873982e-02
2.594665994312932980e+03 1.966325479959670636e-02
2.595167572892927637e+03 1.880549918890471114e-02
2.595669151472922749e+03 1.806011970671999103e-02
2.596170730052917406e+03 1.733103996381237313e-02
2.596672308632912518e+03 1.653451970221677531e-02
2.597173887212907175e+03 1.562968608209814800e-02
2.597675465792902287e+03 1.464140863854929316e-02
2.598177044372896944e+03 1.366494756892312236e-02
2.598678622952892056e+03 1.285942512375812599e-02
2.599180201532886713e+03 1.240971262518273353e-02
2.599681780112881825e+03 1.247892254814735383e-02
2.600183358692876482e+03 1.316148756688043965e-02
2.600684937272871593e+03 1.443626942055325178e-02
2.601186515852866250e+03 1.616477720641997656e-02
2.601688094432860908e+03 1.812623589833639581e-02
2.602189673012856019e+03 2.003851204125066399e-02
2.602691251592850676e+03 2.160915009086008046e-02
2.603192830172845788e+03 2.260330564595778094e-02
2.603694408752840445e+03 2.287851159239481791e-02
2.604195987332835557e+03 2.240831914951548626e-02
2.604697565912830214e+03 2.128405828833166563e-02
2.605199144492825326e+03 1.968052305394426410e-02
2.605700723072819983e+03 1.783251240644027902e-02
2.606202301652815095e+03 1.599372554972922078e-02
2.606703880232809752e+03 1.437899868113302893e-02
2.607205458812804864e+03 1.313576699818077079e-02
2.607707037392799521e+03 1.232281498862931521e-02
2.608208615972794178e+03 1.191762858785916368e-02
2.608710194552789289e+03 1.183883684083703904e-02
2.609211773132783946e+03 1.197654876693681619e-02
2.609713351712779058e+03 1.222758816159536313e-02
2.610214930292773715e+03 1.251632049351942069e-02
2.610716508872768827e+03 1.280512480740813447e-02
2.611218087452763484e+03 1.310201673666108735e-02
2.611719666032758596e+03 1.345206448926298919e-02
2.612221244612753253e+03 1.391573843220988288e-02
2.612722823192748365e+03 1.455205603850842633e-02
2.613224401772743022e+03 1.540760624586939506e-02
2.613725980352738134e+03 1.650868481615996169e-02
2.614227558932732791e+03 1.785492882964481720e-02
2.614729137512727448e+03 1.940132135144805037e-02
2.615230716092722560e+03 2.105053067391292332e-02
2.615732294672717217e+03 2.268154882792190394e-02
2.616233873252712328e+03 2.418294808912421420e-02
2.616735451832706985e+03 2.548486387950472248e-02
2.617237030412702097e+03 2.657915330072673638e-02
2.617738608992696754e+03 2.752646965723673858e-02
2.618240187572691866e+03 2.844278742208160640e-02
2.618741766152686523e+03 2.945389883286402694e-02
2.619243344732681635e+03 3.064859200922944935e-02
2.619744923312676292e+03 3.206589985481601152e-02
2.620246501892671404e+03 3.369636719677487902e-02
2.620748080472666061e+03 3.547512878553714388e-02
2.621249659052660718e+03 3.728465093457411506e-02
2.621751237632655830e+03 3.897711818078610641e-02
2.622252816212650487e+03 4.039287749890813767e-02
2.622754394792645598e+03 4.136761850688699255e-02
2.623255973372640256e+03 4.176176086003321325e-02
2.623757551952635367e+03 4.149967142751308236e-02
2.624259130532630024e+03 4.058386562480920806e-02
2.624760709112625136e+03 3.908641203604576453e-02
2.625262287692619793e+03 3.714523824189804035e-02
2.625763866272614905e+03 3.496019796223050202e-02
2.626265444852609562e+03 3.274547957218156002e-02
2.626767023432604674e+03 3.064937420583671579e-02
2.627268602012599331e+03 2.875155922267810110e-02
2.627770180592593988e+03 2.710590391290775697e-02
2.628271759172589100e+03 2.573869949337795338e-02
2.628773337752583757e+03 2.466353967384685153e-02
2.629274916332578869e+03 2.391796108761403555e-02
2.629776494912573526e+03 2.359292764206432844e-02
2.630278073492568637e+03 2.383667669148045384e-02
2.630779652072563294e+03 2.483638214940007624e-02
2.631281230652558406e+03 2.679010550637817706e-02
2.631782809232553063e+03 2.987620974801350610e-02
2.632284387812548175e+03 3.421313388639274367e-02
2.632785966392542832e+03 3.979354901163747321e-02
2.633287544972537944e+03 4.646152127033208179e-02
2.633789123552532601e+03 5.397006640535240152e-02
2.634290702132527258e+03 6.199952858089108343e-02
2.634792280712522370e+03 7.015952543043724177e-02
2.635293859292517027e+03 7.804780000940247930e-02
2.635795437872512139e+03 8.540400599159388151e-02
2.636297016452506796e+03 9.207805618060899144e-02
2.636798595032501908e+03 9.796296230757450818e-02
2.637300173612496565e+03 1.030323435390454179e-01
2.637801752192491676e+03 1.072759813415054275e-01
2.638303330772486333e+03 1.106840941862067829e-01
2.638804909352481445e+03 1.132511901144332284e-01
2.639306487932476102e+03 1.149404705078429373e-01
2.639808066512471214e+03 1.157168742979764742e-01
2.640309645092465871e+03 1.156111558627765101e-01
2.640811223672460528e+03 1.147418539974860568e-01
2.641312802252455640e+03 1.133251957193984194e-01
2.641814380832450297e+03 1.116613963612217014e-01
2.642315959412445409e+03 1.100585953743373202e-01
2.642817537992440066e+03 1.087683034054633541e-01
2.643319116572435178e+03 1.079439526066412192e-01
2.643820695152429835e+03 1.076107101242410047e-01
2.644322273732424947e+03 1.077052340829595528e-01
2.644823852312419604e+03 1.081442220089797179e-01
2.645325430892414715e+03 1.088570122290834219e-01
2.645827009472409372e+03 1.098128662605785122e-01
2.646328588052404484e+03 1.110254458268056799e-01
2.646830166632399141e+03 1.125092039490904472e-01
2.647331745212393798e+03 1.142495176442201860e-01
2.647833323792388910e+03 1.162046562206857786e-01
2.648334902372383567e+03 1.182908560849482149e-01
2.648836480952378679e+03 1.204038677142028058e-01
2.649338059532373336e+03 1.224870907566648626e-01
2.649839638112368448e+03 1.245493220694356834e-01
2.650341216692363105e+03 1.266357024951710042e-01
2.650842795272358217e+03 1.288377780553647267e-01
2.651344373852352874e+03 1.313067619509080686e-01
2.651845952432347985e+03 1.341856372343114834e-01
2.652347531012342642e+03 1.374853899674581825e-01
2.652849109592337754e+03 1.410696430104995680e-01
2.653350688172332411e+03 1.446709102039150652e-01
2.653852266752327068e+03 1.478823824776410722e-01
2.654353845332322180e+03 1.502606375356478341e-01
2.654855423912316837e+03 1.514328798914147400e-01
2.655357002492311949e+03 1.511655809868152067e-01
2.655858581072306606e+03 1.494060419519621097e-01
2.656360159652301718e+03 1.462643097300494188e-01
2.656861738232296375e+03 1.419559242721383785e-01
2.657363316812291487e+03 1.367546048477726872e-01
2.657864895392286144e+03 1.309422047395650823e-01
2.658366473972281256e+03 1.247869120415108224e-01
2.658868052552275913e+03 1.185564420280789816e-01
2.659369631132271024e+03 1.124893317526574066e-01
2.659871209712265681e+03 1.067486944029489848e-01
2.660372788292260338e+03 1.014596746379238523e-01
2.660874366872255450e+03 9.674599900597906366e-02
2.661375945452250107e+03 9.266412800191504984e-02
2.661877524032245219e+03 8.918198241018257533e-02
2.662379102612239876e+03 8.627289418375268248e-02
2.662880681192234988e+03 8.389476665821446466e-02
2.663382259772229645e+03 8.195698592396907789e-02
2.663883838352224757e+03 8.040543261681096232e-02
2.664385416932219414e+03 7.923325233127750944e-02
2.664886995512214526e+03 7.844581796546434838e-02
2.665388574092209183e+03 7.807171651744186647e-02
2.665890152672204295e+03 7.814977372464489147e-02
2.666391731252198952e+03 7.869468545462354747e-02
2.666893309832193609e+03 7.968514865573637918e-02
2.667394888412188720e+03 8.104718951051589904e-02
2.667896466992183377e+03 8.264712932555974556e-02
2.668398045572178489e+03 8.432654694008409613e-02
2.668899624152173146e+03 8.595024597498374108e-02
2.669401202732168258e+03 8.741223341851361850e-02
2.669902781312162915e+03 8.864021099874055953e-02
2.670404359892158027e+03 8.962083092716670307e-02
2.670905938472152684e+03 9.039897381275224797e-02
2.671407517052147796e+03 9.107464827838926413e-02
2.671909095632142453e+03 9.180240657920657465e-02
2.672410674212137565e+03 9.275469453863546820e-02
2.672912252792132222e+03 9.407059224970606981e-02
2.673413831372126879e+03 9.581818305466474617e-02
2.673915409952121991e+03 9.794892341959016147e-02
2.674416988532116648e+03 1.002830412006985861e-01
2.674918567112111759e+03 1.025755290870180442e-01
2.675420145692106416e+03 1.045861834750025504e-01
2.675921724272101528e+03 1.061188616109131760e-01
2.676423302852096185e+03 1.070546655240333378e-01
2.676924881432091297e+03 1.073731831388489433e-01
2.677426460012085954e+03 1.071396747453262077e-01
2.677928038592081066e+03 1.064980203924665025e-01
2.678429617172075723e+03 1.056638085364190183e-01
2.678931195752070835e+03 1.048887637135189621e-01
2.679432774332065492e+03 1.044217874396517060e-01
2.679934352912060149e+03 1.044757899708527726e-01
2.680435931492055261e+03 1.051751685160883520e-01
2.680937510072049918e+03 1.065172540313929217e-01
2.681439088652045029e+03 1.083893156522054146e-01
2.681940667232039686e+03 1.105901888241146991e-01
2.682442245812034798e+03 1.128639191453451873e-01
2.682943824392029455e+03 1.149657979378580774e-01
2.683445402972024567e+03 1.167270441380944129e-01
2.683946981552019224e+03 1.180657603090677493e-01
2.684448560132014336e+03 1.189617139514504429e-01
2.684950138712008993e+03 1.194483439049383033e-01
2.685451717292004105e+03 1.195838004924608122e-01
2.685953295871998762e+03 1.194237707575038221e-01
2.686454874451993419e+03 1.190075951391185299e-01
2.686956453031988531e+03 1.183439198426155248e-01
2.687458031611983188e+03 1.174339144556091619e-01
2.687959610191978300e+03 1.162842156624007972e-01
2.688461188771972957e+03 1.148969045835067371e-01
2.688962767351968068e+03 1.132844784410578648e-01
2.689464345931962725e+03 1.114715986148983595e-01
2.689965924511957837e+03 1.094856735595620134e-01
2.690467503091952494e+03 1.073415978732922410e-01
2.690969081671947606e+03 1.050358545932030679e-01
2.691470660251942263e+03 1.025671508624770023e-01
2.691972238831937375e+03 9.998021668931322825e-02
2.692473817411932032e+03 9.737981624084939003e-02
2.692975395991926689e+03 9.491074217689410286e-02
2.693476974571921801e+03 9.272707882546954439e-02
2.693978553151916458e+03 9.097174601276344919e-02
2.694480131731911570e+03 8.976506211894258458e-02
2.694981710311906227e+03 8.918019385876246874e-02
2.695483288891901339e+03 8.923927605539358487e-02
2.695984867471895996e+03 8.991549071359118683e-02
2.696486446051891107e+03 9.114390632706503848e-02
2.696988024631885764e+03 9.287569242393620139e-02
2.697489603211880876e+03 9.509301559120472702e-02
2.697991181791875533e+03 9.774306396352275272e-02
2.698492760371870645e+03 1.007256593256791455e-01
2.698994338951865302e+03 1.039161236507182423e-01
2.699495917531859959e+03 1.071207432443816721e-01
2.699997496111855071e+03 1.100407237720946174e-01
2.700499074691849728e+03 1.123617495006112854e-01
2.701000653271844840e+03 1.138461147888407687e-01
2.701502231851839497e+03 1.143757626048447079e-01
2.702003810431834609e+03 1.139675193164960409e-01
2.702505389011829266e+03 1.127488178538624541e-01
2.703006967591824377e+03 1.109287584966024698e-01
2.703508546171819034e+03 1.087528482641473976e-01
2.704010124751814146e+03 1.064322773612083606e-01
2.704511703331808803e+03 1.041306818077972346e-01
2.705013281911803915e+03 1.019790730211306423e-01
2.705514860491798572e+03 1.000519272810818650e-01
2.706016439071793229e+03 9.837709153091171721e-02
2.706518017651788341e+03 9.695784467448984034e-02
2.707019596231782998e+03 9.575101576243683077e-02
2.707521174811778110e+03 9.468563941481902835e-02
2.708022753391772767e+03 9.370715133824022991e-02
2.708524331971767879e+03 9.279319128575116982e-02
2.709025910551762536e+03 9.197101793104336953e-02
2.709527489131757648e+03 9.134402924164847226e-02
2.710029067711752305e+03 9.107178820504882588e-02
2.710530646291747416e+03 9.130245566004083213e-02
2.711032224871742073e+03 9.210530277426898227e-02
2.711533803451737185e+03 9.341915981745799180e-02
2.712035382031731842e+03 9.503022359564058941e-02
2.712536960611726499e+03 9.660814233624136216e-02
2.713038539191721611e+03 9.777151362731070772e-02
2.713540117771716268e+03 9.817938921820844322e-02
2.714041696351711380e+03 9.762319585667492139e-02
2.714543274931706037e+03 9.607863329455786083e-02
2.715044853511701149e+03 9.368394894888967817e-02
2.715546432091695806e+03 9.068112723433172095e-02
2.716048010671690918e+03 8.736363102801705804e-02
2.716549589251685575e+03 8.400351611769876770e-02
2.717051167831680687e+03 8.081947762631427890e-02
2.717552746411675344e+03 7.800932529648024749e-02
2.718054324991670455e+03 7.573687242004836784e-02
2.718555903571665112e+03 7.410797571098710901e-02
2.719057482151659769e+03 7.318702507742634589e-02
2.719559060731654881e+03 7.298538518869371328e-02
2.720060639311649538e+03 7.343828647044901847e-02
2.720562217891644650e+03 7.441154638879352023e-02
2.721063796471639307e+03 7.572423704586361826e-02
2.721565375051634419e+03 7.716576631718964630e-02
2.722066953631629076e+03 7.852379592536401498e-02
2.722568532211624188e+03 7.962499495373528968e-02
2.723070110791618845e+03 8.035590762655045460e-02
2.723571689371613957e+03 8.068074593187737897e-02
2.724073267951608614e+03 8.063626013943339665e-02
2.724574846531603725e+03 8.030888278341791198e-02
2.725076425111598383e+03 7.982463048372073766e-02
2.725578003691593040e+03 7.934249480387635389e-02
2.726079582271588151e+03 7.902749719445306686e-02
2.726581160851582808e+03 7.903195502531111527e-02
2.727082739431577920e+03 7.949431995147723806e-02
2.727584318011572577e+03 8.051786793930115760e-02
2.728085896591567689e+03 8.213525686209008358e-02
2.728587475171562346e+03 8.429604141961127839e-02
2.729089053751557458e+03 8.687730784828352759e-02
2.729590632331552115e+03 8.969843268393498659e-02
2.730092210911547227e+03 9.254456255480822402e-02
2.730593789491541884e+03 9.519600763065967641e-02
2.731095368071536996e+03 9.745489025608997102e-02
2.731596946651531653e+03 9.917010213423935183e-02
2.732098525231526310e+03 1.002427826788719750e-01
2.732600103811521421e+03 1.006292920402965807e-01
2.733101682391516078e+03 1.003378809862995602e-01
2.733603260971511190e+03 9.942046273123214539e-02
2.734104839551505847e+03 9.798838010798940901e-02
2.734606418131500959e+03 9.618438821427247043e-02
2.735107996711495616e+03 9.409303252936540574e-02
2.735609575291490728e+03 9.175735425489472963e-02
2.736111153871485385e+03 8.925287882238575055e-02
2.736612732451480497e+03 8.666567910250824736e-02
2.737114311031475154e+03 8.406582269613041558e-02
2.737615889611470266e+03 8.153505833929132474e-02
2.738117468191464923e+03 7.915127706406460684e-02
2.738619046771459580e+03 7.698248673498930827e-02
2.739120625351454692e+03 7.508277296568308112e-02
2.739622203931449349e+03 7.347088930629086523e-02
2.740123782511444460e+03 7.214029644662206531e-02
2.740625361091439117e+03 7.106326519533942565e-02
2.741126939671434229e+03 7.018750010662368199e-02
2.741628518251428886e+03 6.944356010876931440e-02
2.742130096831423998e+03 6.876597165638374809e-02
2.742631675411418655e+03 6.811901971877085127e-02
2.743133253991413767e+03 6.748327756306485292e-02
2.743634832571408424e+03 6.683369039636913311e-02
2.744136411151403081e+03 6.613285383688324859e-02
2.744637989731398193e+03 6.532678578462378094e-02
2.745139568311392850e+03 6.436182491617012391e-02
2.745641146891387962e+03 6.322191489300256484e-02
2.746142725471382619e+03 6.195517815038002057e-02
2.746644304051377731e+03 6.068336062207305148e-02
2.747145882631372388e+03 5.957400716618208025e-02
2.747647461211367499e+03 5.879784929265745308e-02
2.748149039791362156e+03 5.849450545487016456e-02
2.748650618371357268e+03 5.874215539753030457e-02
2.749152196951351925e+03 5.955878119088044154e-02
2.749653775531347037e+03 6.092260184061569495e-02
2.750155354111341694e+03 6.278891992097201946e-02
2.750656932691336351e+03 6.507910886868817357e-02
2.751158511271331463e+03 6.765016536749687837e-02
2.751660089851326120e+03 7.029938029559038015e-02
2.752161668431321232e+03 7.280702959214653547e-02
2.752663247011315889e+03 7.496666355710361607e-02
2.753164825591311001e+03 7.661544583995427704e-02
2.753666404171305658e+03 7.768730573329274414e-02
2.754167982751300769e+03 7.824761071951230607e-02
2.754669561331295426e+03 7.848118324280035918e-02
2.755171139911290538e+03 7.865721718494557424e-02
2.755672718491285195e+03 7.906641551979293192e-02
2.756174297071280307e+03 7.995094844158315284e-02
2.756675875651274964e+03 8.145549304025595516e-02
2.757177454231269621e+03 8.359524683082733554e-02
2.757679032811264733e+03 8.624911319122327558e-02
2.758180611391259390e+03 8.918193759515682939e-02
2.758682189971254502e+03 9.211781272272259735e-02
2.759183768551249159e+03 9.482146859150988871e-02
2.759685347131244271e+03 9.714889177756741434e-02
2.760186925711238928e+03 9.907752390375765272e-02
2.760688504291234040e+03 1.006840054839937687e-01
2.761190082871228697e+03 1.021025724410523916e-01
2.761691661451223808e+03 1.034920664706570070e-01
2.762193240031218465e+03 1.049862242129757373e-01
2.762694818611213577e+03 1.066615387350839661e-01
2.763196397191208234e+03 1.085184934930156220e-01
2.763697975771202891e+03 1.104512161928884739e-01
2.764199554351198003e+03 1.122601888809842685e-01
2.764701132931192660e+03 1.137188263124159215e-01
2.765202711511187772e+03 1.146418407932956601e-01
2.765704290091182429e+03 1.149219442842872585e-01
2.766205868671177541e+03 1.145516660075035914e-01
2.766707447251172198e+03 1.136172844112272040e-01
2.767209025831167310e+03 1.122812137136098704e-01
2.767710604411161967e+03 1.107701373203965889e-01
2.768212182991157079e+03 1.093360842255675230e-01
2.768713761571151736e+03 1.082215907858855575e-01
2.769215340151146847e+03 1.076411042812022711e-01
2.769716918731141504e+03 1.077405108005882878e-01
2.770218497311136161e+03 1.085677106584434781e-01
2.770720075891131273e+03 1.100563477734228524e-01
2.771221654471125930e+03 1.120365747524613848e-01
2.771723233051121042e+03 1.143078004084879529e-01
2.772224811631115699e+03 1.166828646333702701e-01
2.772726390211110811e+03 1.189788540575824477e-01
2.773227968791105468e+03 1.210329901628376531e-01
2.773729547371100580e+03 1.227218873064628846e-01
2.774231125951095237e+03 1.239490259583642118e-01
2.774732704531090349e+03 1.246233279526368365e-01
2.775234283111085006e+03 1.246633227431957203e-01
2.775735861691080117e+03 1.240040772793128132e-01
2.776237440271074775e+03 1.226151447665493471e-01
2.776739018851069432e+03 1.205333107554163036e-01
2.777240597431064543e+03 1.178432224912271398e-01
2.777742176011059200e+03 1.146828100391354410e-01
2.778243754591054312e+03 1.112648939488589672e-01
2.778745333171048969e+03 1.078309706207467855e-01
2.779246911751044081e+03 1.046039883448031116e-01
2.779748490331038738e+03 1.017699791403061660e-01
2.780250068911033850e+03 9.946406524768298951e-02
2.780751647491028507e+03 9.773182545590738957e-02
2.781253226071023619e+03 9.650961429614590692e-02
2.781754804651018276e+03 9.566294866138642938e-02
2.782256383231013388e+03 9.504136742521346326e-02
2.782757961811008045e+03 9.452696640197433275e-02
2.783259540391002702e+03 9.405395573183494839e-02
2.783761118970997813e+03 9.360299145719350178e-02
2.784262697550992470e+03 9.319115968925024973e-02
2.784764276130987582e+03 9.284441403555218630e-02
2.785265854710982239e+03 9.255665071009099021e-02
2.785767433290977351e+03 9.227766091987205099e-02
2.786269011870972008e+03 9.192142361228278213e-02
2.786770590450967120e+03 9.137516966552050590e-02
2.787272169030961777e+03 9.053145076418278592e-02
2.787773747610956889e+03 8.930898177349594347e-02
2.788275326190951546e+03 8.766689867361375510e-02
2.788776904770946658e+03 8.562868246890392721e-02
2.789278483350941315e+03 8.325367871199093606e-02
2.789780061930935972e+03 8.061808913369669649e-02
2.790281640510931084e+03 7.780598539040750605e-02
2.790783219090925741e+03 7.488901631188719932e-02
2.791284797670920852e+03 7.192589296564028123e-02
2.791786376250915509e+03 6.894252783994779532e-02
2.792287954830910621e+03 6.593488531143035236e-02
2.792789533410905278e+03 6.288987778274579554e-02
2.793291111990900390e+03 5.980588551546611731e-02
2.793792690570895047e+03 5.671240849359700242e-02
2.794294269150890159e+03 5.368697129320913752e-02
2.794795847730884816e+03 5.085336701334741694e-02
2.795297426310879928e+03 4.836515745976496805e-02
2.795799004890874585e+03 4.636175178168402272e-02
2.796300583470869242e+03 4.494273021190579864e-02
2.796802162050864354e+03 4.416579438150196324e-02
2.797303740630859011e+03 4.402410375499078710e-02
2.797805319210854123e+03 4.444324795545430418e-02
2.798306897790848780e+03 4.530327936925996474e-02
2.798808476370843891e+03 4.645228621972259664e-02
2.799310054950838548e+03 4.772356969597162102e-02
2.799811633530833660e+03 4.896833133140136851e-02
2.800313212110828317e+03 5.006780392683043979e-02
2.800814790690823429e+03 5.095363851135025629e-02
2.801316369270818086e+03 5.163040091719398039e-02
2.801817947850813198e+03 5.217623881909022598e-02
2.802319526430807855e+03 5.272560534933804638e-02
2.802821105010802512e+03 5.344705237815089438e-02
2.803322683590797624e+03 5.451417513690284128e-02
2.803824262170792281e+03 5.606610303569242032e-02
2.804325840750787393e+03 5.817563323222847693e-02
2.804827419330782050e+03 6.084354802703281773e-02
2.805328997910777161e+03 6.401649185100100059e-02
2.805830576490771818e+03 6.760896145241779287e-02
2.806332155070766930e+03 7.149808851601549553e-02
2.806833733650761587e+03 7.552675829562086052e-02
2.807335312230756699e+03 7.955223377788374350e-02
2.807836890810751356e+03 8.346014271427726339e-02
2.808338469390746468e+03 8.715490106129503145e-02
2.808840047970741125e+03 9.055452716053655204e-02
2.809341626550735782e+03 9.360330727320133326e-02
2.809843205130730894e+03 9.629503105229834936e-02
2.810344783710725551e+03 9.868386762186664996e-02
2.810846362290720663e+03 1.008513601647959140e-01
2.811347940870715320e+03 1.028985575247539086e-01
2.811849519450710432e+03 1.049560087221983878e-01
2.812351098030705089e+03 1.071526515577778532e-01
2.812852676610700200e+03 1.095914378168283410e-01
2.813354255190694857e+03 1.123417291529983653e-01
2.813855833770689969e+03 1.154129485852024295e-01
2.814357412350684626e+03 1.187508694731606307e-01
2.814858990930679738e+03 1.222524439709450073e-01
2.815360569510674395e+03 1.257821274994120331e-01
2.815862148090669052e+03 1.292127657513270911e-01
2.816363726670664164e+03 1.324842062807419785e-01
2.816865305250658821e+03 1.356031699119252809e-01
2.817366883830653933e+03 1.386020257479423923e-01
2.817868462410648590e+03 1.415275652580373911e-01
2.818370040990643702e+03 1.444191193336902546e-01
2.818871619570638359e+03 1.472788889504582366e-01
2.819373198150633471e+03 1.500670117155760153e-01
2.819874776730628128e+03 1.527273307868265984e-01
2.820376355310623239e+03 1.551941097616857390e-01
2.820877933890617896e+03 1.574163020539579849e-01
2.821379512470613008e+03 1.594092763225835319e-01
2.821881091050607665e+03 1.612361424894171169e-01
2.822382669630602322e+03 1.629629889403844401e-01
2.822884248210597434e+03 1.646412638654512484e-01
2.823385826790592091e+03 1.662705424067856819e-01
2.823887405370587203e+03 1.677843409915867889e-01
2.824388983950581860e+03 1.690983859274569900e-01
2.824890562530576972e+03 1.701486844723884284e-01
2.825392141110571629e+03 1.709137497867881383e-01
2.825893719690566741e+03 1.714406213099297638e-01
2.826395298270561398e+03 1.718196672898951727e-01
2.826896876850556509e+03 1.721234642140936910e-01
2.827398455430551167e+03 1.723796907940181311e-01
2.827900034010546278e+03 1.725622284397544115e-01
2.828401612590540935e+03 1.726015506407280464e-01
2.828903191170535592e+03 1.724276265582406764e-01
2.829404769750530704e+03 1.719897240746687261e-01
2.829906348330525361e+03 1.712639267227960282e-01
2.830407926910520473e+03 1.702713774390585966e-01
2.830909505490515130e+03 1.690697868504083268e-01
2.831411084070510242e+03 1.677335707533016418e-01
2.831912662650504899e+03 1.663465345647839322e-01
2.832414241230500011e+03 1.649684088240394586e-01
2.832915819810494668e+03 1.636082072504773111e-01
2.833417398390489780e+03 1.622450711563155346e-01
2.833918976970484437e+03 1.608363968107944242e-01
2.834420555550479548e+03 1.593355906152673640e-01
2.834922134130474205e+03 1.577546262491199835e-01
2.835423712710468862e+03 1.561819575080286016e-01
2.835925291290463974e+03 1.547493214146251073e-01
2.836426869870458631e+03 1.536100516042671060e-01
2.836928448450453743e+03 1.528770953153415213e-01
2.837430027030448400e+03 1.525608516425474570e-01
2.837931605610443512e+03 1.525682179269433614e-01
2.838433184190438169e+03 1.527154247108525598e-01
2.838934762770433281e+03 1.527709470735487129e-01
2.839436341350427938e+03 1.525361655289568241e-01
2.839937919930423050e+03 1.518954404066854558e-01
2.840439498510417707e+03 1.508191390570789714e-01
2.840941077090412819e+03 1.493561403550549005e-01
2.841442655670407476e+03 1.475963567099095597e-01
2.841944234250402133e+03 1.456206501132001341e-01
2.842445812830397244e+03 1.434952871999684576e-01
2.842947391410391901e+03 1.412878139761788998e-01
2.843448969990387013e+03 1.390661050287925193e-01
2.843950548570381670e+03 1.368960450155717601e-01
2.844452127150376782e+03 1.348227263994095926e-01
2.844953705730371439e+03 1.328377419125434389e-01
2.845455284310366551e+03 1.308822651711954999e-01
2.845956862890361208e+03 1.288596189913714107e-01
2.846458441470356320e+03 1.266495744606189466e-01
2.846960020050350977e+03 1.241510570172142114e-01
2.847461598630346089e+03 1.213026557087284463e-01
2.847963177210340746e+03 1.181004894033916286e-01
2.848464755790335403e+03 1.146082950216380791e-01
2.848966334370330515e+03 1.109427296567483401e-01
2.849467912950325172e+03 1.072668595996154467e-01
2.849969491530320283e+03 1.037666692765039089e-01
2.850471070110314940e+03 1.006221493077282675e-01
2.850972648690310052e+03 9.799240745712925471e-02
2.851474227270304709e+03 9.601666101906411455e-02
2.851975805850299821e+03 9.480717797848142725e-02
2.852477384430294478e+03 9.442996063163580645e-02
2.852978963010289590e+03 9.490040548010367227e-02
2.853480541590284247e+03 9.618799488113896623e-02
2.853982120170279359e+03 9.821238898877343582e-02
2.854483698750274016e+03 1.008522598047266322e-01
2.854985277330268673e+03 1.039903799878116319e-01
2.855486855910263785e+03 1.075265923689935621e-01
2.855988434490258442e+03 1.114039295830477616e-01
2.856490013070253553e+03 1.156110444197543108e-01
2.856991591650248210e+03 1.201229558406311515e-01
2.857493170230243322e+03 1.249125409906617079e-01
2.857994748810237979e+03 1.299758934768167062e-01
2.858496327390233091e+03 1.352434393452026651e-01
2.858997905970227748e+03 1.405537013410201319e-01
2.859499484550222860e+03 1.457308990133441284e-01
2.860001063130217517e+03 1.505729745107682316e-01
2.860502641710212629e+03 1.548891428264054237e-01
2.861004220290207286e+03 1.585716175063926481e-01
2.861505798870201943e+03 1.615667514826490958e-01
2.862007377450197055e+03 1.638801046472890544e-01
2.862508956030191712e+03 1.655857479984844116e-01
2.863010534610186824e+03 1.667794556458923605e-01
2.863512113190181481e+03 1.675545650339704817e-01
2.864013691770176592e+03 1.679911805358302868e-01
2.864515270350171249e+03 1.681528341812811023e-01
2.865016848930166361e+03 1.681127915517287019e-01
2.865518427510161018e+03 1.679772252829714041e-01
2.866020006090156130e+03 1.678818103953502727e-01
2.866521584670150787e+03 1.679852568164174331e-01
2.867023163250145899e+03 1.684568904767470288e-01
2.867524741830140556e+03 1.694416540219392253e-01
2.868026320410135213e+03 1.710445128363305978e-01
2.868527898990130325e+03 1.733118411163457606e-01
2.869029477570124982e+03 1.761854702409557383e-01
2.869531056150120094e+03 1.795365803396896665e-01
2.870032634730114751e+03 1.832101780813902014e-01
2.870534213310109863e+03 1.869834767183594648e-01
2.871035791890104520e+03 1.905824475519918848e-01
2.871537370470099631e+03 1.937435341965064173e-01
2.872038949050094288e+03 1.962291719310726434e-01
2.872540527630089400e+03 1.978591373756770078e-01
2.873042106210084057e+03 1.985468701054894924e-01
2.873543684790079169e+03 1.982884440768461487e-01
2.874045263370073826e+03 1.971546895330508753e-01
2.874546841950068483e+03 1.952801347500183748e-01
2.875048420530063595e+03 1.928131562189332460e-01
2.875549999110058252e+03 1.899063236975784275e-01
2.876051577690053364e+03 1.867105278977940763e-01
2.876553156270048021e+03 1.833350324550234167e-01
2.877054734850043133e+03 1.798488992387305974e-01
2.877556313430037790e+03 1.762777729281116978e-01
2.878057892010032901e+03 1.726037383704597805e-01
2.878559470590027559e+03 1.688194513852397660e-01
2.879061049170022670e+03 1.649890448833727374e-01
2.879562627750017327e+03 1.612080672739401588e-01
2.880064206330012439e+03 1.576554190774809849e-01
2.880565784910007096e+03 1.547285455780905705e-01
2.881067363490001753e+03 1.528329853262411220e-01
2.881568942069996865e+03 1.522812624645042689e-01
2.882070520649991522e+03 1.532812689999028533e-01
2.882572099229986634e+03 1.558588297515156040e-01
2.883073677809981291e+03 1.598708790048059547e-01
2.883575256389976403e+03 1.650750778051251477e-01
2.884076834969971060e+03 1.710722117322581171e-01
2.884578413549966172e+03 1.773497355574389089e-01
2.885079992129960829e+03 1.834853308274990158e-01
2.885581570709955940e+03 1.891216065459466467e-01
2.886083149289950597e+03 1.939397156582001180e-01
2.886584727869945709e+03 1.977840416437623428e-01
2.887086306449940366e+03 2.006521214028313405e-01
2.887587885029935023e+03 2.027976981230377174e-01
2.888089463609930135e+03 2.043625505606545545e-01
2.888591042189924792e+03 2.050379272420612686e-01
2.889092620769919904e+03 2.051892959573738406e-01
2.889594199349914561e+03 2.054484168325984572e-01
2.890095777929909673e+03 2.053162250515325193e-01
2.890597356509904330e+03 2.045818156278153832e-01
2.891098935089899442e+03 2.040491377908224546e-01
2.891600513669894099e+03 2.041985961058468968e-01
2.892102092249889211e+03 2.048068242964067864e-01
2.892603670829883868e+03 2.056234304861313533e-01
2.893105249409878979e+03 2.066406724352280455e-01
2.893606827989873636e+03 2.079616147539338211e-01
2.894108406569868293e+03 2.096846470619234681e-01
2.894609985149863405e+03 2.118718693118737395e-01
2.895111563729858062e+03 2.145454599459337697e-01
2.895613142309853174e+03 2.177000400177833694e-01
2.896114720889847831e+03 2.212149345306388404e-01
2.896616299469842943e+03 2.248921384374166221e-01
2.897117878049837600e+03 2.285752637895502037e-01
2.897619456629832712e+03 2.322016745162453488e-01
2.898121035209827369e+03 2.357989678447324211e-01
2.898622613789822481e+03 2.394706393046365789e-01
2.899124192369817138e+03 2.432537337794068444e-01
2.899625770949812249e+03 2.471782553471879862e-01
2.900127349529806907e+03 2.512952902894820539e-01
2.900628928109801564e+03 2.553695884955459738e-01
2.901130506689796675e+03 2.592205836531752405e-01
2.901632085269791332e+03 2.627500225001001000e-01
2.902133663849786444e+03 2.658794287901464770e-01
2.902635242429781101e+03 2.685291066864513576e-01
2.903136821009776213e+03 2.707000925813562997e-01
2.903638399589770870e+03 2.724556972440462799e-01
2.904139978169765982e+03 2.738730826104802674e-01
2.904641556749760639e+03 2.750155750802278920e-01
2.905143135329755751e+03 2.758930976261430024e-01
2.905644713909750408e+03 2.764677818426032330e-01
2.906146292489745520e+03 2.766619359566371283e-01
2.906647871069740177e+03 2.763557131867239169e-01
2.907149449649734834e+03 2.754279771529762888e-01
2.907651028229729945e+03 2.738073660419493849e-01
2.908152606809724602e+03 2.714915197848097872e-01
2.908654185389719714e+03 2.685840874573598991e-01
2.909155763969714371e+03 2.652987085193578842e-01
2.909657342549709483e+03 2.619190144238568996e-01
2.910158921129704140e+03 2.588008267994790224e-01
2.910660499709699252e+03 2.563237440180103910e-01
2.911162078289693909e+03 2.548252413523188764e-01
2.911663656869689021e+03 2.545564957192318345e-01
2.912165235449683678e+03 2.556136474846978368e-01
2.912666814029678790e+03 2.579017526649027836e-01
2.913168392609673447e+03 2.611792657138105600e-01
2.913669971189668104e+03 2.651079131643837572e-01
2.914171549769663216e+03 2.693133492568706711e-01
2.914673128349657873e+03 2.734476047912396401e-01
2.915174706929652984e+03 2.772412461553782070e-01
2.915676285509647641e+03 2.805117384723014862e-01
2.916177864089642753e+03 2.831187986517321731e-01
2.916679442669637410e+03 2.849740179609058233e-01
2.917181021249632522e+03 2.860589471341580814e-01
2.917682599829627179e+03 2.864318665359421034e-01
2.918184178409622291e+03 2.862266017383368055e-01
2.918685756989616948e+03 2.855984447266908255e-01
2.919187335569612060e+03 2.846907360196006542e-01
2.919688914149606717e+03 2.835775638509805963e-01
2.920190492729601374e+03 2.822078979434012869e-01
2.920692071309596486e+03 2.804360991732773867e-01
2.921193649889591143e+03 2.780694605431259792e-01
2.921695228469586255e+03 2.749037841449382125e-01
2.922196807049580912e+03 2.708006587165275869e-01
2.922698385629576023e+03 2.657445014000707206e-01
2.923199964209570680e+03 2.598420953681768175e-01
2.923701542789565792e+03 2.533213290766700432e-01
2.924203121369560449e+03 2.465044042435403371e-01
2.924704699949555561e+03 2.397500601969726475e-01
2.925206278529550218e+03 2.333854134376756595e-01
2.925707857109545330e+03 2.276723460215701322e-01
2.926209435689539987e+03 2.228380202781486963e-01
2.926711014269534644e+03 2.191083112726851523e-01
2.927212592849529756e+03 2.166645049201798567e-01
2.927714171429524413e+03 2.156430562486878200e-01
2.928215750009519525e+03 2.161484444835160001e-01
2.928717328589514182e+03 2.182028941314361203e-01
2.929218907169509293e+03 2.216811155029568547e-01
2.929720485749503951e+03 2.262951421186033263e-01
2.930222064329499062e+03 2.316312412986105129e-01
2.930723642909493719e+03 2.372047584304195766e-01
2.931225221489488831e+03 2.425554792477515320e-01
2.931726800069483488e+03 2.473444428626659086e-01
2.932228378649478600e+03 2.513845748475682096e-01
2.932729957229473257e+03 2.546458628897045329e-01
2.933231535809467914e+03 2.572070783130000482e-01
2.933733114389463026e+03 2.591519549800576083e-01
2.934234692969457683e+03 2.605031182580441751e-01
2.934736271549452795e+03 2.611902978128326502e-01
2.935237850129447452e+03 2.610788754681575563e-01
2.935739428709442564e+03 2.600584765081234151e-01
2.936241007289437221e+03 2.581187240821863904e-01
2.936742585869432332e+03 2.553984994742938275e-01
2.937244164449426989e+03 2.521608566934821494e-01
2.937745743029422101e+03 2.487050545010590086e-01
2.938247321609416758e+03 2.452908312310280170e-01
2.938748900189411870e+03 2.420650030450161583e-01
2.939250478769406527e+03 2.390765534958756156e-01
2.939752057349401184e+03 2.363448454757157147e-01
2.940253635929396296e+03 2.338861782421147728e-01
2.940755214509390953e+03 2.317315017886311668e-01
2.941256793089386065e+03 2.299538789395109695e-01
2.941758371669380722e+03 2.286526721766527492e-01
2.942259950249375834e+03 2.278959521061815763e-01
2.942761528829370491e+03 2.277052287673314579e-01
2.943263107409365603e+03 2.280493145331515259e-01
2.943764685989360260e+03 2.288210271728958189e-01
2.944266264569355371e+03 2.298557377498250398e-01
2.944767843149350028e+03 2.309532005904755270e-01
2.945269421729344685e+03 2.318638649110237038e-01
2.945771000309339797e+03 2.323300255052144769e-01
2.946272578889334454e+03 2.321413607242031607e-01
2.946774157469329566e+03 2.311927944886939534e-01
2.947275736049324223e+03 2.295691991601489790e-01
2.947777314629319335e+03 2.275721037792243218e-01
2.948278893209313992e+03 2.256637899175895634e-01
2.948780471789309104e+03 2.243705298810566295e-01
2.949282050369303761e+03 2.241400419238417374e-01
2.949783628949298873e+03 2.252101368592505093e-01
2.950285207529293530e+03 2.275715073991172177e-01
2.950786786109288641e+03 2.309906296855733787e-01
2.951288364689283299e+03 2.350621213275460863e-01
2.951789943269277956e+03 2.393225384881192963e-01
2.952291521849273067e+03 2.433807353406201024e-01
2.952793100429267724e+03 2.469848834139065086e-01
2.953294679009262836e+03 2.500690296870938800e-01
2.953796257589257493e+03 2.527495195534145145e-01
2.954297836169252605e+03 2.552573877894940835e-01
2.954799414749247262e+03 2.578246284380285025e-01
2.955300993329242374e+03 2.605543429317870863e-01
2.955802571909237031e+03 2.633993938953892444e-01
2.956304150489232143e+03 2.662046775889264083e-01
2.956805729069226800e+03 2.687448634222950328e-01
2.957307307649221912e+03 2.708192474839181685e-01
2.957808886229216569e+03 2.723464415792969939e-01
2.958310464809211226e+03 2.733501990298325968e-01
2.958812043389206337e+03 2.739300401110092986e-01
2.959313621969200994e+03 2.742238429594746618e-01
2.959815200549196106e+03 2.743369259427611562e-01
2.960316779129190763e+03 2.743008858289786578e-01
2.960818357709185875e+03 2.740476039317791268e-01
2.961319936289180532e+03 2.733981368446769533e-01
2.961821514869175644e+03 2.720999340786878773e-01
2.962323093449170301e+03 2.698728939415451777e-01
2.962824672029165413e+03 2.664835858273965075e-01
2.963326250609160070e+03 2.618592966507708453e-01
2.963827829189155182e+03 2.561312202494840373e-01
2.964329407769149839e+03 2.496245849058563449e-01
2.964830986349144496e+03 2.428265609957410420e-01
2.965332564929139608e+03 2.362799096110874131e-01
2.965834143509134265e+03 2.304870667726205413e-01
2.966335722089129376e+03 2.258471942261032761e-01
2.966837300669124033e+03 2.225782438871595770e-01
2.967338879249119145e+03 2.206772946894917653e-01
2.967840457829113802e+03 2.199948726908092234e-01
2.968342036409108914e+03 2.203180640256984235e-01
2.968843614989103571e+03 2.214295259714254005e-01
2.969345193569098683e+03 2.231810688104299834e-01
2.969846772149093340e+03 2.255058063018365866e-01
2.970348350729088452e+03 2.283889675916551121e-01
2.970849929309083109e+03 2.318562599758324239e-01
2.971351507889077766e+03 2.359463528523507159e-01
2.971853086469072878e+03 2.406529538911692523e-01
2.972354665049067535e+03 2.458931230200220308e-01
2.972856243629062647e+03 2.515506654536415754e-01
2.973357822209057304e+03 2.575212951350627222e-01
2.973859400789052415e+03 2.636890397396538521e-01
2.974360979369047072e+03 2.699285247536636900e-01
2.974862557949042184e+03 2.760580350029989694e-01
2.975364136529036841e+03 2.818159355073899808e-01
2.975865715109031953e+03 2.868864866896175259e-01
2.976367293689026610e+03 2.909464365144110998e-01
2.976868872269021722e+03 2.937289155946052333e-01
2.977370450849016379e+03 2.950105336940269662e-01
2.977872029429011036e+03 2.946012680603234957e-01
2.978373608009006148e+03 2.924097047618999801e-01
2.978875186589000805e+03 2.884697769615750529e-01
2.979376765168995917e+03 2.829657605906736872e-01
2.979878343748990574e+03 2.762314535043509101e-01
2.980379922328985685e+03 2.686547925708957507e-01
2.980881500908980343e+03 2.606304602943925186e-01
2.981383079488975454e+03 2.525484632122871331e-01
2.981884658068970111e+03 2.447157600135018152e-01
2.982386236648965223e+03 2.373417297948805238e-01
2.982887815228959880e+03 2.306028190833602776e-01
2.983389393808954992e+03 2.246613739137950927e-01
2.983890972388949649e+03 2.197027215581531800e-01
2.984392550968944306e+03 2.159423840971969599e-01
2.984894129548939418e+03 2.136184504925163763e-01
2.985395708128934075e+03 2.129709384803892547e-01
2.985897286708929187e+03 2.141611504855659986e-01
2.986398865288923844e+03 2.172042992550271279e-01
2.986900443868918956e+03 2.219741987611947298e-01
2.987402022448913613e+03 2.281867038699070260e-01
2.987903601028908724e+03 2.354245894983335863e-01
2.988405179608903381e+03 2.432443567095831094e-01
2.988906758188898493e+03 2.511356184724293783e-01
2.989408336768893150e+03 2.585411395170188475e-01
2.989909915348888262e+03 2.649632052137073090e-01
2.990411493928882919e+03 2.699899218140870971e-01
2.990913072508877576e+03 2.733246332141439083e-01
2.991414651088872688e+03 2.748713575677773635e-01
2.991916229668867345e+03 2.747754393664649797e-01
2.992417808248862457e+03 2.733914620498776871e-01
2.992919386828857114e+03 2.712195993361401491e-01
2.993420965408852226e+03 2.688215228312762495e-01
2.993922543988846883e+03 2.667368424814371419e-01
2.994424122568841995e+03 2.654010123505222696e-01
2.994925701148836652e+03 2.650494518190377180e-01
2.995427279728831763e+03 2.656972752655419878e-01
2.995928858308826420e+03 2.671251191964146843e-01
2.996430436888821532e+03 2.688773934405141453e-01
2.996932015468816189e+03 2.703634961051961660e-01
2.997433594048810846e+03 2.709810330138009427e-01
2.997935172628805958e+03 2.702224518872665682e-01
2.998436751208800615e+03 2.678062569359905831e-01
2.998938329788795727e+03 2.637420184589114314e-01
2.999439908368790384e+03 2.583275784788316431e-01
2.999941486948785496e+03 2.521389252936210301e-01
3.000443065528780153e+03 2.458721821342230718e-01
3.000944644108775265e+03 2.401689922243472608e-01
3.001446222688769922e+03 2.356078186361986737e-01
3.001947801268765033e+03 2.326281421085036327e-01
3.002449379848759691e+03 2.314482867370922514e-01
3.002950958428754802e+03 2.320933004128308830e-01
3.003452537008749459e+03 2.343978813502449743e-01
3.003954115588744116e+03 2.379995092368028531e-01
3.004455694168739228e+03 2.423937728964532523e-01
3.004957272748733885e+03 2.469837674213571921e-01
3.005458851328728997e+03 2.511859968968788159e-01
3.005960429908723654e+03 2.545635084293451644e-01
3.006462008488718766e+03 2.569367808078396043e-01
3.006963587068713423e+03 2.584283659628471286e-01
3.007465165648708535e+03 2.594147010330666858e-01
3.007966744228703192e+03 2.604115519424017311e-01
3.008468322808698304e+03 2.619162031949622271e-01
3.008969901388692961e+03 2.642763880437263291e-01
3.009471479968688072e+03 2.675975734950454266e-01
3.009973058548682729e+03 2.717046688899975582e-01
3.010474637128677386e+03 2.762288214736640102e-01
3.010976215708672498e+03 2.807073967523878721e-01
3.011477794288667155e+03 2.846753984718692343e-01
3.011979372868662267e+03 2.877763217866788903e-01
3.012480951448656924e+03 2.898027125717992925e-01
3.012982530028652036e+03 2.906801725090585320e-01
3.013484108608646693e+03 2.904310528169816719e-01
3.013985687188641805e+03 2.891278717262995013e-01
3.014487265768636462e+03 2.868516644660547010e-01
3.014988844348631574e+03 2.836501654393179805e-01
3.015490422928626231e+03 2.795548390771807057e-01
3.015992001508621343e+03 2.746181321765572281e-01
3.016493580088616000e+03 2.689279122818176715e-01
3.016995158668610657e+03 2.626226914595225503e-01
3.017496737248605768e+03 2.559006761560748133e-01
3.017998315828600425e+03 2.490449535314346041e-01
3.018499894408595537e+03 2.424134701553535276e-01
3.019001472988590194e+03 2.364130109494985699e-01
3.019503051568585306e+03 2.314601225997570677e-01
3.020004630148579963e+03 2.279413966499136968e-01
3.020506208728575075e+03 2.261755144466559564e-01
3.021007787308569732e+03 2.263557663004486520e-01
3.021509365888564844e+03 2.285010660915510750e-01
3.022010944468559501e+03 2.324228018405382068e-01
3.022512523048554613e+03 2.377105475356129927e-01
3.023014101628549270e+03 2.438045185191344277e-01
3.023515680208543927e+03 2.501341991291615718e-01
3.024017258788539039e+03 2.562295976392278130e-01
3.024518837368533696e+03 2.618130224822186047e-01
3.025020415948528807e+03 2.668460182439045258e-01
3.025521994528523464e+03 2.715461431895282995e-01
3.026023573108518576e+03 2.762905717174539699e-01
3.026525151688513233e+03 2.814040931762183395e-01
3.027026730268508345e+03 2.870459999266137263e-01
3.027528308848503002e+03 2.932137709975759510e-01
3.028029887428498114e+03 2.997004776378694446e-01
3.028531466008492771e+03 3.060992306673128716e-01
3.029033044588487883e+03 3.119858809075131134e-01
3.029534623168482540e+03 3.170497662532817396e-01
3.030036201748477197e+03 3.211106082672231521e-01
3.030537780328472309e+03 3.241729948537634964e-01
3.031039358908466966e+03 3.263868599048573849e-01
3.031540937488462077e+03 3.279258374745453453e-01
3.032042516068456735e+03 3.289121591067432071e-01
3.032544094648451846e+03 3.293519026342301981e-01
3.033045673228446503e+03 3.291286839962219712e-01
3.033547251808441615e+03 3.280562682673018315e-01
3.034048830388436272e+03 3.259530446309506502e-01
3.034550408968431384e+03 3.227420305558942326e-01
3.035051987548426041e+03 3.184821290058586496e-01
3.035553566128421153e+03 3.133585236365394877e-01
3.036055144708415810e+03 3.076736956485726093e-01
3.036556723288410467e+03 3.018033624308832374e-01
3.037058301868405579e+03 2.961576883865790766e-01
3.037559880448400236e+03 2.911570353273177370e-01
3.038061459028395348e+03 2.871514203294318612e-01
3.038563037608390005e+03 2.843261298178053065e-01
3.039064616188385116e+03 2.826860178190315764e-01
3.039566194768379773e+03 2.820819873110741449e-01
3.040067773348374885e+03 2.822483234290041332e-01
3.040569351928369542e+03 2.829056847510325046e-01
3.041070930508364654e+03 2.838439610906122734e-01
3.041572509088359311e+03 2.849598227869044598e-01
3.042074087668354423e+03 2.862532479531804119e-01
3.042575666248349080e+03 2.877639613219000192e-01
3.043077244828343737e+03 2.894944128734553423e-01
3.043578823408338849e+03 2.913577145019169978e-01
3.044080401988333506e+03 2.931460746436825859e-01
3.044581980568328618e+03 2.945604547000439943e-01
3.045083559148323275e+03 2.953052101267428231e-01
3.045585137728318387e+03 2.951730490934506568e-01
3.046086716308313044e+03 2.941193956751326777e-01
3.046588294888308155e+03 2.922899230273238169e-01
3.047089873468302812e+03 2.900054579821388367e-01
3.047591452048297924e+03 2.877151323427578067e-01
3.048093030628292581e+03 2.858744276414191265e-01
3.048594609208287693e+03 2.848573868690703614e-01
3.049096187788282350e+03 2.849341490759986217e-01
3.049597766368277007e+03 2.861847482234125550e-01
3.050099344948272119e+03 2.884686453119864047e-01
3.050600923528266776e+03 2.915221111388595077e-01
3.051102502108261888e+03 2.949940262351697373e-01
3.051604080688256545e+03 2.984399861320223279e-01
3.052105659268251657e+03 3.013797324464607130e-01
3.052607237848246314e+03 3.033606481972461189e-01
3.053108816428241425e+03 3.040283353547695300e-01
3.053610395008236083e+03 3.031982510419867216e-01
3.054111973588231194e+03 3.008754715324392648e-01
3.054613552168225851e+03 2.972385649232126559e-01
3.055115130748220963e+03 2.925817915462867180e-01
3.055616709328215620e+03 2.872080593679419147e-01
3.056118287908210277e+03 2.813991990613327054e-01
3.056619866488205389e+03 2.754645723244470989e-01
3.057121445068200046e+03 2.697520659189751591e-01
3.057623023648195158e+03 2.646614456638106683e-01
3.058124602228189815e+03 2.606236143439282227e-01
3.058626180808184927e+03 2.580304706289379135e-01
3.059127759388179584e+03 2.571763339894491684e-01
3.059629337968174696e+03 2.581824063889873733e-01
3.060130916548169353e+03 2.609504081103426465e-01
3.060632495128164464e+03 2.651784982336982122e-01
3.061134073708159121e+03 2.703759792068946566e-01
3.061635652288154233e+03 2.759417361901580490e-01
3.062137230868148890e+03 2.813314091582741483e-01
3.062638809448143547e+03 2.861604912715293714e-01
3.063140388028138659e+03 2.901002898311700329e-01
3.063641966608133316e+03 2.928751592185362407e-01
3.064143545188128428e+03 2.945728707526771295e-01
3.064645123768123085e+03 2.954324248408148890e-01
3.065146702348118197e+03 2.956562830522612151e-01
3.065648280928112854e+03 2.954772483051318899e-01
3.066149859508107966e+03 2.951787011249737969e-01
3.066651438088102623e+03 2.951063154751057960e-01
3.067153016668097735e+03 2.956465841084952029e-01
3.067654595248092392e+03 2.970985378724234627e-01
3.068156173828087503e+03 2.996052305403101856e-01
3.068657752408082160e+03 3.031861744071484566e-01
3.069159330988076817e+03 3.076338165006377023e-01
3.069660909568071929e+03 3.124505199706614222e-01
3.070162488148066586e+03 3.171088265439775400e-01
3.070664066728061698e+03 3.212097405808372885e-01
3.071165645308056355e+03 3.245017965238670143e-01
3.071667223888051467e+03 3.275745575296100665e-01
3.072168802468046124e+03 3.314726214345833366e-01
3.072670381048041236e+03 3.349422801996970733e-01
3.073171959628035893e+03 3.351934812930632557e-01
3.073673538208031005e+03 3.314651299247576288e-01
3.074175116788025662e+03 3.260800856856103658e-01
3.074676695368020773e+03 3.223281103491307809e-01
3.075178273948015431e+03 3.200488019558510588e-01
3.075679852528010088e+03 3.180464734235385338e-01
3.076181431108005199e+03 3.161960501105116617e-01
3.076683009687999856e+03 3.146585088098442506e-01
3.077184588267994968e+03 3.135785711882019822e-01
3.077686166847989625e+03 3.129826380881403081e-01
3.078187745427984737e+03 3.128227813251789335e-01
3.078689324007979394e+03 3.130435418200225861e-01
3.079190902587974506e+03 3.136081439869746190e-01
3.079692481167969163e+03 3.144679972588970140e-01
3.080194059747964275e+03 3.156085621457236923e-01
3.080695638327958932e+03 3.171153637573009831e-01
3.081197216907954044e+03 3.190918469133072755e-01
3.081698795487948701e+03 3.216508422676683798e-01
3.082200374067943358e+03 3.249572302121557787e-01
3.082701952647938469e+03 3.291275462480723890e-01
3.083203531227933127e+03 3.341374285741408601e-01
3.083705109807928238e+03 3.397799279075112144e-01
3.084206688387922895e+03 3.456229802382162486e-01
3.084708266967918007e+03 3.510249158993740681e-01
3.085209845547912664e+03 3.552286915668366185e-01
3.085711424127907776e+03 3.575113044284849995e-01
3.086213002707902433e+03 3.573476590770882089e-01
3.086714581287897545e+03 3.545189992390180289e-01
3.087216159867892202e+03 3.491666357246563934e-01
3.087717738447887314e+03 3.417727728004895660e-01
3.088219317027881971e+03 3.329952813835062586e-01
3.088720895607876628e+03 3.234912905522575044e-01
3.089222474187871740e+03 3.138505671236682115e-01
3.089724052767866397e+03 3.045136726254755732e-01
3.090225631347861508e+03 2.957502207426170315e-01
3.090727209927856165e+03 2.877276114871851753e-01
3.091228788507851277e+03 2.805554315575364832e-01
3.091730367087845934e+03 2.743492724450615761e-01
3.092231945667841046e+03 2.692319268928945464e-01
3.092733524247835703e+03 2.652936948354098767e-01
3.093235102827830815e+03 2.625970320513013601e-01
3.093736681407825472e+03 2.611066163160052356e-01
3.094238259987820584e+03 2.606279024513433740e-01
3.094739838567815241e+03 2.608305175139258858e-01
3.095241417147809898e+03 2.613103329789614460e-01
3.095742995727805010e+03 2.616852047065846287e-01
3.096244574307799667e+03 2.616980870274330795e-01
3.096746152887794779e+03 2.612633759179916471e-01
3.097247731467789436e+03 2.604676075663440726e-01
3.097749310047784547e+03 2.595156794427881941e-01
3.098250888627779204e+03 2.586382481954797585e-01
3.098752467207774316e+03 2.580570113799870446e-01
3.099254045787768973e+03 2.579957101955248078e-01
3.099755624367764085e+03 2.586921032174581692e-01
3.100257202947758742e+03 2.604224236483823063e-01
3.100758781527753854e+03 2.634752166437974719e-01
3.101260360107748511e+03 2.680847007103455137e-01
3.101761938687743168e+03 2.743814059879527978e-01
3.102263517267738280e+03 2.823329820689701730e-01
3.102765095847732937e+03 2.917277989014476214e-01
3.103266674427728049e+03 3.021787545043588263e-01
3.103768253007722706e+03 3.131606062215972486e-01
3.104269831587717817e+03 3.242032914305886804e-01
3.104771410167712475e+03 3.349724927447875755e-01
3.105272988747707586e+03 3.452640165134867045e-01
3.105774567327702243e+03 3.550353551131467666e-01
3.106276145907697355e+03 3.643302186197338588e-01
3.106777724487692012e+03 3.731859585717546279e-01
3.107279303067687124e+03 3.815407491825745789e-01
3.107780881647681781e+03 3.892006102398154477e-01
3.108282460227676438e+03 3.959225573132577614e-01
3.108784038807671550e+03 4.014529118431561239e-01
3.109285617387666207e+03 4.055901923044405999e-01
3.109787195967661319e+03 4.083016054630979053e-01
3.110288774547655976e+03 4.097381281327396318e-01
3.110790353127651088e+03 4.101907749034024997e-01
3.111291931707645745e+03 4.100167585196365927e-01
3.111793510287640856e+03 4.095078486624763037e-01
3.112295088867635513e+03 4.087703629176204778e-01
3.112796667447630625e+03 4.076961031589327877e-01
3.113298246027625282e+03 4.060134198155338492e-01
3.113799824607620394e+03 4.034038646277108286e-01
3.114301403187615051e+03 3.996311198682055421e-01
3.114802981767609708e+03 3.946061443219880949e-01
3.115304560347604820e+03 3.884335900332219760e-01
3.115806138927599477e+03 3.813822891751310618e-01
3.116307717507594589e+03 3.737281062280716215e-01
3.116809296087589246e+03 3.657133393543037236e-01
3.117310874667584358e+03 3.575590176423751321e-01
3.117812453247579015e+03 3.494691430347262040e-01
3.118314031827574127e+03 3.416905331904909193e-01
3.118815610407568784e+03 3.344956779063505414e-01
3.119317188987563895e+03 3.281668928103793625e-01
3.119818767567558552e+03 3.229825410094943061e-01
3.120320346147553664e+03 3.191944262144356115e-01
3.120821924727548321e+03 3.169629403756529795e-01
3.121323503307542978e+03 3.163092563556157977e-01
3.121825081887538090e+03 3.171364358085138058e-01
3.122326660467532747e+03 3.192452983660005184e-01
3.122828239047527859e+03 3.223514353119404374e-01
3.123329817627522516e+03 3.261186326700161175e-01
3.123831396207517628e+03 3.302015598750729364e-01
3.124332974787512285e+03 3.342473606687655918e-01
3.124834553367507397e+03 3.379496009997968731e-01
3.125336131947502054e+03 3.411238269285934432e-01
3.125837710527497165e+03 3.436793136639497703e-01
3.126339289107491823e+03 3.455733766385922778e-01
3.126840867687486934e+03 3.467696752840396801e-01
3.127342446267481591e+03 3.472135645792668868e-01
3.127844024847476248e+03 3.468489606084663723e-01
3.128345603427471360e+03 3.456322339201019500e-01
3.128847182007466017e+03 3.435765261888162891e-01
3.129348760587461129e+03 3.407955333880242632e-01
3.129850339167455786e+03 3.375207748922024464e-01
3.130351917747450898e+03 3.340624007660166761e-01
3.130853496327445555e+03 3.307372226274856164e-01
3.131355074907440667e+03 3.278318888053527447e-01
3.131856653487435324e+03 3.256013290716795461e-01
3.132358232067430436e+03 3.242449156974263058e-01
3.132859810647425093e+03 3.238859412532808513e-01
3.133361389227420204e+03 3.246061525262005087e-01
3.133862967807414861e+03 3.264553965353410581e-01
3.134364546387409519e+03 3.294404054354158617e-01
3.134866124967404630e+03 3.335542140207394812e-01
3.135367703547399287e+03 3.387402809173895024e-01
3.135869282127394399e+03 3.448433056378975570e-01
3.136370860707389056e+03 3.516258830757698073e-01
3.136872439287384168e+03 3.587754722251441653e-01
3.137374017867378825e+03 3.658957581626036681e-01
3.137875596447373937e+03 3.725554271643339299e-01
3.138377175027368594e+03 3.783132718417161477e-01
3.138878753607363706e+03 3.827509483933180801e-01
3.139380332187358363e+03 3.855286223371165444e-01
3.139881910767353475e+03 3.864129707534342817e-01
3.140383489347348132e+03 3.852749296622114406e-01
3.140885067927342789e+03 3.820759437800230196e-01
3.141386646507337900e+03 3.768668649759162048e-01
3.141888225087332557e+03 3.698446901459058189e-01
3.142389803667327669e+03 3.613905499405141719e-01
3.142891382247322326e+03 3.520648366489537162e-01
3.143392960827317438e+03 3.426273373237351816e-01
3.143894539407312095e+03 3.339552739981713758e-01
3.144396117987307207e+03 3.268903768463937709e-01
3.144897696567301864e+03 3.221355935771523238e-01
3.145399275147296976e+03 3.201195139345408558e-01
3.145900853727291633e+03 3.209569948409612961e-01
3.146402432307286745e+03 3.244867820362990485e-01
3.146904010887281402e+03 3.303196839811204932e-01
3.147405589467276059e+03 3.379661993042210044e-01
3.147907168047271171e+03 3.469704583672243992e-01
3.148408746627265828e+03 3.568368830746919129e-01
3.148910325207260939e+03 3.669726155212075236e-01
3.149411903787255596e+03 3.768046434830724101e-01
3.149913482367250708e+03 3.858009429149480418e-01
3.150415060947245365e+03 3.934992101007749321e-01
3.150916639527240477e+03 3.995897687795393338e-01
3.151418218107235134e+03 4.039369752885285103e-01
3.151919796687230246e+03 4.065403286523024962e-01
3.152421375267224903e+03 4.074801836994256243e-01
3.152922953847219560e+03 4.068489232378129650e-01
3.153424532427214672e+03 4.046869569259169408e-01
3.153926111007209329e+03 4.009544684846320095e-01
3.154427689587204441e+03 3.955907038748265880e-01
3.154929268167199098e+03 3.885801275263223165e-01
3.155430846747194209e+03 3.799757608154523680e-01
3.155932425327188867e+03 3.699515496336706066e-01
3.156434003907183978e+03 3.588448976306438665e-01
3.156935582487178635e+03 3.471388002086675528e-01
3.157437161067173747e+03 3.354349006647813214e-01
3.157938739647168404e+03 3.243886018539405836e-01
3.158440318227163516e+03 3.145764870935435775e-01
3.158941896807158173e+03 3.064629518835201294e-01
3.159443475387152830e+03 3.003719256596725229e-01
3.159945053967147942e+03 2.964465870293385708e-01
3.160446632547142599e+03 2.946431960434077180e-01
3.160948211127137711e+03 2.947646173909898581e-01
3.161449789707132368e+03 2.965334105320283076e-01
3.161951368287127480e+03 2.996333412868204538e-01
3.162452946867122137e+03 3.037274825245102061e-01
3.162954525447117248e+03 3.084618423498026174e-01
3.163456104027111905e+03 3.134340191201866466e-01
3.163957682607107017e+03 3.182455139932640620e-01
3.164459261187101674e+03 3.226089354168698575e-01
3.164960839767096786e+03 3.263874919151431020e-01
3.165462418347091443e+03 3.296104966541916204e-01
3.165963996927086100e+03 3.324897047739531208e-01
3.166465575507081212e+03 3.353679548479339134e-01
3.166967154087075869e+03 3.386557641456673373e-01
3.167468732667070981e+03 3.427556675898317251e-01
3.167970311247065638e+03 3.479858714051676238e-01
3.168471889827060750e+03 3.545763839747212987e-01
3.168973468407055407e+03 3.626228472838716743e-01
3.169475046987050519e+03 3.720152335566151436e-01
3.169976625567045176e+03 3.824296103820548631e-01
3.170478204147040287e+03 3.933383364010807348e-01
3.170979782727034944e+03 4.041102265383227365e-01
3.171481361307030056e+03 4.141199835100007887e-01
3.171982939887024713e+03 4.228415122034279161e-01
3.172484518467019370e+03 4.299647393519251959e-01
3.172986097047014482e+03 4.353890495687505746e-01
3.173487675627009139e+03 4.392123197694647319e-01
3.173989254207004251e+03 4.416909521218694845e-01
3.174490832786998908e+03 4.430627551635695216e-01
3.174992411366994020e+03 4.434622440668835597e-01
3.175493989946988677e+03 4.428811897010276333e-01
3.175995568526983789e+03 4.411225060773776852e-01
3.176497147106978446e+03 4.378343216144490735e-01
3.176998725686973557e+03 4.326051998422655309e-01
3.177500304266968215e+03 4.251356086212734198e-01
3.178001882846963326e+03 4.153890553931649521e-01
3.178503461426957983e+03 4.036051811707426218e-01
3.179005040006952640e+03 3.903100867869863100e-01
3.179506618586947752e+03 3.762818907783681555e-01
3.180008197166942409e+03 3.623925330880141127e-01
3.180509775746937521e+03 3.495078284296753712e-01
3.181011354326932178e+03 3.383327712597726800e-01
3.181512932906927290e+03 3.293045099889134741e-01
3.182014511486921947e+03 3.226671579299920101e-01
3.182516090066917059e+03 3.184812753245372940e-01
3.183017668646911716e+03 3.166470647474828315e-01
3.183519247226906828e+03 3.169836161927552798e-01
3.184020825806901485e+03 3.192556977830734999e-01
3.184522404386896596e+03 3.232018467446395316e-01
3.185023982966891253e+03 3.285656463763917401e-01
3.185525561546885911e+03 3.350758196923198096e-01
3.186027140126881022e+03 3.424226116625543881e-01
3.186528718706875679e+03 3.500832278339925940e-01
3.187030297286870791e+03 3.571249026435718843e-01
3.187531875866865448e+03 3.627130055556686550e-01
3.188033454446860560e+03 3.671492321337118669e-01
3.188535033026855217e+03 3.716469374045588414e-01
3.189036611606850329e+03 3.768125524498829315e-01
3.189538190186844986e+03 3.817648349438161892e-01
3.190039768766840098e+03 3.845728820783517743e-01
3.190541347346834755e+03 3.837872362554879402e-01
3.191042925926829867e+03 3.795948964693467986e-01
3.191544504506824524e+03 3.733446631434448326e-01
3.192046083086819181e+03 3.664364830802840922e-01
3.192547661666814292e+03 3.599328066010890614e-01
3.193049240246808949e+03 3.546616744378413566e-01
3.193550818826804061e+03 3.511721297812041565e-01
3.194052397406798718e+03 3.497054040001094100e-01
3.194553975986793830e+03 3.502462540277388459e-01
3.195055554566788487e+03 3.525583919642577557e-01
3.195557133146783599e+03 3.562892398783876757e-01
3.196058711726778256e+03 3.610705996787078043e-01
3.196560290306773368e+03 3.665592039300942240e-01
3.197061868886768025e+03 3.724654690416891456e-01
3.197563447466763137e+03 3.785287536371578776e-01
3.198065026046757794e+03 3.844750948557835724e-01
3.198566604626752451e+03 3.900033129398386977e-01
3.199068183206747563e+03 3.948255767825396556e-01
3.199569761786742220e+03 3.987596541052493837e-01
3.200071340366737331e+03 4.017853212319248968e-01
3.200572918946731988e+03 4.040469587293198384e-01
3.201074497526727100e+03 4.058222406594282905e-01
3.201576076106721757e+03 4.074201615149657396e-01
3.202077654686716869e+03 4.091036828674664005e-01
3.202579233266711526e+03 4.110558600717563182e-01
3.203080811846706638e+03 4.133385506710640644e-01
3.203582390426701295e+03 4.158912415349373393e-01
3.204083969006696407e+03 4.185447368017840009e-01
3.204585547586691064e+03 4.209895365304801018e-01
3.205087126166685721e+03 4.228423790688760620e-01
3.205588704746680833e+03 4.237369217534207588e-01
3.206090283326675490e+03 4.233830062705901121e-01
3.206591861906670601e+03 4.215414889906129448e-01
3.207093440486665259e+03 4.179835681242216605e-01
3.207595019066660370e+03 4.127108402116858032e-01
3.208096597646655027e+03 4.059518669304662541e-01
3.208598176226650139e+03 3.979885342252934555e-01
3.209099754806644796e+03 3.890909548455126488e-01
3.209601333386639908e+03 3.796566593497531228e-01
3.210102911966634565e+03 3.702021407549317966e-01
3.210604490546629677e+03 3.612099035311646111e-01
3.211106069126624334e+03 3.531069016140532257e-01
3.211607647706618991e+03 3.462383871862125262e-01
3.212109226286614103e+03 3.408331082932777867e-01
3.212610804866608760e+03 3.370101040100493828e-01
3.213112383446603872e+03 3.348058700137442889e-01
3.213613962026598529e+03 3.342017804502469547e-01
3.214115540606593640e+03 3.351278210420108317e-01
3.214617119186588297e+03 3.374538474065202909e-01
3.215118697766583409e+03 3.409634533045524662e-01
3.215620276346578066e+03 3.453495982507049922e-01
3.216121854926573178e+03 3.502434120123392169e-01
3.216623433506567835e+03 3.552762971570777584e-01
3.217125012086562947e+03 3.601378657389509019e-01
3.217626590666557604e+03 3.646067075869229290e-01
3.218128169246552261e+03 3.685537785529550137e-01
3.218629747826547373e+03 3.719034112815862159e-01
3.219131326406542030e+03 3.745761687830759246e-01
3.219632904986537142e+03 3.764552997983909854e-01
3.220134483566531799e+03 3.774071014437812011e-01
3.220636062146526911e+03 3.773063381615207601e-01
3.221137640726521568e+03 3.760751029354889585e-01
3.221639219306516679e+03 3.737172077978200835e-01
3.222140797886511336e+03 3.703250583257478579e-01
3.222642376466506448e+03 3.660724037715499257e-01
3.223143955046501105e+03 3.611835576192032882e-01
3.223645533626496217e+03 3.558483353348551592e-01
3.224147112206490874e+03 3.501645341954678359e-01
3.224648690786485531e+03 3.441802515863480183e-01
3.225150269366480643e+03 3.379601610498352837e-01
3.225651847946475300e+03 3.315787671329175623e-01
3.226153426526470412e+03 3.251379251584969321e-01
3.226655005106465069e+03 3.188511815259473248e-01
3.227156583686460181e+03 3.130165680772849512e-01
3.227658162266454838e+03 3.079346302210962949e-01
3.228159740846449949e+03 3.038846813155289261e-01
3.228661319426444607e+03 3.011096120798248954e-01
3.229162898006439718e+03 2.997675851647424450e-01
3.229664476586434375e+03 2.999079319205532057e-01
3.230166055166429487e+03 3.014672769486163584e-01
3.230667633746424144e+03 3.042418896642184456e-01
3.231169212326418801e+03 3.078705803948531550e-01
3.231670790906413913e+03 3.118692161740477253e-01
3.232172369486408570e+03 3.157105495367718007e-01
3.232673948066403682e+03 3.189195766800632104e-01
3.233175526646398339e+03 3.211765855127719504e-01
3.233677105226393451e+03 3.223911944587505296e-01
3.234178683806388108e+03 3.226921394273601917e-01
3.234680262386383220e+03 3.223695093549545643e-01
3.235181840966377877e+03 3.217929524726167445e-01
3.235683419546372988e+03 3.213217000147429170e-01
3.236184998126367645e+03 3.212183154673501351e-01
3.236686576706362757e+03 3.216430589329927758e-01
3.237188155286357414e+03 3.229477096845930761e-01
3.237689733866352071e+03 3.258215904020384523e-01
3.238191312446347183e+03 3.296670417369380046e-01
3.238692891026341840e+03 3.330211746800538219e-01
3.239194469606336952e+03 3.364302784824301229e-01
3.239696048186331609e+03 3.402435632742638605e-01
3.240197626766326721e+03 3.446930309942862203e-01
3.240699205346321378e+03 3.500881989853110166e-01
3.241200783926316490e+03 3.560141632704630910e-01
3.241702362506311147e+03 3.620827606586510261e-01
3.242203941086306259e+03 3.681331077304967891e-01
3.242705519666300916e+03 3.740094349442312227e-01
3.243207098246296027e+03 3.796922688101649346e-01
3.243708676826290684e+03 3.852379651073849498e-01
3.244210255406285341e+03 3.905787693323671261e-01
3.244711833986280453e+03 3.956789641898015297e-01
3.245213412566275110e+03 4.003549850816339184e-01
3.245714991146270222e+03 4.042306643255788590e-01
3.246216569726264879e+03 4.069400888560975593e-01
3.246718148306259991e+03 4.082457154746904626e-01
3.247219726886254648e+03 4.081351707468400258e-01
3.247721305466249760e+03 4.068449834606049920e-01
3.248222884046244417e+03 4.047980618901284577e-01
3.248724462626239529e+03 4.024974874486100807e-01
3.249226041206234186e+03 4.004056899752412302e-01
3.249727619786229297e+03 3.988465815163125261e-01
3.250229198366223955e+03 3.979671515352798949e-01
3.250730776946218612e+03 3.977820436053468578e-01
3.251232355526213723e+03 3.982671472707435267e-01
3.251733934106208380e+03 3.994245259024390982e-01
3.252235512686203492e+03 4.013352736884221450e-01
3.252737091266198149e+03 4.041703261554859816e-01
3.253238669846193261e+03 4.081444393982037733e-01
3.253740248426187918e+03 4.134614388691084663e-01
3.254241827006183030e+03 4.202391721999452212e-01
3.254743405586177687e+03 4.284276901519886160e-01
3.255244984166172799e+03 4.377772226450353799e-01
3.255746562746167456e+03 4.478299676772867777e-01
3.256248141326162568e+03 4.579340123523831796e-01
3.256749719906157225e+03 4.674339830275880958e-01
3.257251298486151882e+03 4.758372005436799501e-01
3.257752877066146993e+03 4.827632912628792017e-01
3.258254455646141651e+03 4.879444097668278468e-01
3.258756034226136762e+03 4.913380102611618061e-01
3.259257612806131419e+03 4.931416147091000068e-01
3.259759191386126531e+03 4.937112532312912805e-01
3.260260769966121188e+03 4.934854315190023710e-01
3.260762348546116300e+03 4.929014163103023760e-01
3.261263927126110957e+03 4.922967026356109277e-01
3.261765505706106069e+03 4.918683628046514045e-01
3.262267084286100726e+03 4.916597233851601745e-01
3.262768662866095838e+03 4.915620045605785249e-01
3.263270241446090495e+03 4.913992041355865759e-01
3.263771820026085152e+03 4.910323031267948002e-01
3.264273398606080264e+03 4.903937752314218024e-01
3.264774977186074921e+03 4.895004492904848625e-01
3.265276555766070032e+03 4.884448638122079744e-01
3.265778134346064689e+03 4.873349657310713789e-01
3.266279712926059801e+03 4.862314330266284124e-01
3.266781291506054458e+03 4.851263010070686610e-01
3.267282870086049570e+03 4.839479359725283314e-01
3.267784448666044227e+03 4.826051072457054336e-01
3.268286027246039339e+03 4.810338009374143242e-01
3.268787605826033996e+03 4.792291146713220096e-01
3.269289184406029108e+03 4.772691471189364210e-01
3.269790762986023765e+03 4.752966434884529634e-01
3.270292341566018422e+03 4.734845349835987149e-01
3.270793920146013534e+03 4.720152341031393917e-01
3.271295498726008191e+03 4.710295352259898927e-01
3.271797077306003303e+03 4.705576384074062757e-01
3.272298655885997960e+03 4.704849466656836898e-01
3.272800234465993071e+03 4.705465500470516482e-01
3.273301813045987728e+03 4.703834357455696225e-01
3.273803391625982840e+03 4.696441534836657272e-01
3.274304970205977497e+03 4.680733564077963482e-01
3.274806548785972609e+03 4.655805609744586571e-01
3.275308127365967266e+03 4.622599189535457898e-01
3.275809705945962378e+03 4.583400997484945449e-01
3.276311284525957035e+03 4.541233477915880279e-01
3.276812863105951692e+03 4.499526346959982215e-01
3.277314441685946804e+03 4.461655034459851565e-01
3.277816020265941461e+03 4.429943281926798093e-01
3.278317598845936573e+03 4.405379019732379997e-01
3.278819177425931230e+03 4.388168600410849995e-01
3.279320756005926341e+03 4.378013840352720232e-01
3.279822334585920999e+03 4.374112981306367276e-01
3.280323913165916110e+03 4.375123968626414284e-01
3.280825491745910767e+03 4.379328708883659660e-01
3.281327070325905879e+03 4.385033517924772362e-01
3.281828648905900536e+03 4.390811774787206079e-01
3.282330227485895648e+03 4.395748935001861923e-01
3.282831806065890305e+03 4.399795157310998350e-01
3.283333384645884962e+03 4.403679756191826167e-01
3.283834963225880074e+03 4.408522113077421034e-01
3.284336541805874731e+03 4.415325414510206659e-01
3.284838120385869843e+03 4.424690591927142869e-01
3.285339698965864500e+03 4.436863672364717015e-01
3.285841277545859612e+03 4.451755812279116764e-01
3.286342856125854269e+03 4.469087924705107406e-01
3.286844434705849380e+03 4.489150486672764395e-01
3.287346013285844037e+03 4.513226644740142013e-01
3.287847591865839149e+03 4.543104624139199244e-01
3.288349170445833806e+03 4.580395367865824907e-01
3.288850749025828918e+03 4.625992905919708020e-01
3.289352327605823575e+03 4.680059879235750619e-01
3.289853906185818232e+03 4.741806649722224432e-01
3.290355484765813344e+03 4.808940323075264756e-01
3.290857063345808001e+03 4.878733420508198915e-01
3.291358641925803113e+03 4.949006788078929020e-01
3.291860220505797770e+03 5.017394246799864455e-01
3.292361799085792882e+03 5.080877507672473259e-01
3.292863377665787539e+03 5.136365954463736339e-01
3.293364956245782651e+03 5.180701431167482607e-01
3.293866534825777308e+03 5.211279735524083634e-01
3.294368113405772419e+03 5.227198487409956407e-01
3.294869691985767076e+03 5.229791098122426041e-01
3.295371270565762188e+03 5.222843586826888540e-01
3.295872849145756845e+03 5.212263314298968275e-01
3.296374427725751502e+03 5.204954411495802402e-01
3.296876006305746614e+03 5.207249700807560222e-01
3.297377584885741271e+03 5.223301256933007286e-01
3.297879163465736383e+03 5.253911093051187864e-01
3.298380742045731040e+03 5.296504758104143562e-01
3.298882320625726152e+03 5.345778817652204751e-01
3.299383899205720809e+03 5.394550442229401055e-01
3.299885477785715921e+03 5.434892998931923902e-01
3.300387056365710578e+03 5.459197871725351980e-01
3.300888634945705689e+03 5.461296785039768675e-01
3.301390213525700347e+03 5.437511155240436489e-01
3.301891792105695458e+03 5.387363648738177080e-01
3.302393370685690115e+03 5.314032169729696609e-01
3.302894949265684772e+03 5.223377090222431907e-01
3.303396527845679884e+03 5.122219229917257532e-01
3.303898106425674541e+03 5.017869185705794433e-01
3.304399685005669653e+03 4.916459014666503813e-01
3.304901263585664310e+03 4.821401131599516998e-01
3.305402842165659422e+03 4.734399392822977726e-01
3.305904420745654079e+03 4.656467270258998203e-01
3.306405999325649191e+03 4.589069609959364193e-01
3.306907577905643848e+03 4.533920054111813536e-01
3.307409156485638960e+03 4.491748105867406915e-01
3.307910735065633617e+03 4.461942875963334498e-01
3.308412313645628728e+03 4.442589845821849348e-01
3.308913892225623385e+03 4.430568823268415946e-01
3.309415470805618043e+03 4.421929729387398256e-01
3.309917049385613154e+03 4.412745138987517191e-01
3.310418627965607811e+03 4.400045002555784124e-01
3.310920206545602923e+03 4.382323792386518813e-01
3.311421785125597580e+03 4.359766587488100864e-01
3.311923363705592692e+03 4.333952150718370366e-01
3.312424942285587349e+03 4.307244706265832557e-01
3.312926520865582461e+03 4.282314094899107859e-01
3.313428099445577118e+03 4.261981722751478907e-01
3.313929678025572230e+03 4.248995949288869589e-01
3.314431256605566887e+03 4.245842130466220832e-01
3.314932835185561999e+03 4.254547770269794249e-01
3.315434413765556656e+03 4.276356045173173026e-01
3.315935992345551313e+03 4.311280919458945204e-01
3.316437570925546424e+03 4.357845062669457592e-01
3.316939149505541081e+03 4.413362330808123790e-01
3.317440728085536193e+03 4.474289237465726154e-01
3.317942306665530850e+03 4.536533222412597599e-01
3.318443885245525962e+03 4.595825098114695306e-01
3.318945463825520619e+03 4.647971075730166213e-01
3.319447042405515731e+03 4.689587324587968786e-01
3.319948620985510388e+03 4.718387066177724409e-01
3.320450199565505500e+03 4.733120848534219105e-01
3.320951778145500157e+03 4.733882112445488843e-01
3.321453356725495269e+03 4.722352331352903665e-01
3.321954935305489926e+03 4.701754039200043422e-01
3.322456513885484583e+03 4.676588429089697518e-01
3.322958092465479695e+03 4.652057407065353090e-01
3.323459671045474352e+03 4.633168448253213167e-01
3.323961249625469463e+03 4.623730461315030960e-01
3.324462828205464120e+03 4.625435632651300755e-01
3.324964406785459232e+03 4.637286182224555353e-01
3.325465985365453889e+03 4.655977207219080816e-01
3.325967563945449001e+03 4.676974206426012248e-01
3.326469142525443658e+03 4.695679293338885785e-01
3.326970721105438770e+03 4.708761035870276945e-01
3.327472299685433427e+03 4.715050929036195271e-01
3.327973878265428539e+03 4.715343097998574429e-01
3.328475456845423196e+03 4.711941505852075829e-01
3.328977035425417853e+03 4.707815319524703002e-01
3.329478614005412965e+03 4.705546188514254657e-01
3.329980192585407622e+03 4.706653745913838005e-01
3.330481771165402733e+03 4.711083338700376988e-01
3.330983349745397391e+03 4.717104064208021974e-01
3.331484928325392502e+03 4.721866092889108746e-01
3.331986506905387159e+03 4.722177518972549004e-01
3.332488085485382271e+03 4.715243738651127003e-01
3.332989664065376928e+03 4.699339492075659264e-01
3.333491242645372040e+03 4.674143019471999061e-01
3.333992821225366697e+03 4.640436912587726503e-01
3.334494399805361809e+03 4.600121692991691602e-01
3.334995978385356466e+03 4.556110625740648068e-01
3.335497556965351123e+03 4.512032244742200104e-01
3.335999135545346235e+03 4.472055478459890931e-01
3.336500714125340892e+03 4.440115426269389820e-01
3.337002292705336004e+03 4.418970876155934868e-01
3.337503871285330661e+03 4.409708828657022961e-01
3.338005449865325772e+03 4.411634854758915703e-01
3.338507028445320429e+03 4.422470152322619530e-01
3.339008607025315541e+03 4.439138019958085435e-01
3.339510185605310198e+03 4.458818036287343634e-01
3.340011764185305310e+03 4.479588185463103667e-01
3.340513342765299967e+03 4.500569451671543875e-01
3.341014921345295079e+03 4.521710119636848657e-01
3.341516499925289736e+03 4.543392620423454265e-01
3.342018078505284393e+03 4.566100841453771819e-01
3.342519657085279505e+03 4.589989483979084461e-01
3.343021235665274162e+03 4.614484922113469834e-01
3.343522814245269274e+03 4.638119241993948760e-01
3.344024392825263931e+03 4.658594520441764475e-01
3.344525971405259043e+03 4.673265421195626490e-01
3.345027549985253700e+03 4.679766144235710246e-01
3.345529128565248811e+03 4.676248195758924142e-01
3.346030707145243468e+03 4.661565066714472017e-01
3.346532285725238580e+03 4.635625072648571487e-01
3.347033864305233237e+03 4.599345761563010671e-01
3.347535442885228349e+03 4.554565327792701179e-01
3.348037021465223006e+03 4.504362518793562087e-01
3.348538600045217663e+03 4.453042191042889120e-01
3.349040178625212775e+03 4.405884512535655495e-01
3.349541757205207432e+03 4.368365244500619360e-01
3.350043335785202544e+03 4.345224567566535745e-01
3.350544914365197201e+03 4.339684240162646756e-01
3.351046492945192313e+03 4.352519542125477536e-01
3.351548071525186970e+03 4.381623737853216349e-01
3.352049650105182081e+03 4.422517497197962499e-01
3.352551228685176739e+03 4.469435987986253300e-01
3.353052807265171850e+03 4.516432440162432282e-01
3.353554385845166507e+03 4.558323273416879928e-01
3.354055964425161619e+03 4.591072874105794899e-01
3.354557543005156276e+03 4.611758044675900448e-01
3.355059121585150933e+03 4.618350307788067211e-01
3.355560700165146045e+03 4.609104785264523940e-01
3.356062278745140702e+03 4.582237468190846208e-01
3.356563857325135814e+03 4.535987419840422641e-01
3.357065435905130471e+03 4.468956407645361395e-01
3.357567014485125583e+03 4.381198990518571090e-01
3.358068593065120240e+03 4.274942269493218761e-01
3.358570171645115352e+03 4.154910569678124665e-01
3.359071750225110009e+03 4.028585368931266730e-01
3.359573328805105120e+03 3.905661866724213782e-01
3.360074907385099777e+03 3.796523767131295690e-01
3.360576485965094435e+03 3.710259470742446331e-01
3.361078064545089546e+03 3.654249333492859408e-01
3.361579643125084203e+03 3.632971137573068887e-01
3.362081221705079315e+03 3.646741545544385787e-01
3.362582800285073972e+03 3.691947289583952241e-01
3.363084378865069084e+03 3.761678056732624675e-01
3.363585957445063741e+03 3.846408466619100075e-01
3.364087536025058853e+03 3.935091711892786392e-01
3.364589114605053510e+03 4.016877891739009665e-01
3.365090693185048622e+03 4.082791167368782226e-01
3.365592271765043279e+03 4.126573640647306362e-01
3.366093850345038391e+03 4.145210242321336613e-01
3.366595428925033048e+03 4.138912907778727890e-01
3.367097007505027705e+03 4.110411859193522366e-01
3.367598586085022816e+03 4.064285037554469238e-01
3.368100164665017473e+03 4.006076522537898588e-01
3.368601743245012585e+03 3.941519723341724291e-01
3.369103321825007242e+03 3.876121986829708099e-01
3.369604900405002354e+03 3.814700275195550550e-01
3.370106478984997011e+03 3.761521343194261235e-01
3.370608057564992123e+03 3.720341921102643945e-01
3.371109636144986780e+03 3.694113156912428031e-01
3.371611214724981892e+03 3.685028255374687145e-01
3.372112793304976549e+03 3.694643737512437465e-01
3.372614371884971661e+03 3.723855413759628030e-01
3.373115950464966318e+03 3.772803837668551874e-01
3.373617529044960975e+03 3.840497294150434504e-01
3.374119107624956087e+03 3.924171537421371481e-01
3.374620686204950744e+03 4.019359865729892345e-01
3.375122264784945855e+03 4.120035715456911163e-01
3.375623843364940512e+03 4.218929960652977873e-01
3.376125421944935624e+03 4.308613500052679290e-01
3.376627000524930281e+03 4.381982853484200913e-01
3.377128579104925393e+03 4.433530860625511938e-01
3.377630157684920050e+03 4.460356138153155348e-01
3.378131736264915162e+03 4.462210393920130747e-01
3.378633314844909819e+03 4.441769868961064072e-01
3.379134893424904931e+03 4.404393050872837945e-01
3.379636472004899588e+03 4.357641236606274449e-01
3.380138050584894245e+03 4.310038800617312926e-01
3.380639629164889357e+03 4.269131407379511689e-01
3.381141207744884014e+03 4.240664858528920833e-01
3.381642786324879125e+03 4.228170576924002999e-01
3.382144364904873783e+03 4.232293033592386955e-01
3.382645943484868894e+03 4.251072880347497307e-01
3.383147522064863551e+03 4.280995370712331050e-01
3.383649100644858663e+03 4.317753884243429319e-01
3.384150679224853320e+03 4.357001454519711103e-01
3.384652257804848432e+03 4.394832765455517487e-01
3.385153836384843089e+03 4.427994568572538592e-01
3.385655414964838201e+03 4.454126396459918702e-01
3.386156993544832858e+03 4.471700058785825216e-01
3.386658572124827515e+03 4.479960242413305038e-01
3.387160150704822627e+03 4.479073420482888590e-01
3.387661729284817284e+03 4.470143573991471331e-01
3.388163307864812396e+03 4.454969176516326290e-01
3.388664886444807053e+03 4.435436826407721522e-01
3.389166465024802164e+03 4.412650250437915034e-01
3.389668043604796821e+03 4.386408798435738055e-01
3.390169622184791933e+03 4.355762397762861227e-01
3.390671200764786590e+03 4.319753112352530122e-01
3.391172779344781702e+03 4.278290936101879494e-01
3.391674357924776359e+03 4.233150815448951110e-01
3.392175936504771471e+03 4.188050060082429971e-01
3.392677515084766128e+03 4.148265430293714973e-01
3.393179093664760785e+03 4.119647334328709887e-01
3.393680672244755897e+03 4.107301770145497244e-01
3.394182250824750554e+03 4.114627538229637116e-01
3.394683829404745666e+03 4.142689690514349543e-01
3.395185407984740323e+03 4.190019550924560798e-01
3.395686986564735435e+03 4.253023573084722120e-01
3.396188565144730092e+03 4.326976729867998417e-01
3.396690143724725203e+03 4.407072772265159810e-01
3.397191722304719860e+03 4.488871064838125813e-01
3.397693300884714972e+03 4.568816230273718415e-01
3.398194879464709629e+03 4.644609373634471794e-01
3.398696458044704741e+03 4.714783155619317601e-01
3.399198036624699398e+03 4.778243497626266101e-01
3.399699615204694055e+03 4.833311192559545666e-01
3.400201193784689167e+03 4.877281043327110766e-01
3.400702772364683824e+03 4.906875938637543788e-01
3.401204350944678936e+03 4.918991990191862729e-01
3.401705929524673593e+03 4.911880432843754862e-01
3.402207508104668705e+03 4.886055740953875182e-01
3.402709086684663362e+03 4.844203561889013354e-01
3.403210665264658473e+03 4.790763217254997430e-01
3.403712243844653131e+03 4.731082114856871024e-01
3.404213822424648242e+03 4.670125457068229347e-01
3.404715401004642899e+03 4.611993796637824383e-01
3.405216979584638011e+03 4.559450801353410188e-01
3.405718558164632668e+03 4.513603762469862168e-01
3.406220136744627325e+03 4.474837755489796676e-01
3.406721715324622437e+03 4.443206670814924819e-01
3.407223293904617094e+03 4.418439705716398214e-01
3.407724872484612206e+03 4.400063737723568513e-01
3.408226451064606863e+03 4.387357227672666893e-01
3.408728029644601975e+03 4.379295219696851538e-01
3.409229608224596632e+03 4.374460544404796813e-01
3.409731186804591744e+03 4.370931162183215868e-01
3.410232765384586401e+03 4.366255574912479842e-01
3.410734343964581512e+03 4.357596194163432801e-01
3.411235922544576169e+03 4.342208163405462673e-01
3.411737501124571281e+03 4.317990632267929563e-01
3.412239079704565938e+03 4.284109510704333101e-01
3.412740658284560595e+03 4.241730135885924957e-01
3.413242236864555707e+03 4.194246273936280689e-01
3.413743815444550364e+03 4.146917820556786927e-01
3.414245394024545476e+03 4.106161496869952243e-01
3.414746972604540133e+03 4.078232986801146875e-01
3.415248551184535245e+03 4.068017774473614567e-01
3.415750129764529902e+03 4.078342017893838989e-01
3.416251708344525014e+03 4.109663231083803270e-01
3.416753286924519671e+03 4.160229456437911089e-01
3.417254865504514783e+03 4.226273312846745567e-01
3.417756444084509440e+03 4.302619947848167481e-01
3.418258022664504551e+03 4.383206045865963851e-01
3.418759601244499208e+03 4.461333123377217991e-01
3.419261179824493865e+03 4.530312760991431764e-01
3.419762758404488977e+03 4.584486060812861252e-01
3.420264336984483634e+03 4.619518033965649417e-01
3.420765915564478746e+03 4.632697576471941359e-01
3.421267494144473403e+03 4.623555492453520488e-01
3.421769072724468515e+03 4.594148396820408875e-01
3.422270651304463172e+03 4.548797416863938903e-01
3.422772229884458284e+03 4.493298223615354026e-01
3.423273808464452941e+03 4.434309576436470390e-01
3.423775387044448053e+03 4.378552085321198994e-01
3.424276965624442710e+03 4.331382259454465977e-01
3.424778544204437821e+03 4.296506476676421049e-01
3.425280122784432479e+03 4.277123285588877444e-01
3.425781701364427136e+03 4.275226621838553731e-01
3.426283279944422247e+03 4.290559607705607403e-01
3.426784858524416904e+03 4.321903685416440544e-01
3.427286437104412016e+03 4.367934991471359440e-01
3.427788015684406673e+03 4.426437276986750491e-01
3.428289594264401785e+03 4.493585892680503902e-01
3.428791172844396442e+03 4.564312979846983365e-01
3.429292751424391554e+03 4.632907779233573775e-01
3.429794330004386211e+03 4.693176539939395431e-01
3.430295908584381323e+03 4.739268886565713990e-01
3.430797487164375980e+03 4.767388030723887504e-01
3.431299065744371092e+03 4.776711165344000865e-01
3.431800644324365749e+03 4.769376294644286363e-01
3.432302222904360406e+03 4.749936873491120148e-01
3.432803801484355517e+03 4.724346099579012637e-01
3.433305380064350175e+03 4.698439773224512006e-01
3.433806958644345286e+03 4.676660222845147041e-01
3.434308537224339943e+03 4.661481257720165861e-01
3.434810115804335055e+03 4.652961918857343449e-01
3.435311694384329712e+03 4.648773060939186963e-01
3.435813272964324824e+03 4.645029557857455194e-01
3.436314851544319481e+03 4.637373204774603019e-01
3.436816430124314593e+03 4.621773384850237365e-01
3.437318008704309250e+03 4.594979949958648002e-01
3.437819587284304362e+03 4.554628312580868421e-01
3.438321165864299019e+03 4.499585258629573703e-01
3.438822744444293676e+03 4.430347207968776679e-01
3.439324323024288788e+03 4.348855823710559010e-01
3.439825901604283445e+03 4.258361598641275947e-01
3.440327480184278556e+03 4.163726222712086367e-01
3.440829058764273213e+03 4.071029929603198205e-01
3.441330637344268325e+03 3.986442986710566072e-01
3.441832215924262982e+03 3.915718007246596355e-01
3.442333794504258094e+03 3.863864387720692406e-01
3.442835373084252751e+03 3.834666331582270438e-01
3.443336951664247863e+03 3.830423091948297332e-01
3.443838530244242520e+03 3.851916698971256103e-01
3.444340108824237632e+03 3.898635108987847930e-01
3.444841687404232289e+03 3.969052720365919829e-01
3.445343265984226946e+03 4.060954491850190529e-01
3.445844844564222058e+03 4.171385926941060251e-01
3.446346423144216715e+03 4.296441538944002492e-01
3.446848001724211827e+03 4.431323560933196903e-01
3.447349580304206484e+03 4.570302649056349753e-01
3.447851158884201595e+03 4.706845423144684348e-01
3.448352737464196252e+03 4.834154655203944939e-01
3.448854316044191364e+03 4.945729269396663130e-01
3.449355894624186021e+03 5.035815017299590801e-01
3.449857473204181133e+03 5.100087663268207949e-01
3.450359051784175790e+03 5.136976008880105304e-01
3.450860630364170902e+03 5.147873264990079356e-01
3.451362208944165559e+03 5.136643451525692017e-01
3.451863787524160216e+03 5.109297555774269251e-01
3.452365366104155328e+03 5.073396651615318387e-01
3.452866944684149985e+03 5.037230865407247293e-01
3.453368523264145097e+03 5.008292515873575823e-01
3.453870101844139754e+03 4.991806526027550150e-01
3.454371680424134865e+03 4.989732563523338049e-01
3.454873259004129523e+03 5.000332706047394549e-01
3.455374837584124634e+03 5.018706415252620623e-01
3.455876416164119291e+03 5.038298848680760056e-01
3.456377994744114403e+03 5.052804823275233170e-01
3.456879573324109060e+03 5.057680799703136998e-01
3.457381151904104172e+03 5.050972031609340940e-01
3.457882730484098829e+03 5.033515917906017378e-01
3.458384309064093486e+03 5.008554718613349444e-01
3.458885887644088598e+03 4.980920246391087325e-01
3.459387466224083255e+03 4.955810456546885789e-01
3.459889044804078367e+03 4.937498159333937320e-01
3.460390623384073024e+03 4.928869712155526939e-01
3.460892201964068136e+03 4.931555748099381575e-01
3.461393780544062793e+03 4.945782634130307942e-01
3.461895359124057904e+03 4.970317540409108226e-01
3.462396937704052561e+03 5.002586828369472993e-01
3.462898516284047673e+03 5.038973490207777628e-01
3.463400094864042330e+03 5.075269224433702764e-01
3.463901673444037442e+03 5.107558139054614310e-01
3.464403252024032099e+03 5.133181615879943704e-01
3.464904830604026756e+03 5.151231418213156887e-01
3.465406409184021868e+03 5.163336942027664245e-01
3.465907987764016525e+03 5.173300767481131546e-01
3.466409566344011637e+03 5.186033137901211454e-01
3.466911144924006294e+03 5.206100057585727470e-01
3.467412723504001406e+03 5.236077160917462781e-01
3.467914302083996063e+03 5.275937606045850714e-01
3.468415880663991175e+03 5.323322611072287547e-01
3.468917459243985832e+03 5.373944509519488211e-01
3.469419037823980943e+03 5.422437288987791426e-01
3.469920616403975600e+03 5.463412726929226526e-01
3.470422194983970712e+03 5.492022971456311797e-01
3.470923773563965369e+03 5.504156962634791928e-01
3.471425352143960026e+03 5.496509293075844127e-01
3.471926930723955138e+03 5.466547357385198591e-01
3.472428509303949795e+03 5.413052737748822452e-01
3.472930087883944907e+03 5.336929787242004064e-01
3.473431666463939564e+03 5.241110512001978528e-01
3.473933245043934676e+03 5.130760916413267259e-01
3.474434823623929333e+03 5.013647077387579643e-01
3.474936402203924445e+03 4.899032913185180638e-01
3.475437980783919102e+03 4.795936391398293308e-01
3.475939559363914213e+03 4.712708251189761111e-01
3.476441137943908871e+03 4.656779686677627317e-01
3.476942716523903982e+03 4.633102648319302741e-01
3.477444295103898639e+03 4.643566769601391586e-01
3.477945873683893296e+03 4.687164200304949069e-01
3.478447452263888408e+03 4.759789778153166173e-01
3.478949030843883065e+03 4.855718711800259824e-01
3.479450609423878177e+03 4.968842269959564129e-01
3.479952188003872834e+03 5.092196098022836459e-01
3.480453766583867946e+03 5.218597281868225801e-01
3.480955345163862603e+03 5.341004424709340226e-01
3.481456923743857715e+03 5.452513829134740808e-01
3.481958502323852372e+03 5.547739078470914631e-01
3.482460080903847484e+03 5.624142895323791524e-01
3.482961659483842141e+03 5.681956370735841144e-01
3.483463238063837252e+03 5.723454209396248160e-01
3.483964816643831909e+03 5.752813080483294428e-01
3.484466395223826567e+03 5.775254190141330124e-01
3.484967973803821678e+03 5.795219919977854239e-01
3.485469552383816335e+03 5.814776198673190510e-01
3.485971130963811447e+03 5.832596817144866108e-01
3.486472709543806104e+03 5.844481021875064242e-01
3.486974288123801216e+03 5.844485935127422538e-01
3.487475866703795873e+03 5.826314985438688643e-01
3.487977445283790985e+03 5.785291410938742107e-01
3.488479023863785642e+03 5.719842310664198237e-01
3.488980602443780754e+03 5.631801409272109149e-01
3.489482181023775411e+03 5.525476147265888649e-01
3.489983759603770523e+03 5.408038726404038599e-01
3.490485338183765180e+03 5.288782108513898628e-01
3.490986916763759837e+03 5.175017777406031305e-01
3.491488495343754948e+03 5.071108377625760388e-01
3.491990073923749605e+03 4.979964687512092869e-01
3.492491652503744717e+03 4.903110265242582311e-01
3.492993231083739374e+03 4.840712843701761581e-01
3.493494809663734486e+03 4.791915465101411753e-01
3.493996388243729143e+03 4.755522560944429600e-01
3.494497966823724255e+03 4.730551696147439200e-01
3.494999545403718912e+03 4.716262246067660646e-01
3.495501123983714024e+03 4.711997995311508758e-01
3.496002702563708681e+03 4.717592886380245210e-01
3.496504281143703793e+03 4.733583736692241750e-01
3.497005859723698450e+03 4.761834118657888859e-01
3.497507438303693107e+03 4.809492220229474313e-01
3.498009016883688219e+03 4.886195433097889618e-01
3.498510595463682876e+03 4.987003218393177284e-01
3.499012174043677987e+03 5.093239014129589126e-01
3.499513752623672644e+03 5.197943167162819567e-01
3.500015331203667756e+03 5.305611023646805702e-01
3.500516909783662413e+03 5.414993132030339051e-01
3.501018488363657525e+03 5.519652068332108197e-01
3.501520066943652182e+03 5.615093482678489289e-01
3.502021645523647294e+03 5.699772288767883666e-01
3.502523224103641951e+03 5.772171998977941865e-01
3.503024802683637063e+03 5.830045923466672386e-01
3.503526381263631720e+03 5.871799400762492960e-01
3.504027959843626377e+03 5.896775495244714893e-01
3.504529538423621489e+03 5.905491207939104203e-01
3.505031117003616146e+03 5.899984401715121507e-01
3.505532695583611257e+03 5.883628600340301551e-01
3.506034274163605915e+03 5.860692016323341136e-01
3.506535852743601026e+03 5.835070931690904406e-01
3.507037431323595683e+03 5.808797272910559695e-01
3.507539009903590795e+03 5.781833648940383208e-01
3.508040588483585452e+03 5.752470402026071961e-01
3.508542167063580564e+03 5.717767912105695682e-01
3.509043745643575221e+03 5.674156596109591888e-01
3.509545324223570333e+03 5.618936330422374947e-01
3.510046902803564990e+03 5.551681023897687695e-01
3.510548481383559647e+03 5.473957184011657429e-01
3.511050059963554759e+03 5.389265185644845912e-01
3.511551638543549416e+03 5.302978092112012876e-01
3.512053217123544528e+03 5.220713374621138714e-01
3.512554795703539185e+03 5.147303252688627540e-01
3.513056374283534296e+03 5.087283266710743712e-01
3.513557952863528953e+03 5.044938028878007685e-01
3.514059531443524065e+03 5.023858645473177065e-01
3.514561110023518722e+03 5.026460148828637564e-01
3.515062688603513834e+03 5.053857146492142238e-01
3.515564267183508491e+03 5.105165381453293794e-01
3.516065845763503603e+03 5.175659958268101768e-01
3.516567424343498260e+03 5.257324489519155097e-01
3.517069002923492917e+03 5.341265399180274986e-01
3.517570581503488029e+03 5.418344368169552006e-01
3.518072160083482686e+03 5.479379706679510242e-01
3.518573738663477798e+03 5.516784499291784716e-01
3.519075317243472455e+03 5.525817165590257707e-01
3.519576895823467567e+03 5.504879785986884766e-01
3.520078474403462224e+03 5.455255236011264941e-01
3.520580052983457335e+03 5.380671903574323345e-01
3.521081631563451992e+03 5.286696506196395529e-01
3.521583210143447104e+03 5.180074411285571223e-01
3.522084788723441761e+03 5.067294386697563935e-01
3.522586367303436873e+03 4.953436598453019313e-01
3.523087945883431530e+03 4.843675977645756081e-01
3.523589524463426187e+03 4.744177868622950767e-01
3.524091103043421299e+03 4.660724661153610726e-01
3.524592681623415956e+03 4.597856535130563360e-01
3.525094260203411068e+03 4.559422064304590183e-01
3.525595838783405725e+03 4.548457328190069759e-01
3.526097417363400837e+03 4.566336631797939249e-01
3.526598995943395494e+03 4.612734188499533206e-01
3.527100574523390605e+03 4.685674150807352945e-01
3.527602153103385263e+03 4.780060797121111760e-01
3.528103731683380374e+03 4.887448106817185445e-01
3.528605310263375031e+03 4.999684732853282854e-01
3.529106888843370143e+03 5.110115029138140308e-01
3.529608467423364800e+03 5.211823578072096730e-01
3.530110046003359457e+03 5.299407494914286643e-01
3.530611624583354569e+03 5.370277698960403967e-01
3.531113203163349226e+03 5.424206436798644226e-01
3.531614781743344338e+03 5.462961318855220627e-01
3.532116360323338995e+03 5.489332994363306240e-01
3.532617938903334107e+03 5.506501037371640539e-01
3.533119517483328764e+03 5.517747819373344242e-01
3.533621096063323876e+03 5.525738175635246385e-01
3.534122674643318533e+03 5.532185466547094865e-01
3.534624253223313644e+03 5.538100995023595985e-01
3.535125831803308301e+03 5.544122260549005921e-01
3.535627410383303413e+03 5.550981432198645038e-01
3.536128988963298070e+03 5.559934656014238197e-01
3.536630567543292727e+03 5.573025626469214622e-01
3.537132146123287839e+03 5.592746048882499821e-01
3.537633724703282496e+03 5.620863319963239624e-01
3.538135303283277608e+03 5.657574677981070943e-01
3.538636881863272265e+03 5.701252693129937876e-01
3.539138460443267377e+03 5.748271458671646572e-01
3.539640039023262034e+03 5.793588432090270857e-01
3.540141617603257146e+03 5.832122774582850777e-01
3.540643196183251803e+03 5.859972656948816416e-01
3.541144774763246915e+03 5.875229679720948006e-01
3.541646353343241572e+03 5.878653725548551590e-01
3.542147931923236683e+03 5.873616970759905076e-01
3.542649510503231340e+03 5.864572580740372576e-01
3.543151089083225997e+03 5.855404691725487609e-01
3.543652667663221109e+03 5.848466073849717395e-01
3.544154246243215766e+03 5.844058561746869884e-01
3.544655824823210878e+03 5.840454057769264296e-01
3.545157403403205535e+03 5.834961660291958507e-01
3.545658981983200647e+03 5.825230869587526561e-01
3.546160560563195304e+03 5.809753706448022026e-01
3.546662139143190416e+03 5.788287387404664752e-01
3.547163717723185073e+03 5.761939840272420899e-01
3.547665296303180185e+03 5.732894258110321495e-01
3.548166874883174842e+03 5.704129019448063165e-01
3.548668453463169953e+03 5.678563474017015444e-01
3.549170032043164611e+03 5.658070581650289643e-01
3.549671610623159268e+03 5.642819011463025003e-01
3.550173189203154379e+03 5.631071638572681115e-01
3.550674767783149036e+03 5.619479148271503410e-01
3.551176346363144148e+03 5.603927703105429092e-01
3.551677924943138805e+03 5.580673448926067870e-01
3.552179503523133917e+03 5.547484911543134611e-01
3.552681082103128574e+03 5.504612958540944234e-01
3.553182660683123686e+03 5.455077818737049666e-01
3.553684239263118343e+03 5.403869976978938894e-01
3.554185817843113455e+03 5.356697124242617569e-01
3.554687396423108112e+03 5.318988100345107828e-01
3.555188975003103224e+03 5.294564204979819166e-01
3.555690553583097881e+03 5.284653986765461831e-01
3.556192132163092538e+03 5.287941794612922575e-01
3.556693710743087649e+03 5.300894152347233046e-01
3.557195289323082307e+03 5.318570384690359809e-01
3.557696867903077418e+03 5.335891123132452396e-01
3.558198446483072075e+03 5.348784676343039113e-01
3.558700025063067187e+03 5.354816283518717412e-01
3.559201603643061844e+03 5.353500441972955937e-01
3.559703182223056956e+03 5.345985868598619462e-01
3.560204760803051613e+03 5.334455763900700642e-01
3.560706339383046725e+03 5.321564968206056179e-01
3.561207917963041382e+03 5.309184003598534929e-01
3.561709496543036039e+03 5.297272892181077442e-01
3.562211075123031151e+03 5.283744290998604320e-01
3.562712653703025808e+03 5.264686574599477531e-01
3.563214232283020920e+03 5.235054700272603334e-01
3.563715810863015577e+03 5.190065339524783106e-01
3.564217389443010688e+03 5.126838508295847863e-01
3.564718968023005345e+03 5.045795778491511951e-01
3.565220546603000457e+03 4.950717575217383759e-01
3.565722125182995114e+03 4.847878829595461125e-01
3.566223703762990226e+03 4.744459571030733569e-01
3.566725282342984883e+03 4.646799906961791571e-01
3.567226860922979995e+03 4.559635747165819986e-01
3.567728439502974652e+03 4.485025341113106911e-01
3.568230018082969309e+03 4.422458377348991165e-01
3.568731596662964421e+03 4.370441745997576399e-01
3.569233175242959078e+03 4.327440238384909210e-01
3.569734753822954190e+03 4.292135745846911155e-01
3.570236332402948847e+03 4.264008820896123542e-01
3.570737910982943959e+03 4.244040972532988620e-01
3.571239489562938616e+03 4.234334977563684044e-01
3.571741068142933727e+03 4.235157563434047701e-01
3.572242646722928384e+03 4.245193239590233647e-01
3.572744225302923496e+03 4.262745763957328515e-01
3.573245803882918153e+03 4.284960481760481388e-01
3.573747382462913265e+03 4.307633503788885765e-01
3.574248961042907922e+03 4.327982737755166065e-01
3.574750539622902579e+03 4.345272229537851527e-01
3.575252118202897691e+03 4.358326790067323930e-01
3.575753696782892348e+03 4.365082091125900288e-01
3.576255275362887460e+03 4.364128488892136115e-01
3.576756853942882117e+03 4.354613157984237315e-01
3.577258432522877229e+03 4.336482001582689372e-01
3.577760011102871886e+03 4.309837948396149088e-01
3.578261589682866997e+03 4.274293838015010838e-01
3.578763168262861655e+03 4.230503813373873712e-01
3.579264746842856766e+03 4.180006685156243407e-01
3.579766325422851423e+03 4.125063945885862893e-01
3.580267904002846535e+03 4.068693045588409607e-01
3.580769482582841192e+03 4.013871496843482989e-01
3.581271061162835849e+03 3.963453103490338636e-01
3.581772639742830961e+03 3.919037850119161948e-01
3.582274218322825618e+03 3.880343443075423560e-01
3.582775796902820730e+03 3.847026228030638317e-01
3.583277375482815387e+03 3.817686132756625828e-01
3.583778954062810499e+03 3.789332741378215186e-01
3.584280532642805156e+03 3.759905874965293604e-01
3.584782111222800268e+03 3.729404259267130595e-01
3.585283689802794925e+03 3.699946245413131551e-01
3.585785268382790036e+03 3.676432110820024302e-01
3.586286846962784693e+03 3.665225739224869939e-01
3.586788425542779805e+03 3.671963558618575041e-01
3.587290004122774462e+03 3.700558825103387739e-01
3.587791582702769119e+03 3.754008988600583407e-01
3.588293161282764231e+03 3.834093639377994522e-01
3.588794739862758888e+03 3.939245883106610169e-01
3.589296318442754000e+03 4.064715981952943258e-01
3.589797897022748657e+03 4.207286560045050972e-01
3.590299475602743769e+03 4.362685445653575744e-01
3.590801054182738426e+03 4.522407518275084470e-01
3.591302632762733538e+03 4.681432532379818934e-01
3.591804211342728195e+03 4.835756463849357756e-01
3.592305789922723307e+03 4.978417137360824363e-01
3.592807368502717964e+03 5.104946934405957260e-01
3.593308947082713075e+03 5.213378459022206535e-01
3.593810525662707732e+03 5.304842655317780764e-01
3.594312104242702389e+03 5.383776345349969850e-01
3.594813682822697501e+03 5.454953871572627566e-01
3.595315261402692158e+03 5.523523745694605136e-01
3.595816839982687270e+03 5.593961454505409492e-01
3.596318418562681927e+03 5.669076506510057900e-01
3.596819997142677039e+03 5.750433765026863320e-01
3.597321575722671696e+03 5.836677633052042014e-01
3.597823154302666808e+03 5.925153115015148186e-01
3.598324732882661465e+03 6.009047636689179850e-01
3.598826311462656577e+03 6.076184881695188000e-01
3.599327890042651234e+03 6.123501227209123821e-01
3.599829468622646345e+03 6.148894246683602738e-01
3.600331047202641003e+03 6.142007567226011044e-01
3.600832625782635660e+03 6.097860731057598294e-01
3.601334204362630771e+03 6.020906457785069055e-01
3.601835782942625428e+03 5.915401354271238032e-01
3.602337361522620540e+03 5.787237439677364037e-01
3.602838940102615197e+03 5.645588052103831522e-01
3.603340518682610309e+03 5.500315972465620318e-01
3.603842097262604966e+03 5.360555397700688118e-01
3.604343675842600078e+03 5.233491449659433137e-01
3.604845254422594735e+03 5.123070727889212916e-01
3.605346833002589847e+03 5.030407716205202995e-01
3.605848411582584504e+03 4.954338297153924042e-01
3.606349990162579616e+03 4.891962563450211743e-01
3.606851568742574273e+03 4.839764661215475439e-01
3.607353147322568930e+03 4.794289271852599787e-01
3.607854725902564041e+03 4.752942538413764684e-01
3.608356304482558699e+03 4.714794697031999826e-01
3.608857883062553810e+03 4.680611586098423205e-01
3.609359461642548467e+03 4.652657309051826395e-01
3.609861040222543579e+03 4.633993713516910695e-01
3.610362618802538236e+03 4.627351618556577728e-01
3.610864197382533348e+03 4.634555716025712813e-01
3.611365775962528005e+03 4.655387053123886121e-01
3.611867354542523117e+03 4.687309859454619199e-01
3.612368933122517774e+03 4.727137950590559190e-01
3.612870511702512886e+03 4.771806708461645563e-01
3.613372090282507543e+03 4.818127057112728817e-01
3.613873668862502200e+03 4.863159102926422062e-01
3.614375247442497312e+03 4.904172173016967395e-01
3.614876826022491969e+03 4.937878053900619513e-01
3.615378404602487080e+03 4.960367647164274363e-01
3.615879983182481737e+03 4.967542204904141778e-01
3.616381561762476849e+03 4.955967564183559881e-01
3.616883140342471506e+03 4.924187392835615573e-01
3.617384718922466618e+03 4.873494400594415854e-01
3.617886297502461275e+03 4.808303592625146061e-01
3.618387876082456387e+03 4.736797735029912859e-01
3.618889454662451044e+03 4.670002418933474342e-01
3.619391033242446156e+03 4.619257272164747352e-01
3.619892611822440813e+03 4.593998232810501126e-01
3.620394190402435470e+03 4.600328935947977094e-01
3.620895768982430582e+03 4.640822182016638431e-01
3.621397347562425239e+03 4.714590804813745262e-01
3.621898926142420351e+03 4.817336193694314872e-01
3.622400504722415008e+03 4.942548271319890940e-01
3.622902083302410119e+03 5.082897721574425320e-01
3.623403661882404776e+03 5.231102229552850869e-01
3.623905240462399888e+03 5.381137477115063295e-01
3.624406819042394545e+03 5.527914297609555216e-01
3.624908397622389657e+03 5.666228821019501094e-01
3.625409976202384314e+03 5.790860549957670411e-01
3.625911554782379426e+03 5.895958169579966768e-01
3.626413133362374083e+03 5.974824623025829506e-01
3.626914711942368740e+03 6.020822527344322772e-01
3.627416290522363852e+03 6.028118827135393598e-01
3.627917869102358509e+03 5.993141471945528931e-01
3.628419447682353621e+03 5.916169115747210716e-01
3.628921026262348278e+03 5.801892661903103043e-01
3.629422604842343389e+03 5.658605767681137433e-01
3.629924183422338047e+03 5.496661390105221923e-01
3.630425762002333158e+03 5.328076033493620578e-01
3.630927340582327815e+03 5.165185693443703485e-01
3.631428919162322927e+03 5.018297662716200147e-01
3.631930497742317584e+03 4.895573986938015487e-01
3.632432076322312696e+03 4.802606200572300810e-01
3.632933654902307353e+03 4.741174618768824178e-01
3.633435233482302010e+03 4.709873907715302899e-01
3.633936812062297122e+03 4.705670574086394664e-01
3.634438390642291779e+03 4.723922024519022766e-01
3.634939969222286891e+03 4.760413901879926302e-01
3.635441547802281548e+03 4.806529212976884402e-01
3.635943126382276660e+03 4.845039746017062443e-01
3.636444704962271317e+03 4.900964900028332294e-01
3.636946283541958564e+03 5.031271578318621263e-01
3.637447862121953222e+03 5.208912150852083034e-01
3.637949440701947879e+03 5.371024311925476358e-01
3.638451019281942990e+03 5.516242241165754123e-01
3.638952597861937647e+03 5.653756397950652213e-01
3.639454176441932759e+03 5.777027666267846584e-01
3.639955755021927416e+03 5.876290404257102917e-01
3.640457333601922528e+03 5.943135094117016903e-01
3.640958912181917185e+03 5.972285698298941403e-01
3.641460490761912297e+03 5.961548017997579940e-01
3.641962069341906954e+03 5.911961328701501595e-01
3.642463647921902066e+03 5.827537490199687920e-01
3.642965226501896723e+03 5.715257347057565163e-01
3.643466805081891835e+03 5.584126591282521090e-01
3.643968383661886492e+03 5.443134640224949194e-01
3.644469962241881149e+03 5.300578965200966053e-01
3.644971540821876260e+03 5.163550432435258797e-01
3.645473119401870917e+03 5.037331533060736000e-01
3.645974697981866029e+03 4.925582783139215715e-01
3.646476276561860686e+03 4.830662147951513830e-01
3.646977855141855798e+03 4.754103793164797809e-01
3.647479433721850455e+03 4.697806205623134002e-01
3.647981012301845567e+03 4.664537830878364710e-01
3.648482590881840224e+03 4.657527580273195245e-01
3.648984169461835336e+03 4.679817166171323373e-01
3.649485748041829993e+03 4.733513949408680865e-01
3.649987326621825105e+03 4.819719965048839816e-01
3.650488905201819762e+03 4.937575071560404982e-01
3.650990483781814419e+03 5.083148480274434222e-01
3.651492062361809531e+03 5.250778438088641309e-01
3.651993640941804188e+03 5.433973029165686253e-01
3.652495219521799299e+03 5.625214772681228492e-01
3.652996798101793956e+03 5.816780263644133475e-01
3.653498376681789068e+03 6.002965251644214462e-01
3.653999955261783725e+03 6.180579869478599608e-01
3.654501533841778837e+03 6.348170822844383387e-01
3.655003112421773494e+03 6.505820441030873980e-01
3.655504691001768606e+03 6.653494060530047438e-01
3.656006269581763263e+03 6.790837790313062339e-01
3.656507848161758375e+03 6.917406572606539239e-01
3.657009426741753032e+03 7.031577586479995645e-01
3.657511005321747689e+03 7.131151741436031477e-01
3.658012583901742801e+03 7.213908459978348731e-01
3.658514162481737458e+03 7.277472617279079348e-01
3.659015741061732570e+03 7.319821584219129429e-01
3.659517319641727227e+03 7.339977563629371815e-01
3.660018898221722338e+03 7.338127574060535618e-01
3.660520476801716995e+03 7.315410221673840363e-01
3.661022055381712107e+03 7.273824370553679808e-01
3.661523633961706764e+03 7.216540998341947066e-01
3.662025212541701876e+03 7.147769165342785502e-01
3.662526791121696533e+03 7.072778846800674701e-01
3.663028369701691645e+03 6.997943112472804206e-01
3.663529948281686302e+03 6.929460992076770243e-01
3.664031526861680959e+03 6.872595274226924733e-01
3.664533105441676071e+03 6.830745363139758553e-01
3.665034684021670728e+03 6.803670427653349950e-01
3.665536262601665840e+03 6.787362830448645523e-01
3.666037841181660497e+03 6.775386621421941591e-01
3.666539419761655608e+03 6.760667428034314863e-01
3.667040998341650266e+03 6.737542505184518360e-01
3.667542576921645377e+03 6.703513856414388128e-01
3.668044155501640034e+03 6.659837164905924034e-01
3.668545734081635146e+03 6.611415152570453424e-01
3.669047312661629803e+03 6.565610530934289368e-01
3.669548891241624915e+03 6.529939238973938576e-01
3.670050469821619572e+03 6.510405148504181394e-01
3.670552048401614229e+03 6.510210277879840968e-01
3.671053626981609341e+03 6.528472522174504356e-01
3.671555205561603998e+03 6.560206021382306574e-01
3.672056784141599110e+03 6.597834260977188947e-01
3.672558362721593767e+03 6.632994529920390736e-01
3.673059941301588879e+03 6.657867975619339296e-01
3.673561519881583536e+03 6.666645046768745475e-01
3.674063098461578647e+03 6.656408216230494945e-01
3.674564677041573304e+03 6.626776655978678932e-01
3.675066255621568416e+03 6.578870438908848151e-01
3.675567834201563073e+03 6.514541073972265339e-01
3.676069412781558185e+03 6.436142223752985281e-01
3.676570991361552842e+03 6.346382264189882605e-01
3.677072569941547499e+03 6.248810856421636029e-01
3.677574148521542611e+03 6.147998078792142884e-01
3.678075727101537268e+03 6.047901960787851472e-01
3.678577305681532380e+03 5.950731699692390908e-01
3.679078884261527037e+03 5.860070229452610802e-01
3.679580462841522149e+03 5.781351582721078186e-01
3.680082041421516806e+03 5.717612532227180910e-01
3.680583620001511918e+03 5.670001969925551055e-01
3.681085198581506575e+03 5.645157633356983062e-01
3.681586777161501686e+03 5.650726396924059536e-01
3.682088355741496343e+03 5.666199986615010342e-01
3.682589934321491455e+03 5.670366980210310714e-01
3.683091512901486112e+03 5.670896685602804244e-01
3.683593091481480769e+03 5.662621141059068774e-01
3.684094670061475881e+03 5.654517215654930595e-01
3.684596248641470538e+03 5.652638798925305741e-01
3.685097827221465650e+03 5.649081948286713839e-01
3.685599405801460307e+03 5.640924567235905407e-01
3.686100984381455419e+03 5.631461424316130948e-01
3.686602562961450076e+03 5.626348930813587224e-01
3.687104141541445188e+03 5.631599817898698124e-01
3.687605720121439845e+03 5.652392599695876818e-01
3.688107298701434956e+03 5.692252173170533336e-01
3.688608877281429614e+03 5.752580643114499903e-01
3.689110455861424725e+03 5.832143975873700370e-01
3.689612034441419382e+03 5.927312864488711863e-01
3.690113613021414039e+03 6.033446647570883670e-01
3.690615191601409151e+03 6.143941933627057317e-01
3.691116770181403808e+03 6.250949957883655816e-01
3.691618348761398920e+03 6.348667852458693694e-01
3.692119927341393577e+03 6.434850827640754556e-01
3.692621505921388689e+03 6.509333942943400508e-01
3.693123084501383346e+03 6.572009327762098341e-01
3.693624663081378458e+03 6.623594927687554978e-01
3.694126241661373115e+03 6.665692638339386633e-01
3.694627820241368227e+03 6.698103051450887691e-01
3.695129398821362884e+03 6.720815291389166113e-01
3.695630977401357995e+03 6.738112635314615906e-01
3.696132555981352652e+03 6.752086334562530379e-01
3.696634134561347309e+03 6.760577145012292011e-01
3.697135713141342421e+03 6.761901370834686453e-01
3.697637291721337078e+03 6.757178694486745130e-01
3.698138870301332190e+03 6.749047119935652761e-01
3.698640448881326847e+03 6.739156441133562492e-01
3.699142027461321959e+03 6.726020226400837299e-01
3.699643606041316616e+03 6.704813373268667664e-01
3.700145184621311728e+03 6.670388066450070319e-01
3.700646763201306385e+03 6.620204344970045396e-01
3.701148341781301497e+03 6.554208492538422526e-01
3.701649920361296154e+03 6.471929877893574101e-01
3.702151498941291266e+03 6.370921755698637501e-01
3.702653077521285923e+03 6.249575183239812759e-01
3.703154656101280580e+03 6.109631859661577291e-01
3.703656234681275691e+03 5.955440383610999255e-01
3.704157813261270348e+03 5.793817267500513957e-01
3.704659391841265460e+03 5.634802038199235863e-01
3.705160970421260117e+03 5.490371067012296269e-01
3.705662549001255229e+03 5.369533497049938653e-01
3.706164127581249886e+03 5.274861164955522153e-01
3.706665706161244998e+03 5.205657479030385559e-01
3.707167284741239655e+03 5.161965225638143195e-01
3.707668863321234767e+03 5.144688293516476163e-01
3.708170441901229424e+03 5.154017298249322643e-01
3.708672020481224536e+03 5.188597127985022928e-01
3.709173599061219193e+03 5.246854233726837569e-01
3.709675177641213850e+03 5.329975367019774701e-01
3.710176756221208962e+03 5.439207938846033485e-01
3.710678334801203619e+03 5.569649350170198243e-01
3.711179913381198730e+03 5.713650218450194718e-01
3.711681491961193387e+03 5.867368862706319188e-01
3.712183070541188499e+03 6.029031512997108377e-01
3.712684649121183156e+03 6.196065251130192797e-01
3.713186227701178268e+03 6.363674627990605348e-01
3.713687806281172925e+03 6.522945461575340165e-01
3.714189384861168037e+03 6.661118190556691854e-01
3.714690963441162694e+03 6.764131478624741955e-01
3.715192542021157806e+03 6.821629510489379822e-01
3.715694120601152463e+03 6.830573928557310825e-01
3.716195699181147120e+03 6.790652063500480784e-01
3.716697277761142232e+03 6.702045134481592337e-01
3.717198856341136889e+03 6.571787181689489055e-01
3.717700434921132000e+03 6.407279726695658262e-01
3.718202013501126658e+03 6.214460480025972844e-01
3.718703592081121769e+03 6.002511341160974290e-01
3.719205170661116426e+03 5.782500107568240288e-01
3.719706749241111538e+03 5.566304517058808798e-01
3.720208327821106195e+03 5.364361401056353396e-01
3.720709906401101307e+03 5.183942149455875725e-01
3.721211484981095964e+03 5.035643987824068857e-01
3.721713063561091076e+03 4.936020452711840090e-01
3.722214642141085733e+03 4.900397155227438351e-01
3.722716220721080390e+03 4.942339908465029907e-01
3.723217799301075502e+03 5.076502065347563430e-01
3.723719377881070159e+03 5.312315393558827425e-01
3.724220956461065271e+03 5.640555668844485782e-01
3.724722535041059928e+03 6.021403002777867552e-01
3.725224113621055039e+03 6.391333787432142977e-01
3.725725692201049696e+03 6.717875351202247103e-01
3.726227270781044808e+03 7.058087128010412936e-01
3.726728849361039465e+03 7.459891604881325744e-01
3.727230427941034577e+03 7.838934719063621603e-01
3.727732006521029234e+03 8.102120277277720106e-01
3.728233585101024346e+03 8.248298312779336339e-01
3.728735163681019003e+03 8.289547097588298996e-01
3.729236742261013660e+03 8.251896090357413449e-01
3.729738320841008772e+03 8.116330861935378005e-01
3.730239899421003429e+03 7.815786186374236166e-01
3.730741478000998541e+03 7.435134691898311887e-01
3.731243056580993198e+03 7.095881204203984272e-01
3.731744635160988310e+03 6.740272686396471258e-01
3.732246213740982967e+03 6.292742302610059291e-01
3.732747792320978078e+03 5.800150318176353625e-01
3.733249370900972735e+03 5.342780118643826182e-01
3.733750949480967847e+03 4.953994018534658150e-01
3.734252528060962504e+03 4.640625743075336151e-01
3.734754106640957616e+03 4.409709517033200687e-01
3.735255685220952273e+03 4.258274772889184545e-01
3.735757263800946930e+03 4.172799959456069407e-01
3.736258842380942042e+03 4.144710269067237718e-01
3.736760420960936699e+03 4.173658451666529823e-01
3.737261999540931811e+03 4.251691109344353237e-01
3.737763578120926468e+03 4.366626001071216567e-01
3.738265156700921580e+03 4.510890509416213834e-01
3.738766735280916237e+03 4.677004660376725687e-01
3.739268313860911348e+03 4.855482448273784057e-01
3.739769892440906006e+03 5.035672104784173486e-01
3.740271471020901117e+03 5.205246429451266810e-01
3.740773049600895774e+03 5.351842336680529000e-01
3.741274628180890886e+03 5.466367286296749395e-01
3.741776206760885543e+03 5.542036956888030108e-01
3.742277785340880200e+03 5.574434191101426128e-01
3.742779363920875312e+03 5.562635945284661876e-01
3.743280942500869969e+03 5.509549904092082562e-01
3.743782521080865081e+03 5.421405047024834278e-01
3.744284099660859738e+03 5.305291411263592938e-01
3.744785678240854850e+03 5.169100336991483413e-01
3.745287256820849507e+03 5.022488669252688220e-01
3.745788835400844619e+03 4.873168313428543619e-01
3.746290413980839276e+03 4.725398133921399069e-01
3.746791992560834387e+03 4.584175845343323452e-01
3.747293571140829044e+03 4.455854469236408821e-01
3.747795149720824156e+03 4.346043492092780403e-01
3.748296728300818813e+03 4.256665653037173813e-01
3.748798306880813470e+03 4.189510384946953381e-01
3.749299885460808582e+03 4.151228011124836748e-01
3.749801464040803239e+03 4.147361989685240946e-01
3.750303042620798351e+03 4.183679428935005440e-01
3.750804621200793008e+03 4.268198578794725195e-01
3.751306199780788120e+03 4.403415842400284497e-01
3.751807778360782777e+03 4.584472118816453889e-01
3.752309356940777889e+03 4.802161037949967959e-01
3.752810935520772546e+03 5.041224578790288735e-01
3.753312514100767658e+03 5.284792332521269786e-01
3.753814092680762315e+03 5.520795755837024643e-01
3.754315671260757426e+03 5.739966671838501178e-01
3.754817249840752083e+03 5.933644215657725152e-01
3.755318828420746740e+03 6.095471570259178851e-01
3.755820407000741852e+03 6.219667284029202214e-01
3.756321985580736509e+03 6.301088699725005959e-01
3.756823564160731621e+03 6.338466162496645406e-01
3.757325142740726278e+03 6.335494096028883027e-01
3.757826721320721390e+03 6.300268873416572379e-01
3.758328299900716047e+03 6.244136194351959102e-01
3.758829878480711159e+03 6.179646622110255283e-01
3.759331457060705816e+03 6.118398591259450736e-01
3.759833035640700928e+03 6.068998568591007503e-01
3.760334614220695585e+03 6.035921130360395459e-01
3.760836192800690696e+03 6.019432127510047081e-01
3.761337771380685354e+03 6.016410613479457048e-01
3.761839349960680011e+03 6.021942686434100800e-01
3.762340928540675122e+03 6.030786103005170151e-01
3.762842507120669779e+03 6.038392413215909471e-01
3.763344085700664891e+03 6.041563538810583722e-01
3.763845664280659548e+03 6.038469093066245463e-01
3.764347242860654660e+03 6.028265461571689077e-01
3.764848821440649317e+03 6.010581191350741204e-01
3.765350400020644429e+03 5.985161092601689603e-01
3.765851978600639086e+03 5.952164122198948526e-01
3.766353557180634198e+03 5.912996527394197566e-01
3.766855135760628855e+03 5.870352241993751496e-01
3.767356714340623967e+03 5.827896558219360923e-01
3.767858292920618624e+03 5.790585316928917869e-01
3.768359871500613281e+03 5.764116796128420095e-01
3.768861450080608392e+03 5.753724902880232861e-01
3.769363028660603050e+03 5.762121202302246115e-01
3.769864607240598161e+03 5.788619342545791024e-01
3.770366185820592818e+03 5.833373431016273258e-01
3.770867764400587930e+03 5.902621795018331285e-01
3.771369342980582587e+03 6.004722994039717321e-01
3.771870921560577699e+03 6.141630164272033898e-01
3.772372500140572356e+03 6.309095841282548189e-01
3.772874078720567468e+03 6.497650456923992346e-01
3.773375657300562125e+03 6.691509865244085198e-01
3.773877235880557237e+03 6.876340102046478719e-01
3.774378814460551894e+03 7.045285857250644934e-01
3.774880393040546551e+03 7.197420169827031255e-01
3.775381971620541663e+03 7.335645977522455841e-01
3.775883550200536320e+03 7.464184461933850434e-01
3.776385128780531431e+03 7.586777000104651947e-01
3.776886707360526088e+03 7.706823080122060521e-01
3.777388285940521200e+03 7.827907177636277414e-01
3.777889864520515857e+03 7.952670762952191996e-01
3.778391443100510969e+03 8.082303114976350233e-01
3.778893021680505626e+03 8.216427574964597635e-01
3.779394600260500738e+03 8.352436865768182450e-01
3.779896178840495395e+03 8.485497982941416772e-01
3.780397757420490507e+03 8.609563367409300838e-01
3.780899336000485164e+03 8.718342844253266222e-01
3.781400914580479821e+03 8.805528997482305886e-01
3.781902493160474933e+03 8.866002399998034189e-01
3.782404071740469590e+03 8.897404468638945296e-01
3.782905650320464702e+03 8.899820556049706788e-01
3.783407228900459359e+03 8.874411518440334934e-01
3.783908807480454470e+03 8.822332583974532572e-01
3.784410386060449127e+03 8.743993924936552808e-01
3.784911964640444239e+03 8.639592567769504017e-01
3.785413543220438896e+03 8.510189997775714499e-01
3.785915121800434008e+03 8.357675436006842817e-01
3.786416700380428665e+03 8.185043337486621606e-01
3.786918278960423777e+03 7.997757750146854416e-01
3.787419857540418434e+03 7.803836656489613333e-01
3.787921436120413091e+03 7.611609576569628999e-01
3.788423014700408203e+03 7.428760001137124647e-01
3.788924593280402860e+03 7.261478769040045078e-01
3.789426171860397972e+03 7.113190375627085338e-01
3.789927750440392629e+03 6.984670832913006944e-01
3.790429329020387740e+03 6.874447968689839650e-01
3.790930907600382398e+03 6.779105759918897522e-01
3.791432486180377509e+03 6.693894530334534299e-01
3.791934064760372166e+03 6.612955825563965329e-01
3.792435643340367278e+03 6.529891543411963095e-01
3.792937221920361935e+03 6.439127515583609185e-01
3.793438800500357047e+03 6.336882575281086449e-01
3.793940379080351704e+03 6.221662831202064980e-01
3.794441957660346361e+03 6.094751820479258342e-01
3.794943536240341473e+03 5.960196585409058834e-01
3.795445114820336130e+03 5.823720983106333016e-01
3.795946693400331242e+03 5.691076769924219292e-01
3.796448271980325899e+03 5.566193824173232274e-01
3.796949850560321011e+03 5.450913425276698865e-01
3.797451429140315668e+03 5.347880211426375707e-01
3.797953007720310779e+03 5.266802801795511524e-01
3.798454586300305436e+03 5.224866456053356423e-01
3.798956164880300548e+03 5.236224580836145170e-01
3.799457743460295205e+03 5.306896391309916527e-01
3.799959322040290317e+03 5.437221524201374390e-01
3.800460900620284974e+03 5.617622281120059347e-01
3.800962479200279631e+03 5.831663014449326443e-01
3.801464057780274743e+03 6.067118599181489103e-01
3.801965636360269400e+03 6.316434495184264364e-01
3.802467214940264512e+03 6.571933463279437948e-01
3.802968793520259169e+03 6.825090846224748375e-01
3.803470372100254281e+03 7.066527991609853343e-01
3.803971950680248938e+03 7.286907123510544260e-01
3.804473529260244050e+03 7.479347269031469958e-01
3.804975107840238707e+03 7.640200340772460574e-01
3.805476686420233818e+03 7.768942028617542572e-01
3.805978265000228475e+03 7.867888879421183201e-01
3.806479843580223587e+03 7.942118385199554709e-01
3.806981422160218244e+03 7.998740469597673819e-01
3.807483000740212901e+03 8.044599995616771304e-01
3.807984579320208013e+03 8.084321695987675138e-01
3.808486157900202670e+03 8.119705134491410625e-01
3.808987736480197782e+03 8.149888730377110591e-01
3.809489315060192439e+03 8.171757491278224261e-01
3.809990893640187551e+03 8.180891441466793257e-01
3.810492472220182208e+03 8.172761543567910181e-01
3.810994050800177320e+03 8.143720550309283546e-01
3.811495629380171977e+03 8.094314183142291563e-01
3.811997207960167088e+03 8.024342181826109588e-01
3.812498786540161746e+03 7.928769888271293143e-01
3.813000365120156857e+03 7.810728126770372093e-01
3.813501943700151514e+03 7.675029011554262981e-01
3.814003522280146171e+03 7.530715979552131678e-01
3.814505100860141283e+03 7.388390421207637893e-01
3.815006679440135940e+03 7.250938708984914216e-01
3.815508258020131052e+03 7.120835004348371466e-01
3.816009836600125709e+03 7.002201387203806915e-01
3.816511415180120821e+03 6.897280458089665167e-01
3.817012993760115478e+03 6.805681252408054549e-01
3.817514572340110590e+03 6.724993432936650084e-01
3.818016150920105247e+03 6.651601090374308356e-01
3.818517729500100359e+03 6.581538902985482054e-01
3.819019308080095016e+03 6.511630894652888912e-01
3.819520886660090127e+03 6.440558990686511276e-01
3.820022465240084784e+03 6.369275992700880185e-01
3.820524043820079442e+03 6.300606583515790948e-01
3.821025622400074553e+03 6.237735929861588646e-01
3.821527200980069210e+03 6.182503534347856267e-01
3.822028779560064322e+03 6.134494504690208849e-01
3.822530358140058979e+03 6.091063268995622337e-01
3.823031936720054091e+03 6.047629252733934813e-01
3.823533515300048748e+03 5.998554806199580813e-01
3.824035093880043860e+03 5.939241688202626657e-01
3.824536672460038517e+03 5.867626405364827491e-01
3.825038251040033629e+03 5.784366848114568249e-01
3.825539829620028286e+03 5.692606549547349903e-01
3.826041408200022943e+03 5.596783103726272746e-01
3.826542986780018055e+03 5.501415237211562115e-01
3.827044565360012712e+03 5.409694123722061931e-01
3.827546143940007823e+03 5.322741497766494412e-01
3.828047722520002480e+03 5.239481533508263400e-01
3.828549301099997592e+03 5.157252502626581414e-01
3.829050879679992249e+03 5.073213453544624940e-01
3.829552458259987361e+03 4.984689555765282609e-01
3.830054036839982018e+03 4.889251135732315401e-01
3.830555615419977130e+03 4.785269121889146327e-01
3.831057193999971787e+03 4.672897824032170022e-01
3.831558772579966899e+03 4.554504256333713474e-01
3.832060351159961556e+03 4.434261239892681727e-01
3.832561929739956213e+03 4.317682606453012162e-01
3.833063508319951325e+03 4.210500020348448280e-01
3.833565086899945982e+03 4.116823614831826017e-01
3.834066665479941094e+03 4.037296516307598004e-01
3.834568244059935751e+03 3.968638157608942452e-01
3.835069822639930862e+03 3.908656542119809396e-01
3.835571401219925519e+03 3.865149536077154835e-01
3.836072979799920631e+03 3.852493359005296769e-01
3.836574558379915288e+03 3.877347621536462730e-01
3.837076136959910400e+03 3.938292077521190482e-01
3.837577715539905057e+03 4.030124924109282358e-01
3.838079294119900169e+03 4.139270645472606924e-01
3.838580872699894826e+03 4.251818984445878691e-01
3.839082451279889483e+03 4.365470198771738142e-01
3.839584029859884595e+03 4.486245112558950865e-01
3.840085608439879252e+03 4.620753869557511218e-01
3.840587187019874364e+03 4.772777513563620788e-01
3.841088765599869021e+03 4.942183417281582614e-01
3.841590344179864132e+03 5.125772417811406134e-01
3.842091922759858790e+03 5.319767500712473396e-01
3.842593501339853901e+03 5.520114547867622790e-01
3.843095079919848558e+03 5.721483032937215718e-01
3.843596658499843670e+03 5.918267559464286398e-01
3.844098237079838327e+03 6.105858683494300720e-01
3.844599815659833439e+03 6.280734182750176142e-01
3.845101394239828096e+03 6.440334847419539877e-01
3.845602972819822753e+03 6.583742391024545171e-01
3.846104551399817865e+03 6.711485160136387851e-01
3.846606129979812522e+03 6.824575843807647590e-01
3.847107708559807634e+03 6.924043937374044777e-01
3.847609287139802291e+03 7.010824453462937145e-01
3.848110865719797403e+03 7.085462383929690411e-01
3.848612444299792060e+03 7.148258519307106873e-01
3.849114022879787171e+03 7.199858401142824604e-01
3.849615601459781828e+03 7.241717388409931733e-01
3.850117180039776940e+03 7.276162315302725503e-01
3.850618758619771597e+03 7.305843028238734327e-01
3.851120337199766709e+03 7.332112178666723157e-01
3.851621915779761366e+03 7.354772500630272214e-01
3.852123494359756023e+03 7.373307677106822888e-01
3.852625072939751135e+03 7.386185250018212356e-01
3.853126651519745792e+03 7.390460084727544787e-01
3.853628230099740904e+03 7.383048812658155047e-01
3.854129808679735561e+03 7.361969981978169209e-01
3.854631387259730673e+03 7.326604095838294972e-01
3.855132965839725330e+03 7.276263281297786767e-01
3.855634544419720442e+03 7.211670739037683298e-01
3.856136122999715099e+03 7.137591953469917261e-01
3.856637701579710210e+03 7.059043267926051746e-01
3.857139280159704867e+03 6.979721736477895178e-01
3.857640858739699979e+03 6.902942199251851374e-01
3.858142437319694636e+03 6.832229971865351192e-01
3.858644015899689293e+03 6.771581065325110727e-01
3.859145594479684405e+03 6.724404803979794343e-01
3.859647173059679062e+03 6.695156480208999117e-01
3.860148751639674174e+03 6.697386817213064614e-01
3.860650330219668831e+03 6.755130675881688695e-01
3.861151908799663943e+03 6.859612658751113035e-01
3.861653487379658600e+03 6.941791317207748335e-01
3.862155065959653712e+03 6.969539271936081581e-01
3.862656644539648369e+03 7.030385781475994023e-01
3.863158223119643480e+03 7.285655019361304552e-01
3.863659801699638138e+03 7.780244614103244416e-01
3.864161380279633249e+03 8.187167713065728325e-01
3.864662958859627906e+03 8.157965358946235312e-01
3.865164537439622563e+03 7.800893740814974775e-01
3.865666116019617675e+03 7.479508936278895792e-01
3.866167694599612332e+03 7.353959671373480056e-01
3.866669273179607444e+03 7.326829001979334732e-01
3.867170851759602101e+03 7.307271160005491817e-01
3.867672430339597213e+03 7.277359886029113323e-01
3.868174008919591870e+03 7.237461098066402254e-01
3.868675587499586982e+03 7.190019557330895594e-01
3.869177166079581639e+03 7.136061940315081564e-01
3.869678744659576751e+03 7.075873333229620865e-01
3.870180323239571408e+03 7.011135758493831638e-01
3.870681901819566519e+03 6.945745519082968666e-01
3.871183480399561176e+03 6.884452147401420863e-01
3.871685058979555834e+03 6.831594055718681613e-01
3.872186637559550945e+03 6.791391128660380083e-01
3.872688216139545602e+03 6.767845520435450402e-01
3.873189794719540714e+03 6.763818157612111470e-01
3.873691373299535371e+03 6.778996897573009717e-01
3.874192951879530483e+03 6.809206425870509838e-01
3.874694530459525140e+03 6.847557057846425099e-01
3.875196109039520252e+03 6.885970851870621967e-01
3.875697687619514909e+03 6.916255501831982677e-01
3.876199266199510021e+03 6.931393412212931704e-01
3.876700844779504678e+03 6.927165324806416891e-01
3.877202423359499790e+03 6.903126720538754757e-01
3.877704001939494447e+03 6.862503881017709695e-01
3.878205580519489104e+03 6.811057531259699926e-01
3.878707159099484215e+03 6.755468963773458846e-01
3.879208737679478872e+03 6.701852339968434880e-01
3.879710316259473984e+03 6.654123955935326018e-01
3.880211894839468641e+03 6.612999373464589770e-01
3.880713473419463753e+03 6.576357437193753874e-01
3.881215051999458410e+03 6.540539346846667712e-01
3.881716630579453522e+03 6.501809715318482841e-01
3.882218209159448179e+03 6.457045642016457920e-01
3.882719787739443291e+03 6.404075335349566078e-01
3.883221366319437948e+03 6.341480856611385608e-01
3.883722944899433060e+03 6.268059851683476236e-01
3.884224523479427717e+03 6.182946175214105722e-01
3.884726102059422374e+03 6.086702041385115836e-01
3.885227680639417486e+03 5.981926110680674258e-01
3.885729259219412143e+03 5.873300645411004828e-01
3.886230837799407254e+03 5.767737846850937711e-01
3.886732416379401911e+03 5.672609113135433923e-01
3.887233994959397023e+03 5.590702214684979410e-01
3.887735573539391680e+03 5.515287976894542865e-01
3.888237152119386792e+03 5.434829769988445136e-01
3.888738730699381449e+03 5.353896690125421465e-01
3.889240309279376561e+03 5.305348704396453119e-01
3.889741887859371218e+03 5.324765451515662829e-01
3.890243466439366330e+03 5.424743463620582684e-01
3.890745045019360987e+03 5.599794536584843385e-01
3.891246623599355644e+03 5.824252945260377512e-01
3.891748202179350756e+03 6.053410254891865572e-01
3.892249780759345413e+03 6.254912131795387076e-01
3.892751359339340524e+03 6.425845382703236908e-01
3.893252937919335182e+03 6.576733685938828122e-01
3.893754516499330293e+03 6.715989361056677875e-01
3.894256095079324950e+03 6.847062889496420279e-01
3.894757673659320062e+03 6.970470439065252766e-01
3.895259252239314719e+03 7.086009762585647742e-01
3.895760830819309831e+03 7.193574735348406968e-01
3.896262409399304488e+03 7.293310147744429539e-01
3.896763987979299600e+03 7.385112248586754857e-01
3.897265566559294257e+03 7.467532616108613075e-01
3.897767145139288914e+03 7.538218606679231160e-01
3.898268723719284026e+03 7.595643226552009075e-01
3.898770302299278683e+03 7.639293581807681255e-01
3.899271880879273795e+03 7.669656337064263418e-01
3.899773459459268452e+03 7.688361884341137209e-01
3.900275038039263563e+03 7.697654422982362910e-01
3.900776616619258220e+03 7.699551599069086594e-01
3.901278195199253332e+03 7.695130349528375158e-01
3.901779773779247989e+03 7.684255862144293570e-01
3.902281352359243101e+03 7.666421648590993065e-01
3.902782930939237758e+03 7.642050685374089936e-01
3.903284509519232870e+03 7.613067146652263695e-01
3.903786088099227527e+03 7.583349637020946332e-01
3.904287666679222184e+03 7.558624622245809777e-01
3.904789245259217296e+03 7.545898544531699503e-01
3.905290823839211953e+03 7.552033658543599870e-01
3.905792402419207065e+03 7.582085153861379823e-01
3.906293980999201722e+03 7.639442534948469588e-01
3.906795559579196834e+03 7.726120547798610572e-01
3.907297138159191491e+03 7.841360234820106134e-01
3.907798716739186602e+03 7.980968740539398087e-01
3.908300295319181259e+03 8.138390334241587531e-01
3.908801873899176371e+03 8.305138813460588576e-01
3.909303452479171028e+03 8.472317806248401695e-01
3.909805031059166140e+03 8.633799652007282388e-01
3.910306609639160797e+03 8.784560126377406464e-01
3.910808188219155454e+03 8.919511299210898247e-01
3.911309766799150566e+03 9.035714174654728703e-01
3.911811345379145223e+03 9.130929954732307507e-01
3.912312923959140335e+03 9.203632386614712946e-01
3.912814502539134992e+03 9.253676154465035886e-01
3.913316081119130104e+03 9.281686434083871173e-01
3.913817659699124761e+03 9.287814055586893769e-01
3.914319238279119872e+03 9.271940383176984213e-01
3.914820816859114530e+03 9.234547977664011587e-01
3.915322395439109641e+03 9.176686936892137769e-01
3.915823974019104298e+03 9.099560158025903345e-01
3.916325552599099410e+03 9.004993548058968234e-01
3.916827131179094067e+03 8.895807972451451606e-01
3.917328709759088724e+03 8.774219006353048966e-01
3.917830288339083836e+03 8.641363654317467669e-01
3.918331866919078493e+03 8.498865249945530831e-01
3.918833445499073605e+03 8.349996179861336465e-01
3.919335024079068262e+03 8.199748749880297893e-01
3.919836602659063374e+03 8.053236110150865379e-01
3.920338181239058031e+03 7.915245104933290587e-01
3.920839759819053143e+03 7.790665328571847459e-01
3.921341338399047800e+03 7.683319100277787861e-01
3.921842916979042911e+03 7.595134946000897669e-01
3.922344495559037568e+03 7.525523284807111857e-01
3.922846074139032680e+03 7.471042137386175730e-01
3.923347652719027337e+03 7.426198299787938328e-01
3.923849231299021994e+03 7.384077560010080532e-01
3.924350809879017106e+03 7.336149060129267818e-01
3.924852388459011763e+03 7.273520368444296169e-01
3.925353967039006875e+03 7.191633514229522905e-01
3.925855545619001532e+03 7.090415132373288909e-01
3.926357124198996644e+03 6.967818546686703751e-01
3.926858702778991301e+03 6.820895517759747451e-01
3.927360281358986413e+03 6.650956287896903074e-01
3.927861859938981070e+03 6.462684393094271229e-01
3.928363438518976182e+03 6.261982174565261516e-01
3.928865017098970839e+03 6.052062344592521459e-01
3.929366595678965950e+03 5.832875764768958859e-01
3.929868174258960607e+03 5.609923114069135242e-01
3.930369752838955264e+03 5.393253231531719427e-01
3.930871331418950376e+03 5.186420350016436309e-01
3.931372909998945033e+03 4.988332010956026963e-01
3.931874488578940145e+03 4.802476543734282011e-01
3.932376067158934802e+03 4.635949301826460811e-01
3.932877645738929914e+03 4.494215680454476392e-01
3.933379224318924571e+03 4.381330677978620414e-01
3.933880802898919683e+03 4.301794623974447562e-01
3.934382381478914340e+03 4.260425291947929072e-01
3.934883960058909452e+03 4.260445733524185208e-01
3.935385538638904109e+03 4.302519689270188352e-01
3.935887117218899220e+03 4.384918661023345932e-01
3.936388695798893878e+03 4.503070210620285785e-01
3.936890274378888535e+03 4.650931413455875463e-01
3.937391852958883646e+03 4.823582879820982883e-01
3.937893431538878303e+03 5.014690551331744128e-01
3.938395010118873415e+03 5.215523931005618952e-01
3.938896588698868072e+03 5.419482835165103651e-01
3.939398167278863184e+03 5.622280552969516343e-01
3.939899745858857841e+03 5.818838005691614468e-01
3.940401324438852953e+03 6.004276792537617258e-01
3.940902903018847610e+03 6.175254964850365180e-01
3.941404481598842722e+03 6.329796264085939539e-01
3.941906060178837379e+03 6.467099812893966071e-01
3.942407638758832491e+03 6.588278466155923496e-01
3.942909217338827148e+03 6.698873546722530214e-01
3.943410795918821805e+03 6.806387065895613819e-01
3.943912374498816916e+03 6.912932363162569427e-01
3.944413953078811574e+03 7.018156363243357454e-01
3.944915531658806685e+03 7.125918928980031763e-01
3.945417110238801342e+03 7.239874091487213947e-01
3.945918688818796454e+03 7.358875308013003158e-01
3.946420267398791111e+03 7.479194782907491179e-01
3.946921845978786223e+03 7.596901477233830580e-01
3.947423424558780880e+03 7.708570324886034886e-01
3.947925003138775992e+03 7.812161959517212040e-01
3.948426581718770649e+03 7.907391313275026201e-01
3.948928160298765761e+03 7.995391115709908902e-01
3.949429738878760418e+03 8.077994353887736345e-01
3.949931317458755075e+03 8.155906873061179452e-01
3.950432896038750187e+03 8.228135827827419702e-01
3.950934474618744844e+03 8.296667851916306180e-01
3.951436053198739955e+03 8.364368659629377589e-01
3.951937631778734612e+03 8.425547621535942611e-01
3.952439210358729724e+03 8.471895820396182497e-01
3.952940788938724381e+03 8.504798479701409786e-01
3.953442367518719493e+03 8.528523360923850882e-01
3.953943946098714150e+03 8.543393559173437790e-01
3.954445524678709262e+03 8.548365277025324893e-01
3.954947103258703919e+03 8.541889953933008428e-01
3.955448681838699031e+03 8.521097745433574566e-01
3.955950260418693688e+03 8.484262685981605046e-01
3.956451838998688345e+03 8.432959584499457595e-01
3.956953417578683457e+03 8.369180237282175527e-01
3.957454996158678114e+03 8.293336828182409359e-01
3.957956574738673226e+03 8.205702247558837037e-01
3.958458153318667883e+03 8.105978424665729598e-01
3.958959731898662994e+03 7.991995811438580288e-01
3.959461310478657651e+03 7.859854187803747561e-01
3.959962889058652763e+03 7.705337802498963828e-01
3.960464467638647420e+03 7.525891766598811206e-01
3.960966046218642532e+03 7.321336273668221928e-01
3.961467624798637189e+03 7.094379307746889740e-01
3.961969203378632301e+03 6.850274219159142586e-01
3.962470781958626958e+03 6.594128607326783520e-01
3.962972360538621615e+03 6.329367057185228962e-01
3.963473939118616727e+03 6.060489807207912749e-01
3.963975517698611384e+03 5.790972759509263046e-01
3.964477096278606496e+03 5.518444990633437630e-01
3.964978674858601153e+03 5.243823204555357886e-01
3.965480253438596264e+03 4.976900765438158070e-01
3.965981832018590922e+03 4.723308530300733277e-01
3.966483410598586033e+03 4.482461229634505662e-01
3.966984989178580690e+03 4.258122865768194654e-01
3.967486567758575802e+03 4.057544320630322998e-01
3.967988146338570459e+03 3.886499833335896326e-01
3.968489724918565571e+03 3.747990556928232353e-01
3.968991303498560228e+03 3.637906997860952396e-01
3.969492882078554885e+03 3.545933356542163017e-01
3.969994460658549997e+03 3.474795496748743773e-01
3.970496039238544654e+03 3.453697534918457879e-01
3.970997617818539766e+03 3.508925866517393910e-01
3.971499196398534423e+03 3.642704120597383133e-01
3.972000774978529535e+03 3.851165820225508352e-01
3.972502353558524192e+03 4.118419558541537295e-01
3.973003932138519303e+03 4.409528279325740652e-01
3.973505510718513960e+03 4.698520068848349163e-01
3.974007089298509072e+03 4.983055760590521244e-01
3.974508667878503729e+03 5.271033236285520562e-01
3.975010246458498841e+03 5.569389759674497897e-01
3.975511825038493498e+03 5.880202311613770272e-01
3.976013403618488155e+03 6.200481462637863483e-01
3.976514982198483267e+03 6.524376708522129364e-01
3.977016560778477924e+03 6.846053025212153198e-01
3.977518139358473036e+03 7.161531932083209373e-01
3.978019717938467693e+03 7.466945598668680573e-01
3.978521296518462805e+03 7.758173342709886455e-01
3.979022875098457462e+03 8.031463679292927260e-01
3.979524453678452574e+03 8.284074450304852455e-01
3.980026032258447231e+03 8.513594719978858638e-01
3.980527610838442342e+03 8.716850234852400181e-01
3.981029189418436999e+03 8.893688404636004297e-01
3.981530767998432111e+03 9.047736631663407803e-01
3.982032346578426768e+03 9.181474575488195455e-01
3.982533925158421425e+03 9.296248669047697533e-01
3.983035503738416537e+03 9.396829140629141541e-01
3.983537082318411194e+03 9.490156055929424017e-01
3.984038660898406306e+03 9.581480309834964348e-01
3.984540239478400963e+03 9.674115844925432750e-01
3.985041818058396075e+03 9.769972139413656276e-01
3.985543396638390732e+03 9.869610396284484999e-01
3.986044975218385844e+03 9.972849097532648921e-01
3.986546553798380501e+03 1.007849034581777437e+00
3.987048132378375612e+03 1.018181256413579039e+00
3.987549710958370270e+03 1.027699037208534172e+00
3.988051289538365381e+03 1.036174072806768987e+00
3.988552868118360038e+03 1.043542556970900481e+00
3.989054446698354695e+03 1.049639292541816538e+00
3.989556025278349807e+03 1.054378477663594715e+00
3.990057603858344464e+03 1.057846410212247790e+00
3.990559182438339576e+03 1.060283534951473428e+00
3.991060761018334233e+03 1.062064388020995231e+00
3.991562339598329345e+03 1.063456257576920638e+00
3.992063918178324002e+03 1.064466774479402522e+00
3.992565496758319114e+03 1.065010892318325020e+00
3.993067075338313771e+03 1.064982864206989621e+00
3.993568653918308883e+03 1.064285959578107121e+00
3.994070232498303540e+03 1.062906309798337778e+00
3.994571811078298651e+03 1.060944202128572211e+00
3.995073389658293308e+03 1.058626432737984846e+00
3.995574968238287966e+03 1.056294379181548226e+00
3.996076546818283077e+03 1.054360675110253887e+00
3.996578125398277734e+03 1.053258792705769942e+00
3.997079703978272846e+03 1.053394387922079289e+00
3.997581282558267503e+03 1.055090778116208661e+00
3.998082861138262615e+03 1.058513314485524326e+00
3.998584439718257272e+03 1.063649951758504741e+00
3.999086018298252384e+03 1.070308880459465151e+00
3.999587596878247041e+03 1.078037645157575941e+00
4.000089175458242153e+03 1.086194383152904619e+00
4.000590754038236810e+03 1.094143635165695905e+00
4.001092332618231922e+03 1.101268316079294429e+00
4.001593911198226579e+03 1.106905671290238757e+00
4.002095489778221236e+03 1.110587746806889431e+00
4.002597068358216347e+03 1.112147247809770034e+00
4.003098646938211004e+03 1.111602148133455703e+00
4.003600225518206116e+03 1.109137759356501718e+00
4.004101804098200773e+03 1.105153602778593314e+00
4.004603382678195885e+03 1.100207493493873478e+00
4.005104961258190542e+03 1.094962051578575402e+00
4.005606539838185654e+03 1.090205629153996547e+00
4.006108118418180311e+03 1.086778911255611657e+00
4.006609696998175423e+03 1.085307324931447326e+00
4.007111275578170080e+03 1.086037949729563135e+00
4.007612854158165192e+03 1.088863433824555749e+00
4.008114432738159849e+03 1.093351887269593981e+00
4.008616011318154506e+03 1.098800557768010222e+00
4.009117589898149618e+03 1.104397450235315326e+00
4.009619168478144275e+03 1.109434784033173749e+00
4.010120747058139386e+03 1.113420193261268620e+00
4.010622325638134043e+03 1.116123503578601905e+00
4.011123904218129155e+03 1.117590658785310831e+00
4.011625482798123812e+03 1.118074932477787886e+00
4.012127061378118924e+03 1.117924617666284703e+00
4.012628639958113581e+03 1.117534909812181620e+00
4.013130218538108693e+03 1.117292660783898661e+00
4.013631797118103350e+03 1.117466399054126036e+00
4.014133375698098462e+03 1.118162851537163105e+00
4.014634954278093119e+03 1.119361695944262713e+00
4.015136532858087776e+03 1.121027390109277988e+00
4.015638111438082888e+03 1.123133866249494517e+00
4.016139690018077545e+03 1.125673328935225204e+00
4.016641268598072656e+03 1.128671300183346382e+00
4.017142847178067314e+03 1.132184093612943698e+00
4.017644425758062425e+03 1.136294004057970319e+00
4.018146004338057082e+03 1.141037515247540490e+00
4.018647582918052194e+03 1.146362901316368976e+00
4.019149161498046851e+03 1.152127385405215421e+00
4.019650740078041963e+03 1.158064076034035494e+00
4.020152318658036620e+03 1.163754699054925901e+00
4.020653897238031732e+03 1.168675122111781484e+00
4.021155475818026389e+03 1.172298156317191697e+00
4.021657054398021046e+03 1.174164605952843887e+00
4.022158632978016158e+03 1.173976480071748041e+00
4.022660211558010815e+03 1.171684348157938427e+00
4.023161790138005927e+03 1.167508731944516320e+00
4.023663368718000584e+03 1.161873947792108286e+00
4.024164947297995695e+03 1.155359362321900507e+00
4.024666525877990352e+03 1.148550233892827954e+00
4.025168104457985464e+03 1.141901080246456202e+00
4.025669683037980121e+03 1.135976005693081436e+00
4.026171261617975233e+03 1.131215367542328210e+00
4.026672840197969890e+03 1.127613448338320445e+00
4.027174418777965002e+03 1.125019401881445891e+00
4.027675997357959659e+03 1.123168710103300993e+00
4.028177575937954316e+03 1.121573167906359636e+00
4.028679154517949428e+03 1.127613459808701091e+00
4.029180733097944085e+03 1.164180205495554565e+00
4.029682311677939197e+03 1.217919093100744643e+00
4.030183890257933854e+03 1.226650640386791613e+00
4.030685468837928966e+03 1.179730650075853760e+00
4.031187047417923623e+03 1.109850216509813858e+00
4.031688625997918734e+03 1.058335898005668074e+00
4.032190204577913391e+03 1.036305515191455306e+00
4.032691783157908503e+03 1.027070037912654499e+00
4.033193361737903160e+03 1.022262122168569487e+00
4.033694940317897817e+03 1.021719126497282248e+00
4.034196518897892929e+03 1.025421755655327338e+00
4.034698097477887586e+03 1.033079865179890700e+00
4.035199676057882698e+03 1.044119377303921903e+00
4.035701254637877355e+03 1.057695392392440370e+00
4.036202833217872467e+03 1.072704649945269928e+00
4.036704411797867124e+03 1.087996018306319090e+00
4.037205990377862236e+03 1.102423743283488022e+00
4.037707568957856893e+03 1.114838410224882725e+00
4.038209147537852004e+03 1.124338422207331600e+00
4.038710726117846662e+03 1.130428632924131982e+00
4.039212304697841773e+03 1.132892122109883992e+00
4.039713883277836430e+03 1.131805446785934866e+00
4.040215461857831087e+03 1.127566693462996650e+00
4.040717040437826199e+03 1.120777428053423508e+00
4.041218619017820856e+03 1.112082250795491278e+00
4.041720197597815968e+03 1.102043055498806767e+00
4.042221776177810625e+03 1.091131049074189230e+00
4.042723354757805737e+03 1.079762197755603559e+00
4.043224933337800394e+03 1.068157591992287436e+00
4.043726511917795506e+03 1.056319257547924328e+00
4.044228090497790163e+03 1.044366686132854438e+00
4.044729669077785275e+03 1.032808967516991805e+00
4.045231247657779932e+03 1.022521919445895433e+00
4.045732826237775043e+03 1.014521481139472492e+00
4.046234404817769700e+03 1.009821196901449447e+00
4.046735983397764358e+03 1.009310863746802678e+00
4.047237561977759469e+03 1.013430802139413833e+00
4.047739140557754126e+03 1.022041540310137053e+00
4.048240719137749238e+03 1.034587315707830690e+00
4.048742297717743895e+03 1.050138459465936425e+00
4.049243876297739007e+03 1.067468475388074323e+00
4.049745454877733664e+03 1.085349694931097231e+00
4.050247033457728776e+03 1.102706018205112715e+00
4.050748612037723433e+03 1.118507007277950827e+00
4.051250190617718545e+03 1.131841101708777497e+00
4.051751769197713202e+03 1.142173326886888773e+00
4.052253347777708314e+03 1.149288217656854183e+00
4.052754926357702971e+03 1.153138603425692077e+00
4.053256504937697628e+03 1.153897888934968696e+00
4.053758083517692739e+03 1.151956923011234091e+00
4.054259662097687396e+03 1.147864320829182772e+00
4.054761240677682508e+03 1.142239445995662184e+00
4.055262819257677165e+03 1.135639804092138494e+00
4.055764397837672277e+03 1.128701656177286017e+00
4.056265976417666934e+03 1.122172041844410773e+00
4.056767554997662046e+03 1.116542297098191527e+00
4.057269133577656703e+03 1.111996030412215397e+00
4.057770712157651815e+03 1.108614385268200886e+00
4.058272290737646472e+03 1.106425856437130761e+00
4.058773869317641584e+03 1.105338382931961849e+00
4.059275447897636241e+03 1.104982214297761001e+00
4.059777026477630898e+03 1.104737111335954536e+00
4.060278605057626010e+03 1.103825714768507549e+00
4.060780183637620667e+03 1.101423821733042985e+00
4.061281762217615778e+03 1.096839560998986496e+00
4.061783340797610435e+03 1.089645659747741302e+00
4.062284919377605547e+03 1.079733675321608466e+00
4.062786497957600204e+03 1.067438619657950394e+00
4.063288076537595316e+03 1.053756443406907550e+00
4.063789655117589973e+03 1.040114835045903074e+00
4.064291233697585085e+03 1.027792312264801833e+00
4.064792812277579742e+03 1.017730739499335790e+00
4.065294390857574854e+03 1.010554430036112450e+00
4.065795969437569511e+03 1.006469132421441204e+00
4.066297548017564168e+03 1.005225786007492683e+00
4.066799126597559280e+03 1.006198314053428522e+00
4.067300705177553937e+03 1.008555806321693726e+00
4.067802283757549048e+03 1.011466580575192786e+00
4.068303862337543706e+03 1.014189532540067162e+00
4.068805440917538817e+03 1.016114473319528866e+00
4.069307019497533474e+03 1.016831614417513130e+00
4.069808598077528586e+03 1.016174796507993694e+00
4.070310176657523243e+03 1.014267586091088802e+00
4.070811755237518355e+03 1.011544153548556313e+00
4.071313333817513012e+03 1.008667758305118900e+00
4.071814912397508124e+03 1.006388822683663253e+00
4.072316490977502781e+03 1.005370656417710062e+00
4.072818069557497438e+03 1.005972390186741450e+00
4.073319648137492550e+03 1.008128946706389417e+00
4.073821226717487207e+03 1.011383409661113619e+00
4.074322805297482319e+03 1.014976840114891088e+00
4.074824383877476976e+03 1.018127726749577633e+00
4.075325962457472087e+03 1.020262603228229814e+00
4.075827541037466744e+03 1.021111574486381013e+00
4.076329119617461856e+03 1.020889118823013586e+00
4.076830698197456513e+03 1.020270820313105009e+00
4.077332276777451625e+03 1.020185174572336484e+00
4.077833855357446282e+03 1.021581737993622063e+00
4.078335433937441394e+03 1.025235396659249565e+00
4.078837012517436051e+03 1.031539270794832763e+00
4.079338591097430708e+03 1.040553490928580960e+00
4.079840169677425820e+03 1.052031990657415594e+00
4.080341748257420477e+03 1.065045830046101871e+00
4.080843326837415589e+03 1.078271359843776089e+00
4.081344905417410246e+03 1.090778514382076736e+00
4.081846483997405358e+03 1.101966329904600972e+00
4.082348062577400015e+03 1.111373265468006188e+00
4.082849641157395126e+03 1.118848273046727293e+00
4.083351219737389783e+03 1.124629463905341797e+00
4.083852798317384895e+03 1.129311477833770283e+00
4.084354376897379552e+03 1.133681176949044023e+00
4.084855955477374664e+03 1.138561031420424641e+00
4.085357534057369321e+03 1.144699765764954025e+00
4.085859112637363978e+03 1.152505666613726554e+00
4.086360691217359090e+03 1.161925345126363585e+00
4.086862269797353747e+03 1.172703844646592497e+00
4.087363848377348859e+03 1.184563364211396630e+00
4.087865426957343516e+03 1.196891276812463545e+00
4.088367005537338628e+03 1.208564616475744202e+00
4.088868584117333285e+03 1.218487134527956872e+00
4.089370162697328396e+03 1.225942428724748900e+00
4.089871741277323054e+03 1.230494821002507511e+00
4.090373319857318165e+03 1.231947167227983808e+00
4.090874898437312822e+03 1.230276409671900772e+00
4.091376477017307934e+03 1.225678970001623291e+00
4.091878055597302591e+03 1.218553505487595112e+00
4.092379634177297248e+03 1.209175271584480127e+00
4.092881212757292360e+03 1.197648584661539894e+00
4.093382791337287017e+03 1.184032904346073778e+00
4.093884369917282129e+03 1.168307123989360097e+00
4.094385948497276786e+03 1.150334061302462629e+00
4.094887527077271898e+03 1.129971791810635118e+00
4.095389105657266555e+03 1.107169446412005431e+00
4.095890684237261667e+03 1.082321427948205406e+00
4.096392262817256778e+03 1.056313473687883642e+00
4.096893841397250981e+03 1.029516642898394396e+00
4.097395419977246092e+03 1.001927690754365274e+00
4.097896998557241204e+03 9.751053151619344384e-01
4.098398577137236316e+03 9.512886609475695865e-01
4.098900155717230518e+03 9.308480738647527675e-01
4.099401734297225630e+03 9.131110550928089875e-01
4.099903312877220742e+03 8.975725893567836344e-01
4.100404891457214944e+03 8.832078807061585213e-01
4.100906470037210056e+03 8.681730511734997435e-01
4.101408048617205168e+03 8.515299434101074594e-01
4.101909627197200280e+03 8.359945327515466706e-01
4.102411205777194482e+03 8.267734821883785390e-01
4.102912784357189594e+03 8.265714446900627177e-01
4.103414362937184706e+03 8.353963810975345572e-01
4.103915941517179817e+03 8.531817052169570204e-01
4.104417520097174020e+03 8.771004424134332123e-01
4.104919098677169131e+03 9.012073958188908662e-01
4.105420677257164243e+03 9.221012103687544759e-01
4.105922255837158446e+03 9.405017613296405843e-01
4.106423834417153557e+03 9.579000541128012136e-01
4.106925412997148669e+03 9.747998772875516860e-01
4.107426991577143781e+03 9.910363625632663265e-01
4.107928570157137983e+03 1.006183565227544818e+00
4.108430148737133095e+03 1.019834650342524185e+00
4.108931727317128207e+03 1.031805259982252032e+00
4.109433305897123319e+03 1.042171183071698870e+00
4.109934884477117521e+03 1.051385656147495018e+00
4.110436463057112633e+03 1.059959547190894913e+00
4.110938041637107744e+03 1.067906418710286687e+00
4.111439620217102856e+03 1.075182899043985785e+00
4.111941198797097059e+03 1.082306300864733783e+00
4.112442777377092170e+03 1.089823364765669211e+00
4.112944355957087282e+03 1.097886096385061183e+00
4.113445934537081484e+03 1.106467542252659531e+00
4.113947513117076596e+03 1.115428680782222237e+00
4.114449091697071708e+03 1.124418568133114693e+00
4.114950670277066820e+03 1.132963408991735310e+00
4.115452248857061022e+03 1.140714555583464573e+00
4.115953827437056134e+03 1.147469134219252673e+00
4.116455406017051246e+03 1.152819546704885401e+00
4.116956984597046358e+03 1.156276968853892306e+00
4.117458563177040560e+03 1.157801353326894711e+00
4.117960141757035672e+03 1.157689871679338900e+00
4.118461720337030783e+03 1.156300652488441161e+00
4.118963298917024986e+03 1.154031945888623678e+00
4.119464877497020098e+03 1.151208078833236392e+00
4.119966456077015209e+03 1.148125409725967216e+00
4.120468034657010321e+03 1.145142240252758237e+00
4.120969613237004523e+03 1.142535428809456466e+00
4.121471191816999635e+03 1.140416554991178888e+00
4.121972770396994747e+03 1.138817703689080085e+00
4.122474348976989859e+03 1.137744793713615366e+00
4.122975927556984061e+03 1.137170643269341141e+00
4.123477506136979173e+03 1.137005164197562035e+00
4.123979084716974285e+03 1.137063513795404823e+00
4.124480663296969396e+03 1.137060433350405964e+00
4.124982241876963599e+03 1.136632439478473255e+00
4.125483820456958711e+03 1.135430655282764434e+00
4.125985399036953822e+03 1.133142994783863156e+00
4.126486977616948025e+03 1.129517036720981471e+00
4.126988556196943136e+03 1.124432159956425314e+00
4.127490134776938248e+03 1.118056434996265835e+00
4.127991713356933360e+03 1.110763966384236578e+00
4.128493291936927562e+03 1.102981092022441434e+00
4.128994870516922674e+03 1.095146203390482409e+00
4.129496449096917786e+03 1.087610122795830581e+00
4.129998027676912898e+03 1.080551062302229415e+00
4.130499606256907100e+03 1.074029267935387555e+00
4.131001184836902212e+03 1.068052641188924623e+00
4.131502763416897324e+03 1.062675711184708716e+00
4.132004341996891526e+03 1.058067313498288975e+00
4.132505920576886638e+03 1.054531132786871384e+00
4.133007499156881750e+03 1.052475240814756630e+00
4.133509077736876861e+03 1.052321885056229700e+00
4.134010656316871064e+03 1.054404533655864729e+00
4.134512234896866175e+03 1.058865912327816350e+00
4.135013813476861287e+03 1.065599851935048914e+00
4.135515392056856399e+03 1.074265563900650644e+00
4.136016970636850601e+03 1.084279778577119657e+00
4.136518549216845713e+03 1.094899535306107285e+00
4.137020127796840825e+03 1.105414161849126664e+00
4.137521706376835027e+03 1.115067507586909201e+00
4.138023284956830139e+03 1.122989811481974520e+00
4.138524863536825251e+03 1.128536684345969432e+00
4.139026442116820363e+03 1.131391289447197357e+00
4.139528020696814565e+03 1.131345258916229835e+00
4.140029599276809677e+03 1.128332476861599210e+00
4.140531177856804788e+03 1.122537283740263625e+00
4.141032756436799900e+03 1.114306107453939987e+00
4.141534335016794103e+03 1.104002773120892567e+00
4.142035913596789214e+03 1.092173616658527191e+00
4.142537492176784326e+03 1.079911318128166098e+00
4.143039070756779438e+03 1.068534309960548434e+00
4.143540649336773640e+03 1.058992305034189396e+00
4.144042227916768752e+03 1.051958447198069635e+00
4.144543806496763864e+03 1.048040707131400406e+00
4.145045385076758066e+03 1.047590273851791931e+00
4.145546963656753178e+03 1.050477284729661509e+00
4.146048542236748290e+03 1.056122597479502989e+00
4.146550120816743402e+03 1.063690779967642497e+00
4.147051699396737604e+03 1.072244705618867089e+00
4.147553277976732716e+03 1.080913056333010491e+00
4.148054856556727827e+03 1.089022025310087294e+00
4.148556435136722939e+03 1.096129201100596307e+00
4.149058013716717142e+03 1.102025217097715393e+00
4.149559592296712253e+03 1.106719825984483929e+00
4.150061170876707365e+03 1.110355617095145853e+00
4.150562749456701567e+03 1.113123288133013311e+00
4.151064328036696679e+03 1.115197087267062681e+00
4.151565906616691791e+03 1.116677493590948478e+00
4.152067485196686903e+03 1.117595861012387282e+00
4.152569063776681105e+03 1.117969640928997865e+00
4.153070642356676217e+03 1.117858487570329906e+00
4.153572220936671329e+03 1.117415948296013983e+00
4.154073799516666440e+03 1.116916958625109313e+00
4.154575378096660643e+03 1.116721333684460582e+00
4.155076956676655755e+03 1.117184016911473510e+00
4.155578535256650866e+03 1.118578344739213470e+00
4.156080113836645978e+03 1.121067411146026593e+00
4.156581692416640180e+03 1.124679373659491777e+00
4.157083270996635292e+03 1.129270962492461949e+00
4.157584849576630404e+03 1.134560998421257905e+00
4.158086428156624606e+03 1.140265274635331672e+00
4.158588006736619718e+03 1.146133624385111904e+00
4.159089585316614830e+03 1.151895349709934013e+00
4.159591163896609942e+03 1.157297347241892371e+00
4.160092742476604144e+03 1.162158240511870666e+00
4.160594321056599256e+03 1.166381527411237240e+00
4.161095899636594368e+03 1.169875925081636625e+00
4.161597478216589479e+03 1.172552279847467904e+00
4.162099056796583682e+03 1.174347956854975727e+00
4.162600635376578794e+03 1.175227583100169504e+00
4.163102213956573905e+03 1.175142049157247737e+00
4.163603792536568108e+03 1.174004509611089375e+00
4.164105371116563219e+03 1.171751935059764937e+00
4.164606949696558331e+03 1.168354075913119239e+00
4.165108528276553443e+03 1.163832964230023137e+00
4.165610106856547645e+03 1.158325009340130718e+00
4.166111685436542757e+03 1.152010557717833450e+00
4.166613264016537869e+03 1.145049066626909973e+00
4.167114842596532981e+03 1.137658836427139164e+00
4.167616421176527183e+03 1.130075964027508872e+00
4.168117999756522295e+03 1.122474437121554480e+00
4.168619578336517407e+03 1.114939973862599576e+00
4.169121156916512518e+03 1.107450148777887833e+00
4.169622735496506721e+03 1.099878474085795421e+00
4.170124314076501832e+03 1.092015889193658218e+00
4.170625892656496944e+03 1.083678679764074504e+00
4.171127471236491147e+03 1.074823351783235736e+00
4.171629049816486258e+03 1.065578005585410937e+00
4.172130628396481370e+03 1.056274282678866472e+00
4.172632206976476482e+03 1.047404880479882561e+00
4.173133785556470684e+03 1.039520409863228245e+00
4.173635364136465796e+03 1.033154329940674021e+00
4.174136942716460908e+03 1.028700324263764010e+00
4.174638521296456020e+03 1.026318585101840597e+00
4.175140099876450222e+03 1.025970536698306068e+00
4.175641678456445334e+03 1.027480237640700622e+00
4.176143257036440446e+03 1.030573776395737884e+00
4.176644835616434648e+03 1.034950687123951107e+00
4.177146414196429760e+03 1.040355398111745711e+00
4.177647992776424871e+03 1.046629921195835422e+00
4.178149571356419983e+03 1.053668406990809103e+00
4.178651149936414186e+03 1.061317380155886836e+00
4.179152728516409297e+03 1.069375134157763529e+00
4.179654307096404409e+03 1.077628459174191144e+00
4.180155885676399521e+03 1.085829503651229766e+00
4.180657464256393723e+03 1.093680197648805974e+00
4.181159042836388835e+03 1.100946236360517139e+00
4.181660621416383947e+03 1.107519520278499758e+00
4.182162199996379059e+03 1.113323427679949518e+00
4.182663778576373261e+03 1.118259758208896448e+00
4.183165357156368373e+03 1.122242542507499996e+00
4.183666935736363484e+03 1.125176933153760883e+00
4.184168514316357687e+03 1.126882072892665843e+00
4.184670092896352799e+03 1.127118818815959322e+00
4.185171671476347910e+03 1.125723816752589812e+00
4.185673250056343022e+03 1.122709680139764910e+00
4.186174828636337224e+03 1.118286270244246650e+00
4.186676407216332336e+03 1.112895494871783519e+00
4.187177985796327448e+03 1.107180709400643615e+00
4.187679564376322560e+03 1.101852951324277630e+00
4.188181142956316762e+03 1.097582883670586096e+00
4.188682721536311874e+03 1.094888540124000276e+00
4.189184300116306986e+03 1.093993773979424766e+00
4.189685878696301188e+03 1.094819423307112460e+00
4.190187457276296300e+03 1.097027157164310207e+00
4.190689035856291412e+03 1.100060561733964715e+00
4.191190614436286523e+03 1.103257840371477450e+00
4.191692193016280726e+03 1.105948961760183868e+00
4.192193771596275838e+03 1.107521224083003464e+00
4.192695350176270949e+03 1.107486868572030714e+00
4.193196928756266061e+03 1.105496079906839846e+00
4.193698507336260263e+03 1.101345068294580010e+00
4.194200085916255375e+03 1.095053598431693587e+00
4.194701664496250487e+03 1.086886017214312883e+00
4.195203243076245599e+03 1.077311162341800577e+00
4.195704821656239801e+03 1.066942362953329670e+00
4.196206400236234913e+03 1.056470183187268042e+00
4.196707978816230025e+03 1.046581731274422999e+00
4.197209557396224227e+03 1.037842098584702333e+00
4.197711135976219339e+03 1.030599750948956395e+00
4.198212714556214451e+03 1.025016631622498453e+00
4.198714293136209562e+03 1.021157446363863297e+00
4.199215871716203765e+03 1.018980757117921687e+00
4.199717450296198876e+03 1.018348323718492709e+00
4.200219028876193988e+03 1.019132133231969606e+00
4.200720607456189100e+03 1.021273885089893030e+00
4.201222186036183302e+03 1.024765525858765125e+00
4.201723764616178414e+03 1.029663345207652903e+00
4.202225343196173526e+03 1.036077797963200986e+00
4.202726921776167728e+03 1.044115472908576203e+00
4.203228500356162840e+03 1.053816627200477640e+00
4.203730078936157952e+03 1.065119400368228497e+00
4.204231657516153064e+03 1.077868838346878189e+00
4.204733236096147266e+03 1.091781936351090998e+00
4.205234814676142378e+03 1.106487180025456762e+00
4.205736393256137490e+03 1.121478620070175625e+00
4.206237971836132601e+03 1.135971371824010534e+00
4.206739550416126804e+03 1.149313114586165918e+00
4.207241128996121915e+03 1.161285581386139798e+00
4.207742707576117027e+03 1.171485192497970784e+00
4.208244286156112139e+03 1.179408281776604506e+00
4.208745864736106341e+03 1.184759456599594918e+00
4.209247443316101453e+03 1.187380620310945378e+00
4.209749021896096565e+03 1.187296510489028289e+00
4.210250600476090767e+03 1.184746006090486192e+00
4.210752179056085879e+03 1.180102598115862378e+00
4.211253757636080991e+03 1.173780225927162135e+00
4.211755336216076103e+03 1.166210434965800236e+00
4.212256914796070305e+03 1.157820084180944509e+00
4.212758493376065417e+03 1.149005423381260993e+00
4.213260071956060528e+03 1.140083458125294769e+00
4.213761650536055640e+03 1.131352840548982108e+00
4.214263229116049843e+03 1.123211157669639304e+00
4.214764807696044954e+03 1.116135809500928389e+00
4.215266386276040066e+03 1.110600643504831453e+00
4.215767964856034268e+03 1.107027622530613709e+00
4.216269543436029380e+03 1.105765520706155636e+00
4.216771122016024492e+03 1.106977398839622317e+00
4.217272700596019604e+03 1.110500549194350040e+00
4.217774279176013806e+03 1.115916416610162720e+00
4.218275857756008918e+03 1.122623057384486200e+00
4.218777436336004030e+03 1.129801644537425265e+00
4.219279014915999142e+03 1.136592709933244461e+00
4.219780593495993344e+03 1.142276618511423703e+00
4.220282172075988456e+03 1.146005170946727603e+00
4.220783750655983567e+03 1.146555272815362292e+00
4.221285329235978679e+03 1.143376503440502789e+00
4.221786907815972882e+03 1.136689083112437437e+00
4.222288486395967993e+03 1.126325514931248328e+00
4.222790064975963105e+03 1.112033500422892729e+00
4.223291643555957307e+03 1.094101651957058108e+00
4.223793222135952419e+03 1.073163607146120579e+00
4.224294800715947531e+03 1.049828505558153768e+00
4.224796379295942643e+03 1.024955090394284785e+00
4.225297957875936845e+03 1.000161805719962382e+00
4.225799536455931957e+03 9.770237976151778803e-01
4.226301115035927069e+03 9.584771226135379019e-01
4.226802693615922180e+03 9.536348995999606171e-01
4.227304272195916383e+03 9.742923025854486330e-01
4.227805850775911495e+03 1.008605324362296773e+00
4.228307429355906606e+03 1.024310629460343680e+00
4.228809007935900809e+03 1.007945652450713991e+00
4.229310586515895920e+03 9.773162055426760642e-01
4.229812165095891032e+03 9.687888702425793142e-01
4.230313743675886144e+03 9.825700439333107106e-01
4.230815322255880346e+03 1.001862439493354850e+00
4.231316900835875458e+03 1.020169097811426395e+00
4.231818479415870570e+03 1.036460191832223154e+00
4.232320057995865682e+03 1.050328768604257057e+00
4.232821636575859884e+03 1.061348093866038900e+00
4.233323215155854996e+03 1.069534351794276139e+00
4.233824793735850108e+03 1.075201963694619289e+00
4.234326372315845219e+03 1.078764743302893070e+00
4.234827950895839422e+03 1.080760223702410983e+00
4.235329529475834534e+03 1.081789725950289105e+00
4.235831108055829645e+03 1.082439564789540398e+00
4.236332686635823848e+03 1.083074067029349719e+00
4.236834265215818959e+03 1.083702659237860466e+00
4.237335843795814071e+03 1.084807676296032586e+00
4.237837422375809183e+03 1.087069456155799863e+00
4.238339000955803385e+03 1.090581886997799455e+00
4.238840579535798497e+03 1.095272498267275463e+00
4.239342158115793609e+03 1.101156969566916111e+00
4.239843736695788721e+03 1.108178091536044407e+00
4.240345315275782923e+03 1.116198820165148931e+00
4.240846893855778035e+03 1.125118977944101539e+00
4.241348472435773147e+03 1.134798941702736652e+00
4.241850051015767349e+03 1.144965116336959632e+00
4.242351629595762461e+03 1.155261003164541611e+00
4.242853208175757572e+03 1.165275445777767649e+00
4.243354786755752684e+03 1.174528306005420575e+00
4.243856365335746887e+03 1.182509720377388884e+00
4.244357943915741998e+03 1.188685916825039879e+00
4.244859522495737110e+03 1.192580768763737531e+00
4.245361101075732222e+03 1.193836828471612321e+00
4.245862679655726424e+03 1.192184544156093429e+00
4.246364258235721536e+03 1.187589242539247802e+00
4.246865836815716648e+03 1.180346026530868286e+00
4.247367415395711760e+03 1.170969521770548472e+00
4.247868993975705962e+03 1.160135881643880928e+00
4.248370572555701074e+03 1.148641574915351127e+00
4.248872151135696186e+03 1.137287520046233125e+00
4.249373729715690388e+03 1.126802531143971109e+00
4.249875308295685500e+03 1.117780549126302869e+00
4.250376886875680611e+03 1.110636962974978159e+00
4.250878465455675723e+03 1.105620699436422383e+00
4.251380044035669926e+03 1.102796280040285293e+00
4.251881622615665037e+03 1.101975205707002026e+00
4.252383201195660149e+03 1.102788171391682503e+00
4.252884779775655261e+03 1.104811782084696770e+00
4.253386358355649463e+03 1.107625195415760544e+00
4.253887936935644575e+03 1.110901635840549240e+00
4.254389515515639687e+03 1.114540183658184080e+00
4.254891094095633889e+03 1.118590385368182449e+00
4.255392672675629001e+03 1.123111602843159140e+00
4.255894251255624113e+03 1.128072759729763286e+00
4.256395829835619224e+03 1.133230819963794378e+00
4.256897408415613427e+03 1.138096388098291722e+00
4.257398986995608539e+03 1.142019669937075710e+00
4.257900565575603650e+03 1.144315246152054488e+00
4.258402144155598762e+03 1.144506484458206241e+00
4.258903722735592964e+03 1.142539817527557844e+00
4.259405301315588076e+03 1.138808727631996920e+00
4.259906879895583188e+03 1.134099434443520682e+00
4.260408458475578300e+03 1.129461864707768992e+00
4.260910037055572502e+03 1.125993493329528139e+00
4.261411615635567614e+03 1.124581419632141532e+00
4.261913194215562726e+03 1.125710948044039705e+00
4.262414772795556928e+03 1.129349280134869904e+00
4.262916351375552040e+03 1.134956407969123227e+00
4.263417929955547152e+03 1.141604933470997896e+00
4.263919508535542263e+03 1.148187315062710212e+00
4.264421087115536466e+03 1.153592274653961081e+00
4.264922665695531578e+03 1.156886986672581052e+00
4.265424244275526689e+03 1.157468906015087118e+00
4.265925822855521801e+03 1.155076877764533716e+00
4.266427401435516003e+03 1.149692519567669713e+00
4.266928980015511115e+03 1.141493765321491827e+00
4.267430558595506227e+03 1.130838634430654910e+00
4.267932137175500429e+03 1.118137221902618217e+00
4.268433715755495541e+03 1.103727515295218620e+00
4.268935294335490653e+03 1.087968950485359354e+00
4.269436872915485765e+03 1.071286518769245522e+00
4.269938451495479967e+03 1.054116192164855859e+00
4.270440030075475079e+03 1.036987353901709374e+00
4.270941608655470191e+03 1.020580771243641882e+00
4.271443187235465302e+03 1.005663841853521756e+00
4.271944765815459505e+03 9.930214599711999490e-01
4.272446344395454616e+03 9.833001767626365908e-01
4.272947922975449728e+03 9.769990275539234270e-01
4.273449501555444840e+03 9.744516916818910524e-01
4.273951080135439042e+03 9.756838965087695215e-01
4.274452658715434154e+03 9.804690565677033343e-01
4.274954237295429266e+03 9.884751055420715193e-01
4.275455815875423468e+03 9.992488246053778944e-01
4.275957394455418580e+03 1.012243072597487359e+00
4.276458973035413692e+03 1.026840985042587029e+00
4.276960551615408804e+03 1.042342475840093430e+00
4.277462130195403006e+03 1.058002700396019957e+00
4.277963708775398118e+03 1.073049440886860273e+00
4.278465287355393230e+03 1.086749666650915103e+00
4.278966865935388341e+03 1.098506865366487339e+00
4.279468444515382544e+03 1.107958625167390299e+00
4.279970023095377655e+03 1.114966911765886692e+00
4.280471601675372767e+03 1.119614441825430795e+00
4.280973180255366970e+03 1.122249487756579622e+00
4.281474758835362081e+03 1.123329986270872549e+00
4.281976337415357193e+03 1.123306325743990808e+00
4.282477915995352305e+03 1.122550079719678129e+00
4.282979494575346507e+03 1.121216784694079482e+00
4.283481073155341619e+03 1.119222522012663035e+00
4.283982651735336731e+03 1.116506386937937911e+00
4.284484230315331843e+03 1.113060447427818955e+00
4.284985808895326045e+03 1.108596282775388131e+00
4.285487387475321157e+03 1.102858038534545226e+00
4.285988966055316268e+03 1.095635094621321581e+00
4.286490544635311380e+03 1.086790938732766776e+00
4.286992123215305583e+03 1.076865463926326205e+00
4.287493701795300694e+03 1.066597737087230602e+00
4.287995280375295806e+03 1.056024486002257845e+00
4.288496858955290008e+03 1.045048131736532326e+00
4.288998437535285120e+03 1.034095060973662328e+00
4.289500016115280232e+03 1.023795821013585572e+00
4.290001594695275344e+03 1.014777479417853012e+00
4.290503173275269546e+03 1.007673458975663738e+00
4.291004751855264658e+03 1.002891599731437600e+00
4.291506330435259770e+03 1.000614140211226522e+00
4.292007909015254882e+03 1.000749089990926377e+00
4.292509487595249084e+03 1.002766776636312862e+00
4.293011066175244196e+03 1.005867148205158434e+00
4.293512644755239307e+03 1.009148311064201220e+00
4.294014223335233510e+03 1.011729499311699199e+00
4.294515801915228622e+03 1.012878099279734823e+00
4.295017380495223733e+03 1.012034704946433994e+00
4.295518959075218845e+03 1.008838477492534969e+00
4.296020537655213047e+03 1.003118240734574451e+00
4.296522116235208159e+03 9.948057311290305904e-01
4.297023694815203271e+03 9.840031100813911857e-01
4.297525273395198383e+03 9.710286935635314975e-01
4.298026851975192585e+03 9.562365056840648192e-01
4.298528430555187697e+03 9.400507990574702433e-01
4.299030009135182809e+03 9.231002073077270165e-01
4.299531587715177920e+03 9.061558283448323259e-01
4.300033166295172123e+03 8.899348571911409600e-01
4.300534744875167235e+03 8.750639145112015793e-01
4.301036323455162346e+03 8.620175821645525982e-01
4.301537902035156549e+03 8.510655198978126501e-01
4.302039480615151660e+03 8.423002682632096949e-01
4.302541059195146772e+03 8.356154819446071080e-01
4.303042637775141884e+03 8.307485869683465252e-01
4.303544216355136086e+03 8.273731031102130595e-01
4.304045794935131198e+03 8.250729066096342823e-01
4.304547373515126310e+03 8.233968272907405961e-01
4.305048952095121422e+03 8.220279711749906015e-01
4.305550530675115624e+03 8.208239638762899748e-01
4.306052109255110736e+03 8.196680595854486384e-01
4.306553687835105848e+03 8.184772034768648119e-01
4.307055266415100050e+03 8.173634206216471298e-01
4.307556844995095162e+03 8.166821990862518366e-01
4.308058423575090274e+03 8.169418858387023086e-01
4.308560002155085385e+03 8.187266590807316113e-01
4.309061580735079588e+03 8.227010218036010514e-01
4.309563159315074699e+03 8.294735836215889613e-01
4.310064737895069811e+03 8.391832890200439099e-01
4.310566316475064923e+03 8.516632718878758279e-01
4.311067895055059125e+03 8.669826478041655626e-01
4.311569473635054237e+03 8.851219285680508309e-01
4.312071052215049349e+03 9.057667561033468928e-01
4.312572630795044461e+03 9.285691072254145251e-01
4.313074209375038663e+03 9.532124679094956532e-01
4.313575787955033775e+03 9.795027160598284155e-01
4.314077366535028887e+03 1.007221340406111443e+00
4.314578945115023089e+03 1.035946555318856044e+00
4.315080523695018201e+03 1.065625525478047342e+00
4.315582102275013312e+03 1.096656065761856258e+00
4.316083680855008424e+03 1.128395115311409125e+00
4.316585259435002627e+03 1.158986933531686248e+00
4.317086838014997738e+03 1.187212394220944267e+00
4.317588416594992850e+03 1.212459282049635378e+00
4.318089995174987962e+03 1.233847771020436745e+00
4.318591573754982164e+03 1.250422117665298094e+00
4.319093152334977276e+03 1.261487457934465262e+00
4.319594730914972388e+03 1.266745688955729143e+00
4.320096309494966590e+03 1.266184692512505094e+00
4.320597888074961702e+03 1.259814861316599810e+00
4.321099466654956814e+03 1.247988403443071270e+00
4.321601045234951926e+03 1.231933535416384951e+00
4.322102623814946128e+03 1.212783938990418475e+00
4.322604202394941240e+03 1.191007053435047869e+00
4.323105780974936351e+03 1.167241855277746598e+00
4.323607359554931463e+03 1.142413751991750992e+00
4.324108938134925666e+03 1.117665910350470249e+00
4.324610516714920777e+03 1.094464079361607833e+00
4.325112095294915889e+03 1.074185206790351454e+00
4.325613673874911001e+03 1.058008911876670677e+00
4.326115252454905203e+03 1.047299518229218851e+00
4.326616831034900315e+03 1.043117564708159639e+00
4.327118409614895427e+03 1.045610455150419504e+00
4.327619988194889629e+03 1.054418536116697780e+00
4.328121566774884741e+03 1.068890411356218983e+00
4.328623145354879853e+03 1.087157783715665849e+00
4.329124723934874964e+03 1.106715126423239326e+00
4.329626302514869167e+03 1.126181826736620373e+00
4.330127881094864279e+03 1.144778395085146672e+00
4.330629459674859390e+03 1.161605740167622081e+00
4.331131038254854502e+03 1.176091152267346729e+00
4.331632616834848704e+03 1.188027004908297268e+00
4.332134195414843816e+03 1.197372652222524980e+00
4.332635773994838928e+03 1.204138278710669141e+00
4.333137352574833130e+03 1.208299898162427333e+00
4.333638931154828242e+03 1.209775667357110285e+00
4.334140509734823354e+03 1.208454522634854200e+00
4.334642088314818466e+03 1.204098067388600590e+00
4.335143666894812668e+03 1.196097023874015397e+00
4.335645245474807780e+03 1.183986045888980154e+00
4.336146824054802892e+03 1.168508466779907051e+00
4.336648402634798003e+03 1.150800796179457297e+00
4.337149981214792206e+03 1.131137185929636413e+00
4.337651559794787318e+03 1.110093767944913878e+00
4.338153138374782429e+03 1.088886513567173253e+00
4.338654716954777541e+03 1.068027058780183669e+00
4.339156295534771743e+03 1.046597422312272041e+00
4.339657874114766855e+03 1.022345962822995613e+00
4.340159452694761967e+03 9.943310120150559150e-01
4.340661031274756169e+03 9.674687287941615699e-01
4.341162609854751281e+03 9.501078877279216517e-01
4.341664188434746393e+03 9.456498411601577114e-01
4.342165767014741505e+03 9.537209589110292596e-01
4.342667345594735707e+03 9.739203844792038156e-01
4.343168924174730819e+03 1.000758582096249460e+00
4.343670502754725931e+03 1.025832790212136469e+00
4.344172081334721042e+03 1.045206921818779833e+00
4.344673659914715245e+03 1.059779803014183397e+00
4.345175238494710356e+03 1.072197099114077012e+00
4.345676817074705468e+03 1.084389731026635939e+00
4.346178395654699671e+03 1.096861077218314939e+00
4.346679974234694782e+03 1.109231851724605367e+00
4.347181552814689894e+03 1.120803020572216591e+00
4.347683131394685006e+03 1.130864923209066841e+00
4.348184709974679208e+03 1.138920000823216538e+00
4.348686288554674320e+03 1.144712509029371938e+00
4.349187867134669432e+03 1.148124159398668631e+00
4.349689445714664544e+03 1.149202543191714998e+00
4.350191024294658746e+03 1.148181259834667678e+00
4.350692602874653858e+03 1.145494564326782427e+00
4.351194181454648970e+03 1.141796450301273858e+00
4.351695760034643172e+03 1.137895710148991713e+00
4.352197338614638284e+03 1.134670238657303099e+00
4.352698917194633395e+03 1.133163149579067497e+00
4.353200495774628507e+03 1.134259351620288347e+00
4.353702074354622710e+03 1.138351256132038136e+00
4.354203652934617821e+03 1.145511330788151927e+00
4.354705231514612933e+03 1.155550836331787234e+00
4.355206810094608045e+03 1.167954335660377208e+00
4.355708388674602247e+03 1.182026305272751099e+00
4.356209967254597359e+03 1.197051550358088967e+00
4.356711545834592471e+03 1.212241801066297864e+00
4.357213124414587583e+03 1.226787947968164039e+00
4.357714702994581785e+03 1.240380845442635049e+00
4.358216281574576897e+03 1.253223221508740437e+00
4.358717860154572008e+03 1.264923380666604036e+00
4.359219438734566211e+03 1.274732588090760288e+00
4.359721017314561323e+03 1.283065175902451838e+00
4.360222595894556434e+03 1.291086199279216196e+00
4.360724174474551546e+03 1.299425916100872769e+00
4.361225753054545748e+03 1.308294430932867236e+00
4.361727331634540860e+03 1.317820060510374480e+00
4.362228910214535972e+03 1.327962901153456610e+00
4.362730488794531084e+03 1.338517351693322865e+00
4.363232067374525286e+03 1.349134128327901250e+00
4.363733645954520398e+03 1.359334767923735310e+00
4.364235224534515510e+03 1.368563459641292557e+00
4.364736803114509712e+03 1.376253984143901210e+00
4.365238381694504824e+03 1.381866179140929241e+00
4.365739960274499936e+03 1.384879306524905873e+00
4.366241538854495047e+03 1.384934450640097126e+00
4.366743117434489250e+03 1.381980926725479897e+00
4.367244696014484362e+03 1.376250177458627544e+00
4.367746274594479473e+03 1.368266846841242224e+00
4.368247853174474585e+03 1.358751175096414965e+00
4.368749431754468787e+03 1.348411362937136815e+00
4.369251010334463899e+03 1.337892015616735542e+00
4.369752588914459011e+03 1.327763822731075516e+00
4.370254167494454123e+03 1.318370308378991052e+00
4.370755746074448325e+03 1.309652659534926045e+00
4.371257324654443437e+03 1.301219803525859753e+00
4.371758903234438549e+03 1.292932786986737081e+00
4.372260481814432751e+03 1.285020921297691077e+00
4.372762060394427863e+03 1.277430956961527642e+00
4.373263638974422975e+03 1.269878627412601269e+00
4.373765217554418086e+03 1.262364751911616345e+00
4.374266796134412289e+03 1.255221054205049924e+00
4.374768374714407400e+03 1.248880416777423230e+00
4.375269953294402512e+03 1.243804613202551312e+00
4.375771531874397624e+03 1.240380142147188280e+00
4.376273110454391826e+03 1.238791967487704593e+00
4.376774689034386938e+03 1.239081735880479318e+00
4.377276267614382050e+03 1.240986922333084275e+00
4.377777846194376252e+03 1.243731706444727081e+00
4.378279424774371364e+03 1.246431135427199965e+00
4.378781003354366476e+03 1.248245944488835857e+00
4.379282581934361588e+03 1.248264476878581108e+00
4.379784160514355790e+03 1.245654809353975434e+00
4.380285739094350902e+03 1.239770857942946503e+00
4.380787317674346014e+03 1.230251702889386234e+00
4.381288896254341125e+03 1.217038344712360498e+00
4.381790474834335328e+03 1.200358638031941982e+00
4.382292053414330439e+03 1.180927269740851493e+00
4.382793631994325551e+03 1.159890761795596914e+00
4.383295210574320663e+03 1.138622733195029380e+00
4.383796789154314865e+03 1.118661363668715047e+00
4.384298367734309977e+03 1.101574892055173116e+00
4.384799946314305089e+03 1.088731131234501381e+00
4.385301524894299291e+03 1.081037170460785291e+00
4.385803103474294403e+03 1.078734083140183042e+00
4.386304682054289515e+03 1.081439197395371643e+00
4.386806260634284627e+03 1.088321622793202437e+00
4.387307839214278829e+03 1.098258753101306162e+00
4.387809417794273941e+03 1.110052685618343693e+00
4.388310996374269052e+03 1.122640991999350968e+00
4.388812574954264164e+03 1.135199076720811107e+00
4.389314153534258367e+03 1.147183155435802959e+00
4.389815732114253478e+03 1.158424001089700450e+00
4.390317310694248590e+03 1.169013144596182885e+00
4.390818889274242792e+03 1.179075138680364621e+00
4.391320467854237904e+03 1.188667494568162120e+00
4.391822046434233016e+03 1.197821534459131865e+00
4.392323625014228128e+03 1.206696335003823339e+00
4.392825203594222330e+03 1.215343672488620630e+00
4.393326782174217442e+03 1.223416474026276068e+00
4.393828360754212554e+03 1.230589020738854789e+00
4.394329939334207666e+03 1.236941206936876592e+00
4.394831517914201868e+03 1.242699572894279569e+00
4.395333096494196980e+03 1.248042776049215430e+00
4.395834675074192091e+03 1.253125345967336157e+00
4.396336253654187203e+03 1.258024411401723830e+00
4.396837832234181406e+03 1.262752563918634330e+00
4.397339410814176517e+03 1.267224220182417538e+00
4.397840989394171629e+03 1.271069452565335656e+00
4.398342567974165831e+03 1.273790212168518510e+00
4.398844146554160943e+03 1.275129094977992317e+00
4.399345725134156055e+03 1.275083974074163962e+00
4.399847303714151167e+03 1.273834675797285598e+00
4.400348882294145369e+03 1.271720715520502143e+00
4.400850460874140481e+03 1.269098618954262347e+00
4.401352039454135593e+03 1.266265106047145927e+00
4.401853618034130704e+03 1.263355769068327472e+00
4.402355196614124907e+03 1.260319851020879955e+00
4.402856775194120019e+03 1.256988280926911727e+00
4.403358353774115130e+03 1.253163280045537453e+00
4.403859932354109333e+03 1.248793186223234652e+00
4.404361510934104444e+03 1.244081521255060441e+00
4.404863089514099556e+03 1.239483659868044096e+00
4.405364668094094668e+03 1.235626136576580159e+00
4.405866246674088870e+03 1.233165714395384027e+00
4.406367825254083982e+03 1.232587964758764532e+00
4.406869403834079094e+03 1.234119821248297999e+00
4.407370982414074206e+03 1.237767471870996561e+00
4.407872560994068408e+03 1.243319881863386822e+00
4.408374139574063520e+03 1.250467417943842197e+00
4.408875718154058632e+03 1.258898540288396539e+00
4.409377296734053743e+03 1.268259173773243820e+00
4.409878875314047946e+03 1.278157681520381672e+00
4.410380453894043058e+03 1.288196711144901752e+00
4.410882032474038169e+03 1.297908416375042062e+00
4.411383611054032372e+03 1.306705714823493292e+00
4.411885189634027483e+03 1.313984457296311081e+00
4.412386768214022595e+03 1.319218051813525694e+00
4.412888346794017707e+03 1.322001068793553724e+00
4.413389925374011909e+03 1.322140197088517155e+00
4.413891503954007021e+03 1.319762568555858939e+00
4.414393082534002133e+03 1.315344742412889900e+00
4.414894661113997245e+03 1.309643668091620139e+00
4.415396239693991447e+03 1.303575388390537881e+00
4.415897818273986559e+03 1.298069916667639045e+00
4.416399396853981671e+03 1.293978264764958919e+00
4.416900975433975873e+03 1.291985970411724027e+00
4.417402554013970985e+03 1.292365212427615928e+00
4.417904132593966096e+03 1.294985772860599571e+00
4.418405711173961208e+03 1.299480990274612502e+00
4.418907289753955411e+03 1.305257246452000253e+00
4.419408868333950522e+03 1.311601819856082152e+00
4.419910446913945634e+03 1.317876835224458976e+00
4.420412025493940746e+03 1.323562789968720121e+00
4.420913604073934948e+03 1.328205757220969119e+00
4.421415182653930060e+03 1.331521154901791792e+00
4.421916761233925172e+03 1.333531623632756347e+00
4.422418339813920284e+03 1.334450017648005637e+00
4.422919918393914486e+03 1.334546289100895233e+00
4.423421496973909598e+03 1.334151820371933805e+00
4.423923075553904710e+03 1.333585053944447374e+00
4.424424654133898912e+03 1.333082550137602240e+00
4.424926232713894024e+03 1.332788676336841949e+00
4.425427811293889135e+03 1.332759571099692675e+00
4.425929389873884247e+03 1.332969693613011541e+00
4.426430968453878450e+03 1.333313089575419053e+00
4.426932547033873561e+03 1.333652265408481696e+00
4.427434125613868673e+03 1.333825012788184106e+00
4.427935704193863785e+03 1.333643045293347429e+00
4.428437282773857987e+03 1.332936947162033814e+00
4.428938861353853099e+03 1.331570997356427144e+00
4.429440439933848211e+03 1.329492651802075986e+00
4.429942018513842413e+03 1.326770821194155570e+00
4.430443597093837525e+03 1.323571579471491066e+00
4.430945175673832637e+03 1.320180620513809133e+00
4.431446754253827748e+03 1.316868584111245966e+00
4.431948332833821951e+03 1.313779853994113456e+00
4.432449911413817063e+03 1.311001283429254149e+00
4.432951489993812174e+03 1.308574316607552301e+00
4.433453068573807286e+03 1.306457395903963814e+00
4.433954647153801488e+03 1.304636825192009741e+00
4.434456225733796600e+03 1.303232598382048302e+00
4.434957804313791712e+03 1.302518564697634051e+00
4.435459382893786824e+03 1.302864396131782287e+00
4.435960961473781026e+03 1.304609658356178814e+00
4.436462540053776138e+03 1.308031420661239785e+00
4.436964118633771250e+03 1.313260646502581785e+00
4.437465697213765452e+03 1.319976234456010644e+00
4.437967275793760564e+03 1.327449852658425300e+00
4.438468854373755676e+03 1.335052159266330030e+00
4.438970432953750787e+03 1.342239983612371290e+00
4.439472011533744990e+03 1.348237581522196304e+00
4.439973590113740102e+03 1.352294481106219415e+00
4.440475168693735213e+03 1.354024085643485087e+00
4.440976747273730325e+03 1.353533415275054219e+00
4.441478325853724527e+03 1.351321197080910252e+00
4.441979904433719639e+03 1.348135164618681436e+00
4.442481483013714751e+03 1.344957300377615406e+00
4.442983061593708953e+03 1.342842736968836270e+00
4.443484640173704065e+03 1.342620050829206102e+00
4.443986218753699177e+03 1.344731027639276100e+00
4.444487797333694289e+03 1.349211663252555260e+00
4.444989375913688491e+03 1.355755877140411458e+00
4.445490954493683603e+03 1.363765149027293511e+00
4.445992533073678715e+03 1.372381750389156441e+00
4.446494111653673826e+03 1.380595803289228041e+00
4.446995690233668029e+03 1.387542766097360047e+00
4.447497268813663140e+03 1.392731658306276543e+00
4.447998847393658252e+03 1.395901586381449233e+00
4.448500425973653364e+03 1.396954409323944102e+00
4.449002004553647566e+03 1.395978735305338780e+00
4.449503583133642678e+03 1.393120537579533469e+00
4.450005161713637790e+03 1.388571761982074326e+00
4.450506740293631992e+03 1.382589081879868065e+00
4.451008318873627104e+03 1.375359285583562574e+00
4.451509897453622216e+03 1.366981575990759090e+00
4.452011476033617328e+03 1.357591388172469715e+00
4.452513054613611530e+03 1.347291674113336057e+00
4.453014633193606642e+03 1.336152627120891667e+00
4.453516211773601754e+03 1.324288740925305019e+00
4.454017790353596865e+03 1.311946459871493387e+00
4.454519368933591068e+03 1.299509995826372277e+00
4.455020947513586179e+03 1.287386288393773892e+00
4.455522526093581291e+03 1.275910013633793305e+00
4.456024104673575494e+03 1.265389171937591151e+00
4.456525683253570605e+03 1.256207617024550194e+00
4.457027261833565717e+03 1.248713296955561214e+00
4.457528840413560829e+03 1.242945076892261635e+00
4.458030418993555031e+03 1.238665157461469768e+00
4.458531997573550143e+03 1.235587151743238410e+00
4.459033576153545255e+03 1.233533654677844815e+00
4.459535154733540367e+03 1.232441912694713260e+00
4.460036733313534569e+03 1.232344057340224897e+00
4.460538311893529681e+03 1.233394204822214402e+00
4.461039890473524792e+03 1.235787250759423639e+00
4.461541469053519904e+03 1.239701357400397885e+00
4.462043047633514107e+03 1.245265208678888680e+00
4.462544626213509218e+03 1.252478869368512271e+00
4.463046204793504330e+03 1.261169654492625636e+00
4.463547783373498532e+03 1.270966724997321995e+00
4.464049361953493644e+03 1.281349489181943024e+00
4.464550940533488756e+03 1.291728398423900970e+00
4.465052519113483868e+03 1.301564940543942672e+00
4.465554097693478070e+03 1.310483496796682967e+00
4.466055676273473182e+03 1.318268282517730317e+00
4.466557254853468294e+03 1.324860564158397480e+00
4.467058833433463406e+03 1.330355515898528962e+00
4.467560412013457608e+03 1.334947048581001994e+00
4.468061990593452720e+03 1.338853994294874949e+00
4.468563569173447831e+03 1.342357179574291237e+00
4.469065147753442034e+03 1.345867124787663016e+00
4.469566726333437146e+03 1.349879446429246066e+00
4.470068304913432257e+03 1.354753462620108539e+00
4.470569883493427369e+03 1.360529680789780205e+00
4.471071462073421571e+03 1.367173517721637310e+00
4.471573040653416683e+03 1.375048581318236263e+00
4.472074619233411795e+03 1.384784597272554318e+00
4.472576197813406907e+03 1.396448163265874953e+00
4.473077776393401109e+03 1.409471595135564748e+00
4.473579354973396221e+03 1.423337859536840444e+00
4.474080933553391333e+03 1.437322195515171819e+00
4.474582512133386444e+03 1.450212273104101612e+00
4.475084090713380647e+03 1.461072099529573620e+00
4.475585669293375759e+03 1.469775147482351496e+00
4.476087247873370870e+03 1.476609453601710253e+00
4.476588826453365073e+03 1.481845638942282051e+00
4.477090405033360184e+03 1.485613843276963220e+00
4.477591983613355296e+03 1.487848363027526988e+00
4.478093562193350408e+03 1.488302934684623491e+00
4.478595140773344610e+03 1.486641902540629001e+00
4.479096719353339722e+03 1.482633304277940711e+00
4.479598297933334834e+03 1.476320068508171213e+00
4.480099876513329946e+03 1.468113466752161589e+00
4.480601455093324148e+03 1.458766855709231036e+00
4.481103033673319260e+03 1.449265640496854690e+00
4.481604612253314372e+03 1.440674215273798131e+00
4.482106190833308574e+03 1.433927803974087478e+00
4.482607769413303686e+03 1.429665414587678374e+00
4.483109347993298798e+03 1.428151329732778141e+00
4.483610926573293909e+03 1.429253047739734050e+00
4.484112505153288112e+03 1.432445763046220177e+00
4.484614083733283223e+03 1.436943074940020937e+00
4.485115662313278335e+03 1.441873041528286548e+00
4.485617240893273447e+03 1.446361440365734330e+00
4.486118819473267649e+03 1.449642492056976817e+00
4.486620398053262761e+03 1.451203344666127881e+00
4.487121976633257873e+03 1.450796507191245421e+00
4.487623555213252985e+03 1.448439509292512639e+00
4.488125133793247187e+03 1.444429206301539370e+00
4.488626712373242299e+03 1.439322633275048835e+00
4.489128290953237411e+03 1.433882792747103174e+00
4.489629869533231613e+03 1.428916784766061099e+00
4.490131448113226725e+03 1.425099286862929304e+00
4.490633026693221836e+03 1.422750511553635189e+00
4.491134605273216948e+03 1.421855825899652981e+00
4.491636183853211151e+03 1.422216381042071820e+00
4.492137762433206262e+03 1.423479666536857868e+00
4.492639341013201374e+03 1.425142820728019011e+00
4.493140919593196486e+03 1.426684578467382281e+00
4.493642498173190688e+03 1.427735130742245673e+00
4.494144076753185800e+03 1.428148914948390580e+00
4.494645655333180912e+03 1.428057373380531070e+00
4.495147233913175114e+03 1.427882594041842035e+00
4.495648812493170226e+03 1.428229721921302264e+00
4.496150391073165338e+03 1.429717861208426921e+00
4.496651969653160450e+03 1.432902864112474361e+00
4.497153548233154652e+03 1.438158831809484450e+00
4.497655126813149764e+03 1.445546106713305079e+00
4.498156705393144875e+03 1.454888265849993978e+00
4.498658283973139987e+03 1.465896431961602797e+00
4.499159862553134190e+03 1.478210001192480583e+00
4.499661441133129301e+03 1.491385850067679542e+00
4.500163019713124413e+03 1.504950226030268290e+00
4.500664598293119525e+03 1.518586861637213570e+00
4.501166176873113727e+03 1.532126695925425608e+00
4.501667755453108839e+03 1.545459362398203584e+00
4.502169334033103951e+03 1.558623105514444163e+00
4.502670912613098153e+03 1.571618050127506994e+00
4.503172491193093265e+03 1.584202146396408217e+00
4.503674069773088377e+03 1.596068202024570226e+00
4.504175648353083488e+03 1.606790892014485994e+00
4.504677226933077691e+03 1.615851849748344282e+00
4.505178805513072803e+03 1.622885411098585529e+00
4.505680384093067914e+03 1.627677959384119077e+00
4.506181962673063026e+03 1.630164998244626018e+00
4.506683541253057228e+03 1.630526420402687915e+00
4.507185119833052340e+03 1.629052477717098935e+00
4.507686698413047452e+03 1.626057399345821164e+00
4.508188276993041654e+03 1.621856072951545880e+00
4.508689855573036766e+03 1.616689020026652601e+00
4.509191434153031878e+03 1.610767843118728671e+00
4.509693012733026990e+03 1.604320405904274160e+00
4.510194591313021192e+03 1.597571228377942631e+00
4.510696169893016304e+03 1.590716166562532674e+00
4.511197748473011416e+03 1.583945985206850704e+00
4.511699327053006527e+03 1.577459901150210619e+00
4.512200905633000730e+03 1.571445585745466333e+00
4.512702484212995842e+03 1.566046872082930363e+00
4.513204062792990953e+03 1.561345145399629208e+00
4.513705641372986065e+03 1.557370924200577988e+00
4.514207219952980267e+03 1.554062666005860738e+00
4.514708798532975379e+03 1.551302443057986480e+00
4.515210377112970491e+03 1.548985968488945986e+00
4.515711955692964693e+03 1.547020403393742916e+00
4.516213534272959805e+03 1.545339913329976334e+00
4.516715112852954917e+03 1.543913976047203374e+00
4.517216691432950029e+03 1.542747114523925100e+00
4.517718270012944231e+03 1.541889804344648729e+00
4.518219848592939343e+03 1.541425063375891691e+00
4.518721427172934455e+03 1.541408343274357051e+00
4.519223005752929566e+03 1.541799363799488454e+00
4.519724584332923769e+03 1.542393847095879567e+00
4.520226162912918880e+03 1.542831471573139712e+00
4.520727741492913992e+03 1.542664335033604450e+00
4.521229320072908195e+03 1.541370618227305478e+00
4.521730898652903306e+03 1.538432908237408636e+00
4.522232477232898418e+03 1.533422037371403146e+00
4.522734055812893530e+03 1.526061732458258380e+00
4.523235634392887732e+03 1.516300918036627365e+00
4.523737212972882844e+03 1.504297597668594832e+00
4.524238791552877956e+03 1.490288008280857390e+00
4.524740370132873068e+03 1.474615719403828962e+00
4.525241948712867270e+03 1.457678079470360766e+00
4.525743527292862382e+03 1.439898940501302516e+00
4.526245105872857494e+03 1.421786322828309856e+00
4.526746684452852605e+03 1.403921170644196081e+00
4.527248263032846808e+03 1.386913101013765859e+00
4.527749841612841919e+03 1.371374024829973060e+00
4.528251420192837031e+03 1.357888892121314584e+00
4.528752998772831234e+03 1.346923157195602183e+00
4.529254577352826345e+03 1.338764834977645979e+00
4.529756155932821457e+03 1.333492580818596895e+00
4.530257734512816569e+03 1.330966403059595349e+00
4.530759313092810771e+03 1.330803443683771903e+00
4.531260891672805883e+03 1.332481706979801395e+00
4.531762470252800995e+03 1.335452063225242902e+00
4.532264048832796107e+03 1.339161556201843961e+00
4.532765627412790309e+03 1.343156438151411614e+00
4.533267205992785421e+03 1.347213097230518297e+00
4.533768784572780532e+03 1.351366808326036395e+00
4.534270363152774735e+03 1.355877547947472284e+00
4.534771941732769847e+03 1.361172397651267962e+00
4.535273520312764958e+03 1.367749773596973695e+00
4.535775098892760070e+03 1.376084230978665390e+00
4.536276677472754272e+03 1.386474535955441567e+00
4.536778256052749384e+03 1.398842516136246772e+00
4.537279834632744496e+03 1.412617433464883110e+00
4.537781413212739608e+03 1.426827045423907592e+00
4.538282991792733810e+03 1.440405024367559683e+00
4.538784570372728922e+03 1.452335358931303277e+00
4.539286148952724034e+03 1.461837041036051055e+00
4.539787727532719146e+03 1.468675588034483281e+00
4.540289306112713348e+03 1.472760988664081339e+00
4.540790884692708460e+03 1.474073170864928173e+00
4.541292463272703571e+03 1.473063965389518781e+00
4.541794041852697774e+03 1.470479037614516482e+00
4.542295620432692886e+03 1.467067189769663882e+00
4.542797199012687997e+03 1.463401150577076981e+00
4.543298777592683109e+03 1.459557622601099336e+00
4.543800356172677311e+03 1.455201937049278804e+00
4.544301934752672423e+03 1.450423190231563630e+00
4.544803513332667535e+03 1.445771452422076830e+00
4.545305091912662647e+03 1.441518844179203507e+00
4.545806670492656849e+03 1.437764375991847032e+00
4.546308249072651961e+03 1.434763301474587527e+00
4.546809827652647073e+03 1.432783186784397866e+00
4.547311406232641275e+03 1.431988919733956811e+00
4.547812984812636387e+03 1.432418100626223101e+00
4.548314563392631499e+03 1.434017521425326791e+00
4.548816141972626610e+03 1.436778178377645432e+00
4.549317720552620813e+03 1.440584341601866214e+00
4.549819299132615924e+03 1.445029121344409528e+00
4.550320877712611036e+03 1.449829901585608205e+00
4.550822456292606148e+03 1.454923315157732322e+00
4.551324034872600350e+03 1.459966947512665314e+00
4.551825613452595462e+03 1.464439365128862525e+00
4.552327192032590574e+03 1.468019766620813904e+00
4.552828770612584776e+03 1.470559383109899532e+00
4.553330349192579888e+03 1.472036143881084058e+00
4.553831927772575000e+03 1.472642318792348526e+00
4.554333506352570112e+03 1.472751235443107598e+00
4.554835084932564314e+03 1.472896258334345010e+00
4.555336663512559426e+03 1.473666767461978333e+00
4.555838242092554538e+03 1.475567571240520959e+00
4.556339820672549649e+03 1.478966409551062400e+00
4.556841399252543852e+03 1.484025630719263411e+00
4.557342977832538963e+03 1.490620012151670615e+00
4.557844556412534075e+03 1.498437748583427265e+00
4.558346134992529187e+03 1.507026773987242940e+00
4.558847713572523389e+03 1.515810516370540650e+00
4.559349292152518501e+03 1.524195027236446176e+00
4.559850870732513613e+03 1.531702545855046838e+00
4.560352449312507815e+03 1.538058674624150246e+00
4.560854027892502927e+03 1.543140818502694689e+00
4.561355606472498039e+03 1.546860221598183482e+00
4.561857185052493151e+03 1.549189247184761697e+00
4.562358763632487353e+03 1.550186078639167020e+00
4.562860342212482465e+03 1.549876430057913090e+00
4.563361920792477576e+03 1.548295753465201985e+00
4.563863499372472688e+03 1.545737289839011375e+00
4.564365077952466891e+03 1.542891094729896162e+00
4.564866656532462002e+03 1.540386090897663873e+00
4.565368235112457114e+03 1.538474785565489000e+00
4.565869813692451316e+03 1.537432690646182598e+00
4.566371392272446428e+03 1.537570929247791707e+00
4.566872970852441540e+03 1.538964505003796113e+00
4.567374549432436652e+03 1.541375260244580492e+00
4.567876128012430854e+03 1.544338923006389308e+00
4.568377706592425966e+03 1.547445816555147680e+00
4.568879285172421078e+03 1.550280588612888977e+00
4.569380863752416190e+03 1.552226138327300164e+00
4.569882442332410392e+03 1.552857519868665825e+00
4.570384020912405504e+03 1.552218528550880716e+00
4.570885599492400615e+03 1.550656231764882209e+00
4.571387178072395727e+03 1.548619641736642905e+00
4.571888756652389930e+03 1.546637748740833374e+00
4.572390335232385041e+03 1.545252295522999919e+00
4.572891913812380153e+03 1.544852330341698110e+00
4.573393492392374355e+03 1.545595276926757577e+00
4.573895070972369467e+03 1.547333372315706113e+00
4.574396649552364579e+03 1.549623948902834947e+00
4.574898228132359691e+03 1.551834586030172103e+00
4.575399806712353893e+03 1.553282608940862897e+00
4.575901385292349005e+03 1.553357492203974122e+00
4.576402963872344117e+03 1.551621125099216458e+00
4.576904542452339228e+03 1.547907751053396730e+00
4.577406121032333431e+03 1.542177455855160639e+00
4.577907699612328543e+03 1.534465574016014910e+00
4.578409278192323654e+03 1.525013679198981453e+00
4.578910856772317857e+03 1.514224699340994906e+00
4.579412435352312968e+03 1.502661538844460409e+00
4.579914013932308080e+03 1.490825124068636320e+00
4.580415592512303192e+03 1.478684507819818528e+00
4.580917171092297394e+03 1.466380001404669065e+00
4.581418749672292506e+03 1.455163241326530299e+00
4.581920328252287618e+03 1.446026730924354631e+00
4.582421906832282730e+03 1.438751894574453516e+00
4.582923485412276932e+03 1.433019758145177791e+00
4.583425063992272044e+03 1.428928158079525890e+00
4.583926642572267156e+03 1.426636629867052974e+00
4.584428221152262267e+03 1.426186781831142003e+00
4.584929799732256470e+03 1.427627675678710961e+00
4.585431378312251582e+03 1.431072594014927812e+00
4.585932956892246693e+03 1.436581187440224783e+00
4.586434535472240896e+03 1.444059575003734164e+00
4.586936114052236007e+03 1.453235483736932565e+00
4.587437692632231119e+03 1.463569874514309532e+00
4.587939271212226231e+03 1.474676011596395941e+00
4.588440849792220433e+03 1.486823656192166609e+00
4.588942428372215545e+03 1.499268471579609630e+00
4.589444006952210657e+03 1.509691059227537213e+00
4.589945585532205769e+03 1.516925095046310679e+00
4.590447164112199971e+03 1.521317674751399007e+00
4.590948742692195083e+03 1.523068627575490108e+00
4.591450321272190195e+03 1.522156182383766820e+00
4.591951899852184397e+03 1.518780508562241005e+00
4.592453478432179509e+03 1.513376394991647444e+00
4.592955057012174620e+03 1.506467383520904590e+00
4.593456635592169732e+03 1.498578524476734897e+00
4.593958214172163935e+03 1.490203826652921837e+00
4.594459792752159046e+03 1.481815799052012661e+00
4.594961371332154158e+03 1.473820996475810663e+00
4.595462949912149270e+03 1.466526816376038322e+00
4.595964528492143472e+03 1.460183198204576760e+00
4.596466107072138584e+03 1.454892548165632071e+00
4.596967685652133696e+03 1.450815614651189467e+00
4.597469264232128808e+03 1.448389320905188793e+00
4.597970842812123010e+03 1.447797492520833451e+00
4.598472421392118122e+03 1.448750755629756970e+00
4.598973999972113234e+03 1.450906531526142684e+00
4.599475578552107436e+03 1.454058940021869972e+00
4.599977157132102548e+03 1.457972667949742229e+00
4.600478735712097659e+03 1.462387393364229071e+00
4.600980314292092771e+03 1.467119730706627490e+00
4.601481892872086974e+03 1.472165376840747442e+00
4.601983471452082085e+03 1.477580395524203949e+00
4.602485050032077197e+03 1.483293410068863505e+00
4.602986628612072309e+03 1.489131965559306048e+00
4.603488207192066511e+03 1.495325068268771318e+00
4.603989785772061623e+03 1.502562659468508421e+00
4.604491364352056735e+03 1.510717988281441437e+00
4.604992942932050937e+03 1.518776609317097126e+00
4.605494521512046049e+03 1.526627362148532230e+00
4.605996100092041161e+03 1.535157171895527028e+00
4.606497678672036272e+03 1.544794505530751927e+00
4.606999257252030475e+03 1.555278781246291153e+00
4.607500835832025587e+03 1.566196090936648133e+00
4.608002414412020698e+03 1.577132819157705423e+00
4.608503992992015810e+03 1.587498866644226014e+00
4.609005571572010012e+03 1.596571080970882406e+00
4.609507150152005124e+03 1.603711237547779778e+00
4.610008728732000236e+03 1.608448199762774866e+00
4.610510307311995348e+03 1.610500156609382838e+00
4.611011885891989550e+03 1.609840099689784365e+00
4.611513464471984662e+03 1.606776821238278252e+00
4.612015043051979774e+03 1.601885965469396655e+00
4.612516621631973976e+03 1.595887329594887216e+00
4.613018200211969088e+03 1.589529669853592342e+00
4.613519778791964200e+03 1.583460039673073805e+00
4.614021357371959311e+03 1.578172686364331057e+00
4.614522935951953514e+03 1.573848197815977290e+00
4.615024514531948626e+03 1.570231525896421454e+00
4.615526093111943737e+03 1.567100791596014009e+00
4.616027671691938849e+03 1.564436175713561195e+00
4.616529250271933051e+03 1.562011273118767862e+00
4.617030828851928163e+03 1.559458603763848927e+00
4.617532407431923275e+03 1.556601702855437086e+00
4.618033986011917477e+03 1.553473503745794737e+00
4.618535564591912589e+03 1.550226568306959596e+00
4.619037143171907701e+03 1.547131065622737278e+00
4.619538721751902813e+03 1.544587078802825753e+00
4.620040300331897015e+03 1.542973843391501010e+00
4.620541878911892127e+03 1.542470241323599556e+00
4.621043457491887239e+03 1.543148065426507287e+00
4.621545036071882350e+03 1.545097443662419634e+00
4.622046614651876553e+03 1.548307412062064348e+00
4.622548193231871664e+03 1.552278240948021359e+00
4.623049771811866776e+03 1.556254680423310388e+00
4.623551350391861888e+03 1.559965194720379422e+00
4.624052928971856090e+03 1.563366834483995271e+00
4.624554507551851202e+03 1.566208754974330208e+00
4.625056086131846314e+03 1.568213656221068675e+00
4.625557664711840516e+03 1.569208726464073722e+00
4.626059243291835628e+03 1.569143917244803621e+00
4.626560821871830740e+03 1.568175436224175989e+00
4.627062400451825852e+03 1.566575219882792691e+00
4.627563979031820054e+03 1.564618344095636715e+00
4.628065557611815166e+03 1.562553967164220570e+00
4.628567136191810278e+03 1.560582560444689904e+00
4.629068714771805389e+03 1.558864242747391993e+00
4.629570293351799592e+03 1.557489868543357581e+00
4.630071871931794703e+03 1.556478582477708095e+00
4.630573450511789815e+03 1.555785114723834850e+00
4.631075029091784018e+03 1.555300388476821727e+00
4.631576607671779129e+03 1.554851352934130571e+00
4.632078186251774241e+03 1.554195679564347010e+00
4.632579764831769353e+03 1.553073759614781446e+00
4.633081343411763555e+03 1.551255680686769667e+00
4.633582921991758667e+03 1.548592785363875013e+00
4.634084500571753779e+03 1.545070746923144833e+00
4.634586079151748891e+03 1.540759779499776938e+00
4.635087657731743093e+03 1.535776473950540177e+00
4.635589236311738205e+03 1.530216278565987409e+00
4.636090814891733316e+03 1.524010244835577454e+00
4.636592393471728428e+03 1.517432467571060428e+00
4.637093972051722631e+03 1.511378405321172291e+00
4.637595550631717742e+03 1.506483233775816277e+00
4.638097129211712854e+03 1.502969790149444318e+00
4.638598707791707056e+03 1.501175518830025313e+00
4.639100286371702168e+03 1.501512286562644682e+00
4.639601864951697280e+03 1.504234287580268781e+00
4.640103443531692392e+03 1.509309388329392432e+00
4.640605022111686594e+03 1.516359640190010794e+00
4.641106600691681706e+03 1.524661566785959321e+00
4.641608179271676818e+03 1.533551170899776439e+00
4.642109757851671930e+03 1.542744770654756348e+00
4.642611336431666132e+03 1.551335192855633593e+00
4.643112915011661244e+03 1.557674998110551101e+00
4.643614493591656355e+03 1.560932403411516844e+00
4.644116072171650558e+03 1.561254168199652792e+00
4.644617650751645670e+03 1.558858774491361787e+00
4.645119229331640781e+03 1.553929549511781527e+00
4.645620807911635893e+03 1.546886210108586512e+00
4.646122386491630095e+03 1.538337519888892890e+00
4.646623965071625207e+03 1.528958067809338850e+00
4.647125543651620319e+03 1.519487810859929677e+00
4.647627122231615431e+03 1.510628360093974054e+00
4.648128700811609633e+03 1.502952543852657863e+00
4.648630279391604745e+03 1.496915147371252530e+00
4.649131857971599857e+03 1.492904931122972734e+00
4.649633436551594968e+03 1.491197178598081541e+00
4.650135015131589171e+03 1.491878663990076515e+00
4.650636593711584283e+03 1.494881565775489918e+00
4.651138172291579394e+03 1.500042459079506507e+00
4.651639750871573597e+03 1.507038659116688439e+00
4.652141329451568708e+03 1.515356658119623834e+00
4.652642908031563820e+03 1.524413791742239788e+00
4.653144486611558932e+03 1.533624567749867662e+00
4.653646065191553134e+03 1.542496821529999007e+00
4.654147643771548246e+03 1.550666474068361556e+00
4.654649222351543358e+03 1.557947021064560289e+00
4.655150800931538470e+03 1.564408950885395999e+00
4.655652379511532672e+03 1.570330361535960062e+00
4.656153958091527784e+03 1.576039925631804284e+00
4.656655536671522896e+03 1.581897319845912087e+00
4.657157115251517098e+03 1.588225363808578816e+00
4.657658693831512210e+03 1.595158179658537900e+00
4.658160272411507322e+03 1.602547812268668270e+00
4.658661850991502433e+03 1.609950792761100757e+00
4.659163429571496636e+03 1.616822747809610217e+00
4.659665008151491747e+03 1.622630276114925163e+00
4.660166586731486859e+03 1.626581044705385004e+00
4.660668165311481971e+03 1.627846572810837333e+00
4.661169743891476173e+03 1.626145540472564655e+00
4.661671322471471285e+03 1.621526446381504449e+00
4.662172901051466397e+03 1.614158290923263017e+00
4.662674479631461509e+03 1.604493842478786014e+00
4.663176058211455711e+03 1.593156887989449100e+00
4.663677636791450823e+03 1.580787715484075040e+00
4.664179215371445935e+03 1.567957282708980493e+00
4.664680793951440137e+03 1.554720765006193162e+00
4.665182372531435249e+03 1.540701743378496413e+00
4.665683951111430360e+03 1.526384356855467361e+00
4.666185529691425472e+03 1.513155603168273799e+00
4.666687108271419675e+03 1.501584298461177802e+00
4.667188686851414786e+03 1.491471839183300396e+00
4.667690265431409898e+03 1.483208554886443542e+00
4.668191844011405010e+03 1.477600520171396870e+00
4.668693422591399212e+03 1.475247752213268981e+00
4.669195001171394324e+03 1.476467468616101009e+00
4.669696579751389436e+03 1.481226094187716669e+00
4.670198158331383638e+03 1.489121226111850271e+00
4.670699736911378750e+03 1.499497867848356147e+00
4.671201315491373862e+03 1.511471019527187654e+00
4.671702894071368974e+03 1.524030651901805200e+00
4.672204472651363176e+03 1.536258255922983151e+00
4.672706051231358288e+03 1.547402642139959150e+00
4.673207629811353399e+03 1.556972584226056888e+00
4.673709208391348511e+03 1.564776761736332400e+00
4.674210786971342714e+03 1.570860254509591325e+00
4.674712365551337825e+03 1.575421252337546596e+00
4.675213944131332937e+03 1.578731411430760900e+00
4.675715522711328049e+03 1.581034432517314237e+00
4.676217101291322251e+03 1.582438490059923319e+00
4.676718679871317363e+03 1.582932216733616837e+00
4.677220258451312475e+03 1.582419802124547470e+00
4.677721837031306677e+03 1.580749837576385319e+00
4.678223415611301789e+03 1.577833291010232841e+00
4.678724994191296901e+03 1.573739302685254193e+00
4.679226572771292012e+03 1.568633676639942021e+00
4.679728151351286215e+03 1.562814864890027522e+00
4.680229729931281327e+03 1.556771344632270626e+00
4.680731308511276438e+03 1.551105269619689198e+00
4.681232887091271550e+03 1.546410104271014330e+00
4.681734465671265752e+03 1.543078077937221071e+00
4.682236044251260864e+03 1.541277949927745583e+00
4.682737622831255976e+03 1.541061692968602070e+00
4.683239201411250178e+03 1.542356364377704958e+00
4.683740779991245290e+03 1.544914024335819480e+00
4.684242358571240402e+03 1.548407155063219687e+00
4.684743937151235514e+03 1.552612663405371407e+00
4.685245515731229716e+03 1.557412156430939998e+00
4.685747094311224828e+03 1.562699740377356594e+00
4.686248672891219940e+03 1.568193768577267555e+00
4.686750251471215051e+03 1.573583813178077273e+00
4.687251830051209254e+03 1.578898389866931540e+00
4.687753408631204366e+03 1.584114342770043482e+00
4.688254987211199477e+03 1.588888709656890663e+00
4.688756565791194589e+03 1.593099886354919725e+00
4.689258144371188791e+03 1.596903683726020429e+00
4.689759722951183903e+03 1.600231270634850933e+00
4.690261301531179015e+03 1.602945113474644412e+00
4.690762880111173217e+03 1.605027854853591229e+00
4.691264458691168329e+03 1.606380403378811161e+00
4.691766037271163441e+03 1.606955790572275777e+00
4.692267615851158553e+03 1.606963293202231746e+00
4.692769194431152755e+03 1.606494182265957082e+00
4.693270773011147867e+03 1.605312954901683797e+00
4.693772351591142979e+03 1.603332001947940899e+00
4.694273930171138090e+03 1.600595939801237932e+00
4.694775508751132293e+03 1.597142163703087814e+00
4.695277087331127404e+03 1.592861740835899598e+00
4.695778665911122516e+03 1.587339947281815045e+00
4.696280244491116719e+03 1.580397566483064953e+00
4.696781823071111830e+03 1.572147155659429529e+00
4.697283401651106942e+03 1.562703171721829154e+00
4.697784980231102054e+03 1.552313401131401260e+00
4.698286558811096256e+03 1.541699879064618361e+00
4.698788137391091368e+03 1.531872168099465359e+00
4.699289715971086480e+03 1.527049999439025640e+00
4.699791294551081592e+03 1.533988473718076895e+00
4.700292873131075794e+03 1.544261437224985212e+00
4.700794451711070906e+03 1.539042910247825358e+00
4.701296030291066018e+03 1.521439540315622452e+00
4.701797608871061129e+03 1.506281702854903148e+00
4.702299187451055332e+03 1.500829338590704776e+00
4.702800766031050443e+03 1.501952635233712918e+00
4.703302344611045555e+03 1.505568322070311771e+00
4.703803923191039758e+03 1.510292565737376691e+00
4.704305501771034869e+03 1.515458545539116741e+00
4.704807080351029981e+03 1.520448421353707502e+00
4.705308658931025093e+03 1.524753979289569905e+00
4.705810237511019295e+03 1.528041932213667131e+00
4.706311816091014407e+03 1.529998323711018404e+00
4.706813394671009519e+03 1.530546168398404738e+00
4.707314973251004631e+03 1.529839465361227724e+00
4.707816551830998833e+03 1.528073254251806734e+00
4.708318130410993945e+03 1.525498718093678985e+00
4.708819708990989056e+03 1.522480649012456499e+00
4.709321287570983259e+03 1.519542943133666668e+00
4.709822866150978371e+03 1.517031769626300264e+00
4.710324444730973482e+03 1.515078869945589268e+00
4.710826023310968594e+03 1.513864809926100286e+00
4.711327601890962796e+03 1.513342230452948023e+00
4.711829180470957908e+03 1.513289659887921301e+00
4.712330759050953020e+03 1.514058582207712167e+00
4.712832337630948132e+03 1.516355557292388800e+00
4.713333916210942334e+03 1.523010977441455527e+00
4.713835494790937446e+03 1.531011196770827310e+00
4.714337073370932558e+03 1.516723001481688815e+00
4.714838651950927670e+03 1.489479333006118456e+00
4.715340230530921872e+03 1.498058989426960697e+00
4.715841809110916984e+03 1.529335616970215028e+00
4.716343387690912095e+03 1.550786161104956484e+00
4.716844966270906298e+03 1.564646375328023531e+00
4.717346544850901410e+03 1.577311654988015288e+00
4.717848123430896521e+03 1.589697619117623528e+00
4.718349702010891633e+03 1.601992008562895364e+00
4.718851280590885835e+03 1.614078590734844720e+00
4.719352859170880947e+03 1.625295702631622374e+00
4.719854437750876059e+03 1.634347967627566955e+00
4.720356016330871171e+03 1.640687341504694530e+00
4.720857594910865373e+03 1.644781531048077117e+00
4.721359173490860485e+03 1.647076568021201837e+00
4.721860752070855597e+03 1.647691500267678411e+00
4.722362330650849799e+03 1.646849888026451714e+00
4.722863909230844911e+03 1.644995218555911354e+00
4.723365487810840023e+03 1.642588426770015264e+00
4.723867066390835134e+03 1.639926049112189421e+00
4.724368644970829337e+03 1.636921929278562171e+00
4.724870223550824448e+03 1.633140076428172272e+00
4.725371802130819560e+03 1.628198868118938769e+00
4.725873380710814672e+03 1.621985876776994573e+00
4.726374959290808874e+03 1.614298363320781693e+00
4.726876537870803986e+03 1.604963124246278960e+00
4.727378116450799098e+03 1.594188052479362572e+00
4.727879695030794210e+03 1.582522879181262221e+00
4.728381273610788412e+03 1.570442048970642990e+00
4.728882852190783524e+03 1.558566686637915755e+00
4.729384430770778636e+03 1.549847667378106086e+00
4.729886009350772838e+03 1.544343476773324397e+00
4.730387587930767950e+03 1.535080883015903286e+00
4.730889166510763062e+03 1.523490732178562679e+00
4.731390745090758173e+03 1.515702424477979537e+00
4.731892323670752376e+03 1.512680939336511710e+00
4.732393902250747487e+03 1.512367863740677887e+00
4.732895480830742599e+03 1.510661005894230469e+00
4.733397059410737711e+03 1.506283575487552095e+00
4.733898637990731913e+03 1.503565759053460571e+00
4.734400216570727025e+03 1.503905367891201328e+00
4.734901795150722137e+03 1.505603876221712767e+00
4.735403373730716339e+03 1.507862461234060092e+00
4.735904952310711451e+03 1.510807950020754964e+00
4.736406530890706563e+03 1.514496914474872113e+00
4.736908109470701675e+03 1.518876017375485166e+00
4.737409688050695877e+03 1.523996275223970409e+00
4.737911266630690989e+03 1.529818870548276255e+00
4.738412845210686100e+03 1.536145385730133262e+00
4.738914423790681212e+03 1.542779944785324098e+00
4.739416002370675415e+03 1.549697923597521676e+00
4.739917580950670526e+03 1.556940930653768485e+00
4.740419159530665638e+03 1.564238156051403816e+00
4.740920738110660750e+03 1.570959621803714068e+00
4.741422316690654952e+03 1.576754425706783147e+00
4.741923895270650064e+03 1.581842919761416555e+00
4.742425473850645176e+03 1.586497227707908353e+00
4.742927052430639378e+03 1.590783442451224161e+00
4.743428631010634490e+03 1.594607622637553845e+00
4.743930209590629602e+03 1.597952439624224175e+00
4.744431788170624714e+03 1.601038136427384462e+00
4.744933366750618916e+03 1.603977195648043308e+00
4.745434945330614028e+03 1.606807025150685408e+00
4.745936523910609139e+03 1.609711225845683824e+00
4.746438102490604251e+03 1.612927949711823850e+00
4.746939681070598454e+03 1.616548053173369581e+00
4.747441259650593565e+03 1.620387754871416508e+00
4.747942838230588677e+03 1.624236967096707840e+00
4.748444416810582879e+03 1.628253543636371425e+00
4.748945995390577991e+03 1.632706560057552991e+00
4.749447573970573103e+03 1.637298384627750458e+00
4.749949152550568215e+03 1.641343892172173025e+00
4.750450731130562417e+03 1.644573181460687872e+00
4.750952309710557529e+03 1.647011727311401552e+00
4.751453888290552641e+03 1.648609810595762060e+00
4.751955466870547752e+03 1.649372740969025752e+00
4.752457045450541955e+03 1.649463405685323902e+00
4.752958624030537067e+03 1.649096946882034231e+00
4.753460202610532178e+03 1.648412259691159454e+00
4.753961781190526381e+03 1.647447655791403065e+00
4.754463359770521492e+03 1.646271143166326167e+00
4.754964938350516604e+03 1.644995161492725622e+00
4.755466516930511716e+03 1.643605930925767122e+00
4.755968095510505918e+03 1.641957823822685292e+00
4.756469674090501030e+03 1.639960553127517873e+00
4.756971252670496142e+03 1.637593970078623062e+00
4.757472831250491254e+03 1.634835549533208088e+00
4.757974409830485456e+03 1.631788091153526299e+00
4.758475988410480568e+03 1.628718270066547458e+00
4.758977566990475680e+03 1.625719476349831050e+00
4.759479145570470791e+03 1.622532412973243909e+00
4.759980724150464994e+03 1.618797586804841426e+00
4.760482302730460106e+03 1.614368598276341160e+00
4.760983881310455217e+03 1.609287542931681303e+00
4.761485459890449420e+03 1.603572630607963401e+00
4.761987038470444531e+03 1.597239848965422482e+00
4.762488617050439643e+03 1.590453031674551099e+00
4.762990195630434755e+03 1.583488336359465176e+00
4.763491774210428957e+03 1.576657500439458293e+00
4.763993352790424069e+03 1.570247521028922844e+00
4.764494931370419181e+03 1.564460722314376717e+00
4.764996509950414293e+03 1.559386427630072181e+00
4.765498088530408495e+03 1.555273135729225320e+00
4.765999667110403607e+03 1.552782954449492214e+00
4.766501245690398719e+03 1.552303684195888156e+00
4.767002824270392921e+03 1.553509133561877587e+00
4.767504402850388033e+03 1.556078483309548455e+00
4.768005981430383144e+03 1.559900486233270822e+00
4.768507560010378256e+03 1.564883822484282039e+00
4.769009138590372459e+03 1.570984689820321911e+00
4.769510717170367570e+03 1.578136177106813864e+00
4.770012295750362682e+03 1.586039310020507020e+00
4.770513874330357794e+03 1.594235415928849653e+00
4.771015452910351996e+03 1.602364076529173342e+00
4.771517031490347108e+03 1.610226678217013152e+00
4.772018610070342220e+03 1.617736034260965905e+00
4.772520188650337332e+03 1.624814198392179554e+00
4.773021767230331534e+03 1.631378336924754979e+00
4.773523345810326646e+03 1.637509959766731304e+00
4.774024924390321758e+03 1.643278170949554307e+00
4.774526502970315960e+03 1.648569460651241769e+00
4.775028081550311072e+03 1.653325580348333546e+00
4.775529660130306183e+03 1.657592932732263158e+00
4.776031238710301295e+03 1.661284892531660340e+00
4.776532817290295498e+03 1.664160266156724965e+00
4.777034395870290609e+03 1.665978518559328769e+00
4.777535974450285721e+03 1.666819202497864083e+00
4.778037553030029812e+03 1.667201207112262829e+00
4.778539131610024015e+03 1.667192418823142397e+00
4.779040710190019126e+03 1.666401055623374372e+00
4.779542288770014238e+03 1.664529214732347162e+00
4.780043867350009350e+03 1.661467821053628446e+00
4.780545445930003552e+03 1.657289311247121200e+00
4.781047024509998664e+03 1.652344435080899343e+00
4.781548603089993776e+03 1.647094596880069872e+00
4.782050181669988888e+03 1.641678456946886744e+00
4.782551760249983090e+03 1.635977604255598905e+00
4.783053338829978202e+03 1.630067459703923083e+00
4.783554917409973314e+03 1.624139994913497365e+00
4.784056495989967516e+03 1.618124239105147133e+00
4.784558074569962628e+03 1.611905665558088119e+00
4.785059653149957740e+03 1.605780660217739797e+00
4.785561231729952851e+03 1.600139096444168629e+00
4.786062810309947054e+03 1.594865952766888029e+00
4.786564388889942165e+03 1.589524417123332700e+00
4.787065967469937277e+03 1.583949754828718248e+00
4.787567546049932389e+03 1.578456601371007295e+00
4.788069124629926591e+03 1.573607108382012898e+00
4.788570703209921703e+03 1.569830640697671864e+00
4.789072281789916815e+03 1.567199399622069667e+00
4.789573860369911927e+03 1.565653783081551342e+00
4.790075438949906129e+03 1.565332753126660537e+00
4.790577017529901241e+03 1.566500181743338604e+00
4.791078596109896353e+03 1.569241056770872333e+00
4.791580174689890555e+03 1.573339873427860525e+00
4.792081753269885667e+03 1.578507480889849379e+00
4.792583331849880778e+03 1.584669475342705525e+00
4.793084910429875890e+03 1.591808684144687458e+00
4.793586489009870093e+03 1.599638867011716092e+00
4.794088067589865204e+03 1.607607719135361712e+00
4.794589646169860316e+03 1.615107611940091115e+00
4.795091224749855428e+03 1.621700125711984075e+00
4.795592803329849630e+03 1.627111360334249746e+00
4.796094381909844742e+03 1.631066400286057760e+00
4.796595960489839854e+03 1.633372627454767745e+00
4.797097539069834056e+03 1.633975306155724283e+00
4.797599117649829168e+03 1.632917564407976974e+00
4.798100696229824280e+03 1.630455166130474698e+00
4.798602274809819392e+03 1.627040759580247187e+00
4.799103853389813594e+03 1.623168580957301099e+00
4.799605431969808706e+03 1.619389371976331926e+00
4.800107010549803817e+03 1.616405548349164611e+00
4.800608589129798929e+03 1.614787161015368788e+00
4.801110167709793132e+03 1.614588795355979878e+00
4.801611746289788243e+03 1.615571586547689176e+00
4.802113324869783355e+03 1.617557034677958860e+00
4.802614903449778467e+03 1.620371167242137034e+00
4.803116482029772669e+03 1.623610755994594257e+00
4.803618060609767781e+03 1.626659449588966133e+00
4.804119639189762893e+03 1.628946248647745954e+00
4.804621217769757095e+03 1.630123760032820890e+00
4.805122796349752207e+03 1.630029843209237050e+00
4.805624374929747319e+03 1.628719174879590170e+00
4.806125953509742430e+03 1.626544277387597326e+00
4.806627532089736633e+03 1.623876414585121886e+00
4.807129110669731745e+03 1.620817900836597270e+00
4.807630689249726856e+03 1.617429370408182354e+00
4.808132267829721968e+03 1.613977453319744182e+00
4.808633846409716170e+03 1.610841400285976555e+00
4.809135424989711282e+03 1.608331337167924868e+00
4.809637003569706394e+03 1.606627416611070114e+00
4.810138582149700596e+03 1.605789970214495543e+00
4.810640160729695708e+03 1.605769483254996910e+00
4.811141739309690820e+03 1.606437748501700735e+00
4.811643317889685932e+03 1.607669846429127247e+00
4.812144896469680134e+03 1.609412375944847984e+00
4.812646475049675246e+03 1.611659854090498500e+00
4.813148053629670358e+03 1.614392015179467066e+00
4.813649632209665469e+03 1.617619397840570405e+00
4.814151210789659672e+03 1.621467712995049437e+00
4.814652789369654784e+03 1.626103569154282003e+00
4.815154367949649895e+03 1.631596599401464065e+00
4.815655946529645007e+03 1.637947394658306743e+00
4.816157525109639209e+03 1.645102247671887952e+00
4.816659103689634321e+03 1.652868401690991362e+00
4.817160682269629433e+03 1.660948911041999709e+00
4.817662260849623635e+03 1.669032195649358785e+00
4.818163839429618747e+03 1.676693089993843699e+00
4.818665418009613859e+03 1.683374619888375889e+00
4.819166996589608971e+03 1.688606500608534233e+00
4.819668575169603173e+03 1.692127098096472881e+00
4.820170153749598285e+03 1.693847789442267437e+00
4.820671732329593397e+03 1.693868586231003670e+00
4.821173310909588508e+03 1.692431818265068610e+00
4.821674889489582711e+03 1.689846779415324907e+00
4.822176468069577822e+03 1.686501432210565810e+00
4.822678046649572934e+03 1.682812406781728276e+00
4.823179625229567137e+03 1.679105843013663835e+00
4.823681203809562248e+03 1.675659597214382845e+00
4.824182782389557360e+03 1.672832142166587710e+00
4.824684360969552472e+03 1.670953192043085789e+00
4.825185939549546674e+03 1.670091797088780972e+00
4.825687518129541786e+03 1.670036150775101591e+00
4.826189096709536898e+03 1.670442676713506547e+00
4.826690675289532010e+03 1.670933042057732409e+00
4.827192253869526212e+03 1.671114359963570273e+00
4.827693832449521324e+03 1.670600670885814765e+00
4.828195411029516436e+03 1.669115428589530437e+00
4.828696989609511547e+03 1.666605537888378175e+00
4.829198568189505750e+03 1.663217221633845888e+00
4.829700146769500861e+03 1.659221435392596700e+00
4.830201725349495973e+03 1.654891971935863015e+00
4.830703303929490176e+03 1.650345775806646653e+00
4.831204882509485287e+03 1.645637488578162833e+00
4.831706461089480399e+03 1.640960155261196540e+00
4.832208039669475511e+03 1.636586665955416464e+00
4.832709618249469713e+03 1.632694281976401873e+00
4.833211196829464825e+03 1.629373859459488205e+00
4.833712775409459937e+03 1.626627184382079871e+00
4.834214353989455049e+03 1.624319824183515504e+00
4.834715932569449251e+03 1.622255743596420885e+00
4.835217511149444363e+03 1.620197219258060262e+00
4.835719089729439474e+03 1.617844530693057337e+00
4.836220668309433677e+03 1.614875882508498783e+00
4.836722246889428789e+03 1.610992049175793639e+00
4.837223825469423900e+03 1.606259453186248409e+00
4.837725404049419012e+03 1.601217276601292205e+00
4.838226982629413214e+03 1.596092288026418782e+00
4.838728561209408326e+03 1.590423210217547290e+00
4.839230139789403438e+03 1.583714878601840681e+00
4.839731718369398550e+03 1.576101063681387915e+00
4.840233296949392752e+03 1.568367282613438718e+00
4.840734875529387864e+03 1.561533384093302335e+00
4.841236454109382976e+03 1.556181299147562314e+00
4.841738032689377178e+03 1.552242119072207327e+00
4.842239611269372290e+03 1.549423753336369058e+00
4.842741189849367402e+03 1.547522383073957286e+00
4.843242768429362513e+03 1.546473729267285435e+00
4.843744347009356716e+03 1.546337015392257097e+00
4.844245925589351828e+03 1.547221058391880844e+00
4.844747504169346939e+03 1.549126067524208450e+00
4.845249082749342051e+03 1.551942119129722686e+00
4.845750661329336253e+03 1.555561990012784612e+00
4.846252239909331365e+03 1.559637992836790499e+00
4.846753818489326477e+03 1.563523656317501231e+00
4.847255397069321589e+03 1.566806286395019843e+00
4.847756975649315791e+03 1.569415832072292627e+00
4.848258554229310903e+03 1.571306437421583047e+00
4.848760132809306015e+03 1.572378205561177023e+00
4.849261711389300217e+03 1.572500360595110225e+00
4.849763289969295329e+03 1.571538175840093698e+00
4.850264868549290441e+03 1.569375502251016741e+00
4.850766447129285552e+03 1.565920788945844411e+00
4.851268025709279755e+03 1.561103555319914626e+00
4.851769604289274866e+03 1.554900410848859327e+00
4.852271182869269978e+03 1.547376323127664932e+00
4.852772761449265090e+03 1.538623219184052093e+00
4.853274340029259292e+03 1.528579313094166503e+00
4.853775918609254404e+03 1.517153968051426993e+00
4.854277497189249516e+03 1.504502451481078307e+00
4.854779075769243718e+03 1.490955371327040702e+00
4.855280654349238830e+03 1.476975270050338018e+00
4.855782232929233942e+03 1.463127711995087399e+00
4.856283811509229054e+03 1.449872274837123554e+00
4.856785390089223256e+03 1.437533242439392733e+00
4.857286968669218368e+03 1.426473927259899410e+00
4.857788547249213480e+03 1.417171409954930628e+00
4.858290125829208591e+03 1.409996671044047023e+00
4.858791704409202794e+03 1.404741878890516604e+00
4.859293282989197905e+03 1.400094548548875384e+00
4.859794861569193017e+03 1.393024655419550895e+00
4.860296440149188129e+03 1.377982796839314794e+00
4.860798018729182331e+03 1.348982568125674408e+00
4.861299597309177443e+03 1.309372513317438980e+00
4.861801175889172555e+03 1.275762444418338637e+00
4.862302754469166757e+03 1.259875581898349584e+00
4.862804333049161869e+03 1.258650939289495341e+00
4.863305911629156981e+03 1.269233770599982769e+00
4.863807490209152093e+03 1.293857530501754338e+00
4.864309068789146295e+03 1.328427501370549990e+00
4.864810647369141407e+03 1.360942656407058360e+00
4.865312225949136518e+03 1.382249433859554344e+00
4.865813804529131630e+03 1.392156843376379349e+00
4.866315383109125833e+03 1.395637580063233907e+00
4.866816961689120944e+03 1.397289244669372987e+00
4.867318540269116056e+03 1.399390576999282487e+00
4.867820118849110258e+03 1.402180959481840627e+00
4.868321697429105370e+03 1.404944257376613326e+00
4.868823276009100482e+03 1.407060599506770204e+00
4.869324854589095594e+03 1.408213440429261221e+00
4.869826433169089796e+03 1.408279332868975997e+00
4.870328011749084908e+03 1.407359938260500432e+00
4.870829590329080020e+03 1.405762837276844923e+00
4.871331168909075132e+03 1.403939482841949360e+00
4.871832747489069334e+03 1.402462176513788350e+00
4.872334326069064446e+03 1.401934539170696992e+00
4.872835904649059557e+03 1.402873292123491433e+00
4.873337483229054669e+03 1.405566037676877045e+00
4.873839061809048872e+03 1.409987099020869383e+00
4.874340640389043983e+03 1.416057764624703452e+00
4.874842218969039095e+03 1.424056840076253216e+00
4.875343797549033297e+03 1.434383823112294509e+00
4.875845376129028409e+03 1.446643358504478005e+00
4.876346954709023521e+03 1.459668821902726288e+00
4.876848533289018633e+03 1.472858562177301156e+00
4.877350111869012835e+03 1.486362753440578999e+00
4.877851690449007947e+03 1.500046730530587347e+00
4.878353269029003059e+03 1.513276846012413301e+00
4.878854847608998170e+03 1.525623151028939084e+00
4.879356426188992373e+03 1.537356184568618112e+00
4.879858004768987485e+03 1.548676211900367417e+00
4.880359583348982596e+03 1.558620706166277348e+00
4.880861161928976799e+03 1.565858207340492303e+00
4.881362740508971910e+03 1.570198451146121332e+00
4.881864319088967022e+03 1.572164875203644785e+00
4.882365897668962134e+03 1.572070407287924798e+00
4.882867476248956336e+03 1.570093034263925658e+00
4.883369054828951448e+03 1.566432826862955707e+00
4.883870633408946560e+03 1.561266223118066065e+00
4.884372211988941672e+03 1.554738021423057948e+00
4.884873790568935874e+03 1.546939005876072804e+00
4.885375369148930986e+03 1.537937886280994704e+00
4.885876947728926098e+03 1.527824657497371064e+00
4.886378526308921209e+03 1.516944128812915515e+00
4.886880104888915412e+03 1.506116788841834975e+00
4.887381683468910524e+03 1.495891307327241515e+00
4.887883262048905635e+03 1.485841570055822736e+00
4.888384840628899838e+03 1.475911318331068145e+00
4.888886419208894949e+03 1.467589660434573062e+00
4.889387997788890061e+03 1.462202162473917433e+00
4.889889576368885173e+03 1.459406577969193819e+00
4.890391154948879375e+03 1.458465247759619832e+00
4.890892733528874487e+03 1.459525986646152740e+00
4.891394312108869599e+03 1.463194451209312907e+00
4.891895890688864711e+03 1.469919226046933147e+00
4.892397469268858913e+03 1.479979922703449802e+00
4.892899047848854025e+03 1.493455741741427367e+00
4.893400626428849137e+03 1.510201768123785149e+00
4.893902205008843339e+03 1.529879879973338186e+00
4.894403783588838451e+03 1.551902323283139040e+00
4.894905362168833562e+03 1.575315905128091165e+00
4.895406940748828674e+03 1.598774169030044545e+00
4.895908519328822877e+03 1.620865665814298140e+00
4.896410097908817988e+03 1.640827049077111965e+00
4.896911676488813100e+03 1.659030665247586356e+00
4.897413255068808212e+03 1.675701812267551105e+00
4.897914833648802414e+03 1.689465478502532703e+00
4.898416412228797526e+03 1.698787017229144380e+00
4.898917990808792638e+03 1.703888719355585835e+00
4.899419569388787750e+03 1.705802824134644791e+00
4.899921147968781952e+03 1.705135820195351926e+00
4.900422726548777064e+03 1.702365032887542373e+00
4.900924305128772176e+03 1.698134388378471638e+00
4.901425883708766378e+03 1.693083363039974865e+00
4.901927462288761490e+03 1.687749843066753241e+00
4.902429040868756601e+03 1.682543007770480825e+00
4.902930619448751713e+03 1.677693048929371322e+00
4.903432198028745916e+03 1.673253594728418392e+00
4.903933776608741027e+03 1.669222653047381044e+00
4.904435355188736139e+03 1.665543802497240211e+00
4.904936933768731251e+03 1.661955487336202353e+00
4.905438512348725453e+03 1.658208632900942447e+00
4.905940090928720565e+03 1.654419386163042516e+00
4.906441669508715677e+03 1.650676469692033077e+00
4.906943248088709879e+03 1.646422384539755424e+00
4.907444826668704991e+03 1.640664881868506342e+00
4.907946405248700103e+03 1.632858719053300156e+00
4.908447983828695214e+03 1.623266293876001409e+00
4.908949562408689417e+03 1.612522411259850630e+00
4.909451140988684529e+03 1.601287480166658117e+00
4.909952719568679640e+03 1.590211839801334737e+00
4.910454298148674752e+03 1.580041328833379666e+00
4.910955876728668954e+03 1.571461494005408799e+00
4.911457455308664066e+03 1.564906428769877067e+00
4.911959033888659178e+03 1.560619994535793920e+00
4.912460612468654290e+03 1.558706475791780566e+00
4.912962191048648492e+03 1.558700206131434118e+00
4.913463769628643604e+03 1.559780331555932431e+00
4.913965348208638716e+03 1.561727062324895554e+00
4.914466926788632918e+03 1.564171585082161142e+00
4.914968505368628030e+03 1.566203946500847044e+00
4.915470083948623142e+03 1.566879492255211392e+00
4.915971662528618253e+03 1.565392414081491435e+00
4.916473241108612456e+03 1.561246776502336342e+00
4.916974819688607568e+03 1.554125413487664531e+00
4.917476398268602679e+03 1.543574793456744310e+00
4.917977976848597791e+03 1.529594369272496923e+00
4.918479555428591993e+03 1.513934068583429937e+00
4.918981134008587105e+03 1.499229661207314379e+00
4.919482712588582217e+03 1.486298491240996000e+00
4.919984291168576419e+03 1.482823774881599999e+00
4.920485869748571531e+03 1.504530064152913571e+00
4.920987448328566643e+03 1.533216447625215473e+00
4.921489026908561755e+03 1.527296639972219872e+00
4.921990605488555957e+03 1.496853098630003931e+00
4.922492184068551069e+03 1.481891764666170008e+00
4.922993762648546181e+03 1.487106913940412944e+00
4.923495341228541292e+03 1.490819006663905988e+00
4.923996919808535495e+03 1.494520653944237498e+00
4.924498498388530606e+03 1.509575671034055544e+00
4.925000076968525718e+03 1.523859773126359674e+00
4.925501655548520830e+03 1.534408489466978054e+00
4.926003234128515032e+03 1.548679223453054199e+00
4.926504812708510144e+03 1.563791838978674242e+00
4.927006391288505256e+03 1.576946120458809997e+00
4.927507969868499458e+03 1.589616129360063912e+00
4.928009548448494570e+03 1.602706925919608949e+00
4.928511127028489682e+03 1.615745661814915746e+00
4.929012705608484794e+03 1.627508610021171753e+00
4.929514284188478996e+03 1.637247419128155634e+00
4.930015862768474108e+03 1.645155745030877803e+00
4.930517441348469220e+03 1.651073744949645317e+00
4.931019019928464331e+03 1.654342440046281837e+00
4.931520598508458534e+03 1.654837003397119588e+00
4.932022177088453645e+03 1.652433478678701384e+00
4.932523755668448757e+03 1.647889060218986401e+00
4.933025334248442960e+03 1.646086626289972932e+00
4.933526912828438071e+03 1.662726918797331699e+00
4.934028491408433183e+03 1.715465005519813513e+00
4.934530069988428295e+03 1.772604802526835055e+00
4.935031648568422497e+03 1.773796394206449190e+00
4.935533227148417609e+03 1.736308199405311115e+00
4.936034805728412721e+03 1.701495280561442947e+00
4.936536384308407833e+03 1.648653217556282247e+00
4.937037962888402035e+03 1.586900011111708420e+00
4.937539541468397147e+03 1.551226461920556687e+00
4.938041120048392258e+03 1.538083099684165012e+00
4.938542698628387370e+03 1.532028490959617573e+00
4.939044277208381573e+03 1.528391129619488753e+00
4.939545855788376684e+03 1.526871139746078576e+00
4.940047434368371796e+03 1.527582760267787609e+00
4.940549012948365998e+03 1.530622103859123229e+00
4.941050591528361110e+03 1.536240367693386233e+00
4.941552170108356222e+03 1.544367968688630688e+00
4.942053748688351334e+03 1.553762035607372916e+00
4.942555327268345536e+03 1.562985074544837705e+00
4.943056905848340648e+03 1.572158627865197555e+00
4.943558484428335760e+03 1.581636406682163098e+00
4.944060063008330872e+03 1.590664473166433446e+00
4.944561641588325074e+03 1.598724128800600441e+00
4.945063220168320186e+03 1.606247533372714642e+00
4.945564798748315297e+03 1.613784184486247941e+00
4.946066377328309500e+03 1.621468547698733165e+00
4.946567955908304612e+03 1.629019465764877106e+00
4.947069534488299723e+03 1.635970658825937729e+00
4.947571113068294835e+03 1.642644188530181015e+00
4.948072691648289037e+03 1.650102464960441662e+00
4.948574270228284149e+03 1.658461191133847601e+00
4.949075848808279261e+03 1.666430847373900015e+00
4.949577427388274373e+03 1.672738062434326434e+00
4.950079005968268575e+03 1.677268506581473417e+00
4.950580584548263687e+03 1.680699858954191495e+00
4.951082163128258799e+03 1.683299984363692658e+00
4.951583741708253910e+03 1.684918563006485570e+00
4.952085320288248113e+03 1.685438400194037900e+00
4.952586898868243225e+03 1.684818676041307084e+00
4.953088477448238336e+03 1.683061392598229178e+00
4.953590056028232539e+03 1.680244769580106601e+00
4.954091634608227650e+03 1.676562788164297046e+00
4.954593213188222762e+03 1.672313410502853426e+00
4.955094791768217874e+03 1.667848733953132934e+00
4.955596370348212076e+03 1.663438513603971103e+00
4.956097948928207188e+03 1.659047564736816804e+00
4.956599527508202300e+03 1.653952074987776300e+00
4.957101106088197412e+03 1.646483452879538678e+00
4.957602684668191614e+03 1.634345977826525687e+00
4.958104263248186726e+03 1.616655961058324431e+00
4.958605841828181838e+03 1.599043765585119736e+00
4.959107420408176040e+03 1.595058594115682071e+00
4.959608998988171152e+03 1.611822933952737902e+00
4.960110577568166264e+03 1.633950344386771114e+00
4.960612156148161375e+03 1.639503296411708000e+00
4.961113734728155578e+03 1.631081231232207163e+00
4.961615313308150689e+03 1.629917014634691741e+00
4.962116891888145801e+03 1.644528238015184662e+00
4.962618470468140913e+03 1.664767477680536345e+00
4.963120049048135115e+03 1.678568116676699251e+00
4.963621627628130227e+03 1.681698788488446672e+00
4.964123206208125339e+03 1.676548848980003781e+00
4.964624784788120451e+03 1.667442778749258281e+00
4.965126363368114653e+03 1.656697023989742057e+00
4.965627941948109765e+03 1.644857638271121747e+00
4.966129520528104877e+03 1.632404686240071179e+00
4.966631099108099079e+03 1.620331765285216052e+00
4.967132677688094191e+03 1.609493204834334001e+00
4.967634256268089302e+03 1.599761081955868303e+00
4.968135834848084414e+03 1.591036214425654016e+00
4.968637413428078617e+03 1.584240098767822236e+00
4.969138992008073728e+03 1.579906024928935171e+00
4.969640570588068840e+03 1.577448633987627913e+00
4.970142149168063952e+03 1.576255437855137220e+00
4.970643727748058154e+03 1.576270746545494816e+00
4.971145306328053266e+03 1.577535287009445675e+00
4.971646884908048378e+03 1.579949982454964319e+00
4.972148463488042580e+03 1.583354624008678657e+00
4.972650042068037692e+03 1.587461506801502775e+00
4.973151620648032804e+03 1.591772087661383228e+00
4.973653199228027916e+03 1.595921767295820359e+00
4.974154777808022118e+03 1.599841488879489848e+00
4.974656356388017230e+03 1.603259508258623622e+00
4.975157934968012341e+03 1.605475092394584857e+00
4.975659513548007453e+03 1.605804636922710360e+00
4.976161092128001656e+03 1.603874929892456613e+00
4.976662670707996767e+03 1.599557213789102317e+00
4.977164249287991879e+03 1.592898694652335578e+00
4.977665827867986991e+03 1.584046252887708839e+00
4.978167406447981193e+03 1.573108999329634550e+00
4.978668985027976305e+03 1.560328302460349370e+00
4.979170563607971417e+03 1.546384114349144800e+00
4.979672142187965619e+03 1.531980642165914785e+00
4.980173720767960731e+03 1.517364666191125089e+00
4.980675299347955843e+03 1.502603388988092536e+00
4.981176877927950954e+03 1.487921375993693784e+00
4.981678456507945157e+03 1.473758536262526952e+00
4.982180035087940269e+03 1.460626952248859300e+00
4.982681613667935380e+03 1.448932294261778164e+00
4.983183192247930492e+03 1.439010427307516160e+00
4.983684770827924694e+03 1.431278268980773705e+00
4.984186349407919806e+03 1.426156410522835927e+00
4.984687927987914918e+03 1.423839389519635734e+00
4.985189506567909120e+03 1.424556242071312262e+00
4.985691085147904232e+03 1.428786715712608180e+00
4.986192663727899344e+03 1.436265167280422972e+00
4.986694242307894456e+03 1.445648884092069597e+00
4.987195820887888658e+03 1.456095070590297080e+00
4.987697399467883770e+03 1.467482892020389507e+00
4.988198978047878882e+03 1.479302125920336497e+00
4.988700556627873993e+03 1.490763771093302381e+00
4.989202135207868196e+03 1.501414807848241662e+00
4.989703713787863308e+03 1.511030168905713733e+00
4.990205292367858419e+03 1.519309560636053158e+00
4.990706870947853531e+03 1.526025706063670606e+00
4.991208449527847733e+03 1.531246748895263909e+00
4.991710028107842845e+03 1.535260761918864070e+00
4.992211606687837957e+03 1.538347825340908859e+00
4.992713185267832159e+03 1.540620431858288120e+00
4.993214763847827271e+03 1.542089898605979670e+00
4.993716342427822383e+03 1.542802331949960859e+00
4.994217921007817495e+03 1.542768609811628888e+00
4.994719499587811697e+03 1.541984862504243381e+00
4.995221078167806809e+03 1.540629918068663340e+00
4.995722656747801921e+03 1.538925006353734970e+00
4.996224235327797032e+03 1.536707212911384346e+00
4.996725813907791235e+03 1.533496070907267139e+00
4.997227392487786346e+03 1.528746714173104149e+00
4.997728971067781458e+03 1.522239974999409995e+00
4.998230549647775661e+03 1.514461236206261496e+00
4.998732128227770772e+03 1.506051934469576636e+00
4.999233706807765884e+03 1.497261350473682473e+00
4.999735285387760996e+03 1.488417392373910353e+00
5.000236863967755198e+03 1.480283135232450586e+00
5.000738442547750310e+03 1.473757646316225189e+00
5.001240021127745422e+03 1.469657574200045946e+00
5.001741599707740534e+03 1.468656087954163247e+00
5.002243178287734736e+03 1.471330454598223536e+00
5.002744756867729848e+03 1.478383951256463824e+00
5.003246335447724960e+03 1.490146984898249816e+00
5.003747914027720071e+03 1.505357876456620891e+00
5.004249492607714274e+03 1.521073554530463223e+00
5.004751071187709385e+03 1.532013211329640523e+00
5.005252649767704497e+03 1.529146284744589135e+00
5.005754228347698700e+03 1.504522350690491894e+00
5.006255806927693811e+03 1.462135547834893856e+00
5.006757385507688923e+03 1.427509150427634932e+00
5.007258964087684035e+03 1.436232228700577984e+00
5.007760542667678237e+03 1.484556553827653058e+00
5.008262121247673349e+03 1.511678214796307262e+00
5.008763699827668461e+03 1.479124257033720191e+00
5.009265278407663573e+03 1.430623473077101249e+00
5.009766856987657775e+03 1.425104230035308506e+00
5.010268435567652887e+03 1.460967392125829267e+00
5.010770014147647998e+03 1.499286612670170271e+00
5.011271592727642201e+03 1.515997328526897281e+00
5.011773171307637313e+03 1.511442849332202520e+00
5.012274749887632424e+03 1.494808011516989055e+00
5.012776328467627536e+03 1.472807446811553067e+00
5.013277907047621738e+03 1.449452268635963437e+00
5.013779485627616850e+03 1.429408175186838825e+00
5.014281064207611962e+03 1.415847505051359700e+00
5.014782642787607074e+03 1.407772275998258049e+00
5.015284221367601276e+03 1.402757167590764187e+00
5.015785799947596388e+03 1.399749481054824773e+00
5.016287378527591500e+03 1.398662750895719675e+00
5.016788957107586612e+03 1.399212678331323012e+00
5.017290535687580814e+03 1.400781515040354641e+00
5.017792114267575926e+03 1.402809596134760195e+00
5.018293692847571037e+03 1.404918827786544977e+00
5.018795271427565240e+03 1.406701002195510419e+00
5.019296850007560352e+03 1.407716461001732089e+00
5.019798428587555463e+03 1.407795128836533571e+00
5.020300007167550575e+03 1.407101426982634518e+00
5.020801585747544777e+03 1.405946151526935806e+00
5.021303164327539889e+03 1.404694387522474663e+00
5.021804742907535001e+03 1.403768915528057271e+00
5.022306321487530113e+03 1.403621333566363427e+00
5.022807900067524315e+03 1.404720792351441094e+00
5.023309478647519427e+03 1.407459627027784599e+00
5.023811057227514539e+03 1.412041870111607089e+00
5.024312635807508741e+03 1.418491528736621321e+00
5.024814214387503853e+03 1.426561887445819465e+00
5.025315792967498965e+03 1.435865337608281056e+00
5.025817371547494076e+03 1.446632394560994683e+00
5.026318950127488279e+03 1.459460212194318540e+00
5.026820528707483390e+03 1.473616693479366635e+00
5.027322107287478502e+03 1.487337255986867834e+00
5.027823685867473614e+03 1.500093130544762232e+00
5.028325264447467816e+03 1.512419728827394838e+00
5.028826843027462928e+03 1.524487961030584149e+00
5.029328421607458040e+03 1.536238075192681851e+00
5.029830000187453152e+03 1.547877038196221466e+00
5.030331578767447354e+03 1.559465451392185509e+00
5.030833157347442466e+03 1.570388738190234612e+00
5.031334735927437578e+03 1.579808529559787011e+00
5.031836314507431780e+03 1.587319812226177795e+00
5.032337893087426892e+03 1.592696618881955128e+00
5.032839471667422004e+03 1.595797482841285975e+00
5.033341050247417115e+03 1.596646789551786405e+00
5.033842628827411318e+03 1.595122848346242961e+00
5.034344207407406429e+03 1.591159390866581536e+00
5.034845785987401541e+03 1.584898807208008575e+00
5.035347364567396653e+03 1.576236683191725607e+00
5.035848943147390855e+03 1.565286612781972231e+00
5.036350521727385967e+03 1.553055715388440561e+00
5.036852100307381079e+03 1.540247998280445341e+00
5.037353678887375281e+03 1.526666042608484375e+00
5.037855257467370393e+03 1.512261105531543137e+00
5.038356836047365505e+03 1.497460551596621281e+00
5.038858414627360617e+03 1.482576384760374566e+00
5.039359993207354819e+03 1.467808287788304744e+00
5.039861571787349931e+03 1.453648458515427455e+00
5.040363150367345042e+03 1.440866646027607612e+00
5.040864728947340154e+03 1.430246727392665784e+00
5.041366307527334357e+03 1.422469726404703483e+00
5.041867886107329468e+03 1.418125237218800905e+00
5.042369464687324580e+03 1.417667294938973921e+00
5.042871043267319692e+03 1.421243159745416484e+00
5.043372621847313894e+03 1.428543647647823711e+00
5.043874200427309006e+03 1.438814090755880404e+00
5.044375779007304118e+03 1.450985415786546717e+00
5.044877357587298320e+03 1.463927760500805197e+00
5.045378936167293432e+03 1.476581311935539764e+00
5.045880514747288544e+03 1.487957499592318822e+00
5.046382093327283656e+03 1.497270473754129139e+00
5.046883671907277858e+03 1.504041089892759420e+00
5.047385250487272970e+03 1.508034755539396254e+00
5.047886829067268081e+03 1.509295541576815225e+00
5.048388407647263193e+03 1.508206462119571434e+00
5.048889986227257396e+03 1.505373892783717693e+00
5.049391564807252507e+03 1.501533821728548102e+00
5.049893143387247619e+03 1.497589326836219481e+00
5.050394721967241821e+03 1.494668213571778814e+00
5.050896300547236933e+03 1.493748642870232235e+00
5.051397879127232045e+03 1.495206101626108453e+00
5.051899457707227157e+03 1.499177273184501891e+00
5.052401036287221359e+03 1.505928992309580217e+00
5.052902614867216471e+03 1.515556177069888433e+00
5.053404193447211583e+03 1.527773158122489372e+00
5.053905772027206694e+03 1.542073396296820498e+00
5.054407350607200897e+03 1.557684984980125975e+00
5.054908929187196009e+03 1.573456487614939503e+00
5.055410507767191120e+03 1.588469631024365780e+00
5.055912086347185323e+03 1.602925156643586035e+00
5.056413664927180434e+03 1.617399384802898243e+00
5.056915243507175546e+03 1.631206420945662039e+00
5.057416822087170658e+03 1.642797941505380166e+00
5.057918400667164860e+03 1.651689610461671398e+00
5.058419979247159972e+03 1.658553753009905263e+00
5.058921557827155084e+03 1.663856833718373451e+00
5.059423136407150196e+03 1.667553970192914958e+00
5.059924714987144398e+03 1.669574317699971333e+00
5.060426293567139510e+03 1.669924936675178273e+00
5.060927872147134622e+03 1.668570116415808879e+00
5.061429450727129733e+03 1.665422835646303446e+00
5.061931029307123936e+03 1.660410070621802348e+00
5.062432607887119048e+03 1.653529986588817557e+00
5.062934186467114159e+03 1.644883215059693260e+00
5.063435765047108362e+03 1.634638242133110708e+00
5.063937343627103473e+03 1.623042585312769015e+00
5.064438922207098585e+03 1.610539122931043288e+00
5.064940500787093697e+03 1.597725174770218581e+00
5.065442079367087899e+03 1.585097639656937396e+00
5.065943657947083011e+03 1.573027276730009527e+00
5.066445236527078123e+03 1.562024606271189997e+00
5.066946815107073235e+03 1.552609547996921524e+00
5.067448393687067437e+03 1.544907879209548085e+00
5.067949972267062549e+03 1.538750913555462230e+00
5.068451550847057661e+03 1.534006808609076344e+00
5.068953129427051863e+03 1.530588683863662425e+00
5.069454708007046975e+03 1.528343572551987162e+00
5.069956286587042086e+03 1.527080509009757225e+00
5.070457865167037198e+03 1.526624957287069151e+00
5.070959443747031401e+03 1.526819533115823635e+00
5.071461022327026512e+03 1.527460369580339483e+00
5.071962600907021624e+03 1.528315888433727121e+00
5.072464179487016736e+03 1.529211469738824380e+00
5.072965758067010938e+03 1.530035531789619707e+00
5.073467336647006050e+03 1.530689112053327250e+00
5.073968915227001162e+03 1.531096865584236966e+00
5.074470493806996274e+03 1.531164602173871625e+00
5.074972072386990476e+03 1.530745570568999625e+00
5.075473650966985588e+03 1.529661683089504010e+00
5.075975229546980700e+03 1.527699932880608902e+00
5.076476808126974902e+03 1.524769425210875884e+00
5.076978386706970014e+03 1.520955163753586303e+00
5.077479965286965125e+03 1.516240569331235521e+00
5.077981543866960237e+03 1.510434217056701334e+00
5.078483122446954440e+03 1.503411574733094946e+00
5.078984701026949551e+03 1.495353440886341811e+00
5.079486279606944663e+03 1.486700036728247465e+00
5.079987858186939775e+03 1.477994591300036742e+00
5.080489436766933977e+03 1.469832608791126649e+00
5.080991015346929089e+03 1.462666304500937375e+00
5.081492593926924201e+03 1.456809715665441818e+00
5.081994172506918403e+03 1.452881091228719779e+00
5.082495751086913515e+03 1.451520739409203564e+00
5.082997329666908627e+03 1.452646209811394362e+00
5.083498908246903738e+03 1.455796030745771574e+00
5.084000486826897941e+03 1.460680029472412267e+00
5.084502065406893053e+03 1.467172032612527044e+00
5.085003643986888164e+03 1.475061665735217575e+00
5.085505222566883276e+03 1.484142375898005017e+00
5.086006801146877478e+03 1.498333929114250562e+00
5.086508379726872590e+03 1.523450419267941669e+00
5.087009958306867702e+03 1.548434379744095590e+00
5.087511536886862814e+03 1.563655195210295279e+00
5.088013115466857016e+03 1.574166711835752963e+00
5.088514694046852128e+03 1.569327526832242858e+00
5.089016272626847240e+03 1.560951039681064412e+00
5.089517851206841442e+03 1.563988667237203201e+00
5.090019429786836554e+03 1.572085548093796081e+00
5.090521008366831666e+03 1.580082692202936290e+00
5.091022586946826777e+03 1.587461751698937551e+00
5.091524165526820980e+03 1.593895955132603959e+00
5.092025744106816092e+03 1.599243200831600209e+00
5.092527322686811203e+03 1.603310402429980464e+00
5.093028901266806315e+03 1.605926937698428869e+00
5.093530479846800517e+03 1.606989714271307212e+00
5.094032058426795629e+03 1.606396775682145117e+00
5.094533637006790741e+03 1.604084644808615678e+00
5.095035215586784943e+03 1.600081101462761168e+00
5.095536794166780055e+03 1.594494014217034294e+00
5.096038372746775167e+03 1.587487077436831040e+00
5.096539951326770279e+03 1.579282108560994935e+00
5.097041529906764481e+03 1.570198006890667575e+00
5.097543108486759593e+03 1.560659819102795831e+00
5.098044687066754705e+03 1.551182788073298457e+00
5.098546265646749816e+03 1.542309187680479976e+00
5.099047844226744019e+03 1.534473888374693340e+00
5.099549422806739130e+03 1.528021110188672704e+00
5.100051001386734242e+03 1.523294814229043670e+00
5.100552579966729354e+03 1.520568313327438581e+00
5.101054158546723556e+03 1.519866225664591175e+00
5.101555737126718668e+03 1.520949981020952357e+00
5.102057315706713780e+03 1.523448700060509253e+00
5.102558894286707982e+03 1.526897875051083542e+00
5.103060472866703094e+03 1.530715431518997249e+00
5.103562051446698206e+03 1.534279892177059068e+00
5.104063630026693318e+03 1.537084240512461175e+00
5.104565208606687520e+03 1.538779545023657658e+00
5.105066787186682632e+03 1.539138054554264556e+00
5.105568365766677744e+03 1.538088150327123316e+00
5.106069944346672855e+03 1.535716488174169836e+00
5.106571522926667058e+03 1.532177046071541149e+00
5.107073101506662169e+03 1.527730785108829092e+00
5.107574680086657281e+03 1.522815379624441690e+00
5.108076258666651484e+03 1.517950135145351931e+00
5.108577837246646595e+03 1.513631695318792936e+00
5.109079415826641707e+03 1.510312513678388147e+00
5.109580994406636819e+03 1.508458363463058394e+00
5.110082572986631021e+03 1.508467465650742634e+00
5.110584151566626133e+03 1.510373959443311875e+00
5.111085730146621245e+03 1.513931360480318622e+00
5.111587308726616357e+03 1.518942111867434441e+00
5.112088887306610559e+03 1.525233204058081604e+00
5.112590465886605671e+03 1.532521782648241793e+00
5.113092044466600782e+03 1.540442710927545811e+00
5.113593623046595894e+03 1.548637893062227322e+00
5.114095201626590097e+03 1.556787979163281266e+00
5.114596780206585208e+03 1.564600114763339267e+00
5.115098358786580320e+03 1.571849067033021186e+00
5.115599937366574522e+03 1.578403829508340461e+00
5.116101515946569634e+03 1.584139712528564337e+00
5.116603094526564746e+03 1.588893340434873291e+00
5.117104673106559858e+03 1.592484735366376913e+00
5.117606251686554060e+03 1.594732797420458370e+00
5.118107830266549172e+03 1.595450098248043513e+00
5.118609408846544284e+03 1.594405715218869313e+00
5.119110987426539396e+03 1.591391674263081146e+00
5.119612566006533598e+03 1.586282886616751542e+00
5.120114144586528710e+03 1.579045016198430407e+00
5.120615723166523821e+03 1.569783181532191429e+00
5.121117301746518024e+03 1.558700788729625586e+00
5.121618880326513136e+03 1.546053555766167431e+00
5.122120458906508247e+03 1.532182221937708144e+00
5.122622037486503359e+03 1.517478432201705196e+00
5.123123616066497561e+03 1.502396947692964613e+00
5.123625194646492673e+03 1.487430670911808805e+00
5.124126773226487785e+03 1.472971262975759643e+00
5.124628351806482897e+03 1.459336034995469600e+00
5.125129930386477099e+03 1.446861249734277877e+00
5.125631508966472211e+03 1.435881026202563193e+00
5.126133087546467323e+03 1.426667259686936085e+00
5.126634666126462434e+03 1.419418539544806457e+00
5.127136244706456637e+03 1.414285352023070264e+00
5.127637823286451749e+03 1.411364324192908359e+00
5.128139401866446860e+03 1.410700527251533387e+00
5.128640980446441063e+03 1.412281897073794035e+00
5.129142559026436174e+03 1.415993705218252074e+00
5.129644137606431286e+03 1.421658422145358092e+00
5.130145716186426398e+03 1.429060374345150652e+00
5.130647294766420600e+03 1.437916253754742524e+00
5.131148873346415712e+03 1.447819619459697726e+00
5.131650451926410824e+03 1.458275376919683453e+00
5.132152030506405936e+03 1.468847510620082009e+00
5.132653609086400138e+03 1.479203209311868328e+00
5.133155187666395250e+03 1.489024454400135422e+00
5.133656766246390362e+03 1.497962051099015257e+00
5.134158344826384564e+03 1.505661814376222818e+00
5.134659923406379676e+03 1.511876131749249286e+00
5.135161501986374788e+03 1.516522703521720139e+00
5.135663080566369899e+03 1.519544415304830753e+00
5.136164659146364102e+03 1.520823851650447756e+00
5.136666237726359213e+03 1.520274687262475943e+00
5.137167816306354325e+03 1.517948553660996236e+00
5.137669394886349437e+03 1.514051966091853885e+00
5.138170973466343639e+03 1.508919678496001726e+00
5.138672552046337842e+03 1.502980017478897423e+00
5.139174130626333863e+03 1.496631807531021430e+00
5.139675709206328975e+03 1.490175637229139927e+00
5.140177287786323177e+03 1.483962066989061857e+00
5.140678866366317379e+03 1.478385671998251993e+00
5.141180444946313401e+03 1.473604596311258064e+00
5.141682023526308512e+03 1.469506378442187788e+00
5.142183602106302715e+03 1.465929693853396110e+00
5.142685180686296917e+03 1.462837568367283625e+00
5.143186759266292938e+03 1.460280686637639658e+00
5.143688337846288050e+03 1.458277556394704355e+00
5.144189916426282252e+03 1.456810107175944946e+00
5.144691495006276455e+03 1.455816685658519294e+00
5.145193073586272476e+03 1.455168873268821272e+00
5.145694652166267588e+03 1.454715600399934416e+00
5.146196230746261790e+03 1.454316228547544387e+00
5.146697809326255992e+03 1.453845348929006409e+00
5.147199387906251104e+03 1.453253740769081981e+00
5.147700966486247125e+03 1.452590346595189263e+00
5.148202545066241328e+03 1.451946213761159843e+00
5.148704123646235530e+03 1.451413733071508227e+00
5.149205702226230642e+03 1.451070633162931056e+00
5.149707280806226663e+03 1.450961826337675342e+00
5.150208859386220865e+03 1.451073747251458101e+00
5.150710437966215068e+03 1.451386994477318115e+00
5.151212016546210180e+03 1.451959302390585904e+00
5.151713595126206201e+03 1.452908674272975098e+00
5.152215173706200403e+03 1.454373638119457190e+00
5.152716752286194605e+03 1.456521359727803500e+00
5.153218330866189717e+03 1.459517430502413227e+00
5.153719909446185738e+03 1.463481718552378741e+00
5.154221488026179941e+03 1.468464019483754601e+00
5.154723066606174143e+03 1.474440963613665501e+00
5.155224645186169255e+03 1.481324511827507795e+00
5.155726223766165276e+03 1.488892658122441315e+00
5.156227802346159478e+03 1.496816489719764220e+00
5.156729380926153681e+03 1.504759833869639296e+00
5.157230959506148793e+03 1.512371572955385046e+00
5.157732538086143904e+03 1.519283025725435943e+00
5.158234116666139016e+03 1.525134743972688778e+00
5.158735695246133218e+03 1.529602614585444442e+00
5.159237273826128330e+03 1.532449210520482552e+00
5.159738852406123442e+03 1.533520513641148497e+00
5.160240430986117644e+03 1.532716326093441328e+00
5.160742009566112756e+03 1.529956947451087679e+00
5.161243588146107868e+03 1.525154334174892767e+00
5.161745166726102980e+03 1.518239059835555294e+00
5.162246745306097182e+03 1.509148985228642381e+00
5.162748323886092294e+03 1.497833090876023565e+00
5.163249902466087406e+03 1.484227238622171097e+00
5.163751481046082517e+03 1.468288669000109348e+00
5.164253059626076720e+03 1.450129286503899273e+00
5.164754638206070922e+03 1.430000596092757537e+00
5.165256216786066943e+03 1.408284856536164309e+00
5.165757795366062055e+03 1.385515039065546850e+00
5.166259373946056257e+03 1.362364570977089517e+00
5.166760952526050460e+03 1.339639910691296176e+00
5.167262531106046481e+03 1.318193153118718097e+00
5.167764109686041593e+03 1.298865870760083308e+00
5.168265688266035795e+03 1.282325241126961668e+00
5.168767266846029997e+03 1.268904590151603173e+00
5.169268845426026019e+03 1.258761729576764576e+00
5.169770424006021130e+03 1.251893361930270565e+00
5.170272002586015333e+03 1.247931259967232531e+00
5.170773581166009535e+03 1.246249330748933071e+00
5.171275159746005556e+03 1.246262761757410686e+00
5.171776738326000668e+03 1.247645273830479740e+00
5.172278316905994870e+03 1.250395439129899700e+00
5.172779895485989073e+03 1.254763727437627763e+00
5.173281474065984185e+03 1.261092649644239616e+00
5.173783052645980206e+03 1.269632847312359480e+00
5.174284631225974408e+03 1.280487155954588285e+00
5.174786209805968610e+03 1.293583268108805528e+00
5.175287788385963722e+03 1.308532317492040242e+00
5.175789366965959744e+03 1.324588373876638858e+00
5.176290945545953946e+03 1.340844508999890383e+00
5.176792524125948148e+03 1.356460659287052284e+00
5.177294102705943260e+03 1.370758029755847263e+00
5.177795681285939281e+03 1.383062777898751206e+00
5.178297259865933484e+03 1.392685201560443620e+00
5.178798838445927686e+03 1.399231138270676800e+00
5.179300417025922798e+03 1.402620050203027713e+00
5.179801995605918819e+03 1.402843580872805695e+00
5.180303574185913021e+03 1.399987688612264858e+00
5.180805152765907224e+03 1.394289380141546353e+00
5.181306731345902335e+03 1.386125129458392502e+00
5.181808309925898357e+03 1.376077812045259474e+00
5.182309888505892559e+03 1.364939571927443307e+00
5.182811467085886761e+03 1.353651130543493286e+00
5.183313045665881873e+03 1.343294513823092950e+00
5.183814624245876985e+03 1.335015521015020967e+00
5.184316202825872097e+03 1.329868969517042476e+00
5.184817781405866299e+03 1.328656730075245207e+00
5.185319359985861411e+03 1.331801107105446746e+00
5.185820938565856522e+03 1.339286742312685075e+00
5.186322517145850725e+03 1.350653851034065100e+00
5.186824095725845837e+03 1.365019609732674333e+00
5.187325674305840948e+03 1.381251480385345509e+00
5.187827252885836060e+03 1.398143623658223200e+00
5.188328831465830262e+03 1.414534605872529216e+00
5.188830410045824465e+03 1.429416373153973741e+00
5.189331988625820486e+03 1.441991036227389777e+00
5.189833567205815598e+03 1.451716807010978272e+00
5.190335145785809800e+03 1.458355379074822267e+00
5.190836724365804002e+03 1.461959793807799501e+00
5.191338302945800024e+03 1.462805339972637508e+00
5.191839881525795136e+03 1.461304544721084397e+00
5.192341460105789338e+03 1.458188749715240373e+00
5.192843038685783540e+03 1.454472207109045456e+00
5.193344617265779561e+03 1.450775703649670900e+00
5.193846195845774673e+03 1.447341387879621522e+00
5.194347774425768876e+03 1.444792647797100704e+00
5.194849353005763078e+03 1.443985546219416216e+00
5.195350931585759099e+03 1.445003410058982807e+00
5.195852510165754211e+03 1.447247309857702557e+00
5.196354088745748413e+03 1.450452021379746714e+00
5.196855667325742616e+03 1.454793188004722682e+00
5.197357245905738637e+03 1.460284226429282128e+00
5.197858824485733749e+03 1.466833856896041510e+00
5.198360403065727951e+03 1.474565454193878411e+00
5.198861981645722153e+03 1.483117870669622418e+00
5.199363560225717265e+03 1.491468652832891983e+00
5.199865138805713286e+03 1.498998055742170266e+00
5.200366717385707489e+03 1.505590321373843521e+00
5.200868295965701691e+03 1.510903747825606880e+00
5.201369874545696803e+03 1.514444633657744177e+00
5.201871453125692824e+03 1.515885489698475252e+00
5.202373031705687026e+03 1.515068153592490585e+00
5.202874610285681229e+03 1.511785928776490762e+00
5.203376188865676340e+03 1.506003265648484746e+00
5.203877767445672362e+03 1.498198942513665699e+00
5.204379346025666564e+03 1.488428027225982664e+00
5.204880924605660766e+03 1.476054197449310434e+00
5.205382503185655878e+03 1.462013212003684393e+00
5.205884081765651899e+03 1.449048735944312716e+00
5.206385660345646102e+03 1.438190261017230354e+00
5.206887238925640304e+03 1.428545826150123599e+00
5.207388817505635416e+03 1.419977138032402220e+00
5.207890396085631437e+03 1.413560025675305143e+00
5.208391974665625639e+03 1.410145470789057054e+00
5.208893553245619842e+03 1.409962396347329783e+00
5.209395131825614953e+03 1.412987413721563446e+00
5.209896710405610065e+03 1.419093082537871808e+00
5.210398288985605177e+03 1.427938841879988985e+00
5.210899867565599379e+03 1.438888774345533417e+00
5.211401446145594491e+03 1.451390475029003646e+00
5.211903024725589603e+03 1.465740397324184929e+00
5.212404603305583805e+03 1.482327962699797830e+00
5.212906181885578917e+03 1.499698929447032869e+00
5.213407760465574029e+03 1.515396105173213215e+00
5.213909339045569141e+03 1.528736885628137365e+00
5.214410917625563343e+03 1.540454841017968590e+00
5.214912496205557545e+03 1.550780024812393965e+00
5.215414074785553566e+03 1.559477887174003152e+00
5.215915653365548678e+03 1.566621681407378119e+00
5.216417231945542881e+03 1.572657092140229196e+00
5.216918810525537083e+03 1.578127916322355162e+00
5.217420389105533104e+03 1.583387098083828715e+00
5.217921967685528216e+03 1.588515939198949622e+00
5.218423546265522418e+03 1.593495135997926582e+00
5.218925124845516621e+03 1.598263347686020630e+00
5.219426703425512642e+03 1.602622072706115564e+00
5.219928282005507754e+03 1.606263654892270409e+00
5.220429860585501956e+03 1.608814633109808323e+00
5.220931439165496158e+03 1.609870469025038275e+00
5.221433017745492180e+03 1.609113426817615711e+00
5.221934596325487291e+03 1.606346322870255250e+00
5.222436174905481494e+03 1.601454433178735037e+00
5.222937753485475696e+03 1.594450168146643421e+00
5.223439332065471717e+03 1.585518388471065965e+00
5.223940910645466829e+03 1.574949446833610267e+00
5.224442489225461031e+03 1.563161896808120011e+00
5.224944067805455234e+03 1.550726391565801610e+00
5.225445646385450345e+03 1.538272786787054258e+00
5.225947224965446367e+03 1.526531931190300284e+00
5.226448803545440569e+03 1.516329624923625108e+00
5.226950382125434771e+03 1.508412781129737423e+00
5.227451960705429883e+03 1.503343960202678131e+00
5.227953539285425904e+03 1.501460060267679308e+00
5.228455117865420107e+03 1.502805984445110266e+00
5.228956696445414309e+03 1.507204130354779181e+00
5.229458275025409421e+03 1.514271486193666583e+00
5.229959853605405442e+03 1.523305679743350183e+00
5.230461432185399644e+03 1.533256807206778927e+00
5.230963010765393847e+03 1.542963480781048169e+00
5.231464589345388958e+03 1.551587517028456098e+00
5.231966167925384980e+03 1.558843341707549346e+00
5.232467746505379182e+03 1.564783454992848100e+00
5.232969325085373384e+03 1.569753740752821702e+00
5.233470903665368496e+03 1.574309701125367944e+00
5.233972482245364517e+03 1.578802132217110632e+00
5.234474060825358720e+03 1.583270573823726934e+00
5.234975639405352922e+03 1.587658934439271752e+00
5.235477217985348034e+03 1.592366823283325239e+00
5.235978796565343146e+03 1.597936768407057784e+00
5.236480375145338257e+03 1.604563976938012893e+00
5.236981953725332460e+03 1.612043148564836770e+00
5.237483532305327572e+03 1.619763395750684287e+00
5.237985110885322683e+03 1.627437832551635211e+00
5.238486689465316886e+03 1.635727047729988781e+00
5.238988268045311997e+03 1.644949349438248998e+00
5.239489846625307109e+03 1.653943328022143389e+00
5.239991425205302221e+03 1.661314186679156535e+00
5.240493003785296423e+03 1.667188577430544827e+00
5.240994582365290626e+03 1.672152696938949079e+00
5.241496160945286647e+03 1.676098443239702140e+00
5.241997739525281759e+03 1.678768188277053319e+00
5.242499318105275961e+03 1.680144772229656080e+00
5.243000896685270163e+03 1.680299436048219075e+00
5.243502475265266185e+03 1.679322349847270246e+00
5.244004053845261296e+03 1.677266024882026807e+00
5.244505632425255499e+03 1.674241534166770240e+00
5.245007211005249701e+03 1.670388888743910005e+00
5.245508789585245722e+03 1.665643716448018674e+00
5.246010368165240834e+03 1.659843618580522318e+00
5.246511946745235036e+03 1.653332003333704670e+00
5.247013525325229239e+03 1.647005273382778245e+00
5.247515103905225260e+03 1.641356156927531673e+00
5.248016682485220372e+03 1.636199631167094104e+00
5.248518261065214574e+03 1.631397358503600792e+00
5.249019839645208776e+03 1.627080615837128263e+00
5.249521418225204798e+03 1.623360020376377388e+00
5.250022996805199909e+03 1.620267180839982446e+00
5.250524575385194112e+03 1.617756239616056080e+00
5.251026153965188314e+03 1.615780606683026477e+00
5.251527732545183426e+03 1.614405292480633580e+00
5.252029311125179447e+03 1.613430397454262755e+00
5.252530889705173649e+03 1.612429102123465352e+00
5.253032468285167852e+03 1.611649008318152054e+00
5.253534046865162964e+03 1.611628292171148003e+00
5.254035625445158985e+03 1.612395329915964570e+00
5.254537204025153187e+03 1.613731916962326984e+00
5.255038782605147389e+03 1.615588890938272293e+00
5.255540361185142501e+03 1.618115390395417297e+00
5.256041939765138522e+03 1.621390355741212819e+00
5.256543518345132725e+03 1.625097860686437246e+00
5.257045096925126927e+03 1.628929695482073559e+00
5.257546675505122039e+03 1.632810971907610043e+00
5.258048254085118060e+03 1.636068387378478484e+00
5.258549832665112262e+03 1.637582177472588718e+00
5.259051411245106465e+03 1.636681517534265495e+00
5.259552989825101577e+03 1.633038769154782077e+00
5.260054568405097598e+03 1.626398484281742496e+00
5.260556146985091800e+03 1.616566587636650398e+00
5.261057725565086002e+03 1.603637314709636108e+00
5.261559304145081114e+03 1.588113144673075183e+00
5.262060882725076226e+03 1.570209965544731467e+00
5.262562461305071338e+03 1.551180150650377509e+00
5.263064039885065540e+03 1.537423682317639706e+00
5.263565618465060652e+03 1.529523807150707793e+00
5.264067197045055764e+03 1.512798207814698204e+00
5.264568775625049966e+03 1.484299825457597422e+00
5.265070354205045078e+03 1.457675872815280105e+00
5.265571932785040190e+03 1.437396914906357015e+00
5.266073511365035301e+03 1.416588094686177079e+00
5.266575089945029504e+03 1.395269055881052545e+00
5.267076668525023706e+03 1.378576192934998446e+00
5.267578247105019727e+03 1.366086635932044047e+00
5.268079825685014839e+03 1.355944137593853682e+00
5.268581404265009041e+03 1.348902449573294859e+00
5.269082982845003244e+03 1.345392118429328709e+00
5.269584561424999265e+03 1.344790387313382407e+00
5.270086140004994377e+03 1.346601136907696006e+00
5.270587718584988579e+03 1.350983741926247594e+00
5.271089297164982781e+03 1.358360557772331001e+00
5.271590875744978803e+03 1.368907397524059100e+00
5.272092454324973914e+03 1.382424723741203287e+00
5.272594032904968117e+03 1.398489337295103052e+00
5.273095611484962319e+03 1.416569830872617564e+00
5.273597190064958340e+03 1.436055244089451177e+00
5.274098768644953452e+03 1.456347480844454312e+00
5.274600347224947654e+03 1.476945207591419784e+00
5.275101925804941857e+03 1.497514288236773350e+00
5.275603504384937878e+03 1.517837593668614371e+00
5.276105082964932990e+03 1.537365278512625721e+00
5.276606661544927192e+03 1.555324941639780523e+00
5.277108240124921394e+03 1.572087669638885465e+00
5.277609818704916506e+03 1.589276528261161392e+00
5.278111397284912528e+03 1.607320901980986427e+00
5.278612975864906730e+03 1.623959038378133712e+00
5.279114554444900932e+03 1.636826019737447346e+00
5.279616133024896044e+03 1.646096406930818823e+00
5.280117711604892065e+03 1.652870768760948739e+00
5.280619290184886268e+03 1.657421491004288150e+00
5.281120868764880470e+03 1.659780547672025097e+00
5.281622447344875582e+03 1.660353285019257719e+00
5.282124025924871603e+03 1.659798301475076565e+00
5.282625604504865805e+03 1.658856981521314555e+00
5.283127183084860008e+03 1.658321914915615647e+00
5.283628761664855119e+03 1.658981366229998367e+00
5.284130340244851141e+03 1.661397494684284881e+00
5.284631918824845343e+03 1.665809046788332637e+00
5.285133497404839545e+03 1.672211837415897406e+00
5.285635075984834657e+03 1.680207203408305761e+00
5.286136654564830678e+03 1.689073597509599178e+00
5.286638233144824881e+03 1.698900319690062055e+00
5.287139811724819083e+03 1.710501531396621200e+00
5.287641390304814195e+03 1.723068005850904694e+00
5.288142968884809306e+03 1.733991606188992396e+00
5.288644547464804418e+03 1.741972090649139826e+00
5.289146126044798621e+03 1.747620150528589544e+00
5.289647704624793732e+03 1.751656617253738890e+00
5.290149283204788844e+03 1.754201118209675947e+00
5.290650861784783046e+03 1.755175804506978521e+00
5.291152440364778158e+03 1.754656469933889129e+00
5.291654018944773270e+03 1.752780208375274151e+00
5.292155597524768382e+03 1.749563708391395966e+00
5.292657176104762584e+03 1.744936429410832268e+00
5.293158754684756786e+03 1.738869977024948499e+00
5.293660333264752808e+03 1.731377167814635243e+00
5.294161911844747920e+03 1.722486781357090102e+00
5.294663490424742122e+03 1.712329213279764950e+00
5.295165069004736324e+03 1.701162895010898346e+00
5.295666647584732345e+03 1.689291598302635755e+00
5.296168226164727457e+03 1.677129900366181259e+00
5.296669804744721660e+03 1.665225515412124047e+00
5.297171383324715862e+03 1.654127323751669376e+00
5.297672961904711883e+03 1.644507690337169148e+00
5.298174540484706995e+03 1.637121846775716483e+00
5.298676119064701197e+03 1.632427063834964720e+00
5.299177697644695400e+03 1.630539534831660697e+00
5.299679276224691421e+03 1.631306674977090143e+00
5.300180854804686533e+03 1.634498495685655417e+00
5.300682433384680735e+03 1.640551283655773407e+00
5.301184011964674937e+03 1.650237878961977156e+00
5.301685590544670958e+03 1.662753674855482533e+00
5.302187169124666070e+03 1.675828503132388514e+00
5.302688747704660273e+03 1.688631585599928542e+00
5.303190326284654475e+03 1.701766695912938943e+00
5.303691904864649587e+03 1.715398718461332184e+00
5.304193483444645608e+03 1.729009561557337538e+00
5.304695062024639810e+03 1.742010929978199840e+00
5.305196640604634013e+03 1.754005845511815709e+00
5.305698219184629124e+03 1.764759561105371244e+00
5.306199797764625146e+03 1.774111526526873650e+00
5.306701376344619348e+03 1.781937069753086078e+00
5.307202954924613550e+03 1.788102137253420043e+00
5.307704533504608662e+03 1.792586604117353932e+00
5.308206112084604683e+03 1.795579597445171816e+00
5.308707690664598886e+03 1.797513705079991864e+00
5.309209269244593088e+03 1.799057764906064616e+00
5.309710847824588200e+03 1.800796711093450186e+00
5.310212426404584221e+03 1.802652041304260599e+00
5.310714004984578423e+03 1.804012258216612485e+00
5.311215583564572626e+03 1.804519803974778736e+00
5.311717162144567737e+03 1.804096742625659999e+00
5.312218740724562849e+03 1.802679731772562244e+00
5.312720319304557961e+03 1.800220331045741418e+00
5.313221897884552163e+03 1.796718845115122143e+00
5.313723476464547275e+03 1.792188766603111993e+00
5.314225055044542387e+03 1.786681623687749632e+00
5.314726633624537499e+03 1.780218383252724301e+00
5.315228212204531701e+03 1.772945789715544063e+00
5.315729790784526813e+03 1.765301227542321216e+00
5.316231369364521925e+03 1.757732298489620870e+00
5.316732947944516127e+03 1.750342462968157653e+00
5.317234526524511239e+03 1.743067893325699114e+00
5.317736105104506350e+03 1.735982682870761629e+00
5.318237683684501462e+03 1.729176843646639039e+00
5.318739262264495665e+03 1.722587824974382897e+00
5.319240840844489867e+03 1.716054910186624038e+00
5.319742419424485888e+03 1.709349911139228961e+00
5.320243998004481000e+03 1.702220175154190329e+00
5.320745576584475202e+03 1.694469713159718172e+00
5.321247155164469405e+03 1.685910238047638954e+00
5.321748733744465426e+03 1.676346395399101130e+00
5.322250312324460538e+03 1.665685111985038436e+00
5.322751890904454740e+03 1.653925330172144381e+00
5.323253469484448942e+03 1.641081645042554715e+00
5.323755048064444964e+03 1.627194193731873462e+00
5.324256626644440075e+03 1.612308607056546883e+00
5.324758205224434278e+03 1.596542547072721252e+00
5.325259783804428480e+03 1.580281840990365394e+00
5.325761362384424501e+03 1.563981670277489133e+00
5.326262940964419613e+03 1.547328594473696528e+00
5.326764519544413815e+03 1.529624825198096838e+00
5.327266098124408018e+03 1.512042115160476374e+00
5.327767676704404039e+03 1.497360587406251664e+00
5.328269255284399151e+03 1.486840033825909568e+00
5.328770833864393353e+03 1.479954478987886901e+00
5.329272412444387555e+03 1.476541227157237568e+00
5.329773991024382667e+03 1.477136668838515687e+00
5.330275569604378688e+03 1.482010887291599133e+00
5.330777148184372891e+03 1.490913589717874910e+00
5.331278726764367093e+03 1.503271891490186141e+00
5.331780305344362205e+03 1.518229802889792479e+00
5.332281883924358226e+03 1.534504856912251025e+00
5.332783462504352428e+03 1.550752560904157029e+00
5.333285041084346631e+03 1.566725541747243877e+00
5.333786619664341742e+03 1.583481121940204961e+00
5.334288198244337764e+03 1.601279343624607776e+00
5.334789776824331966e+03 1.618142729958494286e+00
5.335291355404326168e+03 1.632075307150965049e+00
5.335792933984321280e+03 1.643359754517036642e+00
5.336294512564317301e+03 1.653046113735223699e+00
5.336796091144311504e+03 1.661248723547774642e+00
5.337297669724305706e+03 1.667618770788372284e+00
5.337799248304300818e+03 1.672029421332587917e+00
5.338300826884295930e+03 1.674569990115371887e+00
5.338802405464291041e+03 1.675413550142208940e+00
5.339303984044285244e+03 1.674801104460822421e+00
5.339805562624280356e+03 1.673114893415938997e+00
5.340307141204275467e+03 1.670838095486974595e+00
5.340808719784270579e+03 1.668452853734195829e+00
5.341310298364264781e+03 1.666396671374345662e+00
5.341811876944259893e+03 1.665031191701237034e+00
5.342313455524255005e+03 1.664527339354568980e+00
5.342815034104249207e+03 1.664808977178996008e+00
5.343316612684244319e+03 1.665672410150125682e+00
5.343818191264239431e+03 1.666837899584088900e+00
5.344319769844234543e+03 1.667958651644229295e+00
5.344821348424228745e+03 1.668728857916691233e+00
5.345322927004222947e+03 1.668924931143580981e+00
5.345824505584218969e+03 1.668430927490785143e+00
5.346326084164214080e+03 1.667382582429558280e+00
5.346827662744208283e+03 1.666104926975480183e+00
5.347329241324202485e+03 1.664957391447592139e+00
5.347830819904198506e+03 1.664333782823848473e+00
5.348332398484193618e+03 1.664630368438791308e+00
5.348833977064187820e+03 1.666176885138896946e+00
5.349335555644182023e+03 1.669246881755981349e+00
5.349837134224178044e+03 1.674089225525357882e+00
5.350338712804173156e+03 1.680828628785029144e+00
5.350840291384167358e+03 1.689403257163910155e+00
5.351341869964161560e+03 1.699681305277281229e+00
5.351843448544157582e+03 1.711478814738612408e+00
5.352345027124152693e+03 1.724444795788379059e+00
5.352846605704146896e+03 1.738121643233053737e+00
5.353348184284141098e+03 1.752007703614304024e+00
5.353849762864137119e+03 1.765440470156048214e+00
5.354351341444132231e+03 1.777946947944041289e+00
5.354852920024126433e+03 1.789782155198302860e+00
5.355354498604120636e+03 1.801288203712534397e+00
5.355856077184115748e+03 1.811802545856973978e+00
5.356357655764111769e+03 1.820152575471333911e+00
5.356859234344105971e+03 1.826042949032828933e+00
5.357360812924100173e+03 1.829813780397132827e+00
5.357862391504095285e+03 1.831625756773845204e+00
5.358363970084091306e+03 1.831536311779777826e+00
5.358865548664085509e+03 1.829739460524589578e+00
5.359367127244079711e+03 1.826449491770482103e+00
5.359868705824074823e+03 1.821877031599078212e+00
5.360370284404070844e+03 1.816297645353061485e+00
5.360871862984065046e+03 1.809761726713473351e+00
5.361373441564059249e+03 1.802038532339559129e+00
5.361875020144054361e+03 1.793395691747283749e+00
5.362376598724050382e+03 1.784821661537955961e+00
5.362878177304044584e+03 1.776823474776792144e+00
5.363379755884038786e+03 1.768875987149617579e+00
5.363881334464033898e+03 1.760406031043347586e+00
5.364382913044029010e+03 1.751431975976205369e+00
5.364884491624024122e+03 1.742228147811065053e+00
5.365386070204018324e+03 1.733044593474403872e+00
5.365887648784013436e+03 1.723988599350682716e+00
5.366389227364008548e+03 1.714986781063760457e+00
5.366890805944003660e+03 1.705945748359812608e+00
5.367392384523997862e+03 1.696829730972099437e+00
5.367893963103992974e+03 1.687623053273242135e+00
5.368395541683988085e+03 1.678354389903931487e+00
5.368897120263982288e+03 1.669132850238172594e+00
5.369398698843977400e+03 1.660145791540187821e+00
5.369900277423972511e+03 1.651698461997976874e+00
5.370401856003967623e+03 1.644251685010630570e+00
5.370903434583961825e+03 1.638365391179259500e+00
5.371405013163956028e+03 1.634637394410355604e+00
5.371906591743952049e+03 1.633620655727838544e+00
5.372408170323947161e+03 1.635701088114270174e+00
5.372909748903941363e+03 1.641012671204659767e+00
5.373411327483935565e+03 1.649377572989945140e+00
5.373912906063931587e+03 1.660329901747616299e+00
5.374414484643926698e+03 1.673144234683144660e+00
5.374916063223920901e+03 1.686928480503868677e+00
5.375417641803915103e+03 1.700778036079825917e+00
5.375919220383911124e+03 1.713949457300612877e+00
5.376420798963906236e+03 1.725932666665503490e+00
5.376922377543900438e+03 1.736311130226136257e+00
5.377423956123894641e+03 1.744716539119752996e+00
5.377925534703890662e+03 1.751033012782232223e+00
5.378427113283885774e+03 1.755386291240641494e+00
5.378928691863879976e+03 1.757963649776356885e+00
5.379430270443874178e+03 1.758935147519955056e+00
5.379931849023870200e+03 1.758479492980307368e+00
5.380433427603865312e+03 1.756800630929118867e+00
5.380935006183859514e+03 1.754114290144999755e+00
5.381436584763853716e+03 1.750633417293783634e+00
5.381938163343848828e+03 1.746583630370878826e+00
5.382439741923844849e+03 1.742266505612800165e+00
5.382941320503839052e+03 1.738060620159349146e+00
5.383442899083833254e+03 1.734290758648437514e+00
5.383944477663828366e+03 1.731069875758318277e+00
5.384446056243824387e+03 1.728412151887495751e+00
5.384947634823818589e+03 1.726355615243591934e+00
5.385449213403812792e+03 1.724737048846749499e+00
5.385950791983807903e+03 1.723229483377311411e+00
5.386452370563803925e+03 1.721693632865705759e+00
5.386953949143798127e+03 1.720076175976976263e+00
5.387455527723792329e+03 1.718139444967081264e+00
5.387957106303787441e+03 1.715589352108865651e+00
5.388458684883783462e+03 1.712238296529474901e+00
5.388960263463777665e+03 1.708391769960567075e+00
5.389461842043771867e+03 1.704730848973284640e+00
5.389963420623766979e+03 1.704527578954951217e+00
5.390464999203762090e+03 1.713049572903702522e+00
5.390966577783757202e+03 1.726661139849592352e+00
5.391468156363751405e+03 1.731006222125551108e+00
5.391969734943746516e+03 1.713359288896235233e+00
5.392471313523741628e+03 1.685437953118603005e+00
5.392972892103736740e+03 1.668348485634789213e+00
5.393474470683730942e+03 1.661061490609558211e+00
5.393976049263726054e+03 1.655572220677402395e+00
5.394477627843721166e+03 1.649944434712564245e+00
5.394979206423715368e+03 1.644096729234580057e+00
5.395480785003710480e+03 1.638126986308291677e+00
5.395982363583705592e+03 1.632292803659391556e+00
5.396483942163700704e+03 1.626848075629756085e+00
5.396985520743694906e+03 1.621900793645961958e+00
5.397487099323689108e+03 1.617683889067850211e+00
5.397988677903685129e+03 1.614388197070471653e+00
5.398490256483680241e+03 1.612157290810784627e+00
5.398991835063674444e+03 1.611305850046795829e+00
5.399493413643668646e+03 1.611695770673922556e+00
5.399994992223664667e+03 1.612709710700719778e+00
5.400496570803659779e+03 1.613892915953478946e+00
5.400998149383653981e+03 1.614833504722287705e+00
5.401499727963648184e+03 1.614963138369337248e+00
5.402001306543644205e+03 1.613829359747626313e+00
5.402502885123639317e+03 1.611142375150069750e+00
5.403004463703633519e+03 1.606730971606508351e+00
5.403506042283627721e+03 1.600634672245630608e+00
5.404007620863623742e+03 1.593212158272121037e+00
5.404509199443618854e+03 1.584994180243352258e+00
5.405010778023613057e+03 1.576549555093912147e+00
5.405512356603607259e+03 1.568613599572880712e+00
5.406013935183603280e+03 1.562037742592363943e+00
5.406515513763598392e+03 1.557470511393036272e+00
5.407017092343592594e+03 1.555308071541836590e+00
5.407518670923586797e+03 1.555796415581605086e+00
5.408020249503581908e+03 1.558935890928200063e+00
5.408521828083577930e+03 1.564470923861189133e+00
5.409023406663572132e+03 1.572116893771406954e+00
5.409524985243566334e+03 1.581597999206679983e+00
5.410026563823561446e+03 1.592478371980467600e+00
5.410528142403557467e+03 1.604296424823051126e+00
5.411029720983551670e+03 1.616948909816481095e+00
5.411531299563545872e+03 1.630552222907337256e+00
5.412032878143540984e+03 1.644914219600146055e+00
5.412534456723537005e+03 1.660101580749600458e+00
5.413036035303531207e+03 1.680014921797782002e+00
5.413537613883525410e+03 1.708949051616397874e+00
5.414039192463520521e+03 1.737441457560097824e+00
5.414540771043516543e+03 1.755167788919451466e+00
5.415042349623510745e+03 1.759921719133841655e+00
5.415543928203504947e+03 1.749679109062467042e+00
5.416045506783500059e+03 1.743782767251575994e+00
5.416547085363495171e+03 1.749446546635441191e+00
5.417048663943490283e+03 1.757480393005930619e+00
5.417550242523484485e+03 1.764383008444996515e+00
5.418051821103479597e+03 1.770381555830310871e+00
5.418553399683474709e+03 1.775691723506210629e+00
5.419054978263469820e+03 1.780208070001905618e+00
5.419556556843464023e+03 1.783647326939636901e+00
5.420058135423459134e+03 1.785917392742986554e+00
5.420559714003454246e+03 1.786989318473752419e+00
5.421061292583448449e+03 1.786828463157645430e+00
5.421562871163443560e+03 1.785422285787408470e+00
5.422064449743438672e+03 1.782749080883216930e+00
5.422566028323433784e+03 1.778752265654710119e+00
5.423067606903427986e+03 1.773450804563485139e+00
5.423569185483422189e+03 1.767316828287405883e+00
5.424070764063418210e+03 1.760981566987890989e+00
5.424572342643413322e+03 1.754396244213708878e+00
5.425073921223407524e+03 1.747166187069391530e+00
5.425575499803401726e+03 1.739461694113527912e+00
5.426077078383397748e+03 1.731792565766768544e+00
5.426578656963392859e+03 1.724409465182054735e+00
5.427080235543387062e+03 1.717066456919539963e+00
5.427581814123381264e+03 1.708855756044261653e+00
5.428083392703377285e+03 1.699016221984127384e+00
5.428584971283372397e+03 1.687827472456112421e+00
5.429086549863366599e+03 1.676169551375926936e+00
5.429588128443360802e+03 1.664929978176562519e+00
5.430089707023356823e+03 1.654444686451914226e+00
5.430591285603351935e+03 1.644014527756341604e+00
5.431092864183346137e+03 1.633442252678835693e+00
5.431594442763340339e+03 1.624061879546264908e+00
5.432096021343336361e+03 1.617103185411712385e+00
5.432597599923331472e+03 1.612562063266949730e+00
5.433099178503325675e+03 1.609806806671023161e+00
5.433600757083319877e+03 1.608284290150025164e+00
5.434102335663314989e+03 1.608011438970928575e+00
5.434603914243311010e+03 1.609713691181849038e+00
5.435105492823305212e+03 1.614084590117083939e+00
5.435607071403299415e+03 1.620642545858182793e+00
5.436108649983294526e+03 1.628351499515265033e+00
5.436610228563290548e+03 1.637373459445434998e+00
5.437111807143284750e+03 1.648698748765720090e+00
5.437613385723278952e+03 1.662633451653614536e+00
5.438114964303274064e+03 1.678688818973983699e+00
5.438616542883270085e+03 1.695619524508141573e+00
5.439118121463264288e+03 1.711498618208032507e+00
5.439619700043258490e+03 1.725483985433192480e+00
5.440121278623253602e+03 1.738174985660029259e+00
5.440622857203249623e+03 1.749852974648560711e+00
5.441124435783243825e+03 1.759936228094950206e+00
5.441626014363238028e+03 1.767745266439492813e+00
5.442127592943233140e+03 1.772838484163067996e+00
5.442629171523228251e+03 1.775030367115040475e+00
5.443130750103223363e+03 1.774405310860009521e+00
5.443632328683217565e+03 1.771027249381526669e+00
5.444133907263212677e+03 1.764953281616779446e+00
5.444635485843207789e+03 1.756606522108716373e+00
5.445137064423202901e+03 1.746767536097460383e+00
5.445638643003197103e+03 1.736309615933934181e+00
5.446140221583192215e+03 1.725944568473258167e+00
5.446641800163187327e+03 1.716029090168816218e+00
5.447143378743181529e+03 1.706770767542795220e+00
5.447644957323176641e+03 1.698701895423825103e+00
5.448146535903171753e+03 1.692795696581955056e+00
5.448648114483166864e+03 1.689841503636647202e+00
5.449149693063161067e+03 1.689778072507977624e+00
5.449651271643155269e+03 1.691879572562961620e+00
5.450152850223151290e+03 1.695363085756716570e+00
5.450654428803146402e+03 1.699610868098560656e+00
5.451156007383140604e+03 1.704038389225570604e+00
5.451657585963134807e+03 1.708059612655876691e+00
5.452159164543130828e+03 1.711098663651059226e+00
5.452660743123125940e+03 1.712710794260196900e+00
5.453162321703120142e+03 1.712720105836292861e+00
5.453663900283114344e+03 1.711184448275320236e+00
5.454165478863110366e+03 1.708331235338728105e+00
5.454667057443105477e+03 1.704578268359528526e+00
5.455168636023099680e+03 1.700537072561822072e+00
5.455670214603093882e+03 1.696953574657199981e+00
5.456171793183089903e+03 1.694536416342788065e+00
5.456673371763085015e+03 1.693829646405611955e+00
5.457174950343079217e+03 1.695151109156908253e+00
5.457676528923073420e+03 1.698451834352251222e+00
5.458178107503068532e+03 1.703320352712805130e+00
5.458679686083064553e+03 1.709225462009514196e+00
5.459181264663058755e+03 1.715564438529500357e+00
5.459682843243052957e+03 1.721619972811194721e+00
5.460184421823048069e+03 1.726756094985310686e+00
5.460686000403044090e+03 1.730608826804429956e+00
5.461187578983038293e+03 1.733032368651451050e+00
5.461689157563032495e+03 1.734026269353308169e+00
5.462190736143027607e+03 1.733765266268417760e+00
5.462692314723023628e+03 1.732583943217759881e+00
5.463193893303017830e+03 1.730915093437411123e+00
5.463695471883012033e+03 1.729228387996900373e+00
5.464197050463007145e+03 1.727943769135583674e+00
5.464698629043003166e+03 1.727356348503979788e+00
5.465200207622997368e+03 1.727610564053687847e+00
5.465701786202991570e+03 1.728671725371571988e+00
5.466203364782986682e+03 1.730373334138664232e+00
5.466704943362982704e+03 1.732506606720920272e+00
5.467206521942976906e+03 1.734811468865111284e+00
5.467708100522971108e+03 1.737013259663083176e+00
5.468209679102966220e+03 1.738910204377030588e+00
5.468711257682961332e+03 1.740334006394216981e+00
5.469212836262956444e+03 1.741129335285252377e+00
5.469714414842950646e+03 1.741187880328334492e+00
5.470215993422945758e+03 1.740445706499804013e+00
5.470717572002940869e+03 1.738832497431124668e+00
5.471219150582935072e+03 1.736273163230291239e+00
5.471720729162930184e+03 1.732740713274553812e+00
5.472222307742925295e+03 1.728259384344611682e+00
5.472723886322920407e+03 1.722817113483080309e+00
5.473225464902914609e+03 1.716393278673417289e+00
5.473727043482909721e+03 1.709095688785563283e+00
5.474228622062904833e+03 1.701161408409719300e+00
5.474730200642899945e+03 1.692784732708045858e+00
5.475231779222894147e+03 1.684110486813749086e+00
5.475733357802888349e+03 1.675436696578739948e+00
5.476234936382884371e+03 1.667229904776747151e+00
5.476736514962879482e+03 1.659980228939675673e+00
5.477238093542873685e+03 1.654141224435014879e+00
5.477739672122867887e+03 1.650078205913290130e+00
5.478241250702863908e+03 1.647996032605663741e+00
5.478742829282859020e+03 1.647943318107995214e+00
5.479244407862853222e+03 1.649758743081424228e+00
5.479745986442847425e+03 1.653088310539121863e+00
5.480247565022843446e+03 1.657489412678720520e+00
5.480749143602838558e+03 1.662483901321680335e+00
5.481250722182832760e+03 1.667656083713257242e+00
5.481752300762826962e+03 1.672799125293923161e+00
5.482253879342822984e+03 1.677807837893060983e+00
5.482755457922818096e+03 1.682600103872087693e+00
5.483257036502812298e+03 1.687215563658412742e+00
5.483758615082806500e+03 1.691713833245414467e+00
5.484260193662801612e+03 1.696022854227194676e+00
5.484761772242797633e+03 1.699984300064221188e+00
5.485263350822791836e+03 1.703392156180135952e+00
5.485764929402786038e+03 1.706023403018701146e+00
5.486266507982781150e+03 1.707708045769151139e+00
5.486768086562777171e+03 1.708349727141737606e+00
5.487269665142771373e+03 1.707996890945228330e+00
5.487771243722765576e+03 1.706892776653360144e+00
5.488272822302760687e+03 1.705391031764081688e+00
5.488774400882756709e+03 1.703868575760579818e+00
5.489275979462750911e+03 1.702675582812551047e+00
5.489777558042745113e+03 1.702080591378966723e+00
5.490279136622740225e+03 1.702234028373786678e+00
5.490780715202736246e+03 1.703185951171897861e+00
5.491282293782730449e+03 1.704875238554912631e+00
5.491783872362724651e+03 1.707036439008790207e+00
5.492285450942719763e+03 1.709339957645288788e+00
5.492787029522715784e+03 1.711679146263953122e+00
5.493288608102709986e+03 1.714029642506683659e+00
5.493790186682704189e+03 1.716178503311532877e+00
5.494291765262699300e+03 1.717791188987727979e+00
5.494793343842694412e+03 1.718770704167945862e+00
5.495294922422689524e+03 1.719409295725340847e+00
5.495796501002683726e+03 1.719955048119696128e+00
5.496298079582678838e+03 1.720183493294739296e+00
5.496799658162673950e+03 1.719836086879526160e+00
5.497301236742668152e+03 1.718921676222276318e+00
5.497802815322663264e+03 1.717691586112095159e+00
5.498304393902658376e+03 1.716522843197564541e+00
5.498805972482653488e+03 1.715749467682545104e+00
5.499307551062647690e+03 1.715459774033883278e+00
5.499809129642642802e+03 1.715446071041415665e+00
5.500310708222637913e+03 1.715424942639398154e+00
5.500812286802633025e+03 1.715232648702120777e+00
5.501313865382627228e+03 1.714649293164040689e+00
5.501815443962621430e+03 1.713426642755779827e+00
5.502317022542617451e+03 1.711416100930160056e+00
5.502818601122612563e+03 1.708638327507740140e+00
5.503320179702606765e+03 1.705146294009272978e+00
5.503821758282600968e+03 1.700878969951571840e+00
5.504323336862596989e+03 1.695977401759448000e+00
5.504824915442592101e+03 1.690784511401512535e+00
5.505326494022586303e+03 1.685197200763086212e+00
5.505828072602580505e+03 1.679225472416026488e+00
5.506329651182576526e+03 1.673849319757550358e+00
5.506831229762571638e+03 1.669831011847584978e+00
5.507332808342565841e+03 1.666801887533593263e+00
5.507834386922560043e+03 1.664222216349759087e+00
5.508335965502556064e+03 1.662092408093720941e+00
5.508837544082551176e+03 1.660513013386712089e+00
5.509339122662545378e+03 1.659350603143121994e+00
5.509840701242539581e+03 1.658409835109715846e+00
5.510342279822534692e+03 1.657522495969147469e+00
5.510843858402530714e+03 1.656459195550548325e+00
5.511345436982524916e+03 1.655112957506317706e+00
5.511847015562519118e+03 1.653541001647036435e+00
5.512348594142514230e+03 1.651930666642460910e+00
5.512850172722510251e+03 1.650645042062336643e+00
5.513351751302504454e+03 1.650316752913715490e+00
5.513853329882498656e+03 1.651794841715282791e+00
5.514354908462493768e+03 1.655446370532641875e+00
5.514856487042489789e+03 1.660822381410469228e+00
5.515358065622483991e+03 1.667632319464992463e+00
5.515859644202478194e+03 1.676028719291977165e+00
5.516361222782473305e+03 1.685871438625149654e+00
5.516862801362469327e+03 1.696598484303645016e+00
5.517364379942463529e+03 1.707673184737448668e+00
5.517865958522457731e+03 1.718638133167417203e+00
5.518367537102452843e+03 1.728969910513491914e+00
5.518869115682448864e+03 1.738148009588598164e+00
5.519370694262443067e+03 1.745765096645131242e+00
5.519872272842437269e+03 1.751593698782401898e+00
5.520373851422432381e+03 1.755583084193748089e+00
5.520875430002427493e+03 1.757774018888066614e+00
5.521377008582422604e+03 1.758302474632113199e+00
5.521878587162416807e+03 1.757393846669542903e+00
5.522380165742411918e+03 1.755286606887983991e+00
5.522881744322407030e+03 1.752210613997550848e+00
5.523383322902401233e+03 1.748372000619069055e+00
5.523884901482396344e+03 1.743930151431933417e+00
5.524386480062391456e+03 1.738954759179457188e+00
5.524888058642386568e+03 1.733453123968815568e+00
5.525389637222380770e+03 1.727547744456647383e+00
5.525891215802375882e+03 1.721540252757136180e+00
5.526392794382370994e+03 1.715782462948121978e+00
5.526894372962366106e+03 1.710487517421458881e+00
5.527395951542360308e+03 1.705730817865963145e+00
5.527897530122354510e+03 1.701717171065687761e+00
5.528399108702350532e+03 1.698802538155205877e+00
5.528900687282345643e+03 1.697300619076822281e+00
5.529402265862339846e+03 1.697422027916152931e+00
5.529903844442334048e+03 1.699207517309120119e+00
5.530405423022330069e+03 1.702459029950655900e+00
5.530907001602325181e+03 1.706867305481630348e+00
5.531408580182319383e+03 1.712082366818340473e+00
5.531910158762313586e+03 1.717702314134593511e+00
5.532411737342309607e+03 1.723365928728197494e+00
5.532913315922304719e+03 1.728743994847300458e+00
5.533414894502298921e+03 1.733499727863024198e+00
5.533916473082293123e+03 1.737432537000143995e+00
5.534418051662289145e+03 1.740631154555424942e+00
5.534919630242284256e+03 1.743425313395938092e+00
5.535421208822278459e+03 1.746200166906849649e+00
5.535922787402272661e+03 1.749380686327779877e+00
5.536424365982267773e+03 1.753453024360767110e+00
5.536925944562263794e+03 1.758378417293997131e+00
5.537427523142257996e+03 1.763298212261490860e+00
5.537929101722252199e+03 1.767986391934783796e+00
5.538430680302247310e+03 1.772833629604138483e+00
5.538932258882243332e+03 1.777921186540234233e+00
5.539433837462237534e+03 1.783176390412465562e+00
5.539935416042231736e+03 1.788639998284088595e+00
5.540436994622226848e+03 1.794019884497499273e+00
5.540938573202222869e+03 1.798730488556014251e+00
5.541440151782217072e+03 1.802610950065097084e+00
5.541941730362211274e+03 1.806021421221170931e+00
5.542443308942206386e+03 1.809223806497801901e+00
5.542944887522202407e+03 1.812032730054955465e+00
5.543446466102196609e+03 1.813930767108137498e+00
5.543948044682190812e+03 1.814629712843160547e+00
5.544449623262185924e+03 1.814379815124973039e+00
5.544951201842181945e+03 1.813490543040948477e+00
5.545452780422176147e+03 1.812190870446416913e+00
5.545954359002170349e+03 1.810743641027631412e+00
5.546455937582165461e+03 1.809290436393704349e+00
5.546957516162160573e+03 1.807872561204441730e+00
5.547459094742155685e+03 1.806617067395114962e+00
5.547960673322149887e+03 1.805610288910935335e+00
5.548462251902144999e+03 1.804750113861251393e+00
5.548963830482140111e+03 1.804129661443767851e+00
5.549465409062134313e+03 1.804505283608558663e+00
5.549966987642129425e+03 1.805603704839987333e+00
5.550468566222124537e+03 1.805094198296492980e+00
5.550970144802119648e+03 1.802378247172981229e+00
5.551471723382113851e+03 1.798848831235607904e+00
5.551973301962108962e+03 1.795841629309747001e+00
5.552474880542104074e+03 1.793444654197219101e+00
5.552976459122099186e+03 1.790861009501752976e+00
5.553478037702093388e+03 1.787906235257277432e+00
5.553979616282087591e+03 1.784893361366746589e+00
5.554481194862083612e+03 1.782061073592331235e+00
5.554982773442078724e+03 1.779497862772204453e+00
5.555484352022072926e+03 1.777223180685357118e+00
5.555985930602067128e+03 1.775235022793619111e+00
5.556487509182063150e+03 1.773565121241493570e+00
5.556989087762058261e+03 1.772140634830196682e+00
5.557490666342052464e+03 1.770842023633291351e+00
5.557992244922046666e+03 1.769664820931672100e+00
5.558493823502042687e+03 1.768569373059766914e+00
5.558995402082037799e+03 1.767348559680489206e+00
5.559496980662032001e+03 1.765725836708322394e+00
5.559998559242026204e+03 1.763558229172631497e+00
5.560500137822022225e+03 1.760666451646841768e+00
5.561001716402017337e+03 1.756771877129938098e+00
5.561503294982011539e+03 1.751871610529928347e+00
5.562004873562005741e+03 1.746859867045621240e+00
5.562506452142000853e+03 1.742776605116480582e+00
5.563008030721996874e+03 1.739519922730133228e+00
5.563509609301991077e+03 1.736398277562508419e+00
5.564011187881985279e+03 1.732947771420856764e+00
5.564512766461980391e+03 1.732935594925579137e+00
5.565014345041976412e+03 1.743421424626403038e+00
5.565515923621970614e+03 1.756843524110843102e+00
5.566017502201964817e+03 1.760728877038606033e+00
5.566519080781959929e+03 1.758998521381087699e+00
5.567020659361955950e+03 1.749805129675967130e+00
5.567522237941950152e+03 1.734505101976765218e+00
5.568023816521944354e+03 1.724888231539655870e+00
5.568525395101939466e+03 1.722146258206253000e+00
5.569026973681935488e+03 1.721273118204160957e+00
5.569528552261929690e+03 1.720701731542995105e+00
5.570030130841923892e+03 1.720353116285173289e+00
5.570531709421919004e+03 1.720039373886540490e+00
5.571033288001915025e+03 1.719559797996540018e+00
5.571534866581909228e+03 1.719091672958779515e+00
5.572036445161903430e+03 1.718914079355013946e+00
5.572538023741898542e+03 1.718794998338057045e+00
5.573039602321893653e+03 1.718872856217489531e+00
5.573541180901888765e+03 1.719968069862436000e+00
5.574042759481882968e+03 1.722095899342241943e+00
5.574544338061878079e+03 1.724429284478997015e+00
5.575045916641873191e+03 1.726780574970843585e+00
5.575547495221867393e+03 1.729682226878815676e+00
5.576049073801862505e+03 1.733280507322099595e+00
5.576550652381857617e+03 1.737318532345071720e+00
5.577052230961852729e+03 1.741554384587760351e+00
5.577553809541846931e+03 1.745757513119207793e+00
5.578055388121842043e+03 1.749748164212887369e+00
5.578556966701837155e+03 1.753406762735748803e+00
5.579058545281832266e+03 1.756443840853933125e+00
5.579560123861826469e+03 1.758369594580230455e+00
5.580061702441820671e+03 1.759067449919710313e+00
5.580563281021816692e+03 1.758768903854698307e+00
5.581064859601811804e+03 1.757350936161279575e+00
5.581566438181806006e+03 1.754532776614330380e+00
5.582068016761800209e+03 1.750276874442426411e+00
5.582569595341796230e+03 1.744745741085922841e+00
5.583071173921791342e+03 1.737730372193888151e+00
5.583572752501785544e+03 1.728502605606629938e+00
5.584074331081779746e+03 1.717135128679967426e+00
5.584575909661775768e+03 1.705328368080218482e+00
5.585077488241770880e+03 1.694426166269817902e+00
5.585579066821765082e+03 1.683947745402186058e+00
5.586080645401759284e+03 1.673054434725236739e+00
5.586582223981755305e+03 1.661797713248060138e+00
5.587083802561750417e+03 1.650699568436070352e+00
5.587585381141744620e+03 1.640471006603376303e+00
5.588086959721738822e+03 1.631893584435058830e+00
5.588588538301733934e+03 1.625395763705200558e+00
5.589090116881729955e+03 1.621054772532325439e+00
5.589591695461724157e+03 1.618811586619019804e+00
5.590093274041718360e+03 1.618557441022556276e+00
5.590594852621713471e+03 1.620170554328237866e+00
5.591096431201709493e+03 1.623429148859650173e+00
5.591598009781703695e+03 1.627965428768303635e+00
5.592099588361697897e+03 1.633326738194083916e+00
5.592601166941693009e+03 1.638899845017111501e+00
5.593102745521689030e+03 1.643994636447760893e+00
5.593604324101683233e+03 1.649048887735564684e+00
5.594105902681677435e+03 1.655416412020215944e+00
5.594607481261672547e+03 1.663068497974077298e+00
5.595109059841668568e+03 1.670485922579246330e+00
5.595610638421662770e+03 1.676611774524140897e+00
5.596112217001656973e+03 1.681718820233580214e+00
5.596613795581652084e+03 1.686253923284216638e+00
5.597115374161648106e+03 1.690118596343430202e+00
5.597616952741642308e+03 1.693046575648252450e+00
5.598118531321636510e+03 1.694959301409035390e+00
5.598620109901631622e+03 1.695946608801359723e+00
5.599121688481626734e+03 1.696237515160160747e+00
5.599623267061621846e+03 1.696157112714876014e+00
5.600124845641616048e+03 1.696088092088903654e+00
5.600626424221611160e+03 1.696397117657624243e+00
5.601128002801606272e+03 1.697386646726382953e+00
5.601629581381600474e+03 1.699266151545441028e+00
5.602131159961595586e+03 1.702206347970486533e+00
5.602632738541590697e+03 1.706363630367401463e+00
5.603134317121585809e+03 1.711848777534643151e+00
5.603635895701580012e+03 1.718713728608239233e+00
5.604137474281574214e+03 1.726849069591339880e+00
5.604639052861570235e+03 1.735987924417596195e+00
5.605140631441565347e+03 1.745808205459892903e+00
5.605642210021559549e+03 1.755968186323406899e+00
5.606143788601553752e+03 1.766141131685120325e+00
5.606645367181549773e+03 1.775969900310890637e+00
5.607146945761544885e+03 1.784942007398292230e+00
5.607648524341539087e+03 1.792551968341543844e+00
5.608150102921533289e+03 1.798583159212345794e+00
5.608651681501529310e+03 1.803286751875149418e+00
5.609153260081524422e+03 1.807070333099920489e+00
5.609654838661518625e+03 1.809870550639162801e+00
5.610156417241512827e+03 1.811252270853124902e+00
5.610657995821508848e+03 1.811008011491416436e+00
5.611159574401503960e+03 1.809104116174146792e+00
5.611661152981498162e+03 1.805508218143786481e+00
5.612162731561492365e+03 1.800258263932026814e+00
5.612664310141488386e+03 1.793449301214642411e+00
5.613165888721483498e+03 1.785217541203679037e+00
5.613667467301477700e+03 1.775676509790571345e+00
5.614169045881471902e+03 1.764982980723100781e+00
5.614670624461467014e+03 1.753475957840365584e+00
5.615172203041463035e+03 1.741624887844851921e+00
5.615673781621457238e+03 1.729910495469268339e+00
5.616175360201451440e+03 1.718863942757929753e+00
5.616676938781446552e+03 1.709043169747959556e+00
5.617178517361442573e+03 1.700723317243562294e+00
5.617680095941436775e+03 1.693673875862874212e+00
5.618181674521430978e+03 1.687748325939676608e+00
5.618683253101426089e+03 1.683630650094967596e+00
5.619184831681422111e+03 1.681929666880214391e+00
5.619686410261416313e+03 1.681947645020819060e+00
5.620187988841410515e+03 1.682707460214221129e+00
5.620689567421405627e+03 1.683855636841625092e+00
5.621191146001401648e+03 1.685343862455099817e+00
5.621692724581395851e+03 1.687154967869105793e+00
5.622194303161390053e+03 1.689261473242824829e+00
5.622695881741385165e+03 1.691588296565845972e+00
5.623197460321381186e+03 1.694061379348086094e+00
5.623699038901375388e+03 1.696585214878252312e+00
5.624200617481369591e+03 1.699164753535405303e+00
5.624702196061364702e+03 1.701945446467889589e+00
5.625203774641359814e+03 1.705093039841853120e+00
5.625705353221354926e+03 1.708780786963593368e+00
5.626206931801349128e+03 1.713257364442834607e+00
5.626708510381344240e+03 1.718717773530810566e+00
5.627210088961339352e+03 1.725061820003507496e+00
5.627711667541333554e+03 1.731961301752535487e+00
5.628213246121328666e+03 1.739191219305584735e+00
5.628714824701323778e+03 1.746623707407848780e+00
5.629216403281318890e+03 1.754041029892003944e+00
5.629717981861313092e+03 1.761162474438458858e+00
5.630219560441307294e+03 1.767740912420091348e+00
5.630721139021303316e+03 1.773612900162700123e+00
5.631222717601298427e+03 1.778655580948451442e+00
5.631724296181292630e+03 1.782715618765344123e+00
5.632225874761286832e+03 1.785688106302549372e+00
5.632727453341282853e+03 1.787600029858646078e+00
5.633229031921277965e+03 1.788551072355514471e+00
5.633730610501272167e+03 1.788642076491523181e+00
5.634232189081266370e+03 1.787969681130982647e+00
5.634733767661262391e+03 1.786559201689166487e+00
5.635235346241257503e+03 1.784351200585112984e+00
5.635736924821251705e+03 1.781434991558890957e+00
5.636238503401245907e+03 1.778000221369033351e+00
5.636740081981241929e+03 1.773976820224407058e+00
5.637241660561237040e+03 1.769125772943436647e+00
5.637743239141231243e+03 1.763875305212223576e+00
5.638244817721225445e+03 1.759117205562445552e+00
5.638746396301221466e+03 1.754955600214751499e+00
5.639247974881216578e+03 1.750745275018149361e+00
5.639749553461210780e+03 1.746165312482978571e+00
5.640251132041204983e+03 1.741552185958701537e+00
5.640752710621200094e+03 1.737379458491687512e+00
5.641254289201196116e+03 1.733818049819704887e+00
5.641755867781190318e+03 1.730794289966558708e+00
5.642257446361184520e+03 1.728291500229995226e+00
5.642759024941179632e+03 1.726326092930267730e+00
5.643260603521175653e+03 1.724849385014544323e+00
5.643762182101169856e+03 1.723685645739295280e+00
5.644263760681164058e+03 1.722917869363836729e+00
5.644765339261159170e+03 1.723056984899241861e+00
5.645266917841155191e+03 1.724001768621571618e+00
5.645768496421149393e+03 1.725434634049130445e+00
5.646270075001143596e+03 1.727592443030570912e+00
5.646771653581138708e+03 1.730403988487561495e+00
5.647273232161134729e+03 1.733346547683593641e+00
5.647774810741128931e+03 1.736077182331820623e+00
5.648276389321123133e+03 1.738582053611134937e+00
5.648777967901118245e+03 1.740827533474977429e+00
5.649279546481114266e+03 1.742811401097854596e+00
5.649781125061108469e+03 1.744582498001125970e+00
5.650282703641102671e+03 1.746118562671248764e+00
5.650784282221097783e+03 1.747374005395436303e+00
5.651285860801092895e+03 1.748325108748825407e+00
5.651787439381088006e+03 1.748957362188764852e+00
5.652289017961082209e+03 1.749228755517866496e+00
5.652790596541077321e+03 1.749073929800888827e+00
5.653292175121072432e+03 1.748385798793338219e+00
5.653793753701066635e+03 1.747033980277965526e+00
5.654295332281061746e+03 1.744922717347690888e+00
5.654796910861056858e+03 1.741958743936937060e+00
5.655298489441051970e+03 1.738048032105837581e+00
5.655800068021046172e+03 1.733141997515622812e+00
5.656301646601040375e+03 1.727283796789687464e+00
5.656803225181036396e+03 1.720609816194446084e+00
5.657304803761031508e+03 1.713247078929157396e+00
5.657806382341025710e+03 1.705416374185934059e+00
5.658307960921019912e+03 1.697636688916456693e+00
5.658809539501015934e+03 1.690529819052479343e+00
5.659311118081011045e+03 1.684455746846746482e+00
5.659812696661005248e+03 1.679549299129460938e+00
5.660314275240999450e+03 1.676000823734301148e+00
5.660815853820995471e+03 1.673999212686424709e+00
5.661317432400990583e+03 1.673532236132788009e+00
5.661819010980984785e+03 1.674499895399140792e+00
5.662320589560978988e+03 1.676833844047977529e+00
5.662822168140975009e+03 1.680392415261402927e+00
5.663323746720970121e+03 1.684887998549796873e+00
5.663825325300964323e+03 1.690034617019260832e+00
5.664326903880958525e+03 1.695695023517178601e+00
5.664828482460954547e+03 1.701799218270893865e+00
5.665330061040949658e+03 1.708191452255220621e+00
5.665831639620943861e+03 1.714604630576967104e+00
5.666333218200938063e+03 1.720779656221518295e+00
5.666834796780933175e+03 1.726465200743585449e+00
5.667336375360929196e+03 1.731416795599535430e+00
5.667837953940923398e+03 1.735723113780901716e+00
5.668339532520917601e+03 1.739923197171122649e+00
5.668841111100912713e+03 1.744455410618548363e+00
5.669342689680908734e+03 1.749116267758051180e+00
5.669844268260902936e+03 1.753480066263624071e+00
5.670345846840897138e+03 1.757593480631391092e+00
5.670847425420892250e+03 1.761735568541257901e+00
5.671349004000888272e+03 1.766054157063631447e+00
5.671850582580882474e+03 1.770617684924448376e+00
5.672352161160876676e+03 1.775432495277532663e+00
5.672853739740871788e+03 1.780280752942215106e+00
5.673355318320867809e+03 1.784800555886431273e+00
5.673856896900862012e+03 1.788694261516263317e+00
5.674358475480856214e+03 1.791653259041589230e+00
5.674860054060851326e+03 1.793299710668659896e+00
5.675361632640847347e+03 1.793625646443580468e+00
5.675863211220841549e+03 1.792989096136448079e+00
5.676364789800835752e+03 1.791661153815852225e+00
5.676866368380830863e+03 1.789542505998219291e+00
5.677367946960825975e+03 1.786371022748993731e+00
5.677869525540821087e+03 1.782004870838880262e+00
5.678371104120815289e+03 1.776548543340624065e+00
5.678872682700810401e+03 1.770358677261032909e+00
5.679374261280805513e+03 1.763920924573587623e+00
5.679875839860799715e+03 1.757635091462636412e+00
5.680377418440794827e+03 1.751874146560223222e+00
5.680878997020789939e+03 1.746943220830402765e+00
5.681380575600785050e+03 1.743045652472648754e+00
5.681882154180779253e+03 1.740167702818650852e+00
5.682383732760773455e+03 1.738194690841466494e+00
5.682885311340769476e+03 1.737113447325534299e+00
5.683386889920764588e+03 1.736829407992231955e+00
5.683888468500758790e+03 1.737137666308952832e+00
5.684390047080752993e+03 1.737881320795748419e+00
5.684891625660749014e+03 1.738939555935607117e+00
5.685393204240744126e+03 1.740078947273289600e+00
5.685894782820738328e+03 1.741715630412519644e+00
5.686396361400732530e+03 1.748118537541376583e+00
5.686897939980728552e+03 1.777180861445486038e+00
5.687399518560723664e+03 1.844786066193681906e+00
5.687901097140717866e+03 1.907697000575097057e+00
5.688402675720712068e+03 1.904379032954012008e+00
5.688904254300708089e+03 1.861954447001548330e+00
5.689405832880703201e+03 1.843481275021889410e+00
5.689907411460697404e+03 1.840222778105787604e+00
5.690408990040691606e+03 1.816531996137338290e+00
5.690910568620687627e+03 1.785465056781344373e+00
5.691412147200682739e+03 1.773169512744916299e+00
5.691913725780676941e+03 1.775178435871969107e+00
5.692415304360671144e+03 1.779802985856864250e+00
5.692916882940666255e+03 1.783943513095303413e+00
5.693418461520662277e+03 1.787301014899941976e+00
5.693920040100656479e+03 1.789668568156536299e+00
5.694421618680650681e+03 1.790924951173399116e+00
5.694923197260645793e+03 1.791027882344773392e+00
5.695424775840641814e+03 1.790028872023122553e+00
5.695926354420636017e+03 1.787969694820466193e+00
5.696427933000630219e+03 1.784926172729434768e+00
5.696929511580625331e+03 1.781019979042609558e+00
5.697431090160621352e+03 1.776366153792206415e+00
5.697932668740615554e+03 1.771098785325862845e+00
5.698434247320609757e+03 1.765395795433554849e+00
5.698935825900604868e+03 1.759494021208491965e+00
5.699437404480600890e+03 1.753502472934436174e+00
5.699938983060595092e+03 1.747398150472853295e+00
5.700440561640589294e+03 1.741317973261780505e+00
5.700942140220584406e+03 1.735400484659813669e+00
5.701443718800580427e+03 1.729697251833886895e+00
5.701945297380574630e+03 1.724264085654587220e+00
5.702446875960568832e+03 1.719064821187905379e+00
5.702948454540563944e+03 1.714223648884068307e+00
5.703450033120559056e+03 1.710109368524159290e+00
5.703951611700554167e+03 1.706645109013279926e+00
5.704453190280548370e+03 1.703281470740366288e+00
5.704954768860543481e+03 1.699552575179578362e+00
5.705456347440538593e+03 1.695314453370910357e+00
5.705957926020532796e+03 1.690572068596722488e+00
5.706459504600527907e+03 1.685363730672427618e+00
5.706961083180523019e+03 1.679793947653194897e+00
5.707462661760518131e+03 1.674063500929711568e+00
5.707964240340512333e+03 1.668362925549264020e+00
5.708465818920506536e+03 1.662782093124376637e+00
5.708967397500502557e+03 1.657658882415306678e+00
5.709468976080497669e+03 1.653888583505742194e+00
5.709970554660491871e+03 1.652220761510915681e+00
5.710472133240486073e+03 1.652622420340783549e+00
5.710973711820482094e+03 1.654792328201923235e+00
5.711475290400477206e+03 1.658696159213938870e+00
5.711976868980471409e+03 1.664396613070684205e+00
5.712478447560465611e+03 1.671804134692223442e+00
5.712980026140461632e+03 1.680749081522185051e+00
5.713481604720456744e+03 1.690973570583715224e+00
5.713983183300450946e+03 1.702081119097146988e+00
5.714484761880445149e+03 1.713650321221376061e+00
5.714986340460441170e+03 1.725284819288824156e+00
5.715487919040436282e+03 1.736650121632043575e+00
5.715989497620430484e+03 1.747503041259260481e+00
5.716491076200424686e+03 1.757668329386898209e+00
5.716992654780420708e+03 1.767050934446456889e+00
5.717494233360415819e+03 1.775651350658504102e+00
5.717995811940410022e+03 1.783530770935147558e+00
5.718497390520404224e+03 1.790762585595626177e+00
5.718998969100399336e+03 1.797430341153357869e+00
5.719500547680395357e+03 1.803692162568362622e+00
5.720002126260389559e+03 1.809718122379496252e+00
5.720503704840383762e+03 1.815595863686239486e+00
5.721005283420378873e+03 1.821390120129501078e+00
5.721506862000374895e+03 1.827153150184523955e+00
5.722008440580369097e+03 1.832864490211373543e+00
5.722510019160363299e+03 1.838441761426981902e+00
5.723011597740358411e+03 1.843758442435549982e+00
5.723513176320354432e+03 1.848668275145264550e+00
5.724014754900348635e+03 1.853053088137283755e+00
5.724516333480342837e+03 1.856788595838607225e+00
5.725017912060337949e+03 1.859745315745499061e+00
5.725519490640333970e+03 1.861836630877246712e+00
5.726021069220328172e+03 1.863028524881490622e+00
5.726522647800322375e+03 1.863388001724698873e+00
5.727024226380317486e+03 1.863054267710267053e+00
5.727525804960312598e+03 1.862151270087120558e+00
5.728027383540307710e+03 1.860838403036263244e+00
5.728528962120301912e+03 1.859291727017273077e+00
5.729030540700297024e+03 1.857632103786589717e+00
5.729532119280292136e+03 1.855927362328785968e+00
5.730033697860287248e+03 1.854197003495887008e+00
5.730535276440281450e+03 1.852434610686189531e+00
5.731036855020276562e+03 1.850670002661136015e+00
5.731538433600271674e+03 1.848948146775422074e+00
5.732040012180265876e+03 1.847334474315200259e+00
5.732541590760260988e+03 1.845940031221908306e+00
5.733043169340256100e+03 1.844843914035085408e+00
5.733544747920251211e+03 1.844039194758398281e+00
5.734046326500245414e+03 1.843470343371333975e+00
5.734547905080239616e+03 1.843044103166024961e+00
5.735049483660235637e+03 1.842635425720223097e+00
5.735551062240230749e+03 1.842128829522676980e+00
5.736052640820224951e+03 1.841423336974387759e+00
5.736554219400219154e+03 1.840453150616589095e+00
5.737055797980215175e+03 1.839202614602983621e+00
5.737557376560210287e+03 1.837654626426604931e+00
5.738058955140204489e+03 1.835836265329676698e+00
5.738560533720198691e+03 1.833829800845594438e+00
5.739062112300194713e+03 1.831671328409938848e+00
5.739563690880189824e+03 1.829435237465910191e+00
5.740065269460184027e+03 1.827402761279475207e+00
5.740566848040178229e+03 1.825900232971636949e+00
5.741068426620174250e+03 1.824970336156369610e+00
5.741570005200169362e+03 1.824400010058622179e+00
5.742071583780163564e+03 1.823979641058737666e+00
5.742573162360157767e+03 1.823656311259412632e+00
5.743074740940153788e+03 1.823431897668485346e+00
5.743576319520148900e+03 1.823260147823450028e+00
5.744077898100143102e+03 1.823052009629684722e+00
5.744579476680137304e+03 1.822642363364050500e+00
5.745081055260132416e+03 1.821870506998506389e+00
5.745582633840128437e+03 1.820735436184895750e+00
5.746084212420122640e+03 1.819382849288230464e+00
5.746585791000116842e+03 1.817906823040658093e+00
5.747087369580111954e+03 1.816175009799973150e+00
5.747588948160107975e+03 1.813961721781395919e+00
5.748090526740102177e+03 1.811219635583166010e+00
5.748592105320096380e+03 1.808113960707611767e+00
5.749093683900091492e+03 1.804841400603102386e+00
5.749595262480087513e+03 1.801536408516244192e+00
5.750096841060081715e+03 1.798249008734306598e+00
5.750598419640075917e+03 1.794930794871144375e+00
5.751099998220071029e+03 1.791494835682853282e+00
5.751601576800067050e+03 1.787873070045269408e+00
5.752103155380061253e+03 1.784038403889202540e+00
5.752604733960055455e+03 1.780032114439600743e+00
5.753106312540050567e+03 1.775955411609935197e+00
5.753607891120045679e+03 1.771995209043625286e+00
5.754109469700040790e+03 1.768449954607926422e+00
5.754611048280034993e+03 1.765585390704103030e+00
5.755112626860030105e+03 1.763632955888805753e+00
5.755614205440025216e+03 1.762899204222923011e+00
5.756115784020020328e+03 1.763280337405390696e+00
5.756617362600014530e+03 1.764260773230046153e+00
5.757118941180009642e+03 1.765779328124994052e+00
5.757620519760004754e+03 1.767755963135289488e+00
5.758122098339998956e+03 1.769772144469822006e+00
5.758623676919994068e+03 1.771506091121682003e+00
5.759125255499989180e+03 1.772719693940941532e+00
5.759626834079984292e+03 1.773335210310869936e+00
5.760128412659978494e+03 1.773471005416922264e+00
5.760629991239972696e+03 1.773341253188158939e+00
5.761131569819968718e+03 1.773250297880381021e+00
5.761633148399963829e+03 1.773525356342846582e+00
5.762134726979958032e+03 1.774521955417270425e+00
5.762636305559952234e+03 1.776611999525282926e+00
5.763137884139948255e+03 1.780009413501168591e+00
5.763639462719943367e+03 1.784810854145094439e+00
5.764141041299937569e+03 1.791023212274060139e+00
5.764642619879931772e+03 1.806007555192327363e+00
5.765144198459927793e+03 1.857734797370213409e+00
5.765645777039922905e+03 1.949804458140184549e+00
5.766147355619917107e+03 2.028490558742154004e+00
5.766648934199911309e+03 2.035921334644636094e+00
5.767150512779907331e+03 1.954693707594948204e+00
5.767652091359902442e+03 1.871595105021870209e+00
5.768153669939896645e+03 1.847276714697945854e+00
5.768655248519890847e+03 1.849197485224900017e+00
5.769156827099886868e+03 1.851561059193126635e+00
5.769658405679881980e+03 1.852508732155131677e+00
5.770159984259876182e+03 1.852369717542011962e+00
5.770661562839870385e+03 1.851487399500113096e+00
5.771163141419865497e+03 1.849992034727842682e+00
5.771664719999861518e+03 1.848053699789332427e+00
5.772166298579855720e+03 1.845742263829435181e+00
5.772667877159849922e+03 1.843180477231545211e+00
5.773169455739845034e+03 1.840583425457775757e+00
5.773671034319841056e+03 1.838049017687936715e+00
5.774172612899835258e+03 1.835605822477875515e+00
5.774674191479829460e+03 1.833262984242590488e+00
5.775175770059824572e+03 1.830959202559196530e+00
5.775677348639820593e+03 1.828612267009717574e+00
5.776178927219814796e+03 1.826098915972833581e+00
5.776680505799808998e+03 1.823294676247213753e+00
5.777182084379804110e+03 1.820124638151675800e+00
5.777683662959800131e+03 1.816390190636213875e+00
5.778185241539794333e+03 1.811809134035461843e+00
5.778686820119788536e+03 1.806189375816163345e+00
5.779188398699783647e+03 1.799437748286256689e+00
5.779689977279778759e+03 1.791442966258971925e+00
5.780191555859773871e+03 1.782069818949231443e+00
5.780693134439768073e+03 1.771616071257412717e+00
5.781194713019763185e+03 1.760984697275675082e+00
5.781696291599758297e+03 1.750859369688106959e+00
5.782197870179753409e+03 1.741248801454765349e+00
5.782699448759747611e+03 1.732059927468106331e+00
5.783201027339742723e+03 1.723574793883385858e+00
5.783702605919737834e+03 1.716237028747486848e+00
5.784204184499732037e+03 1.710304105420625387e+00
5.784705763079727149e+03 1.705793915101437186e+00
5.785207341659722260e+03 1.702681451391085510e+00
5.785708920239717372e+03 1.701176342895643234e+00
5.786210498819711574e+03 1.701505083012307074e+00
5.786712077399705777e+03 1.703548718762450509e+00
5.787213655979701798e+03 1.706940656645146381e+00
5.787715234559696910e+03 1.711414013379223498e+00
5.788216813139691112e+03 1.716863604234328378e+00
5.788718391719685314e+03 1.723108942136521327e+00
5.789219970299681336e+03 1.729840413813583666e+00
5.789721548879676448e+03 1.736741071726030317e+00
5.790223127459670650e+03 1.743588268140926267e+00
5.790724706039664852e+03 1.750297379121596997e+00
5.791226284619660873e+03 1.756849695769661768e+00
5.791727863199655985e+03 1.763228919991154831e+00
5.792229441779650188e+03 1.769431252888699735e+00
5.792731020359644390e+03 1.775479673176810547e+00
5.793232598939640411e+03 1.781416339901202850e+00
5.793734177519635523e+03 1.787257029246714923e+00
5.794235756099629725e+03 1.792952295417155950e+00
5.794737334679623928e+03 1.798447823894455233e+00
5.795238913259619949e+03 1.803674845407340799e+00
5.795740491839615061e+03 1.808548067795131109e+00
5.796242070419609263e+03 1.813072952603088872e+00
5.796743648999603465e+03 1.817272709924281360e+00
5.797245227579598577e+03 1.821142488402874848e+00
5.797746806159594598e+03 1.824746393900269270e+00
5.798248384739588801e+03 1.828170189878824070e+00
5.798749963319583003e+03 1.831449233253679143e+00
5.799251541899578115e+03 1.834619822561706526e+00
5.799753120479574136e+03 1.837702798885432420e+00
5.800254699059568338e+03 1.840661539314606854e+00
5.800756277639562541e+03 1.843345544430930794e+00
5.801257856219557652e+03 1.845491039707304104e+00
5.801759434799553674e+03 1.846870450224582960e+00
5.802261013379547876e+03 1.847366560715014705e+00
5.802762591959542078e+03 1.846905639062708104e+00
5.803264170539537190e+03 1.845449840815937215e+00
5.803765749119533211e+03 1.843017616699206496e+00
5.804267327699527414e+03 1.839770880978785161e+00
5.804768906279521616e+03 1.836054222028467020e+00
5.805270484859516728e+03 1.832220100337402569e+00
5.805772063439511840e+03 1.828523327421204270e+00
5.806273642019506951e+03 1.825190238857846037e+00
5.806775220599501154e+03 1.822445811310612562e+00
5.807276799179496265e+03 1.820417133003585874e+00
5.807778377759491377e+03 1.819117988613688786e+00
5.808279956339486489e+03 1.818463898628865039e+00
5.808781534919480691e+03 1.818338900018728888e+00
5.809283113499475803e+03 1.818675605285891450e+00
5.809784692079470915e+03 1.819356082581243594e+00
5.810286270659465117e+03 1.820211554593091474e+00
5.810787849239460229e+03 1.821064387063899837e+00
5.811289427819455341e+03 1.821750629456353465e+00
5.811791006399450453e+03 1.822248125919905037e+00
5.812292584979444655e+03 1.822578787803568856e+00
5.812794163559438857e+03 1.822756005135778512e+00
5.813295742139434878e+03 1.822869600798894929e+00
5.813797320719429990e+03 1.823014826834135071e+00
5.814298899299424193e+03 1.823278060254271526e+00
5.814800477879418395e+03 1.823768405022902162e+00
5.815302056459414416e+03 1.824600780134174816e+00
5.815803635039409528e+03 1.825906702555629035e+00
5.816305213619403730e+03 1.827780201369420432e+00
5.816806792199397933e+03 1.830303167189620606e+00
5.817308370779393954e+03 1.833536797602944635e+00
5.817809949359389066e+03 1.837463469215440792e+00
5.818311527939383268e+03 1.841985465550723955e+00
5.818813106519377470e+03 1.846949809690466404e+00
5.819314685099373492e+03 1.852137556498488991e+00
5.819816263679368603e+03 1.857264621340398270e+00
5.820317842259362806e+03 1.862078773031004664e+00
5.820819420839357008e+03 1.866424306221713181e+00
5.821320999419353029e+03 1.870175356879310247e+00
5.821822577999348141e+03 1.873241524318007833e+00
5.822324156579342343e+03 1.875564168607137816e+00
5.822825735159336546e+03 1.877106369018882059e+00
5.823327313739331657e+03 1.877953028904233435e+00
5.823828892319327679e+03 1.878308714594437268e+00
5.824330470899321881e+03 1.878389661866194160e+00
5.824832049479316083e+03 1.878390159287114614e+00
5.825333628059311195e+03 1.878373420660009785e+00
5.825835206639307216e+03 1.878311882960387313e+00
5.826336785219301419e+03 1.878190464199870569e+00
5.826838363799295621e+03 1.877941732179542411e+00
5.827339942379290733e+03 1.877418222768030942e+00
5.827841520959286754e+03 1.876520890153267285e+00
5.828343099539280956e+03 1.875199340268553172e+00
5.828844678119275159e+03 1.873512968790440159e+00
5.829346256699270270e+03 1.871627567800969949e+00
5.829847835279266292e+03 1.869570246691826920e+00
5.830349413859260494e+03 1.867234279669017782e+00
5.830850992439254696e+03 1.864553841416412006e+00
5.831352571019249808e+03 1.861510159781614160e+00
5.831854149599244920e+03 1.858166015825092332e+00
5.832355728179240032e+03 1.854732273148408384e+00
5.832857306759234234e+03 1.851459976964720866e+00
5.833358885339229346e+03 1.848526144920556558e+00
5.833860463919224458e+03 1.845976089652213048e+00
5.834362042499219569e+03 1.843760385879408936e+00
5.834863621079213772e+03 1.841833334321822724e+00
5.835365199659208884e+03 1.840171431513124567e+00
5.835866778239203995e+03 1.838829349328499507e+00
5.836368356819198198e+03 1.837885602011380071e+00
5.836869935399193309e+03 1.837427384139565856e+00
5.837371513979188421e+03 1.837605038929454704e+00
5.837873092559183533e+03 1.838361055408958666e+00
5.838374671139177735e+03 1.839422396884455857e+00
5.838876249719171938e+03 1.840527389296285898e+00
5.839377828299167959e+03 1.841447782506900666e+00
5.839879406879163071e+03 1.842048859234590719e+00
5.840380985459157273e+03 1.842391743014444305e+00
5.840882564039151475e+03 1.842785528787576510e+00
5.841384142619147497e+03 1.843795094046900562e+00
5.841885721199142608e+03 1.845577809593219154e+00
5.842387299779136811e+03 1.847265869627380708e+00
5.842888878359131013e+03 1.848172106678473980e+00
5.843390456939127034e+03 1.848263276480377471e+00
5.843892035519122146e+03 1.847792738008167124e+00
5.844393614099116348e+03 1.847116359371991479e+00
5.844895192679110551e+03 1.846297866212574412e+00
5.845396771259106572e+03 1.844956873169129263e+00
5.845898349839101684e+03 1.842659651640575547e+00
5.846399928419095886e+03 1.839392262414639045e+00
5.846901506999090088e+03 1.835506413286013938e+00
5.847403085579086110e+03 1.831165740956107957e+00
5.847904664159081221e+03 1.826583881719865854e+00
5.848406242739075424e+03 1.822579605845786377e+00
5.848907821319069626e+03 1.819487781749358213e+00
5.849409399899064738e+03 1.816798014901366054e+00
5.849910978479060759e+03 1.813943346853165828e+00
5.850412557059054961e+03 1.810671020097756712e+00
5.850914135639049164e+03 1.806966741875960292e+00
5.851415714219044276e+03 1.802782646104394981e+00
5.851917292799040297e+03 1.798061977009208334e+00
5.852418871379034499e+03 1.793084130560808731e+00
5.852920449959028701e+03 1.788317530603378502e+00
5.853422028539023813e+03 1.783951404310051281e+00
5.853923607119019834e+03 1.779718153754335619e+00
5.854425185699014037e+03 1.775238022014941741e+00
5.854926764279008239e+03 1.770425549624802253e+00
5.855428342859003351e+03 1.765519017437800153e+00
5.855929921438999372e+03 1.760750760840900764e+00
5.856431500018993574e+03 1.756230930037730342e+00
5.856933078598987777e+03 1.752431232154971763e+00
5.857434657178982889e+03 1.749836445654260775e+00
5.857936235758978000e+03 1.748286938541608437e+00
5.858437814338973112e+03 1.747394700790121824e+00
5.858939392918967314e+03 1.747050954697434211e+00
5.859440971498962426e+03 1.747489191334881564e+00
5.859942550078957538e+03 1.748889646414409249e+00
5.860444128658952650e+03 1.751271774125823910e+00
5.860945707238946852e+03 1.754510634093728427e+00
5.861447285818941964e+03 1.758329378965535650e+00
5.861948864398937076e+03 1.762483471457391815e+00
5.862450442978931278e+03 1.766857502647447120e+00
5.862952021558926390e+03 1.771391098172462542e+00
5.863453600138921502e+03 1.776084529806565282e+00
5.863955178718916613e+03 1.780782407387520028e+00
5.864456757298910816e+03 1.785202525745916091e+00
5.864958335878905018e+03 1.789270696970968189e+00
5.865459914458901039e+03 1.793064473591352570e+00
5.865961493038896151e+03 1.796557130879714137e+00
5.866463071618890353e+03 1.799641558378405337e+00
5.866964650198884556e+03 1.802455522547598665e+00
5.867466228778880577e+03 1.805338923749947533e+00
5.867967807358875689e+03 1.808529254603020942e+00
5.868469385938869891e+03 1.812062204133650267e+00
5.868970964518864093e+03 1.815790979234817915e+00
5.869472543098860115e+03 1.819537909674372456e+00
5.869974121678855226e+03 1.823175962206784018e+00
5.870475700258849429e+03 1.826638549627349839e+00
5.870977278838843631e+03 1.829955758887856332e+00
5.871478857418839652e+03 1.833177604759367529e+00
5.871980435998834764e+03 1.836287595858504762e+00
5.872482014578828966e+03 1.839155229891882293e+00
5.872983593158823169e+03 1.841531226076648098e+00
5.873485171738818281e+03 1.843126897891657290e+00
5.873986750318814302e+03 1.843618288319014864e+00
5.874488328898808504e+03 1.842622884297920205e+00
5.874989907478802706e+03 1.839837074410356044e+00
5.875491486058797818e+03 1.835533059187778093e+00
5.875993064638793840e+03 1.830855617953647041e+00
5.876494643218788042e+03 1.826900605815610312e+00
5.876996221798782244e+03 1.823521220413644617e+00
5.877497800378777356e+03 1.819843244401356586e+00
5.877999378958773377e+03 1.815737162981457598e+00
5.878500957538767580e+03 1.811911151206456960e+00
5.879002536118761782e+03 1.808718279167679466e+00
5.879504114698756894e+03 1.805416999882200058e+00
5.880005693278752915e+03 1.800542824065584968e+00
5.880507271858747117e+03 1.793109604341634356e+00
5.881008850438741320e+03 1.784402210640709363e+00
5.881510429018736431e+03 1.776811767699289391e+00
5.882012007598732453e+03 1.770723088092623021e+00
5.882513586178726655e+03 1.764826524618085202e+00
5.883015164758720857e+03 1.758313572895163102e+00
5.883516743338715969e+03 1.751231869035809963e+00
5.884018321918711081e+03 1.743531571090488619e+00
5.884519900498706193e+03 1.734772149309156131e+00
5.885021479078700395e+03 1.724886354588281323e+00
5.885523057658695507e+03 1.714503745325948847e+00
5.886024636238690618e+03 1.703905541428643033e+00
5.886526214818684821e+03 1.691890777541538604e+00
5.887027793398679933e+03 1.676616561662528593e+00
5.887529371978675044e+03 1.658213304648146647e+00
5.888030950558670156e+03 1.639162174102067659e+00
5.888532529138664358e+03 1.620768616354012925e+00
5.889034107718659470e+03 1.602052934395985950e+00
5.889535686298654582e+03 1.582631976348211955e+00
5.890037264878649694e+03 1.563560906072889001e+00
5.890538843458643896e+03 1.546047379209020800e+00
5.891040422038638098e+03 1.530939996902837663e+00
5.891542000618634120e+03 1.518762483087941373e+00
5.892043579198629232e+03 1.509763033786382547e+00
5.892545157778623434e+03 1.503928860363473508e+00
5.893046736358617636e+03 1.501000138494736902e+00
5.893548314938613657e+03 1.500672701865135350e+00
5.894049893518608769e+03 1.502556455808509828e+00
5.894551472098602972e+03 1.505932734460613265e+00
5.895053050678597174e+03 1.510009496330297019e+00
5.895554629258593195e+03 1.514461943189520543e+00
5.896056207838588307e+03 1.519717663708211042e+00
5.896557786418582509e+03 1.526917628821992778e+00
5.897059364998576712e+03 1.536949906130200105e+00
5.897560943578572733e+03 1.549194905625431051e+00
5.898062522158567845e+03 1.562450359901286223e+00
5.898564100738562047e+03 1.576637394266081182e+00
5.899065679318556249e+03 1.592252276585110593e+00
5.899567257898551361e+03 1.608899438555304373e+00
5.900068836478547382e+03 1.625608177378251806e+00
5.900570415058541585e+03 1.641998959869559460e+00
5.901071993638535787e+03 1.658039276850153509e+00
5.901573572218530899e+03 1.673402457410289923e+00
5.902075150798526920e+03 1.687635590152917198e+00
5.902576729378521122e+03 1.700536759450974378e+00
5.903078307958515325e+03 1.712154549688746918e+00
5.903579886538510436e+03 1.722527068818249019e+00
5.904081465118506458e+03 1.731705835621006662e+00
5.904583043698500660e+03 1.739859980274755191e+00
5.905084622278494862e+03 1.747178383171696270e+00
5.905586200858489974e+03 1.753816287200644197e+00
5.906087779438485995e+03 1.759792529454072607e+00
5.906589358018480198e+03 1.764964615885758814e+00
5.907090936598474400e+03 1.769438461314735589e+00
5.907592515178469512e+03 1.773882881277073498e+00
5.908094093758465533e+03 1.778663699119170438e+00
5.908595672338459735e+03 1.783045772625580616e+00
5.909097250918453938e+03 1.786298085971608884e+00
5.909598829498449049e+03 1.788481010675829319e+00
5.910100408078444161e+03 1.789844242764667026e+00
5.910601986658439273e+03 1.790484328941762904e+00
5.911103565238433475e+03 1.790353163189455143e+00
5.911605143818428587e+03 1.789382438278997345e+00
5.912106722398423699e+03 1.787639569048578903e+00
5.912608300978417901e+03 1.785231926953440240e+00
5.913109879558413013e+03 1.782223956440320389e+00
5.913611458138408125e+03 1.778802227995937457e+00
5.914113036718403237e+03 1.775229313741400139e+00
5.914614615298397439e+03 1.771730692935452822e+00
5.915116193878392551e+03 1.768544115431293084e+00
5.915617772458387662e+03 1.765877393592763633e+00
5.916119351038382774e+03 1.763899857158977902e+00
5.916620929618376977e+03 1.762767276058394117e+00
5.917122508198371179e+03 1.762534313660583773e+00
5.917624086778367200e+03 1.763170602439875667e+00
5.918125665358362312e+03 1.764496504788375830e+00
5.918627243938356514e+03 1.766049449829662610e+00
5.919128822518350717e+03 1.767276187426417344e+00
5.919630401098346738e+03 1.768388136480061101e+00
5.920131979678341850e+03 1.770124029672413002e+00
5.920633558258336052e+03 1.772521537093801669e+00
5.921135136838330254e+03 1.774851800885898445e+00
5.921636715418326276e+03 1.776520947055185706e+00
5.922138293998321387e+03 1.777574741982226314e+00
5.922639872578315590e+03 1.778269721565915340e+00
5.923141451158309792e+03 1.778737231144462250e+00
5.923643029738305813e+03 1.778912891343757963e+00
5.924144608318300925e+03 1.778784905723239440e+00
5.924646186898295127e+03 1.778421405308081571e+00
5.925147765478289330e+03 1.777848258682670934e+00
5.925649344058284441e+03 1.777050252390833363e+00
5.926150922638280463e+03 1.776006882455382740e+00
5.926652501218274665e+03 1.774671714701636649e+00
5.927154079798268867e+03 1.773027750299857486e+00
5.927655658378263979e+03 1.771119266852786200e+00
5.928157236958260000e+03 1.769064574793246081e+00
5.928658815538254203e+03 1.767089345655365129e+00
5.929160394118248405e+03 1.765424553515565265e+00
5.929661972698243517e+03 1.764264001478708099e+00
5.930163551278239538e+03 1.763785179892956689e+00
5.930665129858233740e+03 1.764054253899397740e+00
5.931166708438227943e+03 1.764555414003571521e+00
5.931668287018223054e+03 1.765109677060925364e+00
5.932169865598219076e+03 1.766854842728871500e+00
5.932671444178213278e+03 1.770149511865606762e+00
5.933173022758207480e+03 1.773500844547533095e+00
5.933674601338202592e+03 1.776107415016844548e+00
5.934176179918198613e+03 1.778274304775548709e+00
5.934677758498192816e+03 1.780136368974637673e+00
5.935179337078187018e+03 1.781611867914111524e+00
5.935680915658182130e+03 1.782716194661833065e+00
5.936182494238177242e+03 1.783575298967358336e+00
5.936684072818172353e+03 1.784298330002541011e+00
5.937185651398166556e+03 1.784933145047838066e+00
5.937687229978161668e+03 1.785460498877641466e+00
5.938188808558156779e+03 1.785861253094862544e+00
5.938690387138150982e+03 1.786099470316323767e+00
5.939191965718146093e+03 1.786102342724394720e+00
5.939693544298141205e+03 1.785849001834717065e+00
5.940195122878136317e+03 1.785352805662779208e+00
5.940696701458130519e+03 1.784648704214602866e+00
5.941198280038125631e+03 1.783673839605864009e+00
5.941699858618120743e+03 1.782081039898312902e+00
5.942201437198115855e+03 1.780328134930649675e+00
5.942703015778110057e+03 1.780104543463812972e+00
5.943204594358104259e+03 1.780898006822359880e+00
5.943706172938100281e+03 1.780866904442031551e+00
5.944207751518095392e+03 1.781082427767750609e+00
5.944709330098089595e+03 1.782388497648569325e+00
5.945210908678083797e+03 1.784169514606952056e+00
5.945712487258079818e+03 1.786028317790785191e+00
5.946214065838074930e+03 1.787851441831047161e+00
5.946715644418069132e+03 1.789271460592408935e+00
5.947217222998063335e+03 1.790038709573078091e+00
5.947718801578059356e+03 1.790067530299069176e+00
5.948220380158054468e+03 1.789553825118585628e+00
5.948721958738048670e+03 1.788837674327568905e+00
5.949223537318042872e+03 1.788061027178153406e+00
5.949725115898038894e+03 1.787246030174784561e+00
5.950226694478034005e+03 1.786387600001740683e+00
5.950728273058028208e+03 1.785406435146331461e+00
5.951229851638022410e+03 1.784315829421340371e+00
5.951731430218017522e+03 1.783209580311310827e+00
5.952233008798013543e+03 1.782330402660806890e+00
5.952734587378007745e+03 1.781841327035786016e+00
5.953236165958001948e+03 1.781653384419022768e+00
5.953737744537997060e+03 1.781609280384266913e+00
5.954239323117993081e+03 1.781655037020513532e+00
5.954740901697987283e+03 1.781761906372656634e+00
5.955242480277981485e+03 1.781917137138253615e+00
5.955744058857976597e+03 1.782218287011395619e+00
5.956245637437972618e+03 1.782833277442901876e+00
5.956747216017966821e+03 1.783810879914252467e+00
5.957248794597961023e+03 1.785135375059183627e+00
5.957750373177956135e+03 1.786635374459573766e+00
5.958251951757952156e+03 1.787659983863955082e+00
5.958753530337946358e+03 1.788145353583220798e+00
5.959255108917940561e+03 1.789586766068950396e+00
5.959756687497935673e+03 1.792744898395606690e+00
5.960258266077931694e+03 1.796915930664595207e+00
5.960759844657925896e+03 1.801408871606998696e+00
5.961261423237920098e+03 1.805310174211637531e+00
5.961763001817915210e+03 1.808433046843606951e+00
5.962264580397910322e+03 1.811260514938408228e+00
5.962766158977905434e+03 1.813833391001691275e+00
5.963267737557899636e+03 1.815979390812934913e+00
5.963769316137894748e+03 1.817743041050757125e+00
5.964270894717889860e+03 1.819211735428102328e+00
5.964772473297884062e+03 1.820421519535945887e+00
5.965274051877879174e+03 1.821375322512893025e+00
5.965775630457874286e+03 1.822175091443936523e+00
5.966277209037869397e+03 1.823028784245448453e+00
5.966778787617863600e+03 1.824097986889720246e+00
5.967280366197858712e+03 1.825462866225968650e+00
5.967781944777853823e+03 1.827087462683509411e+00
5.968283523357848935e+03 1.828809217173568147e+00
5.968785101937843137e+03 1.830371417037273796e+00
5.969286680517837340e+03 1.831562648962808293e+00
5.969788259097833361e+03 1.832461152170958618e+00
5.970289837677828473e+03 1.833424747647734332e+00
5.970791416257822675e+03 1.834809920944185713e+00
5.971292994837816877e+03 1.836360034003633457e+00
5.971794573417812899e+03 1.837173316828380365e+00
5.972296151997808010e+03 1.836792330909049031e+00
5.972797730577802213e+03 1.835389028429556646e+00
5.973299309157796415e+03 1.833159476014289080e+00
5.973800887737792436e+03 1.830193361132377294e+00
5.974302466317787548e+03 1.826636715418477941e+00
5.974804044897781750e+03 1.822660507904690697e+00
5.975305623477775953e+03 1.818359773073774832e+00
5.975807202057771974e+03 1.813786576941928796e+00
5.976308780637767086e+03 1.809022936003936266e+00
5.976810359217761288e+03 1.804320645942401047e+00
5.977311937797755490e+03 1.800058839125003196e+00
5.977813516377750602e+03 1.796542755936232805e+00
5.978315094957746624e+03 1.793804715112594650e+00
5.978816673537740826e+03 1.791668603746552346e+00
5.979318252117735028e+03 1.789987590877607726e+00
5.979819830697730140e+03 1.788700734227428590e+00
5.980321409277726161e+03 1.787757768051051688e+00
5.980822987857720364e+03 1.787089655206283823e+00
5.981324566437714566e+03 1.786599014215062953e+00
5.981826145017709678e+03 1.786128170109264168e+00
5.982327723597705699e+03 1.785570220905122074e+00
5.982829302177699901e+03 1.784808457965978867e+00
5.983330880757694104e+03 1.783706889807685325e+00
5.983832459337689215e+03 1.782329233796455581e+00
5.984334037917685237e+03 1.780877803143198213e+00
5.984835616497679439e+03 1.779574785358271960e+00
5.985337195077673641e+03 1.778643344960118444e+00
5.985838773657668753e+03 1.778209183899993828e+00
5.986340352237664774e+03 1.778268413737469134e+00
5.986841930817658977e+03 1.778789487723586360e+00
5.987343509397653179e+03 1.779788611776659923e+00
5.987845087977648291e+03 1.781244170474012734e+00
5.988346666557643402e+03 1.783019627151931186e+00
5.988848245137638514e+03 1.784868114310495191e+00
5.989349823717632717e+03 1.786529610694564507e+00
5.989851402297627828e+03 1.787829996743971472e+00
5.990352980877622940e+03 1.788683184821705963e+00
5.990854559457617142e+03 1.789171987074250847e+00
5.991356138037612254e+03 1.789701175388517917e+00
5.991857716617607366e+03 1.790636269625631716e+00
5.992359295197602478e+03 1.791619867706691238e+00
5.992860873777596680e+03 1.792118837918259100e+00
5.993362452357591792e+03 1.792139512258004608e+00
5.993864030937586904e+03 1.791780644246510512e+00
5.994365609517582016e+03 1.790999310762972030e+00
5.994867188097576218e+03 1.789807014487778680e+00
5.995368766677570420e+03 1.788247908761131377e+00
5.995870345257566441e+03 1.786383188477261630e+00
5.996371923837561553e+03 1.784411779878503967e+00
5.996873502417555756e+03 1.782635352150789165e+00
5.997375080997549958e+03 1.781092134271081928e+00
5.997876659577545979e+03 1.779635439778800121e+00
5.998378238157541091e+03 1.778190716871946409e+00
5.998879816737535293e+03 1.776802425772301852e+00
5.999381395317529496e+03 1.775539258295794287e+00
5.999882973897525517e+03 1.774565280446183113e+00
6.000384552477520629e+03 1.774214990136647963e+00
6.000886131057514831e+03 1.774678619258744039e+00
6.001387709637509033e+03 1.775726113681490581e+00
6.001889288217505054e+03 1.776751102683282291e+00
6.002390866797500166e+03 1.777377009657326257e+00
6.002892445377494369e+03 1.777581305208196571e+00
6.003394023957488571e+03 1.777441259018100350e+00
6.003895602537483683e+03 1.777076751698071666e+00
6.004397181117479704e+03 1.776607857478118335e+00
6.004898759697473906e+03 1.776038722824786920e+00
6.005400338277468109e+03 1.775289992631505553e+00
6.005901916857463220e+03 1.774323069801833963e+00
6.006403495437459242e+03 1.773196721181824032e+00
6.006905074017453444e+03 1.771997115379759347e+00
6.007406652597447646e+03 1.770795190329430113e+00
6.007908231177442758e+03 1.769644363186636538e+00
6.008409809757438779e+03 1.768630688853935373e+00
6.008911388337432982e+03 1.767822088919044354e+00
6.009412966917427184e+03 1.767275309070835076e+00
6.009914545497422296e+03 1.767028022980416946e+00
6.010416124077418317e+03 1.767053610475668890e+00
6.010917702657412519e+03 1.767298867246385630e+00
6.011419281237406722e+03 1.767631998044782327e+00
6.011920859817401833e+03 1.767896013680641643e+00
6.012422438397397855e+03 1.767961361448077806e+00
6.012924016977392057e+03 1.767751440383915629e+00
6.013425595557386259e+03 1.767239841516254684e+00
6.013927174137381371e+03 1.766442819156181843e+00
6.014428752717376483e+03 1.765396361433294592e+00
6.014930331297371595e+03 1.764143878964384626e+00
6.015431909877365797e+03 1.762805531688781180e+00
6.015933488457360909e+03 1.761534453741433026e+00
6.016435067037356021e+03 1.760479151270781362e+00
6.016936645617350223e+03 1.759670250312292961e+00
6.017438224197345335e+03 1.759007562259280899e+00
6.017939802777340446e+03 1.758481849805191954e+00
6.018441381357335558e+03 1.758153786620622494e+00
6.018942959937329761e+03 1.758082634488200791e+00
6.019444538517323963e+03 1.758275207878244206e+00
6.019946117097319984e+03 1.758726825956267170e+00
6.020447695677315096e+03 1.759412889707864025e+00
6.020949274257309298e+03 1.760316744326237748e+00
6.021450852837303501e+03 1.761445856210305028e+00
6.021952431417299522e+03 1.762806344220411603e+00
6.022454009997294634e+03 1.764457172223415693e+00
6.022955588577288836e+03 1.766407532364598687e+00
6.023457167157283038e+03 1.768571485760310757e+00
6.023958745737279060e+03 1.770777495606837615e+00
6.024460324317274171e+03 1.772851741481592303e+00
6.024961902897268374e+03 1.774831051109274860e+00
6.025463481477262576e+03 1.777197115215820578e+00
6.025965060057258597e+03 1.780542606685866724e+00
6.026466638637253709e+03 1.784687866487687735e+00
6.026968217217247911e+03 1.788941974353171815e+00
6.027469795797242114e+03 1.793081850195327398e+00
6.027971374377238135e+03 1.797304170491729636e+00
6.028472952957233247e+03 1.801736395896952114e+00
6.028974531537227449e+03 1.806368707343399826e+00
6.029476110117221651e+03 1.811154905125551995e+00
6.029977688697216763e+03 1.816148979652102202e+00
6.030479267277212784e+03 1.821444202557484404e+00
6.030980845857206987e+03 1.826876464390091659e+00
6.031482424437201189e+03 1.832119405914548693e+00
6.031984003017196301e+03 1.836883489880920983e+00
6.032485581597192322e+03 1.840965077243652104e+00
6.032987160177186524e+03 1.844321638876216696e+00
6.033488738757180727e+03 1.847266046533518669e+00
6.033990317337175838e+03 1.850266996200472747e+00
6.034491895917171860e+03 1.853322850747485706e+00
6.034993474497166062e+03 1.856004776440416393e+00
6.035495053077160264e+03 1.858018660739517269e+00
6.035996631657155376e+03 1.859359815985368147e+00
6.036498210237151397e+03 1.860115413741824097e+00
6.036999788817145600e+03 1.860314732073783617e+00
6.037501367397139802e+03 1.859997492924109874e+00
6.038002945977134914e+03 1.859264430527229450e+00
6.038504524557130935e+03 1.858240825505420135e+00
6.039006103137125137e+03 1.857007293996220110e+00
6.039507681717119340e+03 1.855556857062414577e+00
6.040009260297114452e+03 1.853898963113418175e+00
6.040510838877109563e+03 1.852175000195423360e+00
6.041012417457104675e+03 1.850561808745183612e+00
6.041513996037098877e+03 1.849106738784423776e+00
6.042015574617093989e+03 1.847867295608907501e+00
6.042517153197089101e+03 1.846896415830389770e+00
6.043018731777083303e+03 1.846235013982527651e+00
6.043520310357078415e+03 1.845929036999629735e+00
6.044021888937073527e+03 1.845955899356595653e+00
6.044523467517068639e+03 1.846262935034516106e+00
6.045025046097062841e+03 1.846784842042958452e+00
6.045526624677057043e+03 1.847448699968560426e+00
6.046028203257053065e+03 1.848155023327587632e+00
6.046529781837048176e+03 1.848852969567495785e+00
6.047031360417042379e+03 1.849556215610031806e+00
6.047532938997036581e+03 1.850275948460648578e+00
6.048034517577032602e+03 1.851021221945539308e+00
6.048536096157027714e+03 1.851838933871772674e+00
6.049037674737021916e+03 1.852759658247784991e+00
6.049539253317016119e+03 1.853717700913779076e+00
6.050040831897012140e+03 1.854660162305662885e+00
6.050542410477007252e+03 1.855502345116361695e+00
6.051043989057001454e+03 1.856123287622731155e+00
6.051545567636995656e+03 1.856429162978725955e+00
6.052047146216991678e+03 1.856300167444597582e+00
6.052548724796986789e+03 1.855621527903078327e+00
6.053050303376980992e+03 1.854304459565123242e+00
6.053551881956975194e+03 1.852308661517555244e+00
6.054053460536971215e+03 1.849642691730381205e+00
6.054555039116966327e+03 1.846431166329030926e+00
6.055056617696960529e+03 1.842913932958341494e+00
6.055558196276954732e+03 1.839280588511194026e+00
6.056059774856949844e+03 1.835623847635048378e+00
6.056561353436945865e+03 1.832000647350062739e+00
6.057062932016940067e+03 1.828475423803341826e+00
6.057564510596934269e+03 1.825056072964527099e+00
6.058066089176929381e+03 1.821843685622938747e+00
6.058567667756925403e+03 1.819039785261326703e+00
6.059069246336919605e+03 1.816730841438836119e+00
6.059570824916913807e+03 1.814756399071234316e+00
6.060072403496908919e+03 1.812863442296469785e+00
6.060573982076904940e+03 1.811027428474882184e+00
6.061075560656899142e+03 1.809293002888332058e+00
6.061577139236893345e+03 1.807534187474391540e+00
6.062078717816888457e+03 1.805580765632166740e+00
6.062580296396884478e+03 1.803374825992997144e+00
6.063081874976878680e+03 1.800963289059878347e+00
6.063583453556872882e+03 1.798537037228943980e+00
6.064085032136867994e+03 1.796608340910148538e+00
6.064586610716864016e+03 1.795832530461927146e+00
6.065088189296858218e+03 1.796436674235976305e+00
6.065589767876852420e+03 1.798087334132671966e+00
6.066091346456847532e+03 1.800498573359783361e+00
6.066592925036842644e+03 1.803690170417140637e+00
6.067094503616837756e+03 1.807981090425165416e+00
6.067596082196831958e+03 1.813753877153646776e+00
6.068097660776827070e+03 1.820857201657475333e+00
6.068599239356822181e+03 1.828534693888641982e+00
6.069100817936816384e+03 1.836179247425044458e+00
6.069602396516811496e+03 1.843527545985653937e+00
6.070103975096806607e+03 1.850335738922219919e+00
6.070605553676801719e+03 1.856611049255712853e+00
6.071107132256795921e+03 1.862647094697414518e+00
6.071608710836790124e+03 1.868436802102964478e+00
6.072110289416786145e+03 1.873620652239575080e+00
6.072611867996781257e+03 1.878020659731927999e+00
6.073113446576775459e+03 1.881634399416134640e+00
6.073615025156769661e+03 1.884241427869092433e+00
6.074116603736765683e+03 1.885815076996561368e+00
6.074618182316760794e+03 1.886490401118477767e+00
6.075119760896754997e+03 1.886365640456892478e+00
6.075621339476749199e+03 1.885518308847112356e+00
6.076122918056745220e+03 1.883960030444324030e+00
6.076624496636740332e+03 1.881580987787614401e+00
6.077126075216734534e+03 1.878309936193895080e+00
6.077627653796728737e+03 1.874249131290047110e+00
6.078129232376724758e+03 1.869833371038709391e+00
6.078630810956719870e+03 1.865603420602330420e+00
6.079132389536714072e+03 1.861443181553977144e+00
6.079633968116708274e+03 1.856946221154668120e+00
6.080135546696704296e+03 1.852137980388732341e+00
6.080637125276699408e+03 1.847219304656787298e+00
6.081138703856693610e+03 1.842229241599559142e+00
6.081640282436687812e+03 1.837233369881710043e+00
6.082141861016682924e+03 1.832228870944042631e+00
6.082643439596678945e+03 1.827039898276469509e+00
6.083145018176673148e+03 1.821699587711897772e+00
6.083646596756667350e+03 1.816904111477823269e+00
6.084148175336662462e+03 1.813474757133763937e+00
6.084649753916658483e+03 1.811278594048503887e+00
6.085151332496652685e+03 1.809525577701358356e+00
6.085652911076646888e+03 1.807913410937051157e+00
6.086154489656641999e+03 1.806583631697763259e+00
6.086656068236638021e+03 1.805664773817410751e+00
6.087157646816632223e+03 1.805234890950066173e+00
6.087659225396626425e+03 1.805281893467128196e+00
6.088160803976621537e+03 1.805596797620416583e+00
6.088662382556617558e+03 1.805893854342743188e+00
6.089163961136611761e+03 1.805941950470431490e+00
6.089665539716605963e+03 1.805568704891944432e+00
6.090167118296601075e+03 1.804634118662598707e+00
6.090668696876597096e+03 1.803131185099187572e+00
6.091170275456591298e+03 1.801457062061049275e+00
6.091671854036585501e+03 1.800100078414539340e+00
6.092173432616580612e+03 1.799142862279041077e+00
6.092675011196575724e+03 1.798373234785894503e+00
6.093176589776570836e+03 1.797649586962326795e+00
6.093678168356565038e+03 1.797033494708878854e+00
6.094179746936560150e+03 1.796609647797305032e+00
6.094681325516555262e+03 1.796319695407758488e+00
6.095182904096549464e+03 1.796105050439364081e+00
6.095684482676544576e+03 1.796072466843475546e+00
6.096186061256539688e+03 1.796464997580296874e+00
6.096687639836534800e+03 1.797336481941667063e+00
6.097189218416529002e+03 1.798217864648911535e+00
6.097690796996523204e+03 1.798621412285537957e+00
6.098192375576519225e+03 1.798355414867414126e+00
6.098693954156514337e+03 1.797414422048245530e+00
6.099195532736508540e+03 1.795869942859548374e+00
6.099697111316502742e+03 1.793766864160524888e+00
6.100198689896498763e+03 1.791124507023114543e+00
6.100700268476493875e+03 1.787984244430208758e+00
6.101201847056488077e+03 1.784455317892187143e+00
6.101703425636482280e+03 1.780674720643115272e+00
6.102205004216478301e+03 1.776815693236415417e+00
6.102706582796473413e+03 1.773174383887562211e+00
6.103208161376467615e+03 1.770050664759912795e+00
6.103709739956461817e+03 1.767530883649506501e+00
6.104211318536457838e+03 1.765620664185241218e+00
6.104712897116452950e+03 1.764567051004806597e+00
6.105214475696447153e+03 1.764633566156566857e+00
6.105716054276441355e+03 1.765875740068594268e+00
6.106217632856437376e+03 1.767997085434247939e+00
6.106719211436432488e+03 1.770527489482854211e+00
6.107220790016426690e+03 1.773414441607821690e+00
6.107722368596420893e+03 1.777027566875038822e+00
6.108223947176416004e+03 1.781338965097067462e+00
6.108725525756412026e+03 1.785612215011085135e+00
6.109227104336406228e+03 1.789628484003622066e+00
6.109728682916400430e+03 1.793632680966544601e+00
6.110230261496395542e+03 1.797471707776841177e+00
6.110731840076391563e+03 1.800785804247392541e+00
6.111233418656385766e+03 1.803570647605295729e+00
6.111734997236379968e+03 1.806186324491073192e+00
6.112236575816375080e+03 1.809713850877828989e+00
6.112738154396371101e+03 1.817449756415834727e+00
6.113239732976365303e+03 1.834086490973038996e+00
6.113741311556359506e+03 1.856929344106990953e+00
6.114242890136354617e+03 1.872660967405937349e+00
6.114744468716350639e+03 1.867421377792920500e+00
6.115246047296344841e+03 1.842280828096026335e+00
6.115747625876339043e+03 1.819767826636105923e+00
6.116249204456334155e+03 1.811222741264400637e+00
6.116750783036330176e+03 1.807684375272068378e+00
6.117252361616324379e+03 1.803918883873232293e+00
6.117753940196318581e+03 1.799668501516286545e+00
6.118255518776313693e+03 1.794737463704334068e+00
6.118757097356308805e+03 1.789184347255307284e+00
6.119258675936303916e+03 1.783133745113584689e+00
6.119760254516298119e+03 1.776790919737595509e+00
6.120261833096293230e+03 1.770313502273081152e+00
6.120763411676288342e+03 1.763809581531994297e+00
6.121264990256282545e+03 1.757474463219582450e+00
6.121766568836277656e+03 1.751524182970650045e+00
6.122268147416272768e+03 1.746180435091770011e+00
6.122769725996267880e+03 1.741751799199190209e+00
6.123271304576262082e+03 1.738392949925082531e+00
6.123772883156256285e+03 1.736095596424808818e+00
6.124274461736252306e+03 1.734774993500575846e+00
6.124776040316247418e+03 1.734247445864587789e+00
6.125277618896241620e+03 1.734289304579732516e+00
6.125779197476235822e+03 1.734656145585006248e+00
6.126280776056231844e+03 1.735108998290525006e+00
6.126782354636226955e+03 1.735471455693807119e+00
6.127283933216221158e+03 1.735618191769247698e+00
6.127785511796215360e+03 1.735522560745179188e+00
6.128287090376211381e+03 1.735312287866942027e+00
6.128788668956206493e+03 1.735121162798745509e+00
6.129290247536200695e+03 1.735077347518136026e+00
6.129791826116194898e+03 1.735260981832491334e+00
6.130293404696190919e+03 1.735707916154406671e+00
6.130794983276186031e+03 1.736410392540000291e+00
6.131296561856180233e+03 1.737250643953312634e+00
6.131798140436174435e+03 1.737980123194011517e+00
6.132299719016170457e+03 1.738289465921999843e+00
6.132801297596165568e+03 1.737904355798892020e+00
6.133302876176159771e+03 1.736541275734273304e+00
6.133804454756153973e+03 1.733977823346612990e+00
6.134306033336149085e+03 1.730103177381087320e+00
6.134807611916145106e+03 1.725008028613903788e+00
6.135309190496139308e+03 1.719032426493778853e+00
6.135810769076133511e+03 1.712489524172656541e+00
6.136312347656128622e+03 1.705555590698366597e+00
6.136813926236124644e+03 1.698740207738189012e+00
6.137315504816118846e+03 1.692741059357266487e+00
6.137817083396113048e+03 1.688179227763727308e+00
6.138318661976108160e+03 1.685431991074803904e+00
6.138820240556104181e+03 1.684530016197147706e+00
6.139321819136098384e+03 1.685481245924904226e+00
6.139823397716092586e+03 1.688272106213916102e+00
6.140324976296087698e+03 1.692994309792437146e+00
6.140826554876083719e+03 1.699648566782731240e+00
6.141328133456077921e+03 1.707063366776020441e+00
6.141829712036072124e+03 1.714115847926296787e+00
6.142331290616067236e+03 1.720552155477503842e+00
6.142832869196062347e+03 1.726600254705469961e+00
6.143334447776057459e+03 1.732403588902841962e+00
6.143836026356051661e+03 1.738023207542067627e+00
6.144337604936046773e+03 1.743456016502499484e+00
6.144839183516041885e+03 1.748358243494433806e+00
6.145340762096036997e+03 1.752490228014565332e+00
6.145842340676031199e+03 1.756243834911504376e+00
6.146343919256026311e+03 1.760118832518359655e+00
6.146845497836021423e+03 1.764041493744354483e+00
6.147347076416015625e+03 1.767474057160885348e+00
6.147848654996010737e+03 1.770072044420458734e+00
6.148350233576005849e+03 1.771978511142667134e+00
6.148851812156000960e+03 1.773337088890066582e+00
6.149353390735995163e+03 1.774135459625603595e+00
6.149854969315989365e+03 1.774355636773066625e+00
6.150356547895985386e+03 1.774064709786760119e+00
6.150858126475980498e+03 1.773425573656164822e+00
6.151359705055974700e+03 1.772637162681633072e+00
6.151861283635968903e+03 1.771764881270754710e+00
6.152362862215964924e+03 1.770615921740679610e+00
6.152864440795960036e+03 1.768864213873401425e+00
6.153366019375954238e+03 1.766211066436754074e+00
6.153867597955948440e+03 1.762743477220559019e+00
6.154369176535944462e+03 1.758912134366839464e+00
6.154870755115939573e+03 1.755117951331340187e+00
6.155372333695933776e+03 1.751158597267307826e+00
6.155873912275927978e+03 1.746493253181890193e+00
6.156375490855923999e+03 1.740783097446173100e+00
6.156877069435919111e+03 1.733911362445626381e+00
6.157378648015913313e+03 1.724308190419034048e+00
6.157880226595907516e+03 1.703820929690933461e+00
6.158381805175903537e+03 1.640146485851676328e+00
6.158883383755898649e+03 1.481284830157907795e+00
6.159384962335892851e+03 1.296537003500215945e+00
