# TARGETID=39628085208812510, Z=0.012, SPECTYPE=GALAXY, SUBTYPE=, smoothing=1.0
# wave_A flux
# 
3.600000000000000000e+03 4.911626378727999054e+01
3.600800000000000182e+03 5.286674619168906020e+01
3.601600000000000364e+03 5.467649596813670598e+01
3.602400000000000546e+03 5.268404964153882020e+01
3.603200000000000728e+03 4.790117925544932120e+01
3.604000000000000909e+03 4.623647302111972834e+01
3.604800000000001091e+03 4.682892203271794074e+01
3.605600000000001273e+03 4.441245098736778374e+01
3.606400000000001455e+03 4.177411597942771948e+01
3.607200000000001637e+03 4.390487818060356062e+01
3.608000000000001819e+03 4.857024459462569155e+01
3.608800000000002001e+03 4.989910008117519880e+01
3.609600000000002183e+03 4.553847787439971739e+01
3.610400000000002365e+03 4.078453801632833375e+01
3.611200000000002547e+03 4.313602927508410545e+01
3.612000000000002728e+03 4.515768095921042402e+01
3.612800000000002910e+03 4.134602867743740262e+01
3.613600000000003092e+03 3.694295816688510570e+01
3.614400000000003274e+03 3.619795427714907987e+01
3.615200000000003456e+03 3.914507261065961785e+01
3.616000000000003638e+03 4.266154333523441267e+01
3.616800000000003820e+03 4.217854296409600323e+01
3.617600000000004002e+03 4.091915477977497062e+01
3.618400000000004184e+03 4.551331274291174367e+01
3.619200000000004366e+03 4.825598773403839203e+01
3.620000000000004547e+03 4.544940501408443367e+01
3.620800000000004729e+03 4.145312878392151390e+01
3.621600000000004911e+03 3.794033551242105773e+01
3.622400000000005093e+03 3.756883854476307505e+01
3.623200000000005275e+03 3.758963225345760861e+01
3.624000000000005457e+03 3.599019895263995750e+01
3.624800000000005639e+03 3.471612242059207176e+01
3.625600000000005821e+03 3.427758533600200508e+01
3.626400000000006003e+03 3.460897951494656866e+01
3.627200000000006185e+03 3.727315744588462110e+01
3.628000000000006366e+03 3.750831184892904702e+01
3.628800000000006548e+03 3.288492179108398972e+01
3.629600000000006730e+03 2.888146537693198468e+01
3.630400000000006912e+03 2.619435727465550201e+01
3.631200000000007094e+03 2.378984512415339836e+01
3.632000000000007276e+03 2.419217162469598748e+01
3.632800000000007458e+03 2.838982825971909563e+01
3.633600000000007640e+03 3.223452303949385822e+01
3.634400000000007822e+03 3.621989882124981364e+01
3.635200000000008004e+03 4.191619453577905574e+01
3.636000000000008185e+03 4.802044966615540034e+01
3.636800000000008367e+03 5.333512314650319297e+01
3.637600000000008549e+03 5.400729801824905252e+01
3.638400000000008731e+03 5.507148486621293415e+01
3.639200000000008913e+03 5.718834118742915962e+01
3.640000000000009095e+03 5.904112445706032020e+01
3.640800000000009277e+03 5.965784096913550627e+01
3.641600000000009459e+03 5.899079637433055723e+01
3.642400000000009641e+03 5.940945850112753135e+01
3.643200000000009823e+03 6.336242281438580903e+01
3.644000000000010004e+03 6.623394830829977309e+01
3.644800000000010186e+03 5.921827177046444035e+01
3.645600000000010368e+03 5.323747010889768916e+01
3.646400000000010550e+03 5.387482107038934487e+01
3.647200000000010732e+03 5.465735790190433363e+01
3.648000000000010914e+03 5.327051734864898691e+01
3.648800000000011096e+03 4.838107148989688255e+01
3.649600000000011278e+03 4.174052762065052491e+01
3.650400000000011460e+03 3.756904993979030394e+01
3.651200000000011642e+03 3.862772064023879182e+01
3.652000000000011823e+03 4.246964641053872214e+01
3.652800000000012005e+03 4.362613617063799154e+01
3.653600000000012187e+03 4.142141007962303689e+01
3.654400000000012369e+03 4.120182188574278825e+01
3.655200000000012551e+03 4.292787926992379255e+01
3.656000000000012733e+03 4.498021991308630163e+01
3.656800000000012915e+03 4.733214336917936294e+01
3.657600000000013097e+03 4.966693939557273296e+01
3.658400000000013279e+03 5.520761132227698909e+01
3.659200000000013461e+03 5.493453706319318997e+01
3.660000000000013642e+03 5.038501512156587125e+01
3.660800000000013824e+03 4.916213242412098339e+01
3.661600000000014006e+03 4.992572825395923530e+01
3.662400000000014188e+03 4.724346978169388933e+01
3.663200000000014370e+03 4.009322648416485890e+01
3.664000000000014552e+03 3.703728684985331654e+01
3.664800000000014734e+03 4.222285587481149349e+01
3.665600000000014916e+03 5.268467462009020608e+01
3.666400000000015098e+03 5.904259368997940527e+01
3.667200000000015280e+03 5.815356391794580304e+01
3.668000000000015461e+03 5.776192034210696136e+01
3.668800000000015643e+03 5.934304864644736455e+01
3.669600000000015825e+03 5.907360294248100274e+01
3.670400000000016007e+03 6.110008340058072918e+01
3.671200000000016189e+03 6.680935567854992030e+01
3.672000000000016371e+03 6.845480651850320442e+01
3.672800000000016553e+03 6.759895076430541394e+01
3.673600000000016735e+03 6.424984197039535161e+01
3.674400000000016917e+03 5.950804152501612521e+01
3.675200000000017099e+03 5.563647389011706679e+01
3.676000000000017280e+03 5.232664193183401835e+01
3.676800000000017462e+03 4.676081061427908736e+01
3.677600000000017644e+03 4.118687924468192563e+01
3.678400000000017826e+03 4.005766565224220699e+01
3.679200000000018008e+03 4.339334022543980041e+01
3.680000000000018190e+03 4.879677197233625918e+01
3.680800000000018372e+03 5.086280278136689503e+01
3.681600000000018554e+03 4.798278184539353930e+01
3.682400000000018736e+03 4.709503847922918141e+01
3.683200000000018917e+03 5.016970408279208016e+01
3.684000000000019099e+03 5.411781681427521562e+01
3.684800000000019281e+03 5.703305489380680626e+01
3.685600000000019463e+03 5.889879021805543857e+01
3.686400000000019645e+03 5.864030038060339223e+01
3.687200000000019827e+03 5.767669805178522324e+01
3.688000000000020009e+03 5.811506691963482751e+01
3.688800000000020191e+03 5.535073411104282570e+01
3.689600000000020373e+03 5.021509449834609029e+01
3.690400000000020555e+03 4.779179737513341308e+01
3.691200000000020736e+03 4.707919888538889097e+01
3.692000000000020918e+03 4.583032217412758769e+01
3.692800000000021100e+03 4.526655950126057348e+01
3.693600000000021282e+03 4.901947728733627230e+01
3.694400000000021464e+03 5.290537970562809988e+01
3.695200000000021646e+03 5.142981004599512573e+01
3.696000000000021828e+03 5.061767143805109015e+01
3.696800000000022010e+03 5.201649779299270193e+01
3.697600000000022192e+03 5.583270933604752173e+01
3.698400000000022374e+03 6.287962330937209288e+01
3.699200000000022555e+03 6.959900466666083219e+01
3.700000000000022737e+03 7.092796278820998168e+01
3.700800000000022919e+03 6.644546055894707592e+01
3.701600000000023101e+03 5.925666956643040351e+01
3.702400000000023283e+03 5.948018597209192393e+01
3.703200000000023465e+03 6.738626954069050612e+01
3.704000000000023647e+03 6.899620665494597915e+01
3.704800000000023829e+03 6.581705460783305739e+01
3.705600000000024011e+03 6.568170684318258168e+01
3.706400000000024193e+03 6.638658280985373494e+01
3.707200000000024374e+03 6.547910963419745656e+01
3.708000000000024556e+03 6.356348194347920355e+01
3.708800000000024738e+03 6.206511186919954781e+01
3.709600000000024920e+03 5.810067124801189209e+01
3.710400000000025102e+03 5.441480548217459301e+01
3.711200000000025284e+03 5.236943577724215970e+01
3.712000000000025466e+03 5.202203299350210841e+01
3.712800000000025648e+03 5.576215839993230361e+01
3.713600000000025830e+03 5.956888760509001202e+01
3.714400000000026012e+03 6.032225061512254172e+01
3.715200000000026193e+03 6.307261033810533490e+01
3.716000000000026375e+03 6.660674466307767716e+01
3.716800000000026557e+03 6.701284893623900984e+01
3.717600000000026739e+03 6.871203761652925834e+01
3.718400000000026921e+03 7.051053142283271313e+01
3.719200000000027103e+03 6.743599186073330998e+01
3.720000000000027285e+03 6.457321728127143956e+01
3.720800000000027467e+03 6.393735745024447681e+01
3.721600000000027649e+03 6.427410082261388879e+01
3.722400000000027831e+03 6.353037920148838680e+01
3.723200000000028012e+03 5.843515090914398513e+01
3.724000000000028194e+03 5.244056592762994740e+01
3.724800000000028376e+03 5.253528827063938422e+01
3.725600000000028558e+03 5.567111247465236801e+01
3.726400000000028740e+03 5.763128393513417791e+01
3.727200000000028922e+03 6.033995116594884678e+01
3.728000000000029104e+03 6.182082610552774327e+01
3.728800000000029286e+03 6.175498522432749837e+01
3.729600000000029468e+03 5.809345999646952663e+01
3.730400000000029650e+03 5.252976176271793918e+01
3.731200000000029831e+03 5.026555079253584069e+01
3.732000000000030013e+03 5.602036667521312552e+01
3.732800000000030195e+03 6.331948203112936113e+01
3.733600000000030377e+03 6.534632318339711787e+01
3.734400000000030559e+03 6.902433036303801828e+01
3.735200000000030741e+03 7.082906687729092710e+01
3.736000000000030923e+03 6.822524299614686072e+01
3.736800000000031105e+03 6.498374400042260390e+01
3.737600000000031287e+03 6.456379496408126784e+01
3.738400000000031469e+03 6.480401970767275088e+01
3.739200000000031650e+03 6.201636174888022168e+01
3.740000000000031832e+03 6.058160014283088657e+01
3.740800000000032014e+03 6.288507646229295744e+01
3.741600000000032196e+03 6.705677618196575906e+01
3.742400000000032378e+03 7.382089125369950011e+01
3.743200000000032560e+03 7.813603327948450783e+01
3.744000000000032742e+03 7.806565362166170985e+01
3.744800000000032924e+03 7.681801307353836705e+01
3.745600000000033106e+03 7.385058154711327916e+01
3.746400000000033288e+03 7.116266626782064009e+01
3.747200000000033469e+03 6.972129792194560594e+01
3.748000000000033651e+03 6.566769285179184124e+01
3.748800000000033833e+03 5.886332234157440269e+01
3.749600000000034015e+03 5.032137897751324829e+01
3.750400000000034197e+03 4.498266338987747304e+01
3.751200000000034379e+03 4.625196190584306777e+01
3.752000000000034561e+03 4.957902441111291836e+01
3.752800000000034743e+03 5.105061665878051258e+01
3.753600000000034925e+03 5.022457706216599149e+01
3.754400000000035106e+03 5.044230340652909206e+01
3.755200000000035288e+03 5.467851653075030072e+01
3.756000000000035470e+03 5.720437625386487213e+01
3.756800000000035652e+03 5.645979653856894487e+01
3.757600000000035834e+03 6.153203654249882959e+01
3.758400000000036016e+03 7.459794412026094790e+01
3.759200000000036198e+03 8.563575743359689341e+01
3.760000000000036380e+03 8.197834672113873467e+01
3.760800000000036562e+03 7.444444362719291064e+01
3.761600000000036744e+03 7.319974905676880894e+01
3.762400000000036925e+03 7.086923377077974351e+01
3.763200000000037107e+03 6.510736944741103116e+01
3.764000000000037289e+03 5.998044602529805047e+01
3.764800000000037471e+03 5.388486722634800685e+01
3.765600000000037653e+03 4.668092007458947279e+01
3.766400000000037835e+03 4.297765338612226316e+01
3.767200000000038017e+03 4.187552174996261556e+01
3.768000000000038199e+03 4.234546698557180378e+01
3.768800000000038381e+03 4.447468287507005869e+01
3.769600000000038563e+03 4.721032082759495552e+01
3.770400000000038744e+03 5.085244331144188834e+01
3.771200000000038926e+03 5.540482027120150121e+01
3.772000000000039108e+03 5.764212298678934587e+01
3.772800000000039290e+03 5.831559845197637060e+01
3.773600000000039472e+03 6.097466416482646423e+01
3.774400000000039654e+03 6.498451001327403276e+01
3.775200000000039836e+03 6.517595434078833705e+01
3.776000000000040018e+03 6.215567815794601358e+01
3.776800000000040200e+03 5.964756280962404844e+01
3.777600000000040382e+03 5.731537381506451823e+01
3.778400000000040563e+03 5.362378098046539776e+01
3.779200000000040745e+03 4.824180648790034809e+01
3.780000000000040927e+03 4.430466060536922868e+01
3.780800000000041109e+03 4.138923855920278783e+01
3.781600000000041291e+03 3.909765610239684719e+01
3.782400000000041473e+03 3.845428548321260820e+01
3.783200000000041655e+03 3.857979451652762748e+01
3.784000000000041837e+03 4.084663015153519439e+01
3.784800000000042019e+03 4.392990303135192676e+01
3.785600000000042201e+03 4.711254597469086747e+01
3.786400000000042382e+03 5.077279348706027662e+01
3.787200000000042564e+03 5.749862449088814031e+01
3.788000000000042746e+03 6.231107754545161015e+01
3.788800000000042928e+03 5.971547515461966782e+01
3.789600000000043110e+03 5.208745763798643225e+01
3.790400000000043292e+03 4.596884393758505638e+01
3.791200000000043474e+03 4.252243202280575929e+01
3.792000000000043656e+03 4.127653150033235363e+01
3.792800000000043838e+03 4.181659240134423783e+01
3.793600000000044020e+03 4.145144292334421721e+01
3.794400000000044201e+03 3.873729795299473722e+01
3.795200000000044383e+03 3.706888176834185344e+01
3.796000000000044565e+03 3.870597119620998683e+01
3.796800000000044747e+03 4.341297889652920361e+01
3.797600000000044929e+03 5.142907593394720323e+01
3.798400000000045111e+03 5.920268929549156667e+01
3.799200000000045293e+03 5.811486186367834250e+01
3.800000000000045475e+03 5.454223528993594527e+01
3.800800000000045657e+03 5.821427426560313734e+01
3.801600000000045839e+03 6.388996652287104894e+01
3.802400000000046020e+03 6.387924087916502458e+01
3.803200000000046202e+03 5.894135028075285732e+01
3.804000000000046384e+03 5.573027844003777886e+01
3.804800000000046566e+03 5.578738134566310691e+01
3.805600000000046748e+03 5.762696342380336034e+01
3.806400000000046930e+03 5.607297324414973616e+01
3.807200000000047112e+03 5.279916557269846322e+01
3.808000000000047294e+03 5.143762071067935437e+01
3.808800000000047476e+03 5.314372987589594288e+01
3.809600000000047658e+03 5.628915811882766462e+01
3.810400000000047839e+03 5.728210402418834235e+01
3.811200000000048021e+03 5.545288779946724844e+01
3.812000000000048203e+03 5.442823076325483100e+01
3.812800000000048385e+03 5.475284687880860446e+01
3.813600000000048567e+03 5.313481500427499782e+01
3.814400000000048749e+03 5.268699301425432679e+01
3.815200000000048931e+03 5.602709168577464993e+01
3.816000000000049113e+03 6.081439081619429743e+01
3.816800000000049295e+03 6.340318966718064786e+01
3.817600000000049477e+03 6.322786089890372097e+01
3.818400000000049658e+03 6.356531526645723318e+01
3.819200000000049840e+03 6.688016952319378561e+01
3.820000000000050022e+03 7.072143456347077972e+01
3.820800000000050204e+03 7.054645494821683371e+01
3.821600000000050386e+03 6.807575367017250301e+01
3.822400000000050568e+03 6.877836039792438783e+01
3.823200000000050750e+03 7.178756757483438378e+01
3.824000000000050932e+03 7.546875545279523578e+01
3.824800000000051114e+03 7.832306756055155006e+01
3.825600000000051296e+03 7.926221209611941276e+01
3.826400000000051477e+03 7.859829526522325693e+01
3.827200000000051659e+03 7.398993712923231669e+01
3.828000000000051841e+03 7.206380615240229304e+01
3.828800000000052023e+03 7.602955381925934830e+01
3.829600000000052205e+03 7.759151828655998884e+01
3.830400000000052387e+03 7.526253690577784994e+01
3.831200000000052569e+03 7.500037273077160194e+01
3.832000000000052751e+03 7.566803478405023498e+01
3.832800000000052933e+03 7.250688197248470601e+01
3.833600000000053114e+03 6.664931742225095945e+01
3.834400000000053296e+03 6.014783709506607323e+01
3.835200000000053478e+03 5.761014103251311980e+01
3.836000000000053660e+03 5.708397444676591448e+01
3.836800000000053842e+03 5.458501320213842689e+01
3.837600000000054024e+03 5.174805888519871644e+01
3.838400000000054206e+03 4.901401635616773689e+01
3.839200000000054388e+03 4.947866483489220712e+01
3.840000000000054570e+03 5.370476055705827179e+01
3.840800000000054752e+03 5.517596512110916507e+01
3.841600000000054933e+03 5.371094844594723128e+01
3.842400000000055115e+03 5.409425740735343879e+01
3.843200000000055297e+03 5.590544473590833263e+01
3.844000000000055479e+03 5.520105896566882109e+01
3.844800000000055661e+03 5.096332017911871048e+01
3.845600000000055843e+03 4.911676974853177313e+01
3.846400000000056025e+03 5.222330176256672729e+01
3.847200000000056207e+03 5.516165864052713630e+01
3.848000000000056389e+03 5.605831088017335162e+01
3.848800000000056571e+03 5.849402486120280287e+01
3.849600000000056752e+03 6.058842933747887116e+01
3.850400000000056934e+03 6.033375197743256280e+01
3.851200000000057116e+03 6.097955958211924354e+01
3.852000000000057298e+03 6.338081206892694297e+01
3.852800000000057480e+03 6.520335126381152691e+01
3.853600000000057662e+03 6.569119589729695008e+01
3.854400000000057844e+03 6.433574298918387058e+01
3.855200000000058026e+03 6.152729098523167295e+01
3.856000000000058208e+03 6.181640066348333562e+01
3.856800000000058390e+03 6.521687414421128892e+01
3.857600000000058571e+03 6.530088902680208207e+01
3.858400000000058753e+03 6.333532268932202669e+01
3.859200000000058935e+03 6.184442892602409358e+01
3.860000000000059117e+03 6.003666554173700831e+01
3.860800000000059299e+03 5.630974656176105952e+01
3.861600000000059481e+03 5.357639136744579389e+01
3.862400000000059663e+03 5.344731291738750656e+01
3.863200000000059845e+03 5.232629887996785811e+01
3.864000000000060027e+03 5.072027387776169860e+01
3.864800000000060209e+03 4.959280396990155282e+01
3.865600000000060390e+03 4.709016330306197062e+01
3.866400000000060572e+03 4.471628928994666552e+01
3.867200000000060754e+03 4.316766185898582364e+01
3.868000000000060936e+03 4.159007783040605943e+01
3.868800000000061118e+03 3.991590482177079480e+01
3.869600000000061300e+03 3.880753789688462518e+01
3.870400000000061482e+03 3.835176770980325500e+01
3.871200000000061664e+03 3.799996402948874419e+01
3.872000000000061846e+03 4.000581054575948770e+01
3.872800000000062028e+03 4.329269384484560845e+01
3.873600000000062209e+03 4.451838932217630429e+01
3.874400000000062391e+03 4.269293157538357519e+01
3.875200000000062573e+03 3.966608047046396734e+01
3.876000000000062755e+03 3.735676494371821832e+01
3.876800000000062937e+03 3.625178914281346465e+01
3.877600000000063119e+03 3.692509331192256639e+01
3.878400000000063301e+03 3.698778781096726931e+01
3.879200000000063483e+03 3.583192489981732365e+01
3.880000000000063665e+03 3.576316320129489412e+01
3.880800000000063847e+03 3.607738595148398275e+01
3.881600000000064028e+03 3.466568876907416552e+01
3.882400000000064210e+03 3.270143636180556257e+01
3.883200000000064392e+03 3.237978302468839331e+01
3.884000000000064574e+03 3.420088826068540300e+01
3.884800000000064756e+03 3.492238153225733299e+01
3.885600000000064938e+03 3.294918763830415287e+01
3.886400000000065120e+03 3.151833443918557975e+01
3.887200000000065302e+03 3.346901321764650561e+01
3.888000000000065484e+03 3.793728691398538899e+01
3.888800000000065666e+03 4.136851518409229556e+01
3.889600000000065847e+03 4.308073526230599271e+01
3.890400000000066029e+03 4.473635677763044782e+01
3.891200000000066211e+03 4.662943378060903399e+01
3.892000000000066393e+03 5.011744742151210374e+01
3.892800000000066575e+03 5.450489160382016252e+01
3.893600000000066757e+03 5.556139678568379736e+01
3.894400000000066939e+03 5.235068167055213451e+01
3.895200000000067121e+03 4.985000545324629684e+01
3.896000000000067303e+03 4.933195146666902531e+01
3.896800000000067485e+03 4.866368631564235159e+01
3.897600000000067666e+03 4.884835663136482964e+01
3.898400000000067848e+03 4.934998518860427907e+01
3.899200000000068030e+03 5.104467111918815192e+01
3.900000000000068212e+03 5.354257029349641073e+01
3.900800000000068394e+03 5.471256922015111712e+01
3.901600000000068576e+03 5.218277570194376835e+01
3.902400000000068758e+03 4.866232985011899359e+01
3.903200000000068940e+03 4.755812527306161996e+01
3.904000000000069122e+03 4.637704662198179051e+01
3.904800000000069303e+03 4.495346340882126412e+01
3.905600000000069485e+03 4.454918257808109416e+01
3.906400000000069667e+03 4.467528018650595101e+01
3.907200000000069849e+03 4.481071332195852364e+01
3.908000000000070031e+03 4.543827013858302166e+01
3.908800000000070213e+03 4.653184682091085023e+01
3.909600000000070395e+03 4.886380863743671199e+01
3.910400000000070577e+03 5.144466205508190626e+01
3.911200000000070759e+03 5.216186158753195912e+01
3.912000000000070941e+03 5.184641157423055802e+01
3.912800000000071122e+03 5.153099239659917430e+01
3.913600000000071304e+03 5.241061461240894914e+01
3.914400000000071486e+03 5.460118406581627681e+01
3.915200000000071668e+03 5.355124209230787358e+01
3.916000000000071850e+03 4.988120365909201581e+01
3.916800000000072032e+03 4.794787876705298402e+01
3.917600000000072214e+03 4.843691012507572680e+01
3.918400000000072396e+03 4.797985069593383400e+01
3.919200000000072578e+03 4.573969809339151738e+01
3.920000000000072760e+03 4.446456709708336064e+01
3.920800000000072941e+03 4.479090057349878862e+01
3.921600000000073123e+03 4.614887325607032409e+01
3.922400000000073305e+03 4.817721336393641707e+01
3.923200000000073487e+03 5.097634727545675304e+01
3.924000000000073669e+03 5.297472598875872052e+01
3.924800000000073851e+03 5.217864634370521060e+01
3.925600000000074033e+03 5.043283165717564032e+01
3.926400000000074215e+03 4.861041890195309634e+01
3.927200000000074397e+03 4.679565498380853938e+01
3.928000000000074579e+03 4.554259565231243556e+01
3.928800000000074760e+03 4.548215181617823077e+01
3.929600000000074942e+03 4.587076534249362680e+01
3.930400000000075124e+03 4.574612752466833854e+01
3.931200000000075306e+03 4.571065293845785504e+01
3.932000000000075488e+03 4.580917141784769342e+01
3.932800000000075670e+03 4.517546088720821018e+01
3.933600000000075852e+03 4.314191240967366525e+01
3.934400000000076034e+03 4.099523792786678200e+01
3.935200000000076216e+03 4.104985643512831928e+01
3.936000000000076398e+03 4.349699988924690786e+01
3.936800000000076579e+03 4.608713573322077650e+01
3.937600000000076761e+03 4.928440475345557559e+01
3.938400000000076943e+03 5.350736320313131955e+01
3.939200000000077125e+03 5.658899420677866487e+01
3.940000000000077307e+03 5.846487300112421792e+01
3.940800000000077489e+03 6.237514892744793826e+01
3.941600000000077671e+03 6.756058124947813326e+01
3.942400000000077853e+03 6.941094744392417226e+01
3.943200000000078035e+03 6.861957036240757191e+01
3.944000000000078217e+03 6.814007169401855890e+01
3.944800000000078398e+03 6.756774875321133322e+01
3.945600000000078580e+03 6.633695048207505351e+01
3.946400000000078762e+03 6.587727458155663385e+01
3.947200000000078944e+03 6.807516168849132043e+01
3.948000000000079126e+03 7.101721506766824632e+01
3.948800000000079308e+03 7.404208423458707955e+01
3.949600000000079490e+03 7.410165927968496646e+01
3.950400000000079672e+03 7.113566962594777010e+01
3.951200000000079854e+03 6.911393510708384724e+01
3.952000000000080036e+03 6.717739603882887423e+01
3.952800000000080217e+03 6.475248198041907699e+01
3.953600000000080399e+03 6.347118891687647135e+01
3.954400000000080581e+03 6.357949779223684317e+01
3.955200000000080763e+03 6.404009055627562930e+01
3.956000000000080945e+03 6.694072067573237916e+01
3.956800000000081127e+03 7.094943465930589355e+01
3.957600000000081309e+03 7.143488679588810442e+01
3.958400000000081491e+03 7.091888511942369178e+01
3.959200000000081673e+03 7.407952900448310629e+01
3.960000000000081855e+03 7.807658286886926646e+01
3.960800000000082036e+03 8.056149371837204853e+01
3.961600000000082218e+03 8.246709208974016292e+01
3.962400000000082400e+03 8.683929896209954791e+01
3.963200000000082582e+03 9.094966074791850019e+01
3.964000000000082764e+03 8.997881788867016439e+01
3.964800000000082946e+03 8.559260214981523518e+01
3.965600000000083128e+03 8.188832197013191205e+01
3.966400000000083310e+03 7.925643447680660358e+01
3.967200000000083492e+03 7.718197489231565100e+01
3.968000000000083674e+03 7.439262405214932983e+01
3.968800000000083855e+03 7.001533545748482368e+01
3.969600000000084037e+03 6.625579857303415565e+01
3.970400000000084219e+03 6.452366645082472019e+01
3.971200000000084401e+03 6.480981329726481022e+01
3.972000000000084583e+03 6.539409482227908654e+01
3.972800000000084765e+03 6.413528152499692681e+01
3.973600000000084947e+03 6.070168597959369805e+01
3.974400000000085129e+03 5.678452912119970364e+01
3.975200000000085311e+03 5.342730126544012137e+01
3.976000000000085493e+03 5.192662808964227139e+01
3.976800000000085674e+03 5.053726476116828081e+01
3.977600000000085856e+03 4.547182791317675310e+01
3.978400000000086038e+03 3.840672857495410142e+01
3.979200000000086220e+03 3.247344563075138524e+01
3.980000000000086402e+03 2.732028337308594956e+01
3.980800000000086584e+03 2.248153253633520166e+01
3.981600000000086766e+03 1.971342376390812490e+01
3.982400000000086948e+03 1.969639420522116069e+01
3.983200000000087130e+03 2.220027586444080470e+01
3.984000000000087311e+03 2.633192019203831080e+01
3.984800000000087493e+03 2.985538481237581721e+01
3.985600000000087675e+03 3.424057120080045991e+01
3.986400000000087857e+03 3.816782082749078597e+01
3.987200000000088039e+03 4.088045876685355040e+01
3.988000000000088221e+03 4.480418301877483600e+01
3.988800000000088403e+03 5.014016737028063631e+01
3.989600000000088585e+03 5.366869868108472019e+01
3.990400000000088767e+03 5.543933068561196364e+01
3.991200000000088949e+03 5.587979785599927141e+01
3.992000000000089130e+03 5.451247448975991006e+01
3.992800000000089312e+03 5.343847062563596495e+01
3.993600000000089494e+03 5.554643869868700534e+01
3.994400000000089676e+03 5.904986813362945952e+01
3.995200000000089858e+03 6.146326507710931253e+01
3.996000000000090040e+03 6.311908203486397895e+01
3.996800000000090222e+03 6.468894896881852219e+01
3.997600000000090404e+03 6.879120085333519796e+01
3.998400000000090586e+03 7.350593942462305108e+01
3.999200000000090768e+03 7.445718237026822806e+01
4.000000000000090949e+03 7.497603086393606020e+01
4.000800000000091131e+03 7.839638334103148054e+01
4.001600000000091313e+03 7.896014983213012783e+01
4.002400000000091495e+03 7.606843415302589051e+01
4.003200000000091677e+03 7.653568878986479262e+01
4.004000000000091859e+03 8.033341525876230094e+01
4.004800000000092041e+03 8.144247737852971625e+01
4.005600000000092223e+03 8.012531968316682196e+01
4.006400000000092405e+03 7.772035362140377401e+01
4.007200000000092587e+03 7.483815658898771517e+01
4.008000000000092768e+03 7.330787145385504289e+01
4.008800000000092950e+03 7.127973324470082161e+01
4.009600000000093132e+03 6.674808104714385593e+01
4.010400000000093314e+03 6.114504602395879829e+01
4.011200000000093496e+03 5.579635414802344684e+01
4.012000000000093678e+03 5.109832020932322649e+01
4.012800000000093860e+03 4.463760537462620448e+01
4.013600000000094042e+03 3.907230684306264124e+01
4.014400000000094224e+03 3.740884111695765313e+01
4.015200000000094406e+03 3.690624401822373102e+01
4.016000000000094587e+03 3.413882458816991061e+01
4.016800000000094769e+03 2.980994362672451814e+01
4.017600000000094951e+03 2.718452849029788609e+01
4.018400000000095133e+03 2.798235315722496352e+01
4.019200000000095315e+03 3.051515385725046059e+01
4.020000000000095497e+03 3.250005930900672269e+01
4.020800000000095679e+03 3.649452425281582180e+01
4.021600000000095861e+03 4.223339989725050714e+01
4.022400000000096043e+03 4.599286470408900840e+01
4.023200000000096225e+03 4.988929705752426003e+01
4.024000000000096406e+03 5.562415017958620211e+01
4.024800000000096588e+03 6.245261137073909197e+01
4.025600000000096770e+03 6.764763828247789945e+01
4.026400000000096952e+03 6.844278053175442267e+01
4.027200000000097134e+03 6.933155231459366519e+01
4.028000000000097316e+03 7.432240693822814137e+01
4.028800000000097498e+03 8.123906099913740775e+01
4.029600000000097680e+03 8.671045644250142459e+01
4.030400000000097862e+03 8.998718837226515177e+01
4.031200000000098044e+03 8.894133667017176492e+01
4.032000000000098225e+03 8.635209599237933276e+01
4.032800000000098407e+03 8.481496981679696034e+01
4.033600000000098589e+03 8.477434422512385481e+01
4.034400000000098771e+03 8.855041166408540221e+01
4.035200000000098953e+03 9.416312775791404022e+01
4.036000000000099135e+03 9.707884103542969001e+01
4.036800000000099317e+03 9.680632237962657882e+01
4.037600000000099499e+03 9.537697801216569360e+01
4.038400000000099681e+03 9.522240407970969045e+01
4.039200000000099863e+03 9.557822064253400640e+01
4.040000000000100044e+03 9.627711839830148222e+01
4.040800000000100226e+03 1.003064815826147083e+02
4.041600000000100408e+03 1.045516138420988170e+02
4.042400000000100590e+03 1.054999158926425764e+02
4.043200000000100772e+03 1.042723990122579352e+02
4.044000000000100954e+03 1.020312167329557553e+02
4.044800000000101136e+03 9.992809925545738281e+01
4.045600000000101318e+03 1.003084322353393247e+02
4.046400000000101500e+03 1.014643427108122751e+02
4.047200000000101682e+03 1.009576470940894097e+02
4.048000000000101863e+03 1.029799316149146904e+02
4.048800000000102045e+03 1.071148630373784556e+02
4.049600000000102227e+03 1.082502039104176959e+02
4.050400000000102409e+03 1.073197918473842805e+02
4.051200000000102591e+03 1.087973534917314566e+02
4.052000000000102773e+03 1.103541614355767848e+02
4.052800000000102955e+03 1.103065420912889465e+02
4.053600000000103137e+03 1.067666342970680091e+02
4.054400000000103319e+03 1.017551710021673443e+02
4.055200000000103500e+03 9.704555894311874908e+01
4.056000000000103682e+03 9.559039645980018918e+01
4.056800000000103864e+03 9.601939197172782769e+01
4.057600000000104046e+03 9.950053580649534979e+01
4.058400000000104228e+03 1.050732228481746944e+02
4.059200000000104410e+03 1.081032046718838444e+02
4.060000000000104592e+03 1.066635531274234268e+02
4.060800000000104774e+03 1.034516502390139578e+02
4.061600000000104956e+03 1.040598334051000222e+02
4.062400000000105138e+03 1.074729979367659638e+02
4.063200000000105319e+03 1.133067312570896945e+02
4.064000000000105501e+03 1.192632440071977555e+02
4.064800000000105683e+03 1.196940761416243504e+02
4.065600000000105865e+03 1.174425675723995255e+02
4.066400000000106047e+03 1.178681093831975772e+02
4.067200000000106229e+03 1.184270598463276229e+02
4.068000000000106411e+03 1.151017878442069957e+02
4.068800000000106593e+03 1.109245275129270283e+02
4.069600000000106775e+03 1.093799686042529515e+02
4.070400000000106957e+03 1.106531137171329249e+02
4.071200000000107138e+03 1.125257042511200041e+02
4.072000000000107320e+03 1.155547099358825847e+02
4.072800000000107502e+03 1.183002454862321429e+02
4.073600000000107684e+03 1.161083338050022462e+02
4.074400000000107866e+03 1.097388552811748639e+02
4.075200000000108048e+03 1.082776752193016421e+02
4.076000000000108230e+03 1.152806889160360697e+02
4.076800000000108412e+03 1.243489739484977008e+02
4.077600000000108594e+03 1.308396653240601495e+02
4.078400000000108776e+03 1.291755688046024773e+02
4.079200000000108957e+03 1.213461543240849494e+02
4.080000000000109139e+03 1.105324849323617258e+02
4.080800000000109321e+03 1.030669555708086591e+02
4.081600000000109503e+03 9.963521373912956847e+01
4.082400000000109685e+03 9.831632358380578296e+01
4.083200000000109867e+03 9.861526310194990685e+01
4.084000000000110049e+03 9.693006073693246094e+01
4.084800000000110231e+03 9.421535694943025874e+01
4.085600000000110413e+03 9.369042435975219973e+01
4.086400000000110595e+03 9.599174117718195021e+01
4.087200000000110776e+03 1.013773739690608267e+02
4.088000000000110958e+03 1.075539292718770241e+02
4.088800000000111140e+03 1.126737666768346458e+02
4.089600000000111322e+03 1.159133340219493533e+02
4.090400000000111504e+03 1.130173709248533385e+02
4.091200000000111686e+03 1.107576716021257965e+02
4.092000000000111868e+03 1.126377296457596486e+02
4.092800000000112050e+03 1.141570844835092657e+02
4.093600000000112232e+03 1.128408337398749950e+02
4.094400000000112414e+03 1.075503919444716701e+02
4.095200000000112595e+03 9.894299355336576696e+01
4.096000000000112777e+03 9.001143848869017461e+01
4.096800000000112959e+03 8.718142194308416038e+01
4.097600000000113141e+03 9.291395468332871133e+01
4.098400000000113323e+03 1.013491318367326670e+02
4.099200000000113505e+03 1.074639764013106173e+02
4.100000000000113687e+03 1.104047249949734919e+02
4.100800000000113869e+03 1.131067664649933988e+02
4.101600000000114051e+03 1.205354363601355345e+02
4.102400000000114233e+03 1.269321286620411655e+02
4.103200000000114414e+03 1.229654316023237755e+02
4.104000000000114596e+03 1.150316411526445961e+02
4.104800000000114778e+03 1.095801718188297116e+02
4.105600000000114960e+03 1.049585103297538353e+02
4.106400000000115142e+03 9.995053721955929404e+01
4.107200000000115324e+03 9.668912371846249698e+01
4.108000000000115506e+03 9.698362637606192038e+01
4.108800000000115688e+03 9.990720128577132186e+01
4.109600000000115870e+03 1.022084973394507017e+02
4.110400000000116052e+03 9.989275313830657410e+01
4.111200000000116233e+03 9.728946319836272494e+01
4.112000000000116415e+03 9.841718070980741118e+01
4.112800000000116597e+03 9.889957093689557155e+01
4.113600000000116779e+03 9.749705269262189233e+01
4.114400000000116961e+03 9.848956474581341070e+01
4.115200000000117143e+03 1.011057108981686383e+02
4.116000000000117325e+03 1.008466518327593207e+02
4.116800000000117507e+03 1.016720734037261593e+02
4.117600000000117689e+03 1.042030000473619680e+02
4.118400000000117871e+03 1.057540391379997970e+02
4.119200000000118052e+03 1.047651260187049047e+02
4.120000000000118234e+03 1.032015564910735748e+02
4.120800000000118416e+03 1.028596707882111048e+02
4.121600000000118598e+03 1.046372388152152695e+02
4.122400000000118780e+03 1.074126858930731743e+02
4.123200000000118962e+03 1.065726420416684164e+02
4.124000000000119144e+03 1.026066724123821530e+02
4.124800000000119326e+03 1.004846537851607025e+02
4.125600000000119508e+03 9.949676264700664774e+01
4.126400000000119690e+03 9.902243597184610735e+01
4.127200000000119871e+03 9.798392385716691422e+01
4.128000000000120053e+03 9.717536580438232363e+01
4.128800000000120235e+03 9.805049622672618170e+01
4.129600000000120417e+03 9.891427743821678575e+01
4.130400000000120599e+03 1.013330487051147344e+02
4.131200000000120781e+03 1.078278266640717504e+02
4.132000000000120963e+03 1.147890227244408550e+02
4.132800000000121145e+03 1.159870879200836953e+02
4.133600000000121327e+03 1.150825926429947685e+02
4.134400000000121508e+03 1.178964357187487053e+02
4.135200000000121690e+03 1.206116055719663507e+02
4.136000000000121872e+03 1.198198552143656457e+02
4.136800000000122054e+03 1.194640811199693928e+02
4.137600000000122236e+03 1.196653865809747970e+02
4.138400000000122418e+03 1.174954482679189738e+02
4.139200000000122600e+03 1.143241331253009889e+02
4.140000000000122782e+03 1.143747071582131980e+02
4.140800000000122964e+03 1.171633391220626237e+02
4.141600000000123146e+03 1.175097966586549774e+02
4.142400000000123327e+03 1.135143563577528738e+02
4.143200000000123509e+03 1.097745362925618622e+02
4.144000000000123691e+03 1.086359981205419842e+02
4.144800000000123873e+03 1.060037583463086150e+02
4.145600000000124055e+03 1.025294971377752091e+02
4.146400000000124237e+03 1.021752539830015962e+02
4.147200000000124419e+03 1.051741349652977959e+02
4.148000000000124601e+03 1.090822777968634512e+02
4.148800000000124783e+03 1.069315346845006900e+02
4.149600000000124965e+03 1.002447207555325122e+02
4.150400000000125146e+03 9.744641627075640145e+01
4.151200000000125328e+03 9.540608974658161401e+01
4.152000000000125510e+03 9.151869901548022312e+01
4.152800000000125692e+03 8.916343060680796384e+01
4.153600000000125874e+03 8.890000070289795531e+01
4.154400000000126056e+03 9.138033617107848272e+01
4.155200000000126238e+03 9.700118473880587544e+01
4.156000000000126420e+03 9.970797013439626255e+01
4.156800000000126602e+03 9.780715695470485116e+01
4.157600000000126784e+03 9.715918019574885989e+01
4.158400000000126965e+03 9.947057946480165924e+01
4.159200000000127147e+03 9.942183344325127337e+01
4.160000000000127329e+03 9.810565719735701862e+01
4.160800000000127511e+03 9.860727502181073589e+01
4.161600000000127693e+03 1.010164485323869741e+02
4.162400000000127875e+03 1.019646882143197217e+02
4.163200000000128057e+03 1.002611865509479685e+02
4.164000000000128239e+03 1.012371637836137381e+02
4.164800000000128421e+03 1.055434994510851823e+02
4.165600000000128603e+03 1.081188426041553043e+02
4.166400000000128784e+03 1.102771409934352107e+02
4.167200000000128966e+03 1.121037144325292161e+02
4.168000000000129148e+03 1.143324765585034584e+02
4.168800000000129330e+03 1.123048899271683325e+02
4.169600000000129512e+03 1.065121711651572127e+02
4.170400000000129694e+03 1.029071141750103493e+02
4.171200000000129876e+03 1.046739475511464974e+02
4.172000000000130058e+03 1.075264429535878321e+02
4.172800000000130240e+03 1.074101520130293608e+02
4.173600000000130422e+03 1.062755519166803566e+02
4.174400000000130603e+03 1.051772535047599320e+02
4.175200000000130785e+03 1.054632671856184913e+02
4.176000000000130967e+03 1.063742151230213437e+02
4.176800000000131149e+03 1.058417870871267610e+02
4.177600000000131331e+03 1.075930169571606996e+02
4.178400000000131513e+03 1.093418303256808031e+02
4.179200000000131695e+03 1.076821868522810632e+02
4.180000000000131877e+03 1.058774376724256712e+02
4.180800000000132059e+03 1.039216217192123679e+02
4.181600000000132241e+03 1.010249026716778076e+02
4.182400000000132422e+03 9.838720444893462513e+01
4.183200000000132604e+03 9.841058476755000584e+01
4.184000000000132786e+03 9.917263631850023842e+01
4.184800000000132968e+03 1.000281611426857182e+02
4.185600000000133150e+03 1.036941428282226809e+02
4.186400000000133332e+03 1.044097828567041830e+02
4.187200000000133514e+03 1.013631500905700591e+02
4.188000000000133696e+03 1.022022387659883123e+02
4.188800000000133878e+03 1.053611513767513372e+02
4.189600000000134060e+03 1.061508332902826908e+02
4.190400000000134241e+03 1.056145144656434951e+02
4.191200000000134423e+03 1.037189377100635284e+02
4.192000000000134605e+03 1.015603087191537099e+02
4.192800000000134787e+03 1.007620797725870716e+02
4.193600000000134969e+03 9.906159176139760802e+01
4.194400000000135151e+03 9.689579950059447810e+01
4.195200000000135333e+03 9.475166050886707581e+01
4.196000000000135515e+03 9.490962041987044984e+01
4.196800000000135697e+03 9.856840085631768034e+01
4.197600000000135879e+03 1.002276921336046911e+02
4.198400000000136060e+03 9.944741277221156395e+01
4.199200000000136242e+03 9.831111741955467664e+01
4.200000000000136424e+03 9.677118117895669513e+01
4.200800000000136606e+03 9.682152989037608393e+01
4.201600000000136788e+03 9.704311673731301369e+01
4.202400000000136970e+03 9.514774993699334971e+01
4.203200000000137152e+03 9.272213315373653586e+01
4.204000000000137334e+03 9.244090312455914216e+01
4.204800000000137516e+03 9.390565408358956745e+01
4.205600000000137697e+03 9.355395294988919375e+01
4.206400000000137879e+03 9.284879358086202217e+01
4.207200000000138061e+03 9.452334525598529069e+01
4.208000000000138243e+03 9.726710662857774992e+01
4.208800000000138425e+03 9.937270447283378871e+01
4.209600000000138607e+03 1.018406001395441649e+02
4.210400000000138789e+03 1.058324733769197792e+02
4.211200000000138971e+03 1.118953472377342280e+02
4.212000000000139153e+03 1.135785116390434837e+02
4.212800000000139335e+03 1.088111168461838361e+02
4.213600000000139516e+03 1.052481615635516619e+02
4.214400000000139698e+03 1.047766743285997677e+02
4.215200000000139880e+03 1.036040167285661795e+02
4.216000000000140062e+03 1.036025790224343837e+02
4.216800000000140244e+03 1.057270895128242074e+02
4.217600000000140426e+03 1.054694521895029737e+02
4.218400000000140608e+03 1.026209963911163925e+02
4.219200000000140790e+03 9.827900628595801891e+01
4.220000000000140972e+03 9.563265473747762258e+01
4.220800000000141154e+03 9.643592050836204521e+01
4.221600000000141335e+03 9.965306884314247782e+01
4.222400000000141517e+03 1.001558071994661532e+02
4.223200000000141699e+03 9.792746580610619844e+01
4.224000000000141881e+03 9.575051851688589011e+01
4.224800000000142063e+03 9.443497506469063296e+01
4.225600000000142245e+03 9.406288629969142789e+01
4.226400000000142427e+03 9.316038352953763990e+01
4.227200000000142609e+03 9.129525965923707531e+01
4.228000000000142791e+03 8.918175911213786833e+01
4.228800000000142973e+03 9.009553969545102348e+01
4.229600000000143154e+03 9.261461746921179383e+01
4.230400000000143336e+03 9.400246883938604014e+01
4.231200000000143518e+03 9.488014570986817375e+01
4.232000000000143700e+03 9.571474599709952713e+01
4.232800000000143882e+03 9.706049164417690633e+01
4.233600000000144064e+03 9.900571724778342286e+01
4.234400000000144246e+03 1.002341078940341248e+02
4.235200000000144428e+03 1.006326108895115965e+02
4.236000000000144610e+03 9.991321593054345840e+01
4.236800000000144792e+03 9.997154404637839775e+01
4.237600000000144973e+03 1.026966366251417639e+02
4.238400000000145155e+03 1.055330778798414144e+02
4.239200000000145337e+03 1.063525424441058078e+02
4.240000000000145519e+03 1.044354167040822574e+02
4.240800000000145701e+03 1.008819760423776870e+02
4.241600000000145883e+03 9.854792789674212372e+01
4.242400000000146065e+03 9.835507056323093877e+01
4.243200000000146247e+03 9.948784603793228598e+01
4.244000000000146429e+03 1.021450019596617551e+02
4.244800000000146611e+03 1.052468362488584432e+02
4.245600000000146792e+03 1.036922803108836035e+02
4.246400000000146974e+03 9.920108796816829511e+01
4.247200000000147156e+03 9.777522730537302209e+01
4.248000000000147338e+03 9.931785378115746710e+01
4.248800000000147520e+03 9.786410871660510225e+01
4.249600000000147702e+03 9.502324778909897418e+01
4.250400000000147884e+03 9.419182509619233201e+01
4.251200000000148066e+03 9.508184677495407300e+01
4.252000000000148248e+03 9.609529109275810299e+01
4.252800000000148430e+03 9.512114961635423072e+01
4.253600000000148611e+03 9.568990661840943801e+01
4.254400000000148793e+03 9.789092528402204607e+01
4.255200000000148975e+03 9.791011549871821273e+01
4.256000000000149157e+03 9.954002261903758608e+01
4.256800000000149339e+03 1.059229292185245583e+02
4.257600000000149521e+03 1.110985364377071676e+02
4.258400000000149703e+03 1.122930655722903168e+02
4.259200000000149885e+03 1.141528862714219770e+02
4.260000000000150067e+03 1.186828953904371531e+02
4.260800000000150249e+03 1.219865316660768002e+02
4.261600000000150430e+03 1.204901532138510589e+02
4.262400000000150612e+03 1.141407101104983042e+02
4.263200000000150794e+03 1.105198509496807731e+02
4.264000000000150976e+03 1.113318547319034195e+02
4.264800000000151158e+03 1.120778745574936295e+02
4.265600000000151340e+03 1.083474531167463368e+02
4.266400000000151522e+03 1.028041274567093524e+02
4.267200000000151704e+03 1.029771663119055063e+02
4.268000000000151886e+03 1.060559676628094934e+02
4.268800000000152068e+03 1.082965790966206754e+02
4.269600000000152249e+03 1.120598068169257715e+02
4.270400000000152431e+03 1.159846604195448094e+02
4.271200000000152613e+03 1.207916258642981546e+02
4.272000000000152795e+03 1.253372415977161296e+02
4.272800000000152977e+03 1.243647587624708137e+02
4.273600000000153159e+03 1.214434832194378089e+02
4.274400000000153341e+03 1.191051221851825801e+02
4.275200000000153523e+03 1.140939333661477235e+02
4.276000000000153705e+03 1.061116575823900945e+02
4.276800000000153887e+03 9.588304522331985424e+01
4.277600000000154068e+03 8.900868452200984393e+01
4.278400000000154250e+03 8.667781876234963079e+01
4.279200000000154432e+03 8.731993288914418372e+01
4.280000000000154614e+03 8.973514431456693785e+01
4.280800000000154796e+03 9.237584208625941073e+01
4.281600000000154978e+03 9.586704956670266142e+01
4.282400000000155160e+03 1.023568245770372300e+02
4.283200000000155342e+03 1.105783492416409786e+02
4.284000000000155524e+03 1.160796209175323384e+02
4.284800000000155705e+03 1.169795235033828646e+02
4.285600000000155887e+03 1.128059574899537125e+02
4.286400000000156069e+03 1.093388719182465678e+02
4.287200000000156251e+03 1.105338112984817798e+02
4.288000000000156433e+03 1.142750947792209786e+02
4.288800000000156615e+03 1.136939897511662991e+02
4.289600000000156797e+03 1.103744922140321592e+02
4.290400000000156979e+03 1.104332387437512466e+02
4.291200000000157161e+03 1.132628420046853819e+02
4.292000000000157343e+03 1.175697653349066627e+02
4.292800000000157524e+03 1.209444801263765186e+02
4.293600000000157706e+03 1.234885757586658883e+02
4.294400000000157888e+03 1.223306772259332149e+02
4.295200000000158070e+03 1.186561437632466607e+02
4.296000000000158252e+03 1.160712044328728609e+02
4.296800000000158434e+03 1.168929296332897110e+02
4.297600000000158616e+03 1.207388871993983912e+02
4.298400000000158798e+03 1.246761238438124053e+02
4.299200000000158980e+03 1.240132404640100106e+02
4.300000000000159162e+03 1.206752627069751043e+02
4.300800000000159343e+03 1.161222441843372764e+02
4.301600000000159525e+03 1.109653769547420978e+02
4.302400000000159707e+03 1.109968610658914514e+02
4.303200000000159889e+03 1.137366330885368768e+02
4.304000000000160071e+03 1.163107352228648210e+02
4.304800000000160253e+03 1.180927261511327799e+02
4.305600000000160435e+03 1.157423614715625035e+02
4.306400000000160617e+03 1.100072320799128249e+02
4.307200000000160799e+03 1.080853656324727865e+02
4.308000000000160981e+03 1.144502501939937247e+02
4.308800000000161162e+03 1.181943405907566103e+02
4.309600000000161344e+03 1.158513510703678548e+02
4.310400000000161526e+03 1.142183159539718389e+02
4.311200000000161708e+03 1.121938166699328576e+02
4.312000000000161890e+03 1.112291155257360629e+02
4.312800000000162072e+03 1.116337572743208426e+02
4.313600000000162254e+03 1.117264814840017948e+02
4.314400000000162436e+03 1.101123941520465905e+02
4.315200000000162618e+03 1.072796672261890478e+02
4.316000000000162800e+03 1.085163220648496463e+02
4.316800000000162981e+03 1.149613808188074415e+02
4.317600000000163163e+03 1.199471160491007424e+02
4.318400000000163345e+03 1.217197457378554617e+02
4.319200000000163527e+03 1.241243839875663895e+02
4.320000000000163709e+03 1.269166371070670891e+02
4.320800000000163891e+03 1.256147068150394830e+02
4.321600000000164073e+03 1.219880141558654714e+02
4.322400000000164255e+03 1.187542742249811454e+02
4.323200000000164437e+03 1.128838169244578609e+02
4.324000000000164619e+03 1.037439257992206478e+02
4.324800000000164800e+03 9.571754387572542555e+01
4.325600000000164982e+03 9.286030085359635677e+01
4.326400000000165164e+03 9.455286790014366716e+01
4.327200000000165346e+03 9.708352631923092702e+01
4.328000000000165528e+03 9.948757651690505099e+01
4.328800000000165710e+03 1.049648701795953514e+02
4.329600000000165892e+03 1.122599748391121750e+02
4.330400000000166074e+03 1.163177152879820540e+02
4.331200000000166256e+03 1.181966300094263431e+02
4.332000000000166438e+03 1.199195854002964836e+02
4.332800000000166619e+03 1.193802104431206033e+02
4.333600000000166801e+03 1.173584599181864263e+02
4.334400000000166983e+03 1.173735018260177583e+02
4.335200000000167165e+03 1.174597028389608511e+02
4.336000000000167347e+03 1.155938793724410516e+02
4.336800000000167529e+03 1.126988600995947252e+02
4.337600000000167711e+03 1.104382738172513285e+02
4.338400000000167893e+03 1.076010811652123920e+02
4.339200000000168075e+03 1.030346473333104313e+02
4.340000000000168257e+03 9.995544493874513137e+01
4.340800000000168438e+03 9.835824694326737472e+01
4.341600000000168620e+03 9.763155447297179990e+01
4.342400000000168802e+03 9.973869370062543283e+01
4.343200000000168984e+03 1.011929472148522962e+02
4.344000000000169166e+03 9.979431778175916179e+01
4.344800000000169348e+03 1.003260288220710095e+02
4.345600000000169530e+03 1.032985176012896602e+02
4.346400000000169712e+03 1.050211840989494760e+02
4.347200000000169894e+03 1.075781070144013256e+02
4.348000000000170076e+03 1.089864417629580089e+02
4.348800000000170257e+03 1.080692524120827187e+02
4.349600000000170439e+03 1.058871388464349650e+02
4.350400000000170621e+03 1.022773753425624648e+02
4.351200000000170803e+03 9.873790247933752084e+01
4.352000000000170985e+03 9.377400383907078663e+01
4.352800000000171167e+03 8.741566185799428013e+01
4.353600000000171349e+03 8.122237313752506793e+01
4.354400000000171531e+03 7.752222044986277183e+01
4.355200000000171713e+03 7.730886134013704236e+01
4.356000000000171894e+03 8.038820454029387008e+01
4.356800000000172076e+03 8.264766896919466888e+01
4.357600000000172258e+03 8.060464570875645052e+01
4.358400000000172440e+03 7.854942819143109034e+01
4.359200000000172622e+03 7.809009419722791279e+01
4.360000000000172804e+03 7.849657240919978562e+01
4.360800000000172986e+03 7.750642117759696248e+01
4.361600000000173168e+03 7.558454921951458516e+01
4.362400000000173350e+03 7.631223742451292935e+01
4.363200000000173532e+03 8.142501439851790224e+01
4.364000000000173713e+03 8.794652998441705449e+01
4.364800000000173895e+03 9.148816770127547215e+01
4.365600000000174077e+03 9.554852349015953905e+01
4.366400000000174259e+03 1.021567451879429598e+02
4.367200000000174441e+03 1.084513009057985187e+02
4.368000000000174623e+03 1.147799633822237979e+02
4.368800000000174805e+03 1.256104576032856244e+02
4.369600000000174987e+03 1.374047142237057528e+02
4.370400000000175169e+03 1.426590991894261720e+02
4.371200000000175351e+03 1.412470592361319177e+02
4.372000000000175532e+03 1.378806658474442486e+02
4.372800000000175714e+03 1.394098038304088334e+02
4.373600000000175896e+03 1.398530991213710024e+02
4.374400000000176078e+03 1.345195627319823188e+02
4.375200000000176260e+03 1.291457911781340044e+02
4.376000000000176442e+03 1.230224524945632822e+02
4.376800000000176624e+03 1.196302714957640916e+02
4.377600000000176806e+03 1.158261321660322665e+02
4.378400000000176988e+03 1.110484470895454194e+02
4.379200000000177170e+03 1.098546971158824164e+02
4.380000000000177351e+03 1.119791092797543541e+02
4.380800000000177533e+03 1.175920597049895946e+02
4.381600000000177715e+03 1.253934486867455576e+02
4.382400000000177897e+03 1.282326870438550088e+02
4.383200000000178079e+03 1.275588301438992289e+02
4.384000000000178261e+03 1.274454817152304145e+02
4.384800000000178443e+03 1.292341226582010449e+02
4.385600000000178625e+03 1.353117946551948592e+02
4.386400000000178807e+03 1.402902833736402499e+02
4.387200000000178989e+03 1.404259513388986704e+02
4.388000000000179170e+03 1.370940397873736742e+02
4.388800000000179352e+03 1.367980044116906129e+02
4.389600000000179534e+03 1.367018787658351471e+02
4.390400000000179716e+03 1.314734986372210699e+02
4.391200000000179898e+03 1.267364071251927413e+02
4.392000000000180080e+03 1.226430726218000018e+02
4.392800000000180262e+03 1.170240387930432462e+02
4.393600000000180444e+03 1.099352487142787140e+02
4.394400000000180626e+03 1.051556623065272049e+02
4.395200000000180808e+03 1.050161995820390928e+02
4.396000000000180989e+03 1.065898490769169342e+02
4.396800000000181171e+03 1.109949691071868187e+02
4.397600000000181353e+03 1.180162536380626221e+02
4.398400000000181535e+03 1.256913643930679854e+02
4.399200000000181717e+03 1.319198026445147605e+02
4.400000000000181899e+03 1.380046624221197362e+02
4.400800000000182081e+03 1.395014947540859112e+02
4.401600000000182263e+03 1.358480106587788896e+02
4.402400000000182445e+03 1.354069475367683708e+02
4.403200000000182627e+03 1.387249257564947698e+02
4.404000000000182808e+03 1.383321659872154612e+02
4.404800000000182990e+03 1.331474193907144468e+02
4.405600000000183172e+03 1.276812335095112303e+02
4.406400000000183354e+03 1.241079370554248982e+02
4.407200000000183536e+03 1.219420215370823399e+02
4.408000000000183718e+03 1.232356226278450322e+02
4.408800000000183900e+03 1.275300971723872294e+02
4.409600000000184082e+03 1.314150490034498375e+02
4.410400000000184264e+03 1.353470184508958027e+02
4.411200000000184446e+03 1.374119181931798721e+02
4.412000000000184627e+03 1.360330927108386163e+02
4.412800000000184809e+03 1.356836118214509384e+02
4.413600000000184991e+03 1.378961091954264191e+02
4.414400000000185173e+03 1.396656754767619191e+02
4.415200000000185355e+03 1.372455906691240557e+02
4.416000000000185537e+03 1.328908596545211935e+02
4.416800000000185719e+03 1.332556640845178322e+02
4.417600000000185901e+03 1.384618628555698479e+02
4.418400000000186083e+03 1.413148851723534847e+02
4.419200000000186265e+03 1.394609104665254904e+02
4.420000000000186446e+03 1.383136839906116222e+02
4.420800000000186628e+03 1.402608174979621936e+02
4.421600000000186810e+03 1.424685041426044450e+02
4.422400000000186992e+03 1.440671353692658272e+02
4.423200000000187174e+03 1.438250696161333622e+02
4.424000000000187356e+03 1.411615365209577249e+02
4.424800000000187538e+03 1.353595940389631664e+02
4.425600000000187720e+03 1.301398568768155144e+02
4.426400000000187902e+03 1.268241460562740031e+02
4.427200000000188084e+03 1.250951715447964432e+02
4.428000000000188265e+03 1.245397533687379052e+02
4.428800000000188447e+03 1.241775353497009178e+02
4.429600000000188629e+03 1.233339184717219155e+02
4.430400000000188811e+03 1.238875442741269808e+02
4.431200000000188993e+03 1.246756115103015787e+02
4.432000000000189175e+03 1.256054308950856040e+02
4.432800000000189357e+03 1.286175666805869184e+02
4.433600000000189539e+03 1.320205802705920348e+02
4.434400000000189721e+03 1.308131181539901888e+02
4.435200000000189902e+03 1.240383554989233659e+02
4.436000000000190084e+03 1.147329492755336844e+02
4.436800000000190266e+03 1.080131982047753922e+02
4.437600000000190448e+03 1.034614607683608654e+02
4.438400000000190630e+03 1.016665003236605997e+02
4.439200000000190812e+03 1.035887553590320778e+02
4.440000000000190994e+03 1.073445818377022931e+02
4.440800000000191176e+03 1.111176856878661283e+02
4.441600000000191358e+03 1.131359108695797033e+02
4.442400000000191540e+03 1.145996053916853441e+02
4.443200000000191721e+03 1.196474687231672931e+02
4.444000000000191903e+03 1.253981732563550082e+02
4.444800000000192085e+03 1.243994263865633911e+02
4.445600000000192267e+03 1.211974147262540100e+02
4.446400000000192449e+03 1.202214754734788755e+02
4.447200000000192631e+03 1.198106218515926571e+02
4.448000000000192813e+03 1.205923303351333260e+02
4.448800000000192995e+03 1.232094958346480098e+02
4.449600000000193177e+03 1.291677066902315119e+02
4.450400000000193359e+03 1.354761948058685448e+02
4.451200000000193540e+03 1.381351302992190426e+02
4.452000000000193722e+03 1.402598194613732971e+02
4.452800000000193904e+03 1.425334631312238685e+02
4.453600000000194086e+03 1.382259885636638614e+02
4.454400000000194268e+03 1.303793913506808053e+02
4.455200000000194450e+03 1.298179311611510798e+02
4.456000000000194632e+03 1.315313213129134624e+02
4.456800000000194814e+03 1.264789920187627956e+02
4.457600000000194996e+03 1.234338629172021911e+02
4.458400000000195178e+03 1.256679943364837868e+02
4.459200000000195359e+03 1.233660382438983305e+02
4.460000000000195541e+03 1.188669382634325302e+02
4.460800000000195723e+03 1.184794341965018134e+02
4.461600000000195905e+03 1.208283337570712064e+02
4.462400000000196087e+03 1.206428467915674076e+02
4.463200000000196269e+03 1.207137285168701055e+02
4.464000000000196451e+03 1.268395783491847908e+02
4.464800000000196633e+03 1.348444953346580917e+02
4.465600000000196815e+03 1.393528398654678995e+02
4.466400000000196997e+03 1.427249251407697557e+02
4.467200000000197178e+03 1.443988554047792263e+02
4.468000000000197360e+03 1.433420037683563066e+02
4.468800000000197542e+03 1.398574671740615258e+02
4.469600000000197724e+03 1.375017471214329703e+02
4.470400000000197906e+03 1.365589842971909889e+02
4.471200000000198088e+03 1.347960945031844062e+02
4.472000000000198270e+03 1.360694505881870100e+02
4.472800000000198452e+03 1.382204898533077824e+02
4.473600000000198634e+03 1.371428536672360110e+02
4.474400000000198816e+03 1.404097228747067163e+02
4.475200000000198997e+03 1.464137799161186990e+02
4.476000000000199179e+03 1.465985101682146592e+02
4.476800000000199361e+03 1.429767633952101846e+02
4.477600000000199543e+03 1.393507188656726044e+02
4.478400000000199725e+03 1.385746426545288728e+02
4.479200000000199907e+03 1.416343240233917697e+02
4.480000000000200089e+03 1.450427069658464063e+02
4.480800000000200271e+03 1.451815736813186959e+02
4.481600000000200453e+03 1.440640499349275387e+02
4.482400000000200635e+03 1.422047121913109606e+02
4.483200000000200816e+03 1.394094016065238009e+02
4.484000000000200998e+03 1.403420412503986654e+02
4.484800000000201180e+03 1.432895617432876065e+02
4.485600000000201362e+03 1.418923152648894757e+02
4.486400000000201544e+03 1.389131542167108364e+02
4.487200000000201726e+03 1.389523221700457327e+02
4.488000000000201908e+03 1.405622787789400263e+02
4.488800000000202090e+03 1.397918387311234198e+02
4.489600000000202272e+03 1.385559573805568618e+02
4.490400000000202454e+03 1.377824011543882534e+02
4.491200000000202635e+03 1.371180994666223114e+02
4.492000000000202817e+03 1.383234566466978777e+02
4.492800000000202999e+03 1.407094740466266387e+02
4.493600000000203181e+03 1.449944448360466822e+02
4.494400000000203363e+03 1.507108134119201281e+02
4.495200000000203545e+03 1.530699151033339547e+02
4.496000000000203727e+03 1.523716366606518875e+02
4.496800000000203909e+03 1.502048708454673260e+02
4.497600000000204091e+03 1.468692036240624930e+02
4.498400000000204273e+03 1.416137301676765219e+02
4.499200000000204454e+03 1.359027287843075555e+02
4.500000000000204636e+03 1.337926477639590814e+02
4.500800000000204818e+03 1.373658374580015789e+02
4.501600000000205000e+03 1.452940650929312767e+02
4.502400000000205182e+03 1.529446343456451132e+02
4.503200000000205364e+03 1.556147639595744181e+02
4.504000000000205546e+03 1.522817457298241948e+02
4.504800000000205728e+03 1.510892916770574743e+02
4.505600000000205910e+03 1.528972233995992838e+02
4.506400000000206091e+03 1.536992404344390195e+02
4.507200000000206273e+03 1.516560050169010481e+02
4.508000000000206455e+03 1.473477949759913201e+02
4.508800000000206637e+03 1.423538940332443303e+02
4.509600000000206819e+03 1.404302208182017466e+02
4.510400000000207001e+03 1.404910743154071611e+02
4.511200000000207183e+03 1.381046885673544580e+02
4.512000000000207365e+03 1.321849198763328843e+02
4.512800000000207547e+03 1.280151899161269284e+02
4.513600000000207729e+03 1.285386769801217497e+02
4.514400000000207910e+03 1.325585109020882442e+02
4.515200000000208092e+03 1.381479078843360924e+02
4.516000000000208274e+03 1.407555677138334147e+02
4.516800000000208456e+03 1.358641139654732797e+02
4.517600000000208638e+03 1.319831467751957916e+02
4.518400000000208820e+03 1.338300956787947769e+02
4.519200000000209002e+03 1.376846778303542749e+02
4.520000000000209184e+03 1.411552609179353226e+02
4.520800000000209366e+03 1.422999688300301955e+02
4.521600000000209548e+03 1.447060891136388534e+02
4.522400000000209729e+03 1.493938570395488910e+02
4.523200000000209911e+03 1.521309128202789793e+02
4.524000000000210093e+03 1.500273160405862427e+02
4.524800000000210275e+03 1.459031971637861034e+02
4.525600000000210457e+03 1.451738150050855438e+02
4.526400000000210639e+03 1.476320317932328976e+02
4.527200000000210821e+03 1.523069693766595947e+02
4.528000000000211003e+03 1.574854102845318096e+02
4.528800000000211185e+03 1.597849654741547738e+02
4.529600000000211367e+03 1.580676466214024458e+02
4.530400000000211548e+03 1.563030747706443435e+02
4.531200000000211730e+03 1.589305918981788466e+02
4.532000000000211912e+03 1.642453358714092531e+02
4.532800000000212094e+03 1.646835701324872048e+02
4.533600000000212276e+03 1.591106542588876209e+02
4.534400000000212458e+03 1.555056412610563257e+02
4.535200000000212640e+03 1.546704724919123919e+02
4.536000000000212822e+03 1.514087083188679799e+02
4.536800000000213004e+03 1.497388304531080507e+02
4.537600000000213186e+03 1.537721879257037472e+02
4.538400000000213367e+03 1.564052593304321590e+02
4.539200000000213549e+03 1.564250625243253694e+02
4.540000000000213731e+03 1.579490786222328893e+02
4.540800000000213913e+03 1.621834882970565275e+02
4.541600000000214095e+03 1.642213778063541554e+02
4.542400000000214277e+03 1.607297576559114702e+02
4.543200000000214459e+03 1.582381001666497582e+02
4.544000000000214641e+03 1.560461525955077491e+02
4.544800000000214823e+03 1.521986491385677027e+02
4.545600000000215005e+03 1.504231046369599198e+02
4.546400000000215186e+03 1.500402436060910532e+02
4.547200000000215368e+03 1.485609762666974802e+02
4.548000000000215550e+03 1.470475444196397348e+02
4.548800000000215732e+03 1.473085323886872970e+02
4.549600000000215914e+03 1.488593437157362587e+02
4.550400000000216096e+03 1.495189147495856901e+02
4.551200000000216278e+03 1.504324297173187404e+02
4.552000000000216460e+03 1.530877233628097258e+02
4.552800000000216642e+03 1.528605087013204979e+02
4.553600000000216824e+03 1.482700709050101580e+02
4.554400000000217005e+03 1.473957319030370172e+02
4.555200000000217187e+03 1.511208931404133295e+02
4.556000000000217369e+03 1.571615848276313159e+02
4.556800000000217551e+03 1.613232182764977551e+02
4.557600000000217733e+03 1.630318375164318923e+02
4.558400000000217915e+03 1.662006045794578313e+02
4.559200000000218097e+03 1.701752081605845888e+02
4.560000000000218279e+03 1.720090687932954836e+02
4.560800000000218461e+03 1.718662014299821976e+02
4.561600000000218643e+03 1.751141226058250027e+02
4.562400000000218824e+03 1.799490794315880180e+02
4.563200000000219006e+03 1.779468437680977786e+02
4.564000000000219188e+03 1.704433117299909100e+02
4.564800000000219370e+03 1.670982684672114829e+02
4.565600000000219552e+03 1.718437798645043415e+02
4.566400000000219734e+03 1.774862411105113438e+02
4.567200000000219916e+03 1.785743175644163330e+02
4.568000000000220098e+03 1.750574694172145769e+02
4.568800000000220280e+03 1.705325031033156051e+02
4.569600000000220462e+03 1.646539017525404915e+02
4.570400000000220643e+03 1.595871533208580786e+02
4.571200000000220825e+03 1.598308359430210146e+02
4.572000000000221007e+03 1.620942363616089210e+02
4.572800000000221189e+03 1.614843783745353676e+02
4.573600000000221371e+03 1.593516638523996676e+02
4.574400000000221553e+03 1.592225604748743990e+02
4.575200000000221735e+03 1.611837402503489898e+02
4.576000000000221917e+03 1.658131866928896727e+02
4.576800000000222099e+03 1.712940527770102506e+02
4.577600000000222281e+03 1.713687780828097686e+02
4.578400000000222462e+03 1.629318359810396259e+02
4.579200000000222644e+03 1.565610528345113721e+02
4.580000000000222826e+03 1.558233339892828440e+02
4.580800000000223008e+03 1.528817891867061860e+02
4.581600000000223190e+03 1.461586524756343408e+02
4.582400000000223372e+03 1.441980347637327782e+02
4.583200000000223554e+03 1.444417751006306219e+02
4.584000000000223736e+03 1.394556165597158497e+02
4.584800000000223918e+03 1.340431803757261093e+02
4.585600000000224099e+03 1.358378005876128327e+02
4.586400000000224281e+03 1.409296037196722295e+02
4.587200000000224463e+03 1.419762192713457125e+02
4.588000000000224645e+03 1.413796758520113599e+02
4.588800000000224827e+03 1.407739128250157705e+02
4.589600000000225009e+03 1.421929776639256602e+02
4.590400000000225191e+03 1.480932771279978795e+02
4.591200000000225373e+03 1.521141926491238792e+02
4.592000000000225555e+03 1.486735848761903469e+02
4.592800000000225737e+03 1.483399756775573337e+02
4.593600000000225918e+03 1.534504204075756206e+02
4.594400000000226100e+03 1.557510562803197161e+02
4.595200000000226282e+03 1.559793601926240854e+02
4.596000000000226464e+03 1.562347478863757715e+02
4.596800000000226646e+03 1.554285267800861732e+02
4.597600000000226828e+03 1.544905844184333432e+02
4.598400000000227010e+03 1.551430392363147917e+02
4.599200000000227192e+03 1.560088436986011402e+02
4.600000000000227374e+03 1.571030229005561694e+02
4.600800000000227556e+03 1.600202404866192012e+02
4.601600000000227737e+03 1.595265645883472416e+02
4.602400000000227919e+03 1.566205043397889654e+02
4.603200000000228101e+03 1.553659683807923670e+02
4.604000000000228283e+03 1.557835829098539762e+02
4.604800000000228465e+03 1.553641744641309970e+02
4.605600000000228647e+03 1.535923570511571370e+02
4.606400000000228829e+03 1.532397088205011357e+02
4.607200000000229011e+03 1.550228326803307368e+02
4.608000000000229193e+03 1.580489294715599158e+02
4.608800000000229375e+03 1.582689879200994199e+02
4.609600000000229556e+03 1.548360578996322374e+02
4.610400000000229738e+03 1.550873285981015783e+02
4.611200000000229920e+03 1.586269347461708890e+02
4.612000000000230102e+03 1.616346116510830768e+02
4.612800000000230284e+03 1.625089377055024329e+02
4.613600000000230466e+03 1.650391748180483944e+02
4.614400000000230648e+03 1.683047356709085136e+02
4.615200000000230830e+03 1.688253912379898338e+02
4.616000000000231012e+03 1.695058665091764851e+02
4.616800000000231194e+03 1.712998142211275763e+02
4.617600000000231375e+03 1.716001747545811327e+02
4.618400000000231557e+03 1.689263982136816367e+02
4.619200000000231739e+03 1.664410321477885191e+02
4.620000000000231921e+03 1.622915278752569179e+02
4.620800000000232103e+03 1.565719594721106489e+02
4.621600000000232285e+03 1.537501237405880374e+02
4.622400000000232467e+03 1.557555334149292321e+02
4.623200000000232649e+03 1.614425783990655532e+02
4.624000000000232831e+03 1.667412750556983951e+02
4.624800000000233013e+03 1.675128474728684864e+02
4.625600000000233194e+03 1.671285318040890786e+02
4.626400000000233376e+03 1.690051918303441880e+02
4.627200000000233558e+03 1.703582601296310202e+02
4.628000000000233740e+03 1.667940168482019772e+02
4.628800000000233922e+03 1.600725655989160430e+02
4.629600000000234104e+03 1.579260644206053712e+02
4.630400000000234286e+03 1.612458079338957191e+02
4.631200000000234468e+03 1.632105381869275220e+02
4.632000000000234650e+03 1.652023933518061085e+02
4.632800000000234832e+03 1.682584730863342770e+02
4.633600000000235013e+03 1.693637414193308928e+02
4.634400000000235195e+03 1.678342038778692995e+02
4.635200000000235377e+03 1.633029616396613619e+02
4.636000000000235559e+03 1.575114795968354997e+02
4.636800000000235741e+03 1.539825078161084662e+02
4.637600000000235923e+03 1.536612103297083820e+02
4.638400000000236105e+03 1.559767307220508599e+02
4.639200000000236287e+03 1.576423506868388529e+02
4.640000000000236469e+03 1.584117291914660086e+02
4.640800000000236651e+03 1.606950896312406485e+02
4.641600000000236832e+03 1.625866163699837443e+02
4.642400000000237014e+03 1.629869758699746569e+02
4.643200000000237196e+03 1.619861566575976326e+02
4.644000000000237378e+03 1.637873967396267290e+02
4.644800000000237560e+03 1.677453626951713090e+02
4.645600000000237742e+03 1.696477388024328263e+02
4.646400000000237924e+03 1.697756390492874914e+02
4.647200000000238106e+03 1.675436926018828103e+02
4.648000000000238288e+03 1.638773499334779444e+02
4.648800000000238470e+03 1.598296929743908663e+02
4.649600000000238651e+03 1.574145547928443989e+02
4.650400000000238833e+03 1.553259371179090635e+02
4.651200000000239015e+03 1.520435752682229804e+02
4.652000000000239197e+03 1.512132901603002892e+02
4.652800000000239379e+03 1.542541485097117970e+02
4.653600000000239561e+03 1.574529258723413250e+02
4.654400000000239743e+03 1.593530625773385907e+02
4.655200000000239925e+03 1.608266829165962122e+02
4.656000000000240107e+03 1.608633156650612932e+02
4.656800000000240289e+03 1.592253171560990097e+02
4.657600000000240470e+03 1.572343156826530617e+02
4.658400000000240652e+03 1.555243307564968234e+02
4.659200000000240834e+03 1.588932318490069235e+02
4.660000000000241016e+03 1.658530508339899825e+02
4.660800000000241198e+03 1.675335777563878992e+02
4.661600000000241380e+03 1.661766960617640052e+02
4.662400000000241562e+03 1.656426067726829672e+02
4.663200000000241744e+03 1.617157731338507745e+02
4.664000000000241926e+03 1.575629447533488019e+02
4.664800000000242107e+03 1.602362925580673050e+02
4.665600000000242289e+03 1.655976978791694023e+02
4.666400000000242471e+03 1.716013419515549003e+02
4.667200000000242653e+03 1.771292198824207560e+02
4.668000000000242835e+03 1.771702761586840893e+02
4.668800000000243017e+03 1.727096500049348435e+02
4.669600000000243199e+03 1.702492760766685365e+02
4.670400000000243381e+03 1.714685423819403240e+02
4.671200000000243563e+03 1.741804114673461186e+02
4.672000000000243745e+03 1.750463240840013839e+02
4.672800000000243926e+03 1.740529586825593924e+02
4.673600000000244108e+03 1.765006983884263150e+02
4.674400000000244290e+03 1.788871745675709235e+02
4.675200000000244472e+03 1.777032757747017513e+02
4.676000000000244654e+03 1.759365164641259014e+02
4.676800000000244836e+03 1.770884784838911514e+02
4.677600000000245018e+03 1.783650567953516202e+02
4.678400000000245200e+03 1.741089681053813933e+02
4.679200000000245382e+03 1.693347986232485027e+02
4.680000000000245564e+03 1.709919801438663285e+02
4.680800000000245745e+03 1.735845269124678794e+02
4.681600000000245927e+03 1.737538880871732090e+02
4.682400000000246109e+03 1.740372669168631887e+02
4.683200000000246291e+03 1.743881224211398262e+02
4.684000000000246473e+03 1.769171307617597222e+02
4.684800000000246655e+03 1.766352454402131116e+02
4.685600000000246837e+03 1.742863769821695143e+02
4.686400000000247019e+03 1.762745736737190896e+02
4.687200000000247201e+03 1.790443663428796413e+02
4.688000000000247383e+03 1.785685566868031060e+02
4.688800000000247564e+03 1.724098042698116160e+02
4.689600000000247746e+03 1.668720321446253934e+02
4.690400000000247928e+03 1.667782605856124860e+02
4.691200000000248110e+03 1.687681294309668942e+02
4.692000000000248292e+03 1.706657775443237028e+02
4.692800000000248474e+03 1.683489104623057528e+02
4.693600000000248656e+03 1.652696240106008077e+02
4.694400000000248838e+03 1.671024259080595868e+02
4.695200000000249020e+03 1.701907169744494581e+02
4.696000000000249202e+03 1.688457328470678362e+02
4.696800000000249383e+03 1.648835778595861257e+02
4.697600000000249565e+03 1.624998306192366044e+02
4.698400000000249747e+03 1.621252996868877290e+02
4.699200000000249929e+03 1.624715133284904027e+02
4.700000000000250111e+03 1.614133811609249562e+02
4.700800000000250293e+03 1.581184243219515793e+02
4.701600000000250475e+03 1.557176612233770641e+02
4.702400000000250657e+03 1.545190904353612211e+02
4.703200000000250839e+03 1.545021844201378372e+02
4.704000000000251021e+03 1.563900933462443277e+02
4.704800000000251202e+03 1.571333371359725106e+02
4.705600000000251384e+03 1.570739529894817679e+02
4.706400000000251566e+03 1.559116268575171773e+02
4.707200000000251748e+03 1.558451972702838475e+02
4.708000000000251930e+03 1.584688873242976399e+02
4.708800000000252112e+03 1.622371647912119101e+02
4.709600000000252294e+03 1.653482333106933311e+02
4.710400000000252476e+03 1.638400627401543375e+02
4.711200000000252658e+03 1.606459792627293268e+02
4.712000000000252840e+03 1.597259300924194463e+02
4.712800000000253021e+03 1.575817192375188256e+02
4.713600000000253203e+03 1.556410646275081717e+02
4.714400000000253385e+03 1.590366971295885605e+02
4.715200000000253567e+03 1.646643295388305432e+02
4.716000000000253749e+03 1.672297842493205167e+02
4.716800000000253931e+03 1.678885124986574056e+02
4.717600000000254113e+03 1.725106872368525330e+02
4.718400000000254295e+03 1.788980467773231169e+02
4.719200000000254477e+03 1.782147155509834420e+02
4.720000000000254659e+03 1.726139497291205203e+02
4.720800000000254840e+03 1.654540682021050770e+02
4.721600000000255022e+03 1.588159540292008387e+02
4.722400000000255204e+03 1.572653060469437492e+02
4.723200000000255386e+03 1.574721649716369143e+02
4.724000000000255568e+03 1.529971207631406003e+02
4.724800000000255750e+03 1.464103538959770958e+02
4.725600000000255932e+03 1.415077572747262025e+02
4.726400000000256114e+03 1.393911025246726467e+02
4.727200000000256296e+03 1.402837466937916986e+02
4.728000000000256478e+03 1.439275458613999490e+02
4.728800000000256659e+03 1.503982156667708523e+02
4.729600000000256841e+03 1.572792787008576170e+02
4.730400000000257023e+03 1.593910206442636195e+02
4.731200000000257205e+03 1.580921480975733573e+02
4.732000000000257387e+03 1.562960180798174292e+02
4.732800000000257569e+03 1.578331193557084475e+02
4.733600000000257751e+03 1.614511107353797001e+02
4.734400000000257933e+03 1.636511608737339429e+02
4.735200000000258115e+03 1.653614316979176238e+02
4.736000000000258296e+03 1.644761345296379886e+02
4.736800000000258478e+03 1.607543015921007736e+02
4.737600000000258660e+03 1.576511915133520461e+02
4.738400000000258842e+03 1.550120615853787740e+02
4.739200000000259024e+03 1.533697009968448697e+02
4.740000000000259206e+03 1.528698071358937796e+02
4.740800000000259388e+03 1.522720154755906776e+02
4.741600000000259570e+03 1.523591699773031678e+02
4.742400000000259752e+03 1.556398005210318729e+02
4.743200000000259934e+03 1.587891985364652214e+02
4.744000000000260115e+03 1.583931890813168479e+02
4.744800000000260297e+03 1.597329850082379039e+02
4.745600000000260479e+03 1.627827458381770214e+02
4.746400000000260661e+03 1.620487678157306846e+02
4.747200000000260843e+03 1.604991838739896366e+02
4.748000000000261025e+03 1.613625490465932728e+02
4.748800000000261207e+03 1.634360769137060743e+02
4.749600000000261389e+03 1.624301209331390510e+02
4.750400000000261571e+03 1.601882961562629362e+02
4.751200000000261753e+03 1.609415587186661583e+02
4.752000000000261934e+03 1.614710241453876165e+02
4.752800000000262116e+03 1.603755675296358163e+02
4.753600000000262298e+03 1.574466289140243589e+02
4.754400000000262480e+03 1.551820918428929872e+02
4.755200000000262662e+03 1.555030916337364317e+02
4.756000000000262844e+03 1.556064042341959066e+02
4.756800000000263026e+03 1.549717767156652712e+02
4.757600000000263208e+03 1.566896984398718473e+02
4.758400000000263390e+03 1.565821477990359085e+02
4.759200000000263572e+03 1.542285442492886318e+02
4.760000000000263753e+03 1.530832300360661975e+02
4.760800000000263935e+03 1.510167373166777338e+02
4.761600000000264117e+03 1.485534216567903343e+02
4.762400000000264299e+03 1.498648953407955560e+02
4.763200000000264481e+03 1.556045694886965975e+02
4.764000000000264663e+03 1.575636593778715451e+02
4.764800000000264845e+03 1.537971134807046951e+02
4.765600000000265027e+03 1.526349616541097873e+02
4.766400000000265209e+03 1.566999633459516588e+02
4.767200000000265391e+03 1.578005296119531522e+02
4.768000000000265572e+03 1.568379130598687539e+02
4.768800000000265754e+03 1.586937222871847268e+02
4.769600000000265936e+03 1.604503801806575325e+02
4.770400000000266118e+03 1.613271478415851448e+02
4.771200000000266300e+03 1.619707551415626483e+02
4.772000000000266482e+03 1.638277584024863245e+02
4.772800000000266664e+03 1.661902747709104347e+02
4.773600000000266846e+03 1.678700055096631729e+02
4.774400000000267028e+03 1.693294973993562280e+02
4.775200000000267210e+03 1.719755912985030477e+02
4.776000000000267391e+03 1.729179672481960779e+02
4.776800000000267573e+03 1.733303422810724896e+02
4.777600000000267755e+03 1.758948836856971241e+02
4.778400000000267937e+03 1.775468373775405553e+02
4.779200000000268119e+03 1.776244317316082117e+02
4.780000000000268301e+03 1.771213217820579757e+02
4.780800000000268483e+03 1.815346502981514050e+02
4.781600000000268665e+03 1.844434867746145699e+02
4.782400000000268847e+03 1.797310634970112346e+02
4.783200000000269029e+03 1.749697681295737652e+02
4.784000000000269210e+03 1.731159741681800597e+02
4.784800000000269392e+03 1.704806497043736044e+02
4.785600000000269574e+03 1.660951694389664794e+02
4.786400000000269756e+03 1.619933340955889207e+02
4.787200000000269938e+03 1.599095501557777084e+02
4.788000000000270120e+03 1.572006352230716004e+02
4.788800000000270302e+03 1.543705352324129194e+02
4.789600000000270484e+03 1.548154616300778912e+02
4.790400000000270666e+03 1.604557703865418148e+02
4.791200000000270848e+03 1.690577555075802252e+02
4.792000000000271029e+03 1.687961972033414781e+02
4.792800000000271211e+03 1.611332608750999213e+02
4.793600000000271393e+03 1.577719758659537206e+02
4.794400000000271575e+03 1.600571584262803526e+02
4.795200000000271757e+03 1.661948510794155141e+02
4.796000000000271939e+03 1.709716272181133832e+02
4.796800000000272121e+03 1.716818078152800240e+02
4.797600000000272303e+03 1.745537008291770462e+02
4.798400000000272485e+03 1.780165444180286158e+02
4.799200000000272667e+03 1.769058442503991273e+02
4.800000000000272848e+03 1.745793555417965308e+02
4.800800000000273030e+03 1.741329550493786087e+02
4.801600000000273212e+03 1.729094504722833960e+02
4.802400000000273394e+03 1.711059148794136604e+02
4.803200000000273576e+03 1.737490109720202724e+02
4.804000000000273758e+03 1.786671911912957000e+02
4.804800000000273940e+03 1.800001235468772620e+02
4.805600000000274122e+03 1.803308617187809659e+02
4.806400000000274304e+03 1.827493056286835440e+02
4.807200000000274486e+03 1.854381075384926021e+02
4.808000000000274667e+03 1.864535589570121488e+02
4.808800000000274849e+03 1.873110162519469100e+02
4.809600000000275031e+03 1.872219627162611459e+02
4.810400000000275213e+03 1.852938740123365164e+02
4.811200000000275395e+03 1.813490991817180316e+02
4.812000000000275577e+03 1.760152885484611147e+02
4.812800000000275759e+03 1.709910338232417075e+02
4.813600000000275941e+03 1.680149668903255815e+02
4.814400000000276123e+03 1.680149196654279251e+02
4.815200000000276304e+03 1.709287942020801552e+02
4.816000000000276486e+03 1.736093649582920762e+02
4.816800000000276668e+03 1.729354845238161715e+02
4.817600000000276850e+03 1.716349131643002011e+02
4.818400000000277032e+03 1.742767420555415470e+02
4.819200000000277214e+03 1.787664880984540332e+02
4.820000000000277396e+03 1.788545906669912711e+02
4.820800000000277578e+03 1.727487844836688851e+02
4.821600000000277760e+03 1.687497770176827885e+02
4.822400000000277942e+03 1.686827837467956215e+02
4.823200000000278123e+03 1.651456180187286691e+02
4.824000000000278305e+03 1.603199248863845696e+02
4.824800000000278487e+03 1.636827619473156119e+02
4.825600000000278669e+03 1.712466750397243800e+02
4.826400000000278851e+03 1.742165969585396681e+02
4.827200000000279033e+03 1.739948438691544936e+02
4.828000000000279215e+03 1.734546078195216978e+02
4.828800000000279397e+03 1.740140508741569647e+02
4.829600000000279579e+03 1.745654252655496066e+02
4.830400000000279761e+03 1.742529027357529685e+02
4.831200000000279942e+03 1.747042985562582658e+02
4.832000000000280124e+03 1.743821029484634550e+02
4.832800000000280306e+03 1.747130605084072386e+02
4.833600000000280488e+03 1.803356151301030650e+02
4.834400000000280670e+03 1.870790855051464234e+02
4.835200000000280852e+03 1.881671331416961834e+02
4.836000000000281034e+03 1.859213808435536066e+02
4.836800000000281216e+03 1.865804979538351915e+02
4.837600000000281398e+03 1.874802039735831727e+02
4.838400000000281580e+03 1.845194381318727324e+02
4.839200000000281761e+03 1.798552430547528047e+02
4.840000000000281943e+03 1.746761522212549664e+02
4.840800000000282125e+03 1.711680449205231866e+02
4.841600000000282307e+03 1.695483108395617364e+02
4.842400000000282489e+03 1.679339878229642409e+02
4.843200000000282671e+03 1.664047135540237718e+02
4.844000000000282853e+03 1.681722055057289253e+02
4.844800000000283035e+03 1.712620488739870552e+02
4.845600000000283217e+03 1.711006279004543558e+02
4.846400000000283399e+03 1.710220903608683898e+02
4.847200000000283580e+03 1.730758688282412834e+02
4.848000000000283762e+03 1.775497107259784570e+02
4.848800000000283944e+03 1.811433299030109652e+02
4.849600000000284126e+03 1.807321731738350081e+02
4.850400000000284308e+03 1.802952988209329703e+02
4.851200000000284490e+03 1.825373915571379371e+02
4.852000000000284672e+03 1.844872659310224776e+02
4.852800000000284854e+03 1.849770796970143181e+02
4.853600000000285036e+03 1.857794704246477409e+02
4.854400000000285218e+03 1.898477748556448716e+02
4.855200000000285399e+03 1.934607017018265651e+02
4.856000000000285581e+03 1.919827515456477727e+02
4.856800000000285763e+03 1.881688275683563063e+02
4.857600000000285945e+03 1.844596863780626563e+02
4.858400000000286127e+03 1.829536663496213578e+02
4.859200000000286309e+03 1.858181771804857192e+02
4.860000000000286491e+03 1.882024640166067115e+02
4.860800000000286673e+03 1.858845044022131390e+02
4.861600000000286855e+03 1.812266223318819414e+02
4.862400000000287037e+03 1.773112654840333846e+02
4.863200000000287218e+03 1.729541225304459147e+02
4.864000000000287400e+03 1.665211994727169724e+02
4.864800000000287582e+03 1.630141840652843825e+02
4.865600000000287764e+03 1.663270254070316696e+02
4.866400000000287946e+03 1.733351377039032855e+02
4.867200000000288128e+03 1.758729718873565275e+02
4.868000000000288310e+03 1.736032649454375587e+02
4.868800000000288492e+03 1.711635918538620160e+02
4.869600000000288674e+03 1.733159124084476161e+02
4.870400000000288856e+03 1.778005830250060626e+02
4.871200000000289037e+03 1.811433176492083703e+02
4.872000000000289219e+03 1.832295157689237897e+02
4.872800000000289401e+03 1.831922095287598040e+02
4.873600000000289583e+03 1.831386519983119001e+02
4.874400000000289765e+03 1.808519204475727804e+02
4.875200000000289947e+03 1.772159688089072631e+02
4.876000000000290129e+03 1.795884200740653114e+02
4.876800000000290311e+03 1.830158654532456239e+02
4.877600000000290493e+03 1.836081955920588484e+02
4.878400000000290675e+03 1.859669212020693863e+02
4.879200000000290856e+03 1.885789412674578500e+02
4.880000000000291038e+03 1.897922217271144518e+02
4.880800000000291220e+03 1.873250415683206143e+02
4.881600000000291402e+03 1.807054671649389661e+02
4.882400000000291584e+03 1.752385397438860934e+02
4.883200000000291766e+03 1.735698543892442558e+02
4.884000000000291948e+03 1.746241529227974354e+02
4.884800000000292130e+03 1.754415950094363552e+02
4.885600000000292312e+03 1.757677425897103376e+02
4.886400000000292493e+03 1.740291137373139634e+02
4.887200000000292675e+03 1.715006040793618922e+02
4.888000000000292857e+03 1.716574454825058922e+02
4.888800000000293039e+03 1.740344387561123938e+02
4.889600000000293221e+03 1.772671622652987367e+02
4.890400000000293403e+03 1.818437555237282481e+02
4.891200000000293585e+03 1.825331653362432576e+02
4.892000000000293767e+03 1.749786363298912875e+02
4.892800000000293949e+03 1.667259846546899666e+02
4.893600000000294131e+03 1.683823413575485120e+02
4.894400000000294312e+03 1.753663183867929547e+02
4.895200000000294494e+03 1.792624026784728244e+02
4.896000000000294676e+03 1.798417714058091974e+02
4.896800000000294858e+03 1.805438465560531540e+02
4.897600000000295040e+03 1.833083002554952259e+02
4.898400000000295222e+03 1.862286545718365005e+02
4.899200000000295404e+03 1.865423770838644373e+02
4.900000000000295586e+03 1.849330983518379412e+02
4.900800000000295768e+03 1.809643676436806459e+02
4.901600000000295950e+03 1.749563737144592039e+02
4.902400000000296131e+03 1.702322032003948209e+02
4.903200000000296313e+03 1.679163843668460459e+02
4.904000000000296495e+03 1.690979199455463799e+02
4.904800000000296677e+03 1.719381213349312816e+02
4.905600000000296859e+03 1.747770087941096619e+02
4.906400000000297041e+03 1.766180230527824904e+02
4.907200000000297223e+03 1.759212259663310647e+02
4.908000000000297405e+03 1.760240522403493628e+02
4.908800000000297587e+03 1.769699791392218913e+02
4.909600000000297769e+03 1.752836812334558090e+02
4.910400000000297950e+03 1.741761759888833581e+02
4.911200000000298132e+03 1.714634782696305706e+02
4.912000000000298314e+03 1.702966722217111624e+02
4.912800000000298496e+03 1.729167188386941802e+02
4.913600000000298678e+03 1.710450048559029597e+02
4.914400000000298860e+03 1.670558388783340718e+02
4.915200000000299042e+03 1.643405691857070110e+02
4.916000000000299224e+03 1.599719445412600862e+02
4.916800000000299406e+03 1.535779317607367034e+02
4.917600000000299588e+03 1.507216196293714461e+02
4.918400000000299769e+03 1.515378823888068496e+02
4.919200000000299951e+03 1.510693418338524054e+02
4.920000000000300133e+03 1.475386361901775558e+02
4.920800000000300315e+03 1.447318027287047926e+02
4.921600000000300497e+03 1.426185925906761156e+02
4.922400000000300679e+03 1.420806642643338478e+02
4.923200000000300861e+03 1.462062272193236652e+02
4.924000000000301043e+03 1.520674527019035054e+02
4.924800000000301225e+03 1.534058892587158027e+02
4.925600000000301407e+03 1.530259390516163194e+02
4.926400000000301588e+03 1.547638556067028048e+02
4.927200000000301770e+03 1.561229876346958179e+02
4.928000000000301952e+03 1.565923696822603688e+02
4.928800000000302134e+03 1.571307741818447425e+02
4.929600000000302316e+03 1.593077376084889352e+02
4.930400000000302498e+03 1.595128896559124883e+02
4.931200000000302680e+03 1.567837421679198542e+02
4.932000000000302862e+03 1.538320918386169183e+02
4.932800000000303044e+03 1.529230091366218858e+02
4.933600000000303226e+03 1.537407848447511469e+02
4.934400000000303407e+03 1.556038535055421903e+02
4.935200000000303589e+03 1.594644696152899428e+02
4.936000000000303771e+03 1.654713507054577235e+02
4.936800000000303953e+03 1.691482778598204959e+02
4.937600000000304135e+03 1.688202371836220266e+02
4.938400000000304317e+03 1.691108098077422426e+02
4.939200000000304499e+03 1.717164980093969007e+02
4.940000000000304681e+03 1.760804569614350044e+02
4.940800000000304863e+03 1.776767204100730737e+02
4.941600000000305045e+03 1.755455831800171040e+02
4.942400000000305226e+03 1.717385720183417561e+02
4.943200000000305408e+03 1.694173316183285465e+02
4.944000000000305590e+03 1.712015735260540055e+02
4.944800000000305772e+03 1.719710369975639992e+02
4.945600000000305954e+03 1.696998481627071271e+02
4.946400000000306136e+03 1.654160231017645515e+02
4.947200000000306318e+03 1.628641246512419798e+02
4.948000000000306500e+03 1.633456030547919795e+02
4.948800000000306682e+03 1.626109946576702896e+02
4.949600000000306864e+03 1.602372985978350641e+02
4.950400000000307045e+03 1.596418699622742565e+02
4.951200000000307227e+03 1.620012720306438041e+02
4.952000000000307409e+03 1.656748734827055500e+02
4.952800000000307591e+03 1.704205146229544994e+02
4.953600000000307773e+03 1.740766678637776579e+02
4.954400000000307955e+03 1.759923304903791745e+02
4.955200000000308137e+03 1.791497849912536537e+02
4.956000000000308319e+03 1.833720058136286468e+02
4.956800000000308501e+03 1.881884490054486321e+02
4.957600000000308683e+03 1.918755108922301815e+02
4.958400000000308864e+03 1.896498551121868559e+02
4.959200000000309046e+03 1.846684321728729685e+02
4.960000000000309228e+03 1.835183575362141823e+02
4.960800000000309410e+03 1.857056485451093693e+02
4.961600000000309592e+03 1.847290613452415187e+02
4.962400000000309774e+03 1.800086783425891781e+02
4.963200000000309956e+03 1.771301472124970360e+02
4.964000000000310138e+03 1.781120905240275647e+02
4.964800000000310320e+03 1.814035243716998593e+02
4.965600000000310501e+03 1.820280267419256575e+02
4.966400000000310683e+03 1.836790715901158819e+02
4.967200000000310865e+03 1.865732926155466771e+02
4.968000000000311047e+03 1.858786701369352272e+02
4.968800000000311229e+03 1.849285157862981066e+02
4.969600000000311411e+03 1.849106609344850085e+02
4.970400000000311593e+03 1.853650964638414962e+02
4.971200000000311775e+03 1.857963982301196211e+02
4.972000000000311957e+03 1.831157608754458295e+02
4.972800000000312139e+03 1.794075182890491078e+02
4.973600000000312320e+03 1.798553513791378577e+02
4.974400000000312502e+03 1.830284090407996871e+02
4.975200000000312684e+03 1.824025582716553515e+02
4.976000000000312866e+03 1.764648079554316382e+02
4.976800000000313048e+03 1.721330682764781557e+02
4.977600000000313230e+03 1.713523506129091913e+02
4.978400000000313412e+03 1.699039365771977543e+02
4.979200000000313594e+03 1.647442241663662799e+02
4.980000000000313776e+03 1.589586674978934298e+02
4.980800000000313958e+03 1.555209170587509107e+02
4.981600000000314139e+03 1.541527765844921873e+02
4.982400000000314321e+03 1.543166297578222839e+02
4.983200000000314503e+03 1.551134374632102606e+02
4.984000000000314685e+03 1.573012144028891157e+02
4.984800000000314867e+03 1.604408901861267509e+02
4.985600000000315049e+03 1.647958396150804106e+02
4.986400000000315231e+03 1.696528402323860973e+02
4.987200000000315413e+03 1.744372686044915213e+02
4.988000000000315595e+03 1.781277229591420337e+02
4.988800000000315777e+03 1.820213426775202379e+02
4.989600000000315958e+03 1.866886235770736846e+02
4.990400000000316140e+03 1.906953422607588493e+02
4.991200000000316322e+03 1.918226220234718937e+02
4.992000000000316504e+03 1.909894288355060326e+02
4.992800000000316686e+03 1.901032260824348441e+02
4.993600000000316868e+03 1.882364409617612182e+02
4.994400000000317050e+03 1.873683688123070681e+02
4.995200000000317232e+03 1.862870117718795200e+02
4.996000000000317414e+03 1.806597525801808501e+02
4.996800000000317596e+03 1.731227603091936658e+02
4.997600000000317777e+03 1.675457208816356172e+02
4.998400000000317959e+03 1.644592184372577890e+02
4.999200000000318141e+03 1.649466642014522506e+02
5.000000000000318323e+03 1.676475809212344359e+02
5.000800000000318505e+03 1.699771937950542906e+02
5.001600000000318687e+03 1.718204293862240206e+02
5.002400000000318869e+03 1.745249079894791748e+02
5.003200000000319051e+03 1.774133244018562721e+02
5.004000000000319233e+03 1.799034272039201028e+02
5.004800000000319415e+03 1.848894753554311592e+02
5.005600000000319596e+03 1.904105388146087989e+02
5.006400000000319778e+03 1.916444047180738721e+02
5.007200000000319960e+03 1.890917074286647903e+02
5.008000000000320142e+03 1.884776987212382267e+02
5.008800000000320324e+03 1.922375746356634068e+02
5.009600000000320506e+03 1.940546955613574767e+02
5.010400000000320688e+03 1.924835062218830899e+02
5.011200000000320870e+03 1.945950240062974785e+02
5.012000000000321052e+03 2.014939044969972315e+02
5.012800000000321234e+03 2.046652515379447834e+02
5.013600000000321415e+03 1.989717465959808465e+02
5.014400000000321597e+03 1.908914403322457360e+02
5.015200000000321779e+03 1.824822606529304494e+02
5.016000000000321961e+03 1.748227979134643988e+02
5.016800000000322143e+03 1.725590604345575798e+02
5.017600000000322325e+03 1.729263044852005464e+02
5.018400000000322507e+03 1.735614735478100670e+02
5.019200000000322689e+03 1.723882663334579775e+02
5.020000000000322871e+03 1.687349925006087403e+02
5.020800000000323053e+03 1.708489496207616583e+02
5.021600000000323234e+03 1.790938710056958598e+02
5.022400000000323416e+03 1.824651416433943041e+02
5.023200000000323598e+03 1.803298529072781662e+02
5.024000000000323780e+03 1.761827157443357805e+02
5.024800000000323962e+03 1.738645835198544773e+02
5.025600000000324144e+03 1.744430004640848892e+02
5.026400000000324326e+03 1.733129308414395382e+02
5.027200000000324508e+03 1.732085858092863191e+02
5.028000000000324690e+03 1.781885972493192014e+02
5.028800000000324872e+03 1.831499736338099069e+02
5.029600000000325053e+03 1.825655119130190940e+02
5.030400000000325235e+03 1.795511904267942214e+02
5.031200000000325417e+03 1.797109484657859753e+02
5.032000000000325599e+03 1.789605858214194143e+02
5.032800000000325781e+03 1.778951143308339340e+02
5.033600000000325963e+03 1.785893428855623881e+02
5.034400000000326145e+03 1.820107919462367931e+02
5.035200000000326327e+03 1.857814459818856960e+02
5.036000000000326509e+03 1.859827825615960251e+02
5.036800000000326690e+03 1.835269209170393196e+02
5.037600000000326872e+03 1.775128427916666283e+02
5.038400000000327054e+03 1.693421799063106050e+02
5.039200000000327236e+03 1.660472001985374391e+02
5.040000000000327418e+03 1.683398536491430946e+02
5.040800000000327600e+03 1.671794914008424371e+02
5.041600000000327782e+03 1.632364796990819968e+02
5.042400000000327964e+03 1.612766377366770030e+02
5.043200000000328146e+03 1.595356685781957253e+02
5.044000000000328328e+03 1.572282454830014444e+02
5.044800000000328509e+03 1.554840601030336700e+02
5.045600000000328691e+03 1.578424205688869222e+02
5.046400000000328873e+03 1.613848807095732809e+02
5.047200000000329055e+03 1.625819311410194246e+02
5.048000000000329237e+03 1.628766954953128163e+02
5.048800000000329419e+03 1.632691681824287855e+02
5.049600000000329601e+03 1.665008123030155502e+02
5.050400000000329783e+03 1.694790054095046798e+02
5.051200000000329965e+03 1.678480411007928694e+02
5.052000000000330147e+03 1.663145394685524252e+02
5.052800000000330328e+03 1.669309329044175172e+02
5.053600000000330510e+03 1.677976656864081519e+02
5.054400000000330692e+03 1.683852569689991014e+02
5.055200000000330874e+03 1.714493474506564894e+02
5.056000000000331056e+03 1.730026081079807909e+02
5.056800000000331238e+03 1.706893258083982801e+02
5.057600000000331420e+03 1.698402755889679838e+02
5.058400000000331602e+03 1.714059010305082893e+02
5.059200000000331784e+03 1.716551693061404080e+02
5.060000000000331966e+03 1.688424223266432591e+02
5.060800000000332147e+03 1.658549851794776941e+02
5.061600000000332329e+03 1.652647375038004611e+02
5.062400000000332511e+03 1.660684711309323802e+02
5.063200000000332693e+03 1.654298698876039566e+02
5.064000000000332875e+03 1.625078484209105909e+02
5.064800000000333057e+03 1.604052176512653887e+02
5.065600000000333239e+03 1.591342056469090664e+02
5.066400000000333421e+03 1.603836793167473616e+02
5.067200000000333603e+03 1.629971208249131109e+02
5.068000000000333785e+03 1.644232178419365482e+02
5.068800000000333966e+03 1.680722736763227090e+02
5.069600000000334148e+03 1.707182273225910478e+02
5.070400000000334330e+03 1.676421013772871333e+02
5.071200000000334512e+03 1.639078828558376699e+02
5.072000000000334694e+03 1.621490374171575866e+02
5.072800000000334876e+03 1.609605296703423960e+02
5.073600000000335058e+03 1.610575448116749442e+02
5.074400000000335240e+03 1.612502144460898990e+02
5.075200000000335422e+03 1.596760043199120958e+02
5.076000000000335604e+03 1.579065449950421112e+02
5.076800000000335785e+03 1.551494910326127297e+02
5.077600000000335967e+03 1.516241114879395582e+02
5.078400000000336149e+03 1.514908737852152569e+02
5.079200000000336331e+03 1.533342190283767650e+02
5.080000000000336513e+03 1.530739728841499527e+02
5.080800000000336695e+03 1.521112949895520785e+02
5.081600000000336877e+03 1.521305785812064357e+02
5.082400000000337059e+03 1.547285398550948230e+02
5.083200000000337241e+03 1.595085392113860507e+02
5.084000000000337423e+03 1.612756482352483545e+02
5.084800000000337604e+03 1.600265115003115284e+02
5.085600000000337786e+03 1.602789005091914873e+02
5.086400000000337968e+03 1.620511898721790374e+02
5.087200000000338150e+03 1.669028931791334003e+02
5.088000000000338332e+03 1.726567097482681561e+02
5.088800000000338514e+03 1.705223315617097910e+02
5.089600000000338696e+03 1.641827410433825207e+02
5.090400000000338878e+03 1.627624693777005405e+02
5.091200000000339060e+03 1.669053044741842484e+02
5.092000000000339242e+03 1.711984471866197168e+02
5.092800000000339423e+03 1.726666571652656330e+02
5.093600000000339605e+03 1.717266249846541939e+02
5.094400000000339787e+03 1.719355322455316752e+02
5.095200000000339969e+03 1.740824607597315037e+02
5.096000000000340151e+03 1.756646700747800196e+02
5.096800000000340333e+03 1.743954654944992342e+02
5.097600000000340515e+03 1.699710669652919250e+02
5.098400000000340697e+03 1.665925007029039193e+02
5.099200000000340879e+03 1.662160992570012752e+02
5.100000000000341061e+03 1.647684657223080080e+02
5.100800000000341242e+03 1.634374366188209251e+02
5.101600000000341424e+03 1.635045697085361667e+02
5.102400000000341606e+03 1.621629274739000834e+02
5.103200000000341788e+03 1.603877719144778098e+02
5.104000000000341970e+03 1.583769210774352700e+02
5.104800000000342152e+03 1.580414545642277915e+02
5.105600000000342334e+03 1.605921923226794661e+02
5.106400000000342516e+03 1.645650911754572121e+02
5.107200000000342698e+03 1.672660168416320232e+02
5.108000000000342880e+03 1.687103062271313547e+02
5.108800000000343061e+03 1.715076074328004267e+02
5.109600000000343243e+03 1.758981217943876061e+02
5.110400000000343425e+03 1.756720802104161407e+02
5.111200000000343607e+03 1.690762620648603729e+02
5.112000000000343789e+03 1.660968839563007862e+02
5.112800000000343971e+03 1.688822190123868268e+02
5.113600000000344153e+03 1.705052773920796767e+02
5.114400000000344335e+03 1.704053427903396027e+02
5.115200000000344517e+03 1.694563292074045933e+02
5.116000000000344698e+03 1.673448214283208131e+02
5.116800000000344880e+03 1.691183072684514173e+02
5.117600000000345062e+03 1.726441320532006216e+02
5.118400000000345244e+03 1.727719133212792713e+02
5.119200000000345426e+03 1.733597926754361254e+02
5.120000000000345608e+03 1.753121227906216859e+02
5.120800000000345790e+03 1.778767433263683415e+02
5.121600000000345972e+03 1.800746584456862820e+02
5.122400000000346154e+03 1.786231444763605793e+02
5.123200000000346336e+03 1.748530847663304826e+02
5.124000000000346517e+03 1.758438066762576000e+02
5.124800000000346699e+03 1.794863488005487682e+02
5.125600000000346881e+03 1.797472276011600911e+02
5.126400000000347063e+03 1.761248029904830048e+02
5.127200000000347245e+03 1.732195980474620001e+02
5.128000000000347427e+03 1.736956889676004607e+02
5.128800000000347609e+03 1.744924858597494790e+02
5.129600000000347791e+03 1.733596684263255270e+02
5.130400000000347973e+03 1.728747757800695695e+02
5.131200000000348155e+03 1.730450136496289701e+02
5.132000000000348336e+03 1.719173907467566380e+02
5.132800000000348518e+03 1.715007460188243442e+02
5.133600000000348700e+03 1.722045057553621348e+02
5.134400000000348882e+03 1.711248614013183555e+02
5.135200000000349064e+03 1.668088793392764160e+02
5.136000000000349246e+03 1.661619621392083559e+02
5.136800000000349428e+03 1.700042041033196369e+02
5.137600000000349610e+03 1.722794063715556376e+02
5.138400000000349792e+03 1.713854829085654501e+02
5.139200000000349974e+03 1.679142807460916629e+02
5.140000000000350155e+03 1.656181275237917134e+02
5.140800000000350337e+03 1.654295833471927040e+02
5.141600000000350519e+03 1.619896876585348764e+02
5.142400000000350701e+03 1.590659614457974271e+02
5.143200000000350883e+03 1.590381629021709955e+02
5.144000000000351065e+03 1.574456367412193458e+02
5.144800000000351247e+03 1.577518616655999608e+02
5.145600000000351429e+03 1.611635948810143191e+02
5.146400000000351611e+03 1.648312828416516709e+02
5.147200000000351793e+03 1.689205535612791778e+02
5.148000000000351974e+03 1.717642473980003501e+02
5.148800000000352156e+03 1.688963931753343672e+02
5.149600000000352338e+03 1.640975473251579615e+02
5.150400000000352520e+03 1.655935360790585946e+02
5.151200000000352702e+03 1.732184273395312459e+02
5.152000000000352884e+03 1.787536128354649350e+02
5.152800000000353066e+03 1.790739047275670259e+02
5.153600000000353248e+03 1.777117259366402209e+02
5.154400000000353430e+03 1.775788886818577339e+02
5.155200000000353612e+03 1.785152051083220783e+02
5.156000000000353793e+03 1.763760005317672608e+02
5.156800000000353975e+03 1.728434708876855836e+02
5.157600000000354157e+03 1.723328587169891648e+02
5.158400000000354339e+03 1.715925139139317821e+02
5.159200000000354521e+03 1.682554334858608058e+02
5.160000000000354703e+03 1.643329829196647438e+02
5.160800000000354885e+03 1.621234697259430106e+02
5.161600000000355067e+03 1.623475931154029581e+02
5.162400000000355249e+03 1.642374797313858039e+02
5.163200000000355431e+03 1.654751788755073107e+02
5.164000000000355612e+03 1.658633132182623342e+02
5.164800000000355794e+03 1.653340519524047636e+02
5.165600000000355976e+03 1.642810290631138628e+02
5.166400000000356158e+03 1.642774646237434695e+02
5.167200000000356340e+03 1.663809611229937673e+02
5.168000000000356522e+03 1.688821807690540879e+02
5.168800000000356704e+03 1.674342926578574975e+02
5.169600000000356886e+03 1.652921385002962040e+02
5.170400000000357068e+03 1.646962684448399727e+02
5.171200000000357250e+03 1.629077717305902411e+02
5.172000000000357431e+03 1.610873281067268010e+02
5.172800000000357613e+03 1.601037909753262625e+02
5.173600000000357795e+03 1.590399964475144543e+02
5.174400000000357977e+03 1.595143611416217482e+02
5.175200000000358159e+03 1.615196925559130818e+02
5.176000000000358341e+03 1.646036782697790954e+02
5.176800000000358523e+03 1.686483648867645684e+02
5.177600000000358705e+03 1.708184635913681291e+02
5.178400000000358887e+03 1.713337999125795079e+02
5.179200000000359069e+03 1.735290704696604962e+02
5.180000000000359250e+03 1.768630879314430615e+02
5.180800000000359432e+03 1.795299162796295604e+02
5.181600000000359614e+03 1.758309398179195000e+02
5.182400000000359796e+03 1.681203128998125180e+02
5.183200000000359978e+03 1.640065125301938451e+02
5.184000000000360160e+03 1.644202965445441009e+02
5.184800000000360342e+03 1.643049285808351101e+02
5.185600000000360524e+03 1.636650030205242388e+02
5.186400000000360706e+03 1.622779095047385454e+02
5.187200000000360887e+03 1.575365827605532161e+02
5.188000000000361069e+03 1.518245168674760350e+02
5.188800000000361251e+03 1.500897916481700918e+02
5.189600000000361433e+03 1.543735538166692436e+02
5.190400000000361615e+03 1.579464987873484176e+02
5.191200000000361797e+03 1.578272903190221541e+02
5.192000000000361979e+03 1.576320000152561533e+02
5.192800000000362161e+03 1.591992798468660908e+02
5.193600000000362343e+03 1.621014831086122854e+02
5.194400000000362525e+03 1.640808250767024674e+02
5.195200000000362706e+03 1.664006795439858024e+02
5.196000000000362888e+03 1.707492746181522989e+02
5.196800000000363070e+03 1.719120754258260888e+02
5.197600000000363252e+03 1.702195232651237120e+02
5.198400000000363434e+03 1.711826542255774370e+02
5.199200000000363616e+03 1.715802381182599845e+02
5.200000000000363798e+03 1.696924080486527373e+02
5.200800000000363980e+03 1.666587969444788655e+02
5.201600000000364162e+03 1.640265497021747478e+02
5.202400000000364344e+03 1.634382260216971190e+02
5.203200000000364525e+03 1.619836497038740504e+02
5.204000000000364707e+03 1.596789853052575268e+02
5.204800000000364889e+03 1.599117312191968381e+02
5.205600000000365071e+03 1.605727812156899859e+02
5.206400000000365253e+03 1.594708042176220033e+02
5.207200000000365435e+03 1.599085577616174874e+02
5.208000000000365617e+03 1.631210157196888417e+02
5.208800000000365799e+03 1.663547683436382556e+02
5.209600000000365981e+03 1.648074340973294625e+02
5.210400000000366163e+03 1.614481216827573462e+02
5.211200000000366344e+03 1.610369200168395878e+02
5.212000000000366526e+03 1.617055438433418431e+02
5.212800000000366708e+03 1.605951617960947715e+02
5.213600000000366890e+03 1.611074820280387598e+02
5.214400000000367072e+03 1.605576403959271659e+02
5.215200000000367254e+03 1.577855624351415145e+02
5.216000000000367436e+03 1.577422419216436822e+02
5.216800000000367618e+03 1.606194560107521170e+02
5.217600000000367800e+03 1.624873327999929415e+02
5.218400000000367982e+03 1.600935879740218297e+02
5.219200000000368163e+03 1.563916135722227239e+02
5.220000000000368345e+03 1.571835126475692164e+02
5.220800000000368527e+03 1.633254236001203026e+02
5.221600000000368709e+03 1.691775386894700830e+02
5.222400000000368891e+03 1.692462774474689127e+02
5.223200000000369073e+03 1.667142666007066794e+02
5.224000000000369255e+03 1.633329022643454778e+02
5.224800000000369437e+03 1.602967089359524380e+02
5.225600000000369619e+03 1.595939897590825751e+02
5.226400000000369801e+03 1.595214709948525638e+02
5.227200000000369982e+03 1.549712829287532259e+02
5.228000000000370164e+03 1.451261861856853841e+02
5.228800000000370346e+03 1.382963645714897041e+02
5.229600000000370528e+03 1.365518820406246334e+02
5.230400000000370710e+03 1.340023657595571649e+02
5.231200000000370892e+03 1.294206770431643747e+02
5.232000000000371074e+03 1.236805609197123061e+02
5.232800000000371256e+03 1.197693434551583351e+02
5.233600000000371438e+03 1.192761245548307869e+02
5.234400000000371620e+03 1.216645959677993432e+02
5.235200000000371801e+03 1.243900953322008291e+02
5.236000000000371983e+03 1.253830890360280819e+02
5.236800000000372165e+03 1.263778798699652270e+02
5.237600000000372347e+03 1.272822757303820822e+02
5.238400000000372529e+03 1.289636017340938565e+02
5.239200000000372711e+03 1.368104585897148695e+02
5.240000000000372893e+03 1.452443614181287899e+02
5.240800000000373075e+03 1.457339802801727160e+02
5.241600000000373257e+03 1.438289064561218424e+02
5.242400000000373439e+03 1.445004536946462679e+02
5.243200000000373620e+03 1.446852426784811314e+02
5.244000000000373802e+03 1.435472238403849872e+02
5.244800000000373984e+03 1.411247151393155832e+02
5.245600000000374166e+03 1.393552576252519657e+02
5.246400000000374348e+03 1.395120823585351673e+02
5.247200000000374530e+03 1.376146611839336060e+02
5.248000000000374712e+03 1.350430970150294741e+02
5.248800000000374894e+03 1.371073131479577398e+02
5.249600000000375076e+03 1.412561174942828757e+02
5.250400000000375258e+03 1.434971584914434004e+02
5.251200000000375439e+03 1.450676872242241302e+02
5.252000000000375621e+03 1.499068020130869456e+02
5.252800000000375803e+03 1.558069714403422665e+02
5.253600000000375985e+03 1.578725403665586668e+02
5.254400000000376167e+03 1.589116571735013963e+02
5.255200000000376349e+03 1.601638337229442755e+02
5.256000000000376531e+03 1.605143290339132705e+02
5.256800000000376713e+03 1.600334719028089694e+02
5.257600000000376895e+03 1.606422361210614440e+02
5.258400000000377077e+03 1.617737785739890057e+02
5.259200000000377258e+03 1.620902285408630803e+02
5.260000000000377440e+03 1.600084998188126519e+02
5.260800000000377622e+03 1.593341363413638874e+02
5.261600000000377804e+03 1.620594901930457468e+02
5.262400000000377986e+03 1.662623314314765821e+02
5.263200000000378168e+03 1.685136223219203657e+02
5.264000000000378350e+03 1.697916940945788440e+02
5.264800000000378532e+03 1.703013748102814020e+02
5.265600000000378714e+03 1.693727208380966545e+02
5.266400000000378895e+03 1.687401947052761670e+02
5.267200000000379077e+03 1.687377440481000406e+02
5.268000000000379259e+03 1.663421606883821653e+02
5.268800000000379441e+03 1.649617898516766559e+02
5.269600000000379623e+03 1.656526842225804614e+02
5.270400000000379805e+03 1.621759771890443744e+02
5.271200000000379987e+03 1.543614081574518764e+02
5.272000000000380169e+03 1.513942176008440583e+02
5.272800000000380351e+03 1.513468715007952596e+02
5.273600000000380533e+03 1.520622659849379943e+02
5.274400000000380714e+03 1.561554942898061427e+02
5.275200000000380896e+03 1.589302649207214415e+02
5.276000000000381078e+03 1.617741627996444151e+02
5.276800000000381260e+03 1.682402230124530149e+02
5.277600000000381442e+03 1.740816041243147083e+02
5.278400000000381624e+03 1.761945221829781474e+02
5.279200000000381806e+03 1.761648519415543035e+02
5.280000000000381988e+03 1.760187430017430188e+02
5.280800000000382170e+03 1.782639889091684040e+02
5.281600000000382352e+03 1.810689795897453678e+02
5.282400000000382533e+03 1.815324229568977898e+02
5.283200000000382715e+03 1.829856265047008606e+02
5.284000000000382897e+03 1.844637894265604245e+02
5.284800000000383079e+03 1.839181726133998609e+02
5.285600000000383261e+03 1.817360377109923775e+02
5.286400000000383443e+03 1.767869752013304776e+02
5.287200000000383625e+03 1.729332084094789366e+02
5.288000000000383807e+03 1.725076257129351234e+02
5.288800000000383989e+03 1.734795477699202024e+02
5.289600000000384171e+03 1.736326086940630944e+02
5.290400000000384352e+03 1.703098030165533885e+02
5.291200000000384534e+03 1.674518398353191344e+02
5.292000000000384716e+03 1.676446442899985811e+02
5.292800000000384898e+03 1.674314558469677365e+02
5.293600000000385080e+03 1.659365113934675549e+02
5.294400000000385262e+03 1.640635003835118368e+02
5.295200000000385444e+03 1.642680959378312195e+02
5.296000000000385626e+03 1.683030227973026172e+02
5.296800000000385808e+03 1.735002250906934478e+02
5.297600000000385990e+03 1.772418508968165156e+02
5.298400000000386171e+03 1.788619222370252544e+02
5.299200000000386353e+03 1.809117840624813311e+02
5.300000000000386535e+03 1.835160397118357878e+02
5.300800000000386717e+03 1.834160295205225566e+02
5.301600000000386899e+03 1.850185347800867248e+02
5.302400000000387081e+03 1.880499274635122333e+02
5.303200000000387263e+03 1.862306551924090741e+02
5.304000000000387445e+03 1.849383712507243445e+02
5.304800000000387627e+03 1.868430356727324693e+02
5.305600000000387809e+03 1.880382423724530554e+02
5.306400000000387990e+03 1.893727891083414647e+02
5.307200000000388172e+03 1.923085140882915027e+02
5.308000000000388354e+03 1.940986953612788852e+02
5.308800000000388536e+03 1.918701009655181906e+02
5.309600000000388718e+03 1.910489373810081020e+02
5.310400000000388900e+03 1.917162678505480926e+02
5.311200000000389082e+03 1.880860805852920237e+02
5.312000000000389264e+03 1.829324016621369822e+02
5.312800000000389446e+03 1.828114647478944050e+02
5.313600000000389628e+03 1.842694128111576219e+02
5.314400000000389809e+03 1.824943577159551182e+02
5.315200000000389991e+03 1.795787606845415212e+02
5.316000000000390173e+03 1.773357450839666285e+02
5.316800000000390355e+03 1.764450180912844530e+02
5.317600000000390537e+03 1.763275418909479697e+02
5.318400000000390719e+03 1.744739791793482766e+02
5.319200000000390901e+03 1.726511982324369114e+02
5.320000000000391083e+03 1.752183501780635879e+02
5.320800000000391265e+03 1.804965459588358669e+02
5.321600000000391447e+03 1.843211941454597991e+02
5.322400000000391628e+03 1.847808840230092358e+02
5.323200000000391810e+03 1.832367925172029572e+02
5.324000000000391992e+03 1.829865558548121953e+02
5.324800000000392174e+03 1.859552039934524714e+02
5.325600000000392356e+03 1.879013817622793567e+02
5.326400000000392538e+03 1.855633008956944536e+02
5.327200000000392720e+03 1.820888845697432714e+02
5.328000000000392902e+03 1.785465911978046165e+02
5.328800000000393084e+03 1.737318530189430703e+02
5.329600000000393266e+03 1.669321498779469835e+02
5.330400000000393447e+03 1.615245990243287793e+02
5.331200000000393629e+03 1.592369535970967718e+02
5.332000000000393811e+03 1.566000287772052957e+02
5.332800000000393993e+03 1.530718308086537149e+02
5.333600000000394175e+03 1.507034459418097185e+02
5.334400000000394357e+03 1.482723088015392250e+02
5.335200000000394539e+03 1.489650605721745080e+02
5.336000000000394721e+03 1.553812935073153767e+02
5.336800000000394903e+03 1.628424849604467113e+02
5.337600000000395084e+03 1.648922546497647090e+02
5.338400000000395266e+03 1.650300861381786035e+02
5.339200000000395448e+03 1.666222315583444811e+02
5.340000000000395630e+03 1.706341991702324208e+02
5.340800000000395812e+03 1.771224161783181330e+02
5.341600000000395994e+03 1.799943603413628352e+02
5.342400000000396176e+03 1.807267403982467329e+02
5.343200000000396358e+03 1.836083430223263235e+02
5.344000000000396540e+03 1.889414852327551273e+02
5.344800000000396722e+03 1.948381424340441868e+02
5.345600000000396903e+03 1.964320143968521393e+02
5.346400000000397085e+03 1.954129704303213089e+02
5.347200000000397267e+03 1.949560045498643319e+02
5.348000000000397449e+03 1.914625517099798913e+02
5.348800000000397631e+03 1.870028564899607773e+02
5.349600000000397813e+03 1.858187672314476231e+02
5.350400000000397995e+03 1.887216321834637256e+02
5.351200000000398177e+03 1.944621147653385265e+02
5.352000000000398359e+03 1.975020293335752513e+02
5.352800000000398541e+03 1.966546817526244695e+02
5.353600000000398722e+03 1.965234612058072230e+02
5.354400000000398904e+03 1.980496859039157016e+02
5.355200000000399086e+03 1.992252488169482376e+02
5.356000000000399268e+03 2.005255246164710456e+02
5.356800000000399450e+03 2.015611054026586260e+02
5.357600000000399632e+03 2.043702344682307626e+02
5.358400000000399814e+03 2.053550838209864082e+02
5.359200000000399996e+03 2.005958915044475930e+02
5.360000000000400178e+03 1.984907566545157351e+02
5.360800000000400360e+03 1.997326610810683860e+02
5.361600000000400541e+03 1.950921640426206807e+02
5.362400000000400723e+03 1.874144698976360814e+02
5.363200000000400905e+03 1.849771810679667965e+02
5.364000000000401087e+03 1.858769292536744047e+02
5.364800000000401269e+03 1.842832559103655115e+02
5.365600000000401451e+03 1.835267879754596265e+02
5.366400000000401633e+03 1.878885784193789448e+02
5.367200000000401815e+03 1.932948056435203625e+02
5.368000000000401997e+03 1.953366761549408466e+02
5.368800000000402179e+03 1.966612065949148587e+02
5.369600000000402360e+03 1.986507542838090217e+02
5.370400000000402542e+03 2.000590913200957175e+02
5.371200000000402724e+03 2.002902413045201797e+02
5.372000000000402906e+03 1.997259195175428204e+02
5.372800000000403088e+03 1.987649814953793168e+02
5.373600000000403270e+03 2.005448157993848213e+02
5.374400000000403452e+03 2.027119056601274565e+02
5.375200000000403634e+03 2.040529429175039695e+02
5.376000000000403816e+03 2.068286453877482245e+02
5.376800000000403998e+03 2.088418150922094583e+02
5.377600000000404179e+03 2.067914083535158341e+02
5.378400000000404361e+03 2.015999815482285271e+02
5.379200000000404543e+03 1.971624320203869729e+02
5.380000000000404725e+03 1.977571967122543697e+02
5.380800000000404907e+03 2.008012501325010248e+02
5.381600000000405089e+03 2.015658527902371020e+02
5.382400000000405271e+03 2.005561613223635504e+02
5.383200000000405453e+03 1.987055431680072388e+02
5.384000000000405635e+03 1.980801113769634867e+02
5.384800000000405817e+03 2.001191235564233182e+02
5.385600000000405998e+03 2.005227218031702705e+02
5.386400000000406180e+03 1.973353512158396654e+02
5.387200000000406362e+03 1.946454869745936662e+02
5.388000000000406544e+03 1.903622622174217440e+02
5.388800000000406726e+03 1.851347032741215628e+02
5.389600000000406908e+03 1.819796477577202722e+02
5.390400000000407090e+03 1.797043723525922019e+02
5.391200000000407272e+03 1.774827674682209704e+02
5.392000000000407454e+03 1.758942357634506379e+02
5.392800000000407636e+03 1.752324010437451136e+02
5.393600000000407817e+03 1.763508294595488053e+02
5.394400000000407999e+03 1.774828557028185401e+02
5.395200000000408181e+03 1.764194756030178155e+02
5.396000000000408363e+03 1.743564766685614984e+02
5.396800000000408545e+03 1.754052426656670605e+02
5.397600000000408727e+03 1.792735871181689902e+02
5.398400000000408909e+03 1.845376642841528678e+02
5.399200000000409091e+03 1.904511359334088070e+02
5.400000000000409273e+03 1.953757208528980698e+02
5.400800000000409455e+03 1.991343498950347453e+02
5.401600000000409636e+03 1.980766105952559428e+02
5.402400000000409818e+03 1.917513282803692789e+02
5.403200000000410000e+03 1.877364991212688210e+02
5.404000000000410182e+03 1.876481119123133681e+02
5.404800000000410364e+03 1.870316592647071730e+02
5.405600000000410546e+03 1.865336461217593182e+02
5.406400000000410728e+03 1.895355352737522878e+02
5.407200000000410910e+03 1.905805697683416611e+02
5.408000000000411092e+03 1.871141047565408257e+02
5.408800000000411274e+03 1.835894800812408221e+02
5.409600000000411455e+03 1.872286030817596725e+02
5.410400000000411637e+03 1.941760347229099466e+02
5.411200000000411819e+03 1.955072528082171459e+02
5.412000000000412001e+03 1.933949210186190726e+02
5.412800000000412183e+03 1.908006536213869708e+02
5.413600000000412365e+03 1.896369768337829669e+02
5.414400000000412547e+03 1.904446154055111720e+02
5.415200000000412729e+03 1.903578303428422203e+02
5.416000000000412911e+03 1.905629385709924009e+02
5.416800000000413092e+03 1.924679102820464607e+02
5.417600000000413274e+03 1.943026925019538851e+02
5.418400000000413456e+03 1.996011938714511302e+02
5.419200000000413638e+03 2.070802829765702882e+02
5.420000000000413820e+03 2.110950344275403836e+02
5.420800000000414002e+03 2.113800431810766440e+02
5.421600000000414184e+03 2.129439104652399806e+02
5.422400000000414366e+03 2.162757287999640141e+02
5.423200000000414548e+03 2.167326651640545947e+02
5.424000000000414730e+03 2.142088222337065417e+02
5.424800000000414911e+03 2.125896029256915654e+02
5.425600000000415093e+03 2.118466876756826878e+02
5.426400000000415275e+03 2.132241159752303759e+02
5.427200000000415457e+03 2.168043368291838533e+02
5.428000000000415639e+03 2.152599950577484265e+02
5.428800000000415821e+03 2.084629194902886979e+02
5.429600000000416003e+03 2.032677142094971146e+02
5.430400000000416185e+03 2.009078166175375202e+02
5.431200000000416367e+03 1.990141388830120945e+02
5.432000000000416549e+03 1.996141991170223378e+02
5.432800000000416730e+03 2.007678816590740780e+02
5.433600000000416912e+03 1.996397090171559512e+02
5.434400000000417094e+03 1.957677230543543487e+02
5.435200000000417276e+03 1.900741036091224032e+02
5.436000000000417458e+03 1.844577348315556264e+02
5.436800000000417640e+03 1.812325582403025521e+02
5.437600000000417822e+03 1.800500345701842377e+02
5.438400000000418004e+03 1.813393885972988642e+02
5.439200000000418186e+03 1.863029692053511894e+02
5.440000000000418368e+03 1.905750059179005689e+02
5.440800000000418549e+03 1.936969169537116215e+02
5.441600000000418731e+03 1.960486477947195567e+02
5.442400000000418913e+03 2.006986853228576706e+02
5.443200000000419095e+03 2.096190074162621499e+02
5.444000000000419277e+03 2.178002000180679261e+02
5.444800000000419459e+03 2.218662231451339721e+02
5.445600000000419641e+03 2.189988380848026850e+02
5.446400000000419823e+03 2.117025915939728407e+02
5.447200000000420005e+03 2.067685188286498885e+02
5.448000000000420187e+03 2.065156260716903489e+02
5.448800000000420368e+03 2.056440380749352528e+02
5.449600000000420550e+03 2.026850296412491161e+02
5.450400000000420732e+03 2.016738942286608847e+02
5.451200000000420914e+03 2.019101979555342155e+02
5.452000000000421096e+03 2.005922747427968886e+02
5.452800000000421278e+03 1.994062779132825938e+02
5.453600000000421460e+03 1.992027294708801719e+02
5.454400000000421642e+03 2.025227807963701707e+02
5.455200000000421824e+03 2.047640995655344227e+02
5.456000000000422006e+03 2.007736972419700123e+02
5.456800000000422187e+03 1.953537965625584718e+02
5.457600000000422369e+03 1.914701613937712636e+02
5.458400000000422551e+03 1.891957230966442580e+02
5.459200000000422733e+03 1.877713601504577809e+02
5.460000000000422915e+03 1.849112576275210529e+02
5.460800000000423097e+03 1.839692513368616744e+02
5.461600000000423279e+03 1.876856445656590608e+02
5.462400000000423461e+03 1.904996410568328429e+02
5.463200000000423643e+03 1.882801694894118327e+02
5.464000000000423825e+03 1.853893499811272250e+02
5.464800000000424006e+03 1.844035644683233954e+02
5.465600000000424188e+03 1.847777174569559975e+02
5.466400000000424370e+03 1.846316391512132782e+02
5.467200000000424552e+03 1.833721320124338376e+02
5.468000000000424734e+03 1.821684990982890326e+02
5.468800000000424916e+03 1.829209127500711247e+02
5.469600000000425098e+03 1.837324324101930415e+02
5.470400000000425280e+03 1.852764824843044096e+02
5.471200000000425462e+03 1.881813045249656966e+02
5.472000000000425644e+03 1.875562663070877818e+02
5.472800000000425825e+03 1.843543792828781420e+02
5.473600000000426007e+03 1.808441465477425254e+02
5.474400000000426189e+03 1.780302788233342710e+02
5.475200000000426371e+03 1.811243914651586238e+02
5.476000000000426553e+03 1.849884676156248133e+02
5.476800000000426735e+03 1.842957038748569403e+02
5.477600000000426917e+03 1.847842329544687630e+02
5.478400000000427099e+03 1.866663553496233021e+02
5.479200000000427281e+03 1.898032568326574960e+02
5.480000000000427463e+03 1.944827763226958837e+02
5.480800000000427644e+03 1.968541910570956475e+02
5.481600000000427826e+03 1.985946426528735742e+02
5.482400000000428008e+03 2.023042359941372865e+02
5.483200000000428190e+03 2.066790000863285854e+02
5.484000000000428372e+03 2.062470344219069034e+02
5.484800000000428554e+03 2.012319534031650505e+02
5.485600000000428736e+03 1.964131305298377583e+02
5.486400000000428918e+03 1.963879614759993331e+02
5.487200000000429100e+03 1.980962303692594446e+02
5.488000000000429281e+03 1.957931989391057641e+02
5.488800000000429463e+03 1.937837740984235211e+02
5.489600000000429645e+03 1.943530593802580597e+02
5.490400000000429827e+03 1.932222177140124018e+02
5.491200000000430009e+03 1.930300949304869960e+02
5.492000000000430191e+03 1.945532350423832497e+02
5.492800000000430373e+03 1.926074402966617640e+02
5.493600000000430555e+03 1.879793624815310409e+02
5.494400000000430737e+03 1.865734447223224777e+02
5.495200000000430919e+03 1.878726291641677335e+02
5.496000000000431100e+03 1.906931082390602796e+02
5.496800000000431282e+03 1.952110422683254569e+02
5.497600000000431464e+03 1.966174190152076449e+02
5.498400000000431646e+03 1.950406670434770149e+02
5.499200000000431828e+03 1.925910019643116016e+02
5.500000000000432010e+03 1.902090247687937392e+02
5.500800000000432192e+03 1.869057436538535626e+02
5.501600000000432374e+03 1.846814578601020287e+02
5.502400000000432556e+03 1.869425538436051397e+02
5.503200000000432738e+03 1.902371786772820883e+02
5.504000000000432919e+03 1.923194142136581775e+02
5.504800000000433101e+03 1.932053574180407338e+02
5.505600000000433283e+03 1.949759769619710710e+02
5.506400000000433465e+03 1.976125299721055057e+02
5.507200000000433647e+03 2.033619148150287970e+02
5.508000000000433829e+03 2.089470246503428257e+02
5.508800000000434011e+03 2.066292977867117031e+02
5.509600000000434193e+03 2.010029690234580926e+02
5.510400000000434375e+03 1.978334053843503852e+02
5.511200000000434557e+03 1.996385433534035769e+02
5.512000000000434738e+03 2.025132972213854146e+02
5.512800000000434920e+03 2.002073298392656397e+02
5.513600000000435102e+03 1.948901810725055270e+02
5.514400000000435284e+03 1.898464660622801432e+02
5.515200000000435466e+03 1.874182923765231976e+02
5.516000000000435648e+03 1.903299982220397055e+02
5.516800000000435830e+03 1.932797692418102429e+02
5.517600000000436012e+03 1.928326173731005895e+02
5.518400000000436194e+03 1.922794418532608347e+02
5.519200000000436376e+03 1.927782467461599936e+02
5.520000000000436557e+03 1.931467012800094381e+02
5.520800000000436739e+03 1.923863539562065625e+02
5.521600000000436921e+03 1.903581156444766975e+02
5.522400000000437103e+03 1.869981955073286031e+02
5.523200000000437285e+03 1.852089354917293065e+02
5.524000000000437467e+03 1.856020368155722906e+02
5.524800000000437649e+03 1.868619907257197497e+02
5.525600000000437831e+03 1.890792041586298069e+02
5.526400000000438013e+03 1.897144844235743903e+02
5.527200000000438195e+03 1.906298749812644928e+02
5.528000000000438376e+03 1.944935499701221602e+02
5.528800000000438558e+03 1.979823798285153202e+02
5.529600000000438740e+03 1.977861471067535888e+02
5.530400000000438922e+03 1.933611842787582873e+02
5.531200000000439104e+03 1.896922434440426741e+02
5.532000000000439286e+03 1.888667424996929185e+02
5.532800000000439468e+03 1.891150684800149975e+02
5.533600000000439650e+03 1.874125699838378409e+02
5.534400000000439832e+03 1.876603689797811114e+02
5.535200000000440014e+03 1.913910478080136954e+02
5.536000000000440195e+03 1.945008214894129992e+02
5.536800000000440377e+03 1.950663411306478565e+02
5.537600000000440559e+03 1.956570461788722071e+02
5.538400000000440741e+03 1.955433212504015046e+02
5.539200000000440923e+03 1.938318067806974341e+02
5.540000000000441105e+03 1.898923826178483409e+02
5.540800000000441287e+03 1.867756589692610305e+02
5.541600000000441469e+03 1.867356447612446004e+02
5.542400000000441651e+03 1.864657629703645512e+02
5.543200000000441833e+03 1.839780906681883437e+02
5.544000000000442014e+03 1.806868217977140318e+02
5.544800000000442196e+03 1.801638893066849505e+02
5.545600000000442378e+03 1.835555688085167674e+02
5.546400000000442560e+03 1.859992189122413606e+02
5.547200000000442742e+03 1.859646585763178166e+02
5.548000000000442924e+03 1.882967942454525314e+02
5.548800000000443106e+03 1.950612373228803449e+02
5.549600000000443288e+03 1.981505556938273571e+02
5.550400000000443470e+03 1.929372558735778966e+02
5.551200000000443652e+03 1.889571804706264686e+02
5.552000000000443833e+03 1.887710491861163575e+02
5.552800000000444015e+03 1.900269602520713761e+02
5.553600000000444197e+03 1.934331540764632109e+02
5.554400000000444379e+03 1.954916096000227981e+02
5.555200000000444561e+03 1.968866284834375620e+02
5.556000000000444743e+03 1.962670169680179697e+02
5.556800000000444925e+03 1.942952881197733177e+02
5.557600000000445107e+03 1.933523140494345967e+02
5.558400000000445289e+03 1.943418783844464315e+02
5.559200000000445471e+03 1.964216491908777300e+02
5.560000000000445652e+03 1.990105984391517495e+02
5.560800000000445834e+03 1.993959374303343566e+02
5.561600000000446016e+03 1.964803674008973928e+02
5.562400000000446198e+03 1.958125032968780488e+02
5.563200000000446380e+03 1.993179874513687082e+02
5.564000000000446562e+03 2.027211273424331921e+02
5.564800000000446744e+03 2.013454573928671607e+02
5.565600000000446926e+03 1.982764455438953632e+02
5.566400000000447108e+03 1.960459861580484358e+02
5.567200000000447289e+03 1.980161167990237914e+02
5.568000000000447471e+03 2.003616727398111550e+02
5.568800000000447653e+03 1.978621075170019594e+02
5.569600000000447835e+03 1.966258271311923238e+02
5.570400000000448017e+03 1.966347645957558541e+02
5.571200000000448199e+03 1.935911534541780554e+02
5.572000000000448381e+03 1.916786401837555900e+02
5.572800000000448563e+03 1.920233850669613389e+02
5.573600000000448745e+03 1.903482652434948363e+02
5.574400000000448927e+03 1.885251368041896001e+02
5.575200000000449108e+03 1.894973493999935386e+02
5.576000000000449290e+03 1.921699818436010219e+02
5.576800000000449472e+03 1.942282731929344664e+02
5.577600000000449654e+03 1.950777516165924226e+02
5.578400000000449836e+03 1.955355290721269910e+02
5.579200000000450018e+03 1.971974227365471108e+02
5.580000000000450200e+03 1.960158488036772724e+02
5.580800000000450382e+03 1.916647745961499254e+02
5.581600000000450564e+03 1.904911355827980515e+02
5.582400000000450746e+03 1.906105697625275752e+02
5.583200000000450927e+03 1.895630488237056284e+02
5.584000000000451109e+03 1.896235602931110122e+02
5.584800000000451291e+03 1.912347134994273006e+02
5.585600000000451473e+03 1.923066287959485976e+02
5.586400000000451655e+03 1.914576357383346306e+02
5.587200000000451837e+03 1.886699554079364987e+02
5.588000000000452019e+03 1.885723409747472488e+02
5.588800000000452201e+03 1.933013608872443569e+02
5.589600000000452383e+03 1.988364609528032361e+02
5.590400000000452565e+03 2.010543460917412233e+02
5.591200000000452746e+03 1.971169409561716179e+02
5.592000000000452928e+03 1.902203605655454908e+02
5.592800000000453110e+03 1.890865688142554006e+02
5.593600000000453292e+03 1.935692264844275314e+02
5.594400000000453474e+03 1.955389494840160296e+02
5.595200000000453656e+03 1.941772571823444480e+02
5.596000000000453838e+03 1.926487318221196290e+02
5.596800000000454020e+03 1.917905983280874125e+02
5.597600000000454202e+03 1.940792999580407354e+02
5.598400000000454384e+03 1.952990318885596821e+02
5.599200000000454565e+03 1.927270969506496670e+02
5.600000000000454747e+03 1.914754908664115192e+02
5.600800000000454929e+03 1.935124688725969690e+02
5.601600000000455111e+03 1.938003505931944801e+02
5.602400000000455293e+03 1.943447168131344824e+02
5.603200000000455475e+03 1.974581636888817684e+02
5.604000000000455657e+03 1.999711519002791533e+02
5.604800000000455839e+03 2.024162424192226695e+02
5.605600000000456021e+03 2.034273959119789765e+02
5.606400000000456203e+03 2.005062889919078088e+02
5.607200000000456384e+03 1.973426129331872687e+02
5.608000000000456566e+03 1.944759484073206295e+02
5.608800000000456748e+03 1.919375360806261028e+02
5.609600000000456930e+03 1.948444522629832250e+02
5.610400000000457112e+03 1.996843948881434585e+02
5.611200000000457294e+03 1.997829487362825489e+02
5.612000000000457476e+03 1.970355389704895401e+02
5.612800000000457658e+03 1.962197440266395745e+02
5.613600000000457840e+03 1.983845688566952958e+02
5.614400000000458022e+03 2.011723253753773974e+02
5.615200000000458203e+03 2.046837002637119554e+02
5.616000000000458385e+03 2.060677901966533909e+02
5.616800000000458567e+03 2.041693032854605008e+02
5.617600000000458749e+03 2.017847150494088169e+02
5.618400000000458931e+03 2.009797293806519178e+02
5.619200000000459113e+03 2.012742077382651473e+02
5.620000000000459295e+03 2.006281188482975040e+02
5.620800000000459477e+03 1.991198579228305903e+02
5.621600000000459659e+03 1.994372070756177209e+02
5.622400000000459841e+03 2.020165753963040913e+02
5.623200000000460022e+03 2.035307788056758227e+02
5.624000000000460204e+03 2.037692018286146265e+02
5.624800000000460386e+03 2.036634624379424849e+02
5.625600000000460568e+03 2.008781256171404266e+02
5.626400000000460750e+03 1.981948221842721978e+02
5.627200000000460932e+03 1.972997488339154870e+02
5.628000000000461114e+03 1.963396399044939358e+02
5.628800000000461296e+03 1.959823219994994759e+02
5.629600000000461478e+03 1.949622606214295502e+02
5.630400000000461660e+03 1.931226154894208094e+02
5.631200000000461841e+03 1.935178375788527205e+02
5.632000000000462023e+03 1.960153399294188148e+02
5.632800000000462205e+03 1.963139974580730893e+02
5.633600000000462387e+03 1.957360708209183713e+02
5.634400000000462569e+03 1.991836737018621193e+02
5.635200000000462751e+03 2.037012669251772650e+02
5.636000000000462933e+03 2.030358786601457837e+02
5.636800000000463115e+03 1.990817085885366282e+02
5.637600000000463297e+03 1.963569919442031164e+02
5.638400000000463479e+03 1.951733351895953774e+02
5.639200000000463660e+03 1.965566861682897866e+02
5.640000000000463842e+03 1.984740461022911404e+02
5.640800000000464024e+03 1.983881252835471400e+02
5.641600000000464206e+03 1.974250851520479841e+02
5.642400000000464388e+03 1.961545069433036588e+02
5.643200000000464570e+03 1.963557906730192144e+02
5.644000000000464752e+03 1.983168719594348204e+02
5.644800000000464934e+03 2.002407065340407257e+02
5.645600000000465116e+03 1.995984960755303348e+02
5.646400000000465297e+03 1.980978869779955289e+02
5.647200000000465479e+03 1.993117416737125609e+02
5.648000000000465661e+03 1.996093360329348911e+02
5.648800000000465843e+03 1.978096641385999135e+02
5.649600000000466025e+03 1.988591119267142062e+02
5.650400000000466207e+03 2.002174301694456062e+02
5.651200000000466389e+03 1.983476233838775897e+02
5.652000000000466571e+03 1.947720269249945204e+02
5.652800000000466753e+03 1.878317609588456776e+02
5.653600000000466935e+03 1.822276963769967608e+02
5.654400000000467116e+03 1.837710502951138949e+02
5.655200000000467298e+03 1.883278658516105679e+02
5.656000000000467480e+03 1.900310507274008103e+02
5.656800000000467662e+03 1.870801936401117871e+02
5.657600000000467844e+03 1.822425335180861907e+02
5.658400000000468026e+03 1.773973932467577583e+02
5.659200000000468208e+03 1.766599728383094998e+02
5.660000000000468390e+03 1.800237358076162479e+02
5.660800000000468572e+03 1.851229443173466223e+02
5.661600000000468754e+03 1.903644768407997958e+02
5.662400000000468935e+03 1.931265137937670033e+02
5.663200000000469117e+03 1.934269920499134514e+02
5.664000000000469299e+03 1.936113253363020874e+02
5.664800000000469481e+03 1.960710287124741740e+02
5.665600000000469663e+03 1.973532766452848932e+02
5.666400000000469845e+03 1.941232265392878844e+02
5.667200000000470027e+03 1.891251005839953621e+02
5.668000000000470209e+03 1.879057407710587881e+02
5.668800000000470391e+03 1.893128362660450534e+02
5.669600000000470573e+03 1.872516402204271913e+02
5.670400000000470754e+03 1.866737937202830722e+02
5.671200000000470936e+03 1.892707516354461745e+02
5.672000000000471118e+03 1.903511759760761493e+02
5.672800000000471300e+03 1.901693938421462065e+02
5.673600000000471482e+03 1.933770877564725765e+02
5.674400000000471664e+03 1.969855354375777665e+02
5.675200000000471846e+03 1.975892884960404672e+02
5.676000000000472028e+03 1.968695937749613449e+02
5.676800000000472210e+03 1.967898731184787380e+02
5.677600000000472392e+03 1.999351472058472439e+02
5.678400000000472573e+03 2.054121728210691344e+02
5.679200000000472755e+03 2.062986904505926873e+02
5.680000000000472937e+03 2.019139602106482130e+02
5.680800000000473119e+03 1.974023792305297036e+02
5.681600000000473301e+03 1.957579740590686583e+02
5.682400000000473483e+03 1.969760185503308207e+02
5.683200000000473665e+03 1.961715479898666672e+02
5.684000000000473847e+03 1.934289639307370123e+02
5.684800000000474029e+03 1.926367398541841283e+02
5.685600000000474211e+03 1.930064180958167697e+02
5.686400000000474392e+03 1.932464571977802166e+02
5.687200000000474574e+03 1.923844114973524597e+02
5.688000000000474756e+03 1.901858957713328664e+02
5.688800000000474938e+03 1.907176481069464558e+02
5.689600000000475120e+03 1.892249774784430656e+02
5.690400000000475302e+03 1.850984700021683693e+02
5.691200000000475484e+03 1.860715208332097745e+02
5.692000000000475666e+03 1.928129976274743740e+02
5.692800000000475848e+03 1.969352883515163057e+02
5.693600000000476030e+03 1.954906134820153341e+02
5.694400000000476211e+03 1.936234120049984426e+02
5.695200000000476393e+03 1.929607458331951193e+02
5.696000000000476575e+03 1.945002353577752956e+02
5.696800000000476757e+03 1.976272837288840378e+02
5.697600000000476939e+03 1.984364029023894318e+02
5.698400000000477121e+03 1.961592652376645560e+02
5.699200000000477303e+03 1.922393028594251803e+02
5.700000000000477485e+03 1.915601529914000025e+02
5.700800000000477667e+03 1.983344942576467531e+02
5.701600000000477849e+03 2.058637281603574252e+02
5.702400000000478030e+03 2.082173320727262649e+02
5.703200000000478212e+03 2.078244686866014774e+02
5.704000000000478394e+03 2.062147012828293384e+02
5.704800000000478576e+03 2.017772102819253064e+02
5.705600000000478758e+03 1.964773332676532505e+02
5.706400000000478940e+03 1.952397820051855888e+02
5.707200000000479122e+03 1.949788761108134167e+02
5.708000000000479304e+03 1.922569455167022738e+02
5.708800000000479486e+03 1.935364423956790461e+02
5.709600000000479668e+03 1.973941638503663398e+02
5.710400000000479849e+03 1.946824475765371858e+02
5.711200000000480031e+03 1.897770661090746671e+02
5.712000000000480213e+03 1.889084165201881547e+02
5.712800000000480395e+03 1.921411877611496379e+02
5.713600000000480577e+03 1.961734042105713627e+02
5.714400000000480759e+03 1.979880416607281859e+02
5.715200000000480941e+03 1.977236000215088154e+02
5.716000000000481123e+03 1.965982603755183504e+02
5.716800000000481305e+03 1.972289915429814755e+02
5.717600000000481486e+03 2.004492675122347691e+02
5.718400000000481668e+03 2.039722782277690953e+02
5.719200000000481850e+03 2.082271742259446796e+02
5.720000000000482032e+03 2.099306192582486972e+02
5.720800000000482214e+03 2.067495840184839153e+02
5.721600000000482396e+03 1.992507395947329201e+02
5.722400000000482578e+03 1.929417671395395359e+02
5.723200000000482760e+03 1.947987711262105677e+02
5.724000000000482942e+03 1.974080104628410481e+02
5.724800000000483124e+03 1.968148034622758189e+02
5.725600000000483305e+03 1.981531526421941294e+02
5.726400000000483487e+03 2.004372708755691406e+02
5.727200000000483669e+03 2.008599366319263027e+02
5.728000000000483851e+03 1.970223110391519867e+02
5.728800000000484033e+03 1.893105264758636395e+02
5.729600000000484215e+03 1.853786359913998467e+02
5.730400000000484397e+03 1.857374734762589412e+02
5.731200000000484579e+03 1.856186608790233095e+02
5.732000000000484761e+03 1.882605717224010391e+02
5.732800000000484943e+03 1.911690077029081749e+02
5.733600000000485124e+03 1.918272970216795557e+02
5.734400000000485306e+03 1.932615919115191048e+02
5.735200000000485488e+03 1.968713350767269219e+02
5.736000000000485670e+03 2.011615314348574088e+02
5.736800000000485852e+03 2.062344583176843571e+02
5.737600000000486034e+03 2.089307985260187763e+02
5.738400000000486216e+03 2.054559724511752847e+02
5.739200000000486398e+03 1.995869861658688365e+02
5.740000000000486580e+03 1.957556255331548414e+02
5.740800000000486762e+03 1.961711354328297148e+02
5.741600000000486943e+03 1.957484099916073319e+02
5.742400000000487125e+03 1.939389189736778008e+02
5.743200000000487307e+03 1.949226612941891403e+02
5.744000000000487489e+03 1.982615018470357313e+02
5.744800000000487671e+03 2.002545138892184866e+02
5.745600000000487853e+03 2.023806582207869837e+02
5.746400000000488035e+03 2.069444638901504732e+02
5.747200000000488217e+03 2.112219439073280967e+02
5.748000000000488399e+03 2.086811296138275793e+02
5.748800000000488581e+03 2.033718038672533908e+02
5.749600000000488762e+03 2.027304777705736001e+02
5.750400000000488944e+03 2.030819838787626566e+02
5.751200000000489126e+03 2.007101210343859634e+02
5.752000000000489308e+03 1.966024933936409980e+02
5.752800000000489490e+03 1.920232962910239394e+02
5.753600000000489672e+03 1.867131065552592872e+02
5.754400000000489854e+03 1.831789697208276948e+02
5.755200000000490036e+03 1.847828056683304396e+02
5.756000000000490218e+03 1.898792261636374121e+02
5.756800000000490400e+03 1.921330958039692405e+02
5.757600000000490581e+03 1.901859398035073241e+02
5.758400000000490763e+03 1.875863025750934128e+02
5.759200000000490945e+03 1.886019467872079645e+02
5.760000000000491127e+03 1.923698029438707522e+02
5.760800000000491309e+03 1.956531089323306674e+02
5.761600000000491491e+03 1.982554464202654003e+02
5.762400000000491673e+03 1.980706302870984246e+02
5.763200000000491855e+03 1.964496481520084785e+02
5.764000000000492037e+03 1.995910442754119458e+02
5.764800000000492219e+03 2.025378627408830994e+02
5.765600000000492400e+03 2.014420970764048491e+02
5.766400000000492582e+03 2.018109696096776986e+02
5.767200000000492764e+03 2.051619496019063718e+02
5.768000000000492946e+03 2.037723616472843275e+02
5.768800000000493128e+03 1.981950401279260632e+02
5.769600000000493310e+03 1.961391212388379017e+02
5.770400000000493492e+03 1.974815114675143946e+02
5.771200000000493674e+03 1.951405405397999857e+02
5.772000000000493856e+03 1.912455016126331202e+02
5.772800000000494038e+03 1.895620449129893927e+02
5.773600000000494219e+03 1.893689697878750735e+02
5.774400000000494401e+03 1.928828490857155202e+02
5.775200000000494583e+03 1.954766615720853906e+02
5.776000000000494765e+03 1.927318560951098902e+02
5.776800000000494947e+03 1.886724739641466044e+02
5.777600000000495129e+03 1.879973881341991273e+02
5.778400000000495311e+03 1.902681152190210696e+02
5.779200000000495493e+03 1.921800818088463529e+02
5.780000000000495675e+03 1.927677573930598669e+02
5.780800000000495857e+03 1.915649053894376834e+02
5.781600000000496038e+03 1.882385927560729328e+02
5.782400000000496220e+03 1.860337230954360166e+02
5.783200000000496402e+03 1.887754454235126218e+02
5.784000000000496584e+03 1.950918664872851309e+02
5.784800000000496766e+03 1.995452574488417099e+02
5.785600000000496948e+03 2.002092054117624116e+02
5.786400000000497130e+03 2.023090446831347151e+02
5.787200000000497312e+03 2.043726318279511531e+02
5.788000000000497494e+03 2.054502320188169051e+02
5.788800000000497676e+03 2.051699260914326999e+02
5.789600000000497857e+03 2.054105642729836632e+02
5.790400000000498039e+03 2.085205544281049015e+02
5.791200000000498221e+03 2.085663871307106092e+02
5.792000000000498403e+03 2.061986926640031470e+02
5.792800000000498585e+03 2.077315203439972606e+02
5.793600000000498767e+03 2.101752084241097407e+02
5.794400000000498949e+03 2.057256951541328363e+02
5.795200000000499131e+03 2.000660984622990668e+02
5.796000000000499313e+03 2.004375463255971965e+02
5.796800000000499494e+03 2.066722426896215552e+02
5.797600000000499676e+03 2.108397167229888964e+02
5.798400000000499858e+03 2.093377220077026095e+02
5.799200000000500040e+03 2.122393419641630317e+02
5.800000000000500222e+03 2.234288279471376768e+02
5.800800000000009277e+03 2.342451746763587437e+02
5.801600000000009459e+03 2.290719799639526002e+02
5.802400000000009641e+03 2.111456776750708286e+02
5.803200000000009823e+03 2.023080535575701333e+02
5.804000000000010004e+03 2.083870407011501698e+02
5.804800000000010186e+03 2.173080811289772498e+02
5.805600000000010368e+03 2.209785507372944835e+02
5.806400000000010550e+03 2.155413782352212877e+02
5.807200000000010732e+03 2.117868473826124500e+02
5.808000000000010914e+03 2.174205990316397674e+02
5.808800000000011096e+03 2.189046446817509377e+02
5.809600000000011278e+03 2.102053416704864901e+02
5.810400000000011460e+03 2.012562250488154802e+02
5.811200000000011642e+03 2.003902115222248312e+02
5.812000000000011823e+03 2.071561312752589004e+02
5.812800000000012005e+03 2.116828532070946949e+02
5.813600000000012187e+03 2.092453643246099091e+02
5.814400000000012369e+03 2.079349188970712135e+02
5.815200000000012551e+03 2.120324307514534325e+02
5.816000000000012733e+03 2.204174504206959284e+02
5.816800000000012915e+03 2.272492560596423345e+02
5.817600000000013097e+03 2.269181380263551375e+02
5.818400000000013279e+03 2.165338924996201797e+02
5.819200000000013461e+03 2.102459433315254955e+02
5.820000000000013642e+03 2.135982865691839834e+02
5.820800000000013824e+03 2.109524563677932179e+02
5.821600000000014006e+03 2.040595939075273293e+02
5.822400000000014188e+03 1.976036401739786186e+02
5.823200000000014370e+03 1.955241218958026650e+02
5.824000000000014552e+03 2.014099526104142228e+02
5.824800000000014734e+03 2.049062961417447468e+02
5.825600000000014916e+03 2.016996847763116136e+02
5.826400000000015098e+03 1.980899591189280216e+02
5.827200000000015280e+03 1.968943076043883025e+02
5.828000000000015461e+03 1.951543842930972232e+02
5.828800000000015643e+03 1.961015883718280861e+02
5.829600000000015825e+03 1.995145739911191640e+02
5.830400000000016007e+03 2.075728236992296729e+02
5.831200000000016189e+03 2.169760231721539867e+02
5.832000000000016371e+03 2.159098028876691728e+02
5.832800000000016553e+03 2.085853114520713234e+02
5.833600000000016735e+03 2.073080011614930243e+02
5.834400000000016917e+03 2.096290706037064808e+02
5.835200000000017099e+03 2.068251242652461883e+02
5.836000000000017280e+03 2.032199145426985183e+02
5.836800000000017462e+03 2.035403727152223041e+02
5.837600000000017644e+03 2.026463431854915598e+02
5.838400000000017826e+03 2.018823574071653866e+02
5.839200000000018008e+03 2.047622538231691465e+02
5.840000000000018190e+03 2.072410216866069845e+02
5.840800000000018372e+03 2.089303125769348242e+02
5.841600000000018554e+03 2.123910409292444967e+02
5.842400000000018736e+03 2.129171450880699581e+02
5.843200000000018917e+03 2.097388767943329242e+02
5.844000000000019099e+03 2.073196528540404415e+02
5.844800000000019281e+03 2.053011878507404333e+02
5.845600000000019463e+03 2.037567147705591708e+02
5.846400000000019645e+03 2.039082831722354570e+02
5.847200000000019827e+03 2.089296200314461203e+02
5.848000000000020009e+03 2.122177784139348091e+02
5.848800000000020191e+03 2.039235422970084528e+02
5.849600000000020373e+03 1.939207369949764939e+02
5.850400000000020555e+03 1.931949746999926560e+02
5.851200000000020736e+03 1.979530385434718767e+02
5.852000000000020918e+03 2.019082422073824432e+02
5.852800000000021100e+03 2.041529423068337223e+02
5.853600000000021282e+03 2.018198322951218984e+02
5.854400000000021464e+03 1.979416954233723231e+02
5.855200000000021646e+03 1.957163791495239593e+02
5.856000000000021828e+03 1.932481912550361471e+02
5.856800000000022010e+03 1.923714685991478177e+02
5.857600000000022192e+03 1.941356356862193593e+02
5.858400000000022374e+03 1.962002839157143512e+02
5.859200000000022555e+03 1.965189485128682065e+02
5.860000000000022737e+03 1.960238335266642480e+02
5.860800000000022919e+03 1.992450904487352545e+02
5.861600000000023101e+03 2.035281910853375393e+02
5.862400000000023283e+03 2.013690965120269141e+02
5.863200000000023465e+03 1.964511735747935290e+02
5.864000000000023647e+03 1.964266554801445750e+02
5.864800000000023829e+03 1.984565842180884374e+02
5.865600000000024011e+03 2.021920602651870524e+02
5.866400000000024193e+03 2.080192728145711385e+02
5.867200000000024374e+03 2.087010777349914861e+02
5.868000000000024556e+03 2.063105182882322879e+02
5.868800000000024738e+03 2.069361152764361123e+02
5.869600000000024920e+03 2.101031780302167249e+02
5.870400000000025102e+03 2.108274879593892308e+02
5.871200000000025284e+03 2.084826648045229547e+02
5.872000000000025466e+03 2.084306807328847242e+02
5.872800000000025648e+03 2.114584430151957122e+02
5.873600000000025830e+03 2.150607038221723428e+02
5.874400000000026012e+03 2.167609339519532341e+02
5.875200000000026193e+03 2.147546430121470280e+02
5.876000000000026375e+03 2.143897170913779178e+02
5.876800000000026557e+03 2.133425546465069544e+02
5.877600000000026739e+03 2.093800147422357441e+02
5.878400000000026921e+03 2.068635416858089684e+02
5.879200000000027103e+03 2.065308141955260908e+02
5.880000000000027285e+03 2.080163069626756851e+02
5.880800000000027467e+03 2.100474310070995898e+02
5.881600000000027649e+03 2.100664868927214570e+02
5.882400000000027831e+03 2.110521178624695153e+02
5.883200000000028012e+03 2.146850290623298747e+02
5.884000000000028194e+03 2.150767733539818209e+02
5.884800000000028376e+03 2.118938453920757752e+02
5.885600000000028558e+03 2.103720396431777147e+02
5.886400000000028740e+03 2.102272716759737250e+02
5.887200000000028922e+03 2.102754361788114750e+02
5.888000000000029104e+03 2.105320775313358013e+02
5.888800000000029286e+03 2.098243407351330347e+02
5.889600000000029468e+03 2.062909960196652719e+02
5.890400000000029650e+03 1.958245298285254705e+02
5.891200000000029831e+03 1.823183631133659901e+02
5.892000000000030013e+03 1.810468125089937530e+02
5.892800000000030195e+03 1.935624456092301102e+02
5.893600000000030377e+03 2.063815723221129588e+02
5.894400000000030559e+03 2.126231175013620600e+02
5.895200000000030741e+03 2.130106942309686247e+02
5.896000000000030923e+03 2.070464394515874460e+02
5.896800000000031105e+03 1.954824752978385334e+02
5.897600000000031287e+03 1.880307416547483683e+02
5.898400000000031469e+03 1.941437030523024134e+02
5.899200000000031650e+03 2.064224284044843785e+02
5.900000000000031832e+03 2.135540608594111518e+02
5.900800000000032014e+03 2.154533479212779810e+02
5.901600000000032196e+03 2.155200143276873064e+02
5.902400000000032378e+03 2.161505633902174282e+02
5.903200000000032560e+03 2.165369247241936250e+02
5.904000000000032742e+03 2.140408188979792783e+02
5.904800000000032924e+03 2.110263023110761083e+02
5.905600000000033106e+03 2.126276670538767064e+02
5.906400000000033288e+03 2.149634262552387440e+02
5.907200000000033469e+03 2.137034127248855100e+02
5.908000000000033651e+03 2.144228191923075997e+02
5.908800000000033833e+03 2.203085835648149100e+02
5.909600000000034015e+03 2.242224486268380019e+02
5.910400000000034197e+03 2.203499970070269853e+02
5.911200000000034379e+03 2.150019306383336186e+02
5.912000000000034561e+03 2.135892416589394998e+02
5.912800000000034743e+03 2.185531172491919847e+02
5.913600000000034925e+03 2.257384189946068318e+02
5.914400000000035106e+03 2.242951827545147694e+02
5.915200000000035288e+03 2.121894093601245572e+02
5.916000000000035470e+03 2.048491256107952836e+02
5.916800000000035652e+03 2.046392225092828028e+02
5.917600000000035834e+03 2.024723004211846273e+02
5.918400000000036016e+03 2.019179888867459169e+02
5.919200000000036198e+03 2.063424855172218884e+02
5.920000000000036380e+03 2.094383087678118613e+02
5.920800000000036562e+03 2.094231803769657176e+02
5.921600000000036744e+03 2.104418229253284949e+02
5.922400000000036925e+03 2.108539608288950262e+02
5.923200000000037107e+03 2.130238413240012392e+02
5.924000000000037289e+03 2.157779018513811593e+02
5.924800000000037471e+03 2.168569015092801919e+02
5.925600000000037653e+03 2.169801894303748213e+02
5.926400000000037835e+03 2.135302417234272525e+02
5.927200000000038017e+03 2.092299728569574881e+02
5.928000000000038199e+03 2.068041568681474303e+02
5.928800000000038381e+03 2.054630290783234159e+02
5.929600000000038563e+03 2.049557104393608711e+02
5.930400000000038744e+03 2.040104005324550940e+02
5.931200000000038926e+03 2.028001397365269725e+02
5.932000000000039108e+03 2.039620031550900876e+02
5.932800000000039290e+03 2.070051804755331943e+02
5.933600000000039472e+03 2.047778582325683203e+02
5.934400000000039654e+03 2.003127293916590475e+02
5.935200000000039836e+03 2.012898289071748081e+02
5.936000000000040018e+03 2.019310901291094638e+02
5.936800000000040200e+03 2.030607577196162197e+02
5.937600000000040382e+03 2.069198923629492697e+02
5.938400000000040563e+03 2.091915114734811425e+02
5.939200000000040745e+03 2.090760507047708643e+02
5.940000000000040927e+03 2.073870576690676444e+02
5.940800000000041109e+03 2.044172546293956430e+02
5.941600000000041291e+03 2.011047963315266429e+02
5.942400000000041473e+03 2.004543097343054683e+02
5.943200000000041655e+03 2.036703596457813319e+02
5.944000000000041837e+03 2.053346293797553130e+02
5.944800000000042019e+03 2.038835428052934731e+02
5.945600000000042201e+03 2.029230779107683702e+02
5.946400000000042382e+03 2.029530515067094143e+02
5.947200000000042564e+03 2.027075494949630183e+02
5.948000000000042746e+03 2.053751018168518385e+02
5.948800000000042928e+03 2.117776639385315320e+02
5.949600000000043110e+03 2.140547335124663846e+02
5.950400000000043292e+03 2.083115389127762853e+02
5.951200000000043474e+03 2.015550335734549208e+02
5.952000000000043656e+03 1.992896157172136782e+02
5.952800000000043838e+03 1.982180130881379228e+02
5.953600000000044020e+03 1.952124854524027455e+02
5.954400000000044201e+03 1.920630997452647364e+02
5.955200000000044383e+03 1.900559132259223816e+02
5.956000000000044565e+03 1.883653043748391269e+02
5.956800000000044747e+03 1.880231677192345501e+02
5.957600000000044929e+03 1.877736793838297444e+02
5.958400000000045111e+03 1.837639504879155652e+02
5.959200000000045293e+03 1.757436537638531320e+02
5.960000000000045475e+03 1.681103632857232810e+02
5.960800000000045657e+03 1.634526676805282932e+02
5.961600000000045839e+03 1.587023169805957536e+02
5.962400000000046020e+03 1.531604545628134701e+02
5.963200000000046202e+03 1.493161933615991188e+02
5.964000000000046384e+03 1.479808301909536681e+02
5.964800000000046566e+03 1.488794783415148402e+02
5.965600000000046748e+03 1.502821583000320516e+02
5.966400000000046930e+03 1.503585887689409333e+02
5.967200000000047112e+03 1.469709463376750875e+02
5.968000000000047294e+03 1.435810275417154003e+02
5.968800000000047476e+03 1.437510074305730825e+02
5.969600000000047658e+03 1.453040183388179400e+02
5.970400000000047839e+03 1.497270121779469321e+02
5.971200000000048021e+03 1.563493307355549859e+02
5.972000000000048203e+03 1.598170731929814394e+02
5.972800000000048385e+03 1.622234073206715266e+02
5.973600000000048567e+03 1.688579763178875339e+02
5.974400000000048749e+03 1.775106036937763463e+02
5.975200000000048931e+03 1.813385530653403634e+02
5.976000000000049113e+03 1.800778240836232840e+02
5.976800000000049295e+03 1.807850414910576262e+02
5.977600000000049477e+03 1.852700450332455375e+02
5.978400000000049658e+03 1.902243251729754832e+02
5.979200000000049840e+03 1.941461807283274936e+02
5.980000000000050022e+03 1.965249144387801152e+02
5.980800000000050204e+03 1.969138082881473508e+02
5.981600000000050386e+03 1.971207832867723937e+02
5.982400000000050568e+03 1.975550023248038372e+02
5.983200000000050750e+03 1.998845659321623316e+02
5.984000000000050932e+03 2.044512200224207277e+02
5.984800000000051114e+03 2.034379184411131121e+02
5.985600000000051296e+03 1.974735379191611173e+02
5.986400000000051477e+03 1.952910009525654971e+02
5.987200000000051659e+03 1.975365256996896051e+02
5.988000000000051841e+03 2.011043532606012718e+02
5.988800000000052023e+03 2.040334502044711087e+02
5.989600000000052205e+03 2.038004719246761738e+02
5.990400000000052387e+03 2.010133009937331678e+02
5.991200000000052569e+03 1.977679244998221861e+02
5.992000000000052751e+03 1.942337100348330523e+02
5.992800000000052933e+03 1.914396057264133049e+02
5.993600000000053114e+03 1.913871569760961222e+02
5.994400000000053296e+03 1.947739133170807406e+02
5.995200000000053478e+03 1.976856678169824590e+02
5.996000000000053660e+03 1.979288887898736675e+02
5.996800000000053842e+03 1.994904280121232887e+02
5.997600000000054024e+03 2.023590281678270060e+02
5.998400000000054206e+03 2.024556363462387480e+02
5.999200000000054388e+03 1.993905595024913282e+02
6.000000000000054570e+03 1.987921924753259475e+02
6.000800000000054752e+03 1.998348576284960245e+02
6.001600000000054933e+03 1.999487028313435246e+02
6.002400000000055115e+03 2.001245523695690736e+02
6.003200000000055297e+03 2.013989369283045789e+02
6.004000000000055479e+03 2.023002810350768641e+02
6.004800000000055661e+03 2.029440500657552491e+02
6.005600000000055843e+03 2.038592704835245968e+02
6.006400000000056025e+03 2.037225604462651916e+02
6.007200000000056207e+03 2.037095691758325131e+02
6.008000000000056389e+03 2.055556249239017461e+02
6.008800000000056571e+03 2.092274125229502033e+02
6.009600000000056752e+03 2.083092860168414973e+02
6.010400000000056934e+03 2.065693709424344320e+02
6.011200000000057116e+03 2.096537582281929133e+02
6.012000000000057298e+03 2.116187308188029306e+02
6.012800000000057480e+03 2.090214541076125840e+02
6.013600000000057662e+03 2.046356076723692752e+02
6.014400000000057844e+03 2.043132050063906036e+02
6.015200000000058026e+03 2.092396685983658244e+02
6.016000000000058208e+03 2.100646769493412762e+02
6.016800000000058390e+03 2.044788677954800278e+02
6.017600000000058571e+03 2.017292630383316805e+02
6.018400000000058753e+03 2.029708779609767362e+02
6.019200000000058935e+03 2.051995841147957549e+02
6.020000000000059117e+03 2.074413159751431408e+02
6.020800000000059299e+03 2.069438076980443384e+02
6.021600000000059481e+03 2.058353172393665318e+02
6.022400000000059663e+03 2.056173336153049149e+02
6.023200000000059845e+03 2.039837047524768536e+02
6.024000000000060027e+03 2.018472199843830879e+02
6.024800000000060209e+03 2.001859409445446261e+02
6.025600000000060390e+03 2.015962621074494336e+02
6.026400000000060572e+03 2.030756600573667185e+02
6.027200000000060754e+03 2.000108208647756953e+02
6.028000000000060936e+03 1.968852485874734271e+02
6.028800000000061118e+03 1.972572699772048281e+02
6.029600000000061300e+03 1.985202485901374700e+02
6.030400000000061482e+03 1.994682303016015226e+02
6.031200000000061664e+03 2.004608065792970137e+02
6.032000000000061846e+03 2.016950075543616379e+02
6.032800000000062028e+03 2.035780807307847340e+02
6.033600000000062209e+03 2.059513963339201723e+02
6.034400000000062391e+03 2.067294494224897221e+02
6.035200000000062573e+03 2.044114785167819832e+02
6.036000000000062755e+03 2.018269202399962410e+02
6.036800000000062937e+03 2.034239884012108064e+02
6.037600000000063119e+03 2.074144954739498985e+02
6.038400000000063301e+03 2.096390327513075817e+02
6.039200000000063483e+03 2.077961091089269416e+02
6.040000000000063665e+03 2.063586957999649485e+02
6.040800000000063847e+03 2.059862117009058124e+02
6.041600000000064028e+03 2.039471322323473714e+02
6.042400000000064210e+03 2.037690558776377827e+02
6.043200000000064392e+03 2.069128258830855316e+02
6.044000000000064574e+03 2.080259902018127036e+02
6.044800000000064756e+03 2.070841246621201606e+02
6.045600000000064938e+03 2.097260440816361609e+02
6.046400000000065120e+03 2.131807305312084964e+02
6.047200000000065302e+03 2.109708931190366172e+02
6.048000000000065484e+03 2.065185942269328905e+02
6.048800000000065666e+03 2.052368317402395235e+02
6.049600000000065847e+03 2.064818778506938486e+02
6.050400000000066029e+03 2.077625027418633863e+02
6.051200000000066211e+03 2.050858422585723702e+02
6.052000000000066393e+03 2.027657927705307088e+02
6.052800000000066575e+03 2.020559602247784028e+02
6.053600000000066757e+03 2.009813795422547287e+02
6.054400000000066939e+03 1.997208955080554347e+02
6.055200000000067121e+03 1.985222457869003563e+02
6.056000000000067303e+03 2.005724437913572729e+02
6.056800000000067485e+03 2.023249839045210479e+02
6.057600000000067666e+03 2.004252021002655511e+02
6.058400000000067848e+03 2.011240712686208667e+02
6.059200000000068030e+03 2.048102117973929808e+02
6.060000000000068212e+03 2.047597134064523630e+02
6.060800000000068394e+03 2.047800812311047309e+02
6.061600000000068576e+03 2.050837257142910062e+02
6.062400000000068758e+03 2.033988971225608964e+02
6.063200000000068940e+03 2.050906165525748861e+02
6.064000000000069122e+03 2.098138879064310061e+02
6.064800000000069303e+03 2.106054544543465568e+02
6.065600000000069485e+03 2.070694886134546095e+02
6.066400000000069667e+03 2.043748440786914955e+02
6.067200000000069849e+03 2.058791612714726398e+02
6.068000000000070031e+03 2.100091850979850960e+02
6.068800000000070213e+03 2.097245046457609874e+02
6.069600000000070395e+03 2.085848671477764924e+02
6.070400000000070577e+03 2.062596408124626919e+02
6.071200000000070759e+03 2.001898744673820829e+02
6.072000000000070941e+03 1.985765068349210196e+02
6.072800000000071122e+03 2.019122885306489934e+02
6.073600000000071304e+03 2.043164004427707710e+02
6.074400000000071486e+03 2.060580291691805428e+02
6.075200000000071668e+03 2.086585315051918883e+02
6.076000000000071850e+03 2.104339868234742426e+02
6.076800000000072032e+03 2.085707847285676166e+02
6.077600000000072214e+03 2.039094695218873312e+02
6.078400000000072396e+03 2.016055252815798440e+02
6.079200000000072578e+03 2.030146687877472118e+02
6.080000000000072760e+03 2.032519510857963496e+02
6.080800000000072941e+03 2.011984313763407499e+02
6.081600000000073123e+03 1.973474603608300413e+02
6.082400000000073305e+03 1.937898122769815359e+02
6.083200000000073487e+03 1.928746846133609267e+02
6.084000000000073669e+03 1.934036187432689644e+02
6.084800000000073851e+03 1.961947887318553398e+02
6.085600000000074033e+03 2.001552070959967011e+02
6.086400000000074215e+03 2.012011349143018890e+02
6.087200000000074397e+03 1.994940000347693001e+02
6.088000000000074579e+03 1.978306930564588697e+02
6.088800000000074760e+03 2.001971667820463381e+02
6.089600000000074942e+03 2.034477125116403045e+02
6.090400000000075124e+03 2.039336466794163130e+02
6.091200000000075306e+03 2.054410761080015675e+02
6.092000000000075488e+03 2.048483984719890714e+02
6.092800000000075670e+03 2.020503801208250820e+02
6.093600000000075852e+03 2.010599402068266386e+02
6.094400000000076034e+03 2.005964610420470251e+02
6.095200000000076216e+03 1.992435556394007676e+02
6.096000000000076398e+03 1.968709599958952481e+02
6.096800000000076579e+03 1.939440897811854256e+02
6.097600000000076761e+03 1.946073450853281201e+02
6.098400000000076943e+03 1.989631891783707829e+02
6.099200000000077125e+03 2.014221144356292257e+02
6.100000000000077307e+03 2.039440168764952261e+02
6.100800000000077489e+03 2.109070053765722719e+02
6.101600000000077671e+03 2.141890696674846026e+02
6.102400000000077853e+03 2.086176385714447292e+02
6.103200000000078035e+03 2.062320765854132958e+02
6.104000000000078217e+03 2.106007022259153132e+02
6.104800000000078398e+03 2.134260856724147857e+02
6.105600000000078580e+03 2.110954083703397259e+02
6.106400000000078762e+03 2.064947795693483954e+02
6.107200000000078944e+03 2.058653230254951723e+02
6.108000000000079126e+03 2.077718797493659508e+02
6.108800000000079308e+03 2.099457189897721605e+02
6.109600000000079490e+03 2.135388459708879054e+02
6.110400000000079672e+03 2.159060543411096660e+02
6.111200000000079854e+03 2.144820561789703675e+02
6.112000000000080036e+03 2.100845529865102890e+02
6.112800000000080217e+03 2.053128341380956670e+02
6.113600000000080399e+03 2.064565253238513947e+02
6.114400000000080581e+03 2.111044033877793993e+02
6.115200000000080763e+03 2.146606788732390214e+02
6.116000000000080945e+03 2.161349374821906792e+02
6.116800000000081127e+03 2.167298083703600753e+02
6.117600000000081309e+03 2.184981367731595583e+02
6.118400000000081491e+03 2.167409327498628500e+02
6.119200000000081673e+03 2.113014405528871293e+02
6.120000000000081855e+03 2.113159198329842070e+02
6.120800000000082036e+03 2.189196129521932903e+02
6.121600000000082218e+03 2.276824469582976747e+02
6.122400000000082400e+03 2.292580300853622930e+02
6.123200000000082582e+03 2.224237577817665112e+02
6.124000000000082764e+03 2.155592274909221544e+02
6.124800000000082946e+03 2.118094241551389132e+02
6.125600000000083128e+03 2.086172359385777781e+02
6.126400000000083310e+03 2.049919695226781471e+02
6.127200000000083492e+03 2.034071483857236160e+02
6.128000000000083674e+03 2.063011298013577175e+02
6.128800000000083855e+03 2.082392934194410543e+02
6.129600000000084037e+03 2.075979421955247517e+02
6.130400000000084219e+03 2.088272542723353808e+02
6.131200000000084401e+03 2.141782658009005900e+02
6.132000000000084583e+03 2.181362169299005700e+02
6.132800000000084765e+03 2.165827950252786422e+02
6.133600000000084947e+03 2.148005850565154446e+02
6.134400000000085129e+03 2.165322255030967256e+02
6.135200000000085311e+03 2.151780800474759303e+02
6.136000000000085493e+03 2.096495617000102811e+02
6.136800000000085674e+03 2.083627152607840571e+02
6.137600000000085856e+03 2.124846556285522468e+02
6.138400000000086038e+03 2.135683736012159102e+02
6.139200000000086220e+03 2.106106406170809464e+02
6.140000000000086402e+03 2.078394776915838804e+02
6.140800000000086584e+03 2.062795625569242191e+02
6.141600000000086766e+03 2.070846513944678122e+02
6.142400000000086948e+03 2.103860688758734057e+02
6.143200000000087130e+03 2.167484229877178450e+02
6.144000000000087311e+03 2.215010342085935520e+02
6.144800000000087493e+03 2.195584350263910096e+02
6.145600000000087675e+03 2.152872207970864622e+02
6.146400000000087857e+03 2.158327727937655993e+02
6.147200000000088039e+03 2.181166765485516805e+02
6.148000000000088221e+03 2.172166477539677203e+02
6.148800000000088403e+03 2.125041760966849438e+02
6.149600000000088585e+03 2.102910589630024560e+02
6.150400000000088767e+03 2.130941085866392655e+02
6.151200000000088949e+03 2.154405742731356668e+02
6.152000000000089130e+03 2.162924119218533576e+02
6.152800000000089312e+03 2.162572362382447864e+02
6.153600000000089494e+03 2.152505462633363322e+02
6.154400000000089676e+03 2.124740632123469481e+02
6.155200000000089858e+03 2.078179021700334488e+02
6.156000000000090040e+03 2.041170366748226854e+02
6.156800000000090222e+03 2.041496745897238156e+02
6.157600000000090404e+03 2.044321596255707050e+02
6.158400000000090586e+03 2.023642230881566491e+02
6.159200000000090768e+03 2.018918959473310792e+02
6.160000000000090949e+03 2.044371021933316115e+02
6.160800000000091131e+03 2.054552597460222785e+02
6.161600000000091313e+03 2.052953218754118723e+02
6.162400000000091495e+03 2.049689191490120095e+02
6.163200000000091677e+03 2.041574710610985903e+02
6.164000000000091859e+03 2.038359279295742112e+02
6.164800000000092041e+03 2.010894917310567962e+02
6.165600000000092223e+03 1.974172708963075991e+02
6.166400000000092405e+03 1.978271586686538512e+02
6.167200000000092587e+03 2.031698023241028181e+02
6.168000000000092768e+03 2.075339367219038991e+02
6.168800000000092950e+03 2.059676174839859186e+02
6.169600000000093132e+03 2.023183610128399437e+02
6.170400000000093314e+03 2.022931008221968341e+02
6.171200000000093496e+03 2.042955758890227571e+02
6.172000000000093678e+03 2.044846434479268851e+02
6.172800000000093860e+03 2.043850279516330488e+02
6.173600000000094042e+03 2.074987611652186388e+02
6.174400000000094224e+03 2.097452618465958665e+02
6.175200000000094406e+03 2.074448193319626625e+02
6.176000000000094587e+03 2.070368157245862903e+02
6.176800000000094769e+03 2.077725796515705383e+02
6.177600000000094951e+03 2.055258011472998589e+02
6.178400000000095133e+03 2.042204438830187314e+02
6.179200000000095315e+03 2.067281626553810270e+02
6.180000000000095497e+03 2.073165499442808084e+02
6.180800000000095679e+03 2.028365212165647904e+02
6.181600000000095861e+03 2.028137097435339911e+02
6.182400000000096043e+03 2.083966051450884720e+02
6.183200000000096225e+03 2.120498924880332652e+02
6.184000000000096406e+03 2.129190435334525091e+02
6.184800000000096588e+03 2.130370699270782779e+02
6.185600000000096770e+03 2.126096889444213502e+02
6.186400000000096952e+03 2.135329285684542242e+02
6.187200000000097134e+03 2.140962146418218595e+02
6.188000000000097316e+03 2.157211974495031086e+02
6.188800000000097498e+03 2.166800910176354478e+02
6.189600000000097680e+03 2.138744404420166632e+02
6.190400000000097862e+03 2.133475539899141893e+02
6.191200000000098044e+03 2.163337226112067242e+02
6.192000000000098225e+03 2.174792494343153635e+02
6.192800000000098407e+03 2.155752736716687537e+02
6.193600000000098589e+03 2.133426940969596330e+02
6.194400000000098771e+03 2.123821693405674580e+02
6.195200000000098953e+03 2.082232007282273685e+02
6.196000000000099135e+03 2.056507911804312698e+02
6.196800000000099317e+03 2.076513433983381560e+02
6.197600000000099499e+03 2.076006092169150747e+02
6.198400000000099681e+03 2.032187862062860972e+02
6.199200000000099863e+03 1.995712311314714782e+02
6.200000000000100044e+03 1.993454716351976685e+02
6.200800000000100226e+03 2.003260044449857560e+02
6.201600000000100408e+03 2.054285650333810054e+02
6.202400000000100590e+03 2.124033499471806579e+02
6.203200000000100772e+03 2.131672848455268650e+02
6.204000000000100954e+03 2.082520270989205642e+02
6.204800000000101136e+03 2.041169373785492098e+02
6.205600000000101318e+03 2.022149075824619331e+02
6.206400000000101500e+03 2.006957026348260911e+02
6.207200000000101682e+03 1.993063375715622101e+02
6.208000000000101863e+03 1.999636834806777301e+02
6.208800000000102045e+03 2.017843277095771271e+02
6.209600000000102227e+03 2.026410111177820568e+02
6.210400000000102409e+03 2.020429361312620813e+02
6.211200000000102591e+03 2.008548142651057162e+02
6.212000000000102773e+03 1.980489512148042763e+02
6.212800000000102955e+03 1.962886414253033251e+02
6.213600000000103137e+03 1.973974001386847874e+02
6.214400000000103319e+03 1.972946627382821134e+02
6.215200000000103500e+03 1.989456294377596066e+02
6.216000000000103682e+03 2.040350827721436815e+02
6.216800000000103864e+03 2.075590203403903615e+02
6.217600000000104046e+03 2.108440474000708491e+02
6.218400000000104228e+03 2.126092890481180007e+02
6.219200000000104410e+03 2.097758157866638840e+02
6.220000000000104592e+03 2.086301412451402371e+02
6.220800000000104774e+03 2.074376568660679254e+02
6.221600000000104956e+03 2.061665323651847075e+02
6.222400000000105138e+03 2.104405004753732271e+02
6.223200000000105319e+03 2.134578823267023040e+02
6.224000000000105501e+03 2.097139769668397946e+02
6.224800000000105683e+03 2.063219537060537618e+02
6.225600000000105865e+03 2.063510002791361160e+02
6.226400000000106047e+03 2.070424548261615314e+02
6.227200000000106229e+03 2.058364873961620276e+02
6.228000000000106411e+03 2.024159457839222682e+02
6.228800000000106593e+03 1.993964411718079077e+02
6.229600000000106775e+03 1.984161233497107446e+02
6.230400000000106957e+03 1.981870076050436182e+02
6.231200000000107138e+03 1.983501753424939125e+02
6.232000000000107320e+03 1.983083384126252895e+02
6.232800000000107502e+03 1.972231534352323195e+02
6.233600000000107684e+03 1.962324797685310500e+02
6.234400000000107866e+03 1.950724619379993783e+02
6.235200000000108048e+03 1.919375904207383599e+02
6.236000000000108230e+03 1.877799950556803878e+02
6.236800000000108412e+03 1.851869876105898243e+02
6.237600000000108594e+03 1.834122066382746823e+02
6.238400000000108776e+03 1.824449147372575908e+02
6.239200000000108957e+03 1.835498370218542732e+02
6.240000000000109139e+03 1.852706631438429667e+02
6.240800000000109321e+03 1.837187323756528201e+02
6.241600000000109503e+03 1.804962877318970982e+02
6.242400000000109685e+03 1.804704511491943322e+02
6.243200000000109867e+03 1.818002428300987390e+02
6.244000000000110049e+03 1.816565546817280392e+02
6.244800000000110231e+03 1.831255082606063809e+02
6.245600000000110413e+03 1.850813772802905532e+02
6.246400000000110595e+03 1.868039880121615965e+02
6.247200000000110776e+03 1.857340009846341502e+02
6.248000000000110958e+03 1.824112901472117301e+02
6.248800000000111140e+03 1.833257343909221220e+02
6.249600000000111322e+03 1.894815059070025995e+02
6.250400000000111504e+03 1.955943785579446512e+02
6.251200000000111686e+03 1.968567580276206854e+02
6.252000000000111868e+03 1.962860446646863579e+02
6.252800000000112050e+03 1.991657568007693726e+02
6.253600000000112232e+03 2.034236588953899059e+02
6.254400000000112414e+03 2.020340007139149350e+02
6.255200000000112595e+03 1.972727337111676604e+02
6.256000000000112777e+03 1.952415668636235466e+02
6.256800000000112959e+03 1.972114267803606253e+02
6.257600000000113141e+03 2.007239387164140680e+02
6.258400000000113323e+03 2.014617884905723599e+02
6.259200000000113505e+03 2.001767567023725860e+02
6.260000000000113687e+03 2.016666087828488685e+02
6.260800000000113869e+03 2.066766106945441379e+02
6.261600000000114051e+03 2.103705044642156281e+02
6.262400000000114233e+03 2.084553805647576610e+02
6.263200000000114414e+03 2.036273965053793802e+02
6.264000000000114596e+03 1.975523940204583653e+02
6.264800000000114778e+03 1.934648997323544961e+02
6.265600000000114960e+03 1.928416290640449233e+02
6.266400000000115142e+03 1.898419550337158626e+02
6.267200000000115324e+03 1.860880441675553243e+02
6.268000000000115506e+03 1.862043520541301973e+02
6.268800000000115688e+03 1.888036121599556907e+02
6.269600000000115870e+03 1.914073480524273236e+02
6.270400000000116052e+03 1.967014711354665337e+02
6.271200000000116233e+03 2.046974226095525751e+02
6.272000000000116415e+03 2.093474779727203270e+02
6.272800000000116597e+03 2.112102445462258231e+02
6.273600000000116779e+03 2.109091476187029173e+02
6.274400000000116961e+03 2.078654787850209402e+02
6.275200000000117143e+03 2.042444654256425736e+02
6.276000000000117325e+03 1.997845124676627222e+02
6.276800000000117507e+03 1.958493332801628810e+02
6.277600000000117689e+03 1.960561149282584665e+02
6.278400000000117871e+03 2.003377565012398804e+02
6.279200000000118052e+03 2.045207748654300985e+02
6.280000000000118234e+03 2.056642954231686815e+02
6.280800000000118416e+03 2.045036052660336736e+02
6.281600000000118598e+03 2.028564529606754832e+02
6.282400000000118780e+03 2.041820454530542293e+02
6.283200000000118962e+03 2.067232914267941624e+02
6.284000000000119144e+03 2.052831961318232175e+02
6.284800000000119326e+03 2.019197021891641839e+02
6.285600000000119508e+03 1.994144713730063643e+02
6.286400000000119690e+03 1.976382575797840104e+02
6.287200000000119871e+03 1.960466272506902214e+02
6.288000000000120053e+03 1.955553504745179225e+02
6.288800000000120235e+03 1.958515460929621383e+02
6.289600000000120417e+03 1.967113537329595658e+02
6.290400000000120599e+03 1.942726713084707626e+02
6.291200000000120781e+03 1.883442911208687178e+02
6.292000000000120963e+03 1.849838530090738118e+02
6.292800000000121145e+03 1.853655037550031466e+02
6.293600000000121327e+03 1.873696501960665159e+02
6.294400000000121508e+03 1.905662629817651919e+02
6.295200000000121690e+03 1.936448041455818156e+02
6.296000000000121872e+03 1.922103632377050531e+02
6.296800000000122054e+03 1.870200502120210331e+02
6.297600000000122236e+03 1.874720419253568480e+02
6.298400000000122418e+03 1.907796329894209180e+02
6.299200000000122600e+03 1.897417655169973045e+02
6.300000000000122782e+03 1.858933174985126016e+02
6.300800000000122964e+03 1.830609079905673298e+02
6.301600000000123146e+03 1.843209981500305616e+02
6.302400000000123327e+03 1.900348341486814547e+02
6.303200000000123509e+03 1.942954760752026289e+02
6.304000000000123691e+03 1.942426947298824587e+02
6.304800000000123873e+03 1.957921701861988026e+02
6.305600000000124055e+03 1.954463852819582144e+02
6.306400000000124237e+03 1.915350225373616411e+02
6.307200000000124419e+03 1.893723326639226343e+02
6.308000000000124601e+03 1.895892887464423211e+02
6.308800000000124783e+03 1.860043603885098662e+02
6.309600000000124965e+03 1.838733037158852710e+02
6.310400000000125146e+03 1.889741274083037865e+02
6.311200000000125328e+03 1.960339794193421596e+02
6.312000000000125510e+03 1.987549800868463308e+02
6.312800000000125692e+03 1.965452472630339003e+02
6.313600000000125874e+03 1.948324299521901253e+02
6.314400000000126056e+03 1.939363362444897234e+02
6.315200000000126238e+03 1.909771581118826020e+02
6.316000000000126420e+03 1.902835592232187025e+02
6.316800000000126602e+03 1.905150571464343443e+02
6.317600000000126784e+03 1.874596696392133026e+02
6.318400000000126965e+03 1.849678950099022074e+02
6.319200000000127147e+03 1.855768974644165610e+02
6.320000000000127329e+03 1.870434097951393824e+02
6.320800000000127511e+03 1.869564315621078094e+02
6.321600000000127693e+03 1.862152387765150934e+02
6.322400000000127875e+03 1.868975925041234234e+02
6.323200000000128057e+03 1.874160988041688825e+02
6.324000000000128239e+03 1.872411855552720681e+02
6.324800000000128421e+03 1.890584953636002865e+02
6.325600000000128603e+03 1.894980474800555612e+02
6.326400000000128784e+03 1.904890582752659896e+02
6.327200000000128966e+03 1.923311030811847786e+02
6.328000000000129148e+03 1.913986515091879710e+02
6.328800000000129330e+03 1.884294644054394325e+02
6.329600000000129512e+03 1.852701104656908910e+02
6.330400000000129694e+03 1.841084562626105594e+02
6.331200000000129876e+03 1.844483215920046746e+02
6.332000000000130058e+03 1.835571214097653865e+02
6.332800000000130240e+03 1.841144771312128512e+02
6.333600000000130422e+03 1.868805607097262964e+02
6.334400000000130603e+03 1.895207278873635346e+02
6.335200000000130785e+03 1.884482764637748176e+02
6.336000000000130967e+03 1.840694110337404368e+02
6.336800000000131149e+03 1.834122529621528770e+02
6.337600000000131331e+03 1.843227572858163512e+02
6.338400000000131513e+03 1.837298480710150557e+02
6.339200000000131695e+03 1.849904741297909254e+02
6.340000000000131877e+03 1.871796283846938422e+02
6.340800000000132059e+03 1.894009895584036371e+02
6.341600000000132241e+03 1.914411600218346621e+02
6.342400000000132422e+03 1.924229827426587747e+02
6.343200000000132604e+03 1.950960847932708475e+02
6.344000000000132786e+03 2.004886830665868160e+02
6.344800000000132968e+03 2.021264077768612992e+02
6.345600000000133150e+03 1.984156124300723150e+02
6.346400000000133332e+03 1.941913412122202658e+02
6.347200000000133514e+03 1.933657210792234196e+02
6.348000000000133696e+03 1.944071758089890523e+02
6.348800000000133878e+03 1.920157220865908414e+02
6.349600000000134060e+03 1.883610298999578845e+02
6.350400000000134241e+03 1.869823774243259038e+02
6.351200000000134423e+03 1.870298045009569705e+02
6.352000000000134605e+03 1.883098892398557496e+02
6.352800000000134787e+03 1.917215348339755963e+02
6.353600000000134969e+03 1.962608969712683802e+02
6.354400000000135151e+03 1.983129760478865364e+02
6.355200000000135333e+03 1.990186061833059057e+02
6.356000000000135515e+03 2.015668692250242486e+02
6.356800000000135697e+03 2.032029425223463477e+02
6.357600000000135879e+03 1.999138681587249380e+02
6.358400000000136060e+03 1.956821869591877601e+02
6.359200000000136242e+03 1.944000538092679164e+02
6.360000000000136424e+03 1.932657877438468859e+02
6.360800000000136606e+03 1.925796601239002541e+02
6.361600000000136788e+03 1.965049329966082610e+02
6.362400000000136970e+03 2.013996061084106941e+02
6.363200000000137152e+03 2.026304209793940743e+02
6.364000000000137334e+03 2.037349843968088976e+02
6.364800000000137516e+03 2.038072822096113441e+02
6.365600000000137697e+03 2.040593897769852276e+02
6.366400000000137879e+03 2.062655002816202909e+02
6.367200000000138061e+03 2.066621779479514771e+02
6.368000000000138243e+03 2.046829229526221638e+02
6.368800000000138425e+03 2.027332371650235530e+02
6.369600000000138607e+03 2.011380929770355124e+02
6.370400000000138789e+03 1.992951034149493807e+02
6.371200000000138971e+03 1.979018198467095431e+02
6.372000000000139153e+03 1.994331691339924362e+02
6.372800000000139335e+03 2.032398587071741645e+02
6.373600000000139516e+03 2.041697376424588128e+02
6.374400000000139698e+03 2.015798282757583593e+02
6.375200000000139880e+03 1.991337590535464415e+02
6.376000000000140062e+03 1.975019630583234118e+02
6.376800000000140244e+03 1.978894565238237533e+02
6.377600000000140426e+03 1.984315808556954153e+02
6.378400000000140608e+03 1.961355834956977446e+02
6.379200000000140790e+03 1.930653787679825655e+02
6.380000000000140972e+03 1.918139425609634259e+02
6.380800000000141154e+03 1.924297815057128673e+02
6.381600000000141335e+03 1.977610720161155200e+02
6.382400000000141517e+03 2.046269009795893226e+02
6.383200000000141699e+03 2.065708546156318448e+02
6.384000000000141881e+03 2.049758888514674595e+02
6.384800000000142063e+03 2.015417551078400606e+02
6.385600000000142245e+03 1.972426816658947075e+02
6.386400000000142427e+03 1.968070009265974250e+02
6.387200000000142609e+03 1.978980934943077443e+02
6.388000000000142791e+03 1.961496197321401951e+02
6.388800000000142973e+03 1.956328314696455664e+02
6.389600000000143154e+03 1.976857356801974674e+02
6.390400000000143336e+03 1.998810856002584444e+02
6.391200000000143518e+03 2.024706381771136421e+02
6.392000000000143700e+03 2.043022668003605986e+02
6.392800000000143882e+03 2.026692157612173446e+02
6.393600000000144064e+03 1.976249188955738987e+02
6.394400000000144246e+03 1.938590671379631090e+02
6.395200000000144428e+03 1.940294940087313194e+02
6.396000000000144610e+03 1.960840806237060860e+02
6.396800000000144792e+03 1.993553000903582415e+02
6.397600000000144973e+03 2.038687346014454533e+02
6.398400000000145155e+03 2.057719618127682395e+02
6.399200000000145337e+03 2.022689691707648194e+02
6.400000000000145519e+03 1.997680736786887792e+02
6.400800000000145701e+03 2.017205451862068912e+02
6.401600000000145883e+03 2.066397825699496025e+02
6.402400000000146065e+03 2.069305905524372520e+02
6.403200000000146247e+03 2.029145368957647406e+02
6.404000000000146429e+03 2.021869428001135134e+02
6.404800000000146611e+03 2.026397066072565565e+02
6.405600000000146792e+03 2.029059085182136926e+02
6.406400000000146974e+03 2.025923297709078383e+02
6.407200000000147156e+03 2.009977354796742475e+02
6.408000000000147338e+03 2.002932217525425358e+02
6.408800000000147520e+03 2.010876980010149850e+02
6.409600000000147702e+03 2.026895148585813615e+02
6.410400000000147884e+03 2.061305959468097626e+02
6.411200000000148066e+03 2.074867312289280221e+02
6.412000000000148248e+03 2.013520719456240045e+02
6.412800000000148430e+03 1.958735101672476162e+02
6.413600000000148611e+03 1.980923856322983738e+02
6.414400000000148793e+03 2.018882794459825050e+02
6.415200000000148975e+03 2.018023120251642126e+02
6.416000000000149157e+03 2.028125993703877157e+02
6.416800000000149339e+03 2.051983180782993372e+02
6.417600000000149521e+03 2.029499925703525491e+02
6.418400000000149703e+03 1.975608751034687316e+02
6.419200000000149885e+03 1.928392790926824318e+02
6.420000000000150067e+03 1.930863481905931849e+02
6.420800000000150249e+03 1.981201555556247627e+02
6.421600000000150430e+03 2.014837798503263002e+02
6.422400000000150612e+03 2.031794474551701057e+02
6.423200000000150794e+03 2.069727734972571511e+02
6.424000000000150976e+03 2.096755981548799923e+02
6.424800000000151158e+03 2.113580455264071816e+02
6.425600000000151340e+03 2.130849794607965464e+02
6.426400000000151522e+03 2.125065376749211055e+02
6.427200000000151704e+03 2.077267163291651570e+02
6.428000000000151886e+03 2.034315363350082464e+02
6.428800000000152068e+03 2.036571704668076563e+02
6.429600000000152249e+03 2.053611777937721854e+02
6.430400000000152431e+03 2.074927859111563180e+02
6.431200000000152613e+03 2.074119283000362373e+02
6.432000000000152795e+03 2.069898114248137517e+02
6.432800000000152977e+03 2.064231098629742291e+02
6.433600000000153159e+03 2.031895627937559539e+02
6.434400000000153341e+03 2.015189689854382209e+02
6.435200000000153523e+03 2.003634515112734107e+02
6.436000000000153705e+03 1.969057004318389659e+02
6.436800000000153887e+03 1.959223300821043949e+02
6.437600000000154068e+03 1.972174159502288830e+02
6.438400000000154250e+03 1.959991975674161608e+02
6.439200000000154432e+03 1.929758732638348420e+02
6.440000000000154614e+03 1.925570995634844280e+02
6.440800000000154796e+03 1.938158614503068407e+02
6.441600000000154978e+03 1.936686514957108614e+02
6.442400000000155160e+03 1.951545271755924773e+02
6.443200000000155342e+03 1.964117394412220108e+02
6.444000000000155524e+03 1.969121647361593546e+02
6.444800000000155705e+03 1.990002653126323935e+02
6.445600000000155887e+03 2.009947781635994488e+02
6.446400000000156069e+03 2.035103738499836936e+02
6.447200000000156251e+03 2.053188324285405884e+02
6.448000000000156433e+03 2.044002683332543597e+02
6.448800000000156615e+03 2.035344044286772203e+02
6.449600000000156797e+03 2.047574972936423592e+02
6.450400000000156979e+03 2.075739089791079266e+02
6.451200000000157161e+03 2.118829625097740177e+02
6.452000000000157343e+03 2.126632305054832273e+02
6.452800000000157524e+03 2.076474757149735524e+02
6.453600000000157706e+03 2.067951836151971747e+02
6.454400000000157888e+03 2.114687804402717006e+02
6.455200000000158070e+03 2.127435939418837734e+02
6.456000000000158252e+03 2.113887251957801823e+02
6.456800000000158434e+03 2.088996885017714931e+02
6.457600000000158616e+03 1.948637492566919036e+02
6.458400000000158798e+03 1.446379977012231279e+02
6.459200000000158980e+03 7.326371443895585855e+01
6.460000000000159162e+03 7.133671340820227158e+01
6.460800000000159343e+03 1.407868395438874813e+02
6.461600000000159525e+03 1.903293114311799741e+02
6.462400000000159707e+03 2.024667539299684336e+02
6.463200000000159889e+03 2.062983983442633189e+02
6.464000000000160071e+03 2.079371684772545450e+02
6.464800000000160253e+03 2.068968430594283063e+02
6.465600000000160435e+03 2.044645912276190529e+02
6.466400000000160617e+03 2.038555353320394943e+02
6.467200000000160799e+03 2.054338871412592198e+02
6.468000000000160981e+03 2.077485364080973795e+02
6.468800000000161162e+03 2.102068684177129398e+02
6.469600000000161344e+03 2.109033223920192199e+02
6.470400000000161526e+03 2.076867644986490973e+02
6.471200000000161708e+03 2.060290774708033723e+02
6.472000000000161890e+03 2.049576127914353094e+02
6.472800000000162072e+03 2.032550115785278422e+02
6.473600000000162254e+03 2.059576626743636893e+02
6.474400000000162436e+03 2.083580288006751289e+02
6.475200000000162618e+03 2.093513711739206826e+02
6.476000000000162800e+03 2.128847445022051943e+02
6.476800000000162981e+03 2.154625946192365404e+02
6.477600000000163163e+03 2.131497159049553147e+02
6.478400000000163345e+03 2.096129856740099910e+02
6.479200000000163527e+03 2.070260647570891024e+02
6.480000000000163709e+03 2.043087757354973064e+02
6.480800000000163891e+03 2.042372637386442875e+02
6.481600000000164073e+03 2.052923591291386174e+02
6.482400000000164255e+03 2.050352333065940797e+02
6.483200000000164437e+03 2.062838127001114117e+02
6.484000000000164619e+03 2.096763322802290759e+02
6.484800000000164800e+03 2.112801716648925208e+02
6.485600000000164982e+03 2.119628694170596646e+02
6.486400000000165164e+03 2.147625661735606855e+02
6.487200000000165346e+03 2.151636574725830542e+02
6.488000000000165528e+03 2.113853831044961566e+02
6.488800000000165710e+03 2.092943407638201734e+02
6.489600000000165892e+03 2.085804714418571280e+02
6.490400000000166074e+03 2.069912203106462414e+02
6.491200000000166256e+03 2.050167035368397137e+02
6.492000000000166438e+03 2.045800232117173891e+02
6.492800000000166619e+03 2.040298326488772886e+02
6.493600000000166801e+03 2.007367854143382431e+02
6.494400000000166983e+03 1.991227319752199492e+02
6.495200000000167165e+03 2.017068588006421805e+02
6.496000000000167347e+03 2.053871685433825292e+02
6.496800000000167529e+03 2.088825814677153687e+02
6.497600000000167711e+03 2.082852854011670729e+02
6.498400000000167893e+03 2.044140014615711891e+02
6.499200000000168075e+03 2.016954951988877554e+02
6.500000000000168257e+03 2.002066782898814949e+02
6.500800000000168438e+03 2.016883427056359892e+02
6.501600000000168620e+03 2.070177826646646508e+02
6.502400000000168802e+03 2.104584936030475717e+02
6.503200000000168984e+03 2.106154037839096702e+02
6.504000000000169166e+03 2.100715806672960753e+02
6.504800000000169348e+03 2.094798358842872403e+02
6.505600000000169530e+03 2.083173165968009926e+02
6.506400000000169712e+03 2.066128367695180827e+02
6.507200000000169894e+03 2.046548902566534309e+02
6.508000000000170076e+03 2.054793152459814678e+02
6.508800000000170257e+03 2.114631723793432911e+02
6.509600000000170439e+03 2.143205298328151969e+02
6.510400000000170621e+03 2.109802819778798550e+02
6.511200000000170803e+03 2.072462665410973273e+02
6.512000000000170985e+03 2.056148022722325663e+02
6.512800000000171167e+03 2.043255575177064998e+02
6.513600000000171349e+03 2.037200053781691054e+02
6.514400000000171531e+03 2.067035830695815548e+02
6.515200000000171713e+03 2.097466682627802186e+02
6.516000000000171894e+03 2.087197587302424040e+02
6.516800000000172076e+03 2.084266259723981420e+02
6.517600000000172258e+03 2.095172644983637156e+02
6.518400000000172440e+03 2.102803616650396918e+02
6.519200000000172622e+03 2.107500405574207321e+02
6.520000000000172804e+03 2.100026461672639471e+02
6.520800000000172986e+03 2.119898595422184826e+02
6.521600000000173168e+03 2.144808771668460281e+02
6.522400000000173350e+03 2.125917749372316621e+02
6.523200000000173532e+03 2.087428788617050941e+02
6.524000000000173713e+03 2.059745391744776555e+02
6.524800000000173895e+03 2.053483134321533043e+02
6.525600000000174077e+03 2.073183939234930619e+02
6.526400000000174259e+03 2.097580260224293625e+02
6.527200000000174441e+03 2.104213082861872408e+02
6.528000000000174623e+03 2.093714710580552492e+02
6.528800000000174805e+03 2.055023982915503495e+02
6.529600000000174987e+03 2.020683191894898414e+02
6.530400000000175169e+03 2.027662044412551268e+02
6.531200000000175351e+03 2.041936081854969416e+02
6.532000000000175532e+03 2.038272412377809246e+02
6.532800000000175714e+03 2.021822061628488427e+02
6.533600000000175896e+03 2.037462572110326278e+02
6.534400000000176078e+03 2.102026353257002143e+02
6.535200000000176260e+03 2.152651747175686126e+02
6.536000000000176442e+03 2.114053134752691676e+02
6.536800000000176624e+03 2.039874155495618595e+02
6.537600000000176806e+03 2.029764769617611364e+02
6.538400000000176988e+03 2.059520308561641855e+02
6.539200000000177170e+03 2.096744508301677001e+02
6.540000000000177351e+03 2.132040252819015791e+02
6.540800000000177533e+03 2.134223174054826018e+02
6.541600000000177715e+03 2.115031346008419746e+02
6.542400000000177897e+03 2.103871641795838627e+02
6.543200000000178079e+03 2.077658056463901062e+02
6.544000000000178261e+03 2.078949658078069547e+02
6.544800000000178443e+03 2.108778382604171497e+02
6.545600000000178625e+03 2.110884924533428944e+02
6.546400000000178807e+03 2.123124403762267889e+02
6.547200000000178989e+03 2.150586319379778502e+02
6.548000000000179170e+03 2.169244321273870639e+02
6.548800000000179352e+03 2.185743084333087722e+02
6.549600000000179534e+03 2.198733391301183815e+02
6.550400000000179716e+03 2.221574692240182571e+02
6.551200000000179898e+03 2.261499867437168803e+02
6.552000000000180080e+03 2.241679477270754148e+02
6.552800000000180262e+03 2.166040347695978880e+02
6.553600000000180444e+03 2.139518364103122394e+02
6.554400000000180626e+03 2.185176478120863521e+02
6.555200000000180808e+03 2.208157006792725099e+02
6.556000000000180989e+03 2.176748625803942332e+02
6.556800000000181171e+03 2.149763291019378357e+02
6.557600000000181353e+03 2.107470569669961833e+02
6.558400000000181535e+03 2.056482663743549324e+02
6.559200000000181717e+03 2.054264257396050084e+02
6.560000000000181899e+03 2.085646537745895444e+02
6.560800000000182081e+03 2.119301788991159867e+02
6.561600000000182263e+03 2.196442099558026939e+02
6.562400000000182445e+03 2.337665426016054084e+02
6.563200000000182627e+03 2.468091612333734020e+02
6.564000000000182808e+03 2.467901348298324820e+02
6.564800000000182990e+03 2.306892835852247003e+02
6.565600000000183172e+03 2.143926276565225919e+02
6.566400000000183354e+03 2.061458650453123482e+02
6.567200000000183536e+03 2.072350430458812411e+02
6.568000000000183718e+03 2.111175373062233405e+02
6.568800000000183900e+03 2.091625713254082655e+02
6.569600000000184082e+03 2.033980585369711207e+02
6.570400000000184264e+03 1.990970825344953710e+02
6.571200000000184446e+03 1.996614487800802067e+02
6.572000000000184627e+03 2.022441850898694042e+02
6.572800000000184809e+03 2.032365767910844738e+02
6.573600000000184991e+03 2.028901138740167198e+02
6.574400000000185173e+03 2.007215954297005283e+02
6.575200000000185355e+03 1.971217115797533665e+02
6.576000000000185537e+03 1.932292864813161373e+02
6.576800000000185719e+03 1.916622161226337653e+02
6.577600000000185901e+03 1.903980273495673998e+02
6.578400000000186083e+03 1.907518233292152559e+02
6.579200000000186265e+03 1.952856612610228808e+02
6.580000000000186446e+03 1.997720426657368193e+02
6.580800000000186628e+03 1.996854398322419115e+02
6.581600000000186810e+03 1.987660876940693129e+02
6.582400000000186992e+03 2.011904869169378571e+02
6.583200000000187174e+03 2.025664831870194007e+02
6.584000000000187356e+03 2.028491138920256560e+02
6.584800000000187538e+03 2.024627658033787725e+02
6.585600000000187720e+03 2.006462113306553476e+02
6.586400000000187902e+03 2.006937129538081024e+02
6.587200000000188084e+03 2.018998358409737079e+02
6.588000000000188265e+03 2.040197161874305323e+02
6.588800000000188447e+03 2.065193741528180738e+02
6.589600000000188629e+03 2.062527434294584623e+02
6.590400000000188811e+03 2.047897481360794245e+02
6.591200000000188993e+03 2.053120276345095760e+02
6.592000000000189175e+03 2.090484662838672421e+02
6.592800000000189357e+03 2.137111076568721160e+02
6.593600000000189539e+03 2.153945787462257613e+02
6.594400000000189721e+03 2.145608902645213902e+02
6.595200000000189902e+03 2.118414718338555360e+02
6.596000000000190084e+03 2.104005533735254403e+02
6.596800000000190266e+03 2.095606963229541577e+02
6.597600000000190448e+03 2.067904224374115074e+02
6.598400000000190630e+03 2.060897133773486303e+02
6.599200000000190812e+03 2.098303821747634856e+02
6.600000000000190994e+03 2.116565452979039605e+02
6.600800000000191176e+03 2.094378202918476859e+02
6.601600000000191358e+03 2.081430717645312711e+02
6.602400000000191540e+03 2.105033473436079134e+02
6.603200000000191721e+03 2.149883385068660573e+02
6.604000000000191903e+03 2.171379666544297891e+02
6.604800000000192085e+03 2.168610344999254380e+02
6.605600000000192267e+03 2.135389803003170073e+02
6.606400000000192449e+03 2.123788086026604844e+02
6.607200000000192631e+03 2.144607492079736346e+02
6.608000000000192813e+03 2.140859311108027896e+02
6.608800000000192995e+03 2.121386408069811580e+02
6.609600000000193177e+03 2.098809840025223252e+02
6.610400000000193359e+03 2.096066316006825900e+02
6.611200000000193540e+03 2.095176859335560380e+02
6.612000000000193722e+03 2.060955203718956454e+02
6.612800000000193904e+03 2.027617379160146527e+02
6.613600000000194086e+03 2.048039676621767171e+02
6.614400000000194268e+03 2.089046550348249696e+02
6.615200000000194450e+03 2.104640571537320568e+02
6.616000000000194632e+03 2.103674717495912319e+02
6.616800000000194814e+03 2.092739304835325527e+02
6.617600000000194996e+03 2.122120224355982145e+02
6.618400000000195178e+03 2.181919681347696951e+02
6.619200000000195359e+03 2.199549494367507805e+02
6.620000000000195541e+03 2.189323116272644256e+02
6.620800000000195723e+03 2.153247028867364179e+02
6.621600000000195905e+03 2.099664587683871559e+02
6.622400000000196087e+03 2.083039552852466443e+02
6.623200000000196269e+03 2.103681388065278668e+02
6.624000000000196451e+03 2.129050661031441507e+02
6.624800000000196633e+03 2.117287017793727557e+02
6.625600000000196815e+03 2.092351942215368013e+02
6.626400000000196997e+03 2.103920184384802781e+02
6.627200000000197178e+03 2.131754050724887009e+02
6.628000000000197360e+03 2.139870314949067733e+02
6.628800000000197542e+03 2.142266601591240374e+02
6.629600000000197724e+03 2.141127134553951237e+02
6.630400000000197906e+03 2.108551915467729145e+02
6.631200000000198088e+03 2.065564262714409267e+02
6.632000000000198270e+03 2.032599911902904921e+02
6.632800000000198452e+03 2.016093967507085267e+02
6.633600000000198634e+03 2.015923854221301781e+02
6.634400000000198816e+03 2.007458309846493876e+02
6.635200000000198997e+03 1.996002826400416552e+02
6.636000000000199179e+03 2.008031191049778386e+02
6.636800000000199361e+03 2.013308505164468727e+02
6.637600000000199543e+03 2.003114233423705457e+02
6.638400000000199725e+03 1.988377628850257679e+02
6.639200000000199907e+03 1.982416043145525180e+02
6.640000000000200089e+03 1.968922718499913174e+02
6.640800000000200271e+03 1.947307391702853749e+02
6.641600000000200453e+03 1.933300284774323927e+02
6.642400000000200635e+03 1.921779601238790747e+02
6.643200000000200816e+03 1.909812530725644706e+02
6.644000000000200998e+03 1.870983211931452104e+02
6.644800000000201180e+03 1.832719045776877351e+02
6.645600000000201362e+03 1.841414805609492475e+02
6.646400000000201544e+03 1.875669418208299248e+02
6.647200000000201726e+03 1.899107810509921705e+02
6.648000000000201908e+03 1.916743056705868753e+02
6.648800000000202090e+03 1.950307943970744873e+02
6.649600000000202272e+03 1.977395998050508865e+02
6.650400000000202454e+03 1.993341030013177715e+02
6.651200000000202635e+03 2.003908110982494577e+02
6.652000000000202817e+03 2.000485400077475902e+02
6.652800000000202999e+03 1.998560740389208945e+02
6.653600000000203181e+03 2.026975904293602753e+02
6.654400000000203363e+03 2.038300316170076769e+02
6.655200000000203545e+03 2.013522005219845710e+02
6.656000000000203727e+03 2.007616440988509510e+02
6.656800000000203909e+03 2.046841261952162654e+02
6.657600000000204091e+03 2.098884674373798873e+02
6.658400000000204273e+03 2.097601683898712679e+02
6.659200000000204454e+03 2.092702402558204255e+02
6.660000000000204636e+03 2.115479848534129133e+02
6.660800000000204818e+03 2.128903001253516436e+02
6.661600000000205000e+03 2.132808912493352409e+02
6.662400000000205182e+03 2.109945913665767989e+02
6.663200000000205364e+03 2.076919902491513312e+02
6.664000000000205546e+03 2.060133339720800336e+02
6.664800000000205728e+03 2.065603331109149394e+02
6.665600000000205910e+03 2.121185035902351501e+02
6.666400000000206091e+03 2.206126540030230672e+02
6.667200000000206273e+03 2.220770374030148844e+02
6.668000000000206455e+03 2.169656209051013889e+02
6.668800000000206637e+03 2.128915679922567961e+02
6.669600000000206819e+03 2.105366224336693790e+02
6.670400000000207001e+03 2.083610447269985002e+02
6.671200000000207183e+03 2.090068456383786497e+02
6.672000000000207365e+03 2.112312284901494763e+02
6.672800000000207547e+03 2.082028562932769375e+02
6.673600000000207729e+03 2.030107648564464853e+02
6.674400000000207910e+03 2.013300646700255356e+02
6.675200000000208092e+03 2.023850251699342380e+02
6.676000000000208274e+03 2.037421361109910833e+02
6.676800000000208456e+03 2.044339860156570694e+02
6.677600000000208638e+03 2.034685660503064355e+02
6.678400000000208820e+03 2.018504543337252812e+02
6.679200000000209002e+03 2.024743433248225415e+02
6.680000000000209184e+03 2.050457505679851806e+02
6.680800000000209366e+03 2.052789280340474534e+02
6.681600000000209548e+03 2.045597810255940203e+02
6.682400000000209729e+03 2.058360265683956527e+02
6.683200000000209911e+03 2.099924350493175211e+02
6.684000000000210093e+03 2.113889299732169320e+02
6.684800000000210275e+03 2.049099933306561070e+02
6.685600000000210457e+03 2.002847577926433189e+02
6.686400000000210639e+03 2.040551227620699706e+02
6.687200000000210821e+03 2.092837672961294686e+02
6.688000000000211003e+03 2.095550509335588458e+02
6.688800000000211185e+03 2.062522456099468968e+02
6.689600000000211367e+03 2.045297703676895082e+02
6.690400000000211548e+03 2.057309919944911769e+02
6.691200000000211730e+03 2.044223807748381319e+02
6.692000000000211912e+03 2.020844095088098129e+02
6.692800000000212094e+03 2.059207120999347467e+02
6.693600000000212276e+03 2.121073971158692189e+02
6.694400000000212458e+03 2.121096990160274629e+02
6.695200000000212640e+03 2.064814979489634652e+02
6.696000000000212822e+03 2.041534796917498227e+02
6.696800000000213004e+03 2.086287901101741227e+02
6.697600000000213186e+03 2.152343779546717428e+02
6.698400000000213367e+03 2.175549978508939262e+02
6.699200000000213549e+03 2.172536875410554558e+02
6.700000000000213731e+03 2.187270750697687163e+02
6.700800000000213913e+03 2.181292418259197916e+02
6.701600000000214095e+03 2.141578246435452968e+02
6.702400000000214277e+03 2.155288421268366506e+02
6.703200000000214459e+03 2.184517767987360344e+02
6.704000000000214641e+03 2.145484724828956473e+02
6.704800000000214823e+03 2.098323292887187961e+02
6.705600000000215005e+03 2.108305033314619550e+02
6.706400000000215186e+03 2.121287452135970284e+02
6.707200000000215368e+03 2.111137856987775763e+02
6.708000000000215550e+03 2.125024537041675217e+02
6.708800000000215732e+03 2.154297662727710190e+02
6.709600000000215914e+03 2.167191566208379356e+02
6.710400000000216096e+03 2.150135452983427058e+02
6.711200000000216278e+03 2.104279299126073113e+02
6.712000000000216460e+03 2.072454393875264032e+02
6.712800000000216642e+03 2.067845676583214640e+02
6.713600000000216824e+03 2.047805900379003674e+02
6.714400000000217005e+03 2.023499933719223804e+02
6.715200000000217187e+03 2.014355775999938487e+02
6.716000000000217369e+03 2.035221333158921766e+02
6.716800000000217551e+03 2.071744813416471516e+02
6.717600000000217733e+03 2.073384559047848370e+02
6.718400000000217915e+03 2.025501073546353155e+02
6.719200000000218097e+03 1.975707294962537048e+02
6.720000000000218279e+03 1.972037555873395718e+02
6.720800000000218461e+03 2.014288797108557105e+02
6.721600000000218643e+03 2.061515720219070431e+02
6.722400000000218824e+03 2.061066044164689401e+02
6.723200000000219006e+03 2.036881899257383566e+02
6.724000000000219188e+03 2.025378497130569713e+02
6.724800000000219370e+03 2.025190807482824198e+02
6.725600000000219552e+03 2.043695878883222576e+02
6.726400000000219734e+03 2.057188831573981815e+02
6.727200000000219916e+03 2.056011866009377798e+02
6.728000000000220098e+03 2.059279918145046508e+02
6.728800000000220280e+03 2.071709612729456467e+02
6.729600000000220462e+03 2.075706894229410295e+02
6.730400000000220643e+03 2.069991545432849307e+02
6.731200000000220825e+03 2.064632662630073696e+02
6.732000000000221007e+03 2.077763115076874954e+02
6.732800000000221189e+03 2.095330239952300531e+02
6.733600000000221371e+03 2.085193316626118758e+02
6.734400000000221553e+03 2.081177624044459549e+02
6.735200000000221735e+03 2.089133812318649461e+02
6.736000000000221917e+03 2.081641737927025986e+02
6.736800000000222099e+03 2.070649981256660510e+02
6.737600000000222281e+03 2.054794042806303196e+02
6.738400000000222462e+03 2.046072913300747302e+02
6.739200000000222644e+03 2.063463267956680909e+02
6.740000000000222826e+03 2.067570767264300855e+02
6.740800000000223008e+03 2.047143483571739182e+02
6.741600000000223190e+03 2.025258379813590750e+02
6.742400000000223372e+03 2.020004195321122324e+02
6.743200000000223554e+03 2.022188300661889571e+02
6.744000000000223736e+03 2.012595259670559642e+02
6.744800000000223918e+03 2.003173638392333089e+02
6.745600000000224099e+03 2.002993682179927930e+02
6.746400000000224281e+03 2.000737962848340885e+02
6.747200000000224463e+03 2.003026925149115414e+02
6.748000000000224645e+03 2.016228997098394302e+02
6.748800000000224827e+03 2.025107525988342729e+02
6.749600000000225009e+03 2.009510039437483897e+02
6.750400000000225191e+03 1.991573837489251559e+02
6.751200000000225373e+03 1.998961332008312581e+02
6.752000000000225555e+03 2.021256727640017630e+02
6.752800000000225737e+03 2.044142226866536021e+02
6.753600000000225918e+03 2.051170117427808464e+02
6.754400000000226100e+03 2.041327941582573544e+02
6.755200000000226282e+03 2.045899672942696839e+02
6.756000000000226464e+03 2.057822685143521539e+02
6.756800000000226646e+03 2.056474086256330338e+02
6.757600000000226828e+03 2.069221825999453586e+02
6.758400000000227010e+03 2.068246393530705518e+02
6.759200000000227192e+03 2.050639393044793906e+02
6.760000000000227374e+03 2.042720257069886998e+02
6.760800000000227556e+03 2.039665320527999484e+02
6.761600000000227737e+03 2.037059780717377748e+02
6.762400000000227919e+03 2.042827663417449457e+02
6.763200000000228101e+03 2.042931287443421411e+02
6.764000000000228283e+03 2.028023775404783464e+02
6.764800000000228465e+03 2.015728191543602748e+02
6.765600000000228647e+03 2.016964270776492754e+02
6.766400000000228829e+03 2.004020820573356900e+02
6.767200000000229011e+03 1.995563630018378376e+02
6.768000000000229193e+03 2.007618136905686015e+02
6.768800000000229375e+03 2.012588345886086927e+02
6.769600000000229556e+03 2.014792037242398521e+02
6.770400000000229738e+03 2.022788662757817519e+02
6.771200000000229920e+03 2.028721614469425845e+02
6.772000000000230102e+03 2.025526839844786195e+02
6.772800000000230284e+03 2.018805504197125344e+02
6.773600000000230466e+03 2.019916708210771503e+02
6.774400000000230648e+03 2.007805380710477721e+02
6.775200000000230830e+03 1.989482355030748693e+02
6.776000000000231012e+03 1.984385031974816229e+02
6.776800000000231194e+03 1.991690497076399993e+02
6.777600000000231375e+03 2.002259152224168304e+02
6.778400000000231557e+03 2.006374103214383240e+02
6.779200000000231739e+03 1.994336220016955963e+02
6.780000000000231921e+03 1.969323594263233872e+02
6.780800000000232103e+03 1.957020976549530360e+02
6.781600000000232285e+03 1.957129257348779845e+02
6.782400000000232467e+03 1.975534343753818121e+02
6.783200000000232649e+03 2.004328617357729456e+02
6.784000000000232831e+03 2.020664536585443329e+02
6.784800000000233013e+03 2.041559031138228306e+02
6.785600000000233194e+03 2.037628408019137112e+02
6.786400000000233376e+03 1.999384563466324778e+02
6.787200000000233558e+03 1.970159405328760727e+02
6.788000000000233740e+03 1.973783107857489085e+02
6.788800000000233922e+03 1.995915662824443189e+02
6.789600000000234104e+03 1.983979611881941878e+02
6.790400000000234286e+03 1.967670917083854363e+02
6.791200000000234468e+03 1.991175113536908725e+02
6.792000000000234650e+03 2.012424627994003004e+02
6.792800000000234832e+03 2.010632146778714571e+02
6.793600000000235013e+03 2.014399347610147402e+02
6.794400000000235195e+03 2.014640021266111489e+02
6.795200000000235377e+03 2.001118541492000418e+02
6.796000000000235559e+03 2.015181433930830508e+02
6.796800000000235741e+03 2.041316191819956885e+02
6.797600000000235923e+03 2.035892598288336899e+02
6.798400000000236105e+03 2.005377135615216559e+02
6.799200000000236287e+03 1.997517014510716820e+02
6.800000000000236469e+03 1.994700750619510643e+02
6.800800000000236651e+03 1.963889769072785043e+02
6.801600000000236832e+03 1.966954911001917594e+02
6.802400000000237014e+03 1.990498628416600582e+02
6.803200000000237196e+03 1.979648992963176397e+02
6.804000000000237378e+03 1.963016788607081367e+02
6.804800000000237560e+03 1.961243818130156455e+02
6.805600000000237742e+03 1.973831802625599607e+02
6.806400000000237924e+03 2.001581815855180366e+02
6.807200000000238106e+03 2.029545881727692631e+02
6.808000000000238288e+03 2.048105172483817000e+02
6.808800000000238470e+03 2.083997391019701126e+02
6.809600000000238651e+03 2.106129023687802828e+02
6.810400000000238833e+03 2.089495298219006827e+02
6.811200000000239015e+03 2.050407834949632502e+02
6.812000000000239197e+03 2.013425308560643145e+02
6.812800000000239379e+03 2.004558213281407575e+02
6.813600000000239561e+03 2.010623071029338007e+02
6.814400000000239743e+03 2.022664794418157612e+02
6.815200000000239925e+03 2.047873014763215735e+02
6.816000000000240107e+03 2.048503271614442269e+02
6.816800000000240289e+03 2.013386456242721465e+02
6.817600000000240470e+03 2.005567688584706616e+02
6.818400000000240652e+03 2.038238056187157383e+02
6.819200000000240834e+03 2.058166230850609395e+02
6.820000000000241016e+03 2.048090483715822643e+02
6.820800000000241198e+03 2.017160093903431743e+02
6.821600000000241380e+03 1.977686008538442479e+02
6.822400000000241562e+03 1.958777054795863819e+02
6.823200000000241744e+03 1.966970393875859031e+02
6.824000000000241926e+03 1.992226831769250737e+02
6.824800000000242107e+03 2.000625497385397580e+02
6.825600000000242289e+03 1.978471504059583879e+02
6.826400000000242471e+03 1.956573318835671671e+02
6.827200000000242653e+03 1.964633563684772639e+02
6.828000000000242835e+03 2.002755104088749363e+02
6.828800000000243017e+03 2.039125134965073016e+02
6.829600000000243199e+03 2.054781033415972615e+02
6.830400000000243381e+03 2.059665409645614034e+02
6.831200000000243563e+03 2.058036961589461384e+02
6.832000000000243745e+03 2.057373165521908049e+02
6.832800000000243926e+03 2.077590790898413502e+02
6.833600000000244108e+03 2.076945749558284717e+02
6.834400000000244290e+03 2.034929032182997162e+02
6.835200000000244472e+03 2.008672243617893685e+02
6.836000000000244654e+03 2.005129244776954636e+02
6.836800000000244836e+03 2.015014822731608604e+02
6.837600000000245018e+03 2.041326854091011285e+02
6.838400000000245200e+03 2.080449416430549832e+02
6.839200000000245382e+03 2.096801521477653125e+02
6.840000000000245564e+03 2.083148021463631778e+02
6.840800000000245745e+03 2.065122321562659522e+02
6.841600000000245927e+03 2.046456820985717968e+02
6.842400000000246109e+03 2.025497512873839128e+02
6.843200000000246291e+03 1.990398993913337335e+02
6.844000000000246473e+03 1.976711013744661614e+02
6.844800000000246655e+03 1.999857636173587139e+02
6.845600000000246837e+03 2.006131152232630370e+02
6.846400000000247019e+03 2.005120136330008904e+02
6.847200000000247201e+03 2.006596017091018780e+02
6.848000000000247383e+03 2.023025370286480609e+02
6.848800000000247564e+03 2.048496770448079189e+02
6.849600000000247746e+03 2.041213723814950640e+02
6.850400000000247928e+03 2.011434688229938388e+02
6.851200000000248110e+03 1.982027890026798502e+02
6.852000000000248292e+03 1.962107038790934723e+02
6.852800000000248474e+03 1.959983563756352396e+02
6.853600000000248656e+03 1.976773404240134369e+02
6.854400000000248838e+03 2.011467781840328257e+02
6.855200000000249020e+03 2.038164696914092815e+02
6.856000000000249202e+03 2.024544868087892837e+02
6.856800000000249383e+03 1.980429916643695378e+02
6.857600000000249565e+03 1.958701916641584830e+02
6.858400000000249747e+03 1.973760036179584461e+02
6.859200000000249929e+03 1.981398466339479683e+02
6.860000000000250111e+03 1.978648598107629368e+02
6.860800000000250293e+03 2.026547672491720391e+02
6.861600000000250475e+03 2.113352318134332108e+02
6.862400000000250657e+03 2.141139363765790904e+02
6.863200000000250839e+03 2.123917882730763154e+02
6.864000000000251021e+03 2.085159489579088756e+02
6.864800000000251202e+03 2.061549967115878985e+02
6.865600000000251384e+03 2.053587137815335382e+02
6.866400000000251566e+03 2.054639725034156186e+02
6.867200000000251748e+03 2.040914546901312860e+02
6.868000000000251930e+03 2.006536627257357850e+02
6.868800000000252112e+03 1.996198301217544895e+02
6.869600000000252294e+03 2.003135120988121116e+02
6.870400000000252476e+03 1.997256796567213541e+02
6.871200000000252658e+03 1.988988157820476772e+02
6.872000000000252840e+03 1.975364972727609825e+02
6.872800000000253021e+03 1.951319600616599814e+02
6.873600000000253203e+03 1.958324498055330594e+02
6.874400000000253385e+03 2.005224457156319033e+02
6.875200000000253567e+03 2.058315457488872369e+02
6.876000000000253749e+03 2.078902056621374186e+02
6.876800000000253931e+03 2.068363379994025877e+02
6.877600000000254113e+03 2.046539678632059633e+02
6.878400000000254295e+03 2.014397814208370789e+02
6.879200000000254477e+03 1.979897689993764232e+02
6.880000000000254659e+03 1.958084592222316189e+02
6.880800000000254840e+03 1.956148639769622832e+02
6.881600000000255022e+03 1.948331069436563041e+02
6.882400000000255204e+03 1.935898732965986824e+02
6.883200000000255386e+03 1.947332634518623991e+02
6.884000000000255568e+03 1.985841156050705081e+02
6.884800000000255750e+03 2.004433179622702710e+02
6.885600000000255932e+03 1.990949741697979505e+02
6.886400000000256114e+03 1.987649624004308748e+02
6.887200000000256296e+03 1.987903409563218133e+02
6.888000000000256478e+03 1.982683178247673084e+02
6.888800000000256659e+03 2.009311161409472675e+02
6.889600000000256841e+03 2.052944867817543582e+02
6.890400000000257023e+03 2.064881754925457926e+02
6.891200000000257205e+03 2.048634953257535471e+02
6.892000000000257387e+03 2.032031361494461521e+02
6.892800000000257569e+03 2.030435670211779211e+02
6.893600000000257751e+03 2.029864989093384224e+02
6.894400000000257933e+03 2.036977785863642509e+02
6.895200000000258115e+03 2.032844627364791279e+02
6.896000000000258296e+03 2.003299330787456825e+02
6.896800000000258478e+03 2.006844898294600910e+02
6.897600000000258660e+03 2.031870714214252303e+02
6.898400000000258842e+03 2.042069864517420115e+02
6.899200000000259024e+03 2.048703899434766527e+02
6.900000000000259206e+03 2.057362235136449158e+02
6.900800000000259388e+03 2.056738545684254973e+02
6.901600000000259570e+03 2.063283709693924379e+02
6.902400000000259752e+03 2.078409419343349782e+02
6.903200000000259934e+03 2.049393873809855791e+02
6.904000000000260115e+03 2.003082539183853896e+02
6.904800000000260297e+03 1.984354613853351452e+02
6.905600000000260479e+03 2.020774831932161533e+02
6.906400000000260661e+03 2.087024065465345757e+02
6.907200000000260843e+03 2.104301500655539030e+02
6.908000000000261025e+03 2.069825581401168790e+02
6.908800000000261207e+03 2.037691105549594681e+02
6.909600000000261389e+03 2.030831732354239989e+02
6.910400000000261571e+03 2.042966390473892773e+02
6.911200000000261753e+03 2.042933665273813801e+02
6.912000000000261934e+03 2.022191002662910080e+02
6.912800000000262116e+03 2.020330971495356778e+02
6.913600000000262298e+03 2.043832394596526569e+02
6.914400000000262480e+03 2.048316142530457284e+02
6.915200000000262662e+03 2.038751397864416504e+02
6.916000000000262844e+03 2.042676818377064478e+02
6.916800000000263026e+03 2.051800677538736863e+02
6.917600000000263208e+03 2.047095189467725334e+02
6.918400000000263390e+03 2.039085283346452684e+02
6.919200000000263572e+03 2.033307856258040260e+02
6.920000000000263753e+03 2.053885519047637445e+02
6.920800000000263935e+03 2.090477533553918192e+02
6.921600000000264117e+03 2.097482137871303962e+02
6.922400000000264299e+03 2.066150496618007537e+02
6.923200000000264481e+03 2.040908565278110132e+02
6.924000000000264663e+03 2.046677706124611973e+02
6.924800000000264845e+03 2.074329433744937035e+02
6.925600000000265027e+03 2.079286362358873248e+02
6.926400000000265209e+03 2.031009266348726214e+02
6.927200000000265391e+03 1.986116632822817110e+02
6.928000000000265572e+03 1.975246283836200405e+02
6.928800000000265754e+03 1.971353344273297807e+02
6.929600000000265936e+03 1.959603145524029628e+02
6.930400000000266118e+03 1.966046283372959920e+02
6.931200000000266300e+03 1.999319365648365192e+02
6.932000000000266482e+03 2.022933413016444320e+02
6.932800000000266664e+03 2.044274827421040470e+02
6.933600000000266846e+03 2.077839574358443429e+02
6.934400000000267028e+03 2.103336743058063121e+02
6.935200000000267210e+03 2.096479330722995655e+02
6.936000000000267391e+03 2.071875117669563338e+02
6.936800000000267573e+03 2.032732329213937419e+02
6.937600000000267755e+03 2.016125561864141673e+02
6.938400000000267937e+03 2.029656486521163572e+02
6.939200000000268119e+03 2.031436946523937195e+02
6.940000000000268301e+03 2.016933501774391289e+02
6.940800000000268483e+03 2.006724358277628255e+02
6.941600000000268665e+03 1.990653936064057348e+02
6.942400000000268847e+03 1.959269940614153711e+02
6.943200000000269029e+03 1.930204132109087709e+02
6.944000000000269210e+03 1.929851783669391523e+02
6.944800000000269392e+03 1.962211136285407633e+02
6.945600000000269574e+03 2.006032500334073347e+02
6.946400000000269756e+03 2.037092282335209177e+02
6.947200000000269938e+03 2.036341377494089784e+02
6.948000000000270120e+03 2.024018107446479462e+02
6.948800000000270302e+03 2.020200663811430388e+02
6.949600000000270484e+03 2.031229991919282725e+02
6.950400000000270666e+03 2.051497792399646585e+02
6.951200000000270848e+03 2.059312777488769086e+02
6.952000000000271029e+03 2.061610428814579450e+02
6.952800000000271211e+03 2.072135549287593221e+02
6.953600000000271393e+03 2.082363687555807701e+02
6.954400000000271575e+03 2.088936547339438619e+02
6.955200000000271757e+03 2.102988039864926009e+02
6.956000000000271939e+03 2.111402554449286981e+02
6.956800000000272121e+03 2.076454294671116827e+02
6.957600000000272303e+03 2.044991650608985765e+02
6.958400000000272485e+03 2.054506112250792569e+02
6.959200000000272667e+03 2.065196007480061553e+02
6.960000000000272848e+03 2.058490027671063558e+02
6.960800000000273030e+03 2.059533288103103246e+02
6.961600000000273212e+03 2.068030764295659765e+02
6.962400000000273394e+03 2.086549007347960014e+02
6.963200000000273576e+03 2.092117907917342450e+02
6.964000000000273758e+03 2.068811373342501270e+02
6.964800000000273940e+03 2.036143234355720892e+02
6.965600000000274122e+03 2.031185449496530850e+02
6.966400000000274304e+03 2.051213281325545381e+02
6.967200000000274486e+03 2.044821473665683413e+02
6.968000000000274667e+03 2.042769725752144723e+02
6.968800000000274849e+03 2.063318160033598474e+02
6.969600000000275031e+03 2.075095706896434535e+02
6.970400000000275213e+03 2.066296625067188302e+02
6.971200000000275395e+03 2.068836580550287749e+02
6.972000000000275577e+03 2.090478181074678048e+02
6.972800000000275759e+03 2.108057498145522004e+02
6.973600000000275941e+03 2.107372057441121456e+02
6.974400000000276123e+03 2.093013953900541537e+02
6.975200000000276304e+03 2.075659221656558486e+02
6.976000000000276486e+03 2.062708883461441474e+02
6.976800000000276668e+03 2.050908341165153956e+02
6.977600000000276850e+03 2.055021677182109840e+02
6.978400000000277032e+03 2.090300008940990892e+02
6.979200000000277214e+03 2.092216331540566330e+02
6.980000000000277396e+03 2.048654964625629873e+02
6.980800000000277578e+03 2.017096985180646698e+02
6.981600000000277760e+03 2.021887086458122553e+02
6.982400000000277942e+03 2.041431772972272256e+02
6.983200000000278123e+03 2.041846789196653731e+02
6.984000000000278305e+03 2.042334750013419580e+02
6.984800000000278487e+03 2.079499879622137257e+02
6.985600000000278669e+03 2.119904339665840780e+02
6.986400000000278851e+03 2.130214957535820020e+02
6.987200000000279033e+03 2.126122747742969921e+02
6.988000000000279215e+03 2.108264708448215288e+02
6.988800000000279397e+03 2.110425281260489498e+02
6.989600000000279579e+03 2.129015087760499227e+02
6.990400000000279761e+03 2.127232315397028231e+02
6.991200000000279942e+03 2.117486470995887657e+02
6.992000000000280124e+03 2.138137067901917021e+02
6.992800000000280306e+03 2.170718922701121301e+02
6.993600000000280488e+03 2.142005430396101247e+02
6.994400000000280670e+03 2.079425520559640859e+02
6.995200000000280852e+03 2.059460408883384162e+02
6.996000000000281034e+03 2.064957211174409508e+02
6.996800000000281216e+03 2.077396182547249737e+02
6.997600000000281398e+03 2.096704596532653397e+02
6.998400000000281580e+03 2.103824195129418229e+02
6.999200000000281761e+03 2.093997279958879290e+02
7.000000000000281943e+03 2.082563634813383828e+02
7.000800000000282125e+03 2.067043793561012990e+02
7.001600000000282307e+03 2.035856176977083294e+02
7.002400000000282489e+03 2.019237288791989045e+02
7.003200000000282671e+03 2.027858668242637918e+02
7.004000000000282853e+03 2.048455602718593127e+02
7.004800000000283035e+03 2.058503532940779621e+02
7.005600000000283217e+03 2.056729720383376048e+02
7.006400000000283399e+03 2.063793145837759937e+02
7.007200000000283580e+03 2.080512518378695859e+02
7.008000000000283762e+03 2.084717407723382507e+02
7.008800000000283944e+03 2.083320544067722437e+02
7.009600000000284126e+03 2.075964462414363538e+02
7.010400000000284308e+03 2.055709797062499433e+02
7.011200000000284490e+03 2.042093280895352621e+02
7.012000000000284672e+03 2.049677292499630141e+02
7.012800000000284854e+03 2.051804307072167148e+02
7.013600000000285036e+03 2.050988506120763759e+02
7.014400000000285218e+03 2.062263168128733355e+02
7.015200000000285399e+03 2.083853915384553659e+02
7.016000000000285581e+03 2.098066537976873747e+02
7.016800000000285763e+03 2.078935246751244392e+02
7.017600000000285945e+03 2.039537211248362496e+02
7.018400000000286127e+03 2.012768140883662511e+02
7.019200000000286309e+03 2.038426129233139363e+02
7.020000000000286491e+03 2.096210720233712550e+02
7.020800000000286673e+03 2.116071525651833269e+02
7.021600000000286855e+03 2.096875595308123081e+02
7.022400000000287037e+03 2.076740638055071031e+02
7.023200000000287218e+03 2.072950647381017006e+02
7.024000000000287400e+03 2.080820623191656296e+02
7.024800000000287582e+03 2.092501914611606821e+02
7.025600000000287764e+03 2.101437110749680528e+02
7.026400000000287946e+03 2.099694572165680313e+02
7.027200000000288128e+03 2.095613930932192375e+02
7.028000000000288310e+03 2.097311899505648398e+02
7.028800000000288492e+03 2.102506874907736858e+02
7.029600000000288674e+03 2.107686950849473817e+02
7.030400000000288856e+03 2.089516767097451293e+02
7.031200000000289037e+03 2.074402749438297633e+02
7.032000000000289219e+03 2.073150841542675948e+02
7.032800000000289401e+03 2.077943623412959369e+02
7.033600000000289583e+03 2.080394133067673010e+02
7.034400000000289765e+03 2.080134290777331785e+02
7.035200000000289947e+03 2.097696867990360658e+02
7.036000000000290129e+03 2.110912465908677405e+02
7.036800000000290311e+03 2.095168684554834044e+02
7.037600000000290493e+03 2.075457880938189987e+02
7.038400000000290675e+03 2.057018316610874535e+02
7.039200000000290856e+03 2.051441906825931483e+02
7.040000000000291038e+03 2.053041952118653057e+02
7.040800000000291220e+03 2.039854035084300961e+02
7.041600000000291402e+03 2.035859339407386983e+02
7.042400000000291584e+03 2.033386553909365944e+02
7.043200000000291766e+03 2.037491837122817344e+02
7.044000000000291948e+03 2.060066719625618816e+02
7.044800000000292130e+03 2.094438538589507175e+02
7.045600000000292312e+03 2.118605799906019911e+02
7.046400000000292493e+03 2.119033364037346132e+02
7.047200000000292675e+03 2.115740390264414259e+02
7.048000000000292857e+03 2.104039960206159776e+02
7.048800000000293039e+03 2.073978857576036035e+02
7.049600000000293221e+03 2.048825795000498999e+02
7.050400000000293403e+03 2.053082633356148961e+02
7.051200000000293585e+03 2.080018360797662922e+02
7.052000000000293767e+03 2.103098973073089155e+02
7.052800000000293949e+03 2.105946633806491377e+02
7.053600000000294131e+03 2.102078860241844893e+02
7.054400000000294312e+03 2.098598436479163070e+02
7.055200000000294494e+03 2.100708906853466260e+02
7.056000000000294676e+03 2.108720672623737755e+02
7.056800000000294858e+03 2.100455937359743075e+02
7.057600000000295040e+03 2.095979753389656821e+02
7.058400000000295222e+03 2.121955690246776953e+02
7.059200000000295404e+03 2.133870501822786423e+02
7.060000000000295586e+03 2.104127196176308132e+02
7.060800000000295768e+03 2.067696490931756728e+02
7.061600000000295950e+03 2.049518585267446156e+02
7.062400000000296131e+03 2.043675395581055056e+02
7.063200000000296313e+03 2.042051020006144881e+02
7.064000000000296495e+03 2.047604835304722997e+02
7.064800000000296677e+03 2.054895144493823977e+02
7.065600000000296859e+03 2.038425297359540025e+02
7.066400000000297041e+03 2.006238120025005855e+02
7.067200000000297223e+03 1.983909313658522819e+02
7.068000000000297405e+03 2.001037000893375364e+02
7.068800000000297587e+03 2.044144910209461727e+02
7.069600000000297769e+03 2.082811924521720073e+02
7.070400000000297950e+03 2.095741368438899315e+02
7.071200000000298132e+03 2.090785364771091110e+02
7.072000000000298314e+03 2.089200881182412672e+02
7.072800000000298496e+03 2.103410664137643948e+02
7.073600000000298678e+03 2.106486044777979032e+02
7.074400000000298860e+03 2.096920833321440796e+02
7.075200000000299042e+03 2.107101601272404423e+02
7.076000000000299224e+03 2.149650213389054727e+02
7.076800000000299406e+03 2.182147556057162205e+02
7.077600000000299588e+03 2.179910627966742140e+02
7.078400000000299769e+03 2.163607990965576846e+02
7.079200000000299951e+03 2.175305075811091058e+02
7.080000000000300133e+03 2.192592214752233986e+02
7.080800000000300315e+03 2.180605204528286833e+02
7.081600000000300497e+03 2.149898159540238396e+02
7.082400000000300679e+03 2.124125967852093027e+02
7.083200000000300861e+03 2.102996183937322883e+02
7.084000000000301043e+03 2.080271193500733489e+02
7.084800000000301225e+03 2.044093154770853857e+02
7.085600000000301407e+03 2.033278540375729335e+02
7.086400000000301588e+03 2.064939051393293425e+02
7.087200000000301770e+03 2.092756741729445480e+02
7.088000000000301952e+03 2.098023119666818275e+02
7.088800000000302134e+03 2.086763484781168074e+02
7.089600000000302316e+03 2.071482319842377251e+02
7.090400000000302498e+03 2.060444361405528184e+02
7.091200000000302680e+03 2.043280261273459359e+02
7.092000000000302862e+03 2.025699378590831543e+02
7.092800000000303044e+03 2.032772825946706234e+02
7.093600000000303226e+03 2.074109075273678968e+02
7.094400000000303407e+03 2.077656398818536445e+02
7.095200000000303589e+03 2.063167018081301762e+02
7.096000000000303771e+03 2.076016428730226835e+02
7.096800000000303953e+03 2.101167675118337286e+02
7.097600000000304135e+03 2.127293619615477951e+02
7.098400000000304317e+03 2.144006595522973839e+02
7.099200000000304499e+03 2.155000666028244325e+02
7.100000000000304681e+03 2.136261193591258234e+02
7.100800000000304863e+03 2.097197764674909877e+02
7.101600000000305045e+03 2.067089783341640157e+02
7.102400000000305226e+03 2.047523531499276430e+02
7.103200000000305408e+03 2.046845506860162800e+02
7.104000000000305590e+03 2.052319071360845157e+02
7.104800000000305772e+03 2.044899825349930325e+02
7.105600000000305954e+03 2.040182027430650749e+02
7.106400000000306136e+03 2.049447116469789876e+02
7.107200000000306318e+03 2.064832741834941601e+02
7.108000000000306500e+03 2.082698941321544055e+02
7.108800000000306682e+03 2.080792303539778914e+02
7.109600000000306864e+03 2.046465579916231832e+02
7.110400000000307045e+03 2.034348672286842259e+02
7.111200000000307227e+03 2.068467706665703361e+02
7.112000000000307409e+03 2.106542794527350964e+02
7.112800000000307591e+03 2.115520060217166645e+02
7.113600000000307773e+03 2.089511462743367929e+02
7.114400000000307955e+03 2.050002055848603959e+02
7.115200000000308137e+03 2.039247113679252266e+02
7.116000000000308319e+03 2.064084566123127047e+02
7.116800000000308501e+03 2.079640467180180678e+02
7.117600000000308683e+03 2.080475347990009709e+02
7.118400000000308864e+03 2.101323752580346707e+02
7.119200000000309046e+03 2.122260372204096370e+02
7.120000000000309228e+03 2.112991339179245927e+02
7.120800000000309410e+03 2.116669083982649227e+02
7.121600000000309592e+03 2.127684450587534002e+02
7.122400000000309774e+03 2.125714474141831261e+02
7.123200000000309956e+03 2.118439057897169278e+02
7.124000000000310138e+03 2.120296696166265633e+02
7.124800000000310320e+03 2.136737436955943679e+02
7.125600000000310501e+03 2.140538061466489239e+02
7.126400000000310683e+03 2.116017544671961161e+02
7.127200000000310865e+03 2.093483670958266885e+02
7.128000000000311047e+03 2.109769939147310538e+02
7.128800000000311229e+03 2.141831552855088887e+02
7.129600000000311411e+03 2.143322841489620600e+02
7.130400000000311593e+03 2.151029315065024718e+02
7.131200000000311775e+03 2.186425724085497109e+02
7.132000000000311957e+03 2.247484468585148534e+02
7.132800000000312139e+03 2.283095701467229048e+02
7.133600000000312320e+03 2.263415605528335846e+02
7.134400000000312502e+03 2.223803553691386128e+02
7.135200000000312684e+03 2.179588059669483187e+02
7.136000000000312866e+03 2.136165667056052939e+02
7.136800000000313048e+03 2.111533463406317992e+02
7.137600000000313230e+03 2.104623455895429061e+02
7.138400000000313412e+03 2.097871926659387327e+02
7.139200000000313594e+03 2.092834418166521573e+02
7.140000000000313776e+03 2.096599916489467432e+02
7.140800000000313958e+03 2.074942552376201945e+02
7.141600000000314139e+03 2.058795532491250810e+02
7.142400000000314321e+03 2.073525937001665511e+02
7.143200000000314503e+03 2.065141169894494055e+02
7.144000000000314685e+03 2.030740409664147137e+02
7.144800000000314867e+03 2.003156653700303025e+02
7.145600000000315049e+03 1.975270150151556550e+02
7.146400000000315231e+03 1.952049821479905063e+02
7.147200000000315413e+03 1.951126743810787900e+02
7.148000000000315595e+03 1.968004840337038104e+02
7.148800000000315777e+03 1.977403171924152332e+02
7.149600000000315958e+03 1.997445560548732146e+02
7.150400000000316140e+03 2.029109040364209022e+02
7.151200000000316322e+03 2.034180022956182370e+02
7.152000000000316504e+03 2.002631110247220363e+02
7.152800000000316686e+03 1.983518202380723778e+02
7.153600000000316868e+03 1.980385946910581936e+02
7.154400000000317050e+03 1.962636854024315198e+02
7.155200000000317232e+03 1.959929667213482105e+02
7.156000000000317414e+03 1.983968727809997290e+02
7.156800000000317596e+03 1.987077220908962829e+02
7.157600000000317777e+03 1.976588368762097900e+02
7.158400000000317959e+03 1.973445678406977208e+02
7.159200000000318141e+03 1.984825274012767409e+02
7.160000000000318323e+03 2.007551555618324528e+02
7.160800000000318505e+03 2.020132755922237493e+02
7.161600000000318687e+03 2.013238370326165523e+02
7.162400000000318869e+03 1.998564726201778683e+02
7.163200000000319051e+03 1.998659717866944447e+02
7.164000000000319233e+03 1.996904930583694409e+02
7.164800000000319415e+03 2.011188874158202680e+02
7.165600000000319596e+03 2.021672069484563394e+02
7.166400000000319778e+03 2.010490621267105666e+02
7.167200000000319960e+03 2.012553996306653517e+02
7.168000000000320142e+03 2.044383531492700854e+02
7.168800000000320324e+03 2.047830284697016339e+02
7.169600000000320506e+03 2.024993751662228760e+02
7.170400000000320688e+03 2.010591249425375509e+02
7.171200000000320870e+03 1.983908791202592283e+02
7.172000000000321052e+03 1.955119361352888063e+02
7.172800000000321234e+03 1.935905586194577666e+02
7.173600000000321415e+03 1.944451554713855330e+02
7.174400000000321597e+03 1.976778940393474500e+02
7.175200000000321779e+03 1.971482634618724887e+02
7.176000000000321961e+03 1.927277291469408169e+02
7.176800000000322143e+03 1.882863744538439619e+02
7.177600000000322325e+03 1.865613263272574898e+02
7.178400000000322507e+03 1.880048871446776673e+02
7.179200000000322689e+03 1.893869589156526843e+02
7.180000000000322871e+03 1.886971821218664331e+02
7.180800000000323053e+03 1.889749506377031025e+02
7.181600000000323234e+03 1.905120057180011486e+02
7.182400000000323416e+03 1.900720943924503672e+02
7.183200000000323598e+03 1.897995085111665503e+02
7.184000000000323780e+03 1.913826292863568028e+02
7.184800000000323962e+03 1.911722922317759128e+02
7.185600000000324144e+03 1.876013231123865808e+02
7.186400000000324326e+03 1.853273328592368614e+02
7.187200000000324508e+03 1.876257214157140538e+02
7.188000000000324690e+03 1.899463226536901743e+02
7.188800000000324872e+03 1.905133476909524006e+02
7.189600000000325053e+03 1.907481962687531336e+02
7.190400000000325235e+03 1.909991991445748454e+02
7.191200000000325417e+03 1.906423263798198491e+02
7.192000000000325599e+03 1.893384058425089620e+02
7.192800000000325781e+03 1.895018557341468579e+02
7.193600000000325963e+03 1.911996612928366233e+02
7.194400000000326145e+03 1.920090091184503081e+02
7.195200000000326327e+03 1.917323482972823285e+02
7.196000000000326509e+03 1.914276801318725916e+02
7.196800000000326690e+03 1.904266452585286800e+02
7.197600000000326872e+03 1.884476224304924301e+02
7.198400000000327054e+03 1.868334445518881921e+02
7.199200000000327236e+03 1.860315267019840917e+02
7.200000000000327418e+03 1.872092578212178751e+02
7.200800000000327600e+03 1.893508097799997074e+02
7.201600000000327782e+03 1.908186394821434533e+02
7.202400000000327964e+03 1.916328064584137678e+02
7.203200000000328146e+03 1.919887747294405358e+02
7.204000000000328328e+03 1.930835591635094488e+02
7.204800000000328509e+03 1.935755806339062133e+02
7.205600000000328691e+03 1.907442266044971575e+02
7.206400000000328873e+03 1.873770312578287189e+02
7.207200000000329055e+03 1.868377087284332845e+02
7.208000000000329237e+03 1.884619878572973448e+02
7.208800000000329419e+03 1.888063919773367729e+02
7.209600000000329601e+03 1.862108066260986163e+02
7.210400000000329783e+03 1.845176604245639567e+02
7.211200000000329965e+03 1.756386206655778608e+02
7.212000000000330147e+03 1.318643985161705814e+02
7.212800000000330328e+03 6.742756354630637361e+01
7.213600000000330510e+03 6.765242885178263066e+01
7.214400000000330692e+03 1.317436917119672444e+02
7.215200000000330874e+03 1.745641201373318268e+02
7.216000000000331056e+03 1.828546367641287702e+02
7.216800000000331238e+03 1.818639267491068665e+02
7.217600000000331420e+03 1.825232067660886912e+02
7.218400000000331602e+03 1.843046501578966172e+02
7.219200000000331784e+03 1.835820539131819942e+02
7.220000000000331966e+03 1.826397232759301232e+02
7.220800000000332147e+03 1.820784639554252635e+02
7.221600000000332329e+03 1.817965712676052874e+02
7.222400000000332511e+03 1.836953689958321263e+02
7.223200000000332693e+03 1.867341519133607903e+02
7.224000000000332875e+03 1.899974617826637768e+02
7.224800000000333057e+03 1.929861115670979643e+02
7.225600000000333239e+03 1.937177553889898434e+02
7.226400000000333421e+03 1.913684934882717243e+02
7.227200000000333603e+03 1.869282938395633096e+02
7.228000000000333785e+03 1.846902800222745782e+02
7.228800000000333966e+03 1.845684336697232766e+02
7.229600000000334148e+03 1.867216717676551241e+02
7.230400000000334330e+03 1.903717887221522460e+02
7.231200000000334512e+03 1.912875734481582981e+02
7.232000000000334694e+03 1.891770621520952886e+02
7.232800000000334876e+03 1.873556389304228276e+02
7.233600000000335058e+03 1.879359591093574977e+02
7.234400000000335240e+03 1.885143318018386651e+02
7.235200000000335422e+03 1.873670456748715196e+02
7.236000000000335604e+03 1.872302019214598090e+02
7.236800000000335785e+03 1.874205790253764121e+02
7.237600000000335967e+03 1.846678077032137253e+02
7.238400000000336149e+03 1.824095352719172070e+02
7.239200000000336331e+03 1.838943692369152245e+02
7.240000000000336513e+03 1.849500441488160050e+02
7.240800000000336695e+03 1.842318073125489946e+02
7.241600000000336877e+03 1.851024417151483590e+02
7.242400000000337059e+03 1.877996131776354218e+02
7.243200000000337241e+03 1.895414140458512406e+02
7.244000000000337423e+03 1.887349254270482675e+02
7.244800000000337604e+03 1.883893422235503294e+02
7.245600000000337786e+03 1.899791488892348639e+02
7.246400000000337968e+03 1.898264039952778433e+02
7.247200000000338150e+03 1.865683877713324534e+02
7.248000000000338332e+03 1.855851866327162725e+02
7.248800000000338514e+03 1.873418206864100171e+02
7.249600000000338696e+03 1.879947050364307870e+02
7.250400000000338878e+03 1.878621490105134910e+02
7.251200000000339060e+03 1.898726228086489982e+02
7.252000000000339242e+03 1.931954964717132270e+02
7.252800000000339423e+03 1.926065555553607282e+02
7.253600000000339605e+03 1.892356089068298672e+02
7.254400000000339787e+03 1.864477260295876988e+02
7.255200000000339969e+03 1.846679834712982711e+02
7.256000000000340151e+03 1.857495488981142557e+02
7.256800000000340333e+03 1.886592588627074178e+02
7.257600000000340515e+03 1.922054148298367977e+02
7.258400000000340697e+03 1.950017293575616009e+02
7.259200000000340879e+03 1.955056710349580840e+02
7.260000000000341061e+03 1.947804069396651698e+02
7.260800000000341242e+03 1.933533814574960843e+02
7.261600000000341424e+03 1.912985060642723454e+02
7.262400000000341606e+03 1.898898692286897756e+02
7.263200000000341788e+03 1.902275577116763259e+02
7.264000000000341970e+03 1.912122823439020181e+02
7.264800000000342152e+03 1.911921729463595341e+02
7.265600000000342334e+03 1.892047141685999350e+02
7.266400000000342516e+03 1.857897610236428250e+02
7.267200000000342698e+03 1.838905313343143746e+02
7.268000000000342880e+03 1.870471829617798107e+02
7.268800000000343061e+03 1.920925966775305085e+02
7.269600000000343243e+03 1.947651207070674673e+02
7.270400000000343425e+03 1.942063594675455533e+02
7.271200000000343607e+03 1.935268920216849438e+02
7.272000000000343789e+03 1.912632180296125171e+02
7.272800000000343971e+03 1.880583851244825269e+02
7.273600000000344153e+03 1.874886336148039163e+02
7.274400000000344335e+03 1.879994550181027080e+02
7.275200000000344517e+03 1.873176085521996299e+02
7.276000000000344698e+03 1.866336045375501556e+02
7.276800000000344880e+03 1.866095758147569086e+02
7.277600000000345062e+03 1.850372681546957097e+02
7.278400000000345244e+03 1.845912739566453524e+02
7.279200000000345426e+03 1.846474784459524301e+02
7.280000000000345608e+03 1.841152083619771815e+02
7.280800000000345790e+03 1.851401906278046283e+02
7.281600000000345972e+03 1.882214827452336010e+02
7.282400000000346154e+03 1.900661874453312237e+02
7.283200000000346336e+03 1.879664105899113338e+02
7.284000000000346517e+03 1.863208207590641905e+02
7.284800000000346699e+03 1.863564039135832502e+02
7.285600000000346881e+03 1.861534509180216332e+02
7.286400000000347063e+03 1.880442940062694959e+02
7.287200000000347245e+03 1.921881087447307550e+02
7.288000000000347427e+03 1.956481997004071332e+02
7.288800000000347609e+03 2.011905713429816558e+02
7.289600000000347791e+03 2.148371568389254662e+02
7.290400000000347973e+03 2.350580821287766753e+02
7.291200000000348155e+03 2.389968015426132411e+02
7.292000000000348336e+03 1.830412144142493105e+02
7.292800000000348518e+03 8.012977273005201084e+01
7.293600000000348700e+03 2.668898143418446978e+01
7.294400000000348882e+03 5.895562734075102185e+01
7.295200000000349064e+03 1.349064265744706290e+02
7.296000000000349246e+03 1.807428549886913345e+02
7.296800000000349428e+03 1.869094647801919109e+02
7.297600000000349610e+03 1.833559841880624219e+02
7.298400000000349792e+03 1.836777322146992333e+02
7.299200000000349974e+03 1.873703817886095067e+02
7.300000000000350155e+03 1.913607024734764650e+02
7.300800000000350337e+03 1.950433567844332856e+02
7.301600000000350519e+03 1.947137639177011295e+02
7.302400000000350701e+03 1.928833563116424443e+02
7.303200000000350883e+03 1.925440365481096592e+02
7.304000000000351065e+03 1.903074258567887682e+02
7.304800000000351247e+03 1.876935226330537887e+02
7.305600000000351429e+03 1.896455177945125286e+02
7.306400000000351611e+03 1.940741704372932759e+02
7.307200000000351793e+03 1.946295499130972644e+02
7.308000000000351974e+03 1.915305394676037167e+02
7.308800000000352156e+03 1.896244196448780315e+02
7.309600000000352338e+03 1.910718959418386476e+02
7.310400000000352520e+03 1.938210138627725314e+02
7.311200000000352702e+03 1.958150212736116487e+02
7.312000000000352884e+03 1.962422293565310270e+02
7.312800000000353066e+03 1.963953934023605825e+02
7.313600000000353248e+03 1.964156647506990794e+02
7.314400000000353430e+03 1.955730535120543720e+02
7.315200000000353612e+03 1.961113553489880132e+02
7.316000000000353793e+03 1.970317877288844670e+02
7.316800000000353975e+03 1.957681219715939847e+02
7.317600000000354157e+03 1.940416771375946610e+02
7.318400000000354339e+03 1.927414278036051769e+02
7.319200000000354521e+03 1.929632250189822003e+02
7.320000000000354703e+03 1.980650515094727666e+02
7.320800000000354885e+03 2.018081331626207202e+02
7.321600000000355067e+03 2.006345837348720806e+02
7.322400000000355249e+03 1.995343366829597471e+02
7.323200000000355431e+03 2.012834818353410924e+02
7.324000000000355612e+03 2.022681500600906190e+02
7.324800000000355794e+03 2.025385248457533862e+02
7.325600000000355976e+03 2.018860110172340399e+02
7.326400000000356158e+03 1.990715784761668488e+02
7.327200000000356340e+03 1.958732034269169446e+02
7.328000000000356522e+03 1.946858044519610189e+02
7.328800000000356704e+03 1.951961877006670534e+02
7.329600000000356886e+03 1.963785317918630824e+02
7.330400000000357068e+03 1.968850070819902669e+02
7.331200000000357250e+03 1.954021565712868664e+02
7.332000000000357431e+03 1.965461037306423577e+02
7.332800000000357613e+03 2.006947648818507446e+02
7.333600000000357795e+03 2.027519576870733999e+02
7.334400000000357977e+03 2.027021867494714229e+02
7.335200000000358159e+03 2.013269039768534867e+02
7.336000000000358341e+03 2.000257770719183270e+02
7.336800000000358523e+03 2.010371599723418683e+02
7.337600000000358705e+03 2.038317391773909435e+02
7.338400000000358887e+03 2.051039935325009083e+02
7.339200000000359069e+03 2.042598571508265763e+02
7.340000000000359250e+03 2.039703983825307319e+02
7.340800000000359432e+03 2.046856527079650050e+02
7.341600000000359614e+03 2.048604639112411974e+02
7.342400000000359796e+03 2.051649410340463646e+02
7.343200000000359978e+03 2.039189417733934135e+02
7.344000000000360160e+03 2.012787143140088801e+02
7.344800000000360342e+03 2.006324104630597844e+02
7.345600000000360524e+03 2.006236072841002738e+02
7.346400000000360706e+03 2.012821967617468886e+02
7.347200000000360887e+03 2.034130110856630438e+02
7.348000000000361069e+03 2.033157255482020958e+02
7.348800000000361251e+03 2.017447829005227504e+02
7.349600000000361433e+03 2.026123205134541649e+02
7.350400000000361615e+03 2.040785795284927815e+02
7.351200000000361797e+03 2.052566132465535134e+02
7.352000000000361979e+03 2.055660622800917281e+02
7.352800000000362161e+03 2.027464724382102759e+02
7.353600000000362343e+03 1.988132600541936768e+02
7.354400000000362525e+03 1.968401636543295297e+02
7.355200000000362706e+03 1.991477871701594040e+02
7.356000000000362888e+03 2.037038601393321926e+02
7.356800000000363070e+03 2.044024018697954830e+02
7.357600000000363252e+03 2.026785087308918492e+02
7.358400000000363434e+03 2.014572780738373865e+02
7.359200000000363616e+03 1.991884228467818616e+02
7.360000000000363798e+03 1.989070886593935370e+02
7.360800000000363980e+03 2.008342303159734570e+02
7.361600000000364162e+03 1.993849989146398798e+02
7.362400000000364344e+03 1.962768944757949043e+02
7.363200000000364525e+03 1.963754931154579708e+02
7.364000000000364707e+03 1.981528126246806778e+02
7.364800000000364889e+03 1.996749087506642013e+02
7.365600000000365071e+03 2.022470075621944261e+02
7.366400000000365253e+03 2.048377023502005159e+02
7.367200000000365435e+03 2.046310318022228216e+02
7.368000000000365617e+03 2.020490395170029103e+02
7.368800000000365799e+03 2.010600527335395213e+02
7.369600000000365981e+03 2.012334498100977669e+02
7.370400000000366163e+03 2.008807163728541241e+02
7.371200000000366344e+03 2.017289107883789256e+02
7.372000000000366526e+03 2.011682859087628970e+02
7.372800000000366708e+03 1.983640576193431855e+02
7.373600000000366890e+03 1.965607998174170348e+02
7.374400000000367072e+03 1.979520275261863560e+02
7.375200000000367254e+03 1.994673042848664863e+02
7.376000000000367436e+03 1.994083914904909989e+02
7.376800000000367618e+03 1.977970819456436402e+02
7.377600000000367800e+03 1.946442122502115524e+02
7.378400000000367982e+03 1.950088731995865032e+02
7.379200000000368163e+03 1.979515521575297896e+02
7.380000000000368345e+03 1.990065473170170378e+02
7.380800000000368527e+03 1.971292634528517738e+02
7.381600000000368709e+03 1.951655276697509294e+02
7.382400000000368891e+03 1.972245408642390885e+02
7.383200000000369073e+03 1.997862310504365837e+02
7.384000000000369255e+03 2.001576539002858226e+02
7.384800000000369437e+03 2.011291746989732587e+02
7.385600000000369619e+03 2.016031221528553772e+02
7.386400000000369801e+03 2.012262816054141581e+02
7.387200000000369982e+03 2.013693563434829628e+02
7.388000000000370164e+03 2.015025840927472132e+02
7.388800000000370346e+03 2.009351488385063647e+02
7.389600000000370528e+03 2.002673595083061002e+02
7.390400000000370710e+03 2.020196178897092807e+02
7.391200000000370892e+03 2.035627614698601064e+02
7.392000000000371074e+03 2.043876793532189993e+02
7.392800000000371256e+03 2.053291984461590971e+02
7.393600000000371438e+03 2.060630591252240151e+02
7.394400000000371620e+03 2.065452033242074776e+02
7.395200000000371801e+03 2.044885813678583304e+02
7.396000000000371983e+03 2.003167737249047207e+02
7.396800000000372165e+03 1.967700370390775504e+02
7.397600000000372347e+03 1.968603821852084934e+02
7.398400000000372529e+03 2.007483307370421244e+02
7.399200000000372711e+03 2.027054820320894919e+02
7.400000000000372893e+03 2.024725576600488068e+02
7.400800000000373075e+03 2.027201520035872306e+02
7.401600000000373257e+03 2.021866436959109024e+02
7.402400000000373439e+03 2.034910270253903377e+02
7.403200000000373620e+03 2.064121612195403372e+02
7.404000000000373802e+03 2.070533502679814433e+02
7.404800000000373984e+03 2.074428883310727088e+02
7.405600000000374166e+03 2.068232938023753036e+02
7.406400000000374348e+03 2.046077847504481895e+02
7.407200000000374530e+03 2.037149138004828615e+02
7.408000000000374712e+03 2.038415480433089897e+02
7.408800000000374894e+03 2.050506183579008734e+02
7.409600000000375076e+03 2.070596342281166926e+02
7.410400000000375258e+03 2.087361818834151848e+02
7.411200000000375439e+03 2.107976915312844994e+02
7.412000000000375621e+03 2.129808117588720506e+02
7.412800000000375803e+03 2.138979588753174994e+02
7.413600000000375985e+03 2.123292293223453839e+02
7.414400000000376167e+03 2.093888538060380711e+02
7.415200000000376349e+03 2.086448051555954066e+02
7.416000000000376531e+03 2.084850192034014071e+02
7.416800000000376713e+03 2.068574576930760429e+02
7.417600000000376895e+03 2.046081491352544504e+02
7.418400000000377077e+03 2.021208292521155556e+02
7.419200000000377258e+03 2.019249727072142377e+02
7.420000000000377440e+03 2.032233696811280197e+02
7.420800000000377622e+03 2.022071598658322387e+02
7.421600000000377804e+03 2.021657498835270985e+02
7.422400000000377986e+03 2.040612683264825478e+02
7.423200000000378168e+03 2.063771279570335366e+02
7.424000000000378350e+03 2.078895843368589453e+02
7.424800000000378532e+03 2.089458353148854712e+02
7.425600000000378714e+03 2.092972081834033986e+02
7.426400000000378895e+03 2.112141108826343725e+02
7.427200000000379077e+03 2.127272167412358783e+02
7.428000000000379259e+03 2.127917252523210152e+02
7.428800000000379441e+03 2.121924565852243632e+02
7.429600000000379623e+03 2.122691103419808201e+02
7.430400000000379805e+03 2.144310689438758573e+02
7.431200000000379987e+03 2.162928447963371923e+02
7.432000000000380169e+03 2.159897577599278407e+02
7.432800000000380351e+03 2.131199225460400157e+02
7.433600000000380533e+03 2.094382904421927947e+02
7.434400000000380714e+03 2.072073343823329878e+02
7.435200000000380896e+03 2.087426446123698724e+02
7.436000000000381078e+03 2.114899500592545962e+02
7.436800000000381260e+03 2.121618813166259372e+02
7.437600000000381442e+03 2.110892337523987976e+02
7.438400000000381624e+03 2.103818899928600104e+02
7.439200000000381806e+03 2.112385533588344515e+02
7.440000000000381988e+03 2.112582672468041665e+02
7.440800000000382170e+03 2.080365550434844124e+02
7.441600000000382352e+03 2.046491741082253952e+02
7.442400000000382533e+03 2.036928226240666504e+02
7.443200000000382715e+03 2.053550552063451846e+02
7.444000000000382897e+03 2.089471277190530714e+02
7.444800000000383079e+03 2.127898073023179677e+02
7.445600000000383261e+03 2.152439508716658452e+02
7.446400000000383443e+03 2.111076967003949676e+02
7.447200000000383625e+03 2.031445353127353997e+02
7.448000000000383807e+03 1.996740840586301431e+02
7.448800000000383989e+03 2.006342011444875197e+02
7.449600000000384171e+03 2.034849282659676533e+02
7.450400000000384352e+03 2.070831039718914894e+02
7.451200000000384534e+03 2.085496719892483952e+02
7.452000000000384716e+03 2.088945775510950114e+02
7.452800000000384898e+03 2.111221580197309891e+02
7.453600000000385080e+03 2.102480806055575044e+02
7.454400000000385262e+03 2.068660297045089180e+02
7.455200000000385444e+03 2.054441312441278455e+02
7.456000000000385626e+03 2.063491554918286681e+02
7.456800000000385808e+03 2.061702509053932602e+02
7.457600000000385990e+03 2.039444923015365134e+02
7.458400000000386171e+03 2.046543677193387225e+02
7.459200000000386353e+03 2.084147106242972995e+02
7.460000000000386535e+03 2.091575491968812059e+02
7.460800000000386717e+03 2.087437013424585359e+02
7.461600000000386899e+03 2.126324420244173723e+02
7.462400000000387081e+03 2.169947803585745305e+02
7.463200000000387263e+03 2.195048636075626973e+02
7.464000000000387445e+03 2.220239561540354316e+02
7.464800000000387627e+03 2.204757696302475836e+02
7.465600000000387809e+03 2.157619731940595500e+02
7.466400000000387990e+03 2.130571366100345188e+02
7.467200000000388172e+03 2.127200496241662790e+02
7.468000000000388354e+03 2.145644106523023140e+02
7.468800000000388536e+03 2.166418350166147775e+02
7.469600000000388718e+03 2.167148628299673305e+02
7.470400000000388900e+03 2.165337120712461001e+02
7.471200000000389082e+03 2.189342971507368247e+02
7.472000000000389264e+03 2.223516987945191374e+02
7.472800000000389446e+03 2.240969222261948062e+02
7.473600000000389628e+03 2.223628532739052730e+02
7.474400000000389809e+03 2.180951880549071120e+02
7.475200000000389991e+03 2.158901815166382221e+02
7.476000000000390173e+03 2.142991564437312206e+02
7.476800000000390355e+03 2.116731555417586605e+02
7.477600000000390537e+03 2.104200971359408641e+02
7.478400000000390719e+03 2.107518427653764661e+02
7.479200000000390901e+03 2.111319791121720186e+02
7.480000000000391083e+03 2.090433482148043822e+02
7.480800000000391265e+03 2.060557221201671894e+02
7.481600000000391447e+03 2.063530176688061601e+02
7.482400000000391628e+03 2.080808227294778590e+02
7.483200000000391810e+03 2.084906681793499104e+02
7.484000000000391992e+03 2.083425883487234955e+02
7.484800000000392174e+03 2.083415075369859437e+02
7.485600000000392356e+03 2.071660152473148173e+02
7.486400000000392538e+03 2.068395866174911930e+02
7.487200000000392720e+03 2.099717725182821368e+02
7.488000000000392902e+03 2.144041008092970912e+02
7.488800000000393084e+03 2.181972400730488744e+02
7.489600000000393266e+03 2.189286072337797577e+02
7.490400000000393447e+03 2.200490442088612610e+02
7.491200000000393629e+03 2.221116585007539470e+02
7.492000000000393811e+03 2.204088116945618481e+02
7.492800000000393993e+03 2.165273453966361785e+02
7.493600000000394175e+03 2.157301792297899397e+02
7.494400000000394357e+03 2.162499288570336375e+02
7.495200000000394539e+03 2.184525516960516143e+02
7.496000000000394721e+03 2.236028078997943851e+02
7.496800000000394903e+03 2.239668451691374571e+02
7.497600000000395084e+03 2.190195090841405374e+02
7.498400000000395266e+03 2.158889354876101265e+02
7.499200000000395448e+03 2.159475190335513162e+02
7.500000000000395630e+03 2.157811728227067647e+02
7.500800000000395812e+03 2.154413222573454334e+02
7.501600000000395994e+03 2.152855013650427622e+02
7.502400000000396176e+03 2.126446529823267042e+02
7.503200000000396358e+03 2.101485759342642723e+02
7.504000000000396540e+03 2.091620469094141868e+02
7.504800000000396722e+03 2.094860716073755498e+02
7.505600000000396903e+03 2.108311748471884925e+02
7.506400000000397085e+03 2.120594382185014979e+02
7.507200000000397267e+03 2.129601633427652700e+02
7.508000000000397449e+03 2.129765596499082676e+02
7.508800000000397631e+03 2.112267120886713201e+02
7.509600000000397813e+03 2.075995285751558583e+02
7.510400000000397995e+03 2.056421519100482556e+02
7.511200000000398177e+03 2.075179005739811373e+02
7.512000000000398359e+03 2.099422620722764350e+02
7.512800000000398541e+03 2.106380988614686203e+02
7.513600000000398722e+03 2.107291320103138332e+02
7.514400000000398904e+03 2.112816200905365349e+02
7.515200000000399086e+03 2.118979591686437516e+02
7.516000000000399268e+03 2.126159794325317591e+02
7.516800000000399450e+03 2.132370606018911303e+02
7.517600000000399632e+03 2.136073503801116544e+02
7.518400000000399814e+03 2.152037466443896960e+02
7.519200000000399996e+03 2.156268294117416531e+02
7.520000000000400178e+03 2.140349611329949084e+02
7.520800000000400360e+03 2.160928029461081792e+02
7.521600000000400541e+03 2.198841070899028409e+02
7.522400000000400723e+03 2.190387380960839891e+02
7.523200000000400905e+03 2.161802826087368317e+02
7.524000000000401087e+03 2.148308406823219059e+02
7.524800000000401269e+03 2.156940922965834488e+02
7.525600000000401451e+03 2.173234598422538966e+02
7.526400000000401633e+03 2.197316801009392293e+02
7.527200000000401815e+03 2.235024951227556187e+02
7.528000000000401997e+03 2.241294143555096525e+02
7.528800000000402179e+03 2.207498842870621161e+02
7.529600000000402360e+03 2.175228268112049363e+02
7.530400000000402542e+03 2.157667145176276335e+02
7.531200000000402724e+03 2.145123444231916778e+02
7.532000000000402906e+03 2.152155073612102001e+02
7.532800000000403088e+03 2.160816645063198109e+02
7.533600000000403270e+03 2.172889494307829068e+02
7.534400000000403452e+03 2.181581730694218209e+02
7.535200000000403634e+03 2.156043656282479049e+02
7.536000000000403816e+03 2.138280442698454635e+02
7.536800000000403998e+03 2.146606042850605718e+02
7.537600000000404179e+03 2.137702932897235542e+02
7.538400000000404361e+03 2.130777434919817779e+02
7.539200000000404543e+03 2.163286929673644181e+02
7.540000000000404725e+03 2.192609298839274174e+02
7.540800000000404907e+03 2.201593120408301161e+02
7.541600000000405089e+03 2.219514165097720024e+02
7.542400000000405271e+03 2.217977937958361849e+02
7.543200000000405453e+03 2.201179401243621214e+02
7.544000000000405635e+03 2.203342191003256403e+02
7.544800000000405817e+03 2.205549686024852463e+02
7.545600000000405998e+03 2.196418352892565053e+02
7.546400000000406180e+03 2.207970296876104044e+02
7.547200000000406362e+03 2.247328522327341034e+02
7.548000000000406544e+03 2.256383959599004072e+02
7.548800000000406726e+03 2.231797467638189971e+02
7.549600000000406908e+03 2.189698356703709692e+02
7.550400000000407090e+03 2.152220694160768062e+02
7.551200000000407272e+03 2.166757861729447825e+02
7.552000000000407454e+03 2.172448911566817173e+02
7.552800000000407636e+03 2.136663272824199566e+02
7.553600000000407817e+03 2.126302643788825435e+02
7.554400000000407999e+03 2.142767060863572510e+02
7.555200000000408181e+03 2.141546741798429707e+02
7.556000000000408363e+03 2.134554742768821427e+02
7.556800000000408545e+03 2.141666131963010571e+02
7.557600000000408727e+03 2.169321811844811805e+02
7.558400000000408909e+03 2.205811974780869775e+02
7.559200000000409091e+03 2.215693483386103821e+02
7.560000000000409273e+03 2.200430900106252068e+02
7.560800000000409455e+03 2.176060477198412002e+02
7.561600000000409636e+03 2.165362533661772204e+02
7.562400000000409818e+03 2.163027329046912826e+02
7.563200000000410000e+03 2.161885342488765502e+02
7.564000000000410182e+03 2.157231761889623840e+02
7.564800000000410364e+03 2.147611030890694792e+02
7.565600000000410546e+03 2.145734468619879749e+02
7.566400000000410728e+03 2.171610375077941057e+02
7.567200000000410910e+03 2.192525168301489202e+02
7.568000000000411092e+03 2.171253547331290292e+02
7.568800000000411274e+03 2.141311030584340358e+02
7.569600000000411455e+03 2.127748415429336717e+02
7.570400000000411637e+03 2.129142292831224381e+02
7.571200000000411819e+03 2.147779334257406845e+02
7.572000000000412001e+03 2.179467998714733596e+02
7.572800000000412183e+03 2.201579686240083902e+02
7.573600000000412365e+03 2.214107413765821661e+02
7.574400000000412547e+03 2.232817635976063286e+02
7.575200000000412729e+03 2.240605350691661499e+02
7.576000000000412911e+03 2.228026711830155477e+02
7.576800000000413092e+03 2.200890683307569020e+02
7.577600000000413274e+03 2.181604187434836035e+02
7.578400000000413456e+03 2.173581103714037113e+02
7.579200000000413638e+03 2.163351732475104257e+02
7.580000000000413820e+03 2.160204197016211936e+02
7.580800000000414002e+03 2.171079630310712218e+02
7.581600000000414184e+03 2.200999593640025012e+02
7.582400000000414366e+03 2.217762925953987576e+02
7.583200000000414548e+03 2.219640078202285167e+02
7.584000000000414730e+03 2.223559582008896882e+02
7.584800000000414911e+03 2.220653894557663079e+02
7.585600000000415093e+03 2.200959481262143527e+02
7.586400000000415275e+03 2.189326805157278955e+02
7.587200000000415457e+03 2.198381865821891097e+02
7.588000000000415639e+03 2.192017023498443109e+02
7.588800000000415821e+03 2.176742643220372315e+02
7.589600000000416003e+03 2.175356772110226871e+02
7.590400000000416185e+03 2.177633736302802276e+02
7.591200000000416367e+03 2.145453201288942182e+02
7.592000000000416549e+03 2.112713954778297420e+02
7.592800000000416730e+03 2.108050442199841541e+02
7.593600000000416912e+03 2.120986138143151720e+02
7.594400000000417094e+03 2.145676024065108436e+02
7.595200000000417276e+03 2.173111756642741739e+02
7.596000000000417458e+03 2.234022063068014177e+02
7.596800000000417640e+03 2.309579686753165504e+02
7.597600000000417822e+03 2.319155174259466321e+02
7.598400000000418004e+03 2.292718676201863559e+02
7.599200000000418186e+03 2.274535981220898577e+02
7.600000000000418368e+03 2.273845121726053549e+02
7.600800000000418549e+03 2.305139539002651645e+02
7.601600000000418731e+03 2.356468164397804230e+02
7.602400000000418913e+03 2.345760924575403408e+02
7.603200000000419095e+03 2.293310186386837586e+02
7.604000000000419277e+03 2.266736709094068374e+02
7.604800000000419459e+03 2.243884294224532141e+02
7.605600000000419641e+03 2.208731041285758181e+02
7.606400000000419823e+03 2.234968904817378927e+02
7.607200000000420005e+03 2.296456783078183435e+02
7.608000000000420187e+03 2.288076948626630838e+02
7.608800000000420368e+03 2.307760902136519405e+02
7.609600000000420550e+03 2.379616822168032400e+02
7.610400000000420732e+03 2.379801581465187326e+02
7.611200000000420914e+03 2.326660541011475800e+02
7.612000000000421096e+03 2.283909241763558668e+02
7.612800000000421278e+03 2.246210511388049724e+02
7.613600000000421460e+03 2.208296101328799921e+02
7.614400000000421642e+03 2.201336685262783135e+02
7.615200000000421824e+03 2.219232342936186910e+02
7.616000000000422006e+03 2.200666927812288804e+02
7.616800000000422187e+03 2.165486132424630910e+02
7.617600000000422369e+03 2.156191415688302868e+02
7.618400000000422551e+03 2.175930654127894570e+02
7.619200000000422733e+03 2.218593889860351851e+02
7.620000000000422915e+03 2.243798769453463251e+02
7.620800000000022919e+03 2.253585829196324255e+02
7.621600000000023101e+03 2.255233776769505880e+02
7.622400000000023283e+03 2.230951182006241140e+02
7.623200000000023465e+03 2.184956789199643765e+02
7.624000000000023647e+03 2.149366612559851433e+02
7.624800000000023829e+03 2.167752342080336803e+02
7.625600000000024011e+03 2.207871936975385552e+02
7.626400000000024193e+03 2.145480152957056816e+02
7.627200000000024374e+03 1.743005975262306322e+02
7.628000000000024556e+03 1.389874186521362276e+02
7.628800000000024738e+03 1.725638127892825651e+02
7.629600000000024920e+03 2.124526326852592035e+02
7.630400000000025102e+03 2.158182023698166745e+02
7.631200000000025284e+03 1.742261232311205958e+02
7.632000000000025466e+03 1.379841028780293755e+02
7.632800000000025648e+03 1.779685346998279840e+02
7.633600000000025830e+03 2.240484964164502060e+02
7.634400000000026012e+03 2.215621175380372279e+02
7.635200000000026193e+03 1.757766096108470606e+02
7.636000000000026375e+03 1.384191392351605998e+02
7.636800000000026557e+03 1.738110971660046289e+02
7.637600000000026739e+03 2.177788541348307092e+02
7.638400000000026921e+03 2.202967636659384425e+02
7.639200000000027103e+03 1.653462996527821076e+02
7.640000000000027285e+03 8.332814707500494933e+01
7.640800000000027467e+03 8.246280298472770198e+01
7.641600000000027649e+03 1.617670362418856769e+02
7.642400000000027831e+03 2.176348649897580572e+02
7.643200000000028012e+03 2.299648270648019093e+02
7.644000000000028194e+03 2.265805553234892784e+02
7.644800000000028376e+03 2.235110288580623035e+02
7.645600000000028558e+03 2.236878837838102640e+02
7.646400000000028740e+03 2.277036526169385411e+02
7.647200000000028922e+03 2.337033764284433914e+02
7.648000000000029104e+03 2.315085747419090012e+02
7.648800000000029286e+03 2.253025252301172543e+02
7.649600000000029468e+03 2.240845406755757381e+02
7.650400000000029650e+03 2.230628078582365390e+02
7.651200000000029831e+03 2.202045285867093014e+02
7.652000000000030013e+03 2.224718304545658327e+02
7.652800000000030195e+03 2.254351954936602169e+02
7.653600000000030377e+03 2.244997179070477671e+02
7.654400000000030559e+03 2.224725365791693434e+02
7.655200000000030741e+03 2.239365022530616045e+02
7.656000000000030923e+03 2.268012733940020098e+02
7.656800000000031105e+03 2.248629153005715011e+02
7.657600000000031287e+03 2.242242731049925055e+02
7.658400000000031469e+03 2.255483288590615132e+02
7.659200000000031650e+03 2.254249640493495974e+02
7.660000000000031832e+03 2.256298059052015788e+02
7.660800000000032014e+03 2.258781610582375947e+02
7.661600000000032196e+03 2.241046398588785280e+02
7.662400000000032378e+03 2.210990474711122715e+02
7.663200000000032560e+03 2.219310983230770091e+02
7.664000000000032742e+03 2.257727725783192625e+02
7.664800000000032924e+03 2.290195133438377866e+02
7.665600000000033106e+03 2.308628017193347830e+02
7.666400000000033288e+03 2.289709244744178136e+02
7.667200000000033469e+03 2.264344589009446622e+02
7.668000000000033651e+03 2.246249523655356199e+02
7.668800000000033833e+03 2.245535019861483192e+02
7.669600000000034015e+03 2.290271501288735294e+02
7.670400000000034197e+03 2.296606923774138522e+02
7.671200000000034379e+03 2.279805726368271053e+02
7.672000000000034561e+03 2.284463043245749532e+02
7.672800000000034743e+03 2.259024270994996186e+02
7.673600000000034925e+03 2.209259773187954750e+02
7.674400000000035106e+03 2.201135970191229490e+02
7.675200000000035288e+03 2.254157285670422368e+02
7.676000000000035470e+03 2.279240957585334399e+02
7.676800000000035652e+03 2.228866698585561039e+02
7.677600000000035834e+03 2.196167340415394733e+02
7.678400000000036016e+03 2.213906382685869403e+02
7.679200000000036198e+03 2.239433739854796954e+02
7.680000000000036380e+03 2.232394831600436760e+02
7.680800000000036562e+03 2.195370548672254358e+02
7.681600000000036744e+03 2.159649159096466065e+02
7.682400000000036925e+03 2.134444682511891642e+02
7.683200000000037107e+03 2.123311356757648127e+02
7.684000000000037289e+03 2.136290084867737278e+02
7.684800000000037471e+03 2.145212901149425875e+02
7.685600000000037653e+03 2.131668607126052848e+02
7.686400000000037835e+03 2.126833000363155861e+02
7.687200000000038017e+03 2.156461059126808664e+02
7.688000000000038199e+03 2.169010391988475988e+02
7.688800000000038381e+03 2.144745818362550551e+02
7.689600000000038563e+03 2.118777239976003841e+02
7.690400000000038744e+03 2.103823381127287462e+02
7.691200000000038926e+03 2.106484082136359177e+02
7.692000000000039108e+03 2.122960125755354284e+02
7.692800000000039290e+03 2.132745511046563820e+02
7.693600000000039472e+03 2.143119917093927427e+02
7.694400000000039654e+03 2.150590537233765076e+02
7.695200000000039836e+03 2.150673581953799385e+02
7.696000000000040018e+03 2.133979727075888491e+02
7.696800000000040200e+03 2.118535446448429411e+02
7.697600000000040382e+03 2.106201922984572548e+02
7.698400000000040563e+03 2.100363592978032727e+02
7.699200000000040745e+03 2.104131360778425233e+02
7.700000000000040927e+03 2.124474985644940261e+02
7.700800000000041109e+03 2.145189583969159344e+02
7.701600000000041291e+03 2.110617351814565268e+02
7.702400000000041473e+03 2.103091437747066266e+02
7.703200000000041655e+03 2.146098025321494447e+02
7.704000000000041837e+03 2.156432774671936272e+02
7.704800000000042019e+03 2.132963927888469016e+02
7.705600000000042201e+03 2.114045118713848410e+02
7.706400000000042382e+03 2.106232106876619810e+02
7.707200000000042564e+03 2.099861094690818391e+02
7.708000000000042746e+03 2.088036796509167061e+02
7.708800000000042928e+03 2.079513156391315647e+02
7.709600000000043110e+03 2.064932269834242220e+02
7.710400000000043292e+03 2.046067821567671388e+02
7.711200000000043474e+03 2.054568984385775821e+02
7.712000000000043656e+03 2.069076650421779391e+02
7.712800000000043838e+03 2.068525708027250118e+02
7.713600000000044020e+03 2.078488575415503874e+02
7.714400000000044201e+03 2.098977078296823038e+02
7.715200000000044383e+03 2.119758727044460045e+02
7.716000000000044565e+03 2.121917591841857416e+02
7.716800000000044747e+03 2.096067861446192069e+02
7.717600000000044929e+03 2.088489233624279109e+02
7.718400000000045111e+03 2.121108681872959210e+02
7.719200000000045293e+03 2.140149733524539784e+02
7.720000000000045475e+03 2.137097501642778070e+02
7.720800000000045657e+03 2.140536924066806250e+02
7.721600000000045839e+03 2.150737272888098914e+02
7.722400000000046020e+03 2.158379401843311598e+02
7.723200000000046202e+03 2.138335186170319275e+02
7.724000000000046384e+03 2.101799839429506846e+02
7.724800000000046566e+03 2.095578850896243353e+02
7.725600000000046748e+03 2.122084691102421345e+02
7.726400000000046930e+03 2.150795392767049066e+02
7.727200000000047112e+03 2.155818597386098361e+02
7.728000000000047294e+03 2.138615984762597009e+02
7.728800000000047476e+03 2.131789137549073985e+02
7.729600000000047658e+03 2.141071274935146675e+02
7.730400000000047839e+03 2.144426818603051288e+02
7.731200000000048021e+03 2.128516426431413606e+02
7.732000000000048203e+03 2.121833545445424534e+02
7.732800000000048385e+03 2.139193371973992157e+02
7.733600000000048567e+03 2.144783772326029521e+02
7.734400000000048749e+03 2.140956268564491722e+02
7.735200000000048931e+03 2.145143944583368238e+02
7.736000000000049113e+03 2.167856647737729077e+02
7.736800000000049295e+03 2.185469231083351929e+02
7.737600000000049477e+03 2.163201236885414005e+02
7.738400000000049658e+03 2.134990119217335973e+02
7.739200000000049840e+03 2.128590345266938186e+02
7.740000000000050022e+03 2.108338674516087963e+02
7.740800000000050204e+03 2.095914391028327941e+02
7.741600000000050386e+03 2.111715987715954270e+02
7.742400000000050568e+03 2.127769495726519722e+02
7.743200000000050750e+03 2.154271519997766404e+02
7.744000000000050932e+03 2.169153168607853956e+02
7.744800000000051114e+03 2.137201268575516337e+02
7.745600000000051296e+03 2.101832289862423409e+02
7.746400000000051477e+03 2.078586092438824267e+02
7.747200000000051659e+03 2.056861172509118205e+02
7.748000000000051841e+03 2.052522328037033787e+02
7.748800000000052023e+03 2.048776690276141039e+02
7.749600000000052205e+03 2.045197960645337503e+02
7.750400000000052387e+03 2.042762955857751308e+02
7.751200000000052569e+03 2.034350186876738178e+02
7.752000000000052751e+03 2.047150493676143128e+02
7.752800000000052933e+03 2.074155953466810161e+02
7.753600000000053114e+03 2.061742193315375289e+02
7.754400000000053296e+03 2.007153556761335835e+02
7.755200000000053478e+03 1.967128658443721463e+02
7.756000000000053660e+03 1.956420985937927526e+02
7.756800000000053842e+03 1.945685310636886243e+02
7.757600000000054024e+03 1.927710476635904797e+02
7.758400000000054206e+03 1.917735102623054786e+02
7.759200000000054388e+03 1.927175036532179888e+02
7.760000000000054570e+03 1.941867838779398312e+02
7.760800000000054752e+03 1.936581181758854484e+02
7.761600000000054933e+03 1.944418882110762183e+02
7.762400000000055115e+03 1.972180630610441767e+02
7.763200000000055297e+03 1.976638701366273949e+02
7.764000000000055479e+03 1.971741647950086929e+02
7.764800000000055661e+03 1.983747078833884245e+02
7.765600000000055843e+03 1.987069299174120260e+02
7.766400000000056025e+03 1.989525308450664625e+02
7.767200000000056207e+03 2.004574075531195945e+02
7.768000000000056389e+03 2.002008280973755916e+02
7.768800000000056571e+03 1.997369848706305220e+02
7.769600000000056752e+03 2.023126267925067054e+02
7.770400000000056934e+03 2.059461799756001312e+02
7.771200000000057116e+03 2.057362699004911804e+02
7.772000000000057298e+03 2.040467105402632910e+02
7.772800000000057480e+03 2.050325970311478443e+02
7.773600000000057662e+03 2.072717514537000625e+02
7.774400000000057844e+03 2.087367262507891041e+02
7.775200000000058026e+03 2.088457923037624937e+02
7.776000000000058208e+03 2.073370718000500403e+02
7.776800000000058390e+03 2.043344612433905922e+02
7.777600000000058571e+03 2.027739232703426069e+02
7.778400000000058753e+03 2.027837721202664056e+02
7.779200000000058935e+03 2.034927958412062594e+02
7.780000000000059117e+03 2.032429900035371588e+02
7.780800000000059299e+03 2.022141317376488985e+02
7.781600000000059481e+03 2.051116800195245276e+02
7.782400000000059663e+03 2.098945615732910710e+02
7.783200000000059845e+03 2.100985248281853046e+02
7.784000000000060027e+03 2.080147068551652296e+02
7.784800000000060209e+03 2.060992722886078354e+02
7.785600000000060390e+03 2.018651806808856861e+02
7.786400000000060572e+03 1.986293024157686773e+02
7.787200000000060754e+03 1.986959816054518626e+02
7.788000000000060936e+03 2.004657157851741545e+02
7.788800000000061118e+03 2.028319161192829370e+02
7.789600000000061300e+03 2.037246043118085197e+02
7.790400000000061482e+03 2.022581448294822621e+02
7.791200000000061664e+03 2.014172095186702052e+02
7.792000000000061846e+03 2.033834568897013071e+02
7.792800000000062028e+03 2.052029311634771602e+02
7.793600000000062209e+03 2.041583332171514087e+02
7.794400000000062391e+03 2.018033763966669198e+02
7.795200000000062573e+03 2.000547277696350648e+02
7.796000000000062755e+03 2.001784879757260001e+02
7.796800000000062937e+03 2.013050443828841196e+02
7.797600000000063119e+03 2.034294882313424182e+02
7.798400000000063301e+03 2.051415452200473624e+02
7.799200000000063483e+03 2.044718389950086816e+02
7.800000000000063665e+03 2.048635084471757182e+02
7.800800000000063847e+03 2.065639230601209988e+02
7.801600000000064028e+03 2.050476419102987222e+02
7.802400000000064210e+03 2.008085326163528634e+02
7.803200000000064392e+03 1.978290023871539347e+02
7.804000000000064574e+03 1.982768327666896084e+02
7.804800000000064756e+03 1.991359146369826476e+02
7.805600000000064938e+03 1.989487270941102679e+02
7.806400000000065120e+03 1.993145786890148088e+02
7.807200000000065302e+03 2.005840599293789523e+02
7.808000000000065484e+03 2.002112693432236767e+02
7.808800000000065666e+03 2.009987273106329155e+02
7.809600000000065847e+03 2.052491361220764645e+02
7.810400000000066029e+03 2.079932040033966985e+02
7.811200000000066211e+03 2.055839207450331401e+02
7.812000000000066393e+03 2.012949927755387307e+02
7.812800000000066575e+03 2.003045651769436688e+02
7.813600000000066757e+03 2.006824788427848034e+02
7.814400000000066939e+03 2.005419320914158732e+02
7.815200000000067121e+03 2.021520821770312750e+02
7.816000000000067303e+03 2.035180366451966449e+02
7.816800000000067485e+03 2.036291122861833855e+02
7.817600000000067666e+03 2.010723698822105234e+02
7.818400000000067848e+03 2.014834110401558576e+02
7.819200000000068030e+03 2.044393255765880895e+02
7.820000000000068212e+03 2.046024221679570019e+02
7.820800000000068394e+03 2.035258841213432106e+02
7.821600000000068576e+03 2.017375960627191489e+02
7.822400000000068758e+03 2.021939998862303298e+02
7.823200000000068940e+03 2.071095294317501896e+02
7.824000000000069122e+03 2.109454880952911253e+02
7.824800000000069303e+03 2.116229753646657912e+02
7.825600000000069485e+03 2.113331979318020899e+02
7.826400000000069667e+03 2.085412319909170265e+02
7.827200000000069849e+03 2.057685899307405464e+02
7.828000000000070031e+03 2.052597319434942165e+02
7.828800000000070213e+03 2.066664199672385394e+02
7.829600000000070395e+03 2.059770088232096725e+02
7.830400000000070577e+03 2.030766562072882380e+02
7.831200000000070759e+03 2.036351720146094522e+02
7.832000000000070941e+03 2.059447165166922957e+02
7.832800000000071122e+03 2.063822360563227392e+02
7.833600000000071304e+03 2.072891084948641378e+02
7.834400000000071486e+03 2.112104276112304433e+02
7.835200000000071668e+03 2.120892464192241391e+02
7.836000000000071850e+03 2.097770661063225077e+02
7.836800000000072032e+03 2.082731921776375543e+02
7.837600000000072214e+03 2.070854972435029708e+02
7.838400000000072396e+03 2.056708097166567200e+02
7.839200000000072578e+03 2.037956422996608126e+02
7.840000000000072760e+03 2.011776613646757710e+02
7.840800000000072941e+03 2.004209584273909286e+02
7.841600000000073123e+03 2.020282111908722982e+02
7.842400000000073305e+03 2.034151574994101566e+02
7.843200000000073487e+03 2.032126683676109735e+02
7.844000000000073669e+03 2.014897761723856888e+02
7.844800000000073851e+03 1.984592787438090795e+02
7.845600000000074033e+03 1.966628220749790898e+02
7.846400000000074215e+03 1.967381177614170724e+02
7.847200000000074397e+03 1.980964081307303104e+02
7.848000000000074579e+03 1.989824219355963351e+02
7.848800000000074760e+03 1.989048113601837429e+02
7.849600000000074942e+03 2.005732975053499842e+02
7.850400000000075124e+03 2.024209196684354879e+02
7.851200000000075306e+03 2.034106372100561089e+02
7.852000000000075488e+03 2.050840447927957939e+02
7.852800000000075670e+03 2.076711290835517048e+02
7.853600000000075852e+03 2.087255562139682752e+02
7.854400000000076034e+03 2.084756433710280135e+02
7.855200000000076216e+03 2.087351717147751344e+02
7.856000000000076398e+03 2.082213093793132543e+02
7.856800000000076579e+03 2.088510411392796016e+02
7.857600000000076761e+03 2.101987445854798580e+02
7.858400000000076943e+03 2.092474816506017419e+02
7.859200000000077125e+03 2.082885094083616480e+02
7.860000000000077307e+03 2.107222390490455552e+02
7.860800000000077489e+03 2.133752404216893410e+02
7.861600000000077671e+03 2.115105464227814309e+02
7.862400000000077853e+03 2.103074121436634414e+02
7.863200000000078035e+03 2.113510704900942585e+02
7.864000000000078217e+03 2.117117045617891904e+02
7.864800000000078398e+03 2.093418426644406907e+02
7.865600000000078580e+03 2.074413855188146272e+02
7.866400000000078762e+03 2.085094691534274602e+02
7.867200000000078944e+03 2.088870365090375572e+02
7.868000000000079126e+03 2.089322503301435177e+02
7.868800000000079308e+03 2.096361061452578269e+02
7.869600000000079490e+03 2.112064598607495896e+02
7.870400000000079672e+03 2.101789659592033672e+02
7.871200000000079854e+03 2.076893206542322332e+02
7.872000000000080036e+03 2.070642915772596382e+02
7.872800000000080217e+03 2.058719821829899672e+02
7.873600000000080399e+03 2.043871241749981209e+02
7.874400000000080581e+03 2.054336470650436013e+02
7.875200000000080763e+03 2.071271946910614474e+02
7.876000000000080945e+03 2.060691098099958936e+02
7.876800000000081127e+03 2.049822768804932025e+02
7.877600000000081309e+03 2.045091321509710838e+02
7.878400000000081491e+03 2.040705935293844107e+02
7.879200000000081673e+03 2.034651826770663661e+02
7.880000000000081855e+03 2.048898080960635184e+02
7.880800000000082036e+03 2.093787340526330070e+02
7.881600000000082218e+03 2.127967999699618531e+02
7.882400000000082400e+03 2.119232090035187639e+02
7.883200000000082582e+03 2.087418828684582195e+02
7.884000000000082764e+03 2.060769985182030837e+02
7.884800000000082946e+03 2.060433076608844942e+02
7.885600000000083128e+03 2.075402962852714381e+02
7.886400000000083310e+03 2.069817314676920432e+02
7.887200000000083492e+03 2.051596415161753839e+02
7.888000000000083674e+03 2.032753753357550863e+02
7.888800000000083855e+03 2.020078004283106452e+02
7.889600000000084037e+03 2.035974507624079308e+02
7.890400000000084219e+03 2.063343133672020429e+02
7.891200000000084401e+03 2.070569907767495579e+02
7.892000000000084583e+03 2.063208768608398884e+02
7.892800000000084765e+03 2.037086238467630324e+02
7.893600000000084947e+03 2.013060328203280847e+02
7.894400000000085129e+03 2.013247795085279392e+02
7.895200000000085311e+03 2.045673611103158294e+02
7.896000000000085493e+03 2.074425001066409777e+02
7.896800000000085674e+03 2.087267707715321308e+02
7.897600000000085856e+03 2.108994560673253886e+02
7.898400000000086038e+03 2.124896804187592068e+02
7.899200000000086220e+03 2.128058591565340976e+02
7.900000000000086402e+03 2.131624175734656887e+02
7.900800000000086584e+03 2.126419319605544445e+02
7.901600000000086766e+03 2.101590777397395868e+02
7.902400000000086948e+03 2.077383716153733531e+02
7.903200000000087130e+03 2.092625984551554552e+02
7.904000000000087311e+03 2.104436958026481079e+02
7.904800000000087493e+03 2.098425603114551166e+02
7.905600000000087675e+03 2.101570058555694231e+02
7.906400000000087857e+03 2.118923370476906314e+02
7.907200000000088039e+03 2.116747589976835684e+02
7.908000000000088221e+03 2.089268124843290479e+02
7.908800000000088403e+03 2.083233159736104199e+02
7.909600000000088585e+03 2.105767788093944546e+02
7.910400000000088767e+03 2.112167236580731640e+02
7.911200000000088949e+03 2.104391233771864336e+02
7.912000000000089130e+03 2.113183402460337561e+02
7.912800000000089312e+03 2.123101750010431203e+02
7.913600000000089494e+03 2.123361944306896589e+02
7.914400000000089676e+03 2.124998348183863754e+02
7.915200000000089858e+03 2.119983272215818033e+02
7.916000000000090040e+03 2.135329355843484223e+02
7.916800000000090222e+03 2.165775778749159031e+02
7.917600000000090404e+03 2.153072916002800525e+02
7.918400000000090586e+03 2.113323574425112383e+02
7.919200000000090768e+03 2.093846154708440395e+02
7.920000000000090949e+03 2.090150004499146803e+02
7.920800000000091131e+03 2.101250790967397961e+02
7.921600000000091313e+03 2.122861881362105692e+02
7.922400000000091495e+03 2.143122058005336612e+02
7.923200000000091677e+03 2.141038265715697833e+02
7.924000000000091859e+03 2.113122418378326302e+02
7.924800000000092041e+03 2.114524863826492833e+02
7.925600000000092223e+03 2.130569289772246862e+02
7.926400000000092405e+03 2.137684834517154400e+02
7.927200000000092587e+03 2.137249919490353705e+02
7.928000000000092768e+03 2.130613599608693960e+02
7.928800000000092950e+03 2.095750165058969401e+02
7.929600000000093132e+03 2.057752472354000588e+02
7.930400000000093314e+03 2.054016150937717669e+02
7.931200000000093496e+03 2.054453103388505042e+02
7.932000000000093678e+03 2.041355131146029862e+02
7.932800000000093860e+03 2.025534552225085747e+02
7.933600000000094042e+03 2.025686591916098109e+02
7.934400000000094224e+03 2.051016894909233770e+02
7.935200000000094406e+03 2.086429869287036922e+02
7.936000000000094587e+03 2.095054607548343029e+02
7.936800000000094769e+03 2.058025511492260193e+02
7.937600000000094951e+03 2.025104374430089820e+02
7.938400000000095133e+03 2.040657440298779193e+02
7.939200000000095315e+03 2.064842225276913155e+02
7.940000000000095497e+03 2.065812166887820922e+02
7.940800000000095679e+03 2.081966637730177183e+02
7.941600000000095861e+03 2.094638510761353700e+02
7.942400000000096043e+03 2.077421963720948668e+02
7.943200000000096225e+03 2.073250906547457930e+02
7.944000000000096406e+03 2.087846441309487204e+02
7.944800000000096588e+03 2.103868202998479546e+02
7.945600000000096770e+03 2.091715726938064677e+02
7.946400000000096952e+03 2.056120256496541856e+02
7.947200000000097134e+03 2.046698206979178281e+02
7.948000000000097316e+03 2.065153633490421328e+02
7.948800000000097498e+03 2.069374989748436633e+02
7.949600000000097680e+03 2.050753241421747362e+02
7.950400000000097862e+03 2.036110419991512686e+02
7.951200000000098044e+03 2.050531615461063097e+02
7.952000000000098225e+03 2.061705860289545171e+02
7.952800000000098407e+03 2.068656560645300715e+02
7.953600000000098589e+03 2.076045182662630282e+02
7.954400000000098771e+03 2.071997418310013472e+02
7.955200000000098953e+03 2.088443036783499451e+02
7.956000000000099135e+03 2.106005014257486891e+02
7.956800000000099317e+03 2.087107604294753855e+02
7.957600000000099499e+03 2.070998892075722893e+02
7.958400000000099681e+03 2.088574889771388428e+02
7.959200000000099863e+03 2.108037704456696133e+02
7.960000000000100044e+03 2.106764771403715599e+02
7.960800000000100226e+03 2.081897722367052950e+02
7.961600000000100408e+03 2.056281566338897733e+02
7.962400000000100590e+03 2.044464862071770881e+02
7.963200000000100772e+03 2.049225703646611407e+02
7.964000000000100954e+03 2.069700834491405885e+02
7.964800000000101136e+03 2.097777656785884801e+02
7.965600000000101318e+03 2.118811814647120855e+02
7.966400000000101500e+03 2.137973609577871912e+02
7.967200000000101682e+03 2.149293073298558738e+02
7.968000000000101863e+03 2.139165206764926666e+02
7.968800000000102045e+03 2.120994266547411939e+02
7.969600000000102227e+03 2.091222250993295688e+02
7.970400000000102409e+03 2.047037236930725328e+02
7.971200000000102591e+03 2.033221427339854870e+02
7.972000000000102773e+03 2.043163897832706084e+02
7.972800000000102955e+03 2.046600284136964660e+02
7.973600000000103137e+03 2.034563901971282291e+02
7.974400000000103319e+03 2.023576774866203323e+02
7.975200000000103500e+03 2.034069446773679317e+02
7.976000000000103682e+03 2.042413862259005839e+02
7.976800000000103864e+03 2.041410154195981193e+02
7.977600000000104046e+03 2.024099154346367300e+02
7.978400000000104228e+03 2.001506651608346772e+02
7.979200000000104410e+03 2.011828347305583407e+02
7.980000000000104592e+03 2.030229162830221128e+02
7.980800000000104774e+03 2.030352368373345655e+02
7.981600000000104956e+03 2.037692252073526902e+02
7.982400000000105138e+03 2.037433762563941286e+02
7.983200000000105319e+03 2.029080695377663801e+02
7.984000000000105501e+03 2.031121928292012626e+02
7.984800000000105683e+03 2.056796975868587083e+02
7.985600000000105865e+03 2.076530830570956994e+02
7.986400000000106047e+03 2.059816299084669140e+02
7.987200000000106229e+03 2.049989549521696972e+02
7.988000000000106411e+03 2.066751177782388709e+02
7.988800000000106593e+03 2.069612597243076948e+02
7.989600000000106775e+03 2.066832603574734435e+02
7.990400000000106957e+03 2.072581186231126082e+02
7.991200000000107138e+03 2.079890612440951259e+02
7.992000000000107320e+03 2.060253028479682484e+02
7.992800000000107502e+03 2.030545256035929071e+02
7.993600000000107684e+03 2.009562659670549465e+02
7.994400000000107866e+03 2.024720546715049068e+02
7.995200000000108048e+03 2.087112743880244921e+02
7.996000000000108230e+03 2.119996168502282217e+02
7.996800000000108412e+03 2.080744306234309988e+02
7.997600000000108594e+03 2.032632154187838012e+02
7.998400000000108776e+03 2.028460230121336849e+02
7.999200000000108957e+03 2.042586326976509099e+02
8.000000000000109139e+03 2.040400965238158904e+02
8.000800000000109321e+03 2.033038639856849272e+02
8.001600000000109503e+03 2.038837994270348020e+02
8.002400000000109685e+03 2.036216781167223075e+02
8.003200000000109867e+03 2.044596724198281095e+02
8.004000000000110049e+03 2.063197223329900680e+02
8.004800000000110231e+03 2.041526595452937727e+02
8.005600000000110413e+03 2.005392211858794553e+02
8.006400000000110595e+03 1.994256495116221970e+02
8.007200000000110776e+03 1.995720877688088137e+02
8.008000000000110958e+03 2.007969912818117280e+02
8.008800000000111140e+03 2.033054151212656677e+02
8.009600000000111322e+03 2.026150800546537596e+02
8.010400000000111504e+03 1.993272553607900761e+02
8.011200000000111686e+03 1.978571477234555687e+02
8.012000000000111868e+03 1.975058399674699103e+02
8.012800000000112050e+03 1.968501311359745500e+02
8.013600000000112232e+03 1.960821602812378046e+02
8.014400000000112414e+03 1.958087960890277373e+02
8.015200000000112595e+03 1.961112597834038809e+02
8.016000000000112777e+03 1.986295718271132387e+02
8.016800000000112959e+03 1.993557697441596872e+02
8.017600000000113141e+03 1.956311947668228868e+02
8.018400000000113323e+03 1.940057431661126088e+02
8.019200000000113505e+03 1.960728158105651460e+02
8.020000000000113687e+03 1.979565477527913799e+02
8.020800000000113869e+03 1.986178868370121506e+02
8.021600000000114051e+03 1.993419189102882569e+02
8.022400000000114233e+03 2.005920600088606136e+02
8.023200000000114414e+03 2.012699382435973234e+02
8.024000000000114596e+03 2.004603287802431169e+02
8.024800000000114778e+03 2.002801055942226185e+02
8.025600000000114960e+03 1.991502752710077857e+02
8.026400000000115142e+03 1.948907509396136675e+02
8.027200000000115324e+03 1.935449453978799852e+02
8.028000000000115506e+03 1.971189757879112108e+02
8.028800000000115688e+03 2.003757599869206274e+02
8.029600000000115870e+03 2.005590619865955091e+02
8.030400000000116052e+03 2.000530000881407204e+02
8.031200000000116233e+03 2.003906500560474910e+02
8.032000000000116415e+03 1.990933004383864500e+02
8.032800000000116597e+03 1.975519400355090909e+02
8.033600000000116779e+03 1.966198729440517923e+02
8.034400000000116961e+03 1.968062898573076325e+02
8.035200000000117143e+03 2.008633376364682590e+02
8.036000000000117325e+03 2.046472044168647244e+02
8.036800000000117507e+03 2.011801321115814858e+02
8.037600000000117689e+03 1.959708910454417321e+02
8.038400000000117871e+03 1.949144899134158209e+02
8.039200000000118052e+03 1.947390119904803782e+02
8.040000000000118234e+03 1.959649664770954018e+02
8.040800000000118416e+03 1.983320932616315986e+02
8.041600000000118598e+03 1.993451749939989668e+02
8.042400000000118780e+03 1.978287085396821112e+02
8.043200000000118962e+03 1.946999827129281471e+02
8.044000000000119144e+03 1.934522632569104417e+02
8.044800000000119326e+03 1.936491016001282333e+02
8.045600000000119508e+03 1.948664318770757689e+02
8.046400000000119690e+03 1.983238057944277273e+02
8.047200000000119871e+03 2.005009660818090538e+02
8.048000000000120053e+03 1.989449788192969777e+02
8.048800000000120235e+03 1.978957520742119982e+02
8.049600000000120417e+03 2.002432313229959959e+02
8.050400000000120599e+03 2.017607548106223305e+02
8.051200000000120781e+03 2.002262206857564308e+02
8.052000000000120963e+03 1.981941638778232004e+02
8.052800000000121145e+03 1.988465735620827104e+02
8.053600000000121327e+03 2.016185320124669147e+02
8.054400000000121508e+03 2.038371378116468122e+02
8.055200000000121690e+03 2.048280848487882508e+02
8.056000000000121872e+03 2.040260890832745417e+02
8.056800000000122054e+03 2.042080327314951091e+02
8.057600000000122236e+03 2.069045085323510307e+02
8.058400000000122418e+03 2.078801926525633235e+02
8.059200000000122600e+03 2.063747313108940489e+02
8.060000000000122782e+03 2.060832890614877613e+02
8.060800000000122964e+03 2.052864780665697140e+02
8.061600000000123146e+03 2.032479494247060927e+02
8.062400000000123327e+03 2.034236860600218790e+02
8.063200000000123509e+03 2.062316049686871224e+02
8.064000000000123691e+03 2.091646046054467263e+02
8.064800000000123873e+03 2.092658559528910587e+02
8.065600000000124055e+03 2.071680298635021131e+02
8.066400000000124237e+03 2.060051610871516345e+02
8.067200000000124419e+03 2.066679310714255848e+02
8.068000000000124601e+03 2.085108303872108593e+02
8.068800000000124783e+03 2.086811981144841752e+02
8.069600000000124965e+03 2.059296417262472971e+02
8.070400000000125146e+03 2.046669966428408145e+02
8.071200000000125328e+03 2.069584960294262146e+02
8.072000000000125510e+03 2.090508623657916019e+02
8.072800000000125692e+03 2.078834494132210580e+02
8.073600000000125874e+03 2.047903686771511502e+02
8.074400000000126056e+03 2.040530688201510543e+02
8.075200000000126238e+03 2.049592739829186030e+02
8.076000000000126420e+03 2.043791679574257785e+02
8.076800000000126602e+03 2.039584412958084840e+02
8.077600000000126784e+03 2.049900294256153757e+02
8.078400000000126965e+03 2.059406511087016440e+02
8.079200000000127147e+03 2.057860474857119755e+02
8.080000000000127329e+03 2.051020995560070332e+02
8.080800000000127511e+03 2.045281807280323392e+02
8.081600000000127693e+03 2.049578263458247704e+02
8.082400000000127875e+03 2.055944832578331045e+02
8.083200000000128057e+03 2.044029703041619541e+02
8.084000000000128239e+03 2.050776468553353311e+02
8.084800000000128421e+03 2.058195863286876488e+02
8.085600000000128603e+03 2.045464555198543621e+02
8.086400000000128784e+03 2.034978879510057936e+02
8.087200000000128966e+03 2.032535412645477209e+02
8.088000000000129148e+03 2.037572231900573172e+02
8.088800000000129330e+03 2.042787248587553393e+02
8.089600000000129512e+03 2.047570800333385819e+02
8.090400000000129694e+03 2.059878341031815410e+02
8.091200000000129876e+03 2.059254341254343217e+02
8.092000000000130058e+03 2.051108038674309455e+02
8.092800000000130240e+03 2.054887178595341766e+02
8.093600000000130422e+03 2.060993451170327830e+02
8.094400000000130603e+03 2.056029662077964986e+02
8.095200000000130785e+03 2.049297725358431990e+02
8.096000000000130967e+03 2.049861100753029746e+02
8.096800000000131149e+03 2.045851124835937185e+02
8.097600000000131331e+03 2.037223443672665439e+02
8.098400000000131513e+03 2.030372058044922028e+02
8.099200000000131695e+03 2.027166257386183474e+02
8.100000000000131877e+03 2.028874387159745538e+02
8.100800000000132059e+03 2.046637507753413274e+02
8.101600000000132241e+03 2.058964507860874846e+02
8.102400000000132422e+03 2.045488260641204192e+02
8.103200000000132604e+03 2.050617053015681392e+02
8.104000000000132786e+03 2.079134434212012934e+02
8.104800000000132968e+03 2.088711947725198854e+02
8.105600000000133150e+03 2.095236100856666326e+02
8.106400000000133332e+03 2.084720681402279183e+02
8.107200000000133514e+03 2.065631701423675395e+02
8.108000000000133696e+03 2.058475000338295899e+02
8.108800000000133878e+03 2.070012267212303527e+02
8.109600000000134060e+03 2.087886529119678016e+02
8.110400000000134241e+03 2.096520873807144767e+02
8.111200000000134423e+03 2.103714934917510675e+02
8.112000000000134605e+03 2.114698459641604984e+02
8.112800000000134787e+03 2.135237299687619554e+02
8.113600000000134969e+03 2.146919152192463400e+02
8.114400000000135151e+03 2.123950467438191936e+02
8.115200000000135333e+03 2.099798283547943925e+02
8.116000000000135515e+03 2.099085615963148541e+02
8.116800000000135697e+03 2.099176850782752695e+02
8.117600000000135879e+03 2.109643816708474162e+02
8.118400000000136060e+03 2.125421633245071007e+02
8.119200000000136242e+03 2.114847068119084099e+02
8.120000000000136424e+03 2.095954385274599758e+02
8.120800000000136606e+03 2.091192299025769614e+02
8.121600000000136788e+03 2.087483330359062563e+02
8.122400000000136970e+03 2.084821377503739370e+02
8.123200000000137152e+03 2.089945826507496349e+02
8.124000000000137334e+03 2.071387366106951333e+02
8.124800000000137516e+03 2.032211537455614803e+02
8.125600000000137697e+03 2.013939521408661051e+02
8.126400000000137879e+03 2.015333772309598430e+02
8.127200000000138061e+03 2.022636043817549307e+02
8.128000000000138243e+03 2.036913499445342381e+02
8.128800000000138425e+03 2.047204410118990268e+02
8.129600000000138607e+03 2.034594030608272419e+02
8.130400000000138789e+03 2.027086379856755229e+02
8.131200000000138971e+03 2.049013938390943963e+02
8.132000000000139153e+03 2.081986746361810958e+02
8.132800000000139335e+03 2.130132879125837917e+02
8.133600000000139516e+03 2.158015038668668808e+02
8.134400000000139698e+03 2.151501074366911155e+02
8.135200000000139880e+03 2.146275830338690298e+02
8.136000000000140062e+03 2.129768075485842473e+02
8.136800000000140244e+03 2.115672248321806137e+02
8.137600000000140426e+03 2.119814005458332531e+02
8.138400000000140608e+03 2.147935160141989286e+02
8.139200000000140790e+03 2.182405403058110664e+02
8.140000000000140972e+03 2.172335439769480558e+02
8.140800000000141154e+03 2.129816344028020865e+02
8.141600000000141335e+03 2.088613699061336320e+02
8.142400000000141517e+03 2.073248959023204918e+02
8.143200000000141699e+03 2.073115965063106216e+02
8.144000000000141881e+03 2.054306221933971983e+02
8.144800000000142063e+03 2.037471030345471377e+02
8.145600000000142245e+03 2.040343681912208353e+02
8.146400000000142427e+03 2.053989087770224842e+02
8.147200000000142609e+03 2.069324897991676835e+02
8.148000000000142791e+03 2.062250737523313546e+02
8.148800000000142973e+03 2.025628864406614298e+02
8.149600000000143154e+03 2.024693073685230331e+02
8.150400000000143336e+03 2.059170732193701383e+02
8.151200000000143518e+03 2.082183959089264818e+02
8.152000000000143700e+03 2.081197177043000579e+02
8.152800000000143882e+03 2.059212565245516373e+02
8.153600000000144064e+03 2.058047840829850941e+02
8.154400000000144246e+03 2.083100349707049190e+02
8.155200000000144428e+03 2.102851920144329938e+02
8.156000000000144610e+03 2.114530962736185415e+02
8.156800000000144792e+03 2.123586559731741659e+02
8.157600000000144973e+03 2.112498912422380215e+02
8.158400000000145155e+03 2.082137211571953799e+02
8.159200000000145337e+03 2.058936971156480240e+02
8.160000000000145519e+03 2.081929862037419525e+02
8.160800000000145701e+03 2.122464124400522110e+02
8.161600000000145883e+03 2.150916913868445022e+02
8.162400000000146065e+03 2.164863409696201870e+02
8.163200000000146247e+03 2.174157052606710749e+02
8.164000000000146429e+03 2.167247141291478556e+02
8.164800000000146611e+03 2.137337351960076717e+02
8.165600000000146792e+03 2.088643817948097592e+02
8.166400000000146974e+03 2.038409555004143385e+02
8.167200000000147156e+03 2.030609858729688995e+02
8.168000000000147338e+03 2.039903368940138080e+02
8.168800000000147520e+03 2.037585855252716556e+02
8.169600000000147702e+03 2.045748417899196170e+02
8.170400000000147884e+03 2.064906082157795595e+02
8.171200000000148066e+03 2.077249801206127415e+02
8.172000000000148248e+03 2.068232089061588965e+02
8.172800000000148430e+03 2.058105802999462526e+02
8.173600000000148611e+03 2.055086957270553398e+02
8.174400000000148793e+03 2.053067899729839496e+02
8.175200000000148975e+03 2.059118247836671003e+02
8.176000000000149157e+03 2.073950268103390044e+02
8.176800000000149339e+03 2.085460678890855775e+02
8.177600000000149521e+03 2.106989606166702060e+02
8.178400000000149703e+03 2.145713682876819917e+02
8.179200000000149885e+03 2.191525395945194532e+02
8.180000000000150067e+03 2.205605934832333332e+02
8.180800000000150249e+03 2.174951718586005427e+02
8.181600000000150430e+03 2.139696403458239047e+02
8.182400000000150612e+03 2.118432260349962348e+02
8.183200000000150794e+03 2.098316093267973770e+02
8.184000000000150976e+03 2.100462134987041622e+02
8.184800000000151158e+03 2.118535690342994258e+02
8.185600000000151340e+03 2.102945514797169437e+02
8.186400000000151522e+03 2.082242511358371644e+02
8.187200000000151704e+03 2.121621797351416205e+02
8.188000000000151886e+03 2.166151339264405351e+02
8.188800000000152068e+03 2.159892701115486773e+02
8.189600000000152249e+03 2.119302526323156712e+02
8.190400000000152431e+03 2.079591461816111746e+02
8.191200000000152613e+03 2.046253165821296420e+02
8.192000000000152795e+03 2.031205274843379129e+02
8.192800000000152068e+03 2.038070973203625726e+02
8.193600000000153159e+03 2.023081773950517572e+02
8.194400000000154250e+03 1.993200976236075235e+02
8.195200000000153523e+03 1.990480624642094085e+02
8.196000000000152795e+03 2.024381577833669326e+02
8.196800000000153887e+03 2.073143604690826578e+02
8.197600000000154978e+03 2.082264917199985916e+02
8.198400000000154250e+03 2.055990241515716548e+02
8.199200000000153523e+03 2.025962130792900098e+02
8.200000000000154614e+03 1.999424620987316246e+02
8.200800000000155705e+03 1.990017581627054710e+02
8.201600000000154978e+03 2.006659768396840775e+02
8.202400000000154250e+03 2.036196426130965165e+02
8.203200000000155342e+03 2.061249594981342170e+02
8.204000000000156433e+03 2.082210478613661451e+02
8.204800000000155705e+03 2.097360542728564496e+02
8.205600000000154978e+03 2.107110863805883696e+02
8.206400000000156069e+03 2.106709975063237152e+02
8.207200000000157161e+03 2.083487671644214174e+02
8.208000000000156433e+03 2.056520655940940969e+02
8.208800000000155705e+03 2.045792357586828984e+02
8.209600000000156797e+03 2.060736833274694391e+02
8.210400000000157888e+03 2.088935215438656883e+02
8.211200000000157161e+03 2.104247875466354003e+02
8.212000000000156433e+03 2.077993348909890585e+02
8.212800000000157524e+03 2.059624336150996271e+02
8.213600000000158616e+03 2.070918833108888464e+02
8.214400000000157888e+03 2.068066617524690685e+02
8.215200000000157161e+03 2.052387045524554878e+02
8.216000000000158252e+03 2.041618081785574077e+02
8.216800000000159343e+03 2.034865647303341802e+02
8.217600000000158616e+03 2.037304441215377437e+02
8.218400000000157888e+03 2.038543834317901542e+02
8.219200000000158980e+03 2.045007933772706110e+02
8.220000000000160071e+03 2.071596752780613144e+02
8.220800000000159343e+03 2.090800612953873383e+02
8.221600000000158616e+03 2.122671466335125956e+02
8.222400000000159707e+03 2.148225301576316042e+02
8.223200000000160799e+03 2.130044929659323998e+02
8.224000000000160071e+03 2.116194626376266683e+02
8.224800000000159343e+03 2.113397538309663446e+02
8.225600000000160435e+03 2.117353823960440309e+02
8.226400000000161526e+03 2.136115990059033152e+02
8.227200000000160799e+03 2.137756843662949962e+02
8.228000000000160071e+03 2.144508224666995488e+02
8.228800000000161162e+03 2.162388746151054306e+02
8.229600000000162254e+03 2.162503226730751749e+02
8.230400000000161526e+03 2.157068325925391150e+02
8.231200000000160799e+03 2.150605529952129586e+02
8.232000000000161890e+03 2.148822987581060602e+02
8.232800000000162981e+03 2.169915422958390252e+02
8.233600000000162254e+03 2.198926515169358993e+02
8.234400000000161526e+03 2.202832320581882186e+02
8.235200000000162618e+03 2.172754158135316800e+02
8.236000000000163709e+03 2.146629606248044411e+02
8.236800000000162981e+03 2.137325769207824067e+02
8.237600000000162254e+03 2.145494970181827625e+02
8.238400000000163345e+03 2.161055349870506461e+02
8.239200000000164437e+03 2.145377755567050428e+02
8.240000000000163709e+03 2.113110994695886689e+02
8.240800000000162981e+03 2.093814206931702415e+02
8.241600000000164073e+03 2.078347941223062207e+02
8.242400000000165164e+03 2.084024295629502319e+02
8.243200000000164437e+03 2.101360669703677218e+02
8.244000000000163709e+03 2.089770325615820070e+02
8.244800000000164800e+03 2.076532852214174909e+02
8.245600000000165892e+03 2.110200541703543138e+02
8.246400000000165164e+03 2.151160266861841706e+02
8.247200000000164437e+03 2.144268002102548394e+02
8.248000000000165528e+03 2.122130957674881415e+02
8.248800000000166619e+03 2.119032122829414959e+02
8.249600000000165892e+03 2.116972124047049135e+02
8.250400000000165164e+03 2.113498315598499744e+02
8.251200000000166256e+03 2.121567657075877946e+02
8.252000000000167347e+03 2.115351390769245938e+02
8.252800000000166619e+03 2.109944693346723454e+02
8.253600000000165892e+03 2.137427399760020990e+02
8.254400000000166983e+03 2.152108742759330937e+02
8.255200000000168075e+03 2.148001199428380232e+02
8.256000000000167347e+03 2.156186699699611609e+02
8.256800000000166619e+03 2.139326972972443457e+02
8.257600000000167711e+03 2.116704097691753645e+02
8.258400000000168802e+03 2.132460010116955686e+02
8.259200000000168075e+03 2.147529715470551537e+02
8.260000000000167347e+03 2.148845828005237877e+02
8.260800000000168438e+03 2.147319421367494101e+02
8.261600000000169530e+03 2.135332958309829223e+02
8.262400000000168802e+03 2.144855818672426153e+02
8.263200000000168075e+03 2.167308089688366408e+02
8.264000000000169166e+03 2.166196327730379494e+02
8.264800000000170257e+03 2.163171336377602643e+02
8.265600000000169530e+03 2.154752624604450375e+02
8.266400000000168802e+03 2.147528647812474674e+02
8.267200000000169894e+03 2.178024700760899464e+02
8.268000000000170985e+03 2.194276425630496306e+02
8.268800000000170257e+03 2.167158214000409657e+02
8.269600000000169530e+03 2.148243144790833981e+02
8.270400000000170621e+03 2.139003712170384972e+02
8.271200000000171713e+03 2.133560994391937697e+02
8.272000000000170985e+03 2.144236105237357890e+02
8.272800000000170257e+03 2.160855760881195238e+02
8.273600000000171349e+03 2.161170236952370374e+02
8.274400000000172440e+03 2.139611967427715058e+02
8.275200000000171713e+03 2.143920623232852449e+02
8.276000000000170985e+03 2.174490023179589002e+02
8.276800000000172076e+03 2.199230072860488576e+02
8.277600000000173168e+03 2.205891565783211377e+02
8.278400000000172440e+03 2.169679290916681111e+02
8.279200000000171713e+03 2.131745450128762513e+02
8.280000000000172804e+03 2.117060744280547055e+02
8.280800000000173895e+03 2.105992438129679556e+02
8.281600000000173168e+03 2.102066530574957142e+02
8.282400000000172440e+03 2.090731087923010136e+02
8.283200000000173532e+03 2.055130356485094012e+02
8.284000000000174623e+03 2.031259708342384442e+02
8.284800000000173895e+03 2.038000294406054422e+02
8.285600000000173168e+03 2.046737343063423680e+02
8.286400000000174259e+03 2.063146815106343297e+02
8.287200000000175351e+03 2.080981370580871612e+02
8.288000000000174623e+03 2.080874951628262579e+02
8.288800000000173895e+03 2.060947798365381800e+02
8.289600000000174987e+03 2.053181677000466721e+02
8.290400000000176078e+03 2.085564877841425755e+02
8.291200000000175351e+03 2.128145297761462018e+02
8.292000000000174623e+03 2.135533927593560293e+02
8.292800000000175714e+03 2.120787981117599088e+02
8.293600000000176806e+03 2.097701801367664984e+02
8.294400000000176078e+03 2.068243419805831991e+02
8.295200000000175351e+03 2.059367924966270493e+02
8.296000000000176442e+03 2.057776766488908606e+02
8.296800000000177533e+03 2.039427840106029066e+02
8.297600000000176806e+03 2.018586783263435223e+02
8.298400000000176078e+03 2.029378106472395871e+02
8.299200000000177170e+03 2.076485549417294578e+02
8.300000000000178261e+03 2.111381456319922449e+02
8.300800000000177533e+03 2.109011387243263584e+02
8.301600000000176806e+03 2.069991594356223743e+02
8.302400000000177897e+03 2.017871620037168157e+02
8.303200000000178989e+03 1.976526643099905982e+02
8.304000000000178261e+03 1.984114945489341437e+02
8.304800000000177533e+03 2.019739141625161096e+02
8.305600000000178625e+03 2.045856956625958674e+02
8.306400000000179716e+03 2.059989217797463539e+02
8.307200000000178989e+03 2.047068342495950901e+02
8.308000000000178261e+03 2.036887468655032194e+02
8.308800000000179352e+03 2.054016375756921775e+02
8.309600000000180444e+03 2.064067402124395016e+02
8.310400000000179716e+03 2.047442801622347019e+02
8.311200000000178989e+03 2.039187605898611650e+02
8.312000000000180080e+03 2.035401760802118645e+02
8.312800000000181171e+03 1.996309801144676612e+02
8.313600000000180444e+03 1.952707985051746391e+02
8.314400000000179716e+03 1.968647404244902646e+02
8.315200000000180808e+03 2.016690449236603513e+02
8.316000000000181899e+03 2.042811260328253979e+02
8.316800000000181171e+03 2.047116662526500477e+02
8.317600000000180444e+03 2.048893381579898687e+02
8.318400000000181535e+03 2.050810218454274150e+02
8.319200000000182627e+03 2.051380119292671225e+02
8.320000000000181899e+03 2.069977684366763242e+02
8.320800000000181171e+03 2.082984680021513952e+02
8.321600000000182263e+03 2.085323393034508399e+02
8.322400000000183354e+03 2.090841174349980633e+02
8.323200000000182627e+03 2.092312622174547982e+02
8.324000000000181899e+03 2.099755408621539630e+02
8.324800000000182990e+03 2.112067570361462856e+02
8.325600000000184082e+03 2.115451990841468444e+02
8.326400000000183354e+03 2.104420494371313168e+02
8.327200000000182627e+03 2.094296191788013743e+02
8.328000000000183718e+03 2.116691007269611760e+02
8.328800000000184809e+03 2.155253476872337046e+02
8.329600000000184082e+03 2.158962555596193624e+02
8.330400000000183354e+03 2.144187705136549198e+02
8.331200000000184446e+03 2.133448425817726388e+02
8.332000000000185537e+03 2.132694693846300424e+02
8.332800000000184809e+03 2.155787424148321065e+02
8.333600000000184082e+03 2.187361511917197845e+02
8.334400000000185173e+03 2.186570274245693781e+02
8.335200000000186265e+03 2.157595657369405728e+02
8.336000000000185537e+03 2.142866429127597030e+02
8.336800000000184809e+03 2.154903496504478539e+02
8.337600000000185901e+03 2.144079162489036889e+02
8.338400000000186992e+03 2.129172203906219352e+02
8.339200000000186265e+03 2.146002406005932812e+02
8.340000000000185537e+03 2.173465680421935531e+02
8.340800000000186628e+03 2.183642548692059222e+02
8.341600000000187720e+03 2.166136402760218402e+02
8.342400000000186992e+03 2.143347326579992114e+02
8.343200000000186265e+03 2.147496140256768911e+02
8.344000000000187356e+03 2.159830638029883403e+02
8.344800000000188447e+03 2.169409240329033537e+02
8.345600000000187720e+03 2.179324759952405657e+02
8.346400000000186992e+03 2.169665422609633083e+02
8.347200000000188084e+03 2.149176217101548616e+02
8.348000000000189175e+03 2.123581043661818342e+02
8.348800000000188447e+03 2.105636826009265974e+02
8.349600000000187720e+03 2.122914405968771234e+02
8.350400000000188811e+03 2.149025836763115080e+02
8.351200000000189902e+03 2.151122274886656101e+02
8.352000000000189175e+03 2.142822835724979882e+02
8.352800000000188447e+03 2.135206184521669570e+02
8.353600000000189539e+03 2.124073374166632675e+02
8.354400000000190630e+03 2.139512636615806116e+02
8.355200000000189902e+03 2.151250509226990175e+02
8.356000000000189175e+03 2.110530998792280002e+02
8.356800000000190266e+03 2.069323806553545069e+02
8.357600000000191358e+03 2.073008110567350002e+02
8.358400000000190630e+03 2.086390715580061226e+02
8.359200000000189902e+03 2.098009019680359870e+02
8.360000000000190994e+03 2.124280396839832861e+02
8.360800000000192085e+03 2.143845249197676992e+02
8.361600000000191358e+03 2.140258040102549444e+02
8.362400000000190630e+03 2.131142921996683697e+02
8.363200000000191721e+03 2.131188369348111280e+02
8.364000000000192813e+03 2.138888667776106445e+02
8.364800000000192085e+03 2.151884932226590763e+02
8.365600000000191358e+03 2.159271901348830056e+02
8.366400000000192449e+03 2.164806157146625196e+02
8.367200000000193540e+03 2.164443905717413088e+02
8.368000000000192813e+03 2.160819985541057235e+02
8.368800000000192085e+03 2.180581539708725529e+02
8.369600000000193177e+03 2.197311882654317401e+02
8.370400000000194268e+03 2.172065882584689120e+02
8.371200000000193540e+03 2.114626701813766090e+02
8.372000000000192813e+03 2.095703045767016874e+02
8.372800000000193904e+03 2.123379930119660344e+02
8.373600000000194996e+03 2.137649229104729045e+02
8.374400000000194268e+03 2.142049038553524838e+02
8.375200000000193540e+03 2.147454227375153266e+02
8.376000000000194632e+03 2.163364631780722789e+02
8.376800000000195723e+03 2.161219080494274465e+02
8.377600000000194996e+03 2.120058019972063903e+02
8.378400000000194268e+03 2.083688286951183386e+02
8.379200000000195359e+03 2.084937618015934504e+02
8.380000000000196451e+03 2.100647085358466484e+02
8.380800000000195723e+03 2.116639929301817062e+02
8.381600000000194996e+03 2.121806505144788844e+02
8.382400000000196087e+03 2.124311027999563066e+02
8.383200000000197178e+03 2.141889223415476522e+02
8.384000000000196451e+03 2.139586221382966755e+02
8.384800000000195723e+03 2.115275179688746050e+02
8.385600000000196815e+03 2.104836843708418428e+02
8.386400000000197906e+03 2.090333555331334310e+02
8.387200000000197178e+03 2.078320898982796336e+02
8.388000000000196451e+03 2.087114155369711739e+02
8.388800000000197542e+03 2.091720917133164335e+02
8.389600000000198634e+03 2.093313516550298914e+02
8.390400000000197906e+03 2.103781377630392342e+02
8.391200000000197178e+03 2.096841868421759045e+02
8.392000000000198270e+03 2.062530491263204340e+02
8.392800000000199361e+03 2.032122761859024536e+02
8.393600000000198634e+03 2.044498022398847752e+02
8.394400000000197906e+03 2.087256723520407604e+02
8.395200000000198997e+03 2.117076293603753356e+02
8.396000000000200089e+03 2.100869890038843550e+02
8.396800000000199361e+03 2.055903522701976271e+02
8.397600000000198634e+03 2.028300055110728408e+02
8.398400000000199725e+03 2.019842543053535451e+02
8.399200000000200816e+03 2.007150257314947908e+02
8.400000000000200089e+03 1.990088476002256357e+02
8.400800000000199361e+03 1.979292806519749774e+02
8.401600000000200453e+03 1.981888377394301983e+02
8.402400000000201544e+03 1.992387038531379062e+02
8.403200000000200816e+03 1.981984920331050262e+02
8.404000000000200089e+03 1.964333954885503317e+02
8.404800000000201180e+03 1.972400986042268300e+02
8.405600000000202272e+03 1.989347344831992643e+02
8.406400000000201544e+03 2.005147662260911261e+02
8.407200000000200816e+03 2.011284605643605232e+02
8.408000000000201908e+03 1.993001759307546763e+02
8.408800000000202999e+03 1.965857822334136245e+02
8.409600000000202272e+03 1.946470804168691302e+02
8.410400000000201544e+03 1.937010271378688344e+02
8.411200000000202635e+03 1.940617374772544395e+02
8.412000000000203727e+03 1.939797374516374759e+02
8.412800000000202999e+03 1.936334278452800959e+02
8.413600000000202272e+03 1.944193802551658621e+02
8.414400000000203363e+03 1.970204170409608082e+02
8.415200000000204454e+03 2.000786578901350481e+02
8.416000000000203727e+03 2.021448703728814564e+02
8.416800000000202999e+03 2.035567027600689585e+02
8.417600000000204091e+03 2.041439389524693411e+02
8.418400000000205182e+03 2.040507973473420975e+02
8.419200000000204454e+03 2.040938478689610633e+02
8.420000000000203727e+03 2.035684477425771206e+02
8.420800000000204818e+03 2.030707886843320011e+02
8.421600000000205910e+03 2.052292964528076880e+02
8.422400000000205182e+03 2.072791874934151224e+02
8.423200000000204454e+03 2.063034386170441508e+02
8.424000000000205546e+03 2.036486224730999766e+02
8.424800000000206637e+03 2.017598454733704330e+02
8.425600000000205910e+03 2.012779435107490542e+02
8.426400000000205182e+03 2.031358468504150210e+02
8.427200000000206273e+03 2.042559691366672894e+02
8.428000000000207365e+03 2.014856718805680202e+02
8.428800000000206637e+03 1.982953145043576910e+02
8.429600000000205910e+03 1.965704914490712554e+02
8.430400000000207001e+03 1.964672613755553243e+02
8.431200000000208092e+03 1.992481013645790995e+02
8.432000000000207365e+03 2.021687772979546764e+02
8.432800000000206637e+03 2.010840256569818507e+02
8.433600000000207729e+03 1.951374619388826375e+02
8.434400000000208820e+03 1.924912708784227675e+02
8.435200000000208092e+03 1.950840594525140830e+02
8.436000000000207365e+03 1.963981376547481545e+02
8.436800000000208456e+03 1.980980085158344650e+02
8.437600000000209548e+03 2.002888120179889029e+02
8.438400000000208820e+03 1.998793977492016154e+02
8.439200000000208092e+03 1.981901957106975090e+02
8.440000000000209184e+03 1.982355084973207227e+02
8.440800000000210275e+03 2.000522334130452009e+02
8.441600000000209548e+03 2.028260182828224174e+02
8.442400000000208820e+03 2.042677168233622922e+02
8.443200000000209911e+03 2.037304385777007383e+02
8.444000000000211003e+03 2.017364614446100290e+02
8.444800000000210275e+03 1.995700539026526599e+02
8.445600000000209548e+03 2.015342469622838166e+02
8.446400000000210639e+03 2.047619261120528336e+02
8.447200000000211730e+03 2.042128944988738795e+02
8.448000000000211003e+03 2.009040713834457961e+02
8.448800000000210275e+03 1.979534744866396068e+02
8.449600000000211367e+03 1.975391190976510529e+02
8.450400000000212458e+03 1.977028911673020843e+02
8.451200000000211730e+03 1.982941202837356514e+02
8.452000000000211003e+03 1.985992445178669925e+02
8.452800000000212094e+03 1.969682200737637459e+02
8.453600000000213186e+03 1.966659801073033407e+02
8.454400000000212458e+03 1.976423137235756826e+02
8.455200000000211730e+03 1.987157776616809315e+02
8.456000000000212822e+03 1.988603802528319875e+02
8.456800000000213913e+03 1.972777166825284780e+02
8.457600000000213186e+03 1.964256438994401037e+02
8.458400000000212458e+03 1.971158090881507121e+02
8.459200000000213549e+03 1.996202728452851716e+02
8.460000000000214641e+03 2.017601485604471350e+02
8.460800000000213913e+03 2.015305537524223496e+02
8.461600000000213186e+03 2.011233397012284456e+02
8.462400000000214277e+03 2.024226005570813243e+02
8.463200000000215368e+03 2.050161799145242298e+02
8.464000000000214641e+03 2.068969852896483133e+02
8.464800000000213913e+03 2.058227680667657182e+02
8.465600000000215005e+03 2.047588976758915749e+02
8.466400000000216096e+03 2.028068147250446600e+02
8.467200000000215368e+03 1.995777303052677780e+02
8.468000000000214641e+03 2.025093204769786155e+02
8.468800000000215732e+03 2.069704297339259824e+02
8.469600000000216824e+03 2.049190801110798930e+02
8.470400000000216096e+03 2.006338911879772411e+02
8.471200000000215368e+03 1.985056123400192973e+02
8.472000000000216460e+03 1.983948525613261040e+02
8.472800000000217551e+03 1.992347525290233534e+02
8.473600000000216824e+03 2.007411451611804125e+02
8.474400000000216096e+03 2.025124279104352354e+02
8.475200000000217187e+03 2.039012286212545177e+02
8.476000000000218279e+03 2.042680360160123314e+02
8.476800000000217551e+03 2.031760697210295916e+02
8.477600000000216824e+03 2.020089952561154405e+02
8.478400000000217915e+03 2.010312948310228194e+02
8.479200000000219006e+03 2.005271592665732214e+02
8.480000000000218279e+03 2.019014442764170099e+02
8.480800000000217551e+03 2.025547688760626102e+02
8.481600000000218643e+03 2.011062634315966875e+02
8.482400000000219734e+03 2.003541448729259002e+02
8.483200000000219006e+03 2.020206161880917080e+02
8.484000000000218279e+03 2.027581942256039156e+02
8.484800000000219370e+03 2.006420187238284996e+02
8.485600000000220462e+03 1.990990638515793307e+02
8.486400000000219734e+03 1.981367977329862242e+02
8.487200000000219006e+03 1.965816131579985324e+02
8.488000000000220098e+03 1.968593499354721814e+02
8.488800000000221189e+03 1.976665141267509966e+02
8.489600000000220462e+03 1.965786115341381333e+02
8.490400000000219734e+03 1.964228267896806415e+02
8.491200000000220825e+03 1.973309309184207905e+02
8.492000000000221917e+03 1.962692401930258370e+02
8.492800000000221189e+03 1.945296531826697901e+02
8.493600000000220462e+03 1.958747036611348449e+02
8.494400000000221553e+03 1.983350745358432903e+02
8.495200000000222644e+03 1.992038697393027746e+02
8.496000000000221917e+03 1.991687681142195743e+02
8.496800000000221189e+03 1.999804670650317746e+02
8.497600000000222281e+03 2.019036058172048911e+02
8.498400000000223372e+03 2.030794198715993275e+02
8.499200000000222644e+03 2.032178363173171931e+02
8.500000000000221917e+03 2.046996216180891963e+02
8.500800000000223008e+03 2.076472475355550387e+02
8.501600000000224099e+03 2.081893844879949711e+02
8.502400000000223372e+03 2.063520809440741459e+02
8.503200000000222644e+03 2.043462606446710481e+02
8.504000000000223736e+03 2.039424819967721305e+02
8.504800000000224827e+03 2.064014447270564574e+02
8.505600000000224099e+03 2.110674245781679588e+02
8.506400000000223372e+03 2.148635001415302668e+02
8.507200000000224463e+03 2.159008288056832612e+02
8.508000000000225555e+03 2.119808231512092220e+02
8.508800000000224827e+03 2.063632400850910642e+02
8.509600000000224099e+03 2.039861613901779265e+02
8.510400000000225191e+03 2.048091317296035641e+02
8.511200000000226282e+03 2.063861608540176178e+02
8.512000000000225555e+03 2.067230789938277837e+02
8.512800000000224827e+03 2.060935742965962731e+02
8.513600000000225918e+03 2.068797472178266617e+02
8.514400000000227010e+03 2.078897057320532440e+02
8.515200000000226282e+03 2.055328628646863081e+02
8.516000000000225555e+03 2.028917136603816971e+02
8.516800000000226646e+03 2.039250246124408648e+02
8.517600000000227737e+03 2.064798988997799256e+02
8.518400000000227010e+03 2.067388844861972075e+02
8.519200000000226282e+03 2.056146993106880245e+02
8.520000000000227374e+03 2.038987096854753531e+02
8.520800000000228465e+03 2.031593569124458440e+02
8.521600000000227737e+03 2.043443896216614348e+02
8.522400000000227010e+03 2.082114275012265239e+02
8.523200000000228101e+03 2.192289730571724249e+02
8.524000000000229193e+03 2.295280130949201407e+02
8.524800000000228465e+03 2.311306750165559549e+02
8.525600000000227737e+03 2.281624175130430956e+02
8.526400000000228829e+03 2.206913803590831833e+02
8.527200000000229920e+03 2.097685990901298965e+02
8.528000000000229193e+03 2.025490824497573783e+02
8.528800000000228465e+03 2.002457112774735322e+02
8.529600000000229556e+03 2.001711036046377501e+02
8.530400000000230648e+03 2.003474946359349929e+02
8.531200000000229920e+03 1.999501463456367105e+02
8.532000000000229193e+03 2.003125171212278985e+02
8.532800000000230284e+03 2.019135070186499092e+02
8.533600000000231375e+03 2.025598393135730646e+02
8.534400000000230648e+03 2.001133457592890466e+02
8.535200000000229920e+03 1.963307966649815057e+02
8.536000000000231012e+03 1.960316620398455711e+02
8.536800000000232103e+03 1.981173150588692238e+02
8.537600000000231375e+03 1.987133943368885411e+02
8.538400000000230648e+03 1.978910450152362444e+02
8.539200000000231739e+03 1.952510202852749330e+02
8.540000000000232831e+03 1.918239143965265612e+02
8.540800000000232103e+03 1.913247243538289126e+02
8.541600000000231375e+03 1.931956574418068726e+02
8.542400000000232467e+03 1.943730388436237035e+02
8.543200000000233558e+03 1.926674508870034401e+02
8.544000000000232831e+03 1.893992718649860763e+02
8.544800000000232103e+03 1.893637956454112441e+02
8.545600000000233194e+03 1.918358678519115301e+02
8.546400000000234286e+03 1.932588598034182041e+02
8.547200000000233558e+03 1.924707664960049556e+02
8.548000000000232831e+03 1.913771229130689733e+02
8.548800000000233922e+03 1.915400500949860998e+02
8.549600000000235013e+03 1.927052351145513001e+02
8.550400000000234286e+03 1.933064025052646286e+02
8.551200000000233558e+03 1.937973934228351141e+02
8.552000000000234650e+03 1.949376246707186056e+02
8.552800000000235741e+03 1.956414404725973952e+02
8.553600000000235013e+03 1.936767096479401857e+02
8.554400000000234286e+03 1.907297518290439484e+02
8.555200000000235377e+03 1.906870472508783507e+02
8.556000000000236469e+03 1.929942785228250841e+02
8.556800000000235741e+03 1.939327507525583201e+02
8.557600000000235013e+03 1.940220470063500215e+02
8.558400000000236105e+03 1.968782464861758399e+02
8.559200000000237196e+03 1.997987034090787120e+02
8.560000000000236469e+03 1.984759984812201310e+02
8.560800000000235741e+03 1.943893906160961649e+02
8.561600000000236832e+03 1.925327371023666956e+02
8.562400000000237924e+03 1.937893090023306968e+02
8.563200000000237196e+03 1.953712351108756593e+02
8.564000000000236469e+03 1.977451786180716908e+02
8.564800000000237560e+03 1.981427449563409482e+02
8.565600000000238651e+03 1.957854955267259243e+02
8.566400000000237924e+03 1.953803065440360456e+02
8.567200000000237196e+03 1.974242616771663279e+02
8.568000000000238288e+03 1.977956867798243081e+02
8.568800000000239379e+03 1.939224967190237692e+02
8.569600000000238651e+03 1.899745264509808180e+02
8.570400000000237924e+03 1.890472395325941193e+02
8.571200000000239015e+03 1.889385633907322131e+02
8.572000000000240107e+03 1.887406786634469995e+02
8.572800000000239379e+03 1.896430156411969392e+02
8.573600000000238651e+03 1.906660986139416991e+02
8.574400000000239743e+03 1.903781665345036345e+02
8.575200000000240834e+03 1.903294827802258737e+02
8.576000000000240107e+03 1.909354100083253343e+02
8.576800000000239379e+03 1.913709748140780107e+02
8.577600000000240470e+03 1.914084565807326612e+02
8.578400000000241562e+03 1.921052182712021477e+02
8.579200000000240834e+03 1.930439845760035951e+02
8.580000000000240107e+03 1.938404355464710989e+02
8.580800000000241198e+03 1.959125365324854045e+02
8.581600000000242289e+03 1.979939702132842854e+02
8.582400000000241562e+03 1.988388407315740949e+02
8.583200000000240834e+03 2.000898207600463081e+02
8.584000000000241926e+03 2.005770922043417386e+02
8.584800000000243017e+03 1.990545641194692905e+02
8.585600000000242289e+03 1.971731543196076188e+02
8.586400000000241562e+03 1.972600272553268610e+02
8.587200000000242653e+03 1.989795718380009362e+02
8.588000000000243745e+03 2.004075120788207300e+02
8.588800000000243017e+03 1.991559691417326121e+02
8.589600000000242289e+03 1.978330446002794361e+02
8.590400000000243381e+03 1.966575067063811844e+02
8.591200000000244472e+03 1.945482648734844418e+02
8.592000000000243745e+03 1.951593874772202923e+02
8.592800000000243017e+03 1.967001552646603386e+02
8.593600000000244108e+03 1.948594767340041471e+02
8.594400000000245200e+03 1.833882060663199809e+02
8.595200000000244472e+03 1.369088264544301694e+02
8.596000000000243745e+03 6.929365107054590567e+01
8.596800000000244836e+03 6.726986651203876022e+01
8.597600000000245927e+03 1.308658990357438938e+02
8.598400000000245200e+03 1.743189144191866831e+02
8.599200000000244472e+03 1.824366102403413379e+02
8.600000000000245564e+03 1.800525978111438690e+02
8.600800000000246655e+03 1.771939995799461371e+02
8.601600000000245927e+03 1.760296670673396306e+02
8.602400000000245200e+03 1.748789032560948726e+02
8.603200000000246291e+03 1.731062551378286685e+02
8.604000000000247383e+03 1.714930491822938734e+02
8.604800000000246655e+03 1.720792304064259497e+02
8.605600000000245927e+03 1.753251373686527188e+02
8.606400000000247019e+03 1.773997734717874550e+02
8.607200000000248110e+03 1.767321015639311668e+02
8.608000000000247383e+03 1.789627685322871571e+02
8.608800000000246655e+03 1.844901185143165492e+02
8.609600000000247746e+03 1.892822389084964243e+02
8.610400000000248838e+03 1.913281014788516643e+02
8.611200000000248110e+03 1.904648152368586409e+02
8.612000000000247383e+03 1.896751195686937876e+02
8.612800000000248474e+03 1.905598538169904259e+02
8.613600000000249565e+03 1.917807435138422534e+02
8.614400000000248838e+03 1.925235839118402623e+02
8.615200000000248110e+03 1.933135696260553118e+02
8.616000000000249202e+03 1.942567029931569209e+02
8.616800000000250293e+03 1.945911268527707989e+02
8.617600000000249565e+03 1.932444735445076276e+02
8.618400000000248838e+03 1.913023352352381607e+02
8.619200000000249929e+03 1.907857640318976280e+02
8.620000000000251021e+03 1.893183098289233612e+02
8.620800000000250293e+03 1.881480095418947087e+02
8.621600000000249565e+03 1.901968013509040532e+02
8.622400000000250657e+03 1.920530884052515717e+02
8.623200000000251748e+03 1.927385965638304697e+02
8.624000000000251021e+03 1.933368994726617416e+02
8.624800000000250293e+03 1.916942636962089068e+02
8.625600000000251384e+03 1.889513051861569579e+02
8.626400000000252476e+03 1.868391617933289979e+02
8.627200000000251748e+03 1.867261785968906054e+02
8.628000000000251021e+03 1.888200098841960255e+02
8.628800000000252112e+03 1.899616521455901363e+02
8.629600000000253203e+03 1.895378934419106827e+02
8.630400000000252476e+03 1.898580137597411976e+02
8.631200000000251748e+03 1.896280488660344190e+02
8.632000000000252840e+03 1.912465360457371730e+02
8.632800000000253931e+03 1.939158315735646738e+02
8.633600000000253203e+03 1.933905456085656169e+02
8.634400000000252476e+03 1.920302325234714260e+02
8.635200000000253567e+03 1.913665926323054123e+02
8.636000000000254659e+03 1.913455469982245631e+02
8.636800000000253931e+03 1.910474419044669787e+02
8.637600000000253203e+03 1.877773068469740565e+02
8.638400000000254295e+03 1.844252279016018861e+02
8.639200000000255386e+03 1.838963399172823188e+02
8.640000000000254659e+03 1.840823071872040373e+02
8.640800000000253931e+03 1.815972488490479577e+02
8.641600000000255022e+03 1.770962111024944079e+02
8.642400000000256114e+03 1.738493980704966475e+02
8.643200000000255386e+03 1.705771890972527558e+02
8.644000000000254659e+03 1.651428403361948654e+02
8.644800000000255750e+03 1.603082549643582979e+02
8.645600000000256841e+03 1.579845849826758979e+02
8.646400000000256114e+03 1.572597217683916710e+02
8.647200000000255386e+03 1.554887576243187368e+02
8.648000000000256478e+03 1.518702294117985048e+02
8.648800000000257569e+03 1.485843106767507322e+02
8.649600000000256841e+03 1.474924017384024921e+02
8.650400000000256114e+03 1.510359605603440798e+02
8.651200000000257205e+03 1.565970955579034012e+02
8.652000000000258296e+03 1.600219821841129146e+02
8.652800000000257569e+03 1.636271350738790886e+02
8.653600000000256841e+03 1.679835934378954221e+02
8.654400000000257933e+03 1.722910668930992415e+02
8.655200000000259024e+03 1.773329583932893172e+02
8.656000000000258296e+03 1.823238503827117825e+02
8.656800000000257569e+03 1.854986358488121141e+02
8.657600000000258660e+03 1.853549041672797557e+02
8.658400000000259752e+03 1.859680813873001171e+02
8.659200000000259024e+03 1.879517811676112728e+02
8.660000000000258296e+03 1.883897047986893654e+02
8.660800000000259388e+03 1.895983424865052029e+02
8.661600000000260479e+03 1.913162574524496335e+02
8.662400000000259752e+03 1.913691526203560045e+02
8.663200000000259024e+03 1.927166597055175430e+02
8.664000000000260115e+03 1.958529307544088738e+02
8.664800000000261207e+03 1.973344227172052001e+02
8.665600000000260479e+03 1.960532130289933548e+02
8.666400000000259752e+03 1.952083647066659751e+02
8.667200000000260843e+03 1.952435627530477973e+02
8.668000000000261934e+03 1.958076220058720196e+02
8.668800000000261207e+03 1.964598481391102780e+02
8.669600000000260479e+03 1.977392062262696300e+02
8.670400000000261571e+03 1.964603967403103866e+02
8.671200000000262662e+03 1.931185218865486775e+02
8.672000000000261934e+03 1.933332878583005936e+02
8.672800000000261207e+03 1.946947716410870441e+02
8.673600000000262298e+03 1.942371443547940544e+02
8.674400000000263390e+03 1.948374116362339237e+02
8.675200000000262662e+03 1.966091205525056012e+02
8.676000000000261934e+03 1.985446651343662836e+02
8.676800000000263026e+03 2.009710941199175522e+02
8.677600000000264117e+03 2.026494702451116154e+02
8.678400000000263390e+03 2.026710471120351826e+02
8.679200000000262662e+03 2.008457900957900222e+02
8.680000000000263753e+03 1.994495836900978816e+02
8.680800000000264845e+03 2.006711641018076762e+02
8.681600000000264117e+03 2.009054172307999693e+02
8.682400000000263390e+03 2.009229289204537281e+02
8.683200000000264481e+03 2.027931929508072812e+02
8.684000000000265572e+03 2.031985307950886011e+02
8.684800000000264845e+03 2.007793374412082130e+02
8.685600000000264117e+03 1.984314487434623402e+02
8.686400000000265209e+03 1.977265707433032276e+02
8.687200000000266300e+03 1.985258948452256504e+02
8.688000000000265572e+03 1.985813750436537362e+02
8.688800000000264845e+03 1.966773153268183876e+02
8.689600000000265936e+03 1.946723610926151196e+02
8.690400000000267028e+03 1.936886211768741646e+02
8.691200000000266300e+03 1.951373868150898829e+02
8.692000000000265572e+03 1.967210214810117748e+02
8.692800000000266664e+03 1.968621005834901894e+02
8.693600000000267755e+03 1.973769683246872830e+02
8.694400000000267028e+03 2.008347917053094420e+02
8.695200000000266300e+03 2.042454371023490296e+02
8.696000000000267391e+03 2.016063000245398769e+02
8.696800000000268483e+03 1.960637732630205505e+02
8.697600000000267755e+03 1.929721229961934057e+02
8.698400000000267028e+03 1.925368790000571266e+02
8.699200000000268119e+03 1.933274750602732865e+02
8.700000000000269210e+03 1.947824079919405449e+02
8.700800000000268483e+03 1.971386768113575272e+02
8.701600000000267755e+03 2.009057062889754661e+02
8.702400000000268847e+03 2.045877083507778025e+02
8.703200000000269938e+03 2.038803812368349782e+02
8.704000000000269210e+03 2.001059972192190912e+02
8.704800000000268483e+03 1.976168304202998911e+02
8.705600000000269574e+03 1.996229995698441826e+02
8.706400000000270666e+03 2.022020702505064378e+02
8.707200000000269938e+03 2.019211447016726595e+02
8.708000000000269210e+03 1.997306720945118741e+02
8.708800000000270302e+03 1.984887786667048886e+02
8.709600000000271393e+03 1.978614691124927276e+02
8.710400000000270666e+03 1.960170821254196767e+02
8.711200000000269938e+03 1.940492430903466072e+02
8.712000000000271029e+03 1.947512894641328103e+02
8.712800000000272121e+03 1.977102556520036956e+02
8.713600000000271393e+03 1.984271304447393049e+02
8.714400000000270666e+03 1.983509677745184376e+02
8.715200000000271757e+03 2.000497781253899916e+02
8.716000000000272848e+03 2.005202148561833440e+02
8.716800000000272121e+03 1.990082064773224317e+02
8.717600000000271393e+03 1.992484859641252797e+02
8.718400000000272485e+03 2.003410378483756062e+02
8.719200000000273576e+03 1.998069463875506244e+02
8.720000000000272848e+03 1.988812787273398328e+02
8.720800000000272121e+03 1.984406208114952506e+02
8.721600000000273212e+03 1.979079813694701784e+02
8.722400000000274304e+03 1.981241390219215930e+02
8.723200000000273576e+03 1.987229085564111983e+02
8.724000000000272848e+03 1.993569269014712404e+02
8.724800000000273940e+03 2.004613510184444181e+02
8.725600000000275031e+03 2.006744508124259028e+02
8.726400000000274304e+03 2.004049207352510109e+02
8.727200000000273576e+03 2.003829082390114422e+02
8.728000000000274667e+03 2.000408222681273287e+02
8.728800000000275759e+03 1.997403426361777292e+02
8.729600000000275031e+03 2.014802298921047452e+02
8.730400000000274304e+03 2.042830597475065701e+02
8.731200000000275395e+03 2.056757867281448284e+02
8.732000000000276486e+03 2.046639241934542497e+02
8.732800000000275759e+03 2.031179139621490322e+02
8.733600000000275031e+03 2.025198377084516324e+02
8.734400000000276123e+03 2.034182900690804559e+02
8.735200000000277214e+03 2.057308538809309653e+02
8.736000000000276486e+03 2.061459484350741604e+02
8.736800000000275759e+03 2.047213282739560043e+02
8.737600000000276850e+03 2.035294747048287718e+02
8.738400000000277942e+03 2.019938916567082003e+02
8.739200000000277214e+03 2.009327409608597463e+02
8.740000000000276486e+03 2.027533145608175005e+02
8.740800000000277578e+03 2.045506081607995270e+02
8.741600000000278669e+03 2.049460929295779579e+02
8.742400000000277942e+03 2.057960687753526372e+02
8.743200000000277214e+03 2.057693059100380140e+02
8.744000000000278305e+03 2.046478076889927706e+02
8.744800000000279397e+03 2.043900688673425066e+02
8.745600000000278669e+03 2.051838755837171107e+02
8.746400000000277942e+03 2.047869025564964431e+02
8.747200000000279033e+03 2.046815329895542277e+02
8.748000000000280124e+03 2.060483466641690029e+02
8.748800000000279397e+03 2.068708580525389493e+02
8.749600000000278669e+03 2.051310687575770544e+02
8.750400000000279761e+03 2.011384010072912645e+02
8.751200000000280852e+03 1.969503460149782086e+02
8.752000000000280124e+03 1.961617743905731572e+02
8.752800000000279397e+03 1.985783886517179724e+02
8.753600000000280488e+03 2.003255397082733680e+02
8.754400000000281580e+03 2.006237273863682731e+02
8.755200000000280852e+03 1.984754405612251844e+02
8.756000000000280124e+03 1.958578621730086127e+02
8.756800000000281216e+03 1.958681709383255338e+02
8.757600000000282307e+03 1.958205424705214739e+02
8.758400000000281580e+03 1.919095906360432480e+02
8.759200000000280852e+03 1.885272046242640727e+02
8.760000000000281943e+03 1.901905883349963062e+02
8.760800000000283035e+03 1.926164267358126381e+02
8.761600000000282307e+03 1.915144629773564304e+02
8.762400000000281580e+03 1.875297202283792899e+02
8.763200000000282671e+03 1.867526412109457965e+02
8.764000000000283762e+03 1.903595485287220868e+02
8.764800000000283035e+03 1.899213645455578217e+02
8.765600000000282307e+03 1.851463570471973981e+02
8.766400000000283399e+03 1.813206230987494223e+02
8.767200000000284490e+03 1.785993045824945682e+02
8.768000000000283762e+03 1.737987613863650438e+02
8.768800000000283035e+03 1.671085326545865541e+02
8.769600000000284126e+03 1.641213205752630415e+02
8.770400000000285218e+03 1.671951072027494547e+02
8.771200000000284490e+03 1.708857117373449910e+02
8.772000000000283762e+03 1.718103405508728940e+02
8.772800000000284854e+03 1.716153263184426692e+02
8.773600000000285945e+03 1.721326666802218028e+02
8.774400000000285218e+03 1.751075485019680968e+02
8.775200000000284490e+03 1.803270726257962906e+02
8.776000000000285581e+03 1.831387602566031489e+02
8.776800000000286673e+03 1.846692121503290593e+02
8.777600000000285945e+03 1.883314395570382942e+02
8.778400000000285218e+03 1.909964562130727472e+02
8.779200000000286309e+03 1.927715675410942424e+02
8.780000000000287400e+03 1.948553024735188330e+02
8.780800000000286673e+03 1.961492135717678593e+02
8.781600000000285945e+03 1.953431916029668969e+02
8.782400000000287037e+03 1.940101535692318748e+02
8.783200000000288128e+03 1.945877516438966381e+02
8.784000000000287400e+03 1.960474801476759978e+02
8.784800000000286673e+03 1.974835191800421228e+02
8.785600000000287764e+03 1.983673506805494640e+02
8.786400000000288856e+03 1.974698747373195147e+02
8.787200000000288128e+03 1.961527745563253120e+02
8.788000000000287400e+03 1.970054318202289210e+02
8.788800000000288492e+03 1.983340537170447533e+02
8.789600000000289583e+03 1.977893330105520135e+02
8.790400000000288856e+03 1.981417937834888505e+02
8.791200000000288128e+03 2.007833305043480436e+02
8.792000000000289219e+03 2.017524022214587944e+02
8.792800000000290311e+03 1.992773357724896357e+02
8.793600000000289583e+03 1.982836500111924352e+02
8.794400000000288856e+03 1.976785589113992501e+02
8.795200000000289947e+03 1.950226551926905643e+02
8.796000000000291038e+03 1.938625242175575352e+02
8.796800000000290311e+03 1.938485293298295460e+02
8.797600000000289583e+03 1.942328689610708921e+02
8.798400000000290675e+03 1.956487298999354323e+02
8.799200000000291766e+03 1.954837089161415236e+02
8.800000000000291038e+03 1.941871900844435004e+02
8.800800000000290311e+03 1.951145777428659471e+02
8.801600000000291402e+03 1.984380013611606159e+02
8.802400000000292493e+03 2.011527845042270997e+02
8.803200000000291766e+03 2.031842663795233079e+02
8.804000000000291038e+03 2.033237328870688998e+02
8.804800000000292130e+03 2.001598628444156702e+02
8.805600000000293221e+03 1.887393095316645031e+02
8.806400000000292493e+03 1.515390486030354964e+02
8.807200000000291766e+03 1.213719582548906573e+02
8.808000000000292857e+03 1.545415064685400921e+02
8.808800000000293949e+03 1.936275829203181047e+02
8.809600000000293221e+03 2.041642893289875360e+02
8.810400000000292493e+03 2.057655286839299720e+02
8.811200000000293585e+03 2.071147191823704929e+02
8.812000000000294676e+03 2.065951741415628931e+02
8.812800000000293949e+03 2.049099820163634149e+02
8.813600000000293221e+03 2.047792863060712421e+02
8.814400000000294312e+03 2.047209536691159144e+02
8.815200000000295404e+03 2.041395840986125449e+02
8.816000000000294676e+03 2.038796558430772166e+02
8.816800000000293949e+03 2.032102727706916312e+02
8.817600000000295040e+03 2.037492033536867382e+02
8.818400000000296131e+03 2.062048782641874709e+02
8.819200000000295404e+03 2.074202335098225376e+02
8.820000000000294676e+03 2.066033498796927290e+02
8.820800000000295768e+03 2.062416350146876880e+02
8.821600000000296859e+03 2.055221322094570837e+02
8.822400000000296131e+03 2.032596221659970297e+02
8.823200000000295404e+03 2.024592390173108925e+02
8.824000000000296495e+03 2.027541346893785033e+02
8.824800000000297587e+03 2.028849959770131193e+02
8.825600000000296859e+03 2.050427886081380677e+02
8.826400000000296131e+03 2.083251148920751064e+02
8.827200000000297223e+03 2.101883718005247488e+02
8.828000000000298314e+03 2.117412358574860889e+02
8.828800000000297587e+03 2.136197939709195452e+02
8.829600000000296859e+03 2.132672006329575538e+02
8.830400000000297950e+03 2.106916391280175844e+02
8.831200000000299042e+03 2.086407858030741806e+02
8.832000000000298314e+03 2.060231962073046077e+02
8.832800000000297587e+03 2.040136491256787394e+02
8.833600000000298678e+03 2.055120512327399069e+02
8.834400000000299769e+03 2.076340965401284961e+02
8.835200000000299042e+03 2.069192590537437582e+02
8.836000000000298314e+03 2.067428970048342194e+02
8.836800000000299406e+03 2.073940180984899939e+02
8.837600000000300497e+03 2.056680601616633908e+02
8.838400000000299769e+03 2.060476160990336894e+02
8.839200000000299042e+03 2.098543634158913846e+02
8.840000000000300133e+03 2.107519873376343185e+02
8.840800000000301225e+03 2.082211319721044731e+02
8.841600000000300497e+03 2.054459686655331154e+02
8.842400000000299769e+03 2.037908831739231346e+02
8.843200000000300861e+03 2.047023193160068217e+02
8.844000000000301952e+03 2.075667422619278568e+02
8.844800000000301225e+03 2.081427909068648034e+02
8.845600000000300497e+03 2.066148730810115524e+02
8.846400000000301588e+03 2.057837536775232365e+02
8.847200000000302680e+03 2.048512588794005467e+02
8.848000000000301952e+03 2.038092499278654941e+02
8.848800000000301225e+03 2.040737139177290373e+02
8.849600000000302316e+03 2.043632511789029991e+02
8.850400000000303407e+03 2.055201354570453418e+02
8.851200000000302680e+03 2.069026986129546231e+02
8.852000000000301952e+03 2.056559902266296831e+02
8.852800000000303044e+03 2.045627437654233063e+02
8.853600000000304135e+03 2.040886737253306933e+02
8.854400000000303407e+03 2.041100232550266469e+02
8.855200000000302680e+03 2.045730258734049869e+02
8.856000000000303771e+03 2.033893327617837485e+02
8.856800000000304863e+03 2.020328219200875992e+02
8.857600000000304135e+03 2.047450289370360679e+02
8.858400000000303407e+03 2.084619603639075649e+02
8.859200000000304499e+03 2.067378907766891700e+02
8.860000000000305590e+03 2.034619551153638213e+02
8.860800000000304863e+03 2.006707530615568089e+02
8.861600000000304135e+03 1.990060018245129640e+02
8.862400000000305226e+03 2.016194679408487218e+02
8.863200000000306318e+03 2.052403786034224140e+02
8.864000000000305590e+03 2.052522056476092871e+02
8.864800000000304863e+03 2.026373083083897200e+02
8.865600000000305954e+03 2.025713764703919253e+02
8.866400000000307045e+03 2.041914122743449411e+02
8.867200000000306318e+03 2.042341341753749191e+02
8.868000000000305590e+03 2.035351679694956317e+02
8.868800000000306682e+03 2.021561467150480667e+02
8.869600000000307773e+03 1.993899921406529074e+02
8.870400000000307045e+03 1.984151610702178630e+02
8.871200000000306318e+03 2.008162449691274105e+02
8.872000000000307409e+03 2.022529050540611593e+02
8.872800000000308501e+03 2.024110802635954087e+02
8.873600000000307773e+03 2.038647818666366334e+02
8.874400000000307045e+03 2.059637000382895735e+02
8.875200000000308137e+03 2.064910569923182777e+02
8.876000000000309228e+03 2.056220710688630220e+02
8.876800000000308501e+03 2.055327011919047777e+02
8.877600000000307773e+03 2.072357161236232628e+02
8.878400000000308864e+03 2.070068015565479982e+02
8.879200000000309956e+03 2.044180117391153431e+02
8.880000000000309228e+03 2.034599811339811026e+02
8.880800000000308501e+03 2.042157907108629047e+02
8.881600000000309592e+03 2.034780377146534249e+02
8.882400000000310683e+03 2.024242719131379431e+02
8.883200000000309956e+03 2.039365246153691658e+02
8.884000000000309228e+03 2.047338680167464418e+02
8.884800000000310320e+03 2.030770935701006579e+02
8.885600000000311411e+03 2.023705388433867540e+02
8.886400000000310683e+03 2.023253088480409190e+02
8.887200000000309956e+03 2.024346430334131810e+02
8.888000000000311047e+03 2.066120875587376418e+02
8.888800000000312139e+03 2.142780168137441024e+02
8.889600000000311411e+03 2.191837666921012158e+02
8.890400000000310683e+03 2.200862404591182440e+02
8.891200000000311775e+03 2.190006833445323764e+02
8.892000000000312866e+03 2.154170429090391110e+02
8.892800000000312139e+03 2.125292270385349411e+02
8.893600000000311411e+03 2.131066739774403516e+02
8.894400000000312502e+03 2.136451864219887682e+02
8.895200000000313594e+03 2.132005125320947627e+02
8.896000000000312866e+03 2.126425274240675378e+02
8.896800000000312139e+03 2.127552410720965099e+02
8.897600000000313230e+03 2.136982638554304117e+02
8.898400000000314321e+03 2.137009544491444899e+02
8.899200000000313594e+03 2.131488194655619850e+02
8.900000000000312866e+03 2.122794627727689658e+02
8.900800000000313958e+03 2.092763443330989901e+02
8.901600000000315049e+03 2.051175848022710397e+02
8.902400000000314321e+03 2.051567195772643117e+02
8.903200000000313594e+03 2.073436387451304199e+02
8.904000000000314685e+03 2.051164630840802090e+02
8.904800000000315777e+03 1.998748029935788111e+02
8.905600000000315049e+03 1.971564281377613952e+02
8.906400000000314321e+03 1.981211968608019163e+02
8.907200000000315413e+03 2.010393129270966881e+02
8.908000000000316504e+03 2.038509548198936727e+02
8.908800000000315777e+03 2.046910058956117098e+02
8.909600000000315049e+03 2.044122158177037818e+02
8.910400000000316140e+03 2.052852067767647384e+02
8.911200000000317232e+03 2.064263858894897794e+02
8.912000000000316504e+03 2.054330686985872205e+02
8.912800000000315777e+03 2.033599832495018518e+02
8.913600000000316868e+03 2.019367427651052935e+02
8.914400000000317959e+03 2.015503818183800604e+02
8.915200000000317232e+03 2.011828100359261953e+02
8.916000000000316504e+03 2.011764507599521039e+02
8.916800000000317596e+03 2.012784452994083324e+02
8.917600000000318687e+03 2.007520002043887928e+02
8.918400000000317959e+03 2.013457476288348289e+02
8.919200000000317232e+03 2.037906778356359041e+02
8.920000000000318323e+03 2.047549313552264607e+02
8.920800000000319415e+03 2.015316259098353271e+02
8.921600000000318687e+03 1.997417775267415152e+02
8.922400000000317959e+03 2.057776178001415701e+02
8.923200000000319051e+03 2.138343061154939164e+02
8.924000000000320142e+03 2.161352922129985075e+02
8.924800000000319415e+03 2.146663292222164898e+02
8.925600000000318687e+03 2.116842598825936648e+02
8.926400000000319778e+03 2.099286423273962328e+02
8.927200000000320870e+03 2.092228615211531064e+02
8.928000000000320142e+03 1.986045221626323212e+02
8.928800000000319415e+03 1.592072487136144048e+02
8.929600000000320506e+03 1.296133834782717713e+02
8.930400000000321597e+03 1.663104847423290664e+02
8.931200000000320870e+03 2.032757381780293997e+02
8.932000000000320142e+03 2.086751202499590931e+02
8.932800000000321234e+03 2.085318243082539880e+02
8.933600000000322325e+03 2.089631644950060831e+02
8.934400000000321597e+03 2.084159349414563280e+02
8.935200000000320870e+03 2.089093900761146188e+02
8.936000000000321961e+03 2.101062034396292404e+02
8.936800000000323053e+03 2.092574255342224205e+02
8.937600000000322325e+03 2.084279843156904235e+02
8.938400000000321597e+03 2.104414427723987160e+02
8.939200000000322689e+03 2.138988007607526924e+02
8.940000000000323780e+03 2.167698433817873251e+02
8.940800000000323053e+03 2.174639499638186351e+02
8.941600000000322325e+03 2.161066872680034976e+02
8.942400000000323416e+03 2.147738392316674663e+02
8.943200000000324508e+03 2.141206656186419082e+02
8.944000000000323780e+03 2.139192316287181370e+02
8.944800000000323053e+03 2.129730916675329411e+02
8.945600000000324144e+03 2.121387924667217248e+02
8.946400000000325235e+03 2.136964783021096537e+02
8.947200000000324508e+03 2.150731742797015045e+02
8.948000000000323780e+03 2.150334824165028067e+02
8.948800000000324872e+03 2.157698572024039834e+02
8.949600000000325963e+03 2.147547550141016188e+02
8.950400000000325235e+03 2.114755654980384634e+02
8.951200000000324508e+03 2.091050935242299147e+02
8.952000000000325599e+03 2.086306204359316325e+02
8.952800000000326690e+03 2.092694347959575509e+02
8.953600000000325963e+03 2.106084758999215012e+02
8.954400000000325235e+03 2.123480774101756197e+02
8.955200000000326327e+03 2.142390621565949402e+02
8.956000000000327418e+03 2.142452244267456365e+02
8.956800000000326690e+03 2.134256883224463479e+02
8.957600000000325963e+03 2.151078325161259386e+02
8.958400000000327054e+03 2.191767213545728623e+02
8.959200000000328146e+03 2.210742741325183829e+02
8.960000000000327418e+03 2.203442516807118068e+02
8.960800000000326690e+03 2.215888038105629789e+02
8.961600000000327782e+03 2.207727487962613964e+02
8.962400000000328873e+03 2.164371320335529845e+02
8.963200000000328146e+03 2.140601414033949652e+02
8.964000000000327418e+03 2.150843036216876953e+02
8.964800000000328509e+03 2.179598964549013544e+02
8.965600000000329601e+03 2.196488611842860337e+02
8.966400000000328873e+03 2.183736363786679249e+02
8.967200000000328146e+03 2.153113141739995626e+02
8.968000000000329237e+03 2.114237568532875002e+02
8.968800000000330328e+03 2.091584516097568098e+02
8.969600000000329601e+03 2.092195265086035647e+02
8.970400000000328873e+03 2.091275216749116339e+02
8.971200000000329965e+03 2.079825497791241560e+02
8.972000000000331056e+03 2.072382381456200733e+02
8.972800000000330328e+03 2.074318559142921572e+02
8.973600000000329601e+03 2.061414929839968408e+02
8.974400000000330692e+03 2.031107699924759231e+02
8.975200000000331784e+03 2.000252106994958581e+02
8.976000000000331056e+03 1.979320425723083190e+02
8.976800000000330328e+03 1.976402847165005312e+02
8.977600000000331420e+03 1.984628793136468516e+02
8.978400000000332511e+03 1.989913537208204843e+02
8.979200000000331784e+03 1.994797312981800701e+02
8.980000000000331056e+03 2.012246265501618723e+02
8.980800000000332147e+03 2.034698286249211492e+02
8.981600000000333239e+03 2.043325783750671576e+02
8.982400000000332511e+03 2.036048475467406718e+02
8.983200000000331784e+03 2.002485308988885890e+02
8.984000000000332875e+03 1.980839233070198588e+02
8.984800000000333966e+03 1.981846052776721194e+02
8.985600000000333239e+03 1.988016377420142362e+02
8.986400000000332511e+03 1.995025743813322379e+02
8.987200000000333603e+03 1.996387519579480454e+02
8.988000000000334694e+03 1.982098574208993682e+02
8.988800000000333966e+03 1.972130949653068797e+02
8.989600000000333239e+03 1.996766915759245080e+02
8.990400000000334330e+03 2.028951072748867830e+02
8.991200000000335422e+03 2.044162901595083781e+02
8.992000000000334694e+03 2.042987466327302002e+02
8.992800000000333966e+03 2.049311328163954613e+02
8.993600000000335058e+03 2.057367175489223996e+02
8.994400000000336149e+03 2.039368636575572395e+02
8.995200000000335422e+03 2.012949675999985288e+02
8.996000000000334694e+03 2.006708486322057752e+02
8.996800000000335785e+03 2.020661097910868875e+02
8.997600000000336877e+03 2.042189500261845865e+02
8.998400000000336149e+03 2.056225585384855208e+02
8.999200000000335422e+03 2.056462776204660940e+02
9.000000000000336513e+03 2.046833941004688597e+02
9.000800000000337604e+03 2.039668018969759942e+02
9.001600000000336877e+03 2.059921000330341769e+02
9.002400000000336149e+03 2.088473820363290088e+02
9.003200000000337241e+03 2.053216172994115709e+02
9.004000000000338332e+03 1.972534674501430914e+02
9.004800000000337604e+03 1.958673240656363816e+02
9.005600000000336877e+03 2.000937412209209469e+02
9.006400000000337968e+03 2.014212230453742620e+02
9.007200000000339060e+03 2.012319093983262519e+02
9.008000000000338332e+03 2.031212573091661966e+02
9.008800000000337604e+03 2.054311706279639225e+02
9.009600000000338696e+03 2.063452586925774312e+02
9.010400000000339787e+03 2.069271301850477585e+02
9.011200000000339060e+03 2.082079755911240966e+02
9.012000000000338332e+03 2.080025301570117051e+02
9.012800000000339423e+03 2.054303096207189299e+02
9.013600000000340515e+03 2.036693990033901400e+02
9.014400000000339787e+03 2.039965834709679200e+02
9.015200000000339060e+03 2.039422518558883439e+02
9.016000000000340151e+03 2.020641158304225655e+02
9.016800000000341242e+03 2.017509833582798251e+02
9.017600000000340515e+03 2.018168102545718057e+02
9.018400000000339787e+03 1.987168691954477140e+02
9.019200000000340879e+03 1.950925774272015474e+02
9.020000000000341970e+03 1.954020148609664602e+02
9.020800000000341242e+03 1.981849827142876563e+02
9.021600000000340515e+03 2.009253597176718245e+02
9.022400000000341606e+03 2.031526626466507821e+02
9.023200000000342698e+03 2.032332789792281460e+02
9.024000000000341970e+03 2.019613968928345002e+02
9.024800000000341242e+03 2.015059301571367314e+02
9.025600000000342334e+03 2.011495460649570362e+02
9.026400000000343425e+03 2.011498017394976614e+02
9.027200000000342698e+03 2.027908687505595822e+02
9.028000000000341970e+03 2.047350022868236010e+02
9.028800000000343061e+03 2.063683390820440877e+02
9.029600000000344153e+03 2.064309373834067287e+02
9.030400000000343425e+03 2.039045143691901103e+02
9.031200000000342698e+03 2.025179703486833489e+02
9.032000000000343789e+03 2.040884525836450507e+02
9.032800000000344880e+03 2.067812002107143030e+02
9.033600000000344153e+03 2.071916508934774868e+02
9.034400000000343425e+03 2.052825035938876681e+02
9.035200000000344517e+03 2.045541577443733843e+02
9.036000000000345608e+03 2.035970259051247240e+02
9.036800000000344880e+03 2.035428955638597586e+02
9.037600000000344153e+03 2.053654818192405287e+02
9.038400000000345244e+03 2.067529229734271325e+02
9.039200000000346336e+03 2.079111905278154211e+02
9.040000000000345608e+03 2.074021463758199673e+02
9.040800000000344880e+03 2.059839030793324923e+02
9.041600000000345972e+03 2.062168048581478388e+02
9.042400000000347063e+03 2.081351905205380035e+02
9.043200000000346336e+03 2.089489745898061983e+02
9.044000000000345608e+03 2.071838039276659629e+02
9.044800000000346699e+03 2.055864057655601869e+02
9.045600000000347791e+03 2.062002172371715005e+02
9.046400000000347063e+03 2.062496672375514208e+02
9.047200000000346336e+03 2.039041671464933074e+02
9.048000000000347427e+03 2.033511044651437487e+02
9.048800000000348518e+03 2.045570359496969957e+02
9.049600000000347791e+03 2.033697935959050938e+02
9.050400000000347063e+03 2.012539990379909796e+02
9.051200000000348155e+03 2.022679144363983710e+02
9.052000000000349246e+03 2.048562399483563468e+02
9.052800000000348518e+03 2.048609697544455344e+02
9.053600000000347791e+03 2.059853660882660051e+02
9.054400000000348882e+03 2.086995837589394966e+02
9.055200000000349974e+03 2.092107336450249022e+02
9.056000000000349246e+03 2.069756701732459874e+02
9.056800000000348518e+03 2.037274222199940539e+02
9.057600000000349610e+03 2.018030700769238024e+02
9.058400000000350701e+03 2.018877791343971353e+02
9.059200000000349974e+03 2.016488973600942245e+02
9.060000000000349246e+03 1.997858463760074130e+02
9.060800000000350337e+03 2.000249166818458093e+02
9.061600000000351429e+03 2.018798207556904458e+02
9.062400000000350701e+03 2.011585818191985595e+02
9.063200000000349974e+03 2.001995091042638819e+02
9.064000000000351065e+03 2.021117164461151390e+02
9.064800000000352156e+03 2.048952672062100646e+02
9.065600000000351429e+03 2.076821084585685639e+02
9.066400000000350701e+03 2.100422641124035579e+02
9.067200000000351793e+03 2.106849396994583685e+02
9.068000000000352884e+03 2.093700344341874597e+02
9.068800000000352156e+03 2.080033708592122252e+02
9.069600000000351429e+03 2.094961858946030020e+02
9.070400000000352520e+03 2.110899901735604658e+02
9.071200000000353612e+03 2.093631877656391680e+02
9.072000000000352884e+03 2.082259842508337329e+02
9.072800000000352156e+03 2.075974279421418487e+02
9.073600000000353248e+03 2.075687938187815575e+02
9.074400000000354339e+03 2.092647772362965384e+02
9.075200000000353612e+03 2.089430589117687305e+02
9.076000000000352884e+03 2.076852633790496157e+02
9.076800000000353975e+03 2.060788092394045634e+02
9.077600000000355067e+03 2.045562078063259719e+02
9.078400000000354339e+03 2.036427116348209552e+02
9.079200000000353612e+03 2.038188794018338967e+02
9.080000000000354703e+03 2.049024033389338229e+02
9.080800000000355794e+03 2.050340243944148710e+02
9.081600000000355067e+03 2.040317480519703963e+02
9.082400000000354339e+03 2.045310730819548439e+02
9.083200000000355431e+03 2.061545927218435281e+02
9.084000000000356522e+03 2.073672956523016637e+02
9.084800000000355794e+03 2.086608909828248102e+02
9.085600000000355067e+03 2.088570985822751425e+02
9.086400000000356158e+03 2.078735685616355795e+02
9.087200000000357250e+03 2.064903833422639536e+02
9.088000000000356522e+03 2.032937972620567280e+02
9.088800000000355794e+03 1.999873532432119987e+02
9.089600000000356886e+03 2.010808527585958814e+02
9.090400000000357977e+03 2.059197088463704972e+02
9.091200000000357250e+03 2.078176262485166603e+02
9.092000000000356522e+03 2.062844372746899069e+02
9.092800000000357613e+03 2.064966055623888792e+02
9.093600000000358705e+03 2.082171743375534447e+02
9.094400000000357977e+03 2.072719347202979066e+02
9.095200000000357250e+03 2.072905274790037993e+02
9.096000000000358341e+03 2.102378613511109222e+02
9.096800000000359432e+03 2.125210545280053509e+02
9.097600000000358705e+03 2.117272453485802544e+02
9.098400000000357977e+03 2.081041149597083972e+02
9.099200000000359069e+03 2.056159014103306504e+02
9.100000000000360160e+03 2.062462478880114816e+02
9.100800000000359432e+03 2.095023422564696887e+02
9.101600000000358705e+03 2.131612734153833912e+02
9.102400000000359796e+03 2.129837779188749209e+02
9.103200000000360887e+03 2.094553200020099553e+02
9.104000000000360160e+03 2.042411680499419049e+02
9.104800000000359432e+03 2.017226613411257290e+02
9.105600000000360524e+03 2.039980731078812255e+02
9.106400000000361615e+03 2.056629646463626955e+02
9.107200000000360887e+03 2.040998202804075845e+02
9.108000000000360160e+03 2.027684925527777864e+02
9.108800000000361251e+03 2.035000032850212222e+02
9.109600000000362343e+03 2.047752679135468838e+02
9.110400000000361615e+03 2.066882689640809758e+02
9.111200000000360887e+03 2.087355321005864539e+02
9.112000000000361979e+03 2.092938108441563827e+02
9.112800000000363070e+03 2.082932290857925750e+02
9.113600000000362343e+03 2.074647418722344128e+02
9.114400000000361615e+03 2.069543172283952401e+02
9.115200000000362706e+03 2.052610768230010763e+02
9.116000000000363798e+03 2.046465506737350211e+02
9.116800000000363070e+03 2.052844985478012347e+02
9.117600000000362343e+03 2.049257511712062296e+02
9.118400000000363434e+03 2.049629384956593867e+02
9.119200000000364525e+03 2.060719132230099433e+02
9.120000000000363798e+03 2.081555625638377478e+02
9.120800000000363070e+03 2.097484108212206024e+02
9.121600000000364162e+03 2.072339673631495316e+02
9.122400000000365253e+03 2.033414922326263650e+02
9.123200000000364525e+03 2.028975859030105084e+02
9.124000000000363798e+03 2.041835798228523799e+02
9.124800000000364889e+03 2.035267997534409403e+02
9.125600000000365981e+03 2.003182133323610401e+02
9.126400000000365253e+03 1.957691924270649224e+02
9.127200000000364525e+03 1.914544116318857903e+02
9.128000000000365617e+03 1.896898278544571212e+02
9.128800000000366708e+03 1.901587405172708145e+02
9.129600000000365981e+03 1.939751230650135199e+02
9.130400000000365253e+03 2.015681303356128069e+02
9.131200000000366344e+03 2.066809786329585847e+02
9.132000000000367436e+03 2.059734893143728698e+02
9.132800000000366708e+03 2.022079281293997894e+02
9.133600000000365981e+03 1.996355496119540192e+02
9.134400000000367072e+03 1.995123958893740621e+02
9.135200000000368163e+03 1.977493162761224994e+02
9.136000000000367436e+03 1.953938400133205278e+02
9.136800000000366708e+03 1.962378859808210336e+02
9.137600000000367800e+03 2.007439745454603326e+02
9.138400000000368891e+03 2.025003894726463614e+02
9.139200000000368163e+03 2.002222373563667475e+02
9.140000000000367436e+03 1.998972254677150886e+02
9.140800000000368527e+03 2.019111933776867431e+02
9.141600000000369619e+03 2.042990086146675992e+02
9.142400000000368891e+03 2.074899427707982795e+02
9.143200000000368163e+03 2.110492919154573883e+02
9.144000000000369255e+03 2.125739450423970425e+02
9.144800000000370346e+03 2.115399343112766815e+02
9.145600000000369619e+03 2.103097871771824430e+02
9.146400000000368891e+03 2.089055516379120547e+02
9.147200000000369982e+03 2.072533955825691692e+02
9.148000000000371074e+03 2.059630140317935343e+02
9.148800000000370346e+03 2.060724238071451282e+02
9.149600000000369619e+03 2.089135050790548007e+02
9.150400000000370710e+03 2.111524179002373103e+02
9.151200000000371801e+03 2.101257316345370896e+02
9.152000000000371074e+03 2.093484780292135383e+02
9.152800000000370346e+03 2.119951956718500696e+02
9.153600000000371438e+03 2.143258748058533456e+02
9.154400000000372529e+03 2.130133467164744161e+02
9.155200000000371801e+03 2.098926812277911438e+02
9.156000000000371074e+03 2.081951069294438526e+02
9.156800000000372165e+03 2.092282823617366319e+02
9.157600000000373257e+03 2.130605160754876408e+02
9.158400000000372529e+03 2.168784485336797161e+02
9.159200000000371801e+03 2.175098134314789036e+02
9.160000000000372893e+03 2.164467789385741412e+02
9.160800000000373984e+03 2.164588633622517477e+02
9.161600000000373257e+03 2.162007711662964198e+02
9.162400000000372529e+03 2.150578247563578600e+02
9.163200000000373620e+03 2.149302987237572893e+02
9.164000000000374712e+03 2.171408191992750290e+02
9.164800000000373984e+03 2.192102804598694661e+02
9.165600000000373257e+03 2.181425887293083861e+02
9.166400000000374348e+03 2.155706812610324334e+02
9.167200000000375439e+03 2.153100074282652088e+02
9.168000000000374712e+03 2.152538233636449263e+02
9.168800000000373984e+03 2.154266802530262908e+02
9.169600000000375076e+03 2.178362565148487988e+02
9.170400000000376167e+03 2.181308139656979392e+02
9.171200000000375439e+03 2.154327871349723864e+02
9.172000000000374712e+03 2.126288229485878958e+02
9.172800000000375803e+03 2.116380934659154036e+02
9.173600000000376895e+03 2.128342431655131008e+02
9.174400000000376167e+03 2.134645421196163397e+02
9.175200000000375439e+03 2.145292278825230028e+02
9.176000000000376531e+03 2.156201971257364107e+02
9.176800000000377622e+03 2.149559893753713027e+02
9.177600000000376895e+03 2.157211334760953321e+02
9.178400000000376167e+03 2.180085959614339117e+02
9.179200000000377258e+03 2.193020859632971735e+02
9.180000000000378350e+03 2.201321856809904318e+02
9.180800000000377622e+03 2.191068536539602576e+02
9.181600000000376895e+03 2.156404980614581746e+02
9.182400000000377986e+03 2.136826894740813714e+02
9.183200000000379077e+03 2.140959713389984813e+02
9.184000000000378350e+03 2.150123225701135539e+02
9.184800000000377622e+03 2.163133134523566241e+02
9.185600000000378714e+03 2.167025158702478507e+02
9.186400000000379805e+03 2.178660674578594865e+02
9.187200000000379077e+03 2.203037865025009978e+02
9.188000000000378350e+03 2.202332361273003585e+02
9.188800000000379441e+03 2.183069727834657101e+02
9.189600000000380533e+03 2.176022257161544644e+02
9.190400000000379805e+03 2.172822609232064792e+02
9.191200000000379077e+03 2.156717521702720717e+02
9.192000000000380169e+03 2.147658812939206143e+02
9.192800000000381260e+03 2.151842263030069375e+02
9.193600000000380533e+03 2.151211703289858406e+02
9.194400000000379805e+03 2.137802787599330543e+02
9.195200000000380896e+03 2.107211802824106428e+02
9.196000000000381988e+03 2.084968797953716262e+02
9.196800000000381260e+03 2.065740548533972003e+02
9.197600000000380533e+03 2.039232160563039145e+02
9.198400000000381624e+03 2.012380062981019933e+02
9.199200000000382715e+03 2.015671911067881581e+02
9.200000000000381988e+03 2.041242196069521242e+02
9.200800000000381260e+03 2.063547849776846874e+02
9.201600000000382352e+03 2.076714081887607222e+02
9.202400000000383443e+03 2.083278186545653625e+02
9.203200000000382715e+03 2.076879766595392312e+02
9.204000000000381988e+03 2.069253723393244400e+02
9.204800000000383079e+03 2.074728121403590251e+02
9.205600000000384171e+03 2.089644008242594850e+02
9.206400000000383443e+03 2.095983239139916918e+02
9.207200000000382715e+03 2.098749920384757388e+02
9.208000000000383807e+03 2.108266911332254949e+02
9.208800000000384898e+03 2.110141343266834610e+02
9.209600000000384171e+03 2.101863949520085839e+02
9.210400000000383443e+03 2.096014924269499033e+02
9.211200000000384534e+03 2.115124885227162963e+02
9.212000000000385626e+03 2.134311389872761140e+02
9.212800000000384898e+03 2.128575474472651763e+02
9.213600000000384171e+03 2.118629338600127596e+02
9.214400000000385262e+03 2.103319692248715569e+02
9.215200000000386353e+03 2.095311759711106561e+02
9.216000000000385626e+03 2.085655964421609951e+02
9.216800000000384898e+03 2.070415001364033571e+02
9.217600000000385990e+03 2.085413134732257276e+02
9.218400000000387081e+03 2.111032348933851779e+02
9.219200000000386353e+03 2.112991146167683496e+02
9.220000000000385626e+03 2.110667825725360558e+02
9.220800000000386717e+03 2.088535951021354435e+02
9.221600000000387809e+03 2.044990222715925654e+02
9.222400000000387081e+03 2.031932891773890901e+02
9.223200000000386353e+03 2.058611964484902899e+02
9.224000000000387445e+03 2.083921071456542791e+02
9.224800000000388536e+03 2.087971403738612821e+02
9.225600000000387809e+03 2.078148063981448672e+02
9.226400000000387081e+03 2.053158055244940101e+02
9.227200000000388172e+03 2.026759862820661624e+02
9.228000000000389264e+03 2.038921632085171609e+02
9.228800000000388536e+03 2.068700725126209363e+02
9.229600000000387809e+03 2.056040238203211743e+02
9.230400000000388900e+03 2.051513252874822797e+02
9.231200000000389991e+03 2.077469331542645250e+02
9.232000000000389264e+03 2.084628964467996184e+02
9.232800000000388536e+03 2.065491370813550986e+02
9.233600000000389628e+03 2.052329590648783437e+02
9.234400000000390719e+03 2.068323308140286940e+02
9.235200000000389991e+03 2.098600320901620080e+02
9.236000000000389264e+03 2.118948514312650957e+02
9.236800000000390355e+03 2.109048687854071318e+02
9.237600000000391447e+03 2.096408642207169351e+02
9.238400000000390719e+03 2.111257624586739041e+02
9.239200000000389991e+03 2.124343535003202419e+02
9.240000000000391083e+03 2.115783974640582414e+02
9.240800000000392174e+03 2.107393654895935526e+02
9.241600000000391447e+03 2.114591966547104676e+02
9.242400000000390719e+03 2.134583203148515622e+02
9.243200000000391810e+03 2.149853544346481726e+02
9.244000000000392902e+03 2.153514903190430232e+02
9.244800000000392174e+03 2.144893579730830311e+02
9.245600000000391447e+03 2.148286171988763158e+02
9.246400000000392538e+03 2.173952594654057862e+02
9.247200000000393629e+03 2.168629974396816920e+02
9.248000000000392902e+03 2.128983072325939929e+02
9.248800000000392174e+03 2.103719758982949770e+02
9.249600000000393266e+03 2.102775169293480246e+02
9.250400000000394357e+03 2.112325852299319990e+02
9.251200000000393629e+03 2.108409509825370094e+02
9.252000000000392902e+03 2.096080759194712755e+02
9.252800000000393993e+03 2.092957111896858180e+02
9.253600000000395084e+03 2.082004364005085790e+02
9.254400000000394357e+03 2.059663117710180416e+02
9.255200000000393629e+03 2.034511272280124103e+02
9.256000000000394721e+03 2.015235862437676246e+02
9.256800000000395812e+03 1.997930674867061498e+02
9.257600000000395084e+03 1.991237894978973486e+02
9.258400000000394357e+03 2.002931598750940907e+02
9.259200000000395448e+03 2.020880055481603677e+02
9.260000000000396540e+03 2.030299903584369190e+02
9.260800000000395812e+03 2.018956064509133910e+02
9.261600000000395084e+03 2.010586859521158374e+02
9.262400000000396176e+03 2.034546434238554866e+02
9.263200000000397267e+03 2.067699522288513663e+02
9.264000000000396540e+03 2.065122777561563225e+02
9.264800000000395812e+03 2.038762455123911366e+02
9.265600000000396903e+03 2.014230734824700733e+02
9.266400000000397995e+03 2.015634972748475207e+02
9.267200000000397267e+03 2.036665353573595496e+02
9.268000000000396540e+03 2.047327276437727619e+02
9.268800000000397631e+03 2.038838531592398908e+02
9.269600000000398722e+03 2.038665486129024771e+02
9.270400000000397995e+03 2.048659914641843613e+02
9.271200000000397267e+03 2.037145309938711080e+02
9.272000000000398359e+03 2.024643036483699916e+02
9.272800000000399450e+03 2.058150546244736745e+02
9.273600000000398722e+03 2.102789761299744100e+02
9.274400000000397995e+03 2.109176190802300255e+02
9.275200000000399086e+03 2.096437524362933118e+02
9.276000000000400178e+03 2.088445402443677494e+02
9.276800000000399450e+03 2.083279337685881103e+02
9.277600000000398722e+03 2.056303763230556854e+02
9.278400000000399814e+03 2.015541740006074747e+02
9.279200000000400905e+03 1.995207507458094938e+02
9.280000000000400178e+03 1.990524731292584306e+02
9.280800000000399450e+03 1.990343213220785969e+02
9.281600000000400541e+03 1.998349224585209640e+02
9.282400000000401633e+03 1.981727528447555642e+02
9.283200000000400905e+03 1.948824958619650261e+02
9.284000000000400178e+03 1.943654985621145386e+02
9.284800000000401269e+03 1.958401203089262026e+02
9.285600000000402360e+03 1.967164156505706387e+02
9.286400000000401633e+03 1.977633343650481663e+02
9.287200000000400905e+03 1.977618410846556856e+02
9.288000000000401997e+03 1.958472864386671404e+02
9.288800000000403088e+03 1.969947285623986772e+02
9.289600000000402360e+03 1.999807776393428753e+02
9.290400000000401633e+03 1.999301256444231853e+02
9.291200000000402724e+03 1.994385904472965194e+02
9.292000000000403816e+03 2.014544409258936639e+02
9.292800000000403088e+03 2.028875170337940972e+02
9.293600000000402360e+03 2.036571436381228182e+02
9.294400000000403452e+03 2.039020305577228385e+02
9.295200000000404543e+03 2.017133286927580116e+02
9.296000000000403816e+03 1.994785802336804181e+02
9.296800000000403088e+03 1.995511292810887198e+02
9.297600000000404179e+03 1.927906958475361421e+02
9.298400000000405271e+03 1.579471794600690657e+02
9.299200000000404543e+03 1.241937245264055605e+02
9.300000000000403816e+03 1.532261850512018100e+02
9.300800000000404907e+03 1.918533885171981410e+02
9.301600000000405998e+03 2.029748082336901120e+02
9.302400000000405271e+03 2.044423702775328593e+02
9.303200000000404543e+03 2.040238165973536866e+02
9.304000000000405635e+03 2.015648690837586514e+02
9.304800000000406726e+03 2.002838131284401015e+02
9.305600000000405998e+03 2.020607727570807981e+02
9.306400000000405271e+03 2.056809338129240814e+02
9.307200000000406362e+03 2.065147884951389869e+02
9.308000000000407454e+03 2.029318644594692955e+02
9.308800000000406726e+03 2.008435462238430773e+02
9.309600000000405998e+03 2.002007646433330592e+02
9.310400000000407090e+03 1.957754259792189373e+02
9.311200000000408181e+03 1.908072230409796930e+02
9.312000000000407454e+03 1.908780167467833735e+02
9.312800000000406726e+03 1.923748579920269890e+02
9.313600000000407817e+03 1.927506721501957259e+02
9.314400000000408909e+03 1.971691604454892399e+02
9.315200000000408181e+03 2.082132088706991908e+02
9.316000000000407454e+03 2.111867421757039551e+02
9.316800000000408545e+03 1.985831631596740294e+02
9.317600000000409636e+03 1.882825827708101656e+02
9.318400000000408909e+03 1.888329286509203939e+02
9.319200000000408181e+03 1.982798114671297185e+02
9.320000000000409273e+03 2.114384392939389272e+02
9.320800000000410364e+03 2.122880372223632435e+02
9.321600000000409636e+03 2.033762873762698291e+02
9.322400000000408909e+03 1.985093141376744086e+02
9.323200000000410000e+03 1.975886388781051437e+02
9.324000000000411092e+03 1.959197765447960364e+02
9.324800000000410364e+03 1.986714589183892770e+02
9.325600000000409636e+03 2.056126177532521524e+02
9.326400000000410728e+03 1.989556833433412351e+02
9.327200000000411819e+03 1.771560132301814292e+02
9.328000000000411092e+03 1.707459498403514715e+02
9.328800000000410364e+03 1.826812883570146084e+02
9.329600000000411455e+03 1.922391445872466704e+02
9.330400000000412547e+03 1.926855565037381552e+02
9.331200000000411819e+03 1.902542464149274792e+02
9.332000000000411092e+03 1.907933281746284422e+02
9.332800000000412183e+03 1.948491382398932501e+02
9.333600000000413274e+03 1.978226720626252018e+02
9.334400000000412547e+03 1.957804854526367535e+02
9.335200000000411819e+03 1.911852195648687029e+02
9.336000000000412911e+03 1.890784307077173594e+02
9.336800000000414002e+03 1.940947794886127156e+02
9.337600000000413274e+03 2.018508214067805966e+02
9.338400000000412547e+03 2.020471541945132685e+02
9.339200000000413638e+03 1.986948905445896685e+02
9.340000000000414730e+03 1.974187920577375053e+02
9.340800000000414002e+03 1.956574811361475668e+02
9.341600000000413274e+03 1.948792518771262507e+02
9.342400000000414366e+03 1.944699984798153594e+02
9.343200000000415457e+03 1.937950142313231652e+02
9.344000000000414730e+03 1.945659585650378745e+02
9.344800000000414002e+03 1.935278842004094884e+02
9.345600000000415093e+03 1.970590632204800841e+02
9.346400000000416185e+03 2.046745927962981000e+02
9.347200000000415457e+03 2.006713345682392173e+02
9.348000000000414730e+03 1.963005906088316692e+02
9.348800000000415821e+03 2.007342565170499427e+02
9.349600000000416912e+03 2.032164119653081116e+02
9.350400000000416185e+03 1.998324595169719942e+02
9.351200000000415457e+03 1.948894331242345288e+02
9.352000000000416549e+03 1.917021488080437734e+02
9.352800000000417640e+03 1.889318666013734571e+02
9.353600000000416912e+03 1.862368892611307274e+02
9.354400000000416185e+03 1.860208315704193467e+02
9.355200000000417276e+03 1.844347290917417297e+02
9.356000000000418368e+03 1.803270937923494728e+02
9.356800000000417640e+03 1.822661736153750667e+02
9.357600000000416912e+03 1.886006093452858181e+02
9.358400000000418004e+03 1.913952904608957510e+02
9.359200000000419095e+03 1.909598065584274309e+02
9.360000000000418368e+03 1.901535854796329090e+02
9.360800000000417640e+03 1.903609963261002633e+02
9.361600000000418731e+03 1.911351338732106342e+02
9.362400000000419823e+03 1.909080250904068521e+02
9.363200000000419095e+03 1.907767789841719264e+02
9.364000000000418368e+03 1.920336983960690418e+02
9.364800000000419459e+03 1.945817856880440218e+02
9.365600000000420550e+03 1.963146074405074728e+02
9.366400000000419823e+03 1.969979378371509711e+02
9.367200000000419095e+03 1.980257820033388896e+02
9.368000000000420187e+03 1.972826112498210307e+02
9.368800000000421278e+03 1.906375241964313716e+02
9.369600000000420550e+03 1.849834017171855578e+02
9.370400000000419823e+03 1.841777433121320087e+02
9.371200000000420914e+03 1.870466208073368648e+02
9.372000000000422006e+03 1.922893366004164477e+02
9.372800000000421278e+03 1.923832705623330526e+02
9.373600000000420550e+03 1.846813731390733437e+02
9.374400000000421642e+03 1.824177647083693614e+02
9.375200000000422733e+03 1.888875577186136070e+02
9.376000000000422006e+03 1.933258624858996484e+02
9.376800000000421278e+03 1.984885208236274536e+02
9.377600000000422369e+03 2.169223943232011607e+02
9.378400000000423461e+03 2.349572658668264467e+02
9.379200000000422733e+03 2.255039123092319642e+02
9.380000000000422006e+03 2.060171218364117749e+02
9.380800000000423097e+03 1.923493301018546049e+02
9.381600000000424188e+03 1.893698755472622679e+02
9.382400000000423461e+03 1.940988440527796115e+02
9.383200000000422733e+03 1.960101780049508307e+02
9.384000000000423825e+03 1.941223495991980599e+02
9.384800000000424916e+03 1.964431519478034716e+02
9.385600000000424188e+03 2.023126308413324637e+02
9.386400000000423461e+03 2.058104654125632464e+02
9.387200000000424552e+03 2.049364291807709719e+02
9.388000000000425644e+03 2.034324239188724732e+02
9.388800000000424916e+03 2.059653053090898993e+02
9.389600000000424188e+03 2.079203607000444833e+02
9.390400000000425280e+03 2.063558693532479538e+02
9.391200000000426371e+03 2.038991834479442105e+02
9.392000000000425644e+03 2.026941993379676887e+02
9.392800000000424916e+03 2.005797263546110116e+02
9.393600000000426007e+03 1.959914853335519354e+02
9.394400000000427099e+03 1.900375508054915485e+02
9.395200000000426371e+03 1.869826865072293458e+02
9.396000000000425644e+03 1.898554458583127484e+02
9.396800000000426735e+03 1.953678500707129899e+02
9.397600000000427826e+03 1.978237950356359534e+02
9.398400000000427099e+03 1.956985696084549886e+02
9.399200000000426371e+03 1.929242447544347101e+02
9.400000000000427463e+03 1.918954732497951454e+02
9.400800000000428554e+03 1.910687551959491088e+02
9.401600000000427826e+03 1.896826328426913051e+02
9.402400000000427099e+03 1.880199012439600210e+02
9.403200000000428190e+03 1.900490675673259489e+02
9.404000000000429281e+03 1.947676351067220537e+02
9.404800000000428554e+03 1.922341192435440007e+02
9.405600000000427826e+03 1.854521515035621633e+02
9.406400000000428918e+03 1.853745846081502577e+02
9.407200000000430009e+03 1.885972354421413684e+02
9.408000000000429281e+03 1.878955447553518354e+02
9.408800000000428554e+03 1.863913324976289232e+02
9.409600000000429645e+03 1.876679641371150637e+02
9.410400000000430737e+03 1.908723364174113044e+02
9.411200000000430009e+03 1.920236407928943549e+02
9.412000000000429281e+03 1.888895104517843606e+02
9.412800000000430373e+03 1.865250416096726838e+02
9.413600000000431464e+03 1.890092668542144452e+02
9.414400000000430737e+03 1.911270523177435052e+02
9.415200000000430009e+03 1.923384332328184314e+02
9.416000000000431100e+03 1.951390598510759560e+02
9.416800000000432192e+03 1.985806629122424170e+02
9.417600000000431464e+03 1.990862345940787179e+02
9.418400000000430737e+03 1.956038941208122424e+02
9.419200000000431828e+03 1.927091830594318367e+02
9.420000000000432919e+03 1.929353522498646214e+02
9.420800000000432192e+03 1.950678688317763090e+02
9.421600000000431464e+03 1.968846124745646193e+02
9.422400000000432556e+03 1.973091453643984892e+02
9.423200000000433647e+03 1.965534078071077602e+02
9.424000000000432919e+03 1.957280535240290646e+02
9.424800000000432192e+03 1.937520438010937767e+02
9.425600000000433283e+03 1.923824429389918009e+02
9.426400000000434375e+03 1.946920662084776268e+02
9.427200000000433647e+03 1.981968231850017048e+02
9.428000000000432919e+03 1.975908600430831257e+02
9.428800000000434011e+03 1.947688055637353841e+02
9.429600000000435102e+03 1.933524931416306174e+02
9.430400000000434375e+03 1.970957852739912823e+02
9.431200000000433647e+03 1.996135683345939924e+02
9.432000000000434738e+03 1.945843823585656196e+02
9.432800000000435830e+03 1.903234778420532507e+02
9.433600000000435102e+03 1.898618830139365627e+02
9.434400000000434375e+03 1.905463048705472602e+02
9.435200000000435466e+03 1.926790424463126783e+02
9.436000000000436557e+03 1.939821183107541458e+02
9.436800000000435830e+03 1.925325576956475402e+02
9.437600000000435102e+03 1.930579732354815405e+02
9.438400000000436194e+03 1.942020439047762466e+02
9.439200000000437285e+03 1.914914999200265129e+02
9.440000000000436557e+03 1.846928261454440872e+02
9.440800000000435830e+03 1.852223124446517204e+02
9.441600000000436921e+03 1.959561626102758112e+02
9.442400000000438013e+03 1.953681202049283456e+02
9.443200000000437285e+03 1.838284250104516673e+02
9.444000000000436557e+03 1.828313295473542439e+02
9.444800000000437649e+03 1.898834890519210035e+02
9.445600000000438740e+03 1.915125229808551239e+02
9.446400000000438013e+03 1.902532475375534204e+02
9.447200000000437285e+03 1.894291338044583028e+02
9.448000000000438376e+03 1.864875268765834733e+02
9.448800000000439468e+03 1.863489471749061295e+02
9.449600000000438740e+03 1.901210736614958137e+02
9.450400000000438013e+03 1.929168982295391288e+02
9.451200000000439104e+03 1.938681707668887384e+02
9.452000000000440195e+03 1.956575990307817960e+02
9.452800000000439468e+03 1.977609289619281014e+02
9.453600000000438740e+03 1.971319317414859995e+02
9.454400000000439832e+03 1.945152226681707077e+02
9.455200000000440923e+03 1.939387346433569519e+02
9.456000000000440195e+03 1.948998402650526032e+02
9.456800000000439468e+03 1.950932554641024694e+02
9.457600000000440559e+03 1.958002020283277034e+02
9.458400000000441651e+03 1.961382675371722257e+02
9.459200000000440923e+03 1.841563069148552927e+02
9.460000000000440195e+03 1.444089456312028403e+02
9.460800000000441287e+03 1.193651358005008518e+02
9.461600000000442378e+03 1.578982084463294484e+02
9.462400000000441651e+03 1.896893313772751242e+02
9.463200000000440923e+03 1.855980540050178149e+02
9.464000000000442014e+03 1.826867110169899604e+02
9.464800000000443106e+03 1.890235625126650234e+02
9.465600000000442378e+03 1.940631084241581448e+02
9.466400000000441651e+03 1.940106925738791972e+02
9.467200000000442742e+03 1.916871364112088827e+02
9.468000000000443833e+03 1.869397459887935895e+02
9.468800000000443106e+03 1.848148998553793945e+02
9.469600000000442378e+03 1.886510950779575637e+02
9.470400000000443470e+03 1.901087827133135306e+02
9.471200000000444561e+03 1.875462372640305944e+02
9.472000000000443833e+03 1.873555166501896281e+02
9.472800000000443106e+03 1.874204233621317712e+02
9.473600000000444197e+03 1.863866478889059124e+02
9.474400000000445289e+03 1.862766129146498599e+02
9.475200000000444561e+03 1.871124086266468112e+02
9.476000000000443833e+03 1.890229295648836683e+02
9.476800000000444925e+03 1.884550269056206844e+02
9.477600000000446016e+03 1.826094378517728387e+02
9.478400000000445289e+03 1.815585378321237897e+02
9.479200000000444561e+03 1.961905837199605571e+02
9.480000000000445652e+03 2.073898053480568819e+02
9.480800000000446744e+03 2.033766573959856032e+02
9.481600000000446016e+03 1.963793758466823647e+02
9.482400000000445289e+03 1.905332214739547680e+02
9.483200000000446380e+03 1.852550501984158871e+02
9.484000000000447471e+03 1.844751896403583373e+02
9.484800000000446744e+03 1.846861092596926710e+02
9.485600000000446016e+03 1.841392073805716905e+02
9.486400000000447108e+03 1.856653481571305520e+02
9.487200000000448199e+03 1.887659767061174705e+02
9.488000000000447471e+03 1.905805882930984296e+02
9.488800000000446744e+03 1.907116396081697189e+02
9.489600000000447835e+03 1.906547247289043980e+02
9.490400000000448927e+03 1.895462838873850160e+02
9.491200000000448199e+03 1.890833726993039363e+02
9.492000000000447471e+03 1.894079759904982723e+02
9.492800000000448563e+03 1.882801622237388131e+02
9.493600000000449654e+03 1.882937904486714729e+02
9.494400000000448927e+03 1.892711426394607201e+02
9.495200000000448199e+03 1.882243031251529146e+02
9.496000000000449290e+03 1.870005165816503450e+02
9.496800000000450382e+03 1.901276754954762112e+02
9.497600000000449654e+03 1.933456400005965747e+02
9.498400000000448927e+03 1.905448249940122594e+02
9.499200000000450018e+03 1.873991101284556748e+02
9.500000000000451109e+03 1.890821105273713556e+02
9.500800000000450382e+03 1.903160216718922015e+02
9.501600000000449654e+03 1.894156403228315639e+02
9.502400000000450746e+03 1.867911667675547278e+02
9.503200000000451837e+03 1.822056450452541299e+02
9.504000000000451109e+03 1.848755772816700755e+02
9.504800000000450382e+03 1.984403026183067880e+02
9.505600000000451473e+03 2.055926983250172952e+02
9.506400000000452565e+03 1.971192065190596168e+02
9.507200000000451837e+03 1.899942609303485597e+02
9.508000000000451109e+03 1.892391416410000033e+02
9.508800000000452201e+03 1.889830262060997654e+02
9.509600000000453292e+03 1.871443499106807167e+02
9.510400000000452565e+03 1.851387275762676836e+02
9.511200000000451837e+03 1.860475513754739438e+02
9.512000000000452928e+03 1.875121217047769164e+02
9.512800000000454020e+03 1.884718945846934446e+02
9.513600000000453292e+03 1.885727636037707953e+02
9.514400000000452565e+03 1.877129073796493230e+02
9.515200000000453656e+03 1.882084538347011460e+02
9.516000000000454747e+03 1.892828006699330103e+02
9.516800000000454020e+03 1.889664046362169643e+02
9.517600000000453292e+03 1.878088045467999336e+02
9.518400000000454384e+03 1.849043679667202298e+02
9.519200000000455475e+03 1.793982389088271248e+02
9.520000000000454747e+03 1.785970928603615846e+02
9.520800000000454020e+03 1.837196102187535303e+02
9.521600000000455111e+03 1.853158165268769437e+02
9.522400000000456203e+03 1.848649168490805437e+02
9.523200000000455475e+03 1.832169652268475488e+02
9.524000000000454747e+03 1.789045128583964015e+02
9.524800000000455839e+03 1.754176560397613116e+02
9.525600000000456930e+03 1.779620148618086546e+02
9.526400000000456203e+03 1.824814672312992343e+02
9.527200000000455475e+03 1.834695603470458991e+02
9.528000000000456566e+03 1.821616268606381368e+02
9.528800000000457658e+03 1.796893753313468665e+02
9.529600000000456930e+03 1.791620477456965546e+02
9.530400000000456203e+03 1.788909984654901280e+02
9.531200000000457294e+03 1.772346656098995936e+02
9.532000000000458385e+03 1.796990787468515975e+02
9.532800000000457658e+03 1.843047544641988225e+02
9.533600000000456930e+03 1.828686539420376675e+02
9.534400000000458022e+03 1.771300867134468149e+02
9.535200000000459113e+03 1.755769546900551461e+02
9.536000000000458385e+03 1.779315524066245189e+02
9.536800000000457658e+03 1.816953678486976855e+02
9.537600000000458749e+03 1.856718865124378226e+02
9.538400000000459841e+03 1.864029430163969323e+02
9.539200000000459113e+03 1.860106591912946215e+02
9.540000000000458385e+03 1.865230594610854951e+02
9.540800000000459477e+03 1.869355614068823570e+02
9.541600000000460568e+03 1.854031129040116070e+02
9.542400000000459841e+03 1.815888367533557073e+02
9.543200000000459113e+03 1.787884861145629998e+02
9.544000000000460204e+03 1.796931461002689616e+02
9.544800000000461296e+03 1.816751732458527044e+02
9.545600000000460568e+03 1.846922648994053020e+02
9.546400000000459841e+03 1.858255543835614105e+02
9.547200000000460932e+03 1.821986539497125932e+02
9.548000000000462023e+03 1.831251790369885271e+02
9.548800000000461296e+03 1.842018232404256821e+02
9.549600000000460568e+03 1.803740131712794721e+02
9.550400000000461660e+03 1.802212036333566516e+02
9.551200000000462751e+03 1.865560854624736749e+02
9.552000000000462023e+03 1.914267666106251795e+02
9.552800000000461296e+03 1.899195073323565737e+02
9.553600000000462387e+03 1.874847525852438253e+02
9.554400000000463479e+03 1.861981709510144185e+02
9.555200000000462751e+03 1.831796425761290266e+02
9.556000000000462023e+03 1.780122549902420701e+02
9.556800000000463115e+03 1.764167696314643194e+02
9.557600000000464206e+03 1.788000654871408983e+02
9.558400000000463479e+03 1.838769873515940958e+02
9.559200000000462751e+03 1.870615650455175683e+02
9.560000000000463842e+03 1.863603282629950115e+02
9.560800000000464934e+03 1.837780691217095637e+02
9.561600000000464206e+03 1.828010271179902020e+02
9.562400000000463479e+03 1.847594760681336652e+02
9.563200000000464570e+03 1.865386670393266684e+02
9.564000000000465661e+03 1.867923995608676080e+02
9.564800000000464934e+03 1.858821386452584363e+02
9.565600000000464206e+03 1.834468166304068575e+02
9.566400000000465297e+03 1.818435593114419362e+02
9.567200000000466389e+03 1.794455221983871525e+02
9.568000000000465661e+03 1.766579645329730397e+02
9.568800000000464934e+03 1.783704156897471762e+02
9.569600000000466025e+03 1.897206910267959756e+02
9.570400000000467116e+03 1.970946434512415806e+02
9.571200000000466389e+03 1.897645432777561041e+02
9.572000000000465661e+03 1.831926073767234300e+02
9.572800000000466753e+03 1.812734599656578212e+02
9.573600000000467844e+03 1.791794995231572329e+02
9.574400000000467116e+03 1.804357400856094102e+02
9.575200000000466389e+03 1.852506569305967048e+02
9.576000000000467480e+03 1.891077775633285682e+02
9.576800000000468572e+03 1.897415896763075693e+02
9.577600000000467844e+03 1.881452393743325615e+02
9.578400000000467116e+03 1.884341548302493834e+02
9.579200000000468208e+03 1.898852935035006908e+02
9.580000000000469299e+03 1.893965660287036599e+02
9.580800000000468572e+03 1.887356760484977372e+02
9.581600000000467844e+03 1.877675842611402572e+02
9.582400000000468935e+03 1.882912404891324627e+02
9.583200000000470027e+03 1.890002699865777913e+02
9.584000000000469299e+03 1.897831287534401667e+02
9.584800000000468572e+03 1.931444273023959965e+02
9.585600000000469663e+03 1.941607704109940755e+02
9.586400000000470754e+03 1.922156312002468326e+02
9.587200000000470027e+03 1.909463232791588894e+02
9.588000000000469299e+03 1.931635782320965973e+02
9.588800000000470391e+03 1.949109483380605639e+02
9.589600000000471482e+03 1.930845346555319963e+02
9.590400000000470754e+03 1.917108301209229069e+02
9.591200000000470027e+03 1.942369791093587992e+02
9.592000000000471118e+03 1.967934473426634270e+02
9.592800000000472210e+03 1.962842534520869435e+02
9.593600000000471482e+03 1.954167886039026882e+02
9.594400000000470754e+03 1.927239706874938747e+02
9.595200000000471846e+03 1.909140737515340902e+02
9.596000000000472937e+03 1.917209243094683870e+02
9.596800000000472210e+03 1.910290774006303138e+02
9.597600000000471482e+03 1.908884765279053681e+02
9.598400000000472573e+03 1.921442836757536270e+02
9.599200000000473665e+03 1.924942005611580953e+02
9.600000000000472937e+03 1.917789302545395458e+02
9.600800000000472210e+03 1.914591536981218098e+02
9.601600000000473301e+03 1.917481931192856166e+02
9.602400000000474392e+03 1.928070062889551082e+02
9.603200000000473665e+03 1.953488041715872896e+02
9.604000000000472937e+03 1.988444037055767808e+02
9.604800000000474029e+03 1.999777641927026366e+02
9.605600000000475120e+03 1.972369304502384466e+02
9.606400000000474392e+03 1.946498683580907141e+02
9.607200000000473665e+03 1.959218740035429960e+02
9.608000000000474756e+03 1.992216453884240082e+02
9.608800000000475848e+03 1.970254878673916323e+02
9.609600000000475120e+03 1.956431966635948640e+02
9.610400000000474392e+03 1.991715637006507222e+02
9.611200000000475484e+03 1.987781042696622080e+02
9.612000000000476575e+03 1.974675828008697351e+02
9.612800000000475848e+03 1.987139026983439010e+02
9.613600000000475120e+03 1.975383348304395952e+02
9.614400000000476211e+03 1.983579988679459802e+02
9.615200000000477303e+03 1.993506909987463871e+02
9.616000000000476575e+03 1.980861861508141999e+02
9.616800000000475848e+03 1.990679936864041224e+02
9.617600000000476939e+03 1.995306281557000148e+02
9.618400000000478030e+03 1.962416614461051836e+02
9.619200000000477303e+03 1.948634105008609367e+02
9.620000000000476575e+03 1.945476200561133169e+02
9.620800000000477667e+03 1.937708920606411880e+02
9.621600000000478758e+03 1.984177969459978783e+02
9.622400000000478030e+03 2.064678783841254130e+02
9.623200000000477303e+03 2.094300350199017657e+02
9.624000000000478394e+03 2.051952212021587343e+02
9.624800000000479486e+03 1.989951495261727246e+02
9.625600000000478758e+03 1.953186077063780033e+02
9.626400000000478030e+03 1.942528957518480297e+02
9.627200000000479122e+03 1.959850462059407903e+02
9.628000000000480213e+03 1.959380320236984403e+02
9.628800000000479486e+03 1.935854607960603175e+02
9.629600000000478758e+03 1.934260059155943168e+02
9.630400000000479849e+03 1.926628953264807365e+02
9.631200000000480941e+03 1.887070337197437198e+02
9.632000000000480213e+03 1.867963379682760774e+02
9.632800000000479486e+03 1.910214556134717441e+02
9.633600000000480577e+03 1.951479207395935873e+02
9.634400000000481668e+03 1.958385350484040828e+02
9.635200000000480941e+03 1.956280700647611184e+02
9.636000000000480213e+03 1.974002837939172537e+02
9.636800000000481305e+03 2.010725971212408467e+02
9.637600000000482396e+03 2.037791490983779568e+02
9.638400000000481668e+03 2.045599322478755369e+02
9.639200000000480941e+03 2.062282106953322227e+02
9.640000000000482032e+03 2.062677172926156572e+02
9.640800000000483124e+03 2.047361247992512290e+02
9.641600000000482396e+03 2.002124537308281447e+02
9.642400000000481668e+03 1.957612552193137958e+02
9.643200000000482760e+03 1.955042553103858722e+02
9.644000000000483851e+03 1.980708276635098173e+02
9.644800000000483124e+03 1.986272776428099860e+02
9.645600000000482396e+03 1.958042769837911692e+02
9.646400000000483487e+03 1.919031672543626996e+02
9.647200000000484579e+03 1.899419504733473332e+02
9.648000000000483851e+03 1.909597865692126675e+02
9.648800000000483124e+03 1.958082158310434409e+02
9.649600000000484215e+03 1.972159892396003329e+02
9.650400000000485306e+03 1.926744955060051439e+02
9.651200000000484579e+03 1.907751935143985804e+02
9.652000000000483851e+03 1.942418166865006128e+02
9.652800000000484943e+03 1.973235353804894601e+02
9.653600000000486034e+03 1.969032845295954530e+02
9.654400000000485306e+03 1.946561705853392539e+02
9.655200000000484579e+03 1.926287822655024229e+02
9.656000000000485670e+03 1.919221505089438438e+02
9.656800000000486762e+03 1.926138108961355613e+02
9.657600000000486034e+03 1.945445258273071545e+02
9.658400000000485306e+03 1.953718192173565171e+02
9.659200000000486398e+03 1.943901322194797103e+02
9.660000000000487489e+03 1.937085088393816648e+02
9.660800000000486762e+03 1.957504263770602222e+02
9.661600000000486034e+03 1.957024794057603856e+02
9.662400000000487125e+03 1.924681410163310034e+02
9.663200000000488217e+03 1.927145780178265682e+02
9.664000000000487489e+03 1.946910145521081006e+02
9.664800000000486762e+03 1.949280935689479008e+02
9.665600000000487853e+03 1.957068732919163381e+02
9.666400000000488944e+03 1.949343585782190189e+02
9.667200000000488217e+03 1.929017603613414735e+02
9.668000000000487489e+03 1.919250875512098276e+02
9.668800000000488581e+03 1.919167069590827168e+02
9.669600000000489672e+03 1.912915629627111116e+02
9.670400000000488944e+03 1.924620035464332091e+02
9.671200000000488217e+03 1.931750097382671925e+02
9.672000000000489308e+03 1.894177287403172159e+02
9.672800000000490400e+03 1.871561400004162010e+02
9.673600000000489672e+03 1.926539242505592711e+02
9.674400000000488944e+03 1.976664878685995745e+02
9.675200000000490036e+03 1.947615888465552416e+02
9.676000000000491127e+03 1.900868676477278996e+02
9.676800000000490400e+03 1.882575853286083429e+02
9.677600000000489672e+03 1.880826917588881031e+02
9.678400000000490763e+03 1.895762312114222539e+02
9.679200000000491855e+03 1.941815750145374011e+02
9.680000000000491127e+03 1.995843835344905699e+02
9.680800000000490400e+03 1.969000570799072989e+02
9.681600000000491491e+03 1.918026189902458896e+02
9.682400000000492582e+03 1.930884491542078649e+02
9.683200000000491855e+03 1.965038051514615063e+02
9.684000000000491127e+03 1.990541072691072486e+02
9.684800000000492219e+03 1.985113249084503764e+02
9.685600000000493310e+03 1.943551704416928487e+02
9.686400000000492582e+03 1.916229068749498197e+02
9.687200000000491855e+03 1.902212967147869165e+02
9.688000000000492946e+03 1.914825843694281389e+02
9.688800000000494038e+03 1.944359537653382120e+02
9.689600000000493310e+03 1.962126147816104549e+02
9.690400000000492582e+03 1.951907979767816244e+02
9.691200000000493674e+03 1.934921322246310353e+02
9.692000000000494765e+03 1.950285824271765023e+02
9.692800000000494038e+03 1.988200739522673075e+02
9.693600000000493310e+03 1.988345542965547565e+02
9.694400000000494401e+03 1.954727107530203511e+02
9.695200000000495493e+03 1.935054723119433220e+02
9.696000000000494765e+03 1.944323272588572991e+02
9.696800000000494038e+03 1.971574142175656164e+02
9.697600000000495129e+03 1.973413898302727603e+02
9.698400000000496220e+03 1.950860330077310323e+02
9.699200000000495493e+03 1.943526408600461650e+02
9.700000000000494765e+03 1.953288551274073370e+02
9.700800000000495857e+03 2.015439892152367065e+02
9.701600000000496948e+03 2.128491203556982327e+02
9.702400000000496220e+03 2.157897433000566139e+02
9.703200000000495493e+03 2.101012085335692063e+02
9.704000000000496584e+03 2.050945098422966453e+02
9.704800000000497676e+03 2.030060816704256581e+02
9.705600000000496948e+03 2.018564338198653445e+02
9.706400000000496220e+03 1.986893686839055704e+02
9.707200000000497312e+03 1.975286639360706715e+02
9.708000000000498403e+03 1.974132681516080083e+02
9.708800000000497676e+03 1.978268778334024773e+02
9.709600000000496948e+03 1.995316696591602863e+02
9.710400000000498039e+03 1.936697432522681765e+02
9.711200000000499131e+03 1.482954644633751684e+02
9.712000000000498403e+03 6.501921444529635608e+01
9.712800000000497676e+03 1.281746011510459660e+01
9.713600000000498767e+03 1.882170365736460793e+00
9.714400000000499858e+03 1.132888394418770162e+01
9.715200000000499131e+03 5.801368090310808867e+01
9.716000000000498403e+03 1.350717632834604842e+02
9.716800000000499494e+03 1.817838176188963075e+02
9.717600000000500586e+03 1.924435649176275831e+02
9.718400000000499858e+03 1.930557573228449542e+02
9.719200000000499131e+03 1.918585158010347982e+02
9.720000000000500222e+03 1.926209465020916127e+02
9.720800000000501313e+03 1.936530293403089047e+02
9.721600000000500586e+03 1.928939948916508911e+02
9.722400000000499858e+03 1.922275360211541511e+02
9.723200000000500950e+03 1.945364584620808159e+02
9.724000000000502041e+03 1.978402870160568341e+02
9.724800000000501313e+03 1.995454700180159762e+02
9.725600000000500586e+03 2.018108230487317201e+02
9.726400000000501677e+03 2.011331152704278793e+02
9.727200000000502769e+03 1.998847257663568939e+02
9.728000000000502041e+03 2.013387640076846878e+02
9.728800000000501313e+03 1.993887279610006260e+02
9.729600000000502405e+03 1.937189879261829901e+02
9.730400000000503496e+03 1.916773592789525651e+02
9.731200000000502769e+03 1.947628569549026736e+02
9.732000000000502041e+03 1.982759909880687132e+02
9.732800000000503132e+03 1.987665360569533846e+02
9.733600000000504224e+03 1.974704814751282811e+02
9.734400000000503496e+03 2.004817872813564463e+02
9.735200000000502769e+03 2.028537960950091019e+02
9.736000000000503860e+03 2.029774655552308218e+02
9.736800000000504951e+03 2.071158385619201567e+02
9.737600000000504224e+03 2.120271642361189492e+02
9.738400000000503496e+03 2.120153725953736057e+02
9.739200000000504588e+03 2.098070947363908658e+02
9.740000000000505679e+03 2.109569470050532800e+02
9.740800000000504951e+03 2.079402745155211676e+02
9.741600000000504224e+03 1.986957417651514390e+02
9.742400000000505315e+03 1.950101837361463026e+02
9.743200000000506407e+03 1.962463341287777894e+02
9.744000000000505679e+03 1.973374667215635441e+02
9.744800000000504951e+03 1.974884310461235941e+02
9.745600000000506043e+03 1.962540081011991333e+02
9.746400000000507134e+03 1.933029275840020205e+02
9.747200000000506407e+03 1.954110710906053328e+02
9.748000000000505679e+03 2.014088405487827345e+02
9.748800000000506770e+03 2.001000415255508074e+02
9.749600000000507862e+03 1.951528826155055754e+02
9.750400000000507134e+03 1.922436279095754799e+02
9.751200000000506407e+03 1.945000347247059267e+02
9.752000000000507498e+03 1.965999282935357542e+02
9.752800000000508589e+03 1.950894691759758928e+02
9.753600000000507862e+03 1.932488147830310368e+02
9.754400000000507134e+03 1.941924509451861809e+02
9.755200000000508226e+03 1.967385771559357863e+02
9.756000000000509317e+03 1.986388537652328523e+02
9.756800000000508589e+03 1.972436465267396670e+02
9.757600000000507862e+03 1.932851887864861737e+02
9.758400000000508953e+03 1.936666325959458845e+02
9.759200000000510045e+03 1.958136162331523167e+02
9.760000000000509317e+03 1.949584432892239647e+02
9.760800000000508589e+03 1.939583612501503467e+02
9.761600000000509681e+03 1.937109282734400040e+02
9.762400000000510772e+03 1.932050369770506961e+02
9.763200000000510045e+03 1.939957785246676849e+02
9.764000000000509317e+03 1.969388754240200683e+02
9.764800000000510408e+03 1.968867305843471058e+02
9.765600000000511500e+03 1.959137825475221177e+02
9.766400000000510772e+03 1.957005791131069259e+02
9.767200000000510045e+03 1.937046853581667278e+02
9.768000000000511136e+03 1.928063168377427132e+02
9.768800000000512227e+03 1.958398918478359860e+02
9.769600000000511500e+03 1.973887042459896293e+02
9.770400000000510772e+03 1.949044515896954124e+02
9.771200000000511864e+03 1.909091569309009060e+02
9.772000000000512955e+03 1.874705208611464968e+02
9.772800000000512227e+03 1.866742962685868861e+02
9.773600000000511500e+03 1.898896244265342261e+02
9.774400000000512591e+03 1.941956971822800995e+02
9.775200000000513683e+03 1.960614167001148473e+02
9.776000000000512955e+03 1.957537114201970212e+02
9.776800000000512227e+03 1.943694630902029417e+02
9.777600000000513319e+03 1.939340313980980000e+02
9.778400000000514410e+03 1.931083504576693031e+02
9.779200000000513683e+03 1.918371278467891443e+02
9.780000000000512955e+03 1.922438473215815975e+02
9.780800000000514046e+03 1.951813612546529839e+02
9.781600000000515138e+03 1.965733636618050468e+02
9.782400000000514410e+03 1.923122607680360545e+02
9.783200000000513683e+03 1.896529340165294002e+02
9.784000000000514774e+03 1.926006819372694849e+02
9.784800000000515865e+03 1.949390184635021797e+02
9.785600000000515138e+03 1.968011027628184308e+02
9.786400000000514410e+03 2.005198205711781725e+02
9.787200000000515502e+03 2.030697106566597654e+02
9.788000000000516593e+03 1.995632201973957933e+02
9.788800000000515865e+03 1.942276390268550585e+02
9.789600000000515138e+03 1.913229517156844395e+02
9.790400000000516229e+03 1.896120632272478019e+02
9.791200000000517321e+03 1.886076160091272413e+02
9.792000000000516593e+03 1.913738176070161785e+02
9.792800000000515865e+03 1.994570573785408669e+02
9.793600000000516957e+03 2.011794635815744243e+02
9.794400000000518048e+03 1.925104362462032270e+02
9.795200000000517321e+03 1.881346897172736021e+02
9.796000000000516593e+03 1.873901406182524738e+02
9.796800000000517684e+03 1.894121453978426928e+02
9.797600000000518776e+03 1.939375085331887760e+02
9.798400000000518048e+03 1.946467304904303433e+02
9.799200000000517321e+03 1.938047523882751761e+02
9.800000000000518412e+03 1.931831448600295857e+02
9.800800000000519503e+03 1.942315412332201277e+02
9.801600000000518776e+03 2.017958820440344994e+02
9.802400000000518048e+03 2.076403329225607308e+02
9.803200000000519140e+03 2.027090322132542610e+02
9.804000000000520231e+03 1.961970139481168474e+02
9.804800000000519503e+03 1.935766084411015129e+02
9.805600000000518776e+03 1.931869717643367892e+02
9.806400000000519867e+03 1.941128117072891257e+02
9.807200000000520959e+03 1.975664723272947754e+02
9.808000000000520231e+03 2.003330811333407837e+02
9.808800000000519503e+03 1.976446744740789825e+02
9.809600000000520595e+03 1.937383865340482885e+02
9.810400000000521686e+03 1.922991319769017196e+02
9.811200000000520959e+03 1.898323710273437541e+02
9.812000000000520231e+03 1.881552697319638128e+02
9.812800000000521322e+03 1.915282685513027445e+02
9.813600000000522414e+03 1.968634038790358716e+02
9.814400000000521686e+03 1.967995247306088231e+02
9.815200000000520959e+03 1.908215610326778631e+02
9.816000000000522050e+03 1.866582478299112040e+02
9.816800000000523141e+03 1.889348138427356218e+02
9.817600000000522414e+03 1.975774256388223762e+02
9.818400000000521686e+03 2.042446628731729277e+02
9.819200000000522778e+03 2.011801575648800622e+02
9.820000000000523869e+03 1.964757968546338986e+02
9.820800000000523141e+03 1.967054388406398857e+02
9.821600000000522414e+03 1.989259125285691994e+02
9.822400000000523505e+03 1.986118627063949589e+02
9.823200000000524597e+03 2.003364225997871984e+02
9.824000000000523869e+03 2.039227465206732290e+02
