# Model for TARGETID=39627860595442448 at z=0, SPECTYPE=STAR, SUBTYPE=G, smoothing=1.0
# wave_A flux
# 
3.599777339597769242e+03 1.194511479160169642e+01
3.600577290117679695e+03 1.340862945900288139e+01
3.601377240637590603e+03 1.432033620936267937e+01
3.602177191157501511e+03 1.388832750867818788e+01
3.602977141677412419e+03 1.283700331447298737e+01
3.603777092197322872e+03 1.207404256003302478e+01
3.604577042717233780e+03 1.181794698152432765e+01
3.605376993237144688e+03 1.169090708798026768e+01
3.606176943757055597e+03 1.156972874897038750e+01
3.606976894276966050e+03 1.167554676458174612e+01
3.607776844796876958e+03 1.182739300100550395e+01
3.608576795316787866e+03 1.152667921066542434e+01
3.609376745836698774e+03 1.067002497542256023e+01
3.610176696356609227e+03 9.976313013728436374e+00
3.610976646876520135e+03 1.010009533739114573e+01
3.611776597396431043e+03 1.084203684484992003e+01
3.612576547916341951e+03 1.152765693752915155e+01
3.613376498436252405e+03 1.166841546134068963e+01
3.614176448956163313e+03 1.152504073390311135e+01
3.614976399476074221e+03 1.177280933505947047e+01
3.615776349995985129e+03 1.251177214524992465e+01
3.616576300515895582e+03 1.318773449985340562e+01
3.617376251035806490e+03 1.320281082426642882e+01
3.618176201555717398e+03 1.222472062952633109e+01
3.618976152075628306e+03 1.054851269395710744e+01
3.619776102595538759e+03 9.375707699361083058e+00
3.620576053115449668e+03 9.638279256781176585e+00
3.621376003635360576e+03 1.078646780250979731e+01
3.622175954155271484e+03 1.179427711071415530e+01
3.622975904675181937e+03 1.249980946315801233e+01
3.623775855195092845e+03 1.293833317762893387e+01
3.624575805715003753e+03 1.295540610865919540e+01
3.625375756234914661e+03 1.301667641530611519e+01
3.626175706754825114e+03 1.368620776690905672e+01
3.626975657274736022e+03 1.454730027097620493e+01
3.627775607794646930e+03 1.478970946114092655e+01
3.628575558314557838e+03 1.448108317230940045e+01
3.629375508834468746e+03 1.410656059737781476e+01
3.630175459354379200e+03 1.343602901253055038e+01
3.630975409874290108e+03 1.205243470588360033e+01
3.631775360394201016e+03 1.048742431957210641e+01
3.632575310914111924e+03 9.874279185637623968e+00
3.633375261434022377e+03 1.043806798888613230e+01
3.634175211953933285e+03 1.117592775778911829e+01
3.634975162473844193e+03 1.126829852884249483e+01
3.635775112993755101e+03 1.092655628478497398e+01
3.636575063513665555e+03 1.086031665567089632e+01
3.637375014033576463e+03 1.137049949066969390e+01
3.638174964553487371e+03 1.221740747644386005e+01
3.638974915073398279e+03 1.312225434828714654e+01
3.639774865593308732e+03 1.389175488832928806e+01
3.640574816113219640e+03 1.422527747838108425e+01
3.641374766633130548e+03 1.412637870236249427e+01
3.642174717153041456e+03 1.385416670538733008e+01
3.642974667672951909e+03 1.340844651823409350e+01
3.643774618192862818e+03 1.282002973991210126e+01
3.644574568712773726e+03 1.234370268182470909e+01
3.645374519232684634e+03 1.206850207124390550e+01
3.646174469752595087e+03 1.204465298827015474e+01
3.646974420272505995e+03 1.216267246442468064e+01
3.647774370792416903e+03 1.190458015717832652e+01
3.648574321312327811e+03 1.124459871168430425e+01
3.649374271832238264e+03 1.085064537407434671e+01
3.650174222352149172e+03 1.094849600822531244e+01
3.650974172872060080e+03 1.134155544425140327e+01
3.651774123391970988e+03 1.188009548096733781e+01
3.652574073911881442e+03 1.250082715921011456e+01
3.653374024431792350e+03 1.319184685453404704e+01
3.654173974951703258e+03 1.373419549658813210e+01
3.654973925471614166e+03 1.407125306833790468e+01
3.655773875991524619e+03 1.437823154937538384e+01
3.656573826511435527e+03 1.462386859659515892e+01
3.657373777031346435e+03 1.471230706583026304e+01
3.658173727551257343e+03 1.469719684782221947e+01
3.658973678071167797e+03 1.467048029397870756e+01
3.659773628591078705e+03 1.465959712986089336e+01
3.660573579110989613e+03 1.465666290070107181e+01
3.661373529630900521e+03 1.468158431264583008e+01
3.662173480150811429e+03 1.456551035485452772e+01
3.662973430670721882e+03 1.421323482870500854e+01
3.663773381190632790e+03 1.376182085622094142e+01
3.664573331710543698e+03 1.339303852528485805e+01
3.665373282230454606e+03 1.341448410395557644e+01
3.666173232750365059e+03 1.386964314052216274e+01
3.666973183270275968e+03 1.424419856148790942e+01
3.667773133790186876e+03 1.418241484843149536e+01
3.668573084310097784e+03 1.376911213276276413e+01
3.669373034830008237e+03 1.314179457276044616e+01
3.670172985349919145e+03 1.263137425446388029e+01
3.670972935869830053e+03 1.269511851479882658e+01
3.671772886389740961e+03 1.326175221674414395e+01
3.672572836909651414e+03 1.381818855773176580e+01
3.673372787429562322e+03 1.398029180594147292e+01
3.674172737949473230e+03 1.376159221670633315e+01
3.674972688469384138e+03 1.359683275997016949e+01
3.675772638989294592e+03 1.375464779839424523e+01
3.676572589509205500e+03 1.379887427125776433e+01
3.677372540029116408e+03 1.332817203702879461e+01
3.678172490549027316e+03 1.267899984231861055e+01
3.678972441068937769e+03 1.227828779419485627e+01
3.679772391588848677e+03 1.200594635016117806e+01
3.680572342108759585e+03 1.171201595496455283e+01
3.681372292628670493e+03 1.166659110939226451e+01
3.682172243148580947e+03 1.185464490620075750e+01
3.682972193668491855e+03 1.200318347970027411e+01
3.683772144188402763e+03 1.228472540080457698e+01
3.684572094708313671e+03 1.278413181490462414e+01
3.685372045228224124e+03 1.298161967649062731e+01
3.686171995748135032e+03 1.254583047646209693e+01
3.686971946268045940e+03 1.175890322628569251e+01
3.687771896787956848e+03 1.109514336686608971e+01
3.688571847307867301e+03 1.105298852155000233e+01
3.689371797827778209e+03 1.175911530087971357e+01
3.690171748347689118e+03 1.268795215922632913e+01
3.690971698867600026e+03 1.338498742261107566e+01
3.691771649387510479e+03 1.385045060646787718e+01
3.692571599907421387e+03 1.418528083529481876e+01
3.693371550427332295e+03 1.425916843769996589e+01
3.694171500947243203e+03 1.406170615295806670e+01
3.694971451467154111e+03 1.400633331178132579e+01
3.695771401987064564e+03 1.426081617150927627e+01
3.696571352506975472e+03 1.431573469580633429e+01
3.697371303026886380e+03 1.384524892190496814e+01
3.698171253546797288e+03 1.333773081278304140e+01
3.698971204066707742e+03 1.352442924618655518e+01
3.699771154586618650e+03 1.444580572103776817e+01
3.700571105106529558e+03 1.536516880830107290e+01
3.701371055626440466e+03 1.558322162499304042e+01
3.702171006146350919e+03 1.518425299884262714e+01
3.702970956666261827e+03 1.451287341975328005e+01
3.703770907186172735e+03 1.347768137336860583e+01
3.704570857706083643e+03 1.220882472132528740e+01
3.705370808225994097e+03 1.131255004504717476e+01
3.706170758745905005e+03 1.105531517645144213e+01
3.706970709265815913e+03 1.137637582083744547e+01
3.707770659785726821e+03 1.201689787731820402e+01
3.708570610305637274e+03 1.243575624904089594e+01
3.709370560825548182e+03 1.247134800140807798e+01
3.710170511345459090e+03 1.244929081078239008e+01
3.710970461865369998e+03 1.263832197357036513e+01
3.711770412385280451e+03 1.279778100365091120e+01
3.712570362905191359e+03 1.290064842737842099e+01
3.713370313425102268e+03 1.350021436359086024e+01
3.714170263945013176e+03 1.472572370219211635e+01
3.714970214464923629e+03 1.592935893335129727e+01
3.715770164984834537e+03 1.644875652457587378e+01
3.716570115504745445e+03 1.635132425826862246e+01
3.717370066024656353e+03 1.617032757565097256e+01
3.718170016544566806e+03 1.591651969584413173e+01
3.718969967064477714e+03 1.498737677313099859e+01
3.719769917584388622e+03 1.318348100997515360e+01
3.720569868104299530e+03 1.119314011622207516e+01
3.721369818624209984e+03 9.817112524650898564e+00
3.722169769144120892e+03 9.208270876526501780e+00
3.722969719664031800e+03 9.376540899576928823e+00
3.723769670183942708e+03 1.049898174662586214e+01
3.724569620703853616e+03 1.216667654946051869e+01
3.725369571223764069e+03 1.364357167387451142e+01
3.726169521743674977e+03 1.461607596937114728e+01
3.726969472263585885e+03 1.475905607961911414e+01
3.727769422783496793e+03 1.408928099115321864e+01
3.728569373303407247e+03 1.368863552991063948e+01
3.729369323823318155e+03 1.429420156697061373e+01
3.730169274343229063e+03 1.499345370064902738e+01
3.730969224863139971e+03 1.480791683307142748e+01
3.731769175383050424e+03 1.406403008262926591e+01
3.732569125902961332e+03 1.323077173573160259e+01
3.733369076422872240e+03 1.201254245207643478e+01
3.734169026942783148e+03 1.032769789135400629e+01
3.734968977462693601e+03 8.809070750735720878e+00
3.735768927982604509e+03 8.249397449820703443e+00
3.736568878502515417e+03 8.738263970644148060e+00
3.737368829022426326e+03 9.528091515951992108e+00
3.738168779542336779e+03 1.043855283861792138e+01
3.738968730062247687e+03 1.187597347766293510e+01
3.739768680582158595e+03 1.345189163438333502e+01
3.740568631102069503e+03 1.462865650005454654e+01
3.741368581621979956e+03 1.541385070070418273e+01
3.742168532141890864e+03 1.566735643664985389e+01
3.742968482661801772e+03 1.514758060298755993e+01
3.743768433181712680e+03 1.408363260125047844e+01
3.744568383701623134e+03 1.312665809465123345e+01
3.745368334221534042e+03 1.250723991735189244e+01
3.746168284741444950e+03 1.183490685124294117e+01
3.746968235261355858e+03 1.128300287434768734e+01
3.747768185781266311e+03 1.114861801454708967e+01
3.748568136301177219e+03 1.069897078820637759e+01
3.749368086821088127e+03 9.493241022738430956e+00
3.750168037340999035e+03 8.467338544702332825e+00
3.750967987860909489e+03 8.721871547379599576e+00
3.751767938380820397e+03 1.033061224058467786e+01
3.752567888900731305e+03 1.237575748756252025e+01
3.753367839420642213e+03 1.396793820545541465e+01
3.754167789940552666e+03 1.502278744489961682e+01
3.754967740460463574e+03 1.592320950983634020e+01
3.755767690980374482e+03 1.676076275631241685e+01
3.756567641500285390e+03 1.715053043485935547e+01
3.757367592020196298e+03 1.651715523894998228e+01
3.758167542540106751e+03 1.485234192136803166e+01
3.758967493060017659e+03 1.323750939140296623e+01
3.759767443579928567e+03 1.281700512492075461e+01
3.760567394099839476e+03 1.352001315057071196e+01
3.761367344619749929e+03 1.452156162860986477e+01
3.762167295139660837e+03 1.528706540951622372e+01
3.762967245659571745e+03 1.566216254388390006e+01
3.763767196179482653e+03 1.543581269193852634e+01
3.764567146699393106e+03 1.489277364034589368e+01
3.765367097219304014e+03 1.484608752666821729e+01
3.766167047739214922e+03 1.510306499327213103e+01
3.766966998259125830e+03 1.472163340069868909e+01
3.767766948779036284e+03 1.379126298129049566e+01
3.768566899298947192e+03 1.327153404261876801e+01
3.769366849818858100e+03 1.334138473023962135e+01
3.770166800338769008e+03 1.306598390815655009e+01
3.770966750858679461e+03 1.217733974962275312e+01
3.771766701378590369e+03 1.186091871581482593e+01
3.772566651898501277e+03 1.297637053865269330e+01
3.773366602418412185e+03 1.480503971338790770e+01
3.774166552938322639e+03 1.615924450412043001e+01
3.774966503458233547e+03 1.659802565610625535e+01
3.775766453978144455e+03 1.647918921779723078e+01
3.776566404498055363e+03 1.643671218957416613e+01
3.777366355017965816e+03 1.671435219222644619e+01
3.778166305537876724e+03 1.704947896336116031e+01
3.778966256057787632e+03 1.720533265032938175e+01
3.779766206577698540e+03 1.746471659886567807e+01
3.780566157097608993e+03 1.818832730478338533e+01
3.781366107617519901e+03 1.900299678099393574e+01
3.782166058137430809e+03 1.926267742436622399e+01
3.782966008657341717e+03 1.897707210548539791e+01
3.783765959177252171e+03 1.863711885962353421e+01
3.784565909697163079e+03 1.864791364322438127e+01
3.785365860217073987e+03 1.873483393161005495e+01
3.786165810736984895e+03 1.804876276623256359e+01
3.786965761256895348e+03 1.669408152319805438e+01
3.787765711776806256e+03 1.568856955700645450e+01
3.788565662296717164e+03 1.528567192227128047e+01
3.789365612816628072e+03 1.512803530173795608e+01
3.790165563336538980e+03 1.505339011040284447e+01
3.790965513856449434e+03 1.515247661056548267e+01
3.791765464376360342e+03 1.558394318929520495e+01
3.792565414896271250e+03 1.606795537895255777e+01
3.793365365416182158e+03 1.602168031520142932e+01
3.794165315936092611e+03 1.533067937703549610e+01
3.794965266456003519e+03 1.443628393591472303e+01
3.795765216975914427e+03 1.384550534591595650e+01
3.796565167495825335e+03 1.354180250632063576e+01
3.797365118015735789e+03 1.282887205368773031e+01
3.798165068535646697e+03 1.142325115123942680e+01
3.798965019055557605e+03 1.027870184811195742e+01
3.799764969575468513e+03 1.052433513193170711e+01
3.800564920095378966e+03 1.217136130537486238e+01
3.801364870615289874e+03 1.422173738132484644e+01
3.802164821135200782e+03 1.566995612133192850e+01
3.802964771655111690e+03 1.660500352189634299e+01
3.803764722175022143e+03 1.754205721132055373e+01
3.804564672694933051e+03 1.817030578627281656e+01
3.805364623214843959e+03 1.802591970353693540e+01
3.806164573734754867e+03 1.723008934932450842e+01
3.806964524254665321e+03 1.621543162796896098e+01
3.807764474774576229e+03 1.554884914132410145e+01
3.808564425294487137e+03 1.576877373392390780e+01
3.809364375814398045e+03 1.673024942684642014e+01
3.810164326334308498e+03 1.769018401702881604e+01
3.810964276854219406e+03 1.815612297190230606e+01
3.811764227374130314e+03 1.811317088868808511e+01
3.812564177894041222e+03 1.759703964910581320e+01
3.813364128413951676e+03 1.659219256547926236e+01
3.814164078933862584e+03 1.543337723577831966e+01
3.814964029453773492e+03 1.458000293638228761e+01
3.815763979973684400e+03 1.395440458942709405e+01
3.816563930493594853e+03 1.359208983738772503e+01
3.817363881013505761e+03 1.398711338815576610e+01
3.818163831533416669e+03 1.502521720168146757e+01
3.818963782053327577e+03 1.575547334984540271e+01
3.819763732573238485e+03 1.542917334663104079e+01
3.820563683093148938e+03 1.416416292940971999e+01
3.821363633613059847e+03 1.310416673255354070e+01
3.822163584132970755e+03 1.337903890330402135e+01
3.822963534652881663e+03 1.460276881650682057e+01
3.823763485172792116e+03 1.531089211504087189e+01
3.824563435692703024e+03 1.472183044198866142e+01
3.825363386212613932e+03 1.348544681900443010e+01
3.826163336732524840e+03 1.254438994418620723e+01
3.826963287252435293e+03 1.222642636160236762e+01
3.827763237772346201e+03 1.239532721319908859e+01
3.828563188292257109e+03 1.252539038074608158e+01
3.829363138812168017e+03 1.236588958026601759e+01
3.830163089332078471e+03 1.227179587201192135e+01
3.830963039851989379e+03 1.247533972133871671e+01
3.831762990371900287e+03 1.244731258954496589e+01
3.832562940891811195e+03 1.165366937694617633e+01
3.833362891411721648e+03 1.055178707330457932e+01
3.834162841931632556e+03 9.839983049367015511e+00
3.834962792451543464e+03 9.437122866238782493e+00
3.835762742971454372e+03 9.185668036198741504e+00
3.836562693491364826e+03 9.372410562705141501e+00
3.837362644011275734e+03 9.987985892639940744e+00
3.838162594531186642e+03 1.039709788145337299e+01
3.838962545051097550e+03 1.037137938875837051e+01
3.839762495571008003e+03 1.046582060428932692e+01
3.840562446090918911e+03 1.089083912121844833e+01
3.841362396610829819e+03 1.145406420812291337e+01
3.842162347130740727e+03 1.243182111849802318e+01
3.842962297650651180e+03 1.390021508511151538e+01
3.843762248170562088e+03 1.516149801350561432e+01
3.844562198690472997e+03 1.582402127818327742e+01
3.845362149210383905e+03 1.611154820077519645e+01
3.846162099730294358e+03 1.613971553469968256e+01
3.846962050250205266e+03 1.604616838019111924e+01
3.847762000770116174e+03 1.621239187429892326e+01
3.848561951290027082e+03 1.664779676712391776e+01
3.849361901809937535e+03 1.671070741858292052e+01
3.850161852329848443e+03 1.608980339514790714e+01
3.850961802849759351e+03 1.543732330204557002e+01
3.851761753369670259e+03 1.551626655162037238e+01
3.852561703889581167e+03 1.612862207677609305e+01
3.853361654409491621e+03 1.668713160417006236e+01
3.854161604929402529e+03 1.704407002891209544e+01
3.854961555449313437e+03 1.709287752393497328e+01
3.855761505969224345e+03 1.655382214213236480e+01
3.856561456489134798e+03 1.554961729838334961e+01
3.857361407009045706e+03 1.484118200641821517e+01
3.858161357528956614e+03 1.468825159671523295e+01
3.858961308048867522e+03 1.428313061573544474e+01
3.859761258568777976e+03 1.332576470754607634e+01
3.860561209088688884e+03 1.262257374048313707e+01
3.861361159608599792e+03 1.300321646175786228e+01
3.862161110128510700e+03 1.443116224733638830e+01
3.862961060648421153e+03 1.599651121077971183e+01
3.863761011168332061e+03 1.685281597995508918e+01
3.864560961688242969e+03 1.702559447812026505e+01
3.865360912208153877e+03 1.684307447183532247e+01
3.866160862728064330e+03 1.639909292476835390e+01
3.866960813247975238e+03 1.596944292336123183e+01
3.867760763767886147e+03 1.583764244636341445e+01
3.868560714287797055e+03 1.590560795208480727e+01
3.869360664807707508e+03 1.593789078355505850e+01
3.870160615327618416e+03 1.570243277055806175e+01
3.870960565847529324e+03 1.513075516114809815e+01
3.871760516367440232e+03 1.437014319647848737e+01
3.872560466887350685e+03 1.365777531046470727e+01
3.873360417407261593e+03 1.335007775055655266e+01
3.874160367927172501e+03 1.377170369476937495e+01
3.874960318447083409e+03 1.481711066767405072e+01
3.875760268966993863e+03 1.588906406643508085e+01
3.876560219486904771e+03 1.637287566991632204e+01
3.877360170006815679e+03 1.601883692777155943e+01
3.878160120526726587e+03 1.491760824367971239e+01
3.878960071046637040e+03 1.379084054338231624e+01
3.879760021566547948e+03 1.375039527867425804e+01
3.880559972086458856e+03 1.480768308480852014e+01
3.881359922606369764e+03 1.565958203727230114e+01
3.882159873126280218e+03 1.555541390297166515e+01
3.882959823646191126e+03 1.500473873409540104e+01
3.883759774166102034e+03 1.483643268957702688e+01
3.884559724686012942e+03 1.511587179326414265e+01
3.885359675205923850e+03 1.505207612468152334e+01
3.886159625725834303e+03 1.408380379835120877e+01
3.886959576245745211e+03 1.271100004041134923e+01
3.887759526765656119e+03 1.180802245775749526e+01
3.888559477285567027e+03 1.130916067085863119e+01
3.889359427805477480e+03 1.068973114923896972e+01
3.890159378325388388e+03 1.049278465633068436e+01
3.890959328845299297e+03 1.153805037737792816e+01
3.891759279365210205e+03 1.340268940511544571e+01
3.892559229885120658e+03 1.498646714655061629e+01
3.893359180405031566e+03 1.567701144762443022e+01
3.894159130924942474e+03 1.572704224462209766e+01
3.894959081444853382e+03 1.563098243745011473e+01
3.895759031964763835e+03 1.549305246295810790e+01
3.896558982484674743e+03 1.560884844252911918e+01
3.897358933004585651e+03 1.629799391961480381e+01
3.898158883524496559e+03 1.687014657440661836e+01
3.898958834044407013e+03 1.671927577819693411e+01
3.899758784564317921e+03 1.624607679213815459e+01
3.900558735084228829e+03 1.605007698384781634e+01
3.901358685604139737e+03 1.644723392306407561e+01
3.902158636124050190e+03 1.694868245685212926e+01
3.902958586643961098e+03 1.674913022499692516e+01
3.903758537163872006e+03 1.611071894035905316e+01
3.904558487683782914e+03 1.579218111234817989e+01
3.905358438203693368e+03 1.560523352823491194e+01
3.906158388723604276e+03 1.507068342472354416e+01
3.906958339243515184e+03 1.472331981577283599e+01
3.907758289763426092e+03 1.535995013525389652e+01
3.908558240283336545e+03 1.667223524597815754e+01
3.909358190803247453e+03 1.769486002969767213e+01
3.910158141323158361e+03 1.800123525586083417e+01
3.910958091843069269e+03 1.792752437937222254e+01
3.911758042362979722e+03 1.810991927491392417e+01
3.912557992882890630e+03 1.861709321689585295e+01
3.913357943402801538e+03 1.879108652138996405e+01
3.914157893922712447e+03 1.834962011565646023e+01
3.914957844442623355e+03 1.779381831589530805e+01
3.915757794962533808e+03 1.753088680044957925e+01
3.916557745482444716e+03 1.737492715608019012e+01
3.917357696002355624e+03 1.717692768138895332e+01
3.918157646522266532e+03 1.701330857381741168e+01
3.918957597042176985e+03 1.665193473980792049e+01
3.919757547562087893e+03 1.593613315794652507e+01
3.920557498081998801e+03 1.520385473942292265e+01
3.921357448601909709e+03 1.477182322962339356e+01
3.922157399121820163e+03 1.476426651806393053e+01
3.922957349641731071e+03 1.498085246791860214e+01
3.923757300161641979e+03 1.524755962207075299e+01
3.924557250681552887e+03 1.561545803440369440e+01
3.925357201201463340e+03 1.577476835888919027e+01
3.926157151721374248e+03 1.536289906732458732e+01
3.926957102241285156e+03 1.456445399372840654e+01
3.927757052761196064e+03 1.362156804983530378e+01
3.928557003281106518e+03 1.249136946980747176e+01
3.929356953801017426e+03 1.136610550174305168e+01
3.930156904320928334e+03 1.045103511141721420e+01
3.930956854840839242e+03 9.539429648227201852e+00
3.931756805360749695e+03 8.460090222729753862e+00
3.932556755880660603e+03 7.218050729393850062e+00
3.933356706400571511e+03 5.847990203697351674e+00
3.934156656920482419e+03 4.687028337450946935e+00
3.934956607440392872e+03 4.371549289217940171e+00
3.935756557960303780e+03 5.151672038902098905e+00
3.936556508480214688e+03 6.575704753092884047e+00
3.937356459000125597e+03 8.084464580123004396e+00
3.938156409520036050e+03 9.436868840995103369e+00
3.938956360039946958e+03 1.064835729718573099e+01
3.939756310559857866e+03 1.180842100319077304e+01
3.940556261079768774e+03 1.283362925917866448e+01
3.941356211599679227e+03 1.352128659030456959e+01
3.942156162119590135e+03 1.389833024601743716e+01
3.942956112639501043e+03 1.408792599473776264e+01
3.943756063159411951e+03 1.400998245154206856e+01
3.944556013679322405e+03 1.375422144254270052e+01
3.945355964199233313e+03 1.395415312748087544e+01
3.946155914719144221e+03 1.507776521189524388e+01
3.946955865239055129e+03 1.645141118367531163e+01
3.947755815758966037e+03 1.700817126622795428e+01
3.948555766278876490e+03 1.672665765607772670e+01
3.949355716798787398e+03 1.637655491764647309e+01
3.950155667318698306e+03 1.645066951369584274e+01
3.950955617838609214e+03 1.688855253841439463e+01
3.951755568358519668e+03 1.717936893900734319e+01
3.952555518878430576e+03 1.693160665129333964e+01
3.953355469398341484e+03 1.654264696166300297e+01
3.954155419918252392e+03 1.677427418132886316e+01
3.954955370438162845e+03 1.758068144903013064e+01
3.955755320958073753e+03 1.795841124861486549e+01
3.956555271477984661e+03 1.739521775208171661e+01
3.957355221997895569e+03 1.657442047063305779e+01
3.958155172517806022e+03 1.639990919741499908e+01
3.958955123037716930e+03 1.691509282412906146e+01
3.959755073557627838e+03 1.742873065612685579e+01
3.960555024077538746e+03 1.720497492105450021e+01
3.961354974597449200e+03 1.597223746506914210e+01
3.962154925117360108e+03 1.427075687148379579e+01
3.962954875637271016e+03 1.305702174537327664e+01
3.963754826157181924e+03 1.261313739351570007e+01
3.964554776677092377e+03 1.237596554075900812e+01
3.965354727197003285e+03 1.180753115475367920e+01
3.966154677716914193e+03 1.072296966689995301e+01
3.966954628236825101e+03 9.171844946097643003e+00
3.967754578756735555e+03 7.366283303401829130e+00
3.968554529276646463e+03 5.627200105556801724e+00
3.969354479796557371e+03 4.466583487136647435e+00
3.970154430316468279e+03 4.351632887423475538e+00
3.970954380836378732e+03 5.276232035337203641e+00
3.971754331356289640e+03 6.850665448560302906e+00
3.972554281876200548e+03 8.631123976613695348e+00
3.973354232396111456e+03 1.026959012582334552e+01
3.974154182916021909e+03 1.158616910693968016e+01
3.974954133435932818e+03 1.266760151386656474e+01
3.975754083955843726e+03 1.375956423998419176e+01
3.976554034475754634e+03 1.483583777697573680e+01
3.977353984995665087e+03 1.566598683486629717e+01
3.978153935515575995e+03 1.632151421952032422e+01
3.978953886035486903e+03 1.704137268539211192e+01
3.979753836555397811e+03 1.787574480144321853e+01
3.980553787075308719e+03 1.861461749479342132e+01
3.981353737595219172e+03 1.883536674846910586e+01
3.982153688115130080e+03 1.832968091230313590e+01
3.982953638635040988e+03 1.767268465631887864e+01
3.983753589154951896e+03 1.756073216363054001e+01
3.984553539674862350e+03 1.787975027146088536e+01
3.985353490194773258e+03 1.828629149347555582e+01
3.986153440714684166e+03 1.866495417670090617e+01
3.986953391234595074e+03 1.886226288165835996e+01
3.987753341754505527e+03 1.905862762735706184e+01
3.988553292274416435e+03 1.961051990722977934e+01
3.989353242794327343e+03 2.012957609795957126e+01
3.990153193314238251e+03 1.997426510363898444e+01
3.990953143834148705e+03 1.947086046200740128e+01
3.991753094354059613e+03 1.942328101880055868e+01
3.992553044873970521e+03 1.986050953072223280e+01
3.993352995393881429e+03 2.014484742231676861e+01
3.994152945913791882e+03 1.981857016883660094e+01
3.994952896433702790e+03 1.914355257694098356e+01
3.995752846953613698e+03 1.865210216962933742e+01
3.996552797473524606e+03 1.842653014006998191e+01
3.997352747993435059e+03 1.823287106237779653e+01
3.998152698513345968e+03 1.803227099456484694e+01
3.998952649033256876e+03 1.816243215104477926e+01
3.999752599553167784e+03 1.884140406918227484e+01
4.000552550073078237e+03 1.967198861369931961e+01
4.001352500592989145e+03 2.011293360303412925e+01
4.002152451112900053e+03 2.021372476279279695e+01
4.002952401632810961e+03 2.031385518640776766e+01
4.003752352152721414e+03 2.045578589338671804e+01
4.004552302672632322e+03 2.026752745257082466e+01
4.005352253192543230e+03 1.937920053497420270e+01
4.006152203712454138e+03 1.827766796191466980e+01
4.006952154232364592e+03 1.800062955939280585e+01
4.007752104752275500e+03 1.875543928729725707e+01
4.008552055272186408e+03 1.990257377052720500e+01
4.009352005792097316e+03 2.067372010751807920e+01
4.010151956312008224e+03 2.075930715179727670e+01
4.010951906831918677e+03 2.053884994247096785e+01
4.011751857351829585e+03 2.031923447099784141e+01
4.012551807871740493e+03 2.004705162500953364e+01
4.013351758391651401e+03 1.995633227865576487e+01
4.014151708911561855e+03 2.012911957642902649e+01
4.014951659431472763e+03 2.021714675768376779e+01
4.015751609951383671e+03 2.025679849251522668e+01
4.016551560471294579e+03 2.035589396633675108e+01
4.017351510991205032e+03 2.021454875540406704e+01
4.018151461511115940e+03 1.988891100526308975e+01
4.018951412031026848e+03 1.992685499629033075e+01
4.019751362550937756e+03 2.033003648106910077e+01
4.020551313070848209e+03 2.052865603100599401e+01
4.021351263590759118e+03 2.035198296805421236e+01
4.022151214110670026e+03 2.015798674853913042e+01
4.022951164630580934e+03 2.018887319061623487e+01
4.023751115150491387e+03 2.028724926424451525e+01
4.024551065670402295e+03 2.000168846553515678e+01
4.025351016190313203e+03 1.939779378754945327e+01
4.026150966710224111e+03 1.919680264920432933e+01
4.026950917230134564e+03 1.968605303748211099e+01
4.027750867750045472e+03 2.038074281397024379e+01
4.028550818269956380e+03 2.089212894180525737e+01
4.029350768789867288e+03 2.108189840216681787e+01
4.030150719309777742e+03 2.060207366020520681e+01
4.030950669829688650e+03 1.932670180657406434e+01
4.031750620349599558e+03 1.812535944235972707e+01
4.032550570869510466e+03 1.773265441386688934e+01
4.033350521389420919e+03 1.769195346897448928e+01
4.034150471909331827e+03 1.768455143209509117e+01
4.034950422429242735e+03 1.795929429208833028e+01
4.035750372949153643e+03 1.854857879288476141e+01
4.036550323469064097e+03 1.940026264092112740e+01
4.037350273988975005e+03 2.032448450603686751e+01
4.038150224508885913e+03 2.100843875669381333e+01
4.038950175028796821e+03 2.132106880891217315e+01
4.039750125548707274e+03 2.132490482942863252e+01
4.040550076068618182e+03 2.109858886187227611e+01
4.041350026588529090e+03 2.068076378485706357e+01
4.042149977108439998e+03 2.038201450956422889e+01
4.042949927628350906e+03 2.046300022798832430e+01
4.043749878148261359e+03 2.043735758083571596e+01
4.044549828668172267e+03 1.953989666613203013e+01
4.045349779188083176e+03 1.774936306926970531e+01
4.046149729707994084e+03 1.597749727849600276e+01
4.046949680227904537e+03 1.555089138181389430e+01
4.047749630747815445e+03 1.691891038685385595e+01
4.048549581267726353e+03 1.880978631134305346e+01
4.049349531787637261e+03 1.986658569026261389e+01
4.050149482307547714e+03 2.012987423789466135e+01
4.050949432827458622e+03 2.029972852888661095e+01
4.051749383347369530e+03 2.053607744370693311e+01
4.052549333867280438e+03 2.059017591382414736e+01
4.053349284387190892e+03 2.044846360869618707e+01
4.054149234907101800e+03 2.021543439812401033e+01
4.054949185427012708e+03 1.984866115899983896e+01
4.055749135946923616e+03 1.951869213861771613e+01
4.056549086466834069e+03 1.956331576365692371e+01
4.057349036986744977e+03 1.976968716678346283e+01
4.058148987506655885e+03 1.957872792897113001e+01
4.058948938026566793e+03 1.913173057168006963e+01
4.059748888546477247e+03 1.910942160365571141e+01
4.060548839066388155e+03 1.966144561642230570e+01
4.061348789586299063e+03 2.025910802821877610e+01
4.062148740106209971e+03 2.022685759075810097e+01
4.062948690626120424e+03 1.918839349330976773e+01
4.063748641146031332e+03 1.751822861467628911e+01
4.064548591665942240e+03 1.647315666324391970e+01
4.065348542185853148e+03 1.692800931850180746e+01
4.066148492705763601e+03 1.807539498302714520e+01
4.066948443225674509e+03 1.860521357952680788e+01
4.067748393745585417e+03 1.849907610981838957e+01
4.068548344265496326e+03 1.860174671292057980e+01
4.069348294785406779e+03 1.915147891990225304e+01
4.070148245305317687e+03 1.960331984092976754e+01
4.070948195825228595e+03 1.934137207527084712e+01
4.071748146345139503e+03 1.835091367822641928e+01
4.072548096865050411e+03 1.755303910483934260e+01
4.073348047384960864e+03 1.789015933706120975e+01
4.074147997904871772e+03 1.898499645422137405e+01
4.074947948424782680e+03 1.972923460546415697e+01
4.075747898944693588e+03 1.973227511703480275e+01
4.076547849464604042e+03 1.915986156731464973e+01
4.077347799984514950e+03 1.825011705594992151e+01
4.078147750504425858e+03 1.757273472617227128e+01
4.078947701024336766e+03 1.764885393520289725e+01
4.079747651544247219e+03 1.830017063863407145e+01
4.080547602064158127e+03 1.901397945678706236e+01
4.081347552584069035e+03 1.959103524601066937e+01
4.082147503103979943e+03 1.990041551478945792e+01
4.082947453623890397e+03 1.983243802282558477e+01
4.083747404143801305e+03 1.949304274886875277e+01
4.084547354663712213e+03 1.906331710457396866e+01
4.085347305183623121e+03 1.879583651337851791e+01
4.086147255703533574e+03 1.901389075563786335e+01
4.086947206223444482e+03 1.975638780563269492e+01
4.087747156743355390e+03 2.064870526728143929e+01
4.088547107263266298e+03 2.133218908272868930e+01
4.089347057783176751e+03 2.165017436816632923e+01
4.090147008303087659e+03 2.158699499718892056e+01
4.090946958822998567e+03 2.126037920734577114e+01
4.091746909342909476e+03 2.080560336551138079e+01
4.092546859862819929e+03 2.032882311825812138e+01
4.093346810382730837e+03 2.006650514402589991e+01
4.094146760902641745e+03 2.023214957873069153e+01
4.094946711422552653e+03 2.040722883471652693e+01
4.095746661942463106e+03 2.002553892743931385e+01
4.096546612462374469e+03 1.929445946985344307e+01
4.097346562982284922e+03 1.878297411821053942e+01
4.098146513502195376e+03 1.858793770062078465e+01
4.098946464022106738e+03 1.833658154295572729e+01
4.099746414542017192e+03 1.776306096770251131e+01
4.100546365061927645e+03 1.672581137882259128e+01
4.101346315581839008e+03 1.505010614026603122e+01
4.102146266101749461e+03 1.321658134693255349e+01
4.102946216621660824e+03 1.247555734292306084e+01
4.103746167141571277e+03 1.344960737040887189e+01
4.104546117661481730e+03 1.528344203198205520e+01
4.105346068181393093e+03 1.691563599013688801e+01
4.106146018701303547e+03 1.807798627987444107e+01
4.106945969221214909e+03 1.876550629360448497e+01
4.107745919741125363e+03 1.895008600883450356e+01
4.108545870261035816e+03 1.890826668092386598e+01
4.109345820780947179e+03 1.891581240824406507e+01
4.110145771300857632e+03 1.900175542379283655e+01
4.110945721820768085e+03 1.919651915319099800e+01
4.111745672340679448e+03 1.944890379022865901e+01
4.112545622860589901e+03 1.958100605174119124e+01
4.113345573380501264e+03 1.963754214513661722e+01
4.114145523900411717e+03 1.987638003747200344e+01
4.114945474420322171e+03 2.026390437045800752e+01
4.115745424940233534e+03 2.056799491278987446e+01
4.116545375460143987e+03 2.084785811246766940e+01
4.117345325980054440e+03 2.110972951382377971e+01
4.118145276499965803e+03 2.101015081518364269e+01
4.118945227019876256e+03 2.036571532997393064e+01
4.119745177539787619e+03 1.973238466585241824e+01
4.120545128059698072e+03 1.972889262657906073e+01
4.121345078579608526e+03 2.002931528874295708e+01
4.122145029099519888e+03 2.006321777033120668e+01
4.122944979619430342e+03 1.983660156781671091e+01
4.123744930139340795e+03 1.971860637316605391e+01
4.124544880659252158e+03 1.993570037569342190e+01
4.125344831179162611e+03 2.033505385210353822e+01
4.126144781699073974e+03 2.047662158133110921e+01
4.126944732218984427e+03 2.021364792550507516e+01
4.127744682738894880e+03 1.979737865447652467e+01
4.128544633258806243e+03 1.946843142524434001e+01
4.129344583778716697e+03 1.944198881196685136e+01
4.130144534298627150e+03 1.972993901469525468e+01
4.130944484818538513e+03 1.996635173942600971e+01
4.131744435338448966e+03 1.971047048726602924e+01
4.132544385858360329e+03 1.889961469718654286e+01
4.133344336378270782e+03 1.813743794288732047e+01
4.134144286898181235e+03 1.798862108324157560e+01
4.134944237418092598e+03 1.822841795102643303e+01
4.135744187938003051e+03 1.875002983555518199e+01
4.136544138457914414e+03 1.960745341487880467e+01
4.137344088977824867e+03 2.025008823144948167e+01
4.138144039497735321e+03 2.043017024454312036e+01
4.138943990017646684e+03 2.059594280297851654e+01
4.139743940537557137e+03 2.080962787774048905e+01
4.140543891057467590e+03 2.075754510026187916e+01
4.141343841577378953e+03 2.049422710018752980e+01
4.142143792097289406e+03 2.013290698328533068e+01
4.142943742617200769e+03 1.942229433906240743e+01
4.143743693137111222e+03 1.833962916338743554e+01
4.144543643657021676e+03 1.759312280952052987e+01
4.145343594176933038e+03 1.796744764817919915e+01
4.146143544696843492e+03 1.918307376174146128e+01
4.146943495216753945e+03 2.023726673234259721e+01
4.147743445736665308e+03 2.065340852742011180e+01
4.148543396256575761e+03 2.061169103646219014e+01
4.149343346776487124e+03 2.036026719687936648e+01
4.150143297296397577e+03 1.997775777924232088e+01
4.150943247816308030e+03 1.977382372816545697e+01
4.151743198336219393e+03 2.003639482931680504e+01
4.152543148856129847e+03 2.043867887745928158e+01
4.153343099376040300e+03 2.042862310071031828e+01
4.154143049895951663e+03 1.984115346098331756e+01
4.154943000415862116e+03 1.907982990013979219e+01
4.155742950935773479e+03 1.894244662584388550e+01
4.156542901455683932e+03 1.943358061810527815e+01
4.157342851975594385e+03 1.971228118786461891e+01
4.158142802495505748e+03 1.963270189640392971e+01
4.158942753015416201e+03 1.971477240493273086e+01
4.159742703535326655e+03 2.013229743098204239e+01
4.160542654055238017e+03 2.059349092323226316e+01
4.161342604575148471e+03 2.075771872691666431e+01
4.162142555095059834e+03 2.064005279427275497e+01
4.162942505614970287e+03 2.052230399891767831e+01
4.163742456134880740e+03 2.051326027910807070e+01
4.164542406654792103e+03 2.053367161830090026e+01
4.165342357174702556e+03 2.058160018315609108e+01
4.166142307694613010e+03 2.070390499043523391e+01
4.166942258214524372e+03 2.072155140071283341e+01
4.167742208734434826e+03 2.042716352452256956e+01
4.168542159254346188e+03 2.012893209400206729e+01
4.169342109774256642e+03 2.019426399629183422e+01
4.170142060294167095e+03 2.036093181114760853e+01
4.170942010814078458e+03 2.030648513968528235e+01
4.171741961333988911e+03 1.991883283452786557e+01
4.172541911853900274e+03 1.912619050453345082e+01
4.173341862373810727e+03 1.828510603692138403e+01
4.174141812893721180e+03 1.797041399116611515e+01
4.174941763413632543e+03 1.825170968460704302e+01
4.175741713933542997e+03 1.876232266163822970e+01
4.176541664453453450e+03 1.921564603890374912e+01
4.177341614973364813e+03 1.948990556447252942e+01
4.178141565493275266e+03 1.944405554932000157e+01
4.178941516013186629e+03 1.930241442777434457e+01
4.179741466533097082e+03 1.952572636523293070e+01
4.180541417053007535e+03 1.998930851952118104e+01
4.181341367572918898e+03 2.010993920679973357e+01
4.182141318092829351e+03 1.972367170238143785e+01
4.182941268612739805e+03 1.939910440534222147e+01
4.183741219132651167e+03 1.958437615996283654e+01
4.184541169652561621e+03 1.998772883053234750e+01
4.185341120172472984e+03 2.013952339663663338e+01
4.186141070692383437e+03 1.988733368260601253e+01
4.186941021212293890e+03 1.922722859073348900e+01
4.187740971732205253e+03 1.836556759979657727e+01
4.188540922252115706e+03 1.795400317532403989e+01
4.189340872772026160e+03 1.834622692901869812e+01
4.190140823291937522e+03 1.909043875647228816e+01
4.190940773811847976e+03 1.956382019185030074e+01
4.191740724331759338e+03 1.954049059596406934e+01
4.192540674851669792e+03 1.945681546525926464e+01
4.193340625371580245e+03 1.990050320348949242e+01
4.194140575891491608e+03 2.056791391849175454e+01
4.194940526411402061e+03 2.066161392587917689e+01
4.195740476931312514e+03 2.003482252264004160e+01
4.196540427451223877e+03 1.933659480780350037e+01
4.197340377971134330e+03 1.914640300327222633e+01
4.198140328491045693e+03 1.914092909821067678e+01
4.198940279010956147e+03 1.869047933278508822e+01
4.199740229530866600e+03 1.809987328091852987e+01
4.200540180050777963e+03 1.806057030319044543e+01
4.201340130570688416e+03 1.824216369467565713e+01
4.202140081090599779e+03 1.807034205707258678e+01
4.202940031610510232e+03 1.784250706467724612e+01
4.203739982130420685e+03 1.802089807345575778e+01
4.204539932650332048e+03 1.846344195845342639e+01
4.205339883170242501e+03 1.893687383048967376e+01
4.206139833690152955e+03 1.941731486400417239e+01
4.206939784210064317e+03 1.980216920278491699e+01
4.207739734729974771e+03 2.013124176980340607e+01
4.208539685249886134e+03 2.063125735275378858e+01
4.209339635769796587e+03 2.103214939587405752e+01
4.210139586289707040e+03 2.081566219023186193e+01
4.210939536809618403e+03 2.015869474688609841e+01
4.211739487329528856e+03 1.978022977107346492e+01
4.212539437849439310e+03 1.994979461863482229e+01
4.213339388369350672e+03 2.021731784187438308e+01
4.214139338889261126e+03 2.024392901986374227e+01
4.214939289409172488e+03 2.005035535658094403e+01
4.215739239929082942e+03 1.952269206459953566e+01
4.216539190448993395e+03 1.875278854562459685e+01
4.217339140968904758e+03 1.845080556973573849e+01
4.218139091488815211e+03 1.892268948310276855e+01
4.218939042008725664e+03 1.960294992043686690e+01
4.219738992528637027e+03 2.000753616422404235e+01
4.220538943048547480e+03 2.030883290392176121e+01
4.221338893568458843e+03 2.072487088557530654e+01
4.222138844088369297e+03 2.089906278302253284e+01
4.222938794608279750e+03 2.046792518257424831e+01
4.223738745128191113e+03 1.966187151774165187e+01
4.224538695648101566e+03 1.882250241398327972e+01
4.225338646168012019e+03 1.792717848484372212e+01
4.226138596687923382e+03 1.666605476415231379e+01
4.226938547207833835e+03 1.505888358534580362e+01
4.227738497727745198e+03 1.419265004298879695e+01
4.228538448247655651e+03 1.521904656704171899e+01
4.229338398767566105e+03 1.747517686368004064e+01
4.230138349287477467e+03 1.921651522227852382e+01
4.230938299807387921e+03 1.996138559160172221e+01
4.231738250327299284e+03 2.034714660019675847e+01
4.232538200847209737e+03 2.045682908674707789e+01
4.233338151367120190e+03 2.000552841835640550e+01
4.234138101887031553e+03 1.933362716870574971e+01
4.234938052406942006e+03 1.904722589197915994e+01
4.235738002926852459e+03 1.885811924501513559e+01
4.236537953446763822e+03 1.823636268768709101e+01
4.237337903966674276e+03 1.776173139819618640e+01
4.238137854486585638e+03 1.805556396021587773e+01
4.238937805006496092e+03 1.861874742767866309e+01
4.239737755526406545e+03 1.881568534678322990e+01
4.240537706046317908e+03 1.879598815148710500e+01
4.241337656566228361e+03 1.905443554157672281e+01
4.242137607086138814e+03 1.954435463959079300e+01
4.242937557606050177e+03 1.962886577438183267e+01
4.243737508125960630e+03 1.934156728538972914e+01
4.244537458645871993e+03 1.949182342526796674e+01
4.245337409165782447e+03 2.010092764821629885e+01
4.246137359685692900e+03 2.041878977270989637e+01
4.246937310205604263e+03 2.011813045123454202e+01
4.247737260725514716e+03 1.939634829800816718e+01
4.248537211245425169e+03 1.866735991472696199e+01
4.249337161765336532e+03 1.816765833943153297e+01
4.250137112285246985e+03 1.767182314247343911e+01
4.250937062805158348e+03 1.723256661586206917e+01
4.251737013325068801e+03 1.753857764956890009e+01
4.252536963844979255e+03 1.872025253377618981e+01
4.253336914364890617e+03 1.972645548764830181e+01
4.254136864884801071e+03 1.963363370942930075e+01
4.254936815404711524e+03 1.871327661740412651e+01
4.255736765924622887e+03 1.801853484175163089e+01
4.256536716444533340e+03 1.833772855597742790e+01
4.257336666964444703e+03 1.944086274922653601e+01
4.258136617484355156e+03 2.027077317370687837e+01
4.258936568004265609e+03 2.003918834095969714e+01
4.259736518524176972e+03 1.905916544578196081e+01
4.260536469044087426e+03 1.801478560399460349e+01
4.261336419563997879e+03 1.732679139029937687e+01
4.262136370083909242e+03 1.746952606708319067e+01
4.262936320603819695e+03 1.849905984886263610e+01
4.263736271123731058e+03 1.970744426059553689e+01
4.264536221643641511e+03 2.029271973272434337e+01
4.265336172163551964e+03 2.028861757230725971e+01
4.266136122683463327e+03 2.021998398891570048e+01
4.266936073203373780e+03 2.015075667380556013e+01
4.267736023723285143e+03 1.984642724932722757e+01
4.268535974243195597e+03 1.939498203013527444e+01
4.269335924763106050e+03 1.907173587564841810e+01
4.270135875283017413e+03 1.875233755539729330e+01
4.270935825802927866e+03 1.802241059582816973e+01
4.271735776322838319e+03 1.686993130165358679e+01
4.272535726842749682e+03 1.601078873310758155e+01
4.273335677362660135e+03 1.620215340965711803e+01
4.274135627882571498e+03 1.687626236640171129e+01
4.274935578402481951e+03 1.702635435890585924e+01
4.275735528922392405e+03 1.695938737937816043e+01
4.276535479442303767e+03 1.748007106510286945e+01
4.277335429962214221e+03 1.850034313923280394e+01
4.278135380482124674e+03 1.939281855323827131e+01
4.278935331002036037e+03 1.986432551513658495e+01
4.279735281521946490e+03 1.973828128436942819e+01
4.280535232041857853e+03 1.899790482869757113e+01
4.281335182561768306e+03 1.829721655144816950e+01
4.282135133081678759e+03 1.824426880711514087e+01
4.282935083601590122e+03 1.853395661538643679e+01
4.283735034121500576e+03 1.875770621269975891e+01
4.284534984641411029e+03 1.890290955704436371e+01
4.285334935161322392e+03 1.869950830398843067e+01
4.286134885681232845e+03 1.810539287476967729e+01
4.286934836201144208e+03 1.769085857660643413e+01
4.287734786721054661e+03 1.778468603969977124e+01
4.288534737240965114e+03 1.789295815154759239e+01
4.289334687760876477e+03 1.735832692609164951e+01
4.290134638280786930e+03 1.636969785869412775e+01
4.290934588800697384e+03 1.576470067747186299e+01
4.291734539320608746e+03 1.595303615996681756e+01
4.292534489840519200e+03 1.665320741373681912e+01
4.293334440360430563e+03 1.745895765229093399e+01
4.294134390880341016e+03 1.796624945348242974e+01
4.294934341400251469e+03 1.796308266098962036e+01
4.295734291920162832e+03 1.772856225307516809e+01
4.296534242440073285e+03 1.756075083446875595e+01
4.297334192959984648e+03 1.727625448849700618e+01
4.298134143479895101e+03 1.667500335992350458e+01
4.298934093999805555e+03 1.590574019407591067e+01
4.299734044519716917e+03 1.504739704240519060e+01
4.300533995039627371e+03 1.429072534747299272e+01
4.301333945559537824e+03 1.403505008249019781e+01
4.302133896079449187e+03 1.424035318869176159e+01
4.302933846599359640e+03 1.443193038502547232e+01
4.303733797119271003e+03 1.447796045823688260e+01
4.304533747639181456e+03 1.468891674093801036e+01
4.305333698159091909e+03 1.501706252302658484e+01
4.306133648679003272e+03 1.518296362402075772e+01
4.306933599198913726e+03 1.516068703796188544e+01
4.307733549718824179e+03 1.484160057795461896e+01
4.308533500238735542e+03 1.411096256996246545e+01
4.309333450758645995e+03 1.352249172833855084e+01
4.310133401278557358e+03 1.362149420137511058e+01
4.310933351798467811e+03 1.411924339178324850e+01
4.311733302318378264e+03 1.461503624274330093e+01
4.312533252838289627e+03 1.511297451028176297e+01
4.313333203358200080e+03 1.575665229176793503e+01
4.314133153878110534e+03 1.654962408887872272e+01
4.314933104398021896e+03 1.733648815320787406e+01
4.315733054917932350e+03 1.814431909447769442e+01
4.316533005437843713e+03 1.925676320607763614e+01
4.317332955957754166e+03 2.049430518275111268e+01
4.318132906477664619e+03 2.124807778013245851e+01
4.318932856997575982e+03 2.137445448654162306e+01
4.319732807517486435e+03 2.119636362055135592e+01
4.320532758037396889e+03 2.093683579984325860e+01
4.321332708557308251e+03 2.058231939927896548e+01
4.322132659077218705e+03 2.032660000581645932e+01
4.322932609597130067e+03 2.010939165085775215e+01
4.323732560117040521e+03 1.922379971124023612e+01
4.324532510636950974e+03 1.762099296884352384e+01
4.325332461156862337e+03 1.614957218769440317e+01
4.326132411676772790e+03 1.531086820281888805e+01
4.326932362196684153e+03 1.542276673594957259e+01
4.327732312716594606e+03 1.669441668346823349e+01
4.328532263236505059e+03 1.842965169488537214e+01
4.329332213756416422e+03 1.967804217214884233e+01
4.330132164276326876e+03 2.013739877182254290e+01
4.330932114796237329e+03 2.001572465292296243e+01
4.331732065316148692e+03 1.979843711026507691e+01
4.332532015836059145e+03 1.986865331378111676e+01
4.333331966355970508e+03 2.005548732233923204e+01
4.334131916875880961e+03 2.009928656414971115e+01
4.334931867395791414e+03 2.009588020418082621e+01
4.335731817915702777e+03 2.009266063933888091e+01
4.336531768435613230e+03 1.980957853157666904e+01
4.337331718955523684e+03 1.887947554821585072e+01
4.338131669475435046e+03 1.740935364938235352e+01
4.338931619995345500e+03 1.599047241812258946e+01
4.339731570515256863e+03 1.472966576036610142e+01
4.340531521035167316e+03 1.334087277026057095e+01
4.341331471555077769e+03 1.234160650672743031e+01
4.342131422074989132e+03 1.272058879437062906e+01
4.342931372594899585e+03 1.435776116442883676e+01
4.343731323114810039e+03 1.602420928636188435e+01
4.344531273634721401e+03 1.701621630342860669e+01
4.345331224154631855e+03 1.774873567872070623e+01
4.346131174674543217e+03 1.859547116872143846e+01
4.346931125194453671e+03 1.924880857050391114e+01
4.347731075714364124e+03 1.943360431002792410e+01
4.348531026234275487e+03 1.935110197486248040e+01
4.349330976754185940e+03 1.933030414565147481e+01
4.350130927274096393e+03 1.941436183220119105e+01
4.350930877794007756e+03 1.919681426396199697e+01
4.351730828313918209e+03 1.835448165152888933e+01
4.352530778833829572e+03 1.735605321063905393e+01
4.353330729353740026e+03 1.714319912222391196e+01
4.354130679873650479e+03 1.796918121628444709e+01
4.354930630393561842e+03 1.899113013837428099e+01
4.355730580913472295e+03 1.946208179793431015e+01
4.356530531433382748e+03 1.961184692180860623e+01
4.357330481953294111e+03 1.991329112256103429e+01
4.358130432473204564e+03 2.024346115253988998e+01
4.358930382993115927e+03 2.009089532809240808e+01
4.359730333513026380e+03 1.950039947447461230e+01
4.360530284032936834e+03 1.916787654795592033e+01
4.361330234552848196e+03 1.946403038906839811e+01
4.362130185072758650e+03 2.009868170485661665e+01
4.362930135592670013e+03 2.051461938706096433e+01
4.363730086112580466e+03 2.048230961288786744e+01
4.364530036632490919e+03 2.043655484299923586e+01
4.365329987152402282e+03 2.076830057896862058e+01
4.366129937672312735e+03 2.112616408621716602e+01
4.366929888192223189e+03 2.094648188388863375e+01
4.367729838712134551e+03 2.028227391462891660e+01
4.368529789232045005e+03 1.973231165439952051e+01
4.369329739751956367e+03 1.966271000734653285e+01
4.370129690271866821e+03 1.979341350624505225e+01
4.370929640791777274e+03 1.977103179381701636e+01
4.371729591311688637e+03 1.970983377308493445e+01
4.372529541831599090e+03 1.976747646572981409e+01
4.373329492351509543e+03 1.982940418752342993e+01
4.374129442871420906e+03 1.957747812889115124e+01
4.374929393391331359e+03 1.897818410571504444e+01
4.375729343911242722e+03 1.841434820749884693e+01
4.376529294431153176e+03 1.832704021139200989e+01
4.377329244951063629e+03 1.882075691492792302e+01
4.378129195470974992e+03 1.957448749213251915e+01
4.378929145990885445e+03 2.013273689779279962e+01
4.379729096510795898e+03 2.032370201591556480e+01
4.380529047030707261e+03 2.027350410934674585e+01
4.381328997550617714e+03 2.015156561419194503e+01
4.382128948070529077e+03 1.988080566495162316e+01
4.382928898590439530e+03 1.896652315941387101e+01
4.383728849110349984e+03 1.718857413007763313e+01
4.384528799630261346e+03 1.552849595555674789e+01
4.385328750150171800e+03 1.522048407008141702e+01
4.386128700670082253e+03 1.630997508280354324e+01
4.386928651189993616e+03 1.787513406417352613e+01
4.387728601709904069e+03 1.890166045276404105e+01
4.388528552229815432e+03 1.913888235374614766e+01
4.389328502749725885e+03 1.905369841980621715e+01
4.390128453269636339e+03 1.891520427959761363e+01
4.390928403789547701e+03 1.876437829600214968e+01
4.391728354309458155e+03 1.882670484064886551e+01
4.392528304829369517e+03 1.918736993766996335e+01
4.393328255349279971e+03 1.957872458218659517e+01
4.394128205869190424e+03 1.967649413489824894e+01
4.394928156389101787e+03 1.942555012453301799e+01
4.395728106909012240e+03 1.910080578433994702e+01
4.396528057428922693e+03 1.906966069947581133e+01
4.397328007948834056e+03 1.949457643837683918e+01
4.398127958468744509e+03 2.001862268062440364e+01
4.398927908988655872e+03 2.019232182952929122e+01
4.399727859508566326e+03 1.991737327848974815e+01
4.400527810028476779e+03 1.937820823076776833e+01
4.401327760548388142e+03 1.892681651707633961e+01
4.402127711068298595e+03 1.893599981487982120e+01
4.402927661588209048e+03 1.939143986925981622e+01
4.403727612108120411e+03 1.968759310831487142e+01
4.404527562628030864e+03 1.912958883029784829e+01
4.405327513147942227e+03 1.801714821048588533e+01
4.406127463667852680e+03 1.757915261902447668e+01
4.406927414187763134e+03 1.828510302969460355e+01
4.407727364707674496e+03 1.913407775751637274e+01
4.408527315227584950e+03 1.935531361573662679e+01
4.409327265747495403e+03 1.933098417801178215e+01
4.410127216267406766e+03 1.962864887842106043e+01
4.410927166787317219e+03 2.017364694862062890e+01
4.411727117307228582e+03 2.063384802009881014e+01
4.412527067827139035e+03 2.090737981871405538e+01
4.413327018347049489e+03 2.099936623133604030e+01
4.414126968866960851e+03 2.073538082577616848e+01
4.414926919386871305e+03 1.989091532665400308e+01
4.415726869906781758e+03 1.879135890167101408e+01
4.416526820426693121e+03 1.829884123311609301e+01
4.417326770946603574e+03 1.871400343523887955e+01
4.418126721466514937e+03 1.942682631656680314e+01
4.418926671986425390e+03 2.010934904246704491e+01
4.419726622506335843e+03 2.080544900181524071e+01
4.420526573026247206e+03 2.135120960688886882e+01
4.421326523546157659e+03 2.151988556105072092e+01
4.422126474066069022e+03 2.123680085706362064e+01
4.422926424585979476e+03 2.068625187738193461e+01
4.423726375105889929e+03 2.026005215888782729e+01
4.424526325625801292e+03 2.013363068485350738e+01
4.425326276145711745e+03 2.015660160113019117e+01
4.426126226665622198e+03 2.016184320559029786e+01
4.426926177185533561e+03 2.013987477261453307e+01
4.427726127705444014e+03 2.015877459764524815e+01
4.428526078225355377e+03 2.031243378655227616e+01
4.429326028745265830e+03 2.066294505496561129e+01
4.430125979265176284e+03 2.080491171725942934e+01
4.430925929785087646e+03 2.048832149811389058e+01
4.431725880304998100e+03 2.022498816016224055e+01
4.432525830824908553e+03 2.035944616920452788e+01
4.433325781344819916e+03 2.045150700588339276e+01
4.434125731864730369e+03 2.016706833926303943e+01
4.434925682384641732e+03 1.960274999476531477e+01
4.435725632904552185e+03 1.896409497732958727e+01
4.436525583424462639e+03 1.871125544938099949e+01
4.437325533944374001e+03 1.926226121206941855e+01
4.438125484464284455e+03 2.025885383154091812e+01
4.438925434984194908e+03 2.104733019119752413e+01
4.439725385504106271e+03 2.140675074782152620e+01
4.440525336024016724e+03 2.135444216399570649e+01
4.441325286543928087e+03 2.093653968092914042e+01
4.442125237063838540e+03 2.030255289819563558e+01
4.442925187583748993e+03 1.961503018529095499e+01
4.443725138103660356e+03 1.909977263557637173e+01
4.444525088623570809e+03 1.908604708671982308e+01
4.445325039143481263e+03 1.969965967713457999e+01
4.446124989663392626e+03 2.055622431342974465e+01
4.446924940183303079e+03 2.097464337805091361e+01
4.447724890703214442e+03 2.078732704785514684e+01
4.448524841223124895e+03 2.052757856019356808e+01
4.449324791743035348e+03 2.056244686514431663e+01
4.450124742262946711e+03 2.057278214946276051e+01
4.450924692782857164e+03 2.029534714436063325e+01
4.451724643302767618e+03 2.010144951944444358e+01
4.452524593822678980e+03 2.029649086912712619e+01
4.453324544342589434e+03 2.050491338680879849e+01
4.454124494862500796e+03 2.022363966701455951e+01
4.454924445382411250e+03 1.938191616241662274e+01
4.455724395902321703e+03 1.843898592222500099e+01
4.456524346422233066e+03 1.810049377947766658e+01
4.457324296942143519e+03 1.849290494038334032e+01
4.458124247462054882e+03 1.905294956297445452e+01
4.458924197981965335e+03 1.926493456165488283e+01
4.459724148501875788e+03 1.918492516537890680e+01
4.460524099021787151e+03 1.916215867555017738e+01
4.461324049541697605e+03 1.920772174457633952e+01
4.462124000061608058e+03 1.907877564681486149e+01
4.462923950581519421e+03 1.907403952198103880e+01
4.463723901101429874e+03 1.962585356534131265e+01
4.464523851621341237e+03 2.033563063200658405e+01
4.465323802141251690e+03 2.060403247190097531e+01
4.466123752661162143e+03 2.050584093159846688e+01
4.466923703181073506e+03 2.040013329579834434e+01
4.467723653700983959e+03 2.041183395239747256e+01
4.468523604220894413e+03 2.043102221105882421e+01
4.469323554740805776e+03 2.013932937219406227e+01
4.470123505260716229e+03 1.962456967056711932e+01
4.470923455780627592e+03 1.946040300135614132e+01
4.471723406300538045e+03 1.987185420889549192e+01
4.472523356820448498e+03 2.052632813969986358e+01
4.473323307340359861e+03 2.104506774276560321e+01
4.474123257860270314e+03 2.139771531442302432e+01
4.474923208380180768e+03 2.168324113396127828e+01
4.475723158900092130e+03 2.170581444089566503e+01
4.476523109420002584e+03 2.140196366236382630e+01
4.477323059939913946e+03 2.125287025756389170e+01
4.478123010459824400e+03 2.158931522394171765e+01
4.478922960979734853e+03 2.196037746923326495e+01
4.479722911499646216e+03 2.183740849729144884e+01
4.480522862019556669e+03 2.123630687168878950e+01
4.481322812539467122e+03 2.051311955254973185e+01
4.482122763059378485e+03 1.992497075073511326e+01
4.482922713579288938e+03 1.959529924651548782e+01
4.483722664099200301e+03 1.972515831609729986e+01
4.484522614619110755e+03 2.024955903223331077e+01
4.485322565139021208e+03 2.077589114378744028e+01
4.486122515658932571e+03 2.116051677098470662e+01
4.486922466178843024e+03 2.143343158263895276e+01
4.487722416698754387e+03 2.147985175284193815e+01
4.488522367218664840e+03 2.116045701692793557e+01
4.489322317738575293e+03 2.061177456783955364e+01
4.490122268258486656e+03 2.011534787852123429e+01
4.490922218778397109e+03 1.993421213387008351e+01
4.491722169298307563e+03 2.021128074007267372e+01
4.492522119818218926e+03 2.079811013236488293e+01
4.493322070338129379e+03 2.133003294775096492e+01
4.494122020858040742e+03 2.141580101545802606e+01
4.494921971377951195e+03 2.097284246686243847e+01
4.495721921897861648e+03 2.044968738995119040e+01
4.496521872417773011e+03 2.029490568229310199e+01
4.497321822937683464e+03 2.043920296701952566e+01
4.498121773457593918e+03 2.070571644649199072e+01
4.498921723977505280e+03 2.098426259994954535e+01
4.499721674497415734e+03 2.114506781681479453e+01
4.500521625017327096e+03 2.118714079218422341e+01
4.501321575537237550e+03 2.110917764145427356e+01
4.502121526057148003e+03 2.095957316150174421e+01
4.502921476577059366e+03 2.104783454493331973e+01
4.503721427096969819e+03 2.155056647215545951e+01
4.504521377616880272e+03 2.213934444003013979e+01
4.505321328136791635e+03 2.239795969170677026e+01
4.506121278656702088e+03 2.232802621768656337e+01
4.506921229176613451e+03 2.215715768324308499e+01
4.507721179696523905e+03 2.196978668063461981e+01
4.508521130216434358e+03 2.179526499961023234e+01
4.509321080736345721e+03 2.177076419686002495e+01
4.510121031256256174e+03 2.196062981546399939e+01
4.510920981776166627e+03 2.219890507603618701e+01
4.511720932296077990e+03 2.226953613643063790e+01
4.512520882815988443e+03 2.209902276855670777e+01
4.513320833335899806e+03 2.181816459194200775e+01
4.514120783855810259e+03 2.160941355518522755e+01
4.514920734375720713e+03 2.145733800844857342e+01
4.515720684895632075e+03 2.129743193494102371e+01
4.516520635415542529e+03 2.128082008663840341e+01
4.517320585935453892e+03 2.139520977758342113e+01
4.518120536455364345e+03 2.134015609870182573e+01
4.518920486975274798e+03 2.114617553346654688e+01
4.519720437495186161e+03 2.116344172385831968e+01
4.520520388015096614e+03 2.138768345880355071e+01
4.521320338535007068e+03 2.157397295262413195e+01
4.522120289054918430e+03 2.159965224992164678e+01
4.522920239574828884e+03 2.133426576133134134e+01
4.523720190094740246e+03 2.098184632126479698e+01
4.524520140614650700e+03 2.090424000476377131e+01
4.525320091134561153e+03 2.089471265772098718e+01
4.526120041654472516e+03 2.065946662688807933e+01
4.526919992174382969e+03 2.028620678114938158e+01
4.527719942694293422e+03 1.991199444873321767e+01
4.528519893214204785e+03 1.965922849124469707e+01
4.529319843734115238e+03 1.954725406474513605e+01
4.530119794254026601e+03 1.961795263186300531e+01
4.530919744773937055e+03 1.989221755569109717e+01
4.531719695293847508e+03 2.012075406748897421e+01
4.532519645813758871e+03 2.030467751919142927e+01
4.533319596333669324e+03 2.049613125731827523e+01
4.534119546853579777e+03 2.034325752471657012e+01
4.534919497373491140e+03 1.983326209037956644e+01
4.535719447893401593e+03 1.937458843085828164e+01
4.536519398413312956e+03 1.929621303009130528e+01
4.537319348933223409e+03 1.988979350004881042e+01
4.538119299453133863e+03 2.101251857530210287e+01
4.538919249973045225e+03 2.190479056226458354e+01
4.539719200492955679e+03 2.213914897230534962e+01
4.540519151012866132e+03 2.186321133362767455e+01
4.541319101532777495e+03 2.135687110618244944e+01
4.542119052052687948e+03 2.097314498281473760e+01
4.542919002572599311e+03 2.099428973270424592e+01
4.543718953092509764e+03 2.127034326123998298e+01
4.544518903612420218e+03 2.130726011882476456e+01
4.545318854132331580e+03 2.088527978624486536e+01
4.546118804652242034e+03 2.043938376380146948e+01
4.546918755172152487e+03 2.041542042731695261e+01
4.547718705692063850e+03 2.062978569764706549e+01
4.548518656211974303e+03 2.069021736830694636e+01
4.549318606731885666e+03 2.045031238783148098e+01
4.550118557251796119e+03 2.004659312650266401e+01
4.550918507771706572e+03 2.004711389725262904e+01
4.551718458291617935e+03 2.073532175034444691e+01
4.552518408811528388e+03 2.142843214947731667e+01
4.553318359331439751e+03 2.159040563293066128e+01
4.554118309851350205e+03 2.137862581683102547e+01
4.554918260371260658e+03 2.101699851599367008e+01
4.555718210891172021e+03 2.060615528577882571e+01
4.556518161411082474e+03 2.035259526704776079e+01
4.557318111930992927e+03 2.055879367687283832e+01
4.558118062450904290e+03 2.115949895358814103e+01
4.558918012970814743e+03 2.162442905331280230e+01
4.559717963490726106e+03 2.174886107566067039e+01
4.560517914010636559e+03 2.176056624675708306e+01
4.561317864530547013e+03 2.180196541088837137e+01
4.562117815050458375e+03 2.190131705730960476e+01
4.562917765570368829e+03 2.195991277122305263e+01
4.563717716090279282e+03 2.180449194473981223e+01
4.564517666610190645e+03 2.145459341865314684e+01
4.565317617130101098e+03 2.116075164493009453e+01
4.566117567650012461e+03 2.105827718651642044e+01
4.566917518169922914e+03 2.114092356285501140e+01
4.567717468689833368e+03 2.143553386226082580e+01
4.568517419209744730e+03 2.175866932715025470e+01
4.569317369729655184e+03 2.187828448999487563e+01
4.570117320249565637e+03 2.181018051599860996e+01
4.570917270769477000e+03 2.157739049595005554e+01
4.571717221289387453e+03 2.106195055078094569e+01
4.572517171809298816e+03 2.050028670344109116e+01
4.573317122329209269e+03 2.052613429489837671e+01
4.574117072849119722e+03 2.117003446361404073e+01
4.574917023369031085e+03 2.173743200040062362e+01
4.575716973888941538e+03 2.189351297774283722e+01
4.576516924408851992e+03 2.183828625098649212e+01
4.577316874928763355e+03 2.175366573472861376e+01
4.578116825448673808e+03 2.168926919845191392e+01
4.578916775968585171e+03 2.158745311021700530e+01
4.579716726488495624e+03 2.137029916151902142e+01
4.580516677008406077e+03 2.104523505712463205e+01
4.581316627528317440e+03 2.068988093922655125e+01
4.582116578048227893e+03 2.049235197020613697e+01
4.582916528568139256e+03 2.056351314310462186e+01
4.583716479088049709e+03 2.070544185702647155e+01
4.584516429607960163e+03 2.056307316915990668e+01
4.585316380127871525e+03 2.021112837029201614e+01
4.586116330647781979e+03 2.002996415371718442e+01
4.586916281167692432e+03 2.018916734919685041e+01
4.587716231687603795e+03 2.060129427446647910e+01
4.588516182207514248e+03 2.103167569053739783e+01
4.589316132727425611e+03 2.134508047902824046e+01
4.590116083247336064e+03 2.157115347017341733e+01
4.590916033767246518e+03 2.168548666948215242e+01
4.591715984287157880e+03 2.160901555577658684e+01
4.592515934807068334e+03 2.131329506131274343e+01
4.593315885326978787e+03 2.096935548302037589e+01
4.594115835846890150e+03 2.089080683459387444e+01
4.594915786366800603e+03 2.110791315679860602e+01
4.595715736886711966e+03 2.125445780951675090e+01
4.596515687406622419e+03 2.114808881917904415e+01
4.597315637926532872e+03 2.101632788124816642e+01
4.598115588446444235e+03 2.103619433875656952e+01
4.598915538966354688e+03 2.111740983630957658e+01
4.599715489486265142e+03 2.117708201796101974e+01
4.600515440006176505e+03 2.110321828132060062e+01
4.601315390526086958e+03 2.075168391608712426e+01
4.602115341045998321e+03 2.040395438409687756e+01
4.602915291565908774e+03 2.040596635027222305e+01
4.603715242085819227e+03 2.061498974140097218e+01
4.604515192605730590e+03 2.084484177115877301e+01
4.605315143125641043e+03 2.109531958461473522e+01
4.606115093645551497e+03 2.133390201171077649e+01
4.606915044165462859e+03 2.154238758961630396e+01
4.607714994685373313e+03 2.169660984403766690e+01
4.608514945205284675e+03 2.182596356727304965e+01
4.609314895725195129e+03 2.199119835683392665e+01
4.610114846245105582e+03 2.211275296972909388e+01
4.610914796765016945e+03 2.202295536028507783e+01
4.611714747284927398e+03 2.171236358328550509e+01
4.612514697804838761e+03 2.142963194517561476e+01
4.613314648324749214e+03 2.134665631568597632e+01
4.614114598844659668e+03 2.129894691923613692e+01
4.614914549364571030e+03 2.125784990651217399e+01
4.615714499884481484e+03 2.128626223700793929e+01
4.616514450404391937e+03 2.120591784610314789e+01
4.617314400924303300e+03 2.100930255096006505e+01
4.618114351444213753e+03 2.095320735783423061e+01
4.618914301964125116e+03 2.102711887483081199e+01
4.619714252484035569e+03 2.104604855971592059e+01
4.620514203003946022e+03 2.108674010017720235e+01
4.621314153523857385e+03 2.129923401069047628e+01
4.622114104043767838e+03 2.152054382645090058e+01
4.622914054563678292e+03 2.156018796411222027e+01
4.623714005083589655e+03 2.152424798593071031e+01
4.624513955603500108e+03 2.158168132533261385e+01
4.625313906123411471e+03 2.162800690645741497e+01
4.626113856643321924e+03 2.150166645100489404e+01
4.626913807163232377e+03 2.131797683680475330e+01
4.627713757683143740e+03 2.127886281362936671e+01
4.628513708203054193e+03 2.139408278308884093e+01
4.629313658722964647e+03 2.142735710052028253e+01
4.630113609242876009e+03 2.124811704773286891e+01
4.630913559762786463e+03 2.112167124269050333e+01
4.631713510282697825e+03 2.126649822362577069e+01
4.632513460802608279e+03 2.142350763684918391e+01
4.633313411322518732e+03 2.132870022210522620e+01
4.634113361842430095e+03 2.119328207932725050e+01
4.634913312362340548e+03 2.130301127182537257e+01
4.635713262882251001e+03 2.151271609874416413e+01
4.636513213402162364e+03 2.154280369708093446e+01
4.637313163922072818e+03 2.133510919467995848e+01
4.638113114441984180e+03 2.099712542068130716e+01
4.638913064961894634e+03 2.075559652526053256e+01
4.639713015481805087e+03 2.079896056408296801e+01
4.640512966001716450e+03 2.103477744563287288e+01
4.641312916521626903e+03 2.135312696506193930e+01
4.642112867041537356e+03 2.168281934606288175e+01
4.642912817561448719e+03 2.187073459777527518e+01
4.643712768081359172e+03 2.188117461205310121e+01
4.644512718601270535e+03 2.184538381641962346e+01
4.645312669121180988e+03 2.183334049770375174e+01
4.646112619641091442e+03 2.168314903015606276e+01
4.646912570161002805e+03 2.126563244538961683e+01
4.647712520680913258e+03 2.080542006608110484e+01
4.648512471200824621e+03 2.060866082260456977e+01
4.649312421720735074e+03 2.066260163713415920e+01
4.650112372240645527e+03 2.085705937367961837e+01
4.650912322760556890e+03 2.112912029773172407e+01
4.651712273280467343e+03 2.126308055486791204e+01
4.652512223800377797e+03 2.120286091489582958e+01
4.653312174320289159e+03 2.118839934703723316e+01
4.654112124840199613e+03 2.120329205510838122e+01
4.654912075360110975e+03 2.101505420593988660e+01
4.655712025880021429e+03 2.077913794423633931e+01
4.656511976399931882e+03 2.073164739415322089e+01
4.657311926919843245e+03 2.075419912429443059e+01
4.658111877439753698e+03 2.084763832927228933e+01
4.658911827959664151e+03 2.118234647429970963e+01
4.659711778479575514e+03 2.167437042329019548e+01
4.660511728999485968e+03 2.206085600367003963e+01
4.661311679519397330e+03 2.218456812949276724e+01
4.662111630039307784e+03 2.204759591277178288e+01
4.662911580559218237e+03 2.178280651254896227e+01
4.663711531079129600e+03 2.154070212455589228e+01
4.664511481599040053e+03 2.139635200410990024e+01
4.665311432118950506e+03 2.136608332244155406e+01
4.666111382638861869e+03 2.133070232027405666e+01
4.666911333158772322e+03 2.104884758052416061e+01
4.667711283678683685e+03 2.043050313715852795e+01
4.668511234198594138e+03 1.983836466655688469e+01
4.669311184718504592e+03 1.978557491531972801e+01
4.670111135238415955e+03 2.026651114440286960e+01
4.670911085758326408e+03 2.082741331841150512e+01
4.671711036278236861e+03 2.124894338070256339e+01
4.672510986798148224e+03 2.150998161972384537e+01
4.673310937318058677e+03 2.147928757319802884e+01
4.674110887837970040e+03 2.127564587151133679e+01
4.674910838357880493e+03 2.124889576920926615e+01
4.675710788877790947e+03 2.144365895688223844e+01
4.676510739397702309e+03 2.167538828177598020e+01
4.677310689917612763e+03 2.184370493803360347e+01
4.678110640437524125e+03 2.185631871569192697e+01
4.678910590957434579e+03 2.162409123323057258e+01
4.679710541477345032e+03 2.118955896673249129e+01
4.680510491997256395e+03 2.077568283590702691e+01
4.681310442517166848e+03 2.058749510095008617e+01
4.682110393037077301e+03 2.057994787832412342e+01
4.682910343556988664e+03 2.066183627065957040e+01
4.683710294076899117e+03 2.089538023746875339e+01
4.684510244596810480e+03 2.123643192140924896e+01
4.685310195116720934e+03 2.142901696743687268e+01
4.686110145636631387e+03 2.137024232281368796e+01
4.686910096156542750e+03 2.119938942999915099e+01
4.687710046676453203e+03 2.107315399788396348e+01
4.688509997196363656e+03 2.108920921057808329e+01
4.689309947716275019e+03 2.126424414118001494e+01
4.690109898236185472e+03 2.145158835687200849e+01
4.690909848756096835e+03 2.145045145263259911e+01
4.691709799276007288e+03 2.130448324789911396e+01
4.692509749795917742e+03 2.129052483719641131e+01
4.693309700315829105e+03 2.150448998788462518e+01
4.694109650835739558e+03 2.171857540794164620e+01
4.694909601355650011e+03 2.179772464530726950e+01
4.695709551875561374e+03 2.182624806952441787e+01
4.696509502395471827e+03 2.185220521079759948e+01
4.697309452915383190e+03 2.181617425464559545e+01
4.698109403435293643e+03 2.164716221422720821e+01
4.698909353955204097e+03 2.136246079647402851e+01
4.699709304475115459e+03 2.111727299705530925e+01
4.700509254995025913e+03 2.104499100322717098e+01
4.701309205514936366e+03 2.102134599229898981e+01
4.702109156034847729e+03 2.087444944160658622e+01
4.702909106554758182e+03 2.056760021497027324e+01
4.703709057074669545e+03 2.021768621416520872e+01
4.704509007594579998e+03 2.014681539381626862e+01
4.705308958114490451e+03 2.051489791135342244e+01
4.706108908634401814e+03 2.094779398915925128e+01
4.706908859154312267e+03 2.104597207453637253e+01
4.707708809674223630e+03 2.078497586801529451e+01
4.708508760194134084e+03 2.041316481982555331e+01
4.709308710714044537e+03 2.018094793945226684e+01
4.710108661233955900e+03 2.013039291217688032e+01
4.710908611753866353e+03 2.027080149040620327e+01
4.711708562273776806e+03 2.063958532824050707e+01
4.712508512793688169e+03 2.114160382429142260e+01
4.713308463313598622e+03 2.150591781346007281e+01
4.714108413833509985e+03 2.148394972336890874e+01
4.714908364353420438e+03 2.108265170031059199e+01
4.715708314873330892e+03 2.072063897316896686e+01
4.716508265393242255e+03 2.079836058149702893e+01
4.717308215913152708e+03 2.119948166458119232e+01
4.718108166433063161e+03 2.159429912983871347e+01
4.718908116952974524e+03 2.177207802210116228e+01
4.719708067472884977e+03 2.177902001383250052e+01
4.720508017992796340e+03 2.178944470649187437e+01
4.721307968512706793e+03 2.177262690293792247e+01
4.722107919032617247e+03 2.158350695420747911e+01
4.722907869552528609e+03 2.128339092362451623e+01
4.723707820072439063e+03 2.111927388024232499e+01
4.724507770592349516e+03 2.124666740505287876e+01
4.725307721112260879e+03 2.155474829881451981e+01
4.726107671632171332e+03 2.178884242240144431e+01
4.726907622152082695e+03 2.174055314366177782e+01
4.727707572671993148e+03 2.136578465225656487e+01
4.728507523191903601e+03 2.088745675580294403e+01
4.729307473711814964e+03 2.061047573457626925e+01
4.730107424231725417e+03 2.059190121797847084e+01
4.730907374751635871e+03 2.069470368027630514e+01
4.731707325271547234e+03 2.074895275957339180e+01
4.732507275791457687e+03 2.070447447216347570e+01
4.733307226311369050e+03 2.066697378868959589e+01
4.734107176831279503e+03 2.069866028336058861e+01
4.734907127351189956e+03 2.082729698550657815e+01
4.735707077871101319e+03 2.106048676857858837e+01
4.736507028391011772e+03 2.112234216761920891e+01
4.737306978910922226e+03 2.082799490944114496e+01
4.738106929430833588e+03 2.055395090965414795e+01
4.738906879950744042e+03 2.068155656068176640e+01
4.739706830470655404e+03 2.099250405334809599e+01
4.740506780990565858e+03 2.117425000593415874e+01
4.741306731510476311e+03 2.124101156442556260e+01
4.742106682030387674e+03 2.125227856804200854e+01
4.742906632550298127e+03 2.127410302023891120e+01
4.743706583070209490e+03 2.140155431740673819e+01
4.744506533590119943e+03 2.155532407463156019e+01
4.745306484110030397e+03 2.155456648613638393e+01
4.746106434629941759e+03 2.141239772641811001e+01
4.746906385149852213e+03 2.136761980795601090e+01
4.747706335669762666e+03 2.151739216390390652e+01
4.748506286189674029e+03 2.168025518173293165e+01
4.749306236709584482e+03 2.172585024654865293e+01
4.750106187229495845e+03 2.170105511170897472e+01
4.750906137749406298e+03 2.168401276488647866e+01
4.751706088269316751e+03 2.169756909706273973e+01
4.752506038789228114e+03 2.164508716768340335e+01
4.753305989309138567e+03 2.150213326461469165e+01
4.754105939829049021e+03 2.134621057130865296e+01
4.754905890348960384e+03 2.118791605962595881e+01
4.755705840868870837e+03 2.106629120645239794e+01
4.756505791388782200e+03 2.101893039690381926e+01
4.757305741908692653e+03 2.099000063170777253e+01
4.758105692428603106e+03 2.101314540962616206e+01
4.758905642948514469e+03 2.112949013276894306e+01
4.759705593468424922e+03 2.126865550062556309e+01
4.760505543988335376e+03 2.140291372809138792e+01
4.761305494508246738e+03 2.147724743705950345e+01
4.762105445028157192e+03 2.127911345730211323e+01
4.762905395548068554e+03 2.081573725878230618e+01
4.763705346067979008e+03 2.050004983623177424e+01
4.764505296587889461e+03 2.055411800575877379e+01
4.765305247107800824e+03 2.071722560638355759e+01
4.766105197627711277e+03 2.073040178218089125e+01
4.766905148147621730e+03 2.059497979020376590e+01
4.767705098667533093e+03 2.053571573278595963e+01
4.768505049187443547e+03 2.067560232574535206e+01
4.769304999707354909e+03 2.091251897863770637e+01
4.770104950227265363e+03 2.121753189078864921e+01
4.770904900747175816e+03 2.154411072627078738e+01
4.771704851267087179e+03 2.169770513204554874e+01
4.772504801786997632e+03 2.157508032684676635e+01
4.773304752306908995e+03 2.130608416933186078e+01
4.774104702826819448e+03 2.118420463561120215e+01
4.774904653346729901e+03 2.138219846449594286e+01
4.775704603866641264e+03 2.166924222960820146e+01
4.776504554386551717e+03 2.175557913452235326e+01
4.777304504906462171e+03 2.170947695310588088e+01
4.778104455426373534e+03 2.174012863851228161e+01
4.778904405946283987e+03 2.180791462468536679e+01
4.779704356466195350e+03 2.174560895226370150e+01
4.780504306986105803e+03 2.156971797619515741e+01
4.781304257506016256e+03 2.147533895718147434e+01
4.782104208025927619e+03 2.154360324268872873e+01
4.782904158545838072e+03 2.156801018394738634e+01
4.783704109065748526e+03 2.138466790295525044e+01
4.784504059585659888e+03 2.120627734942620890e+01
4.785304010105570342e+03 2.128310424248057586e+01
4.786103960625481704e+03 2.135793739075768372e+01
4.786903911145392158e+03 2.110172336076203692e+01
4.787703861665302611e+03 2.076249221741940332e+01
4.788503812185213974e+03 2.070810542041541424e+01
4.789303762705124427e+03 2.072504278231143360e+01
4.790103713225034880e+03 2.055541073901058269e+01
4.790903663744946243e+03 2.048537539104417604e+01
4.791703614264856697e+03 2.072580484037419879e+01
4.792503564784768059e+03 2.095340040614570043e+01
4.793303515304678513e+03 2.099054827854116212e+01
4.794103465824588966e+03 2.108892202696436868e+01
4.794903416344500329e+03 2.138303047329302586e+01
4.795703366864410782e+03 2.166223502192391237e+01
4.796503317384321235e+03 2.176013418501757712e+01
4.797303267904232598e+03 2.172384615128553165e+01
4.798103218424143051e+03 2.160469896324890016e+01
4.798903168944054414e+03 2.135840587840452542e+01
4.799703119463964867e+03 2.104852416844408225e+01
4.800503069983875321e+03 2.081073479246141389e+01
4.801303020503786684e+03 2.066100318406383707e+01
4.802102971023697137e+03 2.067967925222058057e+01
4.802902921543608500e+03 2.091851346285159607e+01
4.803702872063518953e+03 2.118403225168797377e+01
4.804502822583429406e+03 2.128867727322086267e+01
4.805302773103340769e+03 2.117810750924623164e+01
4.806102723623251222e+03 2.096682014533903171e+01
4.806902674143161676e+03 2.088304840014045283e+01
4.807702624663073038e+03 2.091257027383702294e+01
4.808502575182983492e+03 2.091538833745089576e+01
4.809302525702894854e+03 2.094692256872088265e+01
4.810102476222805308e+03 2.104246107103775643e+01
4.810902426742715761e+03 2.111474377188503837e+01
4.811702377262627124e+03 2.116173013931085478e+01
4.812502327782537577e+03 2.124456400725829752e+01
4.813302278302448030e+03 2.130438791082274719e+01
4.814102228822359393e+03 2.129929095553969631e+01
4.814902179342269847e+03 2.128864549161740172e+01
4.815702129862181209e+03 2.132317917234421856e+01
4.816502080382091663e+03 2.137169911374064668e+01
4.817302030902002116e+03 2.133965773047926007e+01
4.818101981421913479e+03 2.116177284461716113e+01
4.818901931941823932e+03 2.098525576337585363e+01
4.819701882461734385e+03 2.105548621685105104e+01
4.820501832981645748e+03 2.129094918529756342e+01
4.821301783501556201e+03 2.141614939024285391e+01
4.822101734021467564e+03 2.137739550326459437e+01
4.822901684541378017e+03 2.122545827331862611e+01
4.823701635061288471e+03 2.091874147516981353e+01
4.824501585581199834e+03 2.060256833629979667e+01
4.825301536101110287e+03 2.063094479951418236e+01
4.826101486621020740e+03 2.102816820722443225e+01
4.826901437140932103e+03 2.141840666192171128e+01
4.827701387660842556e+03 2.157583477540169881e+01
4.828501338180753919e+03 2.153271579947682568e+01
4.829301288700664372e+03 2.134097292381862587e+01
4.830101239220574826e+03 2.110600227171228127e+01
4.830901189740486188e+03 2.098686894516776391e+01
4.831701140260396642e+03 2.094565467498172140e+01
4.832501090780307095e+03 2.086548085480751880e+01
4.833301041300218458e+03 2.081557462430065897e+01
4.834100991820128911e+03 2.090507097319272134e+01
4.834900942340040274e+03 2.110613781453818660e+01
4.835700892859950727e+03 2.125260932108495382e+01
4.836500843379861180e+03 2.124979555134316200e+01
4.837300793899772543e+03 2.118388477968291639e+01
4.838100744419682997e+03 2.113285779963932853e+01
4.838900694939594359e+03 2.098405827379599842e+01
4.839700645459504813e+03 2.067144168065047083e+01
4.840500595979415266e+03 2.034053030799232431e+01
4.841300546499326629e+03 2.019119567902209411e+01
4.842100497019237082e+03 2.032846910676553875e+01
4.842900447539147535e+03 2.056228496300617792e+01
4.843700398059058898e+03 2.058872265973176496e+01
4.844500348578969351e+03 2.048280353434805789e+01
4.845300299098880714e+03 2.055125857332232187e+01
4.846100249618791167e+03 2.078128792081443876e+01
4.846900200138701621e+03 2.095758729428003875e+01
4.847700150658612984e+03 2.099736616535411926e+01
4.848500101178523437e+03 2.088860034833484747e+01
4.849300051698433890e+03 2.069444688947562128e+01
4.850100002218345253e+03 2.061151875500528519e+01
4.850899952738255706e+03 2.070351959924165897e+01
4.851699903258167069e+03 2.075587650922897609e+01
4.852499853778077522e+03 2.061986852741020471e+01
4.853299804297987976e+03 2.044457720882601137e+01
4.854099754817899338e+03 2.035636592223133690e+01
4.854899705337809792e+03 2.017274559862971728e+01
4.855699655857720245e+03 1.969013646418333963e+01
4.856499606377631608e+03 1.912482854568403923e+01
4.857299556897542061e+03 1.890773314752506096e+01
4.858099507417453424e+03 1.898565547980399515e+01
4.858899457937363877e+03 1.884131077070781757e+01
4.859699408457274330e+03 1.809222649862926247e+01
4.860499358977185693e+03 1.663904559965997265e+01
4.861299309497096147e+03 1.470993535783765971e+01
4.862099260017006600e+03 1.310016259046502185e+01
4.862899210536917963e+03 1.285252819632331622e+01
4.863699161056828416e+03 1.413274931182285954e+01
4.864499111576739779e+03 1.587733761364390261e+01
4.865299062096650232e+03 1.717471519670337798e+01
4.866099012616560685e+03 1.802173854657434759e+01
4.866898963136472048e+03 1.861256171006855453e+01
4.867698913656382501e+03 1.900918945240149682e+01
4.868498864176293864e+03 1.927004902001971942e+01
4.869298814696204317e+03 1.945996556123066767e+01
4.870098765216114771e+03 1.959588508797473239e+01
4.870898715736026134e+03 1.945038483462673184e+01
4.871698666255936587e+03 1.881489605075238103e+01
4.872498616775847040e+03 1.810096400617286605e+01
4.873298567295758403e+03 1.805079855699282376e+01
4.874098517815668856e+03 1.870464877103796653e+01
4.874898468335580219e+03 1.944185380321526324e+01
4.875698418855490672e+03 1.986585992685807156e+01
4.876498369375401126e+03 2.000996547701552686e+01
4.877298319895312488e+03 2.006301344639614115e+01
4.878098270415222942e+03 2.008210278486270539e+01
4.878898220935133395e+03 2.003449554581196423e+01
4.879698171455044758e+03 2.014025506444513169e+01
4.880498121974955211e+03 2.054938364012080143e+01
4.881298072494866574e+03 2.086013493819799791e+01
4.882098023014777027e+03 2.076013750400220559e+01
4.882897973534687480e+03 2.052705928569120886e+01
4.883697924054598843e+03 2.052150745952755528e+01
4.884497874574509297e+03 2.063333614863172016e+01
4.885297825094419750e+03 2.055656820596786361e+01
4.886097775614331113e+03 2.025230472670987325e+01
4.886897726134241566e+03 1.989583998367228901e+01
4.887697676654152929e+03 1.967525623853730110e+01
4.888497627174063382e+03 1.966949452085891181e+01
4.889297577693973835e+03 1.978304466818129370e+01
4.890097528213885198e+03 1.978360340147003882e+01
4.890897478733795651e+03 1.940559921078916972e+01
4.891697429253706105e+03 1.862969153675904721e+01
4.892497379773617467e+03 1.818407072900451027e+01
4.893297330293527921e+03 1.877754906482709885e+01
4.894097280813439284e+03 1.995179779494836225e+01
4.894897231333349737e+03 2.085246034345134802e+01
4.895697181853260190e+03 2.128846677117228126e+01
4.896497132373171553e+03 2.148476066050262290e+01
4.897297082893082006e+03 2.157777691582176871e+01
4.898097033412993369e+03 2.161800810459000388e+01
4.898896983932903822e+03 2.161844725641573106e+01
4.899696934452814276e+03 2.148747950280420582e+01
4.900496884972725638e+03 2.117832519889093135e+01
4.901296835492636092e+03 2.091987585424232776e+01
4.902096786012546545e+03 2.093386073054313812e+01
4.902896736532457908e+03 2.097562237304212118e+01
4.903696687052368361e+03 2.073786267242876136e+01
4.904496637572279724e+03 2.041366684663145747e+01
4.905296588092190177e+03 2.038117184523374448e+01
4.906096538612100630e+03 2.066264669660932185e+01
4.906896489132011993e+03 2.099355996760019849e+01
4.907696439651922447e+03 2.106986439628874308e+01
4.908496390171832900e+03 2.084916797626638640e+01
4.909296340691744263e+03 2.059501102824246033e+01
4.910096291211654716e+03 2.037710512852986966e+01
4.910896241731566079e+03 2.001941851803361772e+01
4.911696192251476532e+03 1.971943714659776958e+01
4.912496142771386985e+03 1.984665704920782048e+01
4.913296093291298348e+03 2.028462016462660245e+01
4.914096043811208801e+03 2.065894076801481560e+01
4.914895994331119255e+03 2.086811184395622121e+01
4.915695944851030617e+03 2.105652268721988207e+01
4.916495895370941071e+03 2.121530175656205586e+01
4.917295845890852434e+03 2.118735364866643067e+01
4.918095796410762887e+03 2.083865676370836439e+01
4.918895746930673340e+03 2.007863836171360816e+01
4.919695697450584703e+03 1.906739177469470903e+01
4.920495647970495156e+03 1.826016164260565944e+01
4.921295598490405609e+03 1.799698345874450922e+01
4.922095549010316972e+03 1.836919558914038220e+01
4.922895499530227426e+03 1.920766007593329050e+01
4.923695450050138788e+03 1.988882435649210834e+01
4.924495400570049242e+03 1.996903105842343251e+01
4.925295351089959695e+03 1.975127858410140647e+01
4.926095301609871058e+03 1.984125237476843040e+01
4.926895252129781511e+03 2.032460111117999091e+01
4.927695202649691964e+03 2.082213379249186858e+01
4.928495153169603327e+03 2.107484683016003402e+01
4.929295103689513780e+03 2.117024077342973598e+01
4.930095054209425143e+03 2.123509916034773326e+01
4.930895004729335596e+03 2.123762762856357256e+01
4.931694955249246050e+03 2.120326931167799955e+01
4.932494905769157413e+03 2.120267466866700090e+01
4.933294856289067866e+03 2.107172217579130802e+01
4.934094806808979229e+03 2.065013646062130093e+01
4.934894757328889682e+03 2.020205368968836623e+01
4.935694707848800135e+03 2.015465687603641953e+01
4.936494658368711498e+03 2.043083426470172270e+01
4.937294608888621951e+03 2.058326769524516919e+01
4.938094559408532405e+03 2.040606051548749633e+01
4.938894509928443767e+03 1.995084760385460498e+01
4.939694460448354221e+03 1.947929856014074090e+01
4.940494410968265584e+03 1.942824132965332495e+01
4.941294361488176037e+03 1.996764415312604157e+01
4.942094312008086490e+03 2.067742939381621170e+01
4.942894262527997853e+03 2.107541143795838678e+01
4.943694213047908306e+03 2.120528578213505710e+01
4.944494163567818759e+03 2.131151733978747842e+01
4.945294114087730122e+03 2.132777635153494344e+01
4.946094064607640576e+03 2.107860988397655433e+01
4.946894015127551938e+03 2.070684377564557721e+01
4.947693965647462392e+03 2.059062383111768924e+01
4.948493916167372845e+03 2.082690683358821815e+01
4.949293866687284208e+03 2.113042550817216991e+01
4.950093817207194661e+03 2.126427876676624606e+01
4.950893767727105114e+03 2.123544847231622512e+01
4.951693718247016477e+03 2.120486730228712702e+01
4.952493668766926930e+03 2.123370761770661730e+01
4.953293619286838293e+03 2.119492236586276590e+01
4.954093569806748746e+03 2.107395191790751454e+01
4.954893520326659200e+03 2.100993301838010296e+01
4.955693470846570563e+03 2.099972354719707823e+01
4.956493421366481016e+03 2.079274477467387783e+01
4.957293371886391469e+03 2.001523081628098311e+01
4.958093322406302832e+03 1.874785237845349783e+01
4.958893272926213285e+03 1.806768661072180038e+01
4.959693223446124648e+03 1.879597505491261700e+01
4.960493173966035101e+03 2.013974598858387566e+01
4.961293124485945555e+03 2.101557875082340843e+01
4.962093075005856917e+03 2.125507011585109396e+01
4.962893025525767371e+03 2.117299263728980208e+01
4.963692976045678733e+03 2.108554351745049615e+01
4.964492926565589187e+03 2.108807539055900193e+01
4.965292877085499640e+03 2.098385107761158963e+01
4.966092827605411003e+03 2.065148626300253198e+01
4.966892778125321456e+03 2.029173348307605096e+01
4.967692728645231909e+03 2.013301631298754302e+01
4.968492679165143272e+03 2.011374407131555131e+01
4.969292629685053726e+03 2.008781110806790338e+01
4.970092580204965088e+03 2.013437190555082523e+01
4.970892530724875542e+03 2.029569733793120889e+01
4.971692481244785995e+03 2.050236651404950550e+01
4.972492431764697358e+03 2.071898331506919533e+01
4.973292382284607811e+03 2.083505537150459119e+01
4.974092332804518264e+03 2.082342526007526118e+01
4.974892283324429627e+03 2.082604556700097831e+01
4.975692233844340080e+03 2.086657728330580852e+01
4.976492184364251443e+03 2.085129799557182650e+01
4.977292134884161896e+03 2.079305025753513902e+01
4.978092085404072350e+03 2.068522680919473089e+01
4.978892035923983713e+03 2.040994391509458694e+01
4.979691986443894166e+03 2.003283428313706338e+01
4.980491936963804619e+03 1.977786592107053920e+01
4.981291887483715982e+03 1.964947066712073465e+01
4.982091838003626435e+03 1.947043849408208871e+01
4.982891788523537798e+03 1.911915646025980209e+01
4.983691739043448251e+03 1.871282177471740127e+01
4.984491689563358705e+03 1.852798976231538219e+01
4.985291640083270067e+03 1.869297573904187004e+01
4.986091590603180521e+03 1.903938326758449051e+01
4.986891541123090974e+03 1.944058094980721307e+01
4.987691491643002337e+03 1.999283533912224087e+01
4.988491442162912790e+03 2.050920599041766224e+01
4.989291392682824153e+03 2.071437554762237454e+01
4.990091343202734606e+03 2.069339086660295379e+01
4.990891293722645059e+03 2.056693720216241417e+01
4.991691244242556422e+03 2.028123936723685716e+01
4.992491194762466876e+03 2.004517237856718381e+01
4.993291145282378238e+03 2.013078753065264692e+01
4.994091095802288692e+03 2.024781098202140583e+01
4.994891046322199145e+03 2.016827710322217371e+01
4.995690996842110508e+03 2.019636272784190467e+01
4.996490947362020961e+03 2.045598514470496809e+01
4.997290897881931414e+03 2.064954440274446767e+01
4.998090848401842777e+03 2.063499532982076090e+01
4.998890798921753230e+03 2.049554845399936909e+01
4.999690749441664593e+03 2.026505288368361590e+01
5.000490699961575046e+03 2.000434669745917660e+01
5.001290650481485500e+03 1.980744208411415030e+01
5.002090601001396863e+03 1.964915543196742576e+01
5.002890551521307316e+03 1.949115233114896739e+01
5.003690502041217769e+03 1.945534498651937128e+01
5.004490452561129132e+03 1.956153302973119068e+01
5.005290403081039585e+03 1.954539778572342357e+01
5.006090353600950948e+03 1.919595731567659413e+01
5.006890304120861401e+03 1.867649024987314377e+01
5.007690254640771855e+03 1.848074092495738086e+01
5.008490205160683217e+03 1.892682823757859722e+01
5.009290155680593671e+03 1.973174282511217825e+01
5.010090106200504124e+03 2.031478331934720316e+01
5.010890056720415487e+03 2.042941268857033066e+01
5.011690007240325940e+03 2.020125799292618751e+01
5.012489957760237303e+03 1.975894642660961864e+01
5.013289908280147756e+03 1.928072492634835555e+01
5.014089858800058209e+03 1.898900767453584137e+01
5.014889809319969572e+03 1.882387329581963442e+01
5.015689759839880026e+03 1.873969899816299289e+01
5.016489710359790479e+03 1.892617662357998398e+01
5.017289660879701842e+03 1.931112257417672140e+01
5.018089611399612295e+03 1.947309519994907845e+01
5.018889561919523658e+03 1.927526059955259541e+01
5.019689512439434111e+03 1.914823210773097983e+01
5.020489462959344564e+03 1.938411913797560260e+01
5.021289413479255927e+03 1.966144995855383826e+01
5.022089363999166380e+03 1.961951190101551390e+01
5.022889314519077743e+03 1.931643752229643241e+01
5.023689265038988196e+03 1.917987358488336014e+01
5.024489215558898650e+03 1.946938981156844761e+01
5.025289166078810013e+03 1.991197632483077484e+01
5.026089116598720466e+03 2.017217104658892168e+01
5.026889067118630919e+03 2.025510396578926020e+01
5.027689017638542282e+03 2.016922004314857730e+01
5.028488968158452735e+03 1.997005115477825399e+01
5.029288918678364098e+03 1.997672331518092292e+01
5.030088869198274551e+03 2.025007951217676094e+01
5.030888819718185005e+03 2.047075537699599579e+01
5.031688770238096367e+03 2.049988099314792223e+01
5.032488720758006821e+03 2.051379543483768941e+01
5.033288671277917274e+03 2.066321341285493673e+01
5.034088621797828637e+03 2.084395461051980192e+01
5.034888572317739090e+03 2.083646202806293246e+01
5.035688522837650453e+03 2.047077409330750442e+01
5.036488473357560906e+03 1.985491918316419202e+01
5.037288423877471359e+03 1.943458003936609657e+01
5.038088374397382722e+03 1.918461272040958221e+01
5.038888324917293176e+03 1.813811406466447451e+01
5.039688275437203629e+03 1.552070804225303746e+01
5.040488225957114992e+03 1.226444651604253266e+01
5.041288176477025445e+03 1.115054431022016068e+01
5.042088126996936808e+03 1.309815083109043776e+01
5.042888077516847261e+03 1.597668505264743644e+01
5.043688028036757714e+03 1.826692537814678730e+01
5.044487978556669077e+03 1.971218329824358761e+01
5.045287929076579530e+03 2.043473776986193258e+01
5.046087879596489984e+03 2.076602058560765585e+01
5.046887830116401346e+03 2.094782462487939512e+01
5.047687780636311800e+03 2.094637135148675355e+01
5.048487731156223163e+03 2.063827411379643451e+01
5.049287681676133616e+03 2.009305174471678868e+01
5.050087632196044069e+03 1.962895662211345638e+01
5.050887582715955432e+03 1.947381087853224457e+01
5.051687533235865885e+03 1.947542146949879083e+01
5.052487483755776339e+03 1.944778293423971149e+01
5.053287434275687701e+03 1.958727936214992127e+01
5.054087384795598155e+03 2.006467803204484213e+01
5.054887335315509517e+03 2.058328866447458694e+01
5.055687285835419971e+03 2.084034751399522634e+01
5.056487236355330424e+03 2.087012386503029759e+01
5.057287186875241787e+03 2.082402528787416429e+01
5.058087137395152240e+03 2.078865892027806694e+01
5.058887087915063603e+03 2.078035356333525741e+01
5.059687038434974056e+03 2.078830453538505907e+01
5.060486988954884509e+03 2.078409696984194355e+01
5.061286939474795872e+03 2.079263295245882759e+01
5.062086889994706326e+03 2.087120237314184834e+01
5.062886840514616779e+03 2.094714996708898269e+01
5.063686791034528142e+03 2.089178857145082091e+01
5.064486741554438595e+03 2.060710695724943520e+01
5.065286692074349958e+03 2.008300169206049901e+01
5.066086642594260411e+03 1.963052181815852748e+01
5.066886593114170864e+03 1.963462892315891040e+01
5.067686543634082227e+03 1.990479139900762462e+01
5.068486494153992680e+03 1.998392155971016493e+01
5.069286444673903134e+03 1.982456140730917937e+01
5.070086395193814496e+03 1.976146518318457979e+01
5.070886345713724950e+03 2.002196399803045423e+01
5.071686296233636313e+03 2.033618032806589326e+01
5.072486246753546766e+03 2.031787161029763311e+01
5.073286197273457219e+03 2.006058608685707867e+01
5.074086147793368582e+03 1.995506509261852202e+01
5.074886098313279035e+03 2.001545329339539236e+01
5.075686048833189489e+03 1.996231160294546214e+01
5.076485999353100851e+03 1.987064889381502297e+01
5.077285949873011305e+03 2.000410302012432595e+01
5.078085900392922667e+03 2.026767929966818471e+01
5.078885850912833121e+03 2.029084831383747201e+01
5.079685801432743574e+03 1.978987681200611704e+01
5.080485751952654937e+03 1.898803999534531783e+01
5.081285702472565390e+03 1.850245605369045165e+01
5.082085652992475843e+03 1.862336232422918059e+01
5.082885603512387206e+03 1.906676769117086678e+01
5.083685554032297659e+03 1.936807147631873249e+01
5.084485504552209022e+03 1.942976533701795461e+01
5.085285455072119476e+03 1.953499623664543705e+01
5.086085405592029929e+03 1.981863499399657869e+01
5.086885356111941292e+03 2.009026232091625985e+01
5.087685306631851745e+03 2.018045485729559729e+01
5.088485257151763108e+03 2.015826687694330133e+01
5.089285207671673561e+03 2.019627101072883235e+01
5.090085158191584014e+03 2.031911628696706629e+01
5.090885108711495377e+03 2.041032804107472032e+01
5.091685059231405830e+03 2.039855458265774857e+01
5.092485009751316284e+03 2.039461288567768449e+01
5.093284960271227646e+03 2.050745709167030029e+01
5.094084910791138100e+03 2.063352056175325089e+01
5.094884861311049463e+03 2.064364432087747758e+01
5.095684811830959916e+03 2.057366278476793298e+01
5.096484762350870369e+03 2.047586008607430941e+01
5.097284712870781732e+03 2.026033716842878363e+01
5.098084663390692185e+03 1.989009599353407509e+01
5.098884613910602638e+03 1.946259667191248610e+01
5.099684564430514001e+03 1.908774745669751383e+01
5.100484514950424455e+03 1.899898379840774965e+01
5.101284465470335817e+03 1.935610221685617915e+01
5.102084415990246271e+03 1.990947823192795596e+01
5.102884366510156724e+03 2.026477368378261801e+01
5.103684317030068087e+03 2.030639842086623048e+01
5.104484267549978540e+03 2.021763650763437425e+01
5.105284218069888993e+03 2.016898560487179992e+01
5.106084168589800356e+03 2.011732270484267104e+01
5.106884119109710809e+03 1.997550393497522236e+01
5.107684069629622172e+03 1.972149982397133172e+01
5.108484020149532626e+03 1.942565591722203422e+01
5.109283970669443079e+03 1.931610099702542271e+01
5.110083921189354442e+03 1.938672983137875860e+01
5.110883871709264895e+03 1.934803622824750491e+01
5.111683822229175348e+03 1.932048323633799924e+01
5.112483772749086711e+03 1.959438881621347406e+01
5.113283723268997164e+03 1.997997003685387796e+01
5.114083673788908527e+03 2.020153783741449161e+01
5.114883624308818980e+03 2.026317954816513378e+01
5.115683574828729434e+03 2.023667922256819907e+01
5.116483525348640796e+03 2.017355343529199985e+01
5.117283475868551250e+03 2.022062902486707969e+01
5.118083426388462613e+03 2.042149151745428526e+01
5.118883376908373066e+03 2.060670559186134199e+01
5.119683327428283519e+03 2.065941940379956065e+01
5.120483277948194882e+03 2.060113329008075667e+01
5.121283228468105335e+03 2.044472900896733236e+01
5.122083178988015788e+03 2.021677557784071055e+01
5.122883129507927151e+03 2.000139754601158160e+01
5.123683080027837605e+03 1.974779983318879317e+01
5.124483030547748967e+03 1.930339166838445664e+01
5.125282981067659421e+03 1.878937734516466662e+01
5.126082931587569874e+03 1.848041961663054167e+01
5.126882882107481237e+03 1.845199883203849822e+01
5.127682832627391690e+03 1.866328176348954315e+01
5.128482783147302143e+03 1.901376456474030263e+01
5.129282733667213506e+03 1.933021456234438062e+01
5.130082684187123959e+03 1.946692834237489933e+01
5.130882634707035322e+03 1.952429282913619701e+01
5.131682585226945776e+03 1.968293442094816470e+01
5.132482535746856229e+03 1.985069918241013909e+01
5.133282486266767592e+03 1.987655960631565577e+01
5.134082436786678045e+03 1.977511670706540059e+01
5.134882387306588498e+03 1.973796750101404029e+01
5.135682337826499861e+03 1.994872005500247880e+01
5.136482288346410314e+03 2.020283201911093585e+01
5.137282238866321677e+03 2.014467491514135844e+01
5.138082189386232130e+03 1.977923501154094055e+01
5.138882139906142584e+03 1.935348889755063340e+01
5.139682090426053946e+03 1.893140883473700953e+01
5.140482040945964400e+03 1.863133510914218505e+01
5.141281991465874853e+03 1.879849768624729833e+01
5.142081941985786216e+03 1.918120844829223159e+01
5.142881892505696669e+03 1.913961767411299064e+01
5.143681843025608032e+03 1.880261801921411546e+01
5.144481793545518485e+03 1.883706103624412265e+01
5.145281744065428938e+03 1.930722628918131534e+01
5.146081694585340301e+03 1.964168723877756051e+01
5.146881645105250755e+03 1.959572954362904440e+01
5.147681595625161208e+03 1.941151610989325249e+01
5.148481546145072571e+03 1.928767769507470575e+01
5.149281496664983024e+03 1.929547698380282128e+01
5.150081447184894387e+03 1.949406925699998538e+01
5.150881397704804840e+03 1.967602911898045903e+01
5.151681348224715293e+03 1.956775029838900792e+01
5.152481298744626656e+03 1.932380679298249504e+01
5.153281249264537109e+03 1.928936713761722643e+01
5.154081199784448472e+03 1.943831426157768050e+01
5.154881150304358925e+03 1.952134307610218045e+01
5.155681100824269379e+03 1.953780789683507635e+01
5.156481051344180742e+03 1.961606544041038092e+01
5.157281001864091195e+03 1.980084940464914567e+01
5.158080952384001648e+03 2.004944519273639969e+01
5.158880902903913011e+03 2.020080459709768661e+01
5.159680853423823464e+03 2.017656850531721702e+01
5.160480803943734827e+03 2.012351237867250120e+01
5.161280754463645280e+03 2.014963548265780346e+01
5.162080704983555734e+03 2.010040866933008630e+01
5.162880655503467096e+03 1.985900559968971635e+01
5.163680606023377550e+03 1.962303475845216383e+01
5.164480556543288003e+03 1.953995907101221263e+01
5.165280507063199366e+03 1.935320361871858807e+01
5.166080457583109819e+03 1.881041020329004709e+01
5.166880408103021182e+03 1.791481362328989491e+01
5.167680358622931635e+03 1.679347620263468599e+01
5.168480309142842088e+03 1.584102635164532380e+01
5.169280259662753451e+03 1.557205009944954988e+01
5.170080210182663905e+03 1.606071050010560697e+01
5.170880160702574358e+03 1.696263119980952894e+01
5.171680111222485721e+03 1.750988363118236180e+01
5.172480061742396174e+03 1.687689367991153588e+01
5.173280012262307537e+03 1.542368982670216937e+01
5.174079962782217990e+03 1.470773373189829769e+01
5.174879913302128443e+03 1.565785775912314826e+01
5.175679863822039806e+03 1.748232793037409039e+01
5.176479814341950259e+03 1.890072395862522825e+01
5.177279764861860713e+03 1.950827673912494475e+01
5.178079715381772075e+03 1.966149948162533434e+01
5.178879665901682529e+03 1.974866427253033407e+01
5.179679616421593892e+03 1.982466504145209640e+01
5.180479566941504345e+03 1.978360252542754338e+01
5.181279517461414798e+03 1.959807595420627990e+01
5.182079467981326161e+03 1.920352290483517166e+01
5.182879418501236614e+03 1.830307858862386183e+01
5.183679369021147977e+03 1.668012220626872377e+01
5.184479319541058430e+03 1.493578170328954258e+01
5.185279270060968884e+03 1.437891525421492389e+01
5.186079220580880246e+03 1.548765974969880332e+01
5.186879171100790700e+03 1.723736354237488300e+01
5.187679121620701153e+03 1.852257221576665813e+01
5.188479072140612516e+03 1.904878755738213414e+01
5.189279022660522969e+03 1.901868226145495200e+01
5.190078973180434332e+03 1.896328839194277549e+01
5.190878923700344785e+03 1.917601338384740828e+01
5.191678874220255238e+03 1.917559244178575284e+01
5.192478824740166601e+03 1.858157958960362066e+01
5.193278775260077055e+03 1.791866876886342297e+01
5.194078725779987508e+03 1.791757159825680290e+01
5.194878676299898871e+03 1.843208108538708245e+01
5.195678626819809324e+03 1.868166719003166065e+01
5.196478577339720687e+03 1.852287046080495969e+01
5.197278527859631140e+03 1.848414626437318731e+01
5.198078478379541593e+03 1.872430404955517957e+01
5.198878428899452956e+03 1.903341895447908172e+01
5.199678379419363409e+03 1.933799518453546540e+01
5.200478329939273863e+03 1.963732742973338219e+01
5.201278280459185225e+03 1.987008229584982288e+01
5.202078230979095679e+03 1.994709772099396616e+01
5.202878181499007042e+03 1.985122790262885673e+01
5.203678132018917495e+03 1.969897104008153832e+01
5.204478082538827948e+03 1.950774792295712601e+01
5.205278033058739311e+03 1.904726354467219096e+01
5.206077983578649764e+03 1.841371712786889603e+01
5.206877934098560218e+03 1.806330541744188167e+01
5.207677884618471580e+03 1.815493094654499373e+01
5.208477835138382034e+03 1.834988793543785590e+01
5.209277785658293396e+03 1.825342567202550015e+01
5.210077736178203850e+03 1.820552995882894720e+01
5.210877686698114303e+03 1.862514355361624041e+01
5.211677637218025666e+03 1.918735695018727228e+01
5.212477587737936119e+03 1.959186278657414704e+01
5.213277538257847482e+03 1.987170013104520905e+01
5.214077488777757935e+03 2.004194501977633536e+01
5.214877439297668388e+03 1.999593979168061963e+01
5.215677389817579751e+03 1.965751943529412671e+01
5.216477340337490205e+03 1.919183272577554078e+01
5.217277290857400658e+03 1.885954937072907001e+01
5.218077241377312021e+03 1.875180501190947524e+01
5.218877191897222474e+03 1.890591663488835650e+01
5.219677142417133837e+03 1.928454998902407169e+01
5.220477092937044290e+03 1.964824682900410124e+01
5.221277043456954743e+03 1.983075080838201387e+01
5.222076993976866106e+03 1.993856528350503865e+01
5.222876944496776559e+03 2.002479878073969033e+01
5.223676895016687013e+03 2.000022396081856613e+01
5.224476845536598375e+03 1.982886702472912077e+01
5.225276796056508829e+03 1.953167947829592421e+01
5.226076746576420192e+03 1.910759603001185170e+01
5.226876697096330645e+03 1.845646054444374329e+01
5.227676647616241098e+03 1.762468048602691439e+01
5.228476598136152461e+03 1.728297374265673625e+01
5.229276548656062914e+03 1.793759641639270441e+01
5.230076499175973368e+03 1.888489563698622931e+01
5.230876449695884730e+03 1.936535947091690701e+01
5.231676400215795184e+03 1.950575557950178762e+01
5.232476350735706546e+03 1.950478663796540957e+01
5.233276301255617000e+03 1.919397280588618315e+01
5.234076251775527453e+03 1.873560574387076372e+01
5.234876202295438816e+03 1.860629182726690800e+01
5.235676152815349269e+03 1.881960720563814249e+01
5.236476103335259722e+03 1.912828774335652326e+01
5.237276053855171085e+03 1.946045111016894680e+01
5.238076004375081538e+03 1.972758044795410370e+01
5.238875954894992901e+03 1.986606954988955920e+01
5.239675905414903355e+03 1.994961035947385142e+01
5.240475855934813808e+03 2.000706765897366779e+01
5.241275806454725171e+03 2.004124472193532114e+01
5.242075756974635624e+03 2.004666838537936968e+01
5.242875707494546077e+03 1.994380351431264842e+01
5.243675658014457440e+03 1.976791303556005630e+01
5.244475608534367893e+03 1.971610387958218880e+01
5.245275559054279256e+03 1.983621563310656200e+01
5.246075509574189709e+03 1.994037968943709771e+01
5.246875460094100163e+03 1.984517204094135323e+01
5.247675410614011525e+03 1.959762561043594076e+01
5.248475361133921979e+03 1.942278613523913577e+01
5.249275311653833342e+03 1.948215845288319770e+01
5.250075262173743795e+03 1.958973238217993895e+01
5.250875212693654248e+03 1.947276116255113720e+01
5.251675163213565611e+03 1.928560972066325974e+01
5.252475113733476064e+03 1.934898668282829348e+01
5.253275064253386518e+03 1.959232018997494862e+01
5.254075014773297880e+03 1.972047814957675627e+01
5.254874965293208334e+03 1.963983627806707943e+01
5.255674915813119696e+03 1.944096064554322112e+01
5.256474866333030150e+03 1.929975101763453793e+01
5.257274816852940603e+03 1.944669849385772409e+01
5.258074767372851966e+03 1.977203916807278006e+01
5.258874717892762419e+03 1.988615943073425996e+01
5.259674668412672872e+03 1.966705338706564987e+01
5.260474618932584235e+03 1.938508943093771109e+01
5.261274569452494688e+03 1.923993065535715630e+01
5.262074519972406051e+03 1.905253281742580995e+01
5.262874470492316505e+03 1.867524440464344693e+01
5.263674421012226958e+03 1.826108099545550445e+01
5.264474371532138321e+03 1.800740336390569851e+01
5.265274322052048774e+03 1.787231322686904633e+01
5.266074272571959227e+03 1.769324309928416739e+01
5.266874223091870590e+03 1.747859930330330158e+01
5.267674173611781043e+03 1.752109248951896348e+01
5.268474124131692406e+03 1.785805706371893820e+01
5.269274074651602859e+03 1.789303515895715435e+01
5.270074025171513313e+03 1.720978099416201701e+01
5.270873975691424675e+03 1.646990801691346462e+01
5.271673926211335129e+03 1.669984534738796356e+01
5.272473876731245582e+03 1.780791483905722572e+01
5.273273827251156945e+03 1.873943715365602714e+01
5.274073777771067398e+03 1.899566546182244053e+01
5.274873728290978761e+03 1.894970316800132082e+01
5.275673678810889214e+03 1.886139407859344885e+01
5.276473629330799668e+03 1.865835857801091180e+01
5.277273579850711030e+03 1.864218786293802310e+01
5.278073530370621484e+03 1.909633739037994715e+01
5.278873480890532846e+03 1.966462672901854347e+01
5.279673431410443300e+03 1.992753551597936124e+01
5.280473381930353753e+03 1.986036956338689308e+01
5.281273332450265116e+03 1.961169088095606483e+01
5.282073282970175569e+03 1.927915141929308618e+01
5.282873233490086022e+03 1.894681834626554817e+01
5.283673184009997385e+03 1.869394284534261175e+01
5.284473134529907838e+03 1.853897167603035356e+01
5.285273085049819201e+03 1.861317839061052837e+01
5.286073035569729655e+03 1.907913824630964328e+01
5.286872986089640108e+03 1.969518217396121074e+01
5.287672936609551471e+03 2.008724382838650868e+01
5.288472887129461924e+03 2.016714252514688610e+01
5.289272837649372377e+03 2.007739667998661659e+01
5.290072788169283740e+03 2.003165092582407425e+01
5.290872738689194193e+03 2.013739041046866518e+01
5.291672689209105556e+03 2.027100277953613272e+01
5.292472639729016009e+03 2.025231381994849045e+01
5.293272590248926463e+03 2.005557642226921189e+01
5.294072540768837825e+03 1.983946562595764362e+01
5.294872491288748279e+03 1.976522374789541914e+01
5.295672441808658732e+03 1.979465947114790936e+01
5.296472392328570095e+03 1.974623990896705905e+01
5.297272342848480548e+03 1.941760150146017239e+01
5.298072293368391911e+03 1.879788505866543247e+01
5.298872243888302364e+03 1.820958561967414013e+01
5.299672194408212818e+03 1.812532703667307032e+01
5.300472144928124180e+03 1.862960654607118016e+01
5.301272095448034634e+03 1.918674134620462368e+01
5.302072045967945087e+03 1.938275973047625200e+01
5.302871996487856450e+03 1.935270242656822148e+01
5.303671947007766903e+03 1.941568242608619244e+01
5.304471897527678266e+03 1.970989155244100743e+01
5.305271848047588719e+03 2.004729820678182861e+01
5.306071798567499172e+03 2.021884692139001061e+01
5.306871749087410535e+03 2.019303600692825995e+01
5.307671699607320988e+03 2.001696309378747429e+01
5.308471650127232351e+03 1.982579011093332966e+01
5.309271600647142805e+03 1.979718839317943235e+01
5.310071551167053258e+03 1.993558198359613698e+01
5.310871501686964621e+03 2.009084567977880909e+01
5.311671452206875074e+03 2.017064803758948699e+01
5.312471402726785527e+03 2.019736196089082370e+01
5.313271353246696890e+03 2.018148631640882940e+01
5.314071303766607343e+03 2.011288433741442105e+01
5.314871254286518706e+03 2.003788419096111539e+01
5.315671204806429159e+03 1.995339645786911831e+01
5.316471155326339613e+03 1.973380851406679071e+01
5.317271105846250975e+03 1.935025029202465774e+01
5.318071056366161429e+03 1.907829575346180206e+01
5.318871006886071882e+03 1.921062205743668727e+01
5.319670957405983245e+03 1.956889922996659337e+01
5.320470907925893698e+03 1.981788675394167853e+01
5.321270858445805061e+03 1.989852527625113865e+01
5.322070808965715514e+03 1.987074035081769452e+01
5.322870759485625967e+03 1.975564515281796929e+01
5.323670710005537330e+03 1.955918535847229478e+01
5.324470660525447784e+03 1.922393878630195019e+01
5.325270611045358237e+03 1.881028039386234596e+01
5.326070561565269600e+03 1.863515048796679352e+01
5.326870512085180053e+03 1.876621573563104306e+01
5.327670462605091416e+03 1.871685406921998052e+01
5.328470413125001869e+03 1.799533985376710632e+01
5.329270363644912322e+03 1.699993360282595489e+01
5.330070314164823685e+03 1.682195807670907328e+01
5.330870264684734138e+03 1.772636594663905640e+01
5.331670215204644592e+03 1.884312785088150832e+01
5.332470165724555955e+03 1.941806390978840824e+01
5.333270116244466408e+03 1.934101685396308312e+01
5.334070066764377771e+03 1.896973136922525782e+01
5.334870017284288224e+03 1.885592166182741991e+01
5.335669967804198677e+03 1.915550763314486815e+01
5.336469918324110040e+03 1.949304941916176048e+01
5.337269868844020493e+03 1.953760229775411972e+01
5.338069819363930947e+03 1.923479647195068054e+01
5.338869769883842309e+03 1.877023832580456286e+01
5.339669720403752763e+03 1.845326196995378609e+01
5.340469670923664125e+03 1.836546823972562947e+01
5.341269621443574579e+03 1.833712332883307639e+01
5.342069571963485032e+03 1.845204370591689269e+01
5.342869522483396395e+03 1.884111886073250020e+01
5.343669473003306848e+03 1.933730994676415449e+01
5.344469423523218211e+03 1.967221175803985744e+01
5.345269374043128664e+03 1.971900636737306556e+01
5.346069324563039117e+03 1.945884886312211748e+01
5.346869275082950480e+03 1.905233284010611072e+01
5.347669225602860934e+03 1.884454053388037664e+01
5.348469176122771387e+03 1.892992283804848341e+01
5.349269126642682750e+03 1.901789808705870399e+01
5.350069077162593203e+03 1.902591225267540409e+01
5.350869027682504566e+03 1.917472846174540990e+01
5.351668978202415019e+03 1.948457777828109627e+01
5.352468928722325472e+03 1.972804452541446807e+01
5.353268879242236835e+03 1.976379305500361028e+01
5.354068829762147288e+03 1.965687612604722290e+01
5.354868780282057742e+03 1.961895362800214571e+01
5.355668730801969105e+03 1.979694588943127087e+01
5.356468681321879558e+03 2.004753683045329993e+01
5.357268631841790921e+03 2.018179791516592303e+01
5.358068582361701374e+03 2.019468502154133915e+01
5.358868532881611827e+03 2.015208931800952286e+01
5.359668483401523190e+03 2.010030695148135038e+01
5.360468433921433643e+03 2.008007042680048926e+01
5.361268384441344097e+03 2.008190869674396595e+01
5.362068334961255459e+03 2.002922888433288762e+01
5.362868285481165913e+03 1.988887523580450889e+01
5.363668236001077275e+03 1.971943082798724234e+01
5.364468186520987729e+03 1.957065945018872810e+01
5.365268137040898182e+03 1.938271160458003095e+01
5.366068087560809545e+03 1.912983896753562618e+01
5.366868038080719998e+03 1.901934240708277812e+01
5.367667988600630451e+03 1.911619864228589449e+01
5.368467939120541814e+03 1.920849345133683528e+01
5.369267889640452267e+03 1.922088242165830252e+01
5.370067840160363630e+03 1.911096579620137703e+01
5.370867790680274084e+03 1.872773568536081257e+01
5.371667741200184537e+03 1.816234252961347906e+01
5.372467691720095900e+03 1.778550601775065587e+01
5.373267642240006353e+03 1.796970136358616799e+01
5.374067592759917716e+03 1.867627624451972679e+01
5.374867543279828169e+03 1.937632121658609208e+01
5.375667493799738622e+03 1.977883347898593058e+01
5.376467444319649985e+03 1.997262275100040441e+01
5.377267394839560438e+03 2.002394179871925672e+01
5.378067345359470892e+03 1.994643745367093146e+01
5.378867295879382254e+03 1.981879562255299376e+01
5.379667246399292708e+03 1.972471251575504070e+01
5.380467196919204071e+03 1.965717143379717768e+01
5.381267147439114524e+03 1.958672538200040236e+01
5.382067097959024977e+03 1.951608486838243550e+01
5.382867048478936340e+03 1.937896400089032056e+01
5.383666998998846793e+03 1.911652380711707266e+01
5.384466949518757247e+03 1.891226551945066348e+01
5.385266900038668609e+03 1.905252151436762276e+01
5.386066850558579063e+03 1.944261932071135845e+01
5.386866801078490425e+03 1.971383732498487262e+01
5.387666751598400879e+03 1.975548518795404362e+01
5.388466702118311332e+03 1.970511340532951294e+01
5.389266652638222695e+03 1.962516153046123080e+01
5.390066603158133148e+03 1.948799181537071945e+01
5.390866553678043601e+03 1.936701136806598100e+01
5.391666504197954964e+03 1.934827885363244704e+01
5.392466454717865417e+03 1.933332060956718124e+01
5.393266405237776780e+03 1.922765357958535049e+01
5.394066355757687234e+03 1.908644870060540910e+01
5.394866306277597687e+03 1.904865413332642632e+01
5.395666256797509050e+03 1.916183800649840663e+01
5.396466207317419503e+03 1.920622205064491439e+01
5.397266157837329956e+03 1.890558105457727578e+01
5.398066108357241319e+03 1.833935914044115378e+01
5.398866058877151772e+03 1.807051933563158386e+01
5.399666009397063135e+03 1.841095656717735096e+01
5.400465959916973588e+03 1.889107576002399114e+01
5.401265910436884042e+03 1.904647535548574666e+01
5.402065860956795404e+03 1.906020974146206726e+01
5.402865811476705858e+03 1.918912812252989397e+01
5.403665761996617221e+03 1.915320710405123350e+01
5.404465712516527674e+03 1.860071626379584586e+01
5.405265663036438127e+03 1.775247438432256075e+01
5.406065613556349490e+03 1.719845186414711335e+01
5.406865564076259943e+03 1.723257538289022150e+01
5.407665514596170397e+03 1.775571202398805681e+01
5.408465465116081759e+03 1.845432487505908625e+01
5.409265415635992213e+03 1.891064463322449996e+01
5.410065366155903575e+03 1.888801334637956586e+01
5.410865316675814029e+03 1.854312490880841935e+01
5.411665267195724482e+03 1.832798883173500570e+01
5.412465217715635845e+03 1.851764957346311746e+01
5.413265168235546298e+03 1.890952144235608046e+01
5.414065118755456751e+03 1.911704497656850066e+01
5.414865069275368114e+03 1.906066730756836591e+01
5.415665019795278567e+03 1.889798217252096890e+01
5.416464970315189930e+03 1.883964288718021507e+01
5.417264920835100384e+03 1.905508163208963879e+01
5.418064871355010837e+03 1.937489870633537947e+01
5.418864821874922200e+03 1.950153266801230245e+01
5.419664772394832653e+03 1.943629367125903329e+01
5.420464722914743106e+03 1.936947512220019973e+01
5.421264673434654469e+03 1.935633933268120188e+01
5.422064623954564922e+03 1.934923559652347080e+01
5.422864574474476285e+03 1.936909478929702999e+01
5.423664524994386738e+03 1.934089088006406598e+01
5.424464475514297192e+03 1.907609854866726806e+01
5.425264426034208554e+03 1.869919271593199994e+01
5.426064376554119008e+03 1.865358251069424256e+01
5.426864327074029461e+03 1.903581436984389796e+01
5.427664277593940824e+03 1.948077702335094230e+01
5.428464228113851277e+03 1.964963031898671275e+01
5.429264178633762640e+03 1.936975572234226206e+01
5.430064129153673093e+03 1.866172890187581856e+01
5.430864079673583547e+03 1.804468354773101169e+01
5.431664030193494909e+03 1.815839261883792588e+01
5.432463980713405363e+03 1.878244534300963409e+01
5.433263931233315816e+03 1.915195171028056365e+01
5.434063881753227179e+03 1.901412100549796236e+01
5.434863832273137632e+03 1.863220736516914045e+01
5.435663782793048995e+03 1.832416745588470519e+01
5.436463733312959448e+03 1.833111231293518983e+01
5.437263683832869901e+03 1.862370196925778387e+01
5.438063634352781264e+03 1.898339358709926827e+01
5.438863584872691717e+03 1.932093652980874765e+01
5.439663535392603080e+03 1.961636617792698445e+01
5.440463485912513534e+03 1.981463200323095109e+01
5.441263436432423987e+03 1.988591695900592171e+01
5.442063386952335350e+03 1.985887214095872366e+01
5.442863337472245803e+03 1.980710057972085281e+01
5.443663287992156256e+03 1.978323072606398370e+01
5.444463238512067619e+03 1.973167494654328280e+01
5.445263189031978072e+03 1.953925398074292730e+01
5.446063139551889435e+03 1.918088275306587676e+01
5.446863090071799888e+03 1.872141444180805436e+01
5.447663040591710342e+03 1.826762989361075640e+01
5.448462991111621704e+03 1.814195718485910191e+01
5.449262941631532158e+03 1.858685100784171595e+01
5.450062892151442611e+03 1.922921478826310704e+01
5.450862842671353974e+03 1.964159410109263604e+01
5.451662793191264427e+03 1.979085383306949808e+01
5.452462743711175790e+03 1.977880992643294533e+01
5.453262694231086243e+03 1.966544468275859714e+01
5.454062644750996697e+03 1.950568527436405120e+01
5.454862595270908059e+03 1.930248881174396303e+01
5.455662545790818513e+03 1.891093572993259642e+01
5.456462496310728966e+03 1.835187149336373480e+01
5.457262446830640329e+03 1.815435442797996402e+01
5.458062397350550782e+03 1.864048934815646419e+01
5.458862347870462145e+03 1.931824227055600574e+01
5.459662298390372598e+03 1.970594630046737095e+01
5.460462248910283051e+03 1.980790464631011361e+01
5.461262199430194414e+03 1.975692821421320389e+01
5.462062149950104867e+03 1.960525384072128219e+01
5.462862100470015321e+03 1.931105937366310954e+01
5.463662050989926684e+03 1.886077612541657800e+01
5.464462001509837137e+03 1.854320249625446593e+01
5.465261952029748500e+03 1.868516950478596783e+01
5.466061902549658953e+03 1.907746756697649460e+01
5.466861853069569406e+03 1.929023800331489724e+01
5.467661803589480769e+03 1.928447567186574219e+01
5.468461754109391222e+03 1.931532424620002075e+01
5.469261704629302585e+03 1.945912461665635718e+01
5.470061655149213038e+03 1.956599564027736449e+01
5.470861605669123492e+03 1.954618852354826330e+01
5.471661556189034854e+03 1.947400262769076917e+01
5.472461506708945308e+03 1.944989616327689674e+01
5.473261457228855761e+03 1.943186217147601980e+01
5.474061407748767124e+03 1.930970965205634116e+01
5.474861358268677577e+03 1.913434805161985253e+01
5.475661308788588940e+03 1.903698795103617414e+01
5.476461259308499393e+03 1.889566553730918486e+01
5.477261209828409847e+03 1.847652435246773095e+01
5.478061160348321209e+03 1.807237993376833884e+01
5.478861110868231663e+03 1.821486379388149857e+01
5.479661061388142116e+03 1.877586977849234984e+01
5.480461011908053479e+03 1.922033406602756855e+01
5.481260962427963932e+03 1.926232967484039449e+01
5.482060912947875295e+03 1.901326320948399484e+01
5.482860863467785748e+03 1.883448738349151341e+01
5.483660813987696201e+03 1.891640917677709410e+01
5.484460764507607564e+03 1.911945513623342308e+01
5.485260715027518017e+03 1.933138053784836075e+01
5.486060665547428471e+03 1.952034918047772294e+01
5.486860616067339834e+03 1.958317458770359565e+01
5.487660566587250287e+03 1.940083947734779812e+01
5.488460517107161650e+03 1.899552004513830639e+01
5.489260467627072103e+03 1.863981303716719395e+01
5.490060418146982556e+03 1.859826097631116681e+01
5.490860368666893919e+03 1.880062054067730060e+01
5.491660319186804372e+03 1.905507745375212636e+01
5.492460269706714826e+03 1.924486950045091049e+01
5.493260220226626188e+03 1.924043704448034475e+01
5.494060170746536642e+03 1.894148553502065369e+01
5.494860121266448004e+03 1.853867704339578637e+01
5.495660071786358458e+03 1.844629163924473048e+01
5.496460022306268911e+03 1.874685115967178106e+01
5.497259972826180274e+03 1.903622384368255638e+01
5.498059923346090727e+03 1.900587793744269405e+01
5.498859873866002090e+03 1.888885107815033493e+01
5.499659824385912543e+03 1.903413344333689849e+01
5.500459774905822997e+03 1.930908091548406702e+01
5.501259725425734359e+03 1.935874000852358989e+01
5.502059675945644813e+03 1.908837123919573742e+01
5.502859626465555266e+03 1.877583859005081734e+01
5.503659576985466629e+03 1.875080944658213866e+01
5.504459527505377082e+03 1.895955477136817180e+01
5.505259478025288445e+03 1.915005960975353361e+01
5.506059428545198898e+03 1.917749838888509828e+01
5.506859379065109351e+03 1.899132114657946602e+01
5.507659329585020714e+03 1.871322125793739133e+01
5.508459280104931167e+03 1.864756063351211424e+01
5.509259230624841621e+03 1.886319245912187270e+01
5.510059181144752984e+03 1.906407306620747732e+01
5.510859131664663437e+03 1.910275758087892939e+01
5.511659082184574800e+03 1.909509394267805504e+01
5.512459032704485253e+03 1.904010477640687071e+01
5.513258983224395706e+03 1.878477991503967104e+01
5.514058933744307069e+03 1.844274140923700145e+01
5.514858884264217522e+03 1.833404591523321159e+01
5.515658834784127976e+03 1.852187019699027104e+01
5.516458785304039338e+03 1.884242932626361267e+01
5.517258735823949792e+03 1.910640985704053918e+01
5.518058686343861154e+03 1.923998798714606551e+01
5.518858636863771608e+03 1.933639862053093950e+01
5.519658587383682061e+03 1.945142295738495619e+01
5.520458537903593424e+03 1.952165156461515849e+01
5.521258488423503877e+03 1.949967584591265535e+01
5.522058438943414330e+03 1.942065905946871140e+01
5.522858389463325693e+03 1.935115965711418795e+01
5.523658339983236147e+03 1.931681447077234992e+01
5.524458290503147509e+03 1.930267360382467956e+01
5.525258241023057963e+03 1.927280195750918779e+01
5.526058191542968416e+03 1.917498942811151252e+01
5.526858142062879779e+03 1.899005995716114725e+01
5.527658092582790232e+03 1.872898138226625520e+01
5.528458043102700685e+03 1.835245590949277172e+01
5.529257993622612048e+03 1.792194157692935619e+01
5.530057944142522501e+03 1.781523345334964148e+01
5.530857894662433864e+03 1.827881332200405140e+01
5.531657845182344317e+03 1.889372745510381435e+01
5.532457795702254771e+03 1.920650560777378502e+01
5.533257746222166134e+03 1.922347043397797961e+01
5.534057696742076587e+03 1.913882628745941972e+01
5.534857647261987950e+03 1.905796515486591503e+01
5.535657597781898403e+03 1.895893907611394980e+01
5.536457548301808856e+03 1.889577573300696400e+01
5.537257498821720219e+03 1.899007632202072671e+01
5.538057449341630672e+03 1.916997104600368118e+01
5.538857399861541126e+03 1.928449617189173892e+01
5.539657350381452488e+03 1.933092273987508491e+01
5.540457300901362942e+03 1.937256227174583501e+01
5.541257251421274304e+03 1.942333207072833545e+01
5.542057201941184758e+03 1.946177741775373704e+01
5.542857152461095211e+03 1.942974215611405242e+01
5.543657102981006574e+03 1.927607504700845453e+01
5.544457053500917027e+03 1.908099124266954405e+01
5.545257004020827480e+03 1.902006783868921502e+01
5.546056954540738843e+03 1.910881723905273333e+01
5.546856905060649297e+03 1.917939307407833027e+01
5.547656855580560659e+03 1.917202254731473943e+01
5.548456806100471113e+03 1.919721385509705414e+01
5.549256756620381566e+03 1.928177600574086625e+01
5.550056707140292929e+03 1.932153036534966617e+01
5.550856657660203382e+03 1.930501864227336029e+01
5.551656608180113835e+03 1.931231565169750297e+01
5.552456558700025198e+03 1.933469523273411284e+01
5.553256509219935651e+03 1.931024634351707192e+01
5.554056459739847014e+03 1.922423243958972705e+01
5.554856410259757467e+03 1.909444275338827879e+01
5.555656360779667921e+03 1.897661685240225182e+01
5.556456311299579284e+03 1.897026943230162743e+01
5.557256261819489737e+03 1.909649367331005720e+01
5.558056212339400190e+03 1.919359287204352071e+01
5.558856162859311553e+03 1.916622328468962522e+01
5.559656113379222006e+03 1.912223545085755916e+01
5.560456063899133369e+03 1.913787412307156188e+01
5.561256014419043822e+03 1.914805103579458745e+01
5.562055964938954276e+03 1.909325619384727446e+01
5.562855915458865638e+03 1.893918819183504709e+01
5.563655865978776092e+03 1.871278640172357299e+01
5.564455816498687454e+03 1.857460477203262172e+01
5.565255767018597908e+03 1.863768383087527525e+01
5.566055717538508361e+03 1.878849799802291898e+01
5.566855668058419724e+03 1.884812230809218647e+01
5.567655618578330177e+03 1.882651677196320605e+01
5.568455569098240630e+03 1.879234436244522044e+01
5.569255519618151993e+03 1.872361943872436996e+01
5.570055470138062446e+03 1.857132313846760496e+01
5.570855420657973809e+03 1.844519063997326924e+01
5.571655371177884263e+03 1.854398652379499879e+01
5.572455321697794716e+03 1.869137063207724125e+01
5.573255272217706079e+03 1.851730698499827810e+01
5.574055222737616532e+03 1.817533388140407169e+01
5.574855173257526985e+03 1.816588711290625469e+01
5.575655123777438348e+03 1.846353253136559402e+01
5.576455074297348801e+03 1.863948050946190449e+01
5.577255024817260164e+03 1.863910350630228763e+01
5.578054975337170617e+03 1.872235518637116414e+01
5.578854925857081071e+03 1.891436436401286869e+01
5.579654876376992434e+03 1.902583357985214718e+01
5.580454826896902887e+03 1.907072255227058832e+01
5.581254777416813340e+03 1.913428831136674546e+01
5.582054727936724703e+03 1.912177066881931609e+01
5.582854678456635156e+03 1.897891366966052118e+01
5.583654628976546519e+03 1.887523637376635932e+01
5.584454579496456972e+03 1.891352467333362597e+01
5.585254530016367426e+03 1.893090275600514971e+01
5.586054480536278788e+03 1.880251082368371129e+01
5.586854431056189242e+03 1.849839646439690455e+01
5.587654381576099695e+03 1.801778560716513766e+01
5.588454332096011058e+03 1.758285958612187727e+01
5.589254282615921511e+03 1.744293768517248111e+01
5.590054233135832874e+03 1.756085096048047234e+01
5.590854183655743327e+03 1.783852828276233993e+01
5.591654134175653780e+03 1.820848451191616135e+01
5.592454084695565143e+03 1.853460032531673107e+01
5.593254035215475596e+03 1.866275911612325444e+01
5.594053985735386959e+03 1.858684755021844381e+01
5.594853936255297413e+03 1.838195616106422392e+01
5.595653886775207866e+03 1.820424341167520410e+01
5.596453837295119229e+03 1.832946765777592546e+01
5.597253787815029682e+03 1.871392115558977309e+01
5.598053738334940135e+03 1.891597000506928339e+01
5.598853688854851498e+03 1.869473118711226078e+01
5.599653639374761951e+03 1.832651118452119476e+01
5.600453589894673314e+03 1.820667672688401240e+01
5.601253540414583767e+03 1.829644204478917402e+01
5.602053490934494221e+03 1.832884142934487315e+01
5.602853441454405583e+03 1.822099142849520703e+01
5.603653391974316037e+03 1.804952457875264926e+01
5.604453342494226490e+03 1.804584815890016714e+01
5.605253293014137853e+03 1.841136585510090740e+01
5.606053243534048306e+03 1.889222385770725765e+01
5.606853194053959669e+03 1.916885932853816854e+01
5.607653144573870122e+03 1.924190813789572019e+01
5.608453095093780576e+03 1.923182627523254595e+01
5.609253045613691938e+03 1.921786438885370529e+01
5.610052996133602392e+03 1.922694171310074296e+01
5.610852946653512845e+03 1.924428363706936551e+01
5.611652897173424208e+03 1.925180345609488342e+01
5.612452847693334661e+03 1.924715422735383896e+01
5.613252798213246024e+03 1.923450137119957049e+01
5.614052748733156477e+03 1.918233254991543646e+01
5.614852699253066930e+03 1.895954052025604142e+01
5.615652649772978293e+03 1.842391870584213365e+01
5.616452600292888746e+03 1.775841263644257140e+01
5.617252550812799200e+03 1.753556030788946174e+01
5.618052501332710563e+03 1.796060156256041296e+01
5.618852451852621016e+03 1.848938373672723401e+01
5.619652402372532379e+03 1.870625292140532636e+01
5.620452352892442832e+03 1.872160632197175545e+01
5.621252303412353285e+03 1.873367575295030463e+01
5.622052253932264648e+03 1.880267808162407306e+01
5.622852204452175101e+03 1.890130946887244789e+01
5.623652154972085555e+03 1.894631751872204717e+01
5.624452105491996917e+03 1.882455333759882166e+01
5.625252056011907371e+03 1.852596742623398995e+01
5.626052006531818733e+03 1.831218939754348440e+01
5.626851957051729187e+03 1.843419184507739317e+01
5.627651907571639640e+03 1.871236468612264758e+01
5.628451858091551003e+03 1.885297877227564811e+01
5.629251808611461456e+03 1.886782862674734318e+01
5.630051759131372819e+03 1.892419218650562840e+01
5.630851709651283272e+03 1.905216386414402763e+01
5.631651660171193726e+03 1.915347024436036349e+01
5.632451610691105088e+03 1.917806277027925432e+01
5.633251561211015542e+03 1.915005997263270388e+01
5.634051511730925995e+03 1.907759519855044061e+01
5.634851462250837358e+03 1.895844753145868822e+01
5.635651412770747811e+03 1.886249778498867258e+01
5.636451363290659174e+03 1.883770826178560398e+01
5.637251313810569627e+03 1.880392054616966391e+01
5.638051264330480080e+03 1.870974257413045194e+01
5.638851214850391443e+03 1.861889063779109676e+01
5.639651165370301896e+03 1.862738094281371559e+01
5.640451115890212350e+03 1.872966412970136219e+01
5.641251066410123713e+03 1.876814717742091432e+01
5.642051016930034166e+03 1.865464666440611552e+01
5.642850967449945529e+03 1.853915871052655362e+01
5.643650917969855982e+03 1.856208811384418667e+01
5.644450868489766435e+03 1.863694319590665671e+01
5.645250819009677798e+03 1.866918380086512741e+01
5.646050769529588251e+03 1.869913548830341199e+01
5.646850720049498705e+03 1.876622802450776106e+01
5.647650670569410067e+03 1.885192708110757565e+01
5.648450621089320521e+03 1.891670619258387376e+01
5.649250571609231883e+03 1.891991375510681195e+01
5.650050522129142337e+03 1.885294353312694682e+01
5.650850472649052790e+03 1.875826018318975485e+01
5.651650423168964153e+03 1.871959766362209621e+01
5.652450373688874606e+03 1.878073554106055099e+01
5.653250324208785059e+03 1.887918984531467004e+01
5.654050274728696422e+03 1.891991684867817725e+01
5.654850225248606876e+03 1.882293524626863856e+01
5.655650175768518238e+03 1.856663254390582907e+01
5.656450126288428692e+03 1.832939195149036493e+01
5.657250076808339145e+03 1.832842981551534933e+01
5.658050027328250508e+03 1.838031450259325084e+01
5.658849977848160961e+03 1.808271150204709343e+01
5.659649928368072324e+03 1.754161406243601107e+01
5.660449878887982777e+03 1.735016524622616885e+01
5.661249829407893230e+03 1.768182102687414670e+01
5.662049779927804593e+03 1.808088257199850801e+01
5.662849730447715046e+03 1.822982875405951120e+01
5.663649680967625500e+03 1.821202772125775482e+01
5.664449631487536863e+03 1.826215659734536700e+01
5.665249582007447316e+03 1.845440550774074495e+01
5.666049532527358679e+03 1.862091398753673843e+01
5.666849483047269132e+03 1.862316762609610521e+01
5.667649433567179585e+03 1.848174108848052555e+01
5.668449384087090948e+03 1.832701746066846482e+01
5.669249334607001401e+03 1.831265535719694171e+01
5.670049285126911855e+03 1.841763345299663968e+01
5.670849235646823217e+03 1.850643911543689057e+01
5.671649186166733671e+03 1.858573030291999117e+01
5.672449136686645033e+03 1.871348316288696623e+01
5.673249087206555487e+03 1.885729363480764675e+01
5.674049037726465940e+03 1.896451764162836184e+01
5.674848988246377303e+03 1.899658984793886418e+01
5.675648938766287756e+03 1.892024709389813353e+01
5.676448889286198209e+03 1.877522203914458032e+01
5.677248839806109572e+03 1.871296871679945184e+01
5.678048790326020026e+03 1.880014877349766778e+01
5.678848740845931388e+03 1.888669461470904665e+01
5.679648691365841842e+03 1.885853201596930617e+01
5.680448641885752295e+03 1.879899240927599280e+01
5.681248592405663658e+03 1.880894705617538420e+01
5.682048542925574111e+03 1.881134218865624064e+01
5.682848493445484564e+03 1.867098270044798269e+01
5.683648443965395927e+03 1.844735313888524786e+01
5.684448394485306380e+03 1.834167054051162182e+01
5.685248345005217743e+03 1.838480632510638202e+01
5.686048295525128196e+03 1.846997812929645733e+01
5.686848246045038650e+03 1.853201328774665768e+01
5.687648196564950013e+03 1.850446200949789244e+01
5.688448147084860466e+03 1.840180449899207460e+01
5.689248097604771829e+03 1.831962007867059583e+01
5.690048048124682282e+03 1.834437240522209223e+01
5.690847998644592735e+03 1.847586117868806355e+01
5.691647949164504098e+03 1.859883792413376113e+01
5.692447899684414551e+03 1.867564915552146232e+01
5.693247850204325005e+03 1.876711198362355759e+01
5.694047800724236367e+03 1.886792795568175762e+01
5.694847751244146821e+03 1.889275227613956076e+01
5.695647701764058183e+03 1.881752243810345959e+01
5.696447652283968637e+03 1.874656973913958424e+01
5.697247602803879090e+03 1.876973416003151840e+01
5.698047553323790453e+03 1.880141927877467012e+01
5.698847503843700906e+03 1.873084734120942940e+01
5.699647454363611359e+03 1.861435921333901433e+01
5.700447404883522722e+03 1.855348019496896939e+01
5.701247355403433176e+03 1.847588445216516817e+01
5.702047305923344538e+03 1.829914548769212601e+01
5.702847256443254992e+03 1.816217821547405009e+01
5.703647206963165445e+03 1.821627602737961382e+01
5.704447157483076808e+03 1.837766913993507245e+01
5.705247108002987261e+03 1.849042389955110011e+01
5.706047058522897714e+03 1.849190428781669482e+01
5.706847009042809077e+03 1.839466182228589730e+01
5.707646959562719530e+03 1.829011035090803006e+01
5.708446910082630893e+03 1.821663551053456587e+01
5.709246860602541346e+03 1.804855784176464084e+01
5.710046811122451800e+03 1.776095800425359528e+01
5.710846761642363163e+03 1.758868540555855731e+01
5.711646712162273616e+03 1.763379610933855801e+01
5.712446662682184069e+03 1.772284434878086046e+01
5.713246613202095432e+03 1.784970983214688900e+01
5.714046563722005885e+03 1.813371540508192936e+01
5.714846514241917248e+03 1.844399933748573162e+01
5.715646464761827701e+03 1.857210353955960969e+01
5.716446415281738155e+03 1.857148555262588019e+01
5.717246365801649517e+03 1.860338227041957282e+01
5.718046316321559971e+03 1.864884523825192986e+01
5.718846266841470424e+03 1.864029144074753575e+01
5.719646217361381787e+03 1.863985838716141785e+01
5.720446167881292240e+03 1.870175983664866592e+01
5.721246118401203603e+03 1.876164486242621265e+01
5.722046068921114056e+03 1.878066090791021026e+01
5.722846019441024509e+03 1.879715952335588014e+01
5.723645969960935872e+03 1.883363431865685556e+01
5.724445920480846326e+03 1.886885482013266824e+01
5.725245871000757688e+03 1.887674254855780731e+01
5.726045821520668142e+03 1.885715930773906734e+01
5.726845772040578595e+03 1.881352712279471007e+01
5.727645722560489958e+03 1.874061717660405080e+01
5.728445673080400411e+03 1.868175412611500619e+01
5.729245623600310864e+03 1.870056007536342335e+01
5.730045574120222227e+03 1.876980934474660501e+01
5.730845524640132680e+03 1.880245183274471543e+01
5.731645475160044043e+03 1.874568990615324537e+01
5.732445425679954496e+03 1.862217934887991078e+01
5.733245376199864950e+03 1.854393317655300422e+01
5.734045326719776313e+03 1.859128708840488287e+01
5.734845277239686766e+03 1.869642978368371899e+01
5.735645227759597219e+03 1.876581303266423362e+01
5.736445178279508582e+03 1.878832364862401860e+01
5.737245128799419035e+03 1.878387331994907328e+01
5.738045079319330398e+03 1.876021170281601158e+01
5.738845029839240851e+03 1.872836917278517177e+01
5.739644980359151305e+03 1.869776492207397922e+01
5.740444930879062667e+03 1.866547225058937443e+01
5.741244881398973121e+03 1.864515907650953253e+01
5.742044831918883574e+03 1.865212584362868142e+01
5.742844782438794937e+03 1.865561715880638971e+01
5.743644732958705390e+03 1.863008253624080623e+01
5.744444683478616753e+03 1.858700015379765347e+01
5.745244633998527206e+03 1.855594459263858198e+01
5.746044584518437659e+03 1.857904369256754507e+01
5.746844535038349022e+03 1.862781585848591348e+01
5.747644485558259476e+03 1.857327075700537122e+01
5.748444436078169929e+03 1.836872628135979113e+01
5.749244386598081292e+03 1.819675652715871195e+01
5.750044337117991745e+03 1.826201301665893340e+01
5.750844287637903108e+03 1.848024402833341995e+01
5.751644238157813561e+03 1.862214642319611357e+01
5.752444188677724014e+03 1.857072523530793973e+01
5.753244139197635377e+03 1.832529374676823153e+01
5.754044089717545830e+03 1.796406947548766908e+01
5.754844040237457193e+03 1.767978328384785769e+01
5.755643990757367646e+03 1.767637246034232135e+01
5.756443941277278100e+03 1.794347922702853282e+01
5.757243891797189463e+03 1.830037710174325838e+01
5.758043842317099916e+03 1.857592663248617981e+01
5.758843792837010369e+03 1.871048320894001904e+01
5.759643743356921732e+03 1.872215120889095630e+01
5.760443693876832185e+03 1.864134441142671506e+01
5.761243644396743548e+03 1.849723735954132309e+01
5.762043594916654001e+03 1.833664455029138907e+01
5.762843545436564455e+03 1.817987833685455001e+01
5.763643495956475817e+03 1.802564598938212725e+01
5.764443446476386271e+03 1.799777504779367376e+01
5.765243396996296724e+03 1.821378813465144475e+01
5.766043347516208087e+03 1.850478359251941995e+01
5.766843298036118540e+03 1.866303548333386075e+01
5.767643248556029903e+03 1.869554499699856365e+01
5.768443199075940356e+03 1.868748781873883402e+01
5.769243149595850809e+03 1.865509021778889576e+01
5.770043100115762172e+03 1.858064464723707943e+01
5.770843050635672626e+03 1.850425265415958265e+01
5.771643001155583079e+03 1.849008597442539070e+01
5.772442951675494442e+03 1.850493043904943136e+01
5.773242902195404895e+03 1.848513329299452934e+01
5.774042852715316258e+03 1.846047300247155221e+01
5.774842803235226711e+03 1.845586212417601146e+01
5.775642753755137164e+03 1.843452172901532293e+01
5.776442704275048527e+03 1.842306856577715735e+01
5.777242654794958980e+03 1.847228508314277207e+01
5.778042605314869434e+03 1.854085048697525195e+01
5.778842555834780796e+03 1.856731747441437363e+01
5.779642506354691250e+03 1.854918032252783533e+01
5.780442456874602613e+03 1.848390040984350691e+01
5.781242407394513066e+03 1.832778157903557670e+01
5.782042357914423519e+03 1.810561604888971843e+01
5.782842308434334882e+03 1.794265545599840550e+01
5.783642258954245335e+03 1.791787056189545524e+01
5.784442209474156698e+03 1.798464751354890012e+01
5.785242159994067151e+03 1.800446604693865282e+01
5.786042110513977605e+03 1.792279651605139890e+01
5.786842061033888967e+03 1.786452479316870878e+01
5.787642011553799421e+03 1.796215813455618360e+01
5.788441962073709874e+03 1.814464903245511351e+01
5.789241912593621237e+03 1.828576397363729811e+01
5.790041863113531690e+03 1.837927803260401305e+01
5.790841813633443053e+03 1.839115259011784076e+01
5.791641764153353506e+03 1.826046826188697025e+01
5.792441714673263959e+03 1.811331314393564895e+01
5.793241665193175322e+03 1.812709787830789310e+01
5.794041615713085775e+03 1.823096322622562226e+01
5.794841566232996229e+03 1.829964496097372262e+01
5.795641516752907592e+03 1.836884775942942127e+01
5.796441467272818045e+03 1.845796806276825919e+01
5.797241417792729408e+03 1.848808323764529149e+01
5.798041368312639861e+03 1.839964156150985986e+01
5.798841318832550314e+03 1.826270985696664440e+01
5.799641269352461677e+03 1.825597724324266835e+01
5.800441219871881003e+03 1.839272724853786656e+01
5.801241170391791456e+03 1.853305316715361784e+01
5.802041120911702819e+03 1.858284497162969728e+01
5.802841071431613273e+03 1.857318045900056802e+01
5.803641021951524635e+03 1.853620715928535390e+01
5.804440972471435089e+03 1.843784710103956570e+01
5.805240922991345542e+03 1.828475640504291988e+01
5.806040873511256905e+03 1.817264343604327337e+01
5.806840824031167358e+03 1.815965663341543035e+01
5.807640774551078721e+03 1.820115061861056915e+01
5.808440725070989174e+03 1.825217633092405123e+01
5.809240675590899627e+03 1.829475692654687080e+01
5.810040626110810990e+03 1.829488190127678848e+01
5.810840576630721444e+03 1.829723636860177649e+01
5.811640527150631897e+03 1.837266048184497436e+01
5.812440477670543260e+03 1.846216976545381527e+01
5.813240428190453713e+03 1.848541611409129715e+01
5.814040378710365076e+03 1.843045354901377664e+01
5.814840329230275529e+03 1.831106740329877169e+01
5.815640279750185982e+03 1.819028960766698333e+01
5.816440230270097345e+03 1.812667942909127561e+01
5.817240180790007798e+03 1.810082589972527245e+01
5.818040131309918252e+03 1.813912430481644478e+01
5.818840081829829614e+03 1.828610762261376266e+01
5.819640032349740068e+03 1.844869197737945754e+01
5.820439982869651431e+03 1.853016744890046397e+01
5.821239933389561884e+03 1.854516827445836924e+01
5.822039883909472337e+03 1.853707770621764439e+01
5.822839834429383700e+03 1.852836394802257303e+01
5.823639784949294153e+03 1.852952762348623494e+01
5.824439735469204606e+03 1.853832138541190488e+01
5.825239685989115969e+03 1.854565109043045723e+01
5.826039636509026423e+03 1.854799667893933801e+01
5.826839587028937785e+03 1.854158303392578944e+01
5.827639537548848239e+03 1.852065890310087326e+01
5.828439488068758692e+03 1.849092574952834056e+01
5.829239438588670055e+03 1.847337700503382507e+01
5.830039389108580508e+03 1.847423051326357779e+01
5.830839339628490961e+03 1.845175958296462682e+01
5.831639290148402324e+03 1.836139437242103156e+01
5.832439240668312777e+03 1.825733515917858085e+01
5.833239191188224140e+03 1.825063425341520329e+01
5.834039141708134594e+03 1.832557844007175873e+01
5.834839092228045047e+03 1.836590342734528392e+01
5.835639042747956410e+03 1.835272058943123952e+01
5.836438993267866863e+03 1.835204374203027555e+01
5.837238943787777316e+03 1.838244741418167649e+01
5.838038894307688679e+03 1.840717645922769563e+01
5.838838844827599132e+03 1.839126858190459757e+01
5.839638795347510495e+03 1.835914619346649346e+01
5.840438745867420948e+03 1.836785939067039664e+01
5.841238696387331402e+03 1.841789334987946347e+01
5.842038646907242764e+03 1.846212039666912830e+01
5.842838597427153218e+03 1.847800255904131816e+01
5.843638547947064581e+03 1.847550665954936733e+01
5.844438498466975034e+03 1.846476921161998774e+01
5.845238448986885487e+03 1.844184958722864565e+01
5.846038399506796850e+03 1.839683499337872163e+01
5.846838350026707303e+03 1.831877428766968663e+01
5.847638300546617756e+03 1.820018028296234647e+01
5.848438251066529119e+03 1.808040599438917084e+01
5.849238201586439573e+03 1.803874109250561020e+01
5.850038152106350935e+03 1.810569095883992219e+01
5.850838102626261389e+03 1.822976045192378436e+01
5.851638053146171842e+03 1.832476980595011895e+01
5.852438003666083205e+03 1.833520406495000543e+01
5.853237954185993658e+03 1.825058730223925352e+01
5.854037904705904111e+03 1.811337651692331008e+01
5.854837855225815474e+03 1.801545937909924788e+01
5.855637805745725927e+03 1.802305308315994736e+01
5.856437756265637290e+03 1.807769124475990807e+01
5.857237706785547743e+03 1.801325801714713748e+01
5.858037657305458197e+03 1.775415283071570727e+01
5.858837607825369560e+03 1.749669811975007860e+01
5.859637558345280013e+03 1.748618752274938259e+01
5.860437508865190466e+03 1.764866567659526098e+01
5.861237459385101829e+03 1.781798571615256321e+01
5.862037409905012282e+03 1.792462568785492039e+01
5.862837360424923645e+03 1.766271527540121156e+01
5.863637310944834098e+03 1.646470673549445607e+01
5.864437261464744552e+03 1.409725506548210916e+01
5.865237211984655914e+03 1.181932006843566541e+01
5.866037162504566368e+03 1.201990372699761167e+01
5.866837113024476821e+03 1.450931862078713408e+01
5.867637063544388184e+03 1.666505473911942659e+01
5.868437014064298637e+03 1.754351456404361187e+01
5.869236964584210000e+03 1.784468663906775632e+01
5.870036915104120453e+03 1.807674007558394891e+01
5.870836865624030906e+03 1.825492041096655527e+01
5.871636816143942269e+03 1.832158518882160081e+01
5.872436766663852723e+03 1.831498551777067973e+01
5.873236717183764085e+03 1.828628904237636732e+01
5.874036667703674539e+03 1.825248973446495881e+01
5.874836618223584992e+03 1.822944448429147002e+01
5.875636568743496355e+03 1.824635134780060142e+01
5.876436519263406808e+03 1.828670477275339579e+01
5.877236469783317261e+03 1.829938862377146336e+01
5.878036420303228624e+03 1.827243088829421680e+01
5.878836370823139077e+03 1.823427037911634585e+01
5.879636321343050440e+03 1.820954972757661849e+01
5.880436271862960893e+03 1.819176298698734939e+01
5.881236222382871347e+03 1.816604417630560420e+01
5.882036172902782710e+03 1.815225208632738685e+01
5.882836123422693163e+03 1.816736902463762249e+01
5.883636073942603616e+03 1.816680468007369953e+01
5.884436024462514979e+03 1.809629449747443175e+01
5.885235974982425432e+03 1.801913180502230460e+01
5.886035925502336795e+03 1.804292817371368685e+01
5.886835876022247248e+03 1.812663477993282868e+01
5.887635826542157702e+03 1.815261894026456702e+01
5.888435777062069064e+03 1.805060319701979665e+01
5.889235727581979518e+03 1.771552788979019155e+01
5.890035678101889971e+03 1.695096348180410928e+01
5.890835628621801334e+03 1.584372342905397701e+01
5.891635579141711787e+03 1.521889149595090629e+01
5.892435529661623150e+03 1.569763414897817810e+01
5.893235480181533603e+03 1.661473169077394019e+01
5.894035430701444056e+03 1.721408929508646679e+01
5.894835381221355419e+03 1.744533262252579320e+01
5.895635331741265873e+03 1.731225662900894235e+01
5.896435282261176326e+03 1.669131189879925614e+01
5.897235232781087689e+03 1.603187098785375753e+01
5.898035183300998142e+03 1.613826931510384810e+01
5.898835133820909505e+03 1.689870310074292448e+01
5.899635084340819958e+03 1.755902769787339679e+01
5.900435034860730411e+03 1.785469537870618595e+01
5.901234985380641774e+03 1.798686873872863501e+01
5.902034935900552227e+03 1.809147788564392556e+01
5.902834886420463590e+03 1.814495764064787409e+01
5.903634836940374043e+03 1.814012208515450197e+01
5.904434787460284497e+03 1.812400928435277336e+01
5.905234737980195860e+03 1.810663386199065172e+01
5.906034688500106313e+03 1.805107827914949681e+01
5.906834639020016766e+03 1.796630065472186999e+01
5.907634589539928129e+03 1.793420132096084174e+01
5.908434540059838582e+03 1.798544774147545411e+01
5.909234490579749945e+03 1.805573433756146073e+01
5.910034441099660398e+03 1.809468196601097745e+01
5.910834391619570852e+03 1.809730286271194188e+01
5.911634342139482214e+03 1.809230492054113171e+01
5.912434292659392668e+03 1.810663140079072164e+01
5.913234243179303121e+03 1.810236418334613973e+01
5.914034193699214484e+03 1.799822042289152080e+01
5.914834144219124937e+03 1.776376227609308245e+01
5.915634094739036300e+03 1.756315116564656620e+01
5.916434045258946753e+03 1.757639942990402915e+01
5.917233995778857206e+03 1.769926447961796612e+01
5.918033946298768569e+03 1.781109473954463596e+01
5.918833896818679023e+03 1.792919888409900153e+01
5.919633847338589476e+03 1.802131287394202985e+01
5.920433797858500839e+03 1.807116325587060501e+01
5.921233748378411292e+03 1.811290604268992155e+01
5.922033698898322655e+03 1.812772732517049690e+01
5.922833649418233108e+03 1.808763399763399349e+01
5.923633599938143561e+03 1.803117316527730551e+01
5.924433550458054924e+03 1.801228052332540841e+01
5.925233500977965377e+03 1.803356163224833963e+01
5.926033451497875831e+03 1.807670254028192147e+01
5.926833402017787193e+03 1.811161489937696700e+01
5.927633352537697647e+03 1.809073033696158816e+01
5.928433303057609010e+03 1.799984748941927748e+01
5.929233253577519463e+03 1.789653891295210286e+01
5.930033204097429916e+03 1.781312150284671958e+01
5.930833154617341279e+03 1.770802902863156802e+01
5.931633105137251732e+03 1.765409415377676083e+01
5.932433055657162186e+03 1.777041956764331943e+01
5.933233006177073548e+03 1.795718436189998712e+01
5.934032956696984002e+03 1.804170595869145188e+01
5.934832907216895364e+03 1.797553725615095033e+01
5.935632857736805818e+03 1.782706976270987553e+01
5.936432808256716271e+03 1.776141949775549378e+01
5.937232758776627634e+03 1.786384167075345886e+01
5.938032709296538087e+03 1.800380009045459673e+01
5.938832659816449450e+03 1.806161942089106276e+01
5.939632610336359903e+03 1.806851682176657903e+01
5.940432560856270356e+03 1.807130583316434524e+01
5.941232511376181719e+03 1.805428439173241628e+01
5.942032461896092173e+03 1.800124317040631894e+01
5.942832412416002626e+03 1.794224760756117831e+01
5.943632362935913989e+03 1.791961482580531850e+01
5.944432313455824442e+03 1.794080586403451960e+01
5.945232263975735805e+03 1.798896357741511309e+01
5.946032214495646258e+03 1.804101752209018628e+01
5.946832165015556711e+03 1.806821990654320231e+01
5.947632115535468074e+03 1.804739652215015155e+01
5.948432066055378527e+03 1.794825494745132133e+01
5.949232016575288981e+03 1.776377196907741407e+01
5.950031967095200343e+03 1.761333748020203416e+01
5.950831917615110797e+03 1.765022980682572751e+01
5.951631868135022160e+03 1.781742525396311905e+01
5.952431818654932613e+03 1.791587726194194374e+01
5.953231769174843066e+03 1.785175985413534150e+01
5.954031719694754429e+03 1.772073857273610997e+01
5.954831670214664882e+03 1.770356619334632953e+01
5.955631620734575336e+03 1.782801122214561573e+01
5.956431571254486698e+03 1.792927011948791005e+01
5.957231521774397152e+03 1.790409425281470845e+01
5.958031472294308514e+03 1.782937660808901015e+01
5.958831422814218968e+03 1.782412562152345359e+01
5.959631373334129421e+03 1.788741659057458122e+01
5.960431323854040784e+03 1.794274026472987060e+01
5.961231274373951237e+03 1.796566707169719024e+01
5.962031224893861690e+03 1.798158043383850213e+01
5.962831175413773053e+03 1.800069795035409470e+01
5.963631125933683506e+03 1.801140704890406141e+01
5.964431076453594869e+03 1.800789660536965897e+01
5.965231026973505323e+03 1.798863522550474414e+01
5.966030977493415776e+03 1.793959672515143922e+01
5.966830928013327139e+03 1.786667876332652583e+01
5.967630878533237592e+03 1.783748238038611689e+01
5.968430829053148955e+03 1.789200970430189841e+01
5.969230779573059408e+03 1.796371676924648852e+01
5.970030730092969861e+03 1.799380533857711129e+01
5.970830680612881224e+03 1.799641291164115842e+01
5.971630631132791677e+03 1.799734374060113851e+01
5.972430581652702131e+03 1.799990119785569576e+01
5.973230532172613493e+03 1.799802362247824306e+01
5.974030482692523947e+03 1.798418332373268669e+01
5.974830433212435310e+03 1.793139798717008659e+01
5.975630383732345763e+03 1.778895648889418268e+01
5.976430334252256216e+03 1.756913122339661726e+01
5.977230284772167579e+03 1.741921988247463560e+01
5.978030235292078032e+03 1.745462584387937710e+01
5.978830185811988486e+03 1.759177120708621089e+01
5.979630136331899848e+03 1.770052751656470846e+01
5.980430086851810302e+03 1.777165880987276125e+01
5.981230037371721664e+03 1.784945762658055912e+01
5.982029987891632118e+03 1.791691361110162717e+01
5.982829938411542571e+03 1.793820703702275665e+01
5.983629888931453934e+03 1.790582258134799076e+01
5.984429839451364387e+03 1.781263386067308119e+01
5.985229789971274840e+03 1.767303926189585894e+01
5.986029740491186203e+03 1.756077139732248327e+01
5.986829691011096656e+03 1.753967590274349320e+01
5.987629641531008019e+03 1.757899597422116855e+01
5.988429592050918473e+03 1.763261447566919671e+01
5.989229542570828926e+03 1.771795984231485477e+01
5.990029493090740289e+03 1.781983273402152435e+01
5.990829443610650742e+03 1.786536162901568403e+01
5.991629394130561195e+03 1.781096945863428260e+01
5.992429344650472558e+03 1.770303998319151617e+01
5.993229295170383011e+03 1.765953680040223617e+01
5.994029245690294374e+03 1.772577285271427527e+01
5.994829196210204827e+03 1.781544965996670982e+01
5.995629146730115281e+03 1.785518137239782632e+01
5.996429097250026643e+03 1.784274784217225829e+01
5.997229047769937097e+03 1.778530426135828435e+01
5.998028998289848460e+03 1.769934733500293333e+01
5.998828948809758913e+03 1.763699273670012957e+01
5.999628899329669366e+03 1.764904562476241523e+01
6.000428849849580729e+03 1.771958176901594584e+01
6.001228800369491182e+03 1.777854865645940663e+01
6.002028750889401636e+03 1.778422265398062052e+01
6.002828701409312998e+03 1.772403963582975805e+01
6.003628651929223452e+03 1.759339319360475073e+01
6.004428602449134814e+03 1.748288822484502347e+01
6.005228552969045268e+03 1.750521592252389880e+01
6.006028503488955721e+03 1.758274473863571075e+01
6.006828454008867084e+03 1.759366012329234152e+01
6.007628404528777537e+03 1.754832758308323903e+01
6.008428355048687990e+03 1.745603015751763110e+01
6.009228305568599353e+03 1.733318514029959800e+01
6.010028256088509806e+03 1.731605357042665361e+01
6.010828206608421169e+03 1.747394623649489986e+01
6.011628157128331623e+03 1.766811051398234156e+01
6.012428107648242076e+03 1.775149865788178971e+01
6.013228058168153439e+03 1.769371108613755439e+01
6.014028008688063892e+03 1.754431901000504368e+01
6.014827959207974345e+03 1.743215657771021299e+01
6.015627909727885708e+03 1.745797951631039524e+01
6.016427860247796161e+03 1.752367399596829145e+01
6.017227810767707524e+03 1.747061394223012343e+01
6.018027761287617977e+03 1.736812162662157277e+01
6.018827711807528431e+03 1.739616916292347781e+01
6.019627662327439793e+03 1.750640570296070564e+01
6.020427612847350247e+03 1.751227070274507014e+01
6.021227563367260700e+03 1.738375579036468821e+01
6.022027513887172063e+03 1.725659434109977042e+01
6.022827464407082516e+03 1.722240960078919159e+01
6.023627414926993879e+03 1.725917375917412144e+01
6.024427365446904332e+03 1.730155015473994951e+01
6.025227315966814785e+03 1.729394578609678135e+01
6.026027266486726148e+03 1.732345165092257133e+01
6.026827217006636602e+03 1.744343999728803141e+01
6.027627167526547055e+03 1.751948555329138912e+01
6.028427118046458418e+03 1.751552369901017414e+01
6.029227068566368871e+03 1.753107466980184981e+01
6.030027019086280234e+03 1.754147710138663996e+01
6.030826969606190687e+03 1.747488177284834876e+01
6.031626920126101140e+03 1.743738705937030886e+01
6.032426870646012503e+03 1.754128221224996764e+01
6.033226821165922956e+03 1.768669281488781309e+01
6.034026771685834319e+03 1.775737816478110886e+01
6.034826722205744773e+03 1.776069593431539673e+01
6.035626672725655226e+03 1.774191904176090162e+01
6.036426623245566589e+03 1.772824319024261186e+01
6.037226573765477042e+03 1.772212676950375254e+01
6.038026524285387495e+03 1.771587382515500053e+01
6.038826474805298858e+03 1.771162503225623652e+01
6.039626425325209311e+03 1.770712561071516333e+01
6.040426375845120674e+03 1.768754546389505933e+01
6.041226326365031127e+03 1.766628357910682112e+01
6.042026276884941581e+03 1.767127661054874466e+01
6.042826227404852943e+03 1.769047691098490915e+01
6.043626177924763397e+03 1.770557789250698377e+01
6.044426128444673850e+03 1.772166381775909372e+01
6.045226078964585213e+03 1.773608501129839965e+01
6.046026029484495666e+03 1.773650893200134959e+01
6.046825980004407029e+03 1.772342662243089251e+01
6.047625930524317482e+03 1.771074411046911479e+01
6.048425881044227935e+03 1.770663236914768390e+01
6.049225831564139298e+03 1.770368712281264933e+01
6.050025782084049752e+03 1.769505670256662455e+01
6.050825732603960205e+03 1.768221955622358621e+01
6.051625683123871568e+03 1.766670151332525762e+01
6.052425633643782021e+03 1.765202616038819983e+01
6.053225584163693384e+03 1.763817497614077467e+01
6.054025534683603837e+03 1.760840945023247883e+01
6.054825485203514290e+03 1.756203990735541964e+01
6.055625435723425653e+03 1.752163265569698680e+01
6.056425386243336106e+03 1.747523206065591239e+01
6.057225336763246560e+03 1.741254073305726280e+01
6.058025287283157923e+03 1.740075635584848257e+01
6.058825237803068376e+03 1.746904266470828659e+01
6.059625188322979739e+03 1.754532300197555372e+01
6.060425138842890192e+03 1.758970695044036958e+01
6.061225089362800645e+03 1.761823215547648402e+01
6.062025039882712008e+03 1.763282566375504246e+01
6.062824990402622461e+03 1.762368815875739614e+01
6.063624940922533824e+03 1.758303359507523567e+01
6.064424891442444277e+03 1.751805554703264178e+01
6.065224841962354731e+03 1.741405613494332272e+01
6.066024792482266093e+03 1.722475474657704808e+01
6.066824743002176547e+03 1.705348209085178013e+01
6.067624693522087000e+03 1.710757255066144467e+01
6.068424644041998363e+03 1.734506843018444400e+01
6.069224594561908816e+03 1.754412754958106291e+01
6.070024545081820179e+03 1.762877163303324934e+01
6.070824495601730632e+03 1.764985885238045427e+01
6.071624446121641085e+03 1.764754826021407652e+01
6.072424396641552448e+03 1.764062349694965803e+01
6.073224347161462902e+03 1.764078714758465338e+01
6.074024297681373355e+03 1.764643836620113859e+01
6.074824248201284718e+03 1.764934838939433348e+01
6.075624198721195171e+03 1.764678127382117623e+01
6.076424149241106534e+03 1.764042704532594286e+01
6.077224099761016987e+03 1.762897354827242680e+01
6.078024050280927440e+03 1.759230722185522922e+01
6.078824000800838803e+03 1.748715610747142080e+01
6.079623951320749256e+03 1.732268580832277038e+01
6.080423901840659710e+03 1.723024360827463397e+01
6.081223852360571072e+03 1.729261734983609244e+01
6.082023802880481526e+03 1.738563210787495450e+01
6.082823753400392889e+03 1.738414778770255253e+01
6.083623703920303342e+03 1.732508579619151945e+01
6.084423654440213795e+03 1.729960468924770822e+01
6.085223604960125158e+03 1.731309497865519376e+01
6.086023555480035611e+03 1.729599285712616563e+01
6.086823505999946065e+03 1.724888674741540839e+01
6.087623456519857427e+03 1.724161357707061271e+01
6.088423407039767881e+03 1.729216974921943262e+01
6.089223357559679243e+03 1.736692191306747191e+01
6.090023308079589697e+03 1.742060833244928375e+01
6.090823258599500150e+03 1.740589102676048583e+01
6.091623209119411513e+03 1.733329789487956063e+01
6.092423159639321966e+03 1.727563176064603923e+01
6.093223110159233329e+03 1.726934493058379871e+01
6.094023060679143782e+03 1.729226164018935918e+01
6.094823011199054235e+03 1.732297201253891927e+01
6.095622961718965598e+03 1.737006379236512288e+01
6.096422912238876052e+03 1.742110390504068107e+01
6.097222862758786505e+03 1.742434514616353880e+01
6.098022813278697868e+03 1.737642299642925892e+01
6.098822763798608321e+03 1.734424157665809929e+01
6.099622714318519684e+03 1.736358480262253678e+01
6.100422664838430137e+03 1.740594707695591836e+01
6.101222615358340590e+03 1.742689010351944745e+01
6.102022565878251953e+03 1.735279008999304295e+01
6.102822516398162406e+03 1.706485751804863327e+01
6.103622466918072860e+03 1.659598409111706729e+01
6.104422417437984222e+03 1.633210177588131273e+01
6.105222367957894676e+03 1.656258211814540715e+01
6.106022318477806039e+03 1.699728959199423528e+01
6.106822268997716492e+03 1.724358410789086449e+01
6.107622219517626945e+03 1.726463551583686495e+01
6.108422170037538308e+03 1.718519289602605937e+01
6.109222120557448761e+03 1.711524411034339721e+01
6.110022071077359215e+03 1.714729453914770119e+01
6.110822021597270577e+03 1.726779738504566808e+01
6.111621972117181031e+03 1.733741536467130828e+01
6.112421922637092393e+03 1.730522022880908040e+01
6.113221873157002847e+03 1.725785398370216939e+01
6.114021823676913300e+03 1.724883718190444171e+01
6.114821774196824663e+03 1.727761176059769355e+01
6.115621724716735116e+03 1.733336825465143960e+01
6.116421675236645569e+03 1.735344756109458686e+01
6.117221625756556932e+03 1.730308871091367351e+01
6.118021576276467385e+03 1.726182463547755574e+01
6.118821526796378748e+03 1.729573851260118289e+01
6.119621477316289202e+03 1.733459340872975218e+01
6.120421427836199655e+03 1.729600870270833468e+01
6.121221378356111018e+03 1.719605828196771569e+01
6.122021328876021471e+03 1.701573482775349788e+01
6.122821279395931924e+03 1.667626611908272594e+01
6.123621229915843287e+03 1.637210286615194121e+01
6.124421180435753740e+03 1.644680165626759916e+01
6.125221130955665103e+03 1.678325141820365474e+01
6.126021081475575556e+03 1.699783996545547282e+01
6.126821031995486010e+03 1.704566884582938258e+01
6.127620982515397372e+03 1.708499635656545479e+01
6.128420933035307826e+03 1.711083773665824026e+01
6.129220883555219189e+03 1.706865128626243688e+01
6.130020834075129642e+03 1.699777615377992745e+01
6.130820784595040095e+03 1.695468614787137795e+01
6.131620735114951458e+03 1.695061704941581837e+01
6.132420685634861911e+03 1.694100689989320330e+01
6.133220636154772365e+03 1.694436657803056079e+01
6.134020586674683727e+03 1.705327152202113439e+01
6.134820537194594181e+03 1.720860728238291415e+01
6.135620487714505543e+03 1.724862927529311207e+01
6.136420438234415997e+03 1.707186406162140102e+01
6.137220388754326450e+03 1.662929819899763828e+01
6.138020339274237813e+03 1.605944521411242576e+01
6.138820289794148266e+03 1.577209742441807094e+01
6.139620240314058719e+03 1.603539727460925235e+01
6.140420190833970082e+03 1.660538607537863243e+01
6.141220141353880535e+03 1.701316378591396727e+01
6.142020091873791898e+03 1.702818305427857837e+01
6.142820042393702352e+03 1.675573159315845118e+01
6.143619992913612805e+03 1.654689526014995948e+01
6.144419943433524168e+03 1.665538683153562971e+01
6.145219893953434621e+03 1.689561647965536650e+01
6.146019844473345074e+03 1.698412138635864110e+01
6.146819794993256437e+03 1.697481218794764146e+01
6.147619745513166890e+03 1.701756007335907483e+01
6.148419696033078253e+03 1.705127146154234552e+01
6.149219646552988706e+03 1.702195903520008713e+01
6.150019597072899160e+03 1.700779125978029072e+01
6.150819547592810522e+03 1.704530224540240368e+01
6.151619498112720976e+03 1.709188530933499095e+01
6.152419448632631429e+03 1.709723029412427309e+01
6.153219399152542792e+03 1.708550309462241401e+01
6.154019349672453245e+03 1.710488742410187513e+01
6.154819300192364608e+03 1.707467681758786071e+01
6.155619250712275061e+03 1.689530481597362055e+01
6.156419201232185515e+03 1.667048302358596246e+01
6.157219151752096877e+03 1.661972170272743199e+01
6.158019102272007331e+03 1.676024392182999634e+01
6.158819052791918693e+03 1.690613400301474201e+01
6.159619003311829147e+03 1.698550725503365300e+01
6.160418953831739600e+03 1.701747316606404326e+01
6.161218904351650963e+03 1.687882524957401031e+01
6.162018854871561416e+03 1.639953505631708808e+01
6.162818805391471869e+03 1.567914740116468764e+01
6.163618755911383232e+03 1.519102061308850615e+01
6.164418706431293685e+03 1.528993402999313211e+01
6.165218656951205048e+03 1.579481868818607282e+01
6.166018607471115502e+03 1.630787990230900064e+01
6.166818557991025955e+03 1.658256717374847966e+01
6.167618508510937318e+03 1.665335754005485924e+01
6.168418459030847771e+03 1.669577628712738715e+01
6.169218409550758224e+03 1.665881096969825137e+01
6.170018360070669587e+03 1.633563495493522311e+01
6.170818310590580040e+03 1.592911301204934915e+01
6.171618261110491403e+03 1.592150048123425421e+01
6.172418211630401856e+03 1.633620697301152092e+01
6.173218162150312310e+03 1.676418600159556149e+01
6.174018112670223672e+03 1.692976846432187443e+01
6.174818063190134126e+03 1.691880683832714283e+01
6.175618013710044579e+03 1.691584880312984041e+01
6.176417964229955942e+03 1.691978006249231470e+01
6.177217914749866395e+03 1.687632725883162976e+01
6.178017865269777758e+03 1.683754910445737352e+01
6.178817815789688211e+03 1.688532481616967829e+01
6.179617766309598665e+03 1.701059548679882027e+01
6.180417716829510027e+03 1.708422359526444367e+01
6.181217667349420481e+03 1.704630996981313729e+01
6.182017617869330934e+03 1.701303042338523852e+01
6.182817568389242297e+03 1.707700473370923078e+01
6.183617518909152750e+03 1.716823136755126455e+01
6.184417469429064113e+03 1.721074440003836159e+01
6.185217419948974566e+03 1.721871971560234016e+01
6.186017370468885019e+03 1.721665034833216623e+01
6.186817320988796382e+03 1.718656706954097046e+01
6.187617271508706835e+03 1.710656576242265459e+01
6.188417222028618198e+03 1.700752050005156235e+01
6.189217172548528652e+03 1.695215448627561727e+01
6.190017123068439105e+03 1.696059119237463619e+01
6.190817073588350468e+03 1.695918249836123337e+01
6.191617024108260921e+03 1.679018103259013373e+01
6.192416974628171374e+03 1.644646555010850264e+01
6.193216925148082737e+03 1.627493182909429237e+01
6.194016875667993190e+03 1.651519662170824887e+01
6.194816826187904553e+03 1.687730311530641814e+01
6.195616776707815006e+03 1.705526739468521313e+01
6.196416727227725460e+03 1.708789838756474921e+01
6.197216677747636822e+03 1.710511166300059926e+01
6.198016628267547276e+03 1.713798368732111044e+01
6.198816578787457729e+03 1.714836675515211795e+01
6.199616529307369092e+03 1.709959976075190369e+01
6.200416479827279545e+03 1.698200076527757574e+01
6.201216430347190908e+03 1.684155144400705950e+01
6.202016380867101361e+03 1.679899431774032337e+01
6.202816331387011815e+03 1.691029975927844475e+01
6.203616281906923177e+03 1.705818441838947663e+01
6.204416232426833631e+03 1.712580090994490334e+01
6.205216182946744084e+03 1.711508694803110231e+01
6.206016133466655447e+03 1.708574457368120392e+01
6.206816083986565900e+03 1.708632444416405960e+01
6.207616034506477263e+03 1.711038512416596546e+01
6.208415985026387716e+03 1.712611492248536038e+01
6.209215935546298169e+03 1.713055357332662254e+01
6.210015886066209532e+03 1.713487633014759126e+01
6.210815836586119985e+03 1.713566707294692648e+01
6.211615787106030439e+03 1.712543367313045906e+01
6.212415737625941802e+03 1.710081188819772890e+01
6.213215688145852255e+03 1.703629963964901606e+01
6.214015638665763618e+03 1.689469829815837443e+01
6.214815589185674071e+03 1.672185827168708983e+01
6.215615539705584524e+03 1.662377438375923333e+01
6.216415490225495887e+03 1.661715452844834573e+01
6.217215440745406340e+03 1.667028685669901478e+01
6.218015391265316794e+03 1.678094878958686564e+01
6.218815341785228156e+03 1.688163252992947605e+01
6.219615292305138610e+03 1.684211666384758743e+01
6.220415242825049972e+03 1.665797977622386838e+01
6.221215193344960426e+03 1.651787738763428592e+01
6.222015143864870879e+03 1.656210225118006818e+01
6.222815094384782242e+03 1.671181696851504128e+01
6.223615044904692695e+03 1.684240140488864412e+01
6.224414995424604058e+03 1.690272447730912830e+01
6.225214945944514511e+03 1.689987125616059416e+01
6.226014896464424965e+03 1.689549885745074675e+01
6.226814846984336327e+03 1.691951217181504319e+01
6.227614797504246781e+03 1.693524745748729998e+01
6.228414748024157234e+03 1.694120265473496545e+01
6.229214698544068597e+03 1.694152948859986196e+01
6.230014649063979050e+03 1.686104404528607148e+01
6.230814599583890413e+03 1.662481204003589852e+01
6.231614550103800866e+03 1.629215713138914623e+01
6.232414500623711319e+03 1.610433628101305459e+01
6.233214451143622682e+03 1.620526203471176530e+01
6.234014401663533135e+03 1.642481970790447932e+01
6.234814352183443589e+03 1.663481727034473323e+01
6.235614302703354952e+03 1.683372771754731190e+01
6.236414253223265405e+03 1.695336189634214108e+01
6.237214203743176768e+03 1.691577558541468562e+01
6.238014154263087221e+03 1.672303849053459857e+01
6.238814104782997674e+03 1.650727349122938747e+01
6.239614055302909037e+03 1.643827780911406222e+01
6.240414005822819490e+03 1.649936636385634259e+01
6.241213956342729944e+03 1.655515379985809332e+01
6.242013906862641306e+03 1.659193698510894421e+01
6.242813857382551760e+03 1.666111406997968203e+01
6.243613807902463122e+03 1.665907953308946787e+01
6.244413758422373576e+03 1.645756894152124161e+01
6.245213708942284029e+03 1.616523460946898183e+01
6.246013659462195392e+03 1.602251129073544433e+01
6.246813609982105845e+03 1.606042847438635945e+01
6.247613560502016298e+03 1.613292191014339139e+01
6.248413511021927661e+03 1.624161187474037149e+01
6.249213461541838114e+03 1.645343625483884864e+01
6.250013412061749477e+03 1.669708309251466005e+01
6.250813362581659931e+03 1.685339411695314027e+01
6.251613313101570384e+03 1.688357811114021700e+01
6.252413263621481747e+03 1.676758395539475544e+01
6.253213214141392200e+03 1.649283540180298857e+01
6.254013164661303563e+03 1.618490115275603358e+01
6.254813115181214016e+03 1.600589314366563087e+01
6.255613065701124469e+03 1.598981588630677564e+01
6.256413016221035832e+03 1.611522664782868475e+01
6.257212966740946285e+03 1.626771274221408348e+01
6.258012917260856739e+03 1.632540723438447472e+01
6.258812867780768102e+03 1.629732984339419488e+01
6.259612818300678555e+03 1.623896590220701341e+01
6.260412768820589918e+03 1.627027145077563830e+01
6.261212719340500371e+03 1.643311641391367672e+01
6.262012669860410824e+03 1.658050629935677023e+01
6.262812620380322187e+03 1.665366859558049839e+01
6.263612570900232640e+03 1.673231351817432966e+01
6.264412521420143094e+03 1.680401939597625116e+01
6.265212471940054456e+03 1.677465054670017963e+01
6.266012422459964910e+03 1.662365285310640672e+01
6.266812372979876272e+03 1.650584319190262406e+01
6.267612323499786726e+03 1.657323020738414954e+01
6.268412274019697179e+03 1.672215373978754371e+01
6.269212224539608542e+03 1.680093488532860135e+01
6.270012175059518995e+03 1.680250434809185123e+01
6.270812125579429448e+03 1.675119886964878901e+01
6.271612076099340811e+03 1.666558004196877363e+01
6.272412026619251264e+03 1.660228184874973323e+01
6.273211977139162627e+03 1.661843138806865383e+01
6.274011927659073081e+03 1.670835101139244827e+01
6.274811878178983534e+03 1.679714629927286040e+01
6.275611828698894897e+03 1.683289938965063470e+01
6.276411779218805350e+03 1.683695420496677286e+01
6.277211729738715803e+03 1.684326085638961956e+01
6.278011680258627166e+03 1.684655335261327025e+01
6.278811630778537619e+03 1.683537817278591220e+01
6.279611581298448982e+03 1.680159661766119683e+01
6.280411531818359435e+03 1.671273640394984383e+01
6.281211482338269889e+03 1.657135905556408773e+01
6.282011432858181252e+03 1.647830053221287727e+01
6.282811383378091705e+03 1.652224859573388471e+01
6.283611333898003068e+03 1.664660196662653391e+01
6.284411284417913521e+03 1.674461595462788210e+01
6.285211234937823974e+03 1.678717014330548807e+01
6.286011185457735337e+03 1.678939584900310678e+01
6.286811135977645790e+03 1.678544431586756858e+01
6.287611086497556244e+03 1.680280843126414680e+01
6.288411037017467606e+03 1.682566268512614016e+01
6.289210987537378060e+03 1.683742800130600870e+01
6.290010938057289422e+03 1.683929716431548940e+01
6.290810888577199876e+03 1.681187993495188593e+01
6.291610839097110329e+03 1.673560367162018281e+01
6.292410789617021692e+03 1.665696921428521193e+01
6.293210740136932145e+03 1.664464923757898873e+01
6.294010690656842598e+03 1.668553393211810487e+01
6.294810641176753961e+03 1.673327143793381566e+01
6.295610591696664414e+03 1.677503776827964543e+01
6.296410542216575777e+03 1.679460562858065131e+01
6.297210492736486231e+03 1.676164700878186409e+01
6.298010443256396684e+03 1.666167220991136944e+01
6.298810393776308047e+03 1.652938252786091766e+01
6.299610344296218500e+03 1.646603947766476850e+01
6.300410294816128953e+03 1.651150183417940198e+01
6.301210245336040316e+03 1.652659526901845410e+01
6.302010195855950769e+03 1.637789510959674999e+01
6.302810146375862132e+03 1.612926958890509965e+01
6.303610096895772585e+03 1.599896817092237811e+01
6.304410047415683039e+03 1.611708739217356268e+01
6.305209997935594401e+03 1.637537974596294177e+01
6.306009948455504855e+03 1.657732415235051704e+01
6.306809898975415308e+03 1.666662285490198414e+01
6.307609849495326671e+03 1.670684471587903630e+01
6.308409800015237124e+03 1.674135850451796159e+01
6.309209750535148487e+03 1.676274982801868063e+01
6.310009701055058940e+03 1.675115997142317070e+01
6.310809651574969394e+03 1.670004703680437785e+01
6.311609602094880756e+03 1.663460341405879106e+01
6.312409552614791210e+03 1.659272462715784258e+01
6.313209503134701663e+03 1.658566138109972599e+01
6.314009453654613026e+03 1.658715883484464371e+01
6.314809404174523479e+03 1.650627099025152944e+01
6.315609354694434842e+03 1.626301014497953901e+01
6.316409305214345295e+03 1.598923224595205994e+01
6.317209255734255748e+03 1.591959279255666537e+01
6.318009206254167111e+03 1.596189582463438228e+01
6.318809156774077564e+03 1.580464068855809856e+01
6.319609107293988927e+03 1.551724190840568518e+01
6.320409057813899381e+03 1.550160277986300272e+01
6.321209008333809834e+03 1.584313832122411192e+01
6.322008958853721197e+03 1.623209632473842134e+01
6.322808909373631650e+03 1.640363904249239368e+01
6.323608859893542103e+03 1.637086436755751606e+01
6.324408810413453466e+03 1.634338494787523288e+01
6.325208760933363919e+03 1.645130138211163384e+01
6.326008711453275282e+03 1.659741194711204670e+01
6.326808661973185735e+03 1.666963112222042298e+01
6.327608612493096189e+03 1.666213435749427418e+01
6.328408563013007551e+03 1.660608297749124063e+01
6.329208513532918005e+03 1.656325206744670453e+01
6.330008464052828458e+03 1.657310170450735853e+01
6.330808414572739821e+03 1.658081716032762642e+01
6.331608365092650274e+03 1.654546380848324105e+01
6.332408315612561637e+03 1.650801629050228669e+01
6.333208266132472090e+03 1.650410857065325843e+01
6.334008216652382544e+03 1.653496118903532874e+01
6.334808167172293906e+03 1.655761551608593152e+01
6.335608117692204360e+03 1.647083383542661394e+01
6.336408068212114813e+03 1.624501722301253892e+01
6.337208018732026176e+03 1.603117146432091999e+01
6.338007969251936629e+03 1.598743816982043242e+01
6.338807919771847992e+03 1.609636583211066352e+01
6.339607870291758445e+03 1.624194476274891485e+01
6.340407820811668898e+03 1.633884586954757268e+01
6.341207771331580261e+03 1.641653027070396575e+01
6.342007721851490714e+03 1.648909771551129211e+01
6.342807672371401168e+03 1.645195468851979470e+01
6.343607622891312531e+03 1.620531287738317516e+01
6.344407573411222984e+03 1.582828838051528031e+01
6.345207523931134347e+03 1.562339267151945776e+01
6.346007474451044800e+03 1.579877965651232508e+01
6.346807424970955253e+03 1.615698688095954338e+01
6.347607375490866616e+03 1.637765625939558944e+01
6.348407326010777069e+03 1.641618395824589527e+01
6.349207276530688432e+03 1.643057399922316719e+01
6.350007227050598885e+03 1.649889666906731378e+01
6.350807177570509339e+03 1.656299351414965315e+01
6.351607128090420701e+03 1.658076533990636392e+01
6.352407078610331155e+03 1.657652196151006763e+01
6.353207029130241608e+03 1.655796468845795033e+01
6.354006979650152971e+03 1.649217240382721883e+01
6.354806930170063424e+03 1.638036936229570273e+01
6.355606880689974787e+03 1.627602132701238347e+01
6.356406831209885240e+03 1.622272102398831706e+01
6.357206781729795694e+03 1.624325964589204929e+01
6.358006732249707056e+03 1.632124982729904872e+01
6.358806682769617510e+03 1.636281587014378758e+01
6.359606633289527963e+03 1.629659874499868266e+01
6.360406583809439326e+03 1.620111760458050654e+01
6.361206534329349779e+03 1.613295505817102793e+01
6.362006484849261142e+03 1.594392652715925962e+01
6.362806435369171595e+03 1.559435602630833095e+01
6.363606385889082048e+03 1.539102292063988386e+01
6.364406336408993411e+03 1.557603670265176099e+01
6.365206286928903864e+03 1.595389534726231417e+01
6.366006237448814318e+03 1.623000056485643228e+01
6.366806187968725681e+03 1.635847728100947762e+01
6.367606138488636134e+03 1.641157847158916283e+01
6.368406089008547497e+03 1.644347305881010612e+01
6.369206039528457950e+03 1.646778111150918633e+01
6.370005990048368403e+03 1.646285710824896498e+01
6.370805940568279766e+03 1.643099411451193248e+01
6.371605891088190219e+03 1.639780498836647382e+01
6.372405841608100673e+03 1.637980229419801503e+01
6.373205792128012035e+03 1.640130046095200100e+01
6.374005742647922489e+03 1.646372642230894456e+01
6.374805693167833851e+03 1.650806854311591465e+01
6.375605643687744305e+03 1.649528559336221889e+01
6.376405594207654758e+03 1.646144204203503847e+01
6.377205544727566121e+03 1.645717679795658483e+01
6.378005495247476574e+03 1.647406296624160404e+01
6.378805445767387937e+03 1.646420116868423733e+01
6.379605396287298390e+03 1.642360971100631062e+01
6.380405346807208844e+03 1.639359307240088981e+01
6.381205297327120206e+03 1.637635346111372669e+01
6.382005247847030660e+03 1.635227642511666701e+01
6.382805198366941113e+03 1.635729627511559414e+01
6.383605148886852476e+03 1.641024938976689285e+01
6.384405099406762929e+03 1.644603108933161906e+01
6.385205049926674292e+03 1.641887202013849389e+01
6.386005000446584745e+03 1.636845788166529303e+01
6.386804950966495198e+03 1.636097413457960670e+01
6.387604901486406561e+03 1.640955341168822201e+01
6.388404852006317014e+03 1.646846412536936910e+01
6.389204802526227468e+03 1.649882097848679052e+01
6.390004753046138831e+03 1.650494792611518946e+01
6.390804703566049284e+03 1.650504024228080979e+01
6.391604654085960647e+03 1.649787615042628985e+01
6.392404604605871100e+03 1.646119476437965545e+01
6.393204555125781553e+03 1.635526072867741476e+01
6.394004505645692916e+03 1.614250704615169951e+01
6.394804456165603369e+03 1.589562030382584723e+01
6.395604406685513823e+03 1.583363388724776755e+01
6.396404357205425185e+03 1.603465394348435780e+01
6.397204307725335639e+03 1.628455443302398464e+01
6.398004258245247001e+03 1.641002846770832591e+01
6.398804208765157455e+03 1.642513147174441102e+01
6.399604159285067908e+03 1.633900530816871211e+01
6.400404109804979271e+03 1.608035596318795868e+01
6.401204060324889724e+03 1.571065799751895042e+01
6.402004010844800177e+03 1.556992734372573395e+01
6.402803961364711540e+03 1.583385654152805699e+01
6.403603911884621994e+03 1.619834548869075519e+01
6.404403862404533356e+03 1.638623608621315242e+01
6.405203812924443810e+03 1.643119890390509852e+01
6.406003763444354263e+03 1.643506665869984218e+01
6.406803713964265626e+03 1.642225738871096041e+01
6.407603664484176079e+03 1.635235439535535917e+01
6.408403615004087442e+03 1.618256566753941073e+01
6.409203565523997895e+03 1.598844210015843714e+01
6.410003516043908348e+03 1.595335655930494312e+01
6.410803466563819711e+03 1.609320861099997302e+01
6.411603417083730164e+03 1.616647385320996477e+01
6.412403367603640618e+03 1.602506915372892493e+01
6.413203318123551981e+03 1.585405912849751786e+01
6.414003268643462434e+03 1.589654607374779793e+01
6.414803219163373797e+03 1.607023434676384355e+01
6.415603169683284250e+03 1.615141533732195356e+01
6.416403120203194703e+03 1.613505786464053671e+01
6.417203070723106066e+03 1.613083723491360644e+01
6.418003021243016519e+03 1.614613719250749924e+01
6.418802971762926973e+03 1.616857952456022574e+01
6.419602922282838335e+03 1.619626259867919416e+01
6.420402872802748789e+03 1.613926024711491891e+01
6.421202823322660151e+03 1.594465776753065356e+01
6.422002773842570605e+03 1.572340251189826077e+01
6.422802724362481058e+03 1.565508266279626071e+01
6.423602674882392421e+03 1.581759745752798096e+01
6.424402625402302874e+03 1.608563612105779583e+01
6.425202575922213327e+03 1.626424289593319372e+01
6.426002526442124690e+03 1.630981722966030745e+01
6.426802476962035144e+03 1.630437423788646356e+01
6.427602427481946506e+03 1.630697913634064022e+01
6.428402378001856960e+03 1.632072841373043204e+01
6.429202328521767413e+03 1.633216987837259282e+01
6.430002279041678776e+03 1.630826437576300947e+01
6.430802229561589229e+03 1.618485830808964465e+01
6.431602180081499682e+03 1.594781921459808061e+01
6.432402130601411045e+03 1.575768258388051635e+01
6.433202081121321498e+03 1.578655500187739413e+01
6.434002031641232861e+03 1.595211625548834355e+01
6.434801982161143314e+03 1.610129624588793718e+01
6.435601932681053768e+03 1.620764522046718170e+01
6.436401883200965131e+03 1.627389582303418791e+01
6.437201833720875584e+03 1.628972895493427941e+01
6.438001784240786037e+03 1.624956907820870811e+01
6.438801734760697400e+03 1.609773023371303324e+01
6.439601685280607853e+03 1.576271622342301626e+01
6.440401635800519216e+03 1.540084561269116392e+01
6.441201586320429669e+03 1.536807669575874336e+01
6.442001536840340123e+03 1.569824617882475515e+01
6.442801487360251485e+03 1.603538286142519809e+01
6.443601437880161939e+03 1.617427027207255463e+01
6.444401388400073301e+03 1.619863280635664182e+01
6.445201338919983755e+03 1.622084933550349106e+01
6.446001289439894208e+03 1.625617325007135605e+01
6.446801239959805571e+03 1.627923153269516732e+01
6.447601190479716024e+03 1.628227753585683502e+01
6.448401140999626477e+03 1.626953711925537505e+01
6.449201091519537840e+03 1.622682482235383006e+01
6.450001042039448294e+03 1.608798474734979322e+01
6.450800992559359656e+03 1.582155935357303278e+01
6.451600943079270110e+03 1.561267845818787947e+01
6.452400893599180563e+03 1.566951294446045395e+01
6.453200844119091926e+03 1.589094855060460354e+01
6.454000794639002379e+03 1.607789326392035889e+01
6.454800745158912832e+03 1.616305151141710894e+01
6.455600695678824195e+03 1.612578235540666327e+01
6.456400646198734648e+03 1.596526768279403541e+01
6.457200596718646011e+03 1.578673474883600925e+01
6.458000547238556464e+03 1.576053189957794665e+01
6.458800497758466918e+03 1.591566387411675265e+01
6.459600448278378281e+03 1.610403819359910926e+01
6.460400398798288734e+03 1.620484654210467923e+01
6.461200349318199187e+03 1.620660694316919503e+01
6.462000299838110550e+03 1.609991936990601857e+01
6.462800250358021003e+03 1.581301403171731579e+01
6.463600200877932366e+03 1.537754602155210293e+01
6.464400151397842819e+03 1.514729785394423800e+01
6.465200101917753273e+03 1.539809604838078982e+01
6.466000052437664635e+03 1.583702438252484157e+01
6.466800002957575089e+03 1.609677229743005000e+01
6.467599953477485542e+03 1.615870341865715432e+01
6.468399903997396905e+03 1.613817057236487074e+01
6.469199854517307358e+03 1.610090199939629940e+01
6.469999805037218721e+03 1.605318877517424525e+01
6.470799755557129174e+03 1.600395046788815279e+01
6.471599706077039627e+03 1.595319242843919483e+01
6.472399656596950990e+03 1.584780586129639346e+01
6.473199607116861444e+03 1.574959315685940808e+01
6.473999557636772806e+03 1.581200721460856329e+01
6.474799508156683260e+03 1.597921796671582229e+01
6.475599458676593713e+03 1.606209250002312672e+01
6.476399409196505076e+03 1.601541547490462847e+01
6.477199359716415529e+03 1.595948875812619505e+01
6.477999310236325982e+03 1.599610301064400275e+01
6.478799260756237345e+03 1.608011283848766482e+01
6.479599211276147798e+03 1.613367323048488444e+01
6.480399161796059161e+03 1.615462560375066658e+01
6.481199112315969614e+03 1.615379302189594313e+01
6.481999062835880068e+03 1.609758404678913024e+01
6.482799013355791431e+03 1.595738828369443496e+01
6.483598963875701884e+03 1.580902222968068571e+01
6.484398914395612337e+03 1.578674951657016479e+01
6.485198864915523700e+03 1.589779253556880434e+01
6.485998815435434153e+03 1.603137647204116334e+01
6.486798765955345516e+03 1.611452416572925372e+01
6.487598716475255969e+03 1.614678557766747247e+01
6.488398666995166423e+03 1.615413786789109452e+01
6.489198617515077785e+03 1.615529721872265867e+01
6.489998568034988239e+03 1.615003934897917759e+01
6.490798518554898692e+03 1.612641776664699833e+01
6.491598469074810055e+03 1.606261540294018175e+01
6.492398419594720508e+03 1.594980886676453125e+01
6.493198370114631871e+03 1.581750576294258259e+01
6.493998320634542324e+03 1.562650930657175152e+01
6.494798271154452777e+03 1.525515855935348597e+01
6.495598221674364140e+03 1.481301706926063133e+01
6.496398172194274593e+03 1.461036559053598793e+01
6.497198122714185047e+03 1.470584164628258783e+01
6.497998073234096410e+03 1.492893343198932854e+01
6.498798023754006863e+03 1.518918903441260859e+01
6.499597974273918226e+03 1.541531551350460916e+01
6.500397924793828679e+03 1.547792018052087570e+01
6.501197875313739132e+03 1.547399141087618801e+01
6.501997825833650495e+03 1.561539273235996106e+01
6.502797776353560948e+03 1.584359091676389220e+01
6.503597726873472311e+03 1.597692823087279024e+01
6.504397677393382764e+03 1.595980551786419355e+01
6.505197627913293218e+03 1.584705833665480768e+01
6.505997578433204581e+03 1.577623508258451679e+01
6.506797528953115034e+03 1.584566830488862621e+01
6.507597479473025487e+03 1.597107991438225483e+01
6.508397429992936850e+03 1.603655993918025757e+01
6.509197380512847303e+03 1.602779939647280116e+01
6.509997331032758666e+03 1.598353255569439213e+01
6.510797281552669119e+03 1.595702371719828250e+01
6.511597232072579573e+03 1.597614998881089221e+01
6.512397182592490935e+03 1.601350290847996050e+01
6.513197133112401389e+03 1.603537098300658670e+01
6.513997083632311842e+03 1.603852146233768394e+01
6.514797034152223205e+03 1.603231821824669368e+01
6.515596984672133658e+03 1.601456016674751481e+01
6.516396935192045021e+03 1.596613006017433278e+01
6.517196885711955474e+03 1.588743892236034583e+01
6.517996836231865927e+03 1.583036855211664751e+01
6.518796786751777290e+03 1.581109665753721671e+01
6.519596737271687743e+03 1.577649792253026639e+01
6.520396687791598197e+03 1.575520234516088891e+01
6.521196638311509560e+03 1.581760827306245787e+01
6.521996588831420013e+03 1.591558764184844144e+01
6.522796539351331376e+03 1.597026477116580523e+01
6.523596489871241829e+03 1.598048630630838574e+01
6.524396440391152282e+03 1.597880920129004778e+01
6.525196390911063645e+03 1.598040344485311337e+01
6.525996341430974098e+03 1.597644885312920771e+01
6.526796291950884552e+03 1.594015717102576701e+01
6.527596242470795914e+03 1.585935458908466700e+01
6.528396192990706368e+03 1.578750572287196263e+01
6.529196143510617730e+03 1.579633671786175242e+01
6.529996094030528184e+03 1.586565938725117775e+01
6.530796044550438637e+03 1.592267289216235682e+01
6.531595995070350000e+03 1.594014225316205113e+01
6.532395945590260453e+03 1.592587203078876534e+01
6.533195896110170906e+03 1.588989268168073465e+01
6.533995846630082269e+03 1.584064398974262033e+01
6.534795797149992723e+03 1.579527697345486459e+01
6.535595747669904085e+03 1.578847979928656287e+01
6.536395698189814539e+03 1.582640849591668086e+01
6.537195648709724992e+03 1.586551403826261364e+01
6.537995599229636355e+03 1.586717991158047880e+01
6.538795549749546808e+03 1.582344090735010234e+01
6.539595500269458171e+03 1.575043358160472451e+01
6.540395450789368624e+03 1.570096547112555641e+01
6.541195401309279077e+03 1.572047111022641630e+01
6.541995351829190440e+03 1.577221265511019688e+01
6.542795302349100893e+03 1.579643590463655300e+01
6.543595252869011347e+03 1.579852578127687934e+01
6.544395203388922710e+03 1.580235660924724250e+01
6.545195153908833163e+03 1.579222105151825772e+01
6.545995104428744526e+03 1.572158517558256818e+01
6.546795054948654979e+03 1.555165564231958797e+01
6.547595005468565432e+03 1.534697168313428506e+01
6.548394955988476795e+03 1.527102592625371003e+01
6.549194906508387248e+03 1.537467556327850104e+01
6.549994857028297702e+03 1.553013429532264666e+01
6.550794807548209064e+03 1.561725583868826917e+01
6.551594758068119518e+03 1.561808902896587270e+01
6.552394708588030880e+03 1.557211097009026091e+01
6.553194659107941334e+03 1.552386001904888602e+01
6.553994609627851787e+03 1.548097580817868391e+01
6.554794560147763150e+03 1.540974418873111595e+01
6.555594510667673603e+03 1.528452037915833905e+01
6.556394461187584056e+03 1.512506919988810239e+01
6.557194411707495419e+03 1.498488267503709714e+01
6.557994362227405873e+03 1.490195427565673114e+01
6.558794312747317235e+03 1.483803565092842192e+01
6.559594263267227689e+03 1.470256423828339898e+01
6.560394213787138142e+03 1.443081272557462746e+01
6.561194164307049505e+03 1.400253858049898881e+01
6.561994114826959958e+03 1.335926133952857953e+01
6.562794065346870411e+03 1.234047872941122748e+01
6.563594015866781774e+03 1.100604347300679464e+01
6.564393966386692227e+03 1.007732932748540478e+01
6.565193916906603590e+03 1.035440695235173258e+01
6.565993867426514043e+03 1.161191242410540703e+01
6.566793817946424497e+03 1.292496975988995800e+01
6.567593768466335860e+03 1.379828634081181526e+01
6.568393718986246313e+03 1.430121740732503355e+01
6.569193669506157676e+03 1.458017210008365439e+01
6.569993620026068129e+03 1.470687557005461166e+01
6.570793570545978582e+03 1.478539440245345915e+01
6.571593521065889945e+03 1.492341069975000778e+01
6.572393471585800398e+03 1.509359232852346189e+01
6.573193422105710852e+03 1.520067388817518506e+01
6.573993372625622214e+03 1.522490605235066496e+01
6.574793323145532668e+03 1.521357747824896123e+01
6.575593273665444030e+03 1.520119322080924817e+01
6.576393224185354484e+03 1.521444085394145063e+01
6.577193174705264937e+03 1.530153551343099494e+01
6.577993125225176300e+03 1.544701055296489756e+01
6.578793075745086753e+03 1.556995351492112434e+01
6.579593026264997206e+03 1.563401427222045470e+01
6.580392976784908569e+03 1.565472162974723958e+01
6.581192927304819023e+03 1.564804546327668078e+01
6.581992877824730385e+03 1.562832663523904841e+01
6.582792828344640839e+03 1.562009729428535110e+01
6.583592778864551292e+03 1.563443654877125510e+01
6.584392729384462655e+03 1.565107067768401805e+01
6.585192679904373108e+03 1.565610291361096884e+01
6.585992630424283561e+03 1.565481222476338985e+01
6.586792580944194924e+03 1.563622996524891562e+01
6.587592531464105377e+03 1.559943480670587590e+01
6.588392481984016740e+03 1.559126558001269736e+01
6.589192432503927193e+03 1.563518512138465510e+01
6.589992383023837647e+03 1.568910951596205550e+01
6.590792333543749010e+03 1.571899013119334043e+01
6.591592284063659463e+03 1.571867902104229309e+01
6.592392234583569916e+03 1.566192182590656401e+01
6.593192185103481279e+03 1.548881206486928974e+01
6.593992135623391732e+03 1.519469627822960689e+01
6.594792086143303095e+03 1.496487895653033817e+01
6.595592036663213548e+03 1.501867036359480778e+01
6.596391987183124002e+03 1.525902192764355547e+01
6.597191937703035364e+03 1.524774741346961093e+01
6.597991888222945818e+03 1.427724669427707127e+01
6.598791838742857180e+03 1.167724424515763104e+01
6.599591789262767634e+03 7.997215712212838667e+00
6.600391739782678087e+03 5.818780426091190172e+00
6.601191690302589450e+03 7.328051970169061846e+00
6.601991640822499903e+03 1.106606817577061008e+01
6.602791591342410356e+03 1.409732496231636212e+01
6.603591541862321719e+03 1.539585996726201245e+01
6.604391492382232173e+03 1.568305947259813493e+01
6.605191442902143535e+03 1.568914069575364323e+01
6.605991393422053989e+03 1.565276340660672716e+01
6.606791343941964442e+03 1.563224122164238139e+01
6.607591294461875805e+03 1.563403066503966699e+01
6.608391244981786258e+03 1.562504569396753951e+01
6.609191195501696711e+03 1.556282163895779291e+01
6.609991146021608074e+03 1.544318489913488790e+01
6.610791096541518527e+03 1.535484074181222880e+01
6.611591047061429890e+03 1.540313807725522821e+01
6.612390997581340343e+03 1.554851473367725134e+01
6.613190948101250797e+03 1.566441566162959731e+01
6.613990898621162160e+03 1.570458153373731491e+01
6.614790849141072613e+03 1.570112321554226043e+01
6.615590799660983066e+03 1.569347982068783054e+01
6.616390750180894429e+03 1.569974935088135837e+01
6.617190700700804882e+03 1.570811947241612394e+01
6.617990651220716245e+03 1.570220562645605078e+01
6.618790601740626698e+03 1.568675529753052089e+01
6.619590552260537152e+03 1.567626425929109146e+01
6.620390502780448514e+03 1.567418718163094127e+01
6.621190453300358968e+03 1.567661928686404949e+01
6.621990403820269421e+03 1.568177847926306612e+01
6.622790354340180784e+03 1.568736849480087514e+01
6.623590304860091237e+03 1.568976865836962808e+01
6.624390255380002600e+03 1.568038178932172855e+01
6.625190205899913053e+03 1.565046679249660500e+01
6.625990156419823506e+03 1.561100312775251098e+01
6.626790106939734869e+03 1.559467907981947477e+01
6.627590057459645323e+03 1.560871641915819019e+01
6.628390007979555776e+03 1.561699798969622144e+01
6.629189958499467139e+03 1.560971126717269897e+01
6.629989909019377592e+03 1.560988550890277793e+01
6.630789859539288955e+03 1.560698848176002684e+01
6.631589810059199408e+03 1.557589089578162245e+01
6.632389760579109861e+03 1.552720039023624565e+01
6.633189711099021224e+03 1.548167508114268287e+01
6.633989661618931677e+03 1.541829512150232340e+01
6.634789612138843040e+03 1.531315761946415499e+01
6.635589562658753493e+03 1.523800217844990357e+01
6.636389513178663947e+03 1.527897841349335195e+01
6.637189463698575310e+03 1.539443368349325603e+01
6.637989414218485763e+03 1.550620156751842060e+01
6.638789364738396216e+03 1.558134854346616471e+01
6.639589315258307579e+03 1.560414726427296372e+01
6.640389265778218032e+03 1.556880775383023519e+01
6.641189216298129395e+03 1.551057956179281305e+01
6.641989166818039848e+03 1.549530164095843787e+01
6.642789117337950302e+03 1.552832693951464194e+01
6.643589067857861664e+03 1.552508792054034537e+01
6.644389018377772118e+03 1.542716334278208912e+01
6.645188968897682571e+03 1.531786480482879398e+01
6.645988919417593934e+03 1.532324658738023437e+01
6.646788869937504387e+03 1.542314719867194661e+01
6.647588820457415750e+03 1.551031604497569560e+01
6.648388770977326203e+03 1.553751633271599886e+01
6.649188721497236656e+03 1.552826161905154478e+01
6.649988672017148019e+03 1.552907737980858016e+01
6.650788622537058473e+03 1.555891163467648397e+01
6.651588573056968926e+03 1.559005016037864699e+01
6.652388523576880289e+03 1.559443936452003321e+01
6.653188474096790742e+03 1.557512710263668865e+01
6.653988424616702105e+03 1.555369430766938166e+01
6.654788375136612558e+03 1.554362819388924777e+01
6.655588325656523011e+03 1.554024848052241481e+01
6.656388276176434374e+03 1.553987409418666843e+01
6.657188226696344827e+03 1.554485291872368080e+01
6.657988177216255281e+03 1.555462942298569295e+01
6.658788127736166643e+03 1.556521147020076157e+01
6.659588078256077097e+03 1.557413275863880031e+01
6.660388028775988460e+03 1.557620635144354893e+01
6.661187979295898913e+03 1.556161800552157715e+01
6.661987929815809366e+03 1.552490164917472271e+01
6.662787880335720729e+03 1.546583845772896737e+01
6.663587830855631182e+03 1.535464518728799810e+01
6.664387781375542545e+03 1.517294239275346257e+01
6.665187731895452998e+03 1.504835986811876936e+01
6.665987682415363452e+03 1.510478258483306746e+01
6.666787632935274814e+03 1.523298903456949738e+01
6.667587583455185268e+03 1.530013107416556295e+01
6.668387533975095721e+03 1.532272254320912630e+01
6.669187484495007084e+03 1.535705836505389676e+01
6.669987435014917537e+03 1.541069854131821160e+01
6.670787385534828900e+03 1.546281242473807893e+01
6.671587336054739353e+03 1.550122840272716829e+01
6.672387286574649806e+03 1.552267486759573245e+01
6.673187237094561169e+03 1.552790359385280716e+01
6.673987187614471623e+03 1.552459311203764614e+01
6.674787138134382076e+03 1.552117393574293125e+01
6.675587088654293439e+03 1.552046432257882813e+01
6.676387039174203892e+03 1.551760858246609942e+01
6.677186989694115255e+03 1.548628785977072475e+01
6.677986940214025708e+03 1.536238620307583069e+01
6.678786890733936161e+03 1.512053553938562089e+01
6.679586841253847524e+03 1.492519836647795017e+01
6.680386791773757977e+03 1.497927433017559906e+01
6.681186742293668431e+03 1.519851892638388158e+01
6.681986692813579793e+03 1.537008415063515443e+01
6.682786643333490247e+03 1.544324017118683479e+01
6.683586593853401610e+03 1.546583179694521348e+01
6.684386544373312063e+03 1.547132074566817828e+01
6.685186494893222516e+03 1.547639909291444127e+01
6.685986445413133879e+03 1.548420907334544694e+01
6.686786395933044332e+03 1.548829950499638919e+01
6.687586346452954785e+03 1.548249488251251904e+01
6.688386296972866148e+03 1.546405139960579689e+01
6.689186247492776602e+03 1.544558434114466294e+01
6.689986198012687964e+03 1.544561742217913647e+01
6.690786148532598418e+03 1.545637715513018939e+01
6.691586099052508871e+03 1.545271480153167509e+01
6.692386049572420234e+03 1.542497901465968724e+01
6.693186000092330687e+03 1.538980085725745894e+01
6.693985950612242050e+03 1.537640253932772083e+01
6.694785901132152503e+03 1.539255822118026096e+01
6.695585851652062956e+03 1.540216025813470502e+01
6.696385802171974319e+03 1.535853087081007295e+01
6.697185752691884773e+03 1.526526441669351719e+01
6.697985703211795226e+03 1.520297640300029407e+01
6.698785653731706589e+03 1.522823306869123883e+01
6.699585604251617042e+03 1.527963993624422301e+01
6.700385554771528405e+03 1.530830237771160185e+01
6.701185505291438858e+03 1.534519673779255911e+01
6.701985455811349311e+03 1.539317365451923081e+01
6.702785406331260674e+03 1.541848557738998338e+01
6.703585356851171127e+03 1.540585211328681048e+01
6.704385307371081581e+03 1.535654508620588743e+01
6.705185257890992943e+03 1.529355449189062810e+01
6.705985208410903397e+03 1.525593627027391896e+01
6.706785158930814760e+03 1.525885385646233416e+01
6.707585109450725213e+03 1.528046161597816877e+01
6.708385059970635666e+03 1.527812041045968883e+01
6.709185010490547029e+03 1.524702187507181250e+01
6.709984961010457482e+03 1.524002631796205165e+01
6.710784911530367935e+03 1.527589278933478312e+01
6.711584862050279298e+03 1.529887930547354280e+01
6.712384812570189752e+03 1.526498498503039158e+01
6.713184763090101114e+03 1.516671766973928115e+01
6.713984713610011568e+03 1.503802751583722497e+01
6.714784664129922021e+03 1.498781277522209265e+01
6.715584614649833384e+03 1.506717299679038646e+01
6.716384565169743837e+03 1.516010208708220830e+01
6.717184515689654290e+03 1.515664882159184934e+01
6.717984466209565653e+03 1.505901103659356188e+01
6.718784416729476106e+03 1.492442838095952773e+01
6.719584367249387469e+03 1.488806449853524327e+01
6.720384317769297922e+03 1.503561914583233516e+01
6.721184268289208376e+03 1.522627458021910840e+01
6.721984218809119739e+03 1.530790723690596167e+01
6.722784169329030192e+03 1.529367690837155536e+01
6.723584119848940645e+03 1.526530218565444486e+01
6.724384070368852008e+03 1.526455826170659158e+01
6.725184020888762461e+03 1.527117683244456714e+01
6.725983971408673824e+03 1.526115208746387708e+01
6.726783921928584277e+03 1.523036843811957297e+01
6.727583872448494731e+03 1.518248779629192668e+01
6.728383822968406093e+03 1.516153299704874691e+01
6.729183773488316547e+03 1.520743538361704594e+01
6.729983724008227910e+03 1.527431949087163332e+01
6.730783674528138363e+03 1.530074481548354903e+01
6.731583625048048816e+03 1.529063932090702593e+01
6.732383575567960179e+03 1.527940639108919996e+01
6.733183526087870632e+03 1.527442017632072790e+01
6.733983476607781085e+03 1.526064917903904217e+01
6.734783427127692448e+03 1.524752557533099129e+01
6.735583377647602902e+03 1.525486688236178168e+01
6.736383328167514264e+03 1.527221634279206697e+01
6.737183278687424718e+03 1.527652857235498907e+01
6.737983229207335171e+03 1.526163505644312579e+01
6.738783179727246534e+03 1.523759436242911747e+01
6.739583130247156987e+03 1.521766527918493139e+01
6.740383080767067440e+03 1.520844330240405462e+01
6.741183031286978803e+03 1.521403602278586931e+01
6.741982981806889256e+03 1.523051975548938586e+01
6.742782932326800619e+03 1.523328107194576830e+01
6.743582882846711072e+03 1.520712424947327435e+01
6.744382833366621526e+03 1.516892059718611030e+01
6.745182783886532889e+03 1.515244307464372575e+01
6.745982734406443342e+03 1.517070381581769212e+01
6.746782684926353795e+03 1.519720916422655499e+01
6.747582635446265158e+03 1.521107141782615102e+01
6.748382585966175611e+03 1.521088806866497833e+01
6.749182536486086974e+03 1.519234885032124538e+01
6.749982487005997427e+03 1.514249788887000392e+01
6.750782437525907881e+03 1.505587563369622117e+01
6.751582388045819243e+03 1.497882682312561364e+01
6.752382338565729697e+03 1.498568682925055384e+01
6.753182289085640150e+03 1.505634905537891122e+01
6.753982239605551513e+03 1.509720907997698802e+01
6.754782190125461966e+03 1.510539865734187615e+01
6.755582140645373329e+03 1.514023446132116391e+01
6.756382091165283782e+03 1.519127903011849057e+01
6.757182041685194235e+03 1.520735389322238618e+01
6.757981992205105598e+03 1.518021454964582873e+01
6.758781942725016052e+03 1.515205793736587836e+01
6.759581893244927414e+03 1.515849968925826374e+01
6.760381843764837868e+03 1.518437052309295154e+01
6.761181794284748321e+03 1.520110935107605243e+01
6.761981744804659684e+03 1.520196425019078923e+01
6.762781695324570137e+03 1.519127253653909548e+01
6.763581645844480590e+03 1.518149262734747396e+01
6.764381596364391953e+03 1.518243329382883999e+01
6.765181546884302406e+03 1.518076929279911269e+01
6.765981497404213769e+03 1.515177877930473649e+01
6.766781447924124222e+03 1.509892282529562024e+01
6.767581398444034676e+03 1.504722830477583173e+01
6.768381348963946039e+03 1.498940767726251266e+01
6.769181299483856492e+03 1.492737821659250486e+01
6.769981250003766945e+03 1.493571000446650388e+01
6.770781200523678308e+03 1.502851084665127246e+01
6.771581151043588761e+03 1.510110071132593390e+01
6.772381101563500124e+03 1.508929165634274838e+01
6.773181052083410577e+03 1.503021959812941155e+01
6.773981002603321031e+03 1.500135594856893384e+01
6.774780953123232393e+03 1.503843420523381624e+01
6.775580903643142847e+03 1.508683950227793247e+01
6.776380854163053300e+03 1.509370281754998899e+01
6.777180804682964663e+03 1.508896968679945516e+01
6.777980755202875116e+03 1.510829518338503163e+01
6.778780705722786479e+03 1.512707184155408768e+01
6.779580656242696932e+03 1.511892964416736085e+01
6.780380606762607385e+03 1.509865973630779479e+01
6.781180557282518748e+03 1.508776884110742245e+01
6.781980507802429202e+03 1.508682416579522290e+01
6.782780458322339655e+03 1.507716871835985728e+01
6.783580408842251018e+03 1.502457725456202553e+01
6.784380359362161471e+03 1.492552195186348030e+01
6.785180309882072834e+03 1.485167394771066185e+01
6.785980260401983287e+03 1.486509352362356573e+01
6.786780210921893740e+03 1.492712256448587738e+01
6.787580161441805103e+03 1.497805774846523263e+01
6.788380111961715556e+03 1.501479687192304624e+01
6.789180062481626919e+03 1.505588400374712421e+01
6.789980013001537372e+03 1.509390481125376837e+01
6.790779963521447826e+03 1.510646372507900992e+01
6.791579914041359189e+03 1.509303740707104780e+01
6.792379864561269642e+03 1.508038913533121317e+01
6.793179815081180095e+03 1.508726780721759830e+01
6.793979765601091458e+03 1.509739152981466859e+01
6.794779716121001911e+03 1.509355962395310868e+01
6.795579666640913274e+03 1.508010810879838814e+01
6.796379617160823727e+03 1.505693917884078203e+01
6.797179567680734181e+03 1.502482522153214539e+01
6.797979518200645543e+03 1.500875276325978191e+01
6.798779468720555997e+03 1.501480803102472628e+01
6.799579419240466450e+03 1.500203550165806732e+01
6.800379369760377813e+03 1.496500019556446404e+01
6.801179320280288266e+03 1.495272901017660416e+01
6.801979270800199629e+03 1.497438853241538048e+01
6.802779221320110082e+03 1.499613908593892653e+01
6.803579171840020535e+03 1.500705695597228129e+01
6.804379122359931898e+03 1.500726449305010846e+01
6.805179072879842352e+03 1.499209820271562421e+01
6.805979023399752805e+03 1.498095184031756943e+01
6.806778973919664168e+03 1.498692493714588281e+01
6.807578924439574621e+03 1.498286415470847643e+01
6.808378874959485984e+03 1.496901146752505518e+01
6.809178825479396437e+03 1.498308362886814038e+01
6.809978775999306890e+03 1.501321792439252434e+01
6.810778726519218253e+03 1.500537132617194658e+01
6.811578677039128706e+03 1.496032830766062283e+01
6.812378627559039160e+03 1.494355554519023066e+01
6.813178578078950522e+03 1.497823300798882684e+01
6.813978528598860976e+03 1.500348159298081541e+01
6.814778479118772339e+03 1.497445497647110102e+01
6.815578429638682792e+03 1.492249668155847608e+01
6.816378380158593245e+03 1.490463364114054734e+01
6.817178330678504608e+03 1.493768544065653714e+01
6.817978281198415061e+03 1.499089034881833271e+01
6.818778231718325515e+03 1.502499567599442543e+01
6.819578182238236877e+03 1.502778703662973570e+01
6.820378132758147331e+03 1.500003692170623282e+01
6.821178083278058693e+03 1.494307781112952505e+01
6.821978033797969147e+03 1.488622335039940658e+01
6.822777984317879600e+03 1.487747637222980401e+01
6.823577934837790963e+03 1.492372588489659080e+01
6.824377885357701416e+03 1.498340602801916788e+01
6.825177835877612779e+03 1.501757856725349782e+01
6.825977786397523232e+03 1.501881009294012159e+01
6.826777736917433685e+03 1.500253226871045698e+01
6.827577687437345048e+03 1.498291879271538640e+01
6.828377637957255502e+03 1.494488698533693594e+01
6.829177588477165955e+03 1.486334698930990150e+01
6.829977538997077318e+03 1.477889747636825746e+01
6.830777489516987771e+03 1.477867097233563598e+01
6.831577440036899134e+03 1.486101413273869554e+01
6.832377390556809587e+03 1.493944486421774265e+01
6.833177341076720040e+03 1.497375361146513129e+01
6.833977291596631403e+03 1.498012480312122108e+01
6.834777242116541856e+03 1.497944920723821483e+01
6.835577192636452310e+03 1.498372813176019491e+01
6.836377143156363672e+03 1.498988390186465125e+01
6.837177093676274126e+03 1.498375662951737297e+01
6.837977044196185489e+03 1.496186856916712671e+01
6.838776994716095942e+03 1.494213758145261650e+01
6.839576945236006395e+03 1.493299750597475750e+01
6.840376895755917758e+03 1.490390138060667979e+01
6.841176846275828211e+03 1.481965330544477411e+01
6.841976796795738665e+03 1.468201486645769371e+01
6.842776747315650027e+03 1.454516636761596970e+01
6.843576697835560481e+03 1.448604506256040025e+01
6.844376648355471843e+03 1.451959118013991201e+01
6.845176598875382297e+03 1.460425460687306654e+01
6.845976549395292750e+03 1.471853617643997225e+01
6.846776499915204113e+03 1.483647111163810806e+01
6.847576450435114566e+03 1.491177121676352613e+01
6.848376400955025019e+03 1.493346182721341364e+01
6.849176351474936382e+03 1.492652898120116234e+01
6.849976301994846835e+03 1.491486625357631368e+01
6.850776252514758198e+03 1.490815614906751918e+01
6.851576203034668652e+03 1.490391428391740369e+01
6.852376153554579105e+03 1.489972287390110139e+01
6.853176104074490468e+03 1.490167083923502034e+01
6.853976054594400921e+03 1.490603937898962528e+01
6.854776005114312284e+03 1.487930204777245891e+01
6.855575955634222737e+03 1.474555835117294045e+01
6.856375906154133190e+03 1.430049273915851238e+01
6.857175856674044553e+03 1.295665247380317631e+01
6.857975807193955006e+03 1.017198403662780137e+01
6.858775757713865460e+03 6.980209268316723836e+00
6.859575708233776822e+03 5.922985855442112424e+00
6.860375658753687276e+03 8.073746741132746152e+00
6.861175609273598639e+03 1.131323136743040436e+01
6.861975559793509092e+03 1.347968245322757674e+01
6.862775510313419545e+03 1.435663858485570543e+01
6.863575460833330908e+03 1.459315438702928702e+01
6.864375411353241361e+03 1.469016870597794977e+01
6.865175361873151815e+03 1.477945490229233627e+01
6.865975312393063177e+03 1.484305195422737178e+01
6.866775262912973631e+03 1.487344350336950960e+01
6.867575213432884993e+03 1.487976728457565301e+01
6.868375163952795447e+03 1.487102039604592818e+01
6.869175114472705900e+03 1.486002120732783283e+01
6.869975064992617263e+03 1.485687802697580295e+01
6.870775015512527716e+03 1.485704204911114701e+01
6.871574966032438169e+03 1.485480725536938706e+01
6.872374916552349532e+03 1.484691055692918482e+01
6.873174867072259985e+03 1.482657980617251781e+01
6.873974817592171348e+03 1.480347680478032935e+01
6.874774768112081802e+03 1.480074139551981283e+01
6.875574718631992255e+03 1.481296869641550629e+01
6.876374669151903618e+03 1.481388439477746743e+01
6.877174619671814071e+03 1.480039512130866086e+01
6.877974570191724524e+03 1.479619337664566103e+01
6.878774520711635887e+03 1.481322048550225290e+01
6.879574471231546340e+03 1.483474739362097239e+01
6.880374421751457703e+03 1.484028680885686313e+01
6.881174372271368156e+03 1.482009712827474956e+01
6.881974322791278610e+03 1.476584130937720296e+01
6.882774273311189972e+03 1.467593259198357813e+01
6.883574223831100426e+03 1.457994812459701350e+01
6.884374174351011789e+03 1.454199770129792668e+01
6.885174124870922242e+03 1.459786606907346496e+01
6.885974075390832695e+03 1.468733145504189075e+01
6.886774025910744058e+03 1.471910475533655749e+01
6.887573976430654511e+03 1.469107535222258321e+01
6.888373926950564964e+03 1.466270487236644726e+01
6.889173877470476327e+03 1.466561171548091558e+01
6.889973827990386781e+03 1.470311118925753391e+01
6.890773778510298143e+03 1.475601767755016347e+01
6.891573729030208597e+03 1.479376330554543806e+01
6.892373679550119050e+03 1.481111802296237023e+01
6.893173630070030413e+03 1.481762085695432063e+01
6.893973580589940866e+03 1.481522540835521440e+01
6.894773531109851319e+03 1.479861803524886810e+01
6.895573481629762682e+03 1.476142798891230967e+01
6.896373432149673135e+03 1.471949036092819441e+01
6.897173382669584498e+03 1.471158836573509454e+01
6.897973333189494952e+03 1.474148148162054817e+01
6.898773283709405405e+03 1.476541059933363620e+01
6.899573234229316768e+03 1.476067550876081924e+01
6.900373184749227221e+03 1.475129163222427309e+01
6.901173135269137674e+03 1.475947602429235062e+01
6.901973085789049037e+03 1.477389154478855815e+01
6.902773036308959490e+03 1.477694891303744740e+01
6.903572986828870853e+03 1.476918870567987696e+01
6.904372937348781306e+03 1.476199278582043029e+01
6.905172887868691760e+03 1.475890026864164639e+01
6.905972838388603122e+03 1.474507569832406162e+01
6.906772788908513576e+03 1.470599163551889355e+01
6.907572739428424029e+03 1.465999188750940618e+01
6.908372689948335392e+03 1.464811821215374366e+01
6.909172640468245845e+03 1.467984373713699320e+01
6.909972590988157208e+03 1.472176875938592033e+01
6.910772541508067661e+03 1.474187256687969239e+01
6.911572492027978114e+03 1.472667943967049275e+01
6.912372442547889477e+03 1.467542586517230063e+01
6.913172393067799931e+03 1.461831442400279357e+01
6.913972343587710384e+03 1.459421356192211405e+01
6.914772294107621747e+03 1.456970920216840426e+01
6.915572244627532200e+03 1.448877894078661299e+01
6.916372195147443563e+03 1.441567759592973985e+01
6.917172145667354016e+03 1.442907844878611101e+01
6.917972096187264469e+03 1.447099536405134046e+01
6.918772046707175832e+03 1.449898959443802049e+01
6.919571997227086285e+03 1.454466341423540143e+01
6.920371947746997648e+03 1.459695514560614704e+01
6.921171898266908102e+03 1.461867180210149542e+01
6.921971848786818555e+03 1.459806100796924078e+01
6.922771799306729918e+03 1.457555080767670574e+01
6.923571749826640371e+03 1.459549652605221404e+01
6.924371700346550824e+03 1.461380768876918523e+01
6.925171650866462187e+03 1.456452357035622569e+01
6.925971601386372640e+03 1.447647081278206471e+01
6.926771551906284003e+03 1.443053964734363603e+01
6.927571502426194456e+03 1.445776910809281013e+01
6.928371452946104910e+03 1.453351336441773256e+01
6.929171403466016272e+03 1.460619642742209479e+01
6.929971353985926726e+03 1.463949129717569164e+01
6.930771304505837179e+03 1.463958225007232272e+01
6.931571255025748542e+03 1.462619781685733145e+01
6.932371205545658995e+03 1.461199179667133308e+01
6.933171156065570358e+03 1.459706698202330877e+01
6.933971106585480811e+03 1.456259127036905099e+01
6.934771057105391264e+03 1.451345504517929541e+01
6.935571007625302627e+03 1.450315672587502647e+01
6.936370958145213081e+03 1.455200169145183686e+01
6.937170908665123534e+03 1.460302322372217176e+01
6.937970859185034897e+03 1.461511422025911244e+01
6.938770809704945350e+03 1.460461059666725703e+01
6.939570760224856713e+03 1.459834532622139136e+01
6.940370710744767166e+03 1.460745977955975583e+01
6.941170661264677619e+03 1.462620363968435733e+01
6.941970611784588982e+03 1.464120141362661620e+01
6.942770562304499435e+03 1.464128100976976299e+01
6.943570512824409889e+03 1.461856202856145259e+01
6.944370463344321251e+03 1.457167603085532193e+01
6.945170413864231705e+03 1.450027915612587215e+01
6.945970364384143068e+03 1.439975549040504710e+01
6.946770314904053521e+03 1.431447268536760475e+01
6.947570265423963974e+03 1.432526710852720697e+01
6.948370215943875337e+03 1.441074921954996313e+01
6.949170166463785790e+03 1.448242378848807732e+01
6.949970116983697153e+03 1.452055509905758512e+01
6.950770067503607606e+03 1.453080245662897241e+01
6.951570018023518060e+03 1.448872172425363125e+01
6.952369968543429422e+03 1.440671489312833486e+01
6.953169919063339876e+03 1.436504615880244984e+01
6.953969869583250329e+03 1.440212831169426089e+01
6.954769820103161692e+03 1.446183481919182512e+01
6.955569770623072145e+03 1.449596245173191278e+01
6.956369721142983508e+03 1.450071448042926292e+01
6.957169671662893961e+03 1.448714830624233230e+01
6.957969622182804414e+03 1.447157761061671799e+01
6.958769572702715777e+03 1.447563121316684054e+01
6.959569523222626231e+03 1.451002419150029965e+01
6.960369473742536684e+03 1.454542054654544359e+01
6.961169424262448047e+03 1.455174725869007801e+01
6.961969374782358500e+03 1.453882975583369941e+01
6.962769325302269863e+03 1.452014515212844437e+01
6.963569275822180316e+03 1.447895135339125972e+01
6.964369226342090769e+03 1.441722421179660074e+01
6.965169176862002132e+03 1.438836751034249417e+01
6.965969127381912585e+03 1.440548496808986201e+01
6.966769077901823039e+03 1.441558247947720162e+01
6.967569028421734401e+03 1.441921814855896855e+01
6.968368978941644855e+03 1.445503717636921337e+01
6.969168929461556218e+03 1.450398917464716320e+01
6.969968879981466671e+03 1.452852886507629471e+01
6.970768830501377124e+03 1.452059449912697886e+01
6.971568781021288487e+03 1.448820533475313965e+01
6.972368731541198940e+03 1.445757852784931075e+01
6.973168682061109394e+03 1.445599652675618429e+01
6.973968632581020756e+03 1.447829349581217606e+01
6.974768583100931210e+03 1.450226616529444534e+01
6.975568533620842572e+03 1.450844203817450584e+01
6.976368484140753026e+03 1.448132350794742607e+01
6.977168434660663479e+03 1.440597515170440523e+01
6.977968385180574842e+03 1.428712041851320791e+01
6.978768335700485295e+03 1.415001855001922593e+01
6.979568286220396658e+03 1.400515302288922115e+01
6.980368236740307111e+03 1.390901493500984998e+01
6.981168187260217564e+03 1.396664259828780885e+01
6.981968137780128927e+03 1.414705147149337705e+01
6.982768088300039381e+03 1.431327185081901554e+01
6.983568038819949834e+03 1.440814766538021630e+01
6.984367989339861197e+03 1.445778935607782856e+01
6.985167939859771650e+03 1.448255695237392260e+01
6.985967890379683013e+03 1.448697087066502220e+01
6.986767840899593466e+03 1.448006220494879770e+01
6.987567791419503919e+03 1.447248876126437978e+01
6.988367741939415282e+03 1.446289795593497374e+01
6.989167692459325735e+03 1.443958895616942684e+01
6.989967642979236189e+03 1.440856360349595633e+01
6.990767593499147551e+03 1.439772304377374468e+01
6.991567544019058005e+03 1.441735815437443335e+01
6.992367494538969368e+03 1.444394496700216735e+01
6.993167445058879821e+03 1.445049445755535444e+01
6.993967395578790274e+03 1.443142267494204667e+01
6.994767346098701637e+03 1.440629703081688007e+01
6.995567296618612090e+03 1.439788987654315378e+01
6.996367247138522544e+03 1.440611883882821864e+01
6.997167197658433906e+03 1.441893020714130635e+01
6.997967148178344360e+03 1.442547982686526353e+01
6.998767098698255722e+03 1.441794424234547023e+01
6.999567049218166176e+03 1.438793696869726801e+01
7.000366999738076629e+03 1.432247127675481835e+01
7.001166950257987992e+03 1.423976038272411415e+01
7.001966900777898445e+03 1.420318475486065424e+01
7.002766851297808898e+03 1.424149026181134303e+01
7.003566801817720261e+03 1.429529292301016952e+01
7.004366752337630714e+03 1.429467444649267094e+01
7.005166702857542077e+03 1.424826282886095363e+01
7.005966653377452531e+03 1.421057760692481864e+01
7.006766603897362984e+03 1.418949840491312386e+01
7.007566554417274347e+03 1.418163618511487734e+01
7.008366504937184800e+03 1.421158493069249218e+01
7.009166455457095253e+03 1.426379789491901384e+01
7.009966405977006616e+03 1.430675901958345619e+01
7.010766356496917069e+03 1.433412681656294296e+01
7.011566307016828432e+03 1.432905262580716155e+01
7.012366257536738885e+03 1.428771032857422973e+01
7.013166208056649339e+03 1.425333038605235814e+01
7.013966158576560701e+03 1.426425309849521739e+01
7.014766109096471155e+03 1.430418147013409680e+01
7.015566059616382518e+03 1.432271861308524308e+01
7.016366010136292971e+03 1.425955145162708781e+01
7.017165960656203424e+03 1.408887000036138026e+01
7.017965911176114787e+03 1.389929012538124198e+01
7.018765861696025240e+03 1.384531026471351822e+01
7.019565812215935694e+03 1.396624772241178292e+01
7.020365762735847056e+03 1.415537628597930109e+01
7.021165713255757510e+03 1.429286191505412873e+01
7.021965663775668872e+03 1.434419698056509063e+01
7.022765614295579326e+03 1.432273127492266518e+01
7.023565564815489779e+03 1.423422288920289702e+01
7.024365515335401142e+03 1.411081224346036400e+01
7.025165465855311595e+03 1.402391535232990449e+01
7.025965416375222048e+03 1.401911308901702924e+01
7.026765366895133411e+03 1.408950403050718592e+01
7.027565317415043864e+03 1.418619894235769330e+01
7.028365267934955227e+03 1.423846410399445617e+01
7.029165218454865681e+03 1.421712521649147121e+01
7.029965168974776134e+03 1.415142219331144169e+01
7.030765119494687497e+03 1.410230065019895207e+01
7.031565070014597950e+03 1.411354609666775772e+01
7.032365020534508403e+03 1.416698269749887373e+01
7.033164971054419766e+03 1.422656005706905802e+01
7.033964921574330219e+03 1.426926135096321246e+01
7.034764872094241582e+03 1.426549549944991746e+01
7.035564822614152035e+03 1.420115035562546169e+01
7.036364773134062489e+03 1.412826296669496884e+01
7.037164723653973851e+03 1.412766546675895185e+01
7.037964674173884305e+03 1.418100021626436025e+01
7.038764624693794758e+03 1.417993336539644389e+01
7.039564575213706121e+03 1.409975827442143803e+01
7.040364525733616574e+03 1.405183416423342635e+01
7.041164476253527937e+03 1.411608580048529227e+01
7.041964426773438390e+03 1.422715727070040259e+01
7.042764377293348844e+03 1.429621118646534406e+01
7.043564327813260206e+03 1.431571811886044188e+01
7.044364278333170660e+03 1.431504661595986860e+01
7.045164228853082022e+03 1.430557908557381275e+01
7.045964179372992476e+03 1.428635659072684305e+01
7.046764129892902929e+03 1.427120331376334050e+01
7.047564080412814292e+03 1.427552408049574773e+01
7.048364030932724745e+03 1.428992025348864914e+01
7.049163981452635198e+03 1.429938053923109997e+01
7.049963931972546561e+03 1.430309067374748722e+01
7.050763882492457014e+03 1.430334661758353043e+01
7.051563833012368377e+03 1.429657233536400618e+01
7.052363783532278831e+03 1.427302199925794568e+01
7.053163734052189284e+03 1.421547010407108402e+01
7.053963684572100647e+03 1.412922282626769821e+01
7.054763635092011100e+03 1.407649766516017564e+01
7.055563585611921553e+03 1.410163876306058484e+01
7.056363536131832916e+03 1.415444435102056886e+01
7.057163486651743369e+03 1.417841705880620395e+01
7.057963437171654732e+03 1.418410265586490127e+01
7.058763387691565185e+03 1.419045041093318460e+01
7.059563338211475639e+03 1.418427228560506848e+01
7.060363288731387001e+03 1.415928920444441275e+01
7.061163239251297455e+03 1.411966821050266674e+01
7.061963189771207908e+03 1.408281306213018702e+01
7.062763140291119271e+03 1.408729579188328351e+01
7.063563090811029724e+03 1.412581593668507907e+01
7.064363041330941087e+03 1.415306389189974112e+01
7.065162991850851540e+03 1.416797283221677617e+01
7.065962942370761994e+03 1.419177587253178885e+01
7.066762892890673356e+03 1.421496800486136181e+01
7.067562843410583810e+03 1.421456119575608668e+01
7.068362793930494263e+03 1.417123606579826145e+01
7.069162744450405626e+03 1.407586247353945907e+01
7.069962694970316079e+03 1.397748948189675744e+01
7.070762645490227442e+03 1.396780891107486511e+01
7.071562596010137895e+03 1.404684982364216417e+01
7.072362546530048348e+03 1.411107411592415772e+01
7.073162497049959711e+03 1.410972443732252124e+01
7.073962447569870164e+03 1.409870807599576104e+01
7.074762398089781527e+03 1.412969498808352142e+01
7.075562348609691981e+03 1.417773117112455594e+01
7.076362299129602434e+03 1.420499279557718708e+01
7.077162249649513797e+03 1.420943415297744217e+01
7.077962200169424250e+03 1.420421835873800198e+01
7.078762150689334703e+03 1.420077666314888454e+01
7.079562101209246066e+03 1.420111098233186198e+01
7.080362051729156519e+03 1.419902207542392958e+01
7.081162002249067882e+03 1.419558734672571632e+01
7.081961952768978335e+03 1.419607234317101430e+01
7.082761903288888789e+03 1.419270572984748036e+01
7.083561853808800151e+03 1.416687474112038281e+01
7.084361804328710605e+03 1.409788243696096188e+01
7.085161754848621058e+03 1.397523666861999558e+01
7.085961705368532421e+03 1.383746777144153839e+01
7.086761655888442874e+03 1.378478746268582178e+01
7.087561606408354237e+03 1.386353356692150740e+01
7.088361556928264690e+03 1.398813721210551364e+01
7.089161507448175144e+03 1.407515699005010035e+01
7.089961457968086506e+03 1.411081530486941205e+01
7.090761408487996960e+03 1.408565234295058843e+01
7.091561359007907413e+03 1.400819213812089004e+01
7.092361309527818776e+03 1.395269585224721709e+01
7.093161260047729229e+03 1.397308310345069415e+01
7.093961210567640592e+03 1.401981882333260643e+01
7.094761161087551045e+03 1.404535428079639026e+01
7.095561111607461498e+03 1.405355750803444614e+01
7.096361062127372861e+03 1.404234754839921173e+01
7.097161012647283314e+03 1.401744558571086685e+01
7.097960963167193768e+03 1.400425322295372155e+01
7.098760913687105131e+03 1.401430173033106996e+01
7.099560864207015584e+03 1.404463878491545969e+01
7.100360814726926947e+03 1.407869007943899931e+01
7.101160765246837400e+03 1.409475632054111927e+01
7.101960715766747853e+03 1.409527815731323130e+01
7.102760666286659216e+03 1.409473262879762423e+01
7.103560616806569669e+03 1.409351464534329068e+01
7.104360567326480123e+03 1.409028314901243206e+01
7.105160517846391485e+03 1.409190805513330069e+01
7.105960468366301939e+03 1.409692929766339198e+01
7.106760418886213301e+03 1.408951171019879212e+01
7.107560369406123755e+03 1.406366576153493320e+01
7.108360319926034208e+03 1.403044545474298133e+01
7.109160270445945571e+03 1.400503157922668329e+01
7.109960220965856024e+03 1.399696044902631797e+01
7.110760171485767387e+03 1.399205198803879213e+01
7.111560122005677840e+03 1.396006437871438166e+01
7.112360072525588294e+03 1.389647172984005330e+01
7.113160023045499656e+03 1.384054011487210900e+01
7.113959973565410110e+03 1.382780493868417260e+01
7.114759924085320563e+03 1.385349869649241938e+01
7.115559874605231926e+03 1.389460077096240731e+01
7.116359825125142379e+03 1.393022791013090966e+01
7.117159775645053742e+03 1.395615713442230721e+01
7.117959726164964195e+03 1.397693820294161071e+01
7.118759676684874648e+03 1.398631480979999964e+01
7.119559627204786011e+03 1.398575881976670132e+01
7.120359577724696464e+03 1.398056185955606345e+01
7.121159528244606918e+03 1.396169761110118301e+01
7.121959478764518281e+03 1.390822435685308633e+01
7.122759429284428734e+03 1.378778533380731552e+01
7.123559379804340097e+03 1.362779616871562993e+01
7.124359330324250550e+03 1.358361293801189973e+01
7.125159280844161003e+03 1.372765301464077581e+01
7.125959231364072366e+03 1.390641953292985988e+01
7.126759181883982819e+03 1.399265520986611122e+01
7.127559132403893273e+03 1.400305743642282508e+01
7.128359082923804635e+03 1.397842164590394276e+01
7.129159033443715089e+03 1.391794228506626752e+01
7.129958983963626451e+03 1.363429219363863965e+01
7.130758934483536905e+03 1.246656175530590716e+01
7.131558885003447358e+03 9.829812840301730859e+00
7.132358835523358721e+03 6.560143736808382364e+00
7.133158786043269174e+03 4.845241565485212121e+00
7.133958736563179627e+03 6.254431999147339383e+00
7.134758687083090990e+03 9.613212138566193943e+00
7.135558637603001443e+03 1.241328606023814451e+01
7.136358588122912806e+03 1.363922100896317779e+01
7.137158538642823260e+03 1.392511170605472870e+01
7.137958489162733713e+03 1.396189783603807122e+01
7.138758439682645076e+03 1.397544218931225224e+01
7.139558390202555529e+03 1.398180149475253842e+01
7.140358340722466892e+03 1.396890495596771586e+01
7.141158291242377345e+03 1.395405343677743026e+01
7.141958241762287798e+03 1.395430487916697970e+01
7.142758192282199161e+03 1.395161510758332213e+01
7.143558142802109614e+03 1.392231308267490064e+01
7.144358093322020068e+03 1.389120804877053672e+01
7.145158043841931431e+03 1.389193875405456780e+01
7.145957994361841884e+03 1.389760185718434649e+01
7.146757944881753247e+03 1.387818876108572042e+01
7.147557895401663700e+03 1.384185641416066659e+01
7.148357845921574153e+03 1.374150449812444208e+01
7.149157796441485516e+03 1.349203735150526207e+01
7.149957746961395969e+03 1.305291752203833155e+01
7.150757697481306423e+03 1.204625060400861614e+01
7.151557648001217785e+03 9.722535258671374692e+00
7.152357598521128239e+03 7.018847513416837103e+00
7.153157549041039601e+03 7.050420812963951178e+00
7.153957499560950055e+03 1.005439499949219595e+01
7.154757450080860508e+03 1.268170935538003974e+01
7.155557400600771871e+03 1.364834104722048380e+01
7.156357351120682324e+03 1.380914511973810477e+01
7.157157301640592777e+03 1.379742515767837396e+01
7.157957252160504140e+03 1.381160282704204789e+01
7.158757202680414593e+03 1.386219510629235252e+01
7.159557153200325956e+03 1.389230375012105867e+01
7.160357103720236410e+03 1.388886205600994117e+01
7.161157054240146863e+03 1.387967880887874017e+01
7.161957004760058226e+03 1.387006075634731239e+01
7.162756955279968679e+03 1.385318119622441380e+01
7.163556905799879132e+03 1.382930083973626978e+01
7.164356856319790495e+03 1.377311520733950978e+01
7.165156806839700948e+03 1.362422226948192971e+01
7.165956757359612311e+03 1.339066489149386285e+01
7.166756707879522764e+03 1.324293405378178434e+01
7.167556658399433218e+03 1.333781123941921720e+01
7.168356608919344580e+03 1.358887913548162985e+01
7.169156559439255034e+03 1.379477397412522599e+01
7.169956509959166397e+03 1.388433093652897199e+01
7.170756460479076850e+03 1.390217439372190000e+01
7.171556410998987303e+03 1.389536146230337721e+01
7.172356361518898666e+03 1.388914959732728605e+01
7.173156312038809119e+03 1.389388121285203681e+01
7.173956262558719573e+03 1.390219111200377533e+01
7.174756213078630935e+03 1.390228232995684010e+01
7.175556163598541389e+03 1.388822082790003698e+01
7.176356114118452751e+03 1.384797795917500984e+01
7.177156064638363205e+03 1.377067254399814722e+01
7.177956015158273658e+03 1.369301234439797099e+01
7.178755965678185021e+03 1.368598130462490658e+01
7.179555916198095474e+03 1.375136059144468170e+01
7.180355866718005927e+03 1.380651840646415174e+01
7.181155817237917290e+03 1.378360954916943726e+01
7.181955767757827743e+03 1.368194514264930461e+01
7.182755718277739106e+03 1.356212023279604750e+01
7.183555668797649560e+03 1.352102965324728956e+01
7.184355619317560013e+03 1.359675970777388621e+01
7.185155569837471376e+03 1.369612921751716961e+01
7.185955520357381829e+03 1.371813066897071565e+01
7.186755470877292282e+03 1.367397850919020286e+01
7.187555421397203645e+03 1.357941734806013301e+01
7.188355371917114098e+03 1.340489365404272348e+01
7.189155322437025461e+03 1.325617300669905063e+01
7.189955272956935914e+03 1.329137536840242007e+01
7.190755223476846368e+03 1.344692721379592015e+01
7.191555173996757730e+03 1.357736810897051427e+01
7.192355124516668184e+03 1.364862932460524014e+01
7.193155075036578637e+03 1.365879498410797410e+01
7.193955025556490000e+03 1.359447673989680183e+01
7.194754976076400453e+03 1.348802883051659762e+01
7.195554926596311816e+03 1.343642272395065973e+01
7.196354877116222269e+03 1.349755168447677534e+01
7.197154827636132723e+03 1.359741171504783175e+01
7.197954778156044085e+03 1.364011726980607797e+01
7.198754728675954539e+03 1.363967400669541163e+01
7.199554679195864992e+03 1.367096916137769291e+01
7.200354629715776355e+03 1.373590189804137651e+01
7.201154580235686808e+03 1.377800354514910453e+01
7.201954530755598171e+03 1.376593910200000970e+01
7.202754481275508624e+03 1.369139684884309460e+01
7.203554431795419077e+03 1.358420541585145891e+01
7.204354382315330440e+03 1.354694565059695321e+01
7.205154332835240893e+03 1.362917160094708180e+01
7.205954283355152256e+03 1.373022924808481271e+01
7.206754233875062710e+03 1.374235198975496708e+01
7.207554184394973163e+03 1.361574342179813613e+01
7.208354134914884526e+03 1.336204856953976972e+01
7.209154085434794979e+03 1.316091695253570393e+01
7.209954035954705432e+03 1.319481368361639717e+01
7.210753986474616795e+03 1.336865563429316239e+01
7.211553936994527248e+03 1.352227693623829907e+01
7.212353887514438611e+03 1.363127213726942166e+01
7.213153838034349064e+03 1.368085963857837761e+01
7.213953788554259518e+03 1.366488710158978748e+01
7.214753739074170880e+03 1.363393771085506501e+01
7.215553689594081334e+03 1.362033234429380002e+01
7.216353640113991787e+03 1.361583577564251257e+01
7.217153590633903150e+03 1.361913380287305131e+01
7.217953541153813603e+03 1.363604746041733407e+01
7.218753491673724966e+03 1.365721069904576446e+01
7.219553442193635419e+03 1.365864551396803961e+01
7.220353392713545873e+03 1.363079764501943103e+01
7.221153343233457235e+03 1.359214655630756496e+01
7.221953293753367689e+03 1.356581974945106595e+01
7.222753244273278142e+03 1.355276286915423611e+01
7.223553194793189505e+03 1.352228000013923648e+01
7.224353145313099958e+03 1.345324157816858524e+01
7.225153095833011321e+03 1.339137374599302888e+01
7.225953046352921774e+03 1.341041851535923968e+01
7.226752996872832227e+03 1.349612616147184951e+01
7.227552947392743590e+03 1.355821212019293931e+01
7.228352897912654043e+03 1.356660683803141154e+01
7.229152848432564497e+03 1.355373778388296202e+01
7.229952798952475860e+03 1.354001029988438098e+01
7.230752749472386313e+03 1.355143933504965403e+01
7.231552699992297676e+03 1.360592805982182441e+01
7.232352650512208129e+03 1.367357083190657541e+01
7.233152601032118582e+03 1.371611562564650555e+01
7.233952551552029945e+03 1.372706637918841466e+01
7.234752502071940398e+03 1.371761083950654658e+01
7.235552452591851761e+03 1.368724019165616745e+01
7.236352403111762214e+03 1.362396715985839890e+01
7.237152353631672668e+03 1.355470784696232656e+01
7.237952304151584030e+03 1.354424283041514343e+01
7.238752254671494484e+03 1.359767824475904874e+01
7.239552205191404937e+03 1.364968650559877439e+01
7.240352155711316300e+03 1.365611932791848915e+01
7.241152106231226753e+03 1.362876067270536140e+01
7.241952056751138116e+03 1.361187260005912059e+01
7.242752007271048569e+03 1.363077588357422343e+01
7.243551957790959023e+03 1.366077346809159110e+01
7.244351908310870385e+03 1.366810365877517697e+01
7.245151858830780839e+03 1.363230935642384622e+01
7.245951809350691292e+03 1.354743213914687239e+01
7.246751759870602655e+03 1.346967615178826883e+01
7.247551710390513108e+03 1.348181129655922739e+01
7.248351660910424471e+03 1.356412104032758492e+01
7.249151611430334924e+03 1.363623375848423080e+01
7.249951561950245377e+03 1.365691202703730056e+01
7.250751512470156740e+03 1.361226244894263715e+01
7.251551462990067193e+03 1.350276067347386899e+01
7.252351413509977647e+03 1.338902822074948773e+01
7.253151364029889010e+03 1.335822806131436380e+01
7.253951314549799463e+03 1.341926592626612447e+01
7.254751265069710826e+03 1.350978559311824512e+01
7.255551215589621279e+03 1.356976885706096070e+01
7.256351166109531732e+03 1.358260456019209528e+01
7.257151116629443095e+03 1.357207339692568482e+01
7.257951067149353548e+03 1.357520086794894354e+01
7.258751017669264002e+03 1.359919989464642676e+01
7.259550968189175364e+03 1.361260289827737324e+01
7.260350918709085818e+03 1.359476480608265980e+01
7.261150869228997180e+03 1.354356137158236173e+01
7.261950819748907634e+03 1.343099348992384101e+01
7.262750770268818087e+03 1.326229810372474915e+01
7.263550720788729450e+03 1.317460810139528604e+01
7.264350671308639903e+03 1.327428764615969037e+01
7.265150621828551266e+03 1.345084577510320045e+01
7.265950572348461719e+03 1.355640122261578462e+01
7.266750522868372173e+03 1.357647976614523522e+01
7.267550473388283535e+03 1.356009232142597298e+01
7.268350423908193989e+03 1.355060584140713331e+01
7.269150374428104442e+03 1.356277157662646360e+01
7.269950324948015805e+03 1.357742608365408898e+01
7.270750275467926258e+03 1.358403412743914274e+01
7.271550225987837621e+03 1.358590221694964484e+01
7.272350176507748074e+03 1.357359836933606800e+01
7.273150127027658527e+03 1.354214849143449584e+01
7.273950077547569890e+03 1.351494546746204684e+01
7.274750028067480343e+03 1.351130308155866899e+01
7.275549978587390797e+03 1.349971709974832024e+01
7.276349929107302160e+03 1.344413257710080778e+01
7.277149879627212613e+03 1.339097643462067566e+01
7.277949830147123976e+03 1.341111065466980889e+01
7.278749780667034429e+03 1.346517866906404137e+01
7.279549731186944882e+03 1.347627464291110222e+01
7.280349681706856245e+03 1.346338192326713568e+01
7.281149632226766698e+03 1.347816562673341068e+01
7.281949582746677152e+03 1.350644790986811117e+01
7.282749533266588514e+03 1.349838133129693141e+01
7.283549483786498968e+03 1.343720473880078714e+01
7.284349434306410330e+03 1.336126368986673896e+01
7.285149384826320784e+03 1.331320841977142067e+01
7.285949335346231237e+03 1.328555738153714394e+01
7.286749285866142600e+03 1.328479026475971914e+01
7.287549236386053053e+03 1.334091815827197003e+01
7.288349186905963506e+03 1.340104286110755183e+01
7.289149137425874869e+03 1.334756375396917427e+01
7.289949087945785323e+03 1.312313707083480452e+01
7.290749038465696685e+03 1.286681453040004186e+01
7.291548988985607139e+03 1.280686413026023374e+01
7.292348939505517592e+03 1.292915535992267806e+01
7.293148890025428955e+03 1.303776690196073851e+01
7.293948840545339408e+03 1.306216139107450047e+01
7.294748791065249861e+03 1.308473123356456114e+01
7.295548741585161224e+03 1.318867036304778040e+01
7.296348692105071677e+03 1.332662631149737287e+01
7.297148642624983040e+03 1.341253235921052323e+01
7.297948593144893493e+03 1.344307282864327746e+01
7.298748543664803947e+03 1.343778143195699037e+01
7.299548494184715310e+03 1.340287339960838686e+01
7.300348444704625763e+03 1.336624890283576406e+01
7.301148395224537126e+03 1.335720609471789189e+01
7.301948345744447579e+03 1.336624251699043420e+01
7.302748296264358032e+03 1.338444588928204659e+01
7.303548246784269395e+03 1.341162381794875991e+01
7.304348197304179848e+03 1.343030056707129916e+01
7.305148147824090302e+03 1.344037148235069523e+01
7.305948098344001664e+03 1.345544095305443122e+01
7.306748048863912118e+03 1.345821928961962222e+01
7.307547999383823480e+03 1.341861034365726191e+01
7.308347949903733934e+03 1.333439136093365818e+01
7.309147900423644387e+03 1.323550532881824893e+01
7.309947850943555750e+03 1.318472669620156168e+01
7.310747801463466203e+03 1.321958652331202799e+01
7.311547751983376656e+03 1.326002618270038980e+01
7.312347702503288019e+03 1.323135643207968570e+01
7.313147653023198473e+03 1.320689291813726207e+01
7.313947603543109835e+03 1.327067757030178541e+01
7.314747554063020289e+03 1.337386972542523722e+01
7.315547504582930742e+03 1.344095705564393661e+01
7.316347455102842105e+03 1.346086877118505143e+01
7.317147405622752558e+03 1.345318119317506955e+01
7.317947356142663011e+03 1.343575246382717836e+01
7.318747306662574374e+03 1.341532371129637191e+01
7.319547257182484827e+03 1.339353324772893750e+01
7.320347207702396190e+03 1.337426713577887938e+01
7.321147158222306643e+03 1.334489413955229331e+01
7.321947108742217097e+03 1.329370336933028440e+01
7.322747059262128460e+03 1.326908487561259697e+01
7.323547009782038913e+03 1.331822654674623507e+01
7.324346960301949366e+03 1.338971453740478879e+01
7.325146910821860729e+03 1.341506495161528711e+01
7.325946861341771182e+03 1.336560230531924987e+01
7.326746811861682545e+03 1.320944479774645686e+01
7.327546762381592998e+03 1.298770656390282241e+01
7.328346712901503452e+03 1.289314395806076341e+01
7.329146663421414814e+03 1.302762411003426379e+01
7.329946613941325268e+03 1.322343438803062909e+01
7.330746564461236630e+03 1.331031523745870793e+01
7.331546514981147084e+03 1.329174251500354664e+01
7.332346465501057537e+03 1.325763477885579888e+01
7.333146416020968900e+03 1.327299963597403121e+01
7.333946366540879353e+03 1.331551990541061059e+01
7.334746317060789806e+03 1.332896231357895012e+01
7.335546267580701169e+03 1.331833928421468904e+01
7.336346218100611623e+03 1.332277645357618390e+01
7.337146168620522985e+03 1.334670274332975382e+01
7.337946119140433439e+03 1.337423452689193226e+01
7.338746069660343892e+03 1.339238483824365389e+01
7.339546020180255255e+03 1.339145011597720014e+01
7.340345970700165708e+03 1.336861308779615420e+01
7.341145921220076161e+03 1.333590183180983679e+01
7.341945871739987524e+03 1.332575926343835704e+01
7.342745822259897977e+03 1.335276693342725807e+01
7.343545772779809340e+03 1.338274589192793051e+01
7.344345723299719793e+03 1.338039788693218846e+01
7.345145673819630247e+03 1.334046536862311783e+01
7.345945624339541610e+03 1.328595583360415233e+01
7.346745574859452063e+03 1.326413031157020228e+01
7.347545525379362516e+03 1.329314771478257384e+01
7.348345475899273879e+03 1.333295827890571594e+01
7.349145426419184332e+03 1.335202958295898590e+01
7.349945376939095695e+03 1.335651789760453489e+01
7.350745327459006148e+03 1.335178589154671158e+01
7.351545277978916602e+03 1.332463706180951313e+01
7.352345228498827964e+03 1.326561590371559340e+01
7.353145179018738418e+03 1.320887636851962910e+01
7.353945129538648871e+03 1.320266171527604016e+01
7.354745080058560234e+03 1.323034761764805189e+01
7.355545030578470687e+03 1.323717862981386517e+01
7.356344981098382050e+03 1.319133814201012811e+01
7.357144931618292503e+03 1.309922827017292946e+01
7.357944882138202956e+03 1.303732577445189733e+01
7.358744832658114319e+03 1.307180626273227375e+01
7.359544783178024772e+03 1.316157347806375810e+01
7.360344733697936135e+03 1.324314445870379231e+01
7.361144684217846589e+03 1.328828962505206412e+01
7.361944634737757042e+03 1.328204677401496170e+01
7.362744585257668405e+03 1.322261419968421237e+01
7.363544535777578858e+03 1.313651267498636699e+01
7.364344486297489311e+03 1.307410140598661208e+01
7.365144436817400674e+03 1.305546317967457526e+01
7.365944387337311127e+03 1.307587068251061524e+01
7.366744337857222490e+03 1.313327358683852886e+01
7.367544288377132943e+03 1.319446283990436442e+01
7.368344238897043397e+03 1.323341981773610954e+01
7.369144189416954760e+03 1.325762703012131993e+01
7.369944139936865213e+03 1.326682854894748509e+01
7.370744090456775666e+03 1.325752450989136477e+01
7.371544040976687029e+03 1.324695447073098720e+01
7.372343991496597482e+03 1.325355136404646927e+01
7.373143942016508845e+03 1.326517901512267450e+01
7.373943892536419298e+03 1.325550048938346315e+01
7.374743843056329752e+03 1.323118951477377436e+01
7.375543793576241114e+03 1.321747400370340486e+01
7.376343744096151568e+03 1.321206860610264755e+01
7.377143694616062021e+03 1.321229981426114364e+01
7.377943645135973384e+03 1.323245918304947644e+01
7.378743595655883837e+03 1.326529957566584628e+01
7.379543546175795200e+03 1.329024385846230594e+01
7.380343496695705653e+03 1.330137172131588486e+01
7.381143447215616106e+03 1.329855728061285802e+01
7.381943397735527469e+03 1.327504589912514987e+01
7.382743348255437922e+03 1.322524801730335398e+01
7.383543298775348376e+03 1.316395919576897100e+01
7.384343249295259739e+03 1.312587522808872542e+01
7.385143199815170192e+03 1.312445945455508678e+01
7.385943150335081555e+03 1.311202303768672550e+01
7.386743100854992008e+03 1.302452025966141314e+01
7.387543051374902461e+03 1.288216941640344970e+01
7.388343001894813824e+03 1.277996732733982732e+01
7.389142952414724277e+03 1.275823879328796551e+01
7.389942902934634731e+03 1.275744030856543887e+01
7.390742853454546093e+03 1.274228285317848552e+01
7.391542803974456547e+03 1.278294130486207081e+01
7.392342754494367910e+03 1.292368863207066809e+01
7.393142705014278363e+03 1.306449456295000999e+01
7.393942655534188816e+03 1.310859451398324005e+01
7.394742606054100179e+03 1.306922633208508877e+01
7.395542556574010632e+03 1.303306031301511325e+01
7.396342507093921995e+03 1.306463638503721114e+01
7.397142457613832448e+03 1.312389473916743299e+01
7.397942408133742902e+03 1.313306069770785101e+01
7.398742358653654264e+03 1.293475058636728647e+01
7.399542309173564718e+03 1.205939190897127489e+01
7.400342259693475171e+03 1.031016219575850101e+01
7.401142210213386534e+03 9.227131252658645977e+00
7.401942160733296987e+03 1.026069380293952449e+01
7.402742111253208350e+03 1.189361644272497998e+01
7.403542061773118803e+03 1.273327916883900457e+01
7.404342012293029256e+03 1.303599735581306618e+01
7.405141962812940619e+03 1.315375483036627813e+01
7.405941913332851072e+03 1.315531292921947326e+01
7.406741863852761526e+03 1.306444588993926459e+01
7.407541814372672889e+03 1.296801278634322330e+01
7.408341764892583342e+03 1.296657913132705531e+01
7.409141715412494705e+03 1.300325499688697661e+01
7.409941665932405158e+03 1.292377150951213416e+01
7.410741616452315611e+03 1.273648848979890147e+01
7.411541566972226974e+03 1.261950756517036965e+01
7.412341517492137427e+03 1.264215324146265118e+01
7.413141468012047881e+03 1.274347483503314749e+01
7.413941418531959243e+03 1.289141605599392904e+01
7.414741369051869697e+03 1.300342561927336504e+01
7.415541319571781059e+03 1.297661154323787791e+01
7.416341270091691513e+03 1.282385802073294201e+01
7.417141220611601966e+03 1.266431705449503298e+01
7.417941171131513329e+03 1.264088802362918607e+01
7.418741121651423782e+03 1.277507565020852809e+01
7.419541072171334235e+03 1.291882904751117422e+01
7.420341022691245598e+03 1.297840102049357824e+01
7.421140973211156052e+03 1.299684940259440857e+01
7.421940923731067414e+03 1.299072833263647553e+01
7.422740874250977868e+03 1.289951902178599497e+01
7.423540824770888321e+03 1.270199340851123893e+01
7.424340775290799684e+03 1.250365356447569454e+01
7.425140725810710137e+03 1.244829364196812449e+01
7.425940676330621500e+03 1.256596132394344778e+01
7.426740626850531953e+03 1.277105962833405073e+01
7.427540577370442406e+03 1.295121405206712240e+01
7.428340527890353769e+03 1.305555088862649171e+01
7.429140478410264222e+03 1.310288973495635290e+01
7.429940428930174676e+03 1.312063016127471826e+01
7.430740379450086039e+03 1.311031458447850007e+01
7.431540329969996492e+03 1.306197746943778171e+01
7.432340280489907855e+03 1.299694092619749952e+01
7.433140231009818308e+03 1.296760713248645480e+01
7.433940181529728761e+03 1.299257595383606301e+01
7.434740132049640124e+03 1.304145636597969471e+01
7.435540082569550577e+03 1.308016110071435989e+01
7.436340033089461031e+03 1.309211122541537975e+01
7.437139983609372393e+03 1.308071890948509086e+01
7.437939934129282847e+03 1.307028122019444005e+01
7.438739884649194209e+03 1.307866646912188102e+01
7.439539835169104663e+03 1.309707024872756342e+01
7.440339785689015116e+03 1.310193624632155007e+01
7.441139736208926479e+03 1.306622373539628157e+01
7.441939686728836932e+03 1.298617420945962131e+01
7.442739637248747385e+03 1.291552970070881656e+01
7.443539587768658748e+03 1.290432529351933866e+01
7.444339538288569202e+03 1.292417857276472404e+01
7.445139488808480564e+03 1.293538294763348340e+01
7.445939439328391018e+03 1.290524143624256936e+01
7.446739389848301471e+03 1.279211735587090359e+01
7.447539340368212834e+03 1.267319031432640841e+01
7.448339290888123287e+03 1.268291952563737723e+01
7.449139241408033740e+03 1.278435607132663065e+01
7.449939191927945103e+03 1.286263763511851366e+01
7.450739142447855556e+03 1.289856698331644580e+01
7.451539092967766919e+03 1.292057789220098130e+01
7.452339043487677372e+03 1.294302562510175747e+01
7.453138994007587826e+03 1.296825217946071440e+01
7.453938944527499189e+03 1.299322764976319000e+01
7.454738895047409642e+03 1.301307616811932988e+01
7.455538845567321005e+03 1.302319344816394597e+01
7.456338796087231458e+03 1.302993289757785433e+01
7.457138746607141911e+03 1.304158827434036994e+01
7.457938697127053274e+03 1.304970328413980951e+01
7.458738647646963727e+03 1.304569883363780924e+01
7.459538598166874181e+03 1.303831580378901123e+01
7.460338548686785543e+03 1.303627732479656487e+01
7.461138499206695997e+03 1.303168235216792681e+01
7.461938449726607359e+03 1.300105651746283364e+01
7.462738400246517813e+03 1.291199260998679321e+01
7.463538350766428266e+03 1.277852110632542804e+01
7.464338301286339629e+03 1.270500236102213520e+01
7.465138251806250082e+03 1.276074958793671499e+01
7.465938202326160535e+03 1.287002248087319956e+01
7.466738152846071898e+03 1.294378943529633297e+01
7.467538103365982352e+03 1.297535517357788493e+01
7.468338053885893714e+03 1.298622678311182455e+01
7.469138004405804168e+03 1.298948598930101994e+01
7.469937954925714621e+03 1.299098810634928824e+01
7.470737905445625984e+03 1.299320776180845449e+01
7.471537855965536437e+03 1.299639315068150935e+01
7.472337806485446890e+03 1.299090980409904894e+01
7.473137757005358253e+03 1.296707440867592354e+01
7.473937707525268706e+03 1.292996446354949924e+01
7.474737658045180069e+03 1.289593778341878760e+01
7.475537608565090522e+03 1.288305123889323056e+01
7.476337559085000976e+03 1.289396699577603123e+01
7.477137509604912339e+03 1.290634636350225328e+01
7.477937460124822792e+03 1.290698979214503694e+01
7.478737410644733245e+03 1.291130103163851217e+01
7.479537361164644608e+03 1.292599890825229991e+01
7.480337311684555061e+03 1.293644968087831160e+01
7.481137262204466424e+03 1.293740931682184581e+01
7.481937212724376877e+03 1.293002851771806938e+01
7.482737163244287331e+03 1.290250645464525903e+01
7.483537113764198693e+03 1.285822874287977768e+01
7.484337064284109147e+03 1.283149053995380129e+01
7.485137014804019600e+03 1.283790249005519790e+01
7.485936965323930963e+03 1.286091156788114276e+01
7.486736915843841416e+03 1.288942512829646780e+01
7.487536866363752779e+03 1.291902196564432082e+01
7.488336816883663232e+03 1.293884328565221509e+01
7.489136767403573685e+03 1.294308356320380682e+01
7.489936717923485048e+03 1.293427180208648863e+01
7.490736668443395502e+03 1.291459424078102280e+01
7.491536618963306864e+03 1.288421280039222871e+01
7.492336569483217318e+03 1.283393924352564497e+01
7.493136520003127771e+03 1.277043438857229063e+01
7.493936470523039134e+03 1.274466549284895223e+01
7.494736421042949587e+03 1.275484228525058583e+01
7.495536371562860040e+03 1.269240047549865125e+01
7.496336322082771403e+03 1.252906084332623848e+01
7.497136272602681856e+03 1.244112824583362098e+01
7.497936223122593219e+03 1.256168384818301043e+01
7.498736173642503672e+03 1.275755118370050667e+01
7.499536124162414126e+03 1.284097868396659692e+01
7.500336074682325489e+03 1.266330911092846456e+01
7.501136025202235942e+03 1.181831102325684313e+01
7.501935975722146395e+03 9.770240544788109105e+00
7.502735926242057758e+03 6.811599693905373343e+00
7.503535876761968211e+03 4.277870176094655363e+00
7.504335827281879574e+03 3.773833830636920350e+00
7.505135777801790027e+03 6.045248571032853846e+00
7.505935728321700481e+03 9.389982998905356482e+00
7.506735678841611843e+03 1.166118688331362740e+01
7.507535629361522297e+03 1.253717821351062156e+01
7.508335579881432750e+03 1.271727467546346091e+01
7.509135530401344113e+03 1.271382907805207374e+01
7.509935480921254566e+03 1.268967038639939204e+01
7.510735431441165929e+03 1.266320411552939262e+01
7.511535381961076382e+03 1.258582684908678928e+01
7.512335332480986835e+03 1.242830650600739872e+01
7.513135283000898198e+03 1.234711582702411725e+01
7.513935233520808652e+03 1.248420375191992981e+01
7.514735184040719105e+03 1.269565587049011945e+01
7.515535134560630468e+03 1.280519277094323627e+01
7.516335085080540921e+03 1.283042580609791017e+01
7.517135035600452284e+03 1.286714109256367777e+01
7.517934986120362737e+03 1.293941784961109676e+01
7.518734936640273190e+03 1.293414871097885310e+01
7.519534887160184553e+03 1.282865473356153529e+01
7.520334837680095006e+03 1.279456145961585989e+01
7.521134788200006369e+03 1.284121964296478424e+01
7.521934738719916822e+03 1.286097972188041538e+01
7.522734689239827276e+03 1.282589944557694750e+01
7.523534639759738639e+03 1.273678748369630398e+01
7.524334590279649092e+03 1.262774262838622796e+01
7.525134540799559545e+03 1.256965444119745001e+01
7.525934491319470908e+03 1.257275426105645266e+01
7.526734441839381361e+03 1.259090799257021409e+01
7.527534392359292724e+03 1.263888299939753423e+01
7.528334342879203177e+03 1.272802876254167792e+01
7.529134293399113631e+03 1.280322314390956961e+01
7.529934243919024993e+03 1.283194854228225523e+01
7.530734194438935447e+03 1.282743448581902435e+01
7.531534144958845900e+03 1.279005576427312185e+01
7.532334095478757263e+03 1.271820872795969137e+01
7.533134045998667716e+03 1.266465602393510181e+01
7.533933996518579079e+03 1.267993004680983660e+01
7.534733947038489532e+03 1.272469319860166692e+01
7.535533897558399985e+03 1.275186508104995653e+01
7.536333848078311348e+03 1.277106961201567792e+01
7.537133798598221802e+03 1.279183432942332210e+01
7.537933749118132255e+03 1.279618894337277979e+01
7.538733699638043618e+03 1.273418658446270513e+01
7.539533650157954071e+03 1.254781464552514336e+01
7.540333600677865434e+03 1.242073648837425281e+01
7.541133551197775887e+03 1.257177015125501640e+01
7.541933501717686340e+03 1.272793819743635524e+01
7.542733452237597703e+03 1.275358248516877069e+01
7.543533402757508156e+03 1.274680421086826421e+01
7.544333353277418610e+03 1.274487931619493963e+01
7.545133303797329972e+03 1.270889876630822712e+01
7.545933254317240426e+03 1.253929654274979733e+01
7.546733204837151789e+03 1.236531817912469577e+01
7.547533155357062242e+03 1.247265669733899074e+01
7.548333105876972695e+03 1.264990115046227181e+01
7.549133056396884058e+03 1.269739207214606935e+01
7.549933006916794511e+03 1.270733551491930946e+01
7.550732957436705874e+03 1.273912775275595166e+01
7.551532907956616327e+03 1.276685215029780096e+01
7.552332858476526781e+03 1.276878881076711281e+01
7.553132808996438143e+03 1.275194518559161239e+01
7.553932759516348597e+03 1.272974188296083042e+01
7.554732710036259050e+03 1.271039521357228352e+01
7.555532660556170413e+03 1.268361507830399582e+01
7.556332611076080866e+03 1.261715181207406999e+01
7.557132561595992229e+03 1.252944586798079030e+01
7.557932512115902682e+03 1.251169000914183727e+01
7.558732462635813135e+03 1.259225205517958557e+01
7.559532413155724498e+03 1.267859278176566562e+01
7.560332363675634952e+03 1.269319821921994595e+01
7.561132314195545405e+03 1.264136854829838086e+01
7.561932264715456768e+03 1.257755619269456915e+01
7.562732215235367221e+03 1.257040971232056137e+01
7.563532165755278584e+03 1.262788825223540101e+01
7.564332116275189037e+03 1.268462334992231000e+01
7.565132066795099490e+03 1.270126253623300983e+01
7.565932017315010853e+03 1.269473834403023460e+01
7.566731967834921306e+03 1.269201654552811931e+01
7.567531918354831760e+03 1.270411079035804391e+01
7.568331868874743122e+03 1.271243427133030934e+01
7.569131819394653576e+03 1.268034472342259278e+01
7.569931769914564939e+03 1.259949405628979235e+01
7.570731720434475392e+03 1.253126005830867484e+01
7.571531670954385845e+03 1.254820464658049772e+01
7.572331621474297208e+03 1.262720196146323381e+01
7.573131571994207661e+03 1.268900897540695993e+01
7.573931522514118114e+03 1.269364708421699817e+01
7.574731473034029477e+03 1.264331112194797768e+01
7.575531423553939931e+03 1.257132695504903097e+01
7.576331374073851293e+03 1.254540452462589073e+01
7.577131324593761747e+03 1.259483001112088196e+01
7.577931275113672200e+03 1.266436191102521214e+01
7.578731225633583563e+03 1.270117856555020097e+01
7.579531176153494016e+03 1.270566743136078003e+01
7.580331126673404469e+03 1.269769284356753758e+01
7.581131077193315832e+03 1.269079011473214891e+01
7.581931027713226285e+03 1.268652918852867373e+01
7.582730978233137648e+03 1.267603754788342485e+01
7.583530928753048101e+03 1.264436837849903839e+01
7.584330879272958555e+03 1.257479373104542475e+01
7.585130829792869918e+03 1.247721629710935431e+01
7.585930780312780371e+03 1.240600303858041009e+01
7.586730730832691734e+03 1.238219499106340571e+01
7.587530681352602187e+03 1.236866366303227593e+01
7.588330631872512640e+03 1.239090982988845724e+01
7.589130582392424003e+03 1.248746601021277947e+01
7.589930532912334456e+03 1.259574358709277320e+01
7.590730483432244910e+03 1.265510223120168121e+01
7.591530433952156272e+03 1.267375631763325750e+01
7.592330384472066726e+03 1.267329044102410407e+01
7.593130334991978089e+03 1.266441764129163872e+01
7.593930285511888542e+03 1.265311424222589309e+01
7.594730236031798995e+03 1.263749421247077009e+01
7.595530186551710358e+03 1.261416568209588007e+01
7.596330137071620811e+03 1.259299335540893772e+01
7.597130087591531264e+03 1.258663930381195684e+01
7.597930038111442627e+03 1.259063801992156328e+01
7.598729988631353081e+03 1.259727619218765859e+01
7.599529939151264443e+03 1.261075002227016384e+01
7.600329889671174897e+03 1.262654090791406247e+01
7.601129840191085350e+03 1.262320233524931723e+01
7.601929790710996713e+03 1.259052670601788471e+01
7.602729741230907166e+03 1.253999037608764056e+01
7.603529691750817619e+03 1.249037470619293977e+01
7.604329642270728982e+03 1.246895527130693893e+01
7.605129592790639435e+03 1.249540001327638805e+01
7.605929543310550798e+03 1.253670558525380052e+01
7.606729493830461251e+03 1.254457879446918511e+01
7.607529444350371705e+03 1.252828335041955654e+01
7.608329394870283068e+03 1.253215814507508696e+01
7.609129345390193521e+03 1.256305495076755818e+01
7.609929295910103974e+03 1.258374149992877200e+01
7.610729246430015337e+03 1.256103312547001316e+01
7.611529196949925790e+03 1.250850991550605684e+01
7.612329147469837153e+03 1.248017878252589341e+01
7.613129097989747606e+03 1.250777491194559943e+01
7.613929048509658060e+03 1.256127159055372644e+01
7.614728999029569422e+03 1.259523928369024937e+01
7.615528949549479876e+03 1.258767955138391592e+01
7.616328900069391239e+03 1.250882111852620682e+01
7.617128850589301692e+03 1.219701746424053646e+01
7.617928801109212145e+03 1.132433576541706444e+01
7.618728751629123508e+03 9.746372156930993569e+00
7.619528702149033961e+03 7.391104264545379721e+00
7.620328652668544237e+03 4.740396174247248240e+00
7.621128603188455600e+03 3.797554952233317849e+00
7.621928553708366053e+03 5.532232920319186675e+00
7.622728504228277416e+03 8.560176649863114662e+00
7.623528454748187869e+03 1.098465935082092315e+01
7.624328405268098322e+03 1.214667502878368666e+01
7.625128355788009685e+03 1.249011820385810978e+01
7.625928306307920138e+03 1.255455175791351152e+01
7.626728256827830592e+03 1.256293712889672243e+01
7.627528207347741954e+03 1.256721628270587487e+01
7.628328157867652408e+03 1.257295768434109817e+01
7.629128108387563771e+03 1.257405372985270908e+01
7.629928058907474224e+03 1.256867152372997154e+01
7.630728009427384677e+03 1.256144109097640360e+01
7.631527959947296040e+03 1.255889254891607543e+01
7.632327910467206493e+03 1.256192038229272789e+01
7.633127860987116946e+03 1.256422824011494654e+01
7.633927811507028309e+03 1.256019599581593837e+01
7.634727762026938763e+03 1.255058539340130253e+01
7.635527712546850125e+03 1.254196520939188275e+01
7.636327663066760579e+03 1.254048222473832475e+01
7.637127613586671032e+03 1.254388969936096032e+01
7.637927564106582395e+03 1.254555105610242194e+01
7.638727514626492848e+03 1.254164264092182890e+01
7.639527465146404211e+03 1.253084497628886140e+01
7.640327415666314664e+03 1.251302731498216403e+01
7.641127366186225117e+03 1.249167030003590284e+01
7.641927316706136480e+03 1.247867727113911585e+01
7.642727267226046934e+03 1.248616382163778127e+01
7.643527217745957387e+03 1.250846506305553696e+01
7.644327168265868750e+03 1.252526056261060816e+01
7.645127118785779203e+03 1.252757984419432447e+01
7.645927069305690566e+03 1.252391982081563881e+01
7.646727019825601019e+03 1.252307591771146988e+01
7.647526970345511472e+03 1.252251382939239122e+01
7.648326920865422835e+03 1.251433571367502573e+01
7.649126871385333288e+03 1.249842649589313304e+01
7.649926821905243742e+03 1.248713922592697045e+01
7.650726772425155104e+03 1.249030668924032383e+01
7.651526722945065558e+03 1.250017366653409567e+01
7.652326673464976921e+03 1.250383857087461337e+01
7.653126623984887374e+03 1.249667854257859290e+01
7.653926574504797827e+03 1.247107346638962433e+01
7.654726525024709190e+03 1.241305238250229692e+01
7.655526475544619643e+03 1.233102074070909460e+01
7.656326426064530096e+03 1.226552691993622091e+01
7.657126376584441459e+03 1.224251220155414366e+01
7.657926327104351913e+03 1.222641579639891951e+01
7.658726277624263275e+03 1.215456892313059001e+01
7.659526228144173729e+03 1.203813246439427864e+01
7.660326178664084182e+03 1.194944973646433795e+01
7.661126129183995545e+03 1.192144699491249682e+01
7.661926079703905998e+03 1.195192160841423146e+01
7.662726030223816451e+03 1.202634288536907903e+01
7.663525980743727814e+03 1.211676825814801717e+01
7.664325931263638267e+03 1.215484616868155499e+01
7.665125881783549630e+03 1.203419364453660378e+01
7.665925832303460083e+03 1.178082804858096111e+01
7.666725782823370537e+03 1.163597435089869947e+01
7.667525733343281900e+03 1.178069889177757190e+01
7.668325683863192353e+03 1.208519593938856396e+01
7.669125634383103716e+03 1.230673154226811938e+01
7.669925584903014169e+03 1.236766336537645650e+01
7.670725535422924622e+03 1.233946638510976435e+01
7.671525485942835985e+03 1.231556572511021308e+01
7.672325436462746438e+03 1.233944785647166142e+01
7.673125386982656892e+03 1.238597556066481431e+01
7.673925337502568254e+03 1.241432381168561960e+01
7.674725288022478708e+03 1.242165071034891710e+01
7.675525238542390071e+03 1.242653615295157898e+01
7.676325189062300524e+03 1.243415125618242101e+01
7.677125139582210977e+03 1.243840659155976169e+01
7.677925090102122340e+03 1.243621881283391239e+01
7.678725040622032793e+03 1.242716718449120350e+01
7.679524991141943246e+03 1.240724639292355036e+01
7.680324941661854609e+03 1.236517041545072004e+01
7.681124892181765063e+03 1.229367599577773085e+01
7.681924842701676425e+03 1.222487025130194560e+01
7.682724793221586879e+03 1.222133087050393918e+01
7.683524743741497332e+03 1.228861616357273689e+01
7.684324694261408695e+03 1.236096024773753221e+01
7.685124644781319148e+03 1.239568793761672261e+01
7.685924595301229601e+03 1.240490029623226675e+01
7.686724545821140964e+03 1.240762795124614470e+01
7.687524496341051417e+03 1.240657221488618056e+01
7.688324446860962780e+03 1.239839795151986301e+01
7.689124397380873233e+03 1.237815207935106265e+01
7.689924347900783687e+03 1.234638718377828326e+01
7.690724298420695050e+03 1.231734283755408654e+01
7.691524248940605503e+03 1.229139216260101364e+01
7.692324199460515956e+03 1.223880167242684713e+01
7.693124149980427319e+03 1.216696925225382131e+01
7.693924100500337772e+03 1.215106094163775907e+01
7.694724051020249135e+03 1.222166108980490407e+01
7.695524001540159588e+03 1.230786769677678016e+01
7.696323952060070042e+03 1.234763408831806686e+01
7.697123902579981404e+03 1.234765769039766781e+01
7.697923853099891858e+03 1.233195865070173980e+01
7.698723803619802311e+03 1.229250450892030955e+01
7.699523754139713674e+03 1.219354338482611411e+01
7.700323704659624127e+03 1.204743629266407368e+01
7.701123655179535490e+03 1.197370741268210281e+01
7.701923605699445943e+03 1.206075637959423474e+01
7.702723556219356396e+03 1.221838534090003137e+01
7.703523506739267759e+03 1.232197340486643000e+01
7.704323457259178213e+03 1.235598906358961813e+01
7.705123407779089575e+03 1.235925501629435530e+01
7.705923358299000029e+03 1.235571442517736074e+01
7.706723308818910482e+03 1.235269636723466213e+01
7.707523259338821845e+03 1.235057240130215028e+01
7.708323209858732298e+03 1.234731453729423478e+01
7.709123160378642751e+03 1.234121329000592837e+01
7.709923110898554114e+03 1.232249122658254947e+01
7.710723061418464567e+03 1.226829821674270882e+01
7.711523011938375930e+03 1.217338403512412626e+01
7.712322962458286383e+03 1.208152405071348667e+01
7.713122912978196837e+03 1.204349975000164008e+01
7.713922863498108200e+03 1.205530215526724191e+01
7.714722814018018653e+03 1.207148894146229168e+01
7.715522764537929106e+03 1.206152512032708835e+01
7.716322715057840469e+03 1.205975358700849043e+01
7.717122665577750922e+03 1.211697772801833750e+01
7.717922616097662285e+03 1.221142873371898396e+01
7.718722566617572738e+03 1.227975089177838619e+01
7.719522517137483192e+03 1.229643919447331335e+01
7.720322467657394554e+03 1.227865945920323831e+01
7.721122418177305008e+03 1.225452900697425918e+01
7.721922368697215461e+03 1.223992858894276203e+01
7.722722319217126824e+03 1.222356056382402123e+01
7.723522269737037277e+03 1.218144957423786678e+01
7.724322220256948640e+03 1.211783352269436165e+01
7.725122170776859093e+03 1.207604920052842701e+01
7.725922121296769546e+03 1.207744093520790862e+01
7.726722071816680909e+03 1.209434017237566650e+01
7.727522022336591363e+03 1.210025343784190888e+01
7.728321972856501816e+03 1.207583460778771212e+01
7.729121923376413179e+03 1.202613189657526860e+01
7.729921873896323632e+03 1.201948934986732453e+01
7.730721824416234995e+03 1.209517385105714204e+01
7.731521774936145448e+03 1.219187986106121180e+01
7.732321725456055901e+03 1.224927945293996245e+01
7.733121675975967264e+03 1.226878328715445576e+01
7.733921626495877717e+03 1.226592963673577330e+01
7.734721577015789080e+03 1.224637670196551653e+01
7.735521527535699533e+03 1.222415418465354620e+01
7.736321478055609987e+03 1.221874015369254707e+01
7.737121428575521350e+03 1.223116979781911340e+01
7.737921379095431803e+03 1.224598519891672410e+01
7.738721329615342256e+03 1.225201689829633622e+01
7.739521280135253619e+03 1.224759483148291039e+01
7.740321230655164072e+03 1.223789371120554392e+01
7.741121181175075435e+03 1.223155367175151476e+01
7.741921131694985888e+03 1.222530177466198786e+01
7.742721082214896342e+03 1.219487458181171746e+01
7.743521032734807704e+03 1.212695438024847228e+01
7.744320983254718158e+03 1.205785259954324928e+01
7.745120933774628611e+03 1.204220585039866620e+01
7.745920884294539974e+03 1.206653547623841582e+01
7.746720834814450427e+03 1.204898616180541637e+01
7.747520785334361790e+03 1.195838175721464580e+01
7.748320735854272243e+03 1.185339600977342656e+01
7.749120686374182696e+03 1.177003663896082486e+01
7.749920636894094059e+03 1.169271242465577743e+01
7.750720587414004513e+03 1.166918819009138808e+01
7.751520537933914966e+03 1.176716298187437459e+01
7.752320488453826329e+03 1.192941729619446178e+01
7.753120438973736782e+03 1.205383752926152141e+01
7.753920389493648145e+03 1.212718809549048160e+01
7.754720340013558598e+03 1.217013776450573026e+01
7.755520290533469051e+03 1.218796886263079671e+01
7.756320241053380414e+03 1.218788588578557430e+01
7.757120191573290867e+03 1.218501514683261355e+01
7.757920142093201321e+03 1.219169334088854839e+01
7.758720092613112683e+03 1.220260819863545443e+01
7.759520043133023137e+03 1.219986470055254024e+01
7.760319993652934500e+03 1.217514946047004187e+01
7.761119944172844953e+03 1.214312501404686451e+01
7.761919894692755406e+03 1.213038344156742099e+01
7.762719845212666769e+03 1.214591114717206999e+01
7.763519795732577222e+03 1.217362310708859141e+01
7.764319746252488585e+03 1.219363507334262309e+01
7.765119696772399038e+03 1.219706617010176330e+01
7.765919647292309492e+03 1.218743658945553676e+01
7.766719597812220854e+03 1.217774210018735914e+01
7.767519548332131308e+03 1.217860985580059463e+01
7.768319498852041761e+03 1.218638859630544857e+01
7.769119449371953124e+03 1.219088147852382420e+01
7.769919399891863577e+03 1.218851886008882701e+01
7.770719350411774940e+03 1.218015584582070687e+01
7.771519300931685393e+03 1.216063900649579921e+01
7.772319251451595846e+03 1.211794871809195584e+01
7.773119201971507209e+03 1.205363383900620988e+01
7.773919152491417663e+03 1.200022832385162985e+01
7.774719103011328116e+03 1.198157483689076486e+01
7.775519053531239479e+03 1.197237561388718063e+01
7.776319004051149932e+03 1.195787251646693328e+01
7.777118954571061295e+03 1.196954522587511249e+01
7.777918905090971748e+03 1.202215062821825597e+01
7.778718855610882201e+03 1.208744998570531237e+01
7.779518806130793564e+03 1.212774535762253869e+01
7.780318756650704017e+03 1.211758572149671309e+01
7.781118707170614471e+03 1.203848849653135034e+01
7.781918657690525833e+03 1.191350528697304156e+01
7.782718608210436287e+03 1.184690541139552167e+01
7.783518558730347650e+03 1.191041014055033642e+01
7.784318509250258103e+03 1.202900934445446879e+01
7.785118459770168556e+03 1.210736465982833820e+01
7.785918410290079919e+03 1.213375831069355826e+01
7.786718360809990372e+03 1.213440958879693277e+01
7.787518311329900826e+03 1.212488597192244910e+01
7.788318261849812188e+03 1.210616772338721248e+01
7.789118212369722642e+03 1.206803785529024431e+01
7.789918162889634004e+03 1.200610383849581453e+01
7.790718113409544458e+03 1.195432645820736361e+01
7.791518063929454911e+03 1.196392397313394795e+01
7.792318014449366274e+03 1.202880242629484897e+01
7.793117964969276727e+03 1.209174698091501376e+01
7.793917915489187180e+03 1.212053773520396049e+01
7.794717866009098543e+03 1.212333941643348290e+01
7.795517816529008996e+03 1.211479632686530650e+01
7.796317767048920359e+03 1.210182236680969936e+01
7.797117717568830813e+03 1.208086843631839358e+01
7.797917668088741266e+03 1.203460496702035520e+01
7.798717618608652629e+03 1.195586774617592773e+01
7.799517569128563082e+03 1.188031845934081687e+01
7.800317519648474445e+03 1.185433411514132374e+01
7.801117470168384898e+03 1.187422701097099420e+01
7.801917420688295351e+03 1.191534164817991837e+01
7.802717371208206714e+03 1.196782094672650842e+01
7.803517321728117167e+03 1.201819737125881105e+01
7.804317272248027621e+03 1.205175863222171095e+01
7.805117222767938983e+03 1.207053154645545234e+01
7.805917173287849437e+03 1.208109177893972941e+01
7.806717123807760800e+03 1.208291142582923072e+01
7.807517074327671253e+03 1.207280146690233913e+01
7.808317024847581706e+03 1.204406316984200842e+01
7.809116975367493069e+03 1.199677853349001388e+01
7.809916925887403522e+03 1.196034498373984079e+01
7.810716876407313976e+03 1.195822138414125391e+01
7.811516826927225338e+03 1.195156540719231586e+01
7.812316777447135792e+03 1.190586235567904438e+01
7.813116727967047154e+03 1.186904813271424075e+01
7.813916678486957608e+03 1.189899497757023994e+01
7.814716629006868061e+03 1.196994542976167253e+01
7.815516579526779424e+03 1.202431153575434664e+01
7.816316530046689877e+03 1.204649367894184664e+01
7.817116480566600330e+03 1.204813012521649185e+01
7.817916431086511693e+03 1.204081224890758861e+01
7.818716381606422146e+03 1.203628107688033566e+01
7.819516332126333509e+03 1.204108114595338463e+01
7.820316282646243963e+03 1.204828053298219892e+01
7.821116233166154416e+03 1.204558321741625448e+01
7.821916183686065779e+03 1.202688924030929840e+01
7.822716134205976232e+03 1.199814659080999490e+01
7.823516084725886685e+03 1.197929121050115420e+01
7.824316035245798048e+03 1.198602255544061279e+01
7.825115985765708501e+03 1.200832138965043683e+01
7.825915936285619864e+03 1.202440505832514894e+01
7.826715886805530317e+03 1.201636953370364758e+01
7.827515837325440771e+03 1.197430128511468439e+01
7.828315787845352133e+03 1.191777689117371608e+01
7.829115738365262587e+03 1.189744022588859451e+01
7.829915688885173950e+03 1.193316793144601640e+01
7.830715639405084403e+03 1.198143443453174406e+01
7.831515589924994856e+03 1.199173063823559460e+01
7.832315540444906219e+03 1.193665897241486284e+01
7.833115490964816672e+03 1.181300991199834982e+01
7.833915441484727125e+03 1.168738163742056102e+01
7.834715392004638488e+03 1.166833409317382930e+01
7.835515342524548942e+03 1.175336283071868237e+01
7.836315293044460304e+03 1.181798710288012799e+01
7.837115243564370758e+03 1.180233914488243308e+01
7.837915194084281211e+03 1.177451586391309313e+01
7.838715144604192574e+03 1.180314050030258777e+01
7.839515095124103027e+03 1.187179312411314491e+01
7.840315045644013480e+03 1.192917273674894219e+01
7.841114996163924843e+03 1.195244512392814684e+01
7.841914946683835296e+03 1.194681795979927941e+01
7.842714897203746659e+03 1.192925214665245726e+01
7.843514847723657113e+03 1.191816837315686506e+01
7.844314798243567566e+03 1.192102951152143575e+01
7.845114748763478929e+03 1.193182904783359533e+01
7.845914699283389382e+03 1.194071982290547496e+01
7.846714649803299835e+03 1.194565807211592912e+01
7.847514600323211198e+03 1.195177789631859078e+01
7.848314550843121651e+03 1.195801576427241031e+01
7.849114501363033014e+03 1.195600454603349760e+01
7.849914451882943467e+03 1.193867981011970159e+01
7.850714402402853921e+03 1.190482639538169884e+01
7.851514352922765283e+03 1.186724845291212560e+01
7.852314303442675737e+03 1.185379292113065119e+01
7.853114253962586190e+03 1.187612327771375575e+01
7.853914204482497553e+03 1.191027061977685975e+01
7.854714155002408006e+03 1.192816353303586574e+01
7.855514105522319369e+03 1.192111287030186517e+01
7.856314056042229822e+03 1.189521957442144995e+01
7.857114006562140275e+03 1.187122786582903800e+01
7.857913957082051638e+03 1.187358218250701825e+01
7.858713907601962092e+03 1.190161143216807815e+01
7.859513858121873454e+03 1.193062768743378754e+01
7.860313808641783908e+03 1.194276158380069219e+01
7.861113759161694361e+03 1.193662988405875858e+01
7.861913709681605724e+03 1.191672131737643880e+01
7.862713660201516177e+03 1.189593376901318145e+01
7.863513610721426630e+03 1.189193244617079870e+01
7.864313561241337993e+03 1.190221217112974728e+01
7.865113511761248446e+03 1.190944040447531904e+01
7.865913462281159809e+03 1.191100199772564672e+01
7.866713412801070263e+03 1.191508114117599249e+01
7.867513363320980716e+03 1.191967473468747407e+01
7.868313313840892079e+03 1.191840883940371043e+01
7.869113264360802532e+03 1.191196183236943185e+01
7.869913214880712985e+03 1.190113129253721880e+01
7.870713165400624348e+03 1.188346225409186374e+01
7.871513115920534801e+03 1.186434697429229068e+01
7.872313066440446164e+03 1.185540646118602481e+01
7.873113016960356617e+03 1.185807509275841554e+01
7.873912967480267071e+03 1.186363266517372850e+01
7.874712918000178433e+03 1.186668022998094685e+01
7.875512868520088887e+03 1.186682283209341549e+01
7.876312819039999340e+03 1.186261419178309673e+01
7.877112769559910703e+03 1.185090790818460604e+01
7.877912720079821156e+03 1.183069880660662321e+01
7.878712670599732519e+03 1.180788356021746210e+01
7.879512621119642972e+03 1.179781856637830018e+01
7.880312571639553425e+03 1.180875719360924947e+01
7.881112522159464788e+03 1.182299702751884318e+01
7.881912472679375242e+03 1.181687290315618633e+01
7.882712423199285695e+03 1.178691013252656283e+01
7.883512373719197058e+03 1.175657945228255663e+01
7.884312324239107511e+03 1.175978821550049602e+01
7.885112274759018874e+03 1.179639463859226467e+01
7.885912225278929327e+03 1.183270238606213454e+01
7.886712175798839780e+03 1.185031961604434869e+01
7.887512126318751143e+03 1.185611957184502785e+01
7.888312076838661596e+03 1.185620229706473339e+01
7.889112027358572050e+03 1.184781724463928754e+01
7.889911977878483412e+03 1.183021105174672272e+01
7.890711928398393866e+03 1.180995882241536776e+01
7.891511878918305229e+03 1.179841360524687488e+01
7.892311829438215682e+03 1.180324155181845214e+01
7.893111779958126135e+03 1.181829466691604580e+01
7.893911730478037498e+03 1.182861741176254000e+01
7.894711680997947951e+03 1.182569891658326000e+01
7.895511631517859314e+03 1.181126225326751111e+01
7.896311582037769767e+03 1.179148493752090587e+01
7.897111532557680221e+03 1.177111407642390617e+01
7.897911483077591583e+03 1.175484078321536785e+01
7.898711433597502037e+03 1.175233976330155983e+01
7.899511384117412490e+03 1.176733406907222346e+01
7.900311334637323853e+03 1.178503351305796265e+01
7.901111285157234306e+03 1.178379689481295145e+01
7.901911235677145669e+03 1.175718203639206827e+01
7.902711186197056122e+03 1.172767728386550523e+01
7.903511136716966575e+03 1.172710567929100911e+01
7.904311087236877938e+03 1.175539884296635407e+01
7.905111037756788392e+03 1.178289894943057803e+01
7.905910988276698845e+03 1.179173779360700181e+01
7.906710938796610208e+03 1.178897029118825124e+01
7.907510889316520661e+03 1.178657067678472004e+01
7.908310839836432024e+03 1.178595299786984540e+01
7.909110790356342477e+03 1.177899872298961625e+01
7.909910740876252930e+03 1.176065618858698159e+01
7.910710691396164293e+03 1.174150168852063203e+01
7.911510641916074746e+03 1.173701431198032807e+01
7.912310592435985200e+03 1.174002339374238524e+01
7.913110542955896562e+03 1.171906019733640036e+01
7.913910493475807016e+03 1.165576521704819157e+01
7.914710443995718379e+03 1.158696651638685893e+01
7.915510394515628832e+03 1.157898650393492801e+01
7.916310345035539285e+03 1.163010532496148031e+01
7.917110295555450648e+03 1.166880804653612458e+01
7.917910246075361101e+03 1.165310840145657068e+01
7.918710196595271555e+03 1.158323576032093172e+01
7.919510147115182917e+03 1.149242736205116344e+01
7.920310097635093371e+03 1.145483605350996470e+01
7.921110048155004733e+03 1.151193596715950029e+01
7.921909998674915187e+03 1.161576797612117673e+01
7.922709949194825640e+03 1.169664958326467286e+01
7.923509899714737003e+03 1.172914031231277576e+01
7.924309850234647456e+03 1.172215853063597812e+01
7.925109800754558819e+03 1.169794180699964770e+01
7.925909751274469272e+03 1.168064187566831968e+01
7.926709701794379725e+03 1.167816936115617921e+01
7.927509652314291088e+03 1.167898813709921058e+01
7.928309602834201542e+03 1.167619451605793657e+01
7.929109553354111995e+03 1.167518681491179855e+01
7.929909503874023358e+03 1.167414713925178660e+01
7.930709454393933811e+03 1.165944583154679215e+01
7.931509404913845174e+03 1.161356692996516315e+01
7.932309355433755627e+03 1.152978702679026313e+01
7.933109305953666080e+03 1.143072894605384349e+01
7.933909256473577443e+03 1.136054459628598678e+01
7.934709206993487896e+03 1.136247957208612647e+01
7.935509157513398350e+03 1.144923493000865022e+01
7.936309108033309712e+03 1.156183729391209525e+01
7.937109058553220166e+03 1.160122729408589848e+01
7.937909009073131529e+03 1.151516584475556115e+01
7.938708959593041982e+03 1.136663100839044915e+01
7.939508910112952435e+03 1.130503757634613748e+01
7.940308860632863798e+03 1.139378767606816112e+01
7.941108811152774251e+03 1.152678143960984514e+01
7.941908761672684705e+03 1.159145185702750425e+01
7.942708712192596067e+03 1.158725874506104248e+01
7.943508662712506521e+03 1.156299138937845683e+01
7.944308613232417883e+03 1.152340616930934125e+01
7.945108563752328337e+03 1.143663824233787984e+01
7.945908514272238790e+03 1.131639730608032579e+01
7.946708464792150153e+03 1.122004043128547934e+01
7.947508415312060606e+03 1.118885180263223944e+01
7.948308365831971059e+03 1.125454613274290594e+01
7.949108316351882422e+03 1.140204724461650088e+01
7.949908266871792875e+03 1.153969914053651635e+01
7.950708217391704238e+03 1.160463035310733559e+01
7.951508167911614692e+03 1.161873988529012536e+01
7.952308118431525145e+03 1.162222538685641382e+01
7.953108068951436508e+03 1.162740159580819110e+01
7.953908019471346961e+03 1.163410198717782329e+01
7.954707969991258324e+03 1.163511902289718236e+01
7.955507920511168777e+03 1.161576468753683322e+01
7.956307871031079230e+03 1.157513160210354819e+01
7.957107821550990593e+03 1.154004449224755291e+01
7.957907772070901046e+03 1.153999645822524123e+01
7.958707722590811500e+03 1.156867761267834815e+01
7.959507673110722862e+03 1.159101916720904768e+01
7.960307623630633316e+03 1.158553154752654279e+01
7.961107574150544679e+03 1.156943189489186707e+01
7.961907524670455132e+03 1.157311969919607719e+01
7.962707475190365585e+03 1.159560676869550377e+01
7.963507425710276948e+03 1.161245101257268786e+01
7.964307376230187401e+03 1.161390569322675503e+01
7.965107326750097855e+03 1.160989207042794291e+01
7.965907277270009217e+03 1.161009479594059535e+01
7.966707227789919671e+03 1.161501055287177664e+01
7.967507178309831033e+03 1.162357107771886433e+01
7.968307128829741487e+03 1.163367335685419590e+01
7.969107079349651940e+03 1.163773566564735162e+01
7.969907029869563303e+03 1.162916053832019969e+01
7.970706980389473756e+03 1.160704629156151135e+01
7.971506930909384209e+03 1.157851357427708194e+01
7.972306881429295572e+03 1.156059637164704768e+01
7.973106831949206025e+03 1.156573590684404707e+01
7.973906782469117388e+03 1.158168329368975158e+01
7.974706732989027842e+03 1.158340465592038093e+01
7.975506683508938295e+03 1.156025256294508274e+01
7.976306634028849658e+03 1.153135718109685826e+01
7.977106584548760111e+03 1.152939981658488477e+01
7.977906535068670564e+03 1.155685019539259173e+01
7.978706485588581927e+03 1.158088870632684575e+01
7.979506436108492380e+03 1.157747807516766159e+01
7.980306386628403743e+03 1.155544360684678651e+01
7.981106337148314196e+03 1.154034560613864002e+01
7.981906287668224650e+03 1.154614291462212350e+01
7.982706238188136012e+03 1.156353910351939973e+01
7.983506188708046466e+03 1.158069441561362822e+01
7.984306139227956919e+03 1.159445360821134585e+01
7.985106089747868282e+03 1.160081361836023461e+01
7.985906040267778735e+03 1.159686756059201329e+01
7.986705990787690098e+03 1.158686685001059047e+01
7.987505941307600551e+03 1.157241926112930130e+01
7.988305891827511005e+03 1.154759772551805597e+01
7.989105842347422367e+03 1.151866731534206423e+01
7.989905792867332821e+03 1.150899636569259599e+01
7.990705743387244183e+03 1.152500472411890087e+01
7.991505693907154637e+03 1.154500940632894412e+01
7.992305644427065090e+03 1.155336963532050021e+01
7.993105594946976453e+03 1.155323920431114004e+01
7.993905545466886906e+03 1.154956112396541812e+01
7.994705495986797359e+03 1.154368593284250011e+01
7.995505446506708722e+03 1.153292531644519769e+01
7.996305397026619175e+03 1.151219641692846096e+01
7.997105347546530538e+03 1.149069078658539667e+01
7.997905298066440992e+03 1.148178327587138625e+01
7.998705248586351445e+03 1.146713460393522865e+01
7.999505199106262808e+03 1.139889808503484403e+01
8.000305149626173261e+03 1.127527015664596455e+01
8.001105100146083714e+03 1.119865032071078303e+01
8.001905050665995077e+03 1.125714560151394039e+01
8.002705001185905530e+03 1.138364849312563365e+01
8.003504951705816893e+03 1.146050045601315048e+01
8.004304902225727346e+03 1.146922683169053592e+01
8.005104852745637800e+03 1.146623202813374220e+01
8.005904803265549162e+03 1.148612277297479167e+01
8.006704753785459616e+03 1.151275495399190874e+01
8.007504704305370069e+03 1.151762671261895399e+01
8.008304654825281432e+03 1.149672911826688093e+01
8.009104605345191885e+03 1.147186742156595862e+01
8.009904555865103248e+03 1.146555250275935123e+01
8.010704506385013701e+03 1.147891846738353294e+01
8.011504456904924155e+03 1.149745458021724076e+01
8.012304407424835517e+03 1.150822395761768568e+01
8.013104357944745971e+03 1.150606195194257531e+01
8.013904308464656424e+03 1.149436177245276625e+01
8.014704258984567787e+03 1.148664255547020652e+01
8.015504209504478240e+03 1.149356206146553561e+01
8.016304160024389603e+03 1.150785161926638089e+01
8.017104110544300056e+03 1.151510596873568915e+01
8.017904061064210509e+03 1.151243156537853274e+01
8.018704011584121872e+03 1.150509116662903963e+01
8.019503962104032325e+03 1.149887691357120190e+01
8.020303912623943688e+03 1.149773926586492578e+01
8.021103863143854142e+03 1.149851608344703990e+01
8.021903813663764595e+03 1.149292182228246872e+01
8.022703764183675958e+03 1.148069959058166134e+01
8.023503714703586411e+03 1.147277612971777039e+01
8.024303665223496864e+03 1.147638553580288701e+01
8.025103615743408227e+03 1.148280459951466881e+01
8.025903566263318680e+03 1.147653495162353465e+01
8.026703516783230043e+03 1.145024726073239840e+01
8.027503467303140496e+03 1.140163352938481367e+01
8.028303417823050950e+03 1.132944691495318068e+01
8.029103368342962312e+03 1.124844928535682165e+01
8.029903318862872766e+03 1.119848030449000476e+01
8.030703269382783219e+03 1.122198461772234879e+01
8.031503219902694582e+03 1.131220606130018780e+01
8.032303170422605035e+03 1.140593349084482178e+01
8.033103120942516398e+03 1.145899598531314467e+01
8.033903071462426851e+03 1.147605067489255859e+01
8.034703021982337305e+03 1.146880500929058400e+01
8.035502972502248667e+03 1.143210502113892701e+01
8.036302923022159121e+03 1.136677913660501815e+01
8.037102873542069574e+03 1.131261825433486834e+01
8.037902824061980937e+03 1.131962669011358358e+01
8.038702774581891390e+03 1.137845462010364450e+01
8.039502725101802753e+03 1.143427796224182913e+01
8.040302675621713206e+03 1.145830334106475590e+01
8.041102626141623659e+03 1.145944918406335766e+01
8.041902576661535022e+03 1.145270873135501333e+01
8.042702527181445475e+03 1.144661132795742375e+01
8.043502477701355929e+03 1.144316723848304562e+01
8.044302428221267292e+03 1.143686162436094556e+01
8.045102378741177745e+03 1.141791583107561436e+01
8.045902329261089108e+03 1.137099007295570452e+01
8.046702279780999561e+03 1.127466919314298011e+01
8.047502230300910014e+03 1.113777836356492656e+01
8.048302180820821377e+03 1.103446959767198621e+01
8.049102131340731830e+03 1.103117060253061510e+01
8.049902081860643193e+03 1.109912092726009902e+01
8.050702032380553646e+03 1.116995849566579402e+01
8.051501982900464100e+03 1.121816160700067400e+01
8.052301933420375462e+03 1.126721931572408764e+01
8.053101883940285916e+03 1.132830930095271427e+01
8.053901834460196369e+03 1.137018554408233584e+01
8.054701784980107732e+03 1.136381659538138678e+01
8.055501735500018185e+03 1.132501422538154756e+01
8.056301686019929548e+03 1.129923029263576417e+01
8.057101636539840001e+03 1.131164897766352340e+01
8.057901587059750455e+03 1.134412773208565639e+01
8.058701537579661817e+03 1.137043842191761911e+01
8.059501488099572271e+03 1.138492256457173113e+01
8.060301438619482724e+03 1.139234719371981619e+01
8.061101389139394087e+03 1.139451730087344217e+01
8.061901339659304540e+03 1.139109753536716951e+01
8.062701290179215903e+03 1.138537282102501358e+01
8.063501240699126356e+03 1.138199384826782534e+01
8.064301191219036809e+03 1.138068603950095792e+01
8.065101141738948172e+03 1.137948077851091000e+01
8.065901092258858625e+03 1.137914881727044758e+01
8.066701042778769079e+03 1.138012145749054937e+01
8.067500993298680442e+03 1.137883409465926121e+01
8.068300943818590895e+03 1.137029393738607297e+01
8.069100894338502258e+03 1.135532589076287913e+01
8.069900844858412711e+03 1.133891300725028728e+01
8.070700795378323164e+03 1.131972142753761723e+01
8.071500745898234527e+03 1.128938896703770212e+01
8.072300696418144980e+03 1.125007203607754747e+01
8.073100646938055434e+03 1.122145692714393661e+01
8.073900597457966796e+03 1.121805485900956434e+01
8.074700547977877250e+03 1.123290813000613753e+01
8.075500498497788612e+03 1.124646914535589914e+01
8.076300449017699066e+03 1.124454146314505820e+01
8.077100399537609519e+03 1.124023720400677995e+01
8.077900350057520882e+03 1.126076535854621952e+01
8.078700300577431335e+03 1.130120392306560007e+01
8.079500251097341788e+03 1.133113696311560581e+01
8.080300201617253151e+03 1.133622591320943940e+01
8.081100152137163604e+03 1.131847919142980174e+01
8.081900102657074967e+03 1.128540159316980862e+01
8.082700053176985421e+03 1.125957669290077234e+01
8.083500003696895874e+03 1.126177964284890365e+01
8.084299954216807237e+03 1.127829679849751976e+01
8.085099904736717690e+03 1.126926954284226490e+01
8.085899855256629053e+03 1.120207393230453796e+01
8.086699805776539506e+03 1.110140511966638321e+01
8.087499756296449959e+03 1.106130030024060318e+01
8.088299706816361322e+03 1.113084633034035242e+01
8.089099657336271775e+03 1.123553143272211940e+01
8.089899607856182229e+03 1.128793728263711671e+01
8.090699558376093592e+03 1.127939771739901786e+01
8.091499508896004045e+03 1.124772895781370430e+01
8.092299459415915408e+03 1.122400998263896810e+01
8.093099409935825861e+03 1.120181761055299852e+01
8.093899360455736314e+03 1.115317804082777542e+01
8.094699310975647677e+03 1.108983934240118607e+01
8.095499261495558130e+03 1.107170675044022445e+01
8.096299212015468584e+03 1.112048648638193704e+01
8.097099162535379946e+03 1.116853275310543125e+01
8.097899113055290400e+03 1.111796686578353999e+01
8.098699063575201762e+03 1.079676403224983261e+01
8.099499014095112216e+03 9.794285082727149927e+00
8.100298964615022669e+03 7.783008507459362235e+00
8.101098915134934032e+03 5.410358663819012648e+00
8.101898865654844485e+03 4.489941409293898289e+00
8.102698816174754938e+03 5.942707132796281932e+00
8.103498766694666301e+03 8.328828052140686111e+00
8.104298717214576754e+03 1.009389753496852116e+01
8.105098667734488117e+03 1.093877121808014508e+01
8.105898618254398571e+03 1.119954282838337534e+01
8.106698568774309024e+03 1.124615672675171396e+01
8.107498519294220387e+03 1.125003939047517321e+01
8.108298469814130840e+03 1.124988176539535445e+01
8.109098420334041293e+03 1.124830712410451383e+01
8.109898370853952656e+03 1.124345458001811693e+01
8.110698321373863109e+03 1.123827779764773993e+01
8.111498271893774472e+03 1.123636807705944562e+01
8.112298222413684925e+03 1.123730055455195931e+01
8.113098172933595379e+03 1.123673160639368618e+01
8.113898123453506741e+03 1.123219419900729577e+01
8.114698073973417195e+03 1.122760519835983928e+01
8.115498024493328558e+03 1.122332562625611629e+01
8.116297975013239011e+03 1.121323366760604756e+01
8.117097925533149464e+03 1.119670322670090457e+01
8.117897876053060827e+03 1.118176576110590759e+01
8.118697826572971280e+03 1.117963757432411143e+01
8.119497777092881734e+03 1.119460004232409389e+01
8.120297727612793096e+03 1.121423762521838796e+01
8.121097678132703550e+03 1.122422145158867579e+01
8.121897628652614912e+03 1.122711442832241957e+01
8.122697579172525366e+03 1.123252204668260390e+01
8.123497529692435819e+03 1.124023061982591543e+01
8.124297480212347182e+03 1.124389776678372499e+01
8.125097430732257635e+03 1.124119186084770305e+01
8.125897381252168088e+03 1.123248081079237082e+01
8.126697331772079451e+03 1.121708572228090262e+01
8.127497282291989904e+03 1.119777770465173994e+01
8.128297232811901267e+03 1.118428741543858962e+01
8.129097183331811721e+03 1.118473465007362577e+01
8.129897133851722174e+03 1.119582067718976859e+01
8.130697084371633537e+03 1.120527509187008519e+01
8.131497034891543990e+03 1.120277776416472193e+01
8.132296985411454443e+03 1.119057200450776612e+01
8.133096935931365806e+03 1.118323921672130083e+01
8.133896886451276259e+03 1.119070979171085511e+01
8.134696836971187622e+03 1.120530832009254496e+01
8.135496787491098075e+03 1.121427111076939021e+01
8.136296738011008529e+03 1.121389347027887951e+01
8.137096688530919891e+03 1.120611249905416429e+01
8.137896639050830345e+03 1.119355367439439064e+01
8.138696589570740798e+03 1.118131258324348565e+01
8.139496540090652161e+03 1.117373725679326313e+01
8.140296490610562614e+03 1.116789379100285018e+01
8.141096441130473977e+03 1.115775861803740554e+01
8.141896391650384430e+03 1.114573156863198911e+01
8.142696342170294884e+03 1.114131600138782119e+01
8.143496292690206246e+03 1.114583481372826412e+01
8.144296243210116700e+03 1.115163701557251130e+01
8.145096193730028062e+03 1.115608378005387458e+01
8.145896144249938516e+03 1.116198709070191697e+01
8.146696094769848969e+03 1.116894307298149691e+01
8.147496045289760332e+03 1.117234109798311437e+01
8.148295995809670785e+03 1.116863525633210941e+01
8.149095946329581238e+03 1.115811657786432853e+01
8.149895896849492601e+03 1.113593756327962581e+01
8.150695847369403054e+03 1.109259604176416758e+01
8.151495797889314417e+03 1.104176049550199679e+01
8.152295748409224871e+03 1.102211783221165753e+01
8.153095698929135324e+03 1.104797003489722584e+01
8.153895649449046687e+03 1.109000401711228889e+01
8.154695599968957140e+03 1.111874097650745519e+01
8.155495550488867593e+03 1.112884200075896146e+01
8.156295501008778956e+03 1.112588249242536698e+01
8.157095451528689409e+03 1.112180025498447833e+01
8.157895402048600772e+03 1.112912906441310668e+01
8.158695352568511225e+03 1.114387154988547479e+01
8.159495303088421679e+03 1.115057783765087152e+01
8.160295253608333041e+03 1.114454726240627735e+01
8.161095204128243495e+03 1.113268415877244877e+01
8.161895154648153948e+03 1.111454216530021810e+01
8.162695105168065311e+03 1.107653693823672114e+01
8.163495055687975764e+03 1.102247420984434179e+01
8.164295006207887127e+03 1.099487199555281514e+01
8.165094956727797580e+03 1.102414686510534736e+01
8.165894907247708034e+03 1.107935831342345168e+01
8.166694857767619396e+03 1.111584953987459556e+01
8.167494808287529850e+03 1.112648407214251733e+01
8.168294758807440303e+03 1.112344802457648285e+01
8.169094709327351666e+03 1.111416709563306782e+01
8.169894659847262119e+03 1.110367317560124434e+01
8.170694610367173482e+03 1.109726840726908037e+01
8.171494560887083935e+03 1.109588877514043403e+01
8.172294511406994388e+03 1.109698408005059633e+01
8.173094461926905751e+03 1.109858631262340722e+01
8.173894412446816204e+03 1.109924480694414406e+01
8.174694362966726658e+03 1.109638837775780829e+01
8.175494313486638021e+03 1.108981379004693579e+01
8.176294264006548474e+03 1.108554291178147722e+01
8.177094214526459837e+03 1.108900163867139099e+01
8.177894165046370290e+03 1.109566681976146540e+01
8.178694115566280743e+03 1.109472398926200931e+01
8.179494066086192106e+03 1.107879813826736104e+01
8.180294016606102559e+03 1.105067910207813142e+01
8.181093967126013922e+03 1.102708914152782604e+01
8.181893917645924375e+03 1.102043013819952932e+01
8.182693868165834829e+03 1.100718322563628604e+01
8.183493818685746191e+03 1.093285099093128210e+01
8.184293769205656645e+03 1.077341319219262061e+01
8.185093719725567098e+03 1.061699195261245876e+01
8.185893670245478461e+03 1.060915470294806795e+01
8.186693620765388914e+03 1.075305515202444973e+01
8.187493571285300277e+03 1.089886765381056577e+01
8.188293521805210730e+03 1.095422268822928302e+01
8.189093472325121184e+03 1.095833903828194167e+01
8.189893422845032546e+03 1.097346127958516249e+01
8.190693373364943000e+03 1.100887563221485621e+01
8.191493323884853453e+03 1.104440854936613192e+01
8.192293274404762997e+03 1.106530269210241890e+01
8.193093224924676178e+03 1.106526411516385267e+01
8.193893175444587541e+03 1.103605738853251950e+01
8.194693125964497085e+03 1.095174146306581164e+01
8.195493076484406629e+03 1.077189232709294409e+01
8.196293027004317992e+03 1.053024201594678289e+01
8.197092977524231173e+03 1.039936756284335928e+01
8.197892928044140717e+03 1.050192788642906905e+01
8.198692878564050261e+03 1.071604327236975607e+01
8.199492829083961624e+03 1.085064789272146868e+01
8.200292779603872987e+03 1.086531009586309793e+01
8.201092730123782530e+03 1.084608635092850903e+01
8.201892680643693893e+03 1.086200945768840853e+01
8.202692631163605256e+03 1.089134023044731236e+01
8.203492581683516619e+03 1.090089100116139065e+01
8.204292532203426163e+03 1.090940070786043670e+01
8.205092482723335706e+03 1.093051634757810575e+01
8.205892433243248888e+03 1.094280777239784186e+01
8.206692383763160251e+03 1.093916321192928365e+01
8.207492334283069795e+03 1.093610479125889512e+01
8.208292284802979339e+03 1.092842743881373480e+01
8.209092235322890701e+03 1.089644705038379158e+01
8.209892185842803883e+03 1.086262374671559705e+01
8.210692136362713427e+03 1.086657869022606704e+01
8.211492086882622971e+03 1.089551268795262651e+01
8.212292037402534334e+03 1.090491648435086702e+01
8.213091987922445696e+03 1.086674563828598750e+01
8.213891938442357059e+03 1.078017895388231828e+01
8.214691888962266603e+03 1.069029533363998397e+01
8.215491839482177966e+03 1.067288457319088835e+01
8.216291790002089328e+03 1.074372562528613528e+01
8.217091740521998872e+03 1.083379990871033094e+01
8.217891691041908416e+03 1.089490169732559721e+01
8.218691641561821598e+03 1.093554543348460939e+01
8.219491592081732961e+03 1.095680892699745712e+01
8.220291542601642504e+03 1.092340722340264847e+01
8.221091493121552048e+03 1.079825816854640053e+01
8.221891443641463411e+03 1.061938264792532749e+01
8.222691394161376593e+03 1.052449196477978255e+01
8.223491344681286137e+03 1.060015084636929927e+01
8.224291295201195680e+03 1.076121787057804724e+01
8.225091245721107043e+03 1.088644302946643627e+01
8.225891196241018406e+03 1.094777523362371952e+01
8.226691146760929769e+03 1.097091756964592690e+01
8.227491097280839313e+03 1.097699851272366978e+01
8.228291047800750675e+03 1.097380030494362657e+01
8.229090998320662038e+03 1.096142553324305702e+01
8.229890948840571582e+03 1.093765613784776747e+01
8.230690899360481126e+03 1.089310631974162646e+01
8.231490849880394308e+03 1.081074306780563887e+01
8.232290800400305670e+03 1.070089729821537006e+01
8.233090750920215214e+03 1.062103304243846935e+01
8.233890701440124758e+03 1.061992660182349013e+01
8.234690651960036121e+03 1.069000124567263299e+01
8.235490602479949303e+03 1.078736148396423822e+01
8.236290552999858846e+03 1.086280627737467341e+01
8.237090503519768390e+03 1.089727876813219609e+01
8.237890454039679753e+03 1.090318776597308137e+01
8.238690404559591116e+03 1.089329951465020230e+01
8.239490355079502478e+03 1.087003753211864066e+01
8.240290305599412022e+03 1.083793815000838379e+01
8.241090256119323385e+03 1.081804267715690315e+01
8.241890206639234748e+03 1.083351847067017282e+01
8.242690157159144292e+03 1.087205535965098946e+01
8.243490107679055654e+03 1.090043441582700545e+01
8.244290058198967017e+03 1.090857364066086532e+01
8.245090008718878380e+03 1.090742996237998952e+01
8.245889959238787924e+03 1.090799376071324467e+01
8.246689909758697468e+03 1.091418634458080916e+01
8.247489860278608830e+03 1.091489087353216547e+01
8.248289810798522012e+03 1.088521371399711057e+01
8.249089761318431556e+03 1.080899016652955069e+01
8.249889711838341100e+03 1.071418666783248952e+01
8.250689662358252463e+03 1.067390007704116428e+01
8.251489612878163825e+03 1.072721779007449250e+01
8.252289563398075188e+03 1.082163770535727210e+01
8.253089513917984732e+03 1.088611244008054868e+01
8.253889464437896095e+03 1.090863294265894012e+01
8.254689414957807458e+03 1.091080344671629376e+01
8.255489365477717001e+03 1.090378044969734361e+01
8.256289315997628364e+03 1.089102903148379298e+01
8.257089266517539727e+03 1.087920708920874091e+01
8.257889217037451090e+03 1.087148381946606435e+01
8.258689167557360634e+03 1.086824767328371166e+01
8.259489118077270177e+03 1.087365837897221965e+01
8.260289068597181540e+03 1.088654877633825890e+01
8.261089019117094722e+03 1.089882214780693559e+01
8.261888969637004266e+03 1.090668338705937934e+01
8.262688920156913809e+03 1.091134400628950019e+01
8.263488870676825172e+03 1.091095424655309110e+01
8.264288821196736535e+03 1.089963108899024036e+01
8.265088771716647898e+03 1.087785585557158896e+01
8.265888722236557442e+03 1.086073928601143379e+01
8.266688672756468804e+03 1.086197908465416617e+01
8.267488623276380167e+03 1.087281582910441990e+01
8.268288573796289711e+03 1.087780146353259703e+01
8.269088524316201074e+03 1.087625582859985229e+01
8.269888474836112437e+03 1.087313544238944019e+01
8.270688425356023799e+03 1.086865578575361369e+01
8.271488375875933343e+03 1.086586489447674708e+01
8.272288326395842887e+03 1.087064243891413007e+01
8.273088276915756069e+03 1.087970167104299435e+01
8.273888227435667432e+03 1.088252328980101780e+01
8.274688177955576975e+03 1.087484497362822111e+01
8.275488128475486519e+03 1.086121129291883491e+01
8.276288078995397882e+03 1.084642545136337333e+01
8.277088029515309245e+03 1.083019049731748140e+01
8.277887980035220608e+03 1.081441051161442424e+01
8.278687930555130151e+03 1.080922496845743197e+01
8.279487881075041514e+03 1.081934009028253740e+01
8.280287831594952877e+03 1.083592133887981390e+01
8.281087782114862421e+03 1.085061103495303669e+01
8.281887732634773784e+03 1.086231968576597851e+01
8.282687683154685146e+03 1.086779617592999259e+01
8.283487633674596509e+03 1.086221824386336365e+01
8.284287584194506053e+03 1.085029763676625336e+01
8.285087534714415597e+03 1.084383475886187398e+01
8.285887485234328778e+03 1.084573878842014594e+01
8.286687435754240141e+03 1.084885350027598960e+01
8.287487386274149685e+03 1.084611833420693650e+01
8.288287336794059229e+03 1.083290642302690898e+01
8.289087287313970592e+03 1.081009785370994436e+01
8.289887237833881954e+03 1.079142803105950321e+01
8.290687188353793317e+03 1.079102415258054570e+01
8.291487138873702861e+03 1.080414091937646859e+01
8.292287089393614224e+03 1.081679985483306083e+01
8.293087039913525587e+03 1.081674125631286465e+01
8.293886990433435130e+03 1.078987472893992816e+01
8.294686940953346493e+03 1.073194238854792459e+01
8.295486891473257856e+03 1.066841086425486118e+01
8.296286841993169219e+03 1.064063298116562351e+01
8.297086792513078763e+03 1.066429040186786992e+01
8.297886743032988306e+03 1.071485688807296555e+01
8.298686693552901488e+03 1.075310302223200942e+01
8.299486644072812851e+03 1.076312109972650788e+01
8.300286594592722395e+03 1.075711789340312841e+01
8.301086545112631939e+03 1.075220550429284927e+01
8.301886495632543301e+03 1.075604104041893549e+01
8.302686446152456483e+03 1.076556608744615318e+01
8.303486396672366027e+03 1.077033552118368576e+01
8.304286347192275571e+03 1.076103919127296038e+01
8.305086297712186933e+03 1.074047952048742971e+01
8.305886248232098296e+03 1.071589780880950826e+01
8.306686198752007840e+03 1.067619054309002991e+01
8.307486149271919203e+03 1.060513951636025354e+01
8.308286099791830566e+03 1.052826758465330670e+01
8.309086050311741928e+03 1.050858094145867305e+01
8.309886000831651472e+03 1.056539733560797245e+01
8.310685951351561016e+03 1.063184921295594165e+01
8.311485901871474198e+03 1.064051510999664885e+01
8.312285852391385561e+03 1.061221404333299034e+01
8.313085802911295104e+03 1.061597625188682770e+01
8.313885753431204648e+03 1.066614293800886948e+01
8.314685703951116011e+03 1.072045146355853973e+01
8.315485654471029193e+03 1.075065806589948458e+01
8.316285604990938737e+03 1.075674016096014007e+01
8.317085555510848280e+03 1.074280506132450697e+01
8.317885506030759643e+03 1.070660670125348091e+01
8.318685456550671006e+03 1.065173287096619958e+01
8.319485407070580550e+03 1.060985880786370572e+01
8.320285357590491913e+03 1.061750744387091316e+01
8.321085308110403275e+03 1.066077099920176785e+01
8.321885258630314638e+03 1.069439312186667834e+01
8.322685209150224182e+03 1.070414692327700124e+01
8.323485159670133726e+03 1.070943607785945417e+01
8.324285110190046908e+03 1.072433160251061501e+01
8.325085060709958270e+03 1.074071950257855335e+01
8.325885011229867814e+03 1.074062645709897090e+01
8.326684961749777358e+03 1.069984965903264040e+01
8.327484912269688721e+03 1.058132461375032207e+01
8.328284862789601902e+03 1.038930872206391243e+01
8.329084813309511446e+03 1.024577843751996475e+01
8.329884763829420990e+03 1.028607452933663424e+01
8.330684714349332353e+03 1.046236709810226273e+01
8.331484664869243716e+03 1.060663722725715630e+01
8.332284615389153259e+03 1.062985637420309359e+01
8.333084565909064622e+03 1.056115465593742542e+01
8.333884516428975985e+03 1.048884571549077194e+01
8.334684466948887348e+03 1.047976405239205278e+01
8.335484417468796892e+03 1.050491871364384266e+01
8.336284367988706435e+03 1.050151400509023603e+01
8.337084318508619617e+03 1.048550675028132773e+01
8.337884269028530980e+03 1.051138329488536627e+01
8.338684219548440524e+03 1.056503483762288553e+01
8.339484170068350068e+03 1.058431881644366790e+01
8.340284120588261430e+03 1.055075626063945471e+01
8.341084071108174612e+03 1.050668945496991213e+01
8.341884021628084156e+03 1.050213613028424930e+01
8.342683972147993700e+03 1.054050286346030774e+01
8.343483922667905063e+03 1.057868856178339456e+01
8.344283873187816425e+03 1.058710401315702043e+01
8.345083823707727788e+03 1.058178578383187229e+01
8.345883774227637332e+03 1.057753363030724714e+01
8.346683724747548695e+03 1.054348024452100852e+01
8.347483675267460058e+03 1.046559565964773952e+01
8.348283625787369601e+03 1.041146471157097508e+01
8.349083576307279145e+03 1.043603344669278599e+01
8.349883526827192327e+03 1.050301667332989908e+01
8.350683477347103690e+03 1.055711460327232842e+01
8.351483427867013233e+03 1.059274259370534566e+01
8.352283378386922777e+03 1.062380360580138117e+01
8.353083328906834140e+03 1.064629203825937864e+01
8.353883279426747322e+03 1.065247648885283915e+01
8.354683229946656866e+03 1.064621174021884187e+01
8.355483180466566409e+03 1.063824148141714687e+01
8.356283130986477772e+03 1.063514165331537953e+01
8.357083081506389135e+03 1.063491009236462226e+01
8.357883032026300498e+03 1.063237457485519499e+01
8.358682982546210042e+03 1.062329216462279646e+01
8.359482933066121404e+03 1.060607416232793199e+01
8.360282883586032767e+03 1.058788442948750053e+01
8.361082834105942311e+03 1.058052953398467011e+01
8.361882784625851855e+03 1.058230320241883149e+01
8.362682735145765037e+03 1.058461113622750105e+01
8.363482685665676399e+03 1.058998362012949102e+01
8.364282636185585943e+03 1.059536416065356512e+01
8.365082586705495487e+03 1.058131938214999934e+01
8.365882537225406850e+03 1.053543217998135972e+01
8.366682487745320032e+03 1.047206362962633541e+01
8.367482438265229575e+03 1.043266260094679865e+01
8.368282388785139119e+03 1.045562730061379320e+01
8.369082339305050482e+03 1.052744226200046995e+01
8.369882289824961845e+03 1.059230088418095583e+01
8.370682240344873208e+03 1.061635473141177499e+01
8.371482190864782751e+03 1.060877940425991639e+01
8.372282141384694114e+03 1.059054958436815497e+01
8.373082091904605477e+03 1.057057410110143358e+01
8.373882042424515021e+03 1.055120418226866796e+01
8.374681992944426383e+03 1.054075416210470451e+01
8.375481943464337746e+03 1.054725636078715034e+01
8.376281893984249109e+03 1.056536197794601506e+01
8.377081844504158653e+03 1.057955851611919584e+01
8.377881795024068197e+03 1.057581665632836732e+01
8.378681745543979559e+03 1.054974463289864950e+01
8.379481696063892741e+03 1.051522711387729103e+01
8.380281646583802285e+03 1.050160756070120271e+01
8.381081597103711829e+03 1.052289624121785749e+01
8.381881547623623192e+03 1.055637739810443776e+01
8.382681498143534554e+03 1.056483657586539238e+01
8.383481448663445917e+03 1.052641038300427567e+01
8.384281399183355461e+03 1.046145103066625381e+01
8.385081349703266824e+03 1.043158709107127180e+01
8.385881300223178187e+03 1.046377428396369780e+01
8.386681250743087730e+03 1.051009982163689926e+01
8.387481201262999093e+03 1.050453314256130355e+01
8.388281151782910456e+03 1.039858990354404256e+01
8.389081102302821819e+03 1.020725128565701922e+01
8.389881052822731363e+03 1.006582891289916404e+01
8.390681003342640906e+03 1.010880990099629884e+01
8.391480953862552269e+03 1.028085616723235240e+01
8.392280904382465451e+03 1.042832867684737863e+01
8.393080854902374995e+03 1.049617511477446286e+01
8.393880805422284539e+03 1.052034969508001438e+01
8.394680755942195901e+03 1.053194072039922702e+01
8.395480706462107264e+03 1.053751686833058798e+01
8.396280656982018627e+03 1.053775826170182661e+01
8.397080607501928171e+03 1.052930811975391023e+01
8.397880558021839533e+03 1.050200018197095986e+01
8.398680508541750896e+03 1.045549221338621315e+01
8.399480459061660440e+03 1.041560694772747908e+01
8.400280409581571803e+03 1.041681679547271600e+01
8.401080360101483166e+03 1.045891173448482192e+01
8.401880310621394528e+03 1.049536583516919031e+01
8.402680261141304072e+03 1.049343622202539095e+01
8.403480211661213616e+03 1.047596739485570971e+01
8.404280162181126798e+03 1.047957337702785807e+01
8.405080112701038161e+03 1.050659541409489961e+01
8.405880063220947704e+03 1.053225945759916371e+01
8.406680013740857248e+03 1.054091147539438289e+01
8.407479964260768611e+03 1.053839994281605286e+01
8.408279914780679974e+03 1.053484343383567357e+01
8.409079865300591337e+03 1.053136230338848733e+01
8.409879815820500880e+03 1.052588344978164514e+01
8.410679766340412243e+03 1.052004922886538907e+01
8.411479716860323606e+03 1.051312016536373939e+01
8.412279667380233150e+03 1.049478400079019202e+01
8.413079617900144513e+03 1.045333228093787703e+01
8.413879568420055875e+03 1.039663786481438201e+01
8.414679518939967238e+03 1.035683004092962989e+01
8.415479469459876782e+03 1.035772548967991113e+01
8.416279419979786326e+03 1.038967592978191945e+01
8.417079370499699507e+03 1.042371133572911290e+01
8.417879321019610870e+03 1.042576446989729533e+01
8.418679271539520414e+03 1.037840526367947191e+01
8.419479222059429958e+03 1.031326481462636835e+01
8.420279172579341321e+03 1.029368032573976244e+01
8.421079123099252683e+03 1.034208163680819226e+01
8.421879073619164046e+03 1.041240833563735357e+01
8.422679024139073590e+03 1.045506527740390901e+01
8.423478974658984953e+03 1.045615559519297122e+01
8.424278925178896316e+03 1.042298378179193818e+01
8.425078875698805859e+03 1.038339925828602972e+01
8.425878826218717222e+03 1.036961642919650828e+01
8.426678776738628585e+03 1.037582939894386413e+01
8.427478727258539948e+03 1.036883069069536667e+01
8.428278677778449492e+03 1.034750733545806156e+01
8.429078628298359035e+03 1.035242140557984314e+01
8.429878578818272217e+03 1.039948624595220750e+01
8.430678529338183580e+03 1.045304703704617388e+01
8.431478479858093124e+03 1.047952182452983827e+01
8.432278430378002668e+03 1.048173471674072488e+01
8.433078380897914030e+03 1.047754596479577316e+01
8.433878331417827212e+03 1.047037716819414754e+01
8.434678281937736756e+03 1.044441936308403385e+01
8.435478232457646300e+03 1.037025568233857342e+01
8.436278182977557663e+03 1.023831807141718997e+01
8.437078133497469025e+03 1.011202838494852685e+01
8.437878084017378569e+03 1.008749510738242883e+01
8.438678034537289932e+03 1.016600088759828857e+01
8.439477985057201295e+03 1.024575970828979088e+01
8.440277935577112657e+03 1.024925737188500285e+01
8.441077886097022201e+03 1.019931248508530963e+01
8.441877836616931745e+03 1.018025435635763998e+01
8.442677787136844927e+03 1.023690588538085500e+01
8.443477737656756290e+03 1.032530797480166385e+01
8.444277688176665833e+03 1.038112653649535488e+01
8.445077638696575377e+03 1.038625222274792215e+01
8.445877589216486740e+03 1.036201486702938901e+01
8.446677539736399922e+03 1.033168216311763032e+01
8.447477490256309466e+03 1.029548922880920969e+01
8.448277440776219009e+03 1.026011292731466185e+01
8.449077391296130372e+03 1.026562016237274477e+01
8.449877341816041735e+03 1.032473598099769063e+01
8.450677292335951279e+03 1.038667670892859718e+01
8.451477242855862642e+03 1.040804736198180258e+01
8.452277193375774004e+03 1.040223752283287872e+01
8.453077143895685367e+03 1.040334724073940720e+01
8.453877094415594911e+03 1.042123146844463299e+01
8.454677044935504455e+03 1.044184325981564143e+01
8.455476995455417637e+03 1.045150428516501684e+01
8.456276945975328999e+03 1.044757993279102237e+01
8.457076896495238543e+03 1.043409094318644570e+01
8.457876847015148087e+03 1.041762455057295256e+01
8.458676797535059450e+03 1.040343859205688304e+01
8.459476748054972632e+03 1.039112130057757000e+01
8.460276698574882175e+03 1.037797777237694419e+01
8.461076649094791719e+03 1.036815519442341937e+01
8.461876599614703082e+03 1.037021629910735321e+01
8.462676550134614445e+03 1.038234278516364917e+01
8.463476500654525807e+03 1.039177652763791215e+01
8.464276451174435351e+03 1.038788983282131895e+01
8.465076401694346714e+03 1.036853929184269063e+01
8.465876352214258077e+03 1.033632411849314536e+01
8.466676302734167621e+03 1.029161933213965696e+01
8.467476253254077164e+03 1.023246117048742931e+01
8.468276203773990346e+03 1.015599309318574406e+01
8.469076154293901709e+03 1.005417045325760483e+01
8.469876104813811253e+03 9.945125824720097540e+00
8.470676055333720797e+03 9.907886767916021853e+00
8.471476005853632159e+03 9.997150004746762519e+00
8.472275956373545341e+03 1.013804997243542161e+01
8.473075906893454885e+03 1.022428186292879637e+01
8.473875857413364429e+03 1.025201400090244874e+01
8.474675807933275792e+03 1.027545599097653906e+01
8.475475758453187154e+03 1.031241646617739072e+01
8.476275708973098517e+03 1.034810757816450000e+01
8.477075659493008061e+03 1.037234428459477087e+01
8.477875610012919424e+03 1.038332974636373152e+01
8.478675560532830787e+03 1.038412667241017928e+01
8.479475511052740330e+03 1.038194599408323526e+01
8.480275461572649874e+03 1.037989843777246612e+01
8.481075412092563056e+03 1.037182559833865270e+01
8.481875362612474419e+03 1.034949996365732261e+01
8.482675313132383963e+03 1.031281157510956703e+01
8.483475263652293506e+03 1.027608483506874038e+01
8.484275214172204869e+03 1.026548681359653159e+01
8.485075164692118051e+03 1.029376298541509271e+01
8.485875115212027595e+03 1.033864745839333921e+01
8.486675065731937138e+03 1.036991215761688245e+01
8.487475016251848501e+03 1.038093168769971442e+01
8.488274966771759864e+03 1.037945959246983030e+01
8.489074917291671227e+03 1.037027875898067109e+01
8.489874867811580771e+03 1.035861334520186006e+01
8.490674818331492133e+03 1.035306970967817364e+01
8.491474768851403496e+03 1.035375024079122852e+01
8.492274719371313040e+03 1.034781789608944891e+01
8.493074669891224403e+03 1.032571387465054613e+01
8.493874620411135766e+03 1.029535436616417599e+01
8.494674570931047128e+03 1.027227848525846809e+01
8.495474521450956672e+03 1.025487394071290836e+01
8.496274471970866216e+03 1.021180609510894399e+01
8.497074422490777579e+03 1.008122053686704689e+01
8.497874373010690761e+03 9.760352433819228679e+00
8.498674323530600304e+03 9.166643109743970896e+00
8.499474274050509848e+03 8.454422525590143067e+00
8.500274224570421211e+03 8.075307333713306335e+00
8.501074175090332574e+03 8.329920628000689220e+00
8.501874125610243937e+03 8.969349646051107072e+00
8.502674076130153480e+03 9.512615320919735495e+00
8.503474026650064843e+03 9.764819988049389110e+00
8.504273977169976206e+03 9.844319664420158489e+00
8.505073927689885750e+03 9.905586944596297627e+00
8.505873878209797113e+03 9.994824385049824400e+00
8.506673828729708475e+03 1.008771643663240525e+01
8.507473779249619838e+03 1.015988437048507365e+01
8.508273729769529382e+03 1.020898956771275046e+01
8.509073680289438926e+03 1.024229011024554481e+01
8.509873630809350288e+03 1.026552956424140461e+01
8.510673581329263470e+03 1.027874161303031464e+01
8.511473531849173014e+03 1.028064486565868307e+01
8.512273482369082558e+03 1.027545640654755488e+01
8.513073432888993921e+03 1.026787268647305496e+01
8.513873383408905283e+03 1.024414134393682296e+01
8.514673333928816646e+03 1.016343880128305344e+01
8.515473284448726190e+03 1.000591032355260879e+01
8.516273234968637553e+03 9.849418025206340133e+00
8.517073185488548916e+03 9.822057364316336248e+00
8.517873136008458459e+03 9.939602502538871676e+00
8.518673086528369822e+03 1.008872575055581500e+01
8.519473037048281185e+03 1.017882220854534836e+01
8.520272987568192548e+03 1.021728860960648433e+01
8.521072938088102092e+03 1.024334806697767419e+01
8.521872888608011635e+03 1.026755277826107360e+01
8.522672839127922998e+03 1.028166804120166056e+01
8.523472789647836180e+03 1.028500505417158095e+01
8.524272740167745724e+03 1.028448910367968949e+01
8.525072690687655268e+03 1.028290219450036425e+01
8.525872641207566630e+03 1.027597568053640487e+01
8.526672591727477993e+03 1.025057933132396215e+01
8.527472542247389356e+03 1.018634842734141088e+01
8.528272492767298900e+03 1.008419346797384542e+01
8.529072443287210262e+03 9.999894764888015430e+00
8.529872393807121625e+03 1.000286376122249976e+01
8.530672344327031169e+03 1.008412576268620953e+01
8.531472294846942532e+03 1.016617474665941145e+01
8.532272245366853895e+03 1.020122479021762274e+01
8.533072195886765257e+03 1.019957597347390177e+01
8.533872146406674801e+03 1.018534419442992345e+01
8.534672096926584345e+03 1.016769297317371112e+01
8.535472047446497527e+03 1.014123547226456523e+01
8.536271997966408890e+03 1.009416456912486737e+01
8.537071948486318433e+03 1.001639384462424687e+01
8.537871899006227977e+03 9.909837172147240025e+00
8.538671849526139340e+03 9.785609243216464748e+00
8.539471800046050703e+03 9.632784365723864539e+00
8.540271750565962066e+03 9.399885096682060848e+00
8.541071701085871609e+03 9.024682254860595165e+00
8.541871651605782972e+03 8.461451227592137414e+00
8.542671602125694335e+03 7.708763399449169107e+00
8.543471552645603879e+03 6.924636577586496422e+00
8.544271503165515242e+03 6.470742964947615583e+00
8.545071453685426604e+03 6.628961164644504578e+00
8.545871404205337967e+03 7.278933562403050672e+00
8.546671354725247511e+03 8.032591208606234545e+00
8.547471305245157055e+03 8.629586139208019091e+00
8.548271255765070237e+03 9.050494779005411772e+00
8.549071206284981599e+03 9.350832045405121917e+00
8.549871156804891143e+03 9.567326712721278881e+00
8.550671107324800687e+03 9.726137901839017275e+00
8.551471057844712050e+03 9.843950449760949795e+00
8.552271008364623412e+03 9.929642918862395362e+00
8.553070958884534775e+03 9.996328637857214261e+00
8.553870909404444319e+03 1.005445723797323687e+01
8.554670859924355682e+03 1.010118765406928176e+01
8.555470810444267045e+03 1.012903188469491766e+01
8.556270760964176588e+03 1.013236529938167862e+01
8.557070711484087951e+03 1.010333366715761727e+01
8.557870662003999314e+03 1.004392129012307677e+01
8.558670612523910677e+03 9.992347660824462352e+00
8.559470563043820221e+03 1.000137047759123021e+01
8.560270513563729764e+03 1.006667136629956794e+01
8.561070464083642946e+03 1.012819248558850660e+01
8.561870414603554309e+03 1.015432476671762529e+01
8.562670365123463853e+03 1.016242775577046942e+01
8.563470315643373397e+03 1.017112152566607008e+01
8.564270266163284759e+03 1.018226464508429885e+01
8.565070216683197941e+03 1.019206225561471690e+01
8.565870167203107485e+03 1.019680348857213303e+01
8.566670117723017029e+03 1.019620126293131612e+01
8.567470068242928392e+03 1.019418169573888555e+01
8.568270018762839754e+03 1.019358116754619914e+01
8.569069969282749298e+03 1.019322145248256994e+01
8.569869919802660661e+03 1.019164438752119040e+01
8.570669870322572024e+03 1.018922037439312334e+01
8.571469820842483387e+03 1.018566192393723924e+01
8.572269771362392930e+03 1.017905218222198371e+01
8.573069721882302474e+03 1.016906746798661487e+01
8.573869672402215656e+03 1.016102636532948189e+01
8.574669622922127019e+03 1.016000440413635708e+01
8.575469573442036562e+03 1.016052771053867332e+01
8.576269523961946106e+03 1.015339577966773987e+01
8.577069474481857469e+03 1.014049416210079357e+01
8.577869425001770651e+03 1.013353584151831122e+01
8.578669375521680195e+03 1.013947022195806724e+01
8.579469326041589738e+03 1.015244957288166816e+01
8.580269276561501101e+03 1.016111618728559485e+01
8.581069227081412464e+03 1.016193878903919767e+01
8.581869177601322008e+03 1.015501661016632795e+01
8.582669128121233371e+03 1.012561756671946611e+01
8.583469078641144733e+03 1.006028575444933182e+01
8.584269029161056096e+03 9.991707945582330552e+00
8.585068979680965640e+03 9.976705596667494902e+00
8.585868930200875184e+03 1.001665078917805296e+01
8.586668880720788366e+03 1.006368970218997916e+01
8.587468831240699728e+03 1.009308353101104316e+01
8.588268781760609272e+03 1.010927934593487798e+01
8.589068732280518816e+03 1.011346887673271411e+01
8.589868682800430179e+03 1.010634428371821869e+01
8.590668633320343361e+03 1.009741623966190005e+01
8.591468583840252904e+03 1.009341013712603008e+01
8.592268534360162448e+03 1.008909189493736669e+01
8.593068484880073811e+03 1.007511371264114786e+01
8.593868435399985174e+03 1.004801146468018658e+01
8.594668385919896537e+03 1.001587130887391552e+01
8.595468336439806080e+03 9.993433652692171876e+00
8.596268286959717443e+03 9.978790140968641253e+00
8.597068237479628806e+03 9.946070597526070145e+00
8.597868187999538350e+03 9.879381596807178312e+00
8.598668138519447893e+03 9.791170982227686892e+00
8.599468089039361075e+03 9.701527652171090921e+00
8.600268039559272438e+03 9.635434590669452959e+00
8.601067990079181982e+03 9.633456583753357449e+00
8.601867940599091526e+03 9.711339381894433131e+00
8.602667891119002888e+03 9.823723328819999878e+00
8.603467841638916070e+03 9.913943463785557242e+00
8.604267792158825614e+03 9.966758838142004251e+00
8.605067742678735158e+03 9.994938698756925533e+00
8.605867693198646521e+03 1.001068047217803425e+01
8.606667643718557883e+03 1.001697902516094629e+01
8.607467594238469246e+03 1.001201717111973366e+01
8.608267544758378790e+03 1.000097076563439913e+01
8.609067495278290153e+03 9.999480174877902527e+00
8.609867445798201516e+03 1.001609810830777292e+01
8.610667396318111059e+03 1.003802184961994826e+01
8.611467346838020603e+03 1.003983750215725124e+01
8.612267297357933785e+03 9.998214708866974831e+00
8.613067247877845148e+03 9.916249710792021332e+00
8.613867198397754692e+03 9.850408501450750975e+00
8.614667148917664235e+03 9.864080227673568402e+00
8.615467099437575598e+03 9.939719586914861793e+00
8.616267049957488780e+03 1.000486057964448605e+01
8.617067000477398324e+03 1.002070766392927226e+01
8.617866950997307868e+03 9.999594505838992120e+00
8.618666901517219230e+03 9.982084710721213838e+00
8.619466852037130593e+03 9.998131097974368942e+00
8.620266802557041956e+03 1.003455538160948635e+01
8.621066753076951500e+03 1.006004754963807457e+01
8.621866703596862862e+03 1.005479160203790023e+01
8.622666654116774225e+03 1.001322747509529165e+01
8.623466604636683769e+03 9.960876305554966947e+00
8.624266555156595132e+03 9.949089259542063246e+00
8.625066505676506495e+03 9.992548778358878891e+00
8.625866456196417857e+03 1.005017652540034234e+01
8.626666406716327401e+03 1.008428913502907065e+01
8.627466357236236945e+03 1.009195459827854435e+01
8.628266307756148308e+03 1.008678162852632276e+01
8.629066258276061490e+03 1.008137083995235805e+01
8.629866208795971033e+03 1.008011197843249285e+01
8.630666159315880577e+03 1.007957761078274928e+01
8.631466109835791940e+03 1.007754052048035831e+01
8.632266060355703303e+03 1.007432919880861988e+01
8.633066010875614666e+03 1.006564012344023418e+01
8.633865961395524209e+03 1.004716351207725644e+01
8.634665911915435572e+03 1.002599659610485894e+01
8.635465862435346935e+03 1.001571451180397432e+01
8.636265812955256479e+03 1.002168535107865743e+01
8.637065763475167842e+03 1.003755010591278563e+01
8.637865713995079204e+03 1.005144826719140383e+01
8.638665664514990567e+03 1.005718944559232142e+01
8.639465615034900111e+03 1.005902573558332591e+01
8.640265565554809655e+03 1.006181843282932320e+01
8.641065516074721018e+03 1.006432591057874149e+01
8.641865466594634199e+03 1.006388475799261428e+01
8.642665417114543743e+03 1.005918817163071743e+01
8.643465367634453287e+03 1.004989019232575664e+01
8.644265318154364650e+03 1.003925023732346133e+01
8.645065268674276012e+03 1.003295370379916740e+01
8.645865219194187375e+03 1.003219277765825979e+01
8.646665169714096919e+03 1.003170710146047462e+01
8.647465120234008282e+03 1.002428921650597005e+01
8.648265070753919645e+03 1.000120703255223731e+01
8.649065021273829188e+03 9.949673425775184654e+00
8.649864971793740551e+03 9.873052116887579999e+00
8.650664922313651914e+03 9.816571029651999680e+00
8.651464872833563277e+03 9.827682149481670848e+00
8.652264823353472821e+03 9.888338276703322549e+00
8.653064773873382364e+03 9.938516138840142844e+00
8.653864724393295546e+03 9.950913460077202899e+00
8.654664674913206909e+03 9.937057686028163417e+00
8.655464625433116453e+03 9.910719058193789621e+00
8.656264575953025997e+03 9.878607848639800793e+00
8.657064526472937359e+03 9.846104661545853176e+00
8.657864476992848722e+03 9.809620306362468511e+00
8.658664427512760085e+03 9.753620342549297106e+00
8.659464378032669629e+03 9.659889615435032439e+00
8.660264328552580992e+03 9.500348866430169181e+00
8.661064279072492354e+03 9.219950469503945811e+00
8.661864229592401898e+03 8.735731832010444009e+00
8.662664180112313261e+03 7.997258314528600920e+00
8.663464130632224624e+03 7.160170514632880234e+00
8.664264081152135986e+03 6.625822338398054789e+00
8.665064031672045530e+03 6.699808532693707797e+00
8.665863982191955074e+03 7.287761727512005017e+00
8.666663932711868256e+03 8.015898909511186332e+00
8.667463883231779619e+03 8.602168217416636509e+00
8.668263833751689162e+03 9.007271522300536404e+00
8.669063784271598706e+03 9.275172226951109877e+00
8.669863734791510069e+03 9.446053400398231048e+00
8.670663685311421432e+03 9.562243407883196156e+00
8.671463635831332795e+03 9.647589038455480548e+00
8.672263586351242338e+03 9.703476911185584086e+00
8.673063536871153701e+03 9.735392099685569178e+00
8.673863487391065064e+03 9.758937062831275711e+00
8.674663437910974608e+03 9.771859682522368473e+00
8.675463388430885971e+03 9.744184397244325169e+00
8.676263338950797333e+03 9.669588326922337274e+00
8.677063289470708696e+03 9.619691570324093277e+00
8.677863239990618240e+03 9.670870372263452808e+00
8.678663190510527784e+03 9.785485223065963467e+00
8.679463141030440966e+03 9.866952326726003974e+00
8.680263091550352328e+03 9.871263204924897394e+00
8.681063042070261872e+03 9.810200976844221543e+00
8.681862992590171416e+03 9.732555331952950084e+00
8.682662943110082779e+03 9.708986146955078667e+00
8.683462893629995961e+03 9.762269513372036300e+00
8.684262844149905504e+03 9.838170708286185118e+00
8.685062794669815048e+03 9.886778654768086483e+00
8.685862745189726411e+03 9.909734932731643298e+00
8.686662695709637774e+03 9.917835565493660965e+00
8.687462646229547317e+03 9.902126192579679298e+00
8.688262596749458680e+03 9.842210281425975538e+00
8.689062547269370043e+03 9.707190933949807032e+00
8.689862497789281406e+03 9.493042079660263255e+00
8.690662448309190950e+03 9.308027748108786525e+00
8.691462398829100493e+03 9.309500029807317389e+00
8.692262349349013675e+03 9.498383748342316579e+00
8.693062299868925038e+03 9.718787614860170621e+00
8.693862250388834582e+03 9.852888262684102116e+00
8.694662200908744126e+03 9.897198528939284756e+00
8.695462151428655488e+03 9.892939207501584065e+00
8.696262101948568670e+03 9.876092746695807278e+00
8.697062052468478214e+03 9.874227241539209388e+00
8.697862002988387758e+03 9.893660113707618109e+00
8.698661953508299121e+03 9.912454984583604300e+00
8.699461904028210483e+03 9.902036844825929052e+00
8.700261854548120027e+03 9.850724831318544261e+00
8.701061805068031390e+03 9.783457023244540807e+00
8.701861755587942753e+03 9.755049902052434163e+00
8.702661706107854116e+03 9.787912063371074112e+00
8.703461656627763659e+03 9.839983191076809632e+00
8.704261607147673203e+03 9.864440463431225936e+00
8.705061557667586385e+03 9.860337902348113914e+00
8.705861508187497748e+03 9.857939635423310420e+00
8.706661458707407292e+03 9.875899524492368187e+00
8.707461409227316835e+03 9.901563059982034787e+00
8.708261359747228198e+03 9.914874522757489927e+00
8.709061310267141380e+03 9.912187824775891443e+00
8.709861260787050924e+03 9.897452848040398266e+00
8.710661211306960467e+03 9.863626911994344937e+00
8.711461161826871830e+03 9.802654976069124615e+00
8.712261112346783193e+03 9.738694515808330010e+00
8.713061062866692737e+03 9.710685223313626935e+00
8.713861013386604100e+03 9.709319858702865957e+00
8.714660963906515462e+03 9.702714435556270445e+00
8.715460914426426825e+03 9.712096942513589681e+00
8.716260864946336369e+03 9.767701408182006162e+00
8.717060815466245913e+03 9.836933499893882882e+00
8.717860765986159095e+03 9.865922592141345149e+00
8.718660716506070457e+03 9.837449752539788150e+00
8.719460667025980001e+03 9.778685200246972187e+00
8.720260617545889545e+03 9.746485683100555519e+00
8.721060568065800908e+03 9.773675653210100123e+00
8.721860518585714090e+03 9.829726622347720877e+00
8.722660469105623633e+03 9.870536106926508069e+00
8.723460419625533177e+03 9.886880973096305425e+00
8.724260370145444540e+03 9.888716771192044064e+00
8.725060320665355903e+03 9.882646720208457580e+00
8.725860271185267266e+03 9.872692500096155399e+00
8.726660221705176809e+03 9.863493530984374758e+00
8.727460172225088172e+03 9.855193668688247755e+00
8.728260122744999535e+03 9.836128950167207563e+00
8.729060073264909079e+03 9.790372657365871589e+00
8.729860023784818623e+03 9.727206498408961011e+00
8.730659974304731804e+03 9.690587930891750190e+00
8.731459924824643167e+03 9.710706370314568403e+00
8.732259875344552711e+03 9.764899259864671777e+00
8.733059825864462255e+03 9.812209628138296225e+00
8.733859776384373617e+03 9.836759548369439443e+00
8.734659726904286799e+03 9.842060065102337774e+00
8.735459677424196343e+03 9.827456931894737124e+00
8.736259627944105887e+03 9.777942349942723155e+00
8.737059578464017250e+03 9.682584427795269733e+00
8.737859528983928612e+03 9.580156030579026094e+00
8.738659479503839975e+03 9.551421267759202749e+00
8.739459430023749519e+03 9.620095613401300483e+00
8.740259380543660882e+03 9.715455688934582668e+00
8.741059331063572245e+03 9.767399558122715320e+00
8.741859281583481788e+03 9.764160228198790037e+00
8.742659232103391332e+03 9.719797789666206000e+00
8.743459182623304514e+03 9.651435435934530460e+00
8.744259133143215877e+03 9.590715661653561597e+00
8.745059083663125421e+03 9.577383512897615248e+00
8.745859034183034964e+03 9.614752716999412030e+00
8.746658984702946327e+03 9.656931816248288669e+00
8.747458935222859509e+03 9.665031451473289792e+00
8.748258885742769053e+03 9.637363576043018298e+00
8.749058836262678597e+03 9.587023615848336178e+00
8.749858786782589959e+03 9.523369348247220145e+00
8.750658737302501322e+03 9.443694466401723275e+00
8.751458687822412685e+03 9.337893187311316012e+00
8.752258638342322229e+03 9.219417735766203492e+00
8.753058588862233591e+03 9.136364384430313734e+00
8.753858539382144954e+03 9.137993506939830368e+00
8.754658489902054498e+03 9.236253531821866147e+00
8.755458440421965861e+03 9.388234527956557329e+00
8.756258390941877224e+03 9.521558362097490402e+00
8.757058341461788586e+03 9.589610511562696615e+00
8.757858291981698130e+03 9.584263254155661826e+00
8.758658242501607674e+03 9.530676185006099033e+00
8.759458193021519037e+03 9.495521264203986789e+00
8.760258143541432219e+03 9.536880120143027995e+00
8.761058094061341762e+03 9.628647679327743347e+00
8.761858044581251306e+03 9.701073109969144070e+00
8.762657995101162669e+03 9.730093860894065472e+00
8.763457945621074032e+03 9.728717226153918318e+00
8.764257896140985395e+03 9.699290045898777635e+00
8.765057846660894938e+03 9.637047573411184231e+00
8.765857797180806301e+03 9.569516629163810961e+00
8.766657747700717664e+03 9.550258588366389745e+00
8.767457698220627208e+03 9.591902231249463284e+00
8.768257648740538571e+03 9.648276136134672498e+00
8.769057599260449933e+03 9.685070808378807072e+00
8.769857549780361296e+03 9.711407829128951619e+00
8.770657500300270840e+03 9.733675089303508443e+00
8.771457450820180384e+03 9.742898752861851364e+00
8.772257401340091747e+03 9.736813373646903358e+00
8.773057351860004928e+03 9.714830012859902553e+00
8.773857302379914472e+03 9.665123029037371083e+00
8.774657252899824016e+03 9.584749729379133498e+00
8.775457203419735379e+03 9.514511607881408040e+00
8.776257153939646741e+03 9.513021858941190345e+00
8.777057104459558104e+03 9.586017987828126863e+00
8.777857054979467648e+03 9.678653840806315856e+00
8.778657005499379011e+03 9.738416908248558101e+00
8.779456956019290374e+03 9.756461248205260617e+00
8.780256906539199917e+03 9.750689174727327213e+00
8.781056857059111280e+03 9.741069688752233446e+00
8.781856807579022643e+03 9.738666632615124996e+00
8.782656758098934006e+03 9.742955841618744728e+00
8.783456708618843550e+03 9.750305347236267295e+00
8.784256659138753093e+03 9.755895268942296639e+00
8.785056609658666275e+03 9.751662018349241734e+00
8.785856560178577638e+03 9.735767441624018304e+00
8.786656510698487182e+03 9.721374748404052468e+00
8.787456461218396726e+03 9.723561593293581495e+00
8.788256411738308088e+03 9.739030433896431305e+00
8.789056362258219451e+03 9.751890459375617937e+00
8.789856312778130814e+03 9.749960892209742269e+00
8.790656263298040358e+03 9.721721250836509398e+00
8.791456213817951721e+03 9.656247001748681669e+00
8.792256164337863083e+03 9.572604592314670313e+00
8.793056114857772627e+03 9.524338860669939066e+00
8.793856065377683990e+03 9.519293894837275616e+00
8.794656015897595353e+03 9.502329939491662714e+00
8.795455966417506716e+03 9.480622031072602596e+00
8.796255916937416259e+03 9.515949560195881674e+00
8.797055867457325803e+03 9.599076429480614792e+00
8.797855817977238985e+03 9.662192055673649804e+00
8.798655768497150348e+03 9.682260964721656649e+00
8.799455719017059891e+03 9.687194123308096039e+00
8.800255669536969435e+03 9.696948263867168905e+00
8.801055620056880798e+03 9.709730065575531199e+00
8.801855570576792161e+03 9.719177660979848810e+00
8.802655521096703524e+03 9.721648481371710560e+00
8.803455471616613067e+03 9.716352871999747620e+00
8.804255422136524430e+03 9.700621569169133096e+00
8.805055372656435793e+03 9.660838801157968447e+00
8.805855323176345337e+03 9.573862505603329964e+00
8.806655273696256700e+03 9.411785827549937977e+00
8.807455224216168062e+03 9.143973114695528537e+00
8.808255174736079425e+03 8.812346077595460514e+00
8.809055125255988969e+03 8.615914419210715991e+00
8.809855075775898513e+03 8.731800906329080902e+00
8.810655026295811695e+03 9.060749148904838179e+00
8.811454976815723057e+03 9.366466554875533035e+00
8.812254927335632601e+03 9.548425527251936273e+00
8.813054877855542145e+03 9.637988334933341505e+00
8.813854828375453508e+03 9.675308663092851091e+00
8.814654778895366690e+03 9.678251921386786805e+00
8.815454729415276233e+03 9.657511179589457484e+00
8.816254679935185777e+03 9.629089423864172659e+00
8.817054630455097140e+03 9.616639678979355566e+00
8.817854580975008503e+03 9.628912825682366616e+00
8.818654531494918047e+03 9.648637433870515423e+00
8.819454482014829409e+03 9.659794582753505665e+00
8.820254432534740772e+03 9.661345401924567255e+00
8.821054383054652135e+03 9.656991672218259382e+00
8.821854333574561679e+03 9.651839366719404012e+00
8.822654284094471222e+03 9.649494292644003934e+00
8.823454234614384404e+03 9.642038070527842564e+00
8.824254185134295767e+03 9.598482713337348926e+00
8.825054135654205311e+03 9.478401478260995106e+00
8.825854086174114855e+03 9.304766044368127709e+00
8.826654036694026217e+03 9.201756865960902587e+00
8.827453987213939399e+03 9.267959903495695428e+00
8.828253937733848943e+03 9.437991635499912491e+00
8.829053888253758487e+03 9.574920677917456047e+00
8.829853838773669850e+03 9.632031373278469033e+00
8.830653789293581212e+03 9.646197701502288169e+00
8.831453739813490756e+03 9.651894273445094541e+00
8.832253690333402119e+03 9.657886824013690585e+00
8.833053640853313482e+03 9.662639262028170251e+00
8.833853591373224845e+03 9.663250797979122453e+00
8.834653541893134388e+03 9.657932826944158222e+00
8.835453492413043932e+03 9.648150813839626139e+00
8.836253442932957114e+03 9.637760694350403057e+00
8.837053393452868477e+03 9.625813315006332971e+00
8.837853343972778021e+03 9.601903303803814183e+00
8.838653294492687564e+03 9.551809930483592836e+00
8.839453245012598927e+03 9.473974612634332715e+00
8.840253195532512109e+03 9.401964997976310912e+00
8.841053146052421653e+03 9.390018036476726948e+00
8.841853096572331197e+03 9.446523374959907571e+00
8.842653047092242559e+03 9.517725812266824903e+00
8.843452997612153922e+03 9.557894950230707565e+00
8.844252948132065285e+03 9.569688127074947204e+00
8.845052898651974829e+03 9.575401112641170442e+00
8.845852849171886191e+03 9.584808359463352190e+00
8.846652799691797554e+03 9.589204271558353199e+00
8.847452750211707098e+03 9.574477639022020981e+00
8.848252700731616642e+03 9.542802387164002198e+00
8.849052651251529824e+03 9.519824241011985322e+00
8.849852601771441186e+03 9.525350188113241856e+00
8.850652552291350730e+03 9.547197701589555052e+00
8.851452502811260274e+03 9.563115009403615474e+00
8.852252453331171637e+03 9.567568857202379817e+00
8.853052403851084819e+03 9.566003779194419465e+00
8.853852354370994362e+03 9.561054480756302709e+00
8.854652304890903906e+03 9.552405575520008796e+00
8.855452255410815269e+03 9.540883438259399441e+00
8.856252205930726632e+03 9.528433297972028981e+00
8.857052156450637995e+03 9.515633912870715250e+00
8.857852106970547538e+03 9.500887579619686107e+00
8.858652057490458901e+03 9.482009063053389752e+00
8.859452008010370264e+03 9.457086922698564990e+00
8.860251958530279808e+03 9.423680456995892740e+00
8.861051909050189352e+03 9.377842804114882469e+00
8.861851859570102533e+03 9.311304909630297999e+00
8.862651810090013896e+03 9.206282113819888480e+00
8.863451760609923440e+03 9.048435744420327609e+00
8.864251711129832984e+03 8.874704410261738730e+00
8.865051661649744347e+03 8.785852570946657281e+00
8.865851612169657528e+03 8.845774976228284459e+00
8.866651562689567072e+03 8.990522072277570942e+00
8.867451513209476616e+03 9.098333503631426566e+00
8.868251463729387979e+03 9.113449827844505080e+00
8.869051414249299341e+03 9.088304491506782767e+00
8.869851364769210704e+03 9.119837464813224770e+00
8.870651315289120248e+03 9.226481670553569714e+00
8.871451265809031611e+03 9.343250176456503908e+00
8.872251216328942974e+03 9.425250749502930958e+00
8.873051166848852517e+03 9.470730621647721392e+00
8.873851117368763880e+03 9.490819669968214356e+00
8.874651067888675243e+03 9.495715497883638889e+00
8.875451018408586606e+03 9.490798454109313553e+00
8.876250968928496150e+03 9.478725393306568492e+00
8.877050919448405693e+03 9.461508498833275382e+00
8.877850869968317056e+03 9.443688802339799793e+00
8.878650820488230238e+03 9.435783000985333402e+00
8.879450771008139782e+03 9.442365751330145329e+00
8.880250721528049326e+03 9.454411452928162873e+00
8.881050672047960688e+03 9.467783165163989878e+00
8.881850622567872051e+03 9.486887878523811324e+00
8.882650573087783414e+03 9.507145690645455005e+00
8.883450523607692958e+03 9.517205736009920258e+00
8.884250474127604321e+03 9.512169870686157935e+00
8.885050424647515683e+03 9.496607638436916687e+00
8.885850375167425227e+03 9.482299968566779924e+00
8.886650325687336590e+03 9.482122368689688940e+00
8.887450276207247953e+03 9.498487452041644019e+00
8.888250226727159315e+03 9.518490238508768186e+00
8.889050177247068859e+03 9.530193465548432386e+00
8.889850127766978403e+03 9.535661483983105313e+00
8.890650078286889766e+03 9.538706420171020994e+00
8.891450028806802948e+03 9.536424284926237505e+00
8.892249979326712491e+03 9.522547403148077905e+00
8.893049929846622035e+03 9.491043156063547315e+00
8.893849880366533398e+03 9.444318461785378815e+00
8.894649830886444761e+03 9.404594859386957495e+00
8.895449781406356124e+03 9.402339602665962914e+00
8.896249731926265667e+03 9.439268037736665562e+00
8.897049682446177030e+03 9.482469251476397076e+00
8.897849632966088393e+03 9.505459529384879147e+00
8.898649583485997937e+03 9.508813340315992235e+00
8.899449534005909300e+03 9.501646797202196737e+00
8.900249484525820662e+03 9.486905607598220769e+00
8.901049435045732025e+03 9.470584504263538150e+00
8.901849385565641569e+03 9.468023073941951750e+00
8.902649336085551113e+03 9.484517947292669504e+00
8.903449286605462476e+03 9.503870025613160522e+00
8.904249237125375657e+03 9.510366338982791490e+00
8.905049187645285201e+03 9.505945243610046447e+00
8.905849138165194745e+03 9.501877420703593202e+00
8.906649088685106108e+03 9.504214659342505200e+00
8.907449039205017471e+03 9.505802204929938881e+00
8.908248989724928833e+03 9.475741427478016732e+00
8.909048940244838377e+03 9.270134837482471468e+00
8.909848890764749740e+03 8.479935912167936962e+00
8.910648841284661103e+03 6.784827654165024313e+00
8.911448791804570646e+03 5.073113484625616287e+00
8.912248742324482009e+03 5.041672794611626429e+00
8.913048692844393372e+03 6.634063365655675781e+00
8.913848643364304735e+03 8.241795839207593843e+00
8.914648593884214279e+03 9.059278182857308792e+00
8.915448544404123822e+03 9.339132953362272005e+00
8.916248494924037004e+03 9.438260162994296820e+00
8.917048445443948367e+03 9.478218975768159638e+00
8.917848395963857911e+03 9.487141534294067924e+00
8.918648346483767455e+03 9.484863451998144512e+00
8.919448297003678817e+03 9.477006502770819907e+00
8.920248247523590180e+03 9.455563718825755970e+00
8.921048198043501543e+03 9.410501290145543152e+00
8.921848148563411087e+03 9.360541533955297311e+00
8.922648099083322450e+03 9.350042533297813208e+00
8.923448049603233812e+03 9.377273024408131263e+00
8.924248000123143356e+03 9.389388994971096025e+00
8.925047950643054719e+03 9.363568477685792146e+00
8.925847901162966082e+03 9.331526408048912202e+00
8.926647851682877445e+03 9.324697092631048179e+00
8.927447802202786988e+03 9.328427390097399297e+00
8.928247752722696532e+03 9.307194955545744719e+00
8.929047703242609714e+03 9.255145125316223798e+00
8.929847653762521077e+03 9.210477856558377141e+00
8.930647604282430621e+03 9.212670029637063607e+00
8.931447554802340164e+03 9.260711900281219044e+00
8.932247505322251527e+03 9.327396296933095243e+00
8.933047455842162890e+03 9.380598917432063644e+00
8.933847406362074253e+03 9.406244302676267210e+00
8.934647356881983796e+03 9.415700422822085969e+00
8.935447307401895159e+03 9.421446932975008792e+00
8.936247257921806522e+03 9.426318303952388789e+00
8.937047208441716066e+03 9.433279628364029890e+00
8.937847158961627429e+03 9.443287254258343921e+00
8.938647109481538791e+03 9.450997634830276439e+00
8.939447060001450154e+03 9.452614873524733952e+00
8.940247010521359698e+03 9.449898304161573392e+00
8.941046961041269242e+03 9.444935253695355470e+00
8.941846911561182424e+03 9.437891747727993774e+00
8.942646862081093786e+03 9.426933350859428629e+00
8.943446812601003330e+03 9.401465649286304682e+00
8.944246763120912874e+03 9.345750124969825379e+00
8.945046713640824237e+03 9.271023093822000405e+00
8.945846664160737419e+03 9.219838157785119392e+00
8.946646614680646962e+03 9.204287892923801451e+00
8.947446565200556506e+03 9.202412773111088740e+00
8.948246515720467869e+03 9.214303971045200825e+00
8.949046466240379232e+03 9.243757607807850718e+00
8.949846416760288776e+03 9.274919516631493721e+00
8.950646367280200138e+03 9.292043680411058659e+00
8.951446317800111501e+03 9.299246032204091961e+00
8.952246268320022864e+03 9.315134154302226577e+00
8.953046218839932408e+03 9.346072306618086856e+00
8.953846169359841952e+03 9.379539893048791654e+00
8.954646119879755133e+03 9.402012782143053471e+00
8.955446070399666496e+03 9.411275470534505416e+00
8.956246020919576040e+03 9.412779052736055974e+00
8.957045971439485584e+03 9.412049117769601736e+00
8.957845921959396946e+03 9.411668204917312153e+00
8.958645872479310128e+03 9.411220063062511798e+00
8.959445822999219672e+03 9.409079751251969270e+00
8.960245773519129216e+03 9.405311833102015129e+00
8.961045724039040579e+03 9.401183296687431579e+00
8.961845674558951941e+03 9.396815974634812108e+00
8.962645625078861485e+03 9.392727546004911332e+00
8.963445575598772848e+03 9.389987424080691980e+00
8.964245526118684211e+03 9.388732084460155392e+00
8.965045476638595574e+03 9.387514631777582608e+00
8.965845427158505117e+03 9.382346151219998376e+00
8.966645377678414661e+03 9.365988895080192833e+00
8.967445328198327843e+03 9.333696200435657175e+00
8.968245278718239206e+03 9.290735384873340053e+00
8.969045229238148750e+03 9.248914583065905859e+00
8.969845179758058293e+03 9.225302648487453183e+00
8.970645130277969656e+03 9.240025328927368164e+00
8.971445080797882838e+03 9.288775718231303102e+00
8.972245031317792382e+03 9.338245083959531456e+00
8.973044981837701926e+03 9.365397283824531627e+00
8.973844932357613288e+03 9.373955324645828924e+00
8.974644882877524651e+03 9.373043465737168844e+00
8.975444833397436014e+03 9.357719591078094368e+00
8.976244783917345558e+03 9.312801527316107553e+00
8.977044734437256921e+03 9.243607324548461790e+00
8.977844684957168283e+03 9.194644261052621559e+00
8.978644635477077827e+03 9.202248240945749558e+00
8.979444585996987371e+03 9.245358589222096413e+00
8.980244536516900553e+03 9.282261344601984376e+00
8.981044487036811915e+03 9.300603644899432254e+00
8.981844437556721459e+03 9.313750978907552991e+00
8.982644388076631003e+03 9.330755184754456977e+00
8.983444338596542366e+03 9.344946200916396606e+00
8.984244289116455548e+03 9.347939896598973064e+00
8.985044239636365091e+03 9.337861809250638245e+00
8.985844190156274635e+03 9.315235563541126140e+00
8.986644140676185998e+03 9.287952062506175110e+00
8.987444091196097361e+03 9.274478294573487602e+00
8.988244041716008724e+03 9.283472347975072481e+00
8.989043992235918267e+03 9.300504228233727133e+00
8.989843942755829630e+03 9.309411608132943883e+00
8.990643893275740993e+03 9.309054090880572119e+00
8.991443843795650537e+03 9.306181746841751590e+00
8.992243794315560081e+03 9.303485292240200266e+00
8.993043744835473262e+03 9.298107243813753087e+00
8.993843695355384625e+03 9.290826707523065053e+00
8.994643645875294169e+03 9.286984224864145432e+00
8.995443596395203713e+03 9.284956314455143911e+00
8.996243546915115076e+03 9.276989652829161770e+00
8.997043497435028257e+03 9.262800241648616151e+00
8.997843447954937801e+03 9.248779651017859038e+00
8.998643398474847345e+03 9.235491829459288482e+00
8.999443348994758708e+03 9.209047865979208325e+00
9.000243299514670070e+03 9.140059402998101490e+00
9.001043250034581433e+03 9.022753320342825845e+00
9.001843200554490977e+03 8.928150617949379253e+00
9.002643151074402340e+03 8.949165517383605106e+00
9.003443101594313703e+03 9.070937294703611542e+00
9.004243052114223246e+03 9.184204261684104864e+00
9.005043002634134609e+03 9.232995002904681670e+00
9.005842953154045972e+03 9.237991741332205464e+00
9.006642903673957335e+03 9.224938106933494808e+00
9.007442854193866879e+03 9.201379126076187021e+00
9.008242804713776422e+03 9.165386884793148781e+00
9.009042755233687785e+03 9.112123257861235004e+00
9.009842705753600967e+03 9.039585184335997781e+00
9.010642656273510511e+03 8.954132530453161820e+00
9.011442606793420055e+03 8.871498214200132182e+00
9.012242557313331417e+03 8.808782601705990700e+00
9.013042507833242780e+03 8.771496421125103637e+00
9.013842458353154143e+03 8.742827764258716883e+00
9.014642408873063687e+03 8.695351773171712040e+00
9.015442359392975050e+03 8.609292113936447777e+00
9.016242309912886412e+03 8.494576480622294312e+00
9.017042260432795956e+03 8.416049263864298524e+00
9.017842210952707319e+03 8.438292450268312095e+00
9.018642161472618682e+03 8.548704720900195397e+00
9.019442111992530045e+03 8.690722418683034078e+00
9.020242062512439588e+03 8.823739979541080913e+00
9.021042013032349132e+03 8.920098401639148022e+00
9.021841963552260495e+03 8.965918580366224688e+00
9.022641914072173677e+03 8.969712882141649857e+00
9.023441864592083220e+03 8.957033747169070637e+00
9.024241815111992764e+03 8.965495469752669422e+00
9.025041765631904127e+03 9.009864270772339978e+00
9.025841716151815490e+03 9.059870611016634712e+00
9.026641666671726853e+03 9.093541913271815602e+00
9.027441617191636396e+03 9.123608549094644360e+00
9.028241567711547759e+03 9.155577048983728261e+00
9.029041518231459122e+03 9.178246714523758953e+00
9.029841468751368666e+03 9.190784670170643267e+00
9.030641419271280029e+03 9.200403297544131220e+00
9.031441369791191391e+03 9.205074837473507188e+00
9.032241320311102754e+03 9.200879547549281057e+00
9.033041270831012298e+03 9.195744168358967130e+00
9.033841221350921842e+03 9.200299488475822685e+00
9.034641171870835024e+03 9.212204175938492057e+00
9.035441122390746386e+03 9.220878979179142121e+00
9.036241072910655930e+03 9.218889502430954508e+00
9.037041023430565474e+03 9.205249933415444730e+00
9.037840973950476837e+03 9.187560986022994314e+00
9.038640924470388200e+03 9.178557957825193014e+00
9.039440874990299562e+03 9.183530071249780491e+00
9.040240825510209106e+03 9.196496062076708000e+00
9.041040776030120469e+03 9.209883830765125623e+00
9.041840726550031832e+03 9.220581144916941696e+00
9.042640677069941376e+03 9.228044467858715905e+00
9.043440627589852738e+03 9.231717943343410226e+00
9.044240578109764101e+03 9.230588825417445520e+00
9.045040528629675464e+03 9.224846258053254644e+00
9.045840479149585008e+03 9.218012807675908249e+00
9.046640429669494551e+03 9.215225851732016693e+00
9.047440380189407733e+03 9.217423226148117266e+00
9.048240330709319096e+03 9.220443221018125968e+00
9.049040281229228640e+03 9.220466280159646644e+00
9.049840231749138184e+03 9.216382265662165452e+00
9.050640182269049546e+03 9.208332862423205256e+00
9.051440132788960909e+03 9.196626853425222237e+00
9.052240083308872272e+03 9.179582638521200266e+00
9.053040033828781816e+03 9.157772005174436458e+00
9.053839984348693179e+03 9.144210405785450746e+00
9.054639934868604541e+03 9.152781309921525832e+00
9.055439885388514085e+03 9.177041483736111616e+00
9.056239835908425448e+03 9.198385501559066313e+00
9.057039786428336811e+03 9.207588117417831342e+00
9.057839736948248174e+03 9.207603337690878575e+00
9.058639687468157717e+03 9.202107454230279870e+00
9.059439637988067261e+03 9.189967376418419320e+00
9.060239588507980443e+03 9.172126547707712518e+00
9.061039539027891806e+03 9.152807346039347536e+00
9.061839489547801350e+03 9.117905646735023240e+00
9.062639440067710893e+03 9.031577926368004938e+00
9.063439390587622256e+03 8.895820476129550514e+00
9.064239341107535438e+03 8.794983919165691333e+00
9.065039291627444982e+03 8.819353841976536046e+00
9.065839242147354526e+03 8.950783399594417489e+00
9.066639192667265888e+03 9.086205120675222346e+00
9.067439143187177251e+03 9.161176860663633903e+00
9.068239093707086795e+03 9.185684113475261370e+00
9.069039044226998158e+03 9.188924094659109088e+00
9.069838994746909520e+03 9.184763636253247654e+00
9.070638945266820883e+03 9.175127937813947199e+00
9.071438895786730427e+03 9.160505416257038291e+00
9.072238846306639971e+03 9.147402920698930018e+00
9.073038796826553153e+03 9.145875385758566622e+00
9.073838747346464515e+03 9.157073198488014043e+00
9.074638697866374059e+03 9.170257622763461569e+00
9.075438648386283603e+03 9.176251087691440489e+00
9.076238598906194966e+03 9.173701409333922641e+00
9.077038549426108148e+03 9.164896860897936648e+00
9.077838499946017691e+03 9.151023062388169649e+00
9.078638450465927235e+03 9.121516477524359345e+00
9.079438400985838598e+03 9.055811147786799964e+00
9.080238351505749961e+03 8.961067808349616470e+00
9.081038302025659505e+03 8.889531667816651606e+00
9.081838252545570867e+03 8.887190504734718388e+00
9.082638203065482230e+03 8.948862685124506555e+00
9.083438153585393593e+03 9.034601602854825941e+00
9.084238104105303137e+03 9.103400606204337109e+00
9.085038054625212681e+03 9.136425268384538612e+00
9.085838005145125862e+03 9.141516549875364106e+00
9.086637955665037225e+03 9.136502827784930503e+00
9.087437906184946769e+03 9.128831067689295864e+00
9.088237856704856313e+03 9.101903151378742507e+00
9.089037807224767676e+03 9.013942597280529156e+00
9.089837757744680857e+03 8.841782421687332416e+00
9.090637708264590401e+03 8.656533728976167907e+00
9.091437658784499945e+03 8.594863243559245802e+00
9.092237609304411308e+03 8.702089450268431392e+00
9.093037559824322670e+03 8.881075016255763899e+00
9.093837510344232214e+03 9.016218966683428704e+00
9.094637460864143577e+03 9.063089108675717043e+00
9.095437411384054940e+03 9.019567069672330462e+00
9.096237361903966303e+03 8.910868881569861344e+00
9.097037312423875846e+03 8.820949522110222318e+00
9.097837262943785390e+03 8.837094489258831231e+00
9.098637213463698572e+03 8.938166896386109173e+00
9.099437163983609935e+03 9.021401286067966652e+00
9.100237114503519479e+03 9.030858739046394135e+00
9.101037065023429022e+03 8.997451538148757422e+00
9.101837015543340385e+03 8.977959744156363442e+00
9.102636966063253567e+03 8.993658963976489673e+00
9.103436916583163111e+03 9.026416211213643237e+00
9.104236867103072655e+03 9.048199058552754082e+00
9.105036817622984017e+03 9.045747641478904200e+00
9.105836768142895380e+03 9.031927656767392065e+00
9.106636718662806743e+03 9.021294428439533775e+00
9.107436669182716287e+03 9.009756355244428860e+00
9.108236619702627650e+03 9.001861643786860157e+00
9.109036570222539012e+03 9.012533878478143023e+00
9.109836520742448556e+03 9.034528330686043773e+00
9.110636471262358100e+03 9.048188429580005021e+00
9.111436421782271282e+03 9.047011411466549191e+00
9.112236372302182644e+03 9.019741235090807052e+00
9.113036322822092188e+03 8.946516038704878326e+00
9.113836273342001732e+03 8.856561115851645738e+00
9.114636223861913095e+03 8.833197819830552078e+00
9.115436174381826277e+03 8.905001894124016104e+00
9.116236124901735820e+03 9.000859821659911830e+00
9.117036075421645364e+03 9.046722848654802362e+00
9.117836025941556727e+03 9.024119586756562228e+00
9.118635976461468090e+03 8.950105772578101693e+00
9.119435926981379453e+03 8.866460667047073585e+00
9.120235877501288996e+03 8.816675398336279557e+00
9.121035828021200359e+03 8.818766652571714104e+00
9.121835778541111722e+03 8.875187533167505194e+00
9.122635729061021266e+03 8.963144058716849827e+00
9.123435679580930810e+03 9.035445887612326032e+00
9.124235630100843991e+03 9.067301267137093390e+00
9.125035580620755354e+03 9.070193866246167858e+00
9.125835531140664898e+03 9.062213118988193372e+00
9.126635481660574442e+03 9.051966381376727711e+00
9.127435432180485805e+03 9.043930621347644916e+00
9.128235382700398986e+03 9.043315219671329785e+00
9.129035333220308530e+03 9.051067830370687517e+00
9.129835283740218074e+03 9.059328148610269693e+00
9.130635234260129437e+03 9.058199369550560931e+00
9.131435184780040800e+03 9.046487758021314107e+00
9.132235135299952162e+03 9.034610637812640732e+00
9.133035085819861706e+03 9.034344971799516344e+00
9.133835036339773069e+03 9.044740334791519842e+00
9.134634986859684432e+03 9.055230934364772111e+00
9.135434937379593975e+03 9.059882956895346950e+00
9.136234887899505338e+03 9.058812280564890074e+00
9.137034838419416701e+03 9.050234180176897070e+00
9.137834788939328064e+03 9.032183808269611092e+00
9.138634739459237608e+03 9.012712337987505151e+00
9.139434689979147151e+03 9.006813064594616947e+00
9.140234640499058514e+03 9.015470801995267180e+00
9.141034591018971696e+03 9.019596028371941188e+00
9.141834541538881240e+03 9.004368253039103820e+00
9.142634492058790784e+03 8.979489881773513815e+00
9.143434442578702146e+03 8.966514374116087538e+00
9.144234393098613509e+03 8.972061486241372563e+00
9.145034343618524872e+03 8.984480340304997981e+00
9.145834294138434416e+03 8.988348923133177237e+00
9.146634244658345779e+03 8.968573715148947301e+00
9.147434195178257141e+03 8.915046877517067259e+00
9.148234145698166685e+03 8.843310988290628671e+00
9.149034096218078048e+03 8.793922862512822292e+00
9.149834046737989411e+03 8.795008735108719833e+00
9.150633997257900774e+03 8.842663733987716768e+00
9.151433947777810317e+03 8.910873949017485529e+00
9.152233898297719861e+03 8.966372830557862272e+00
9.153033848817631224e+03 8.992238116958166216e+00
9.153833799337544406e+03 8.996630773743650167e+00
9.154633749857453950e+03 8.992884951894296819e+00
9.155433700377363493e+03 8.984863583018293909e+00
9.156233650897274856e+03 8.975747053733982739e+00
9.157033601417186219e+03 8.969960011616633366e+00
9.157833551937097582e+03 8.964821126618479852e+00
9.158633502457007125e+03 8.958261244439270854e+00
9.159433452976918488e+03 8.956132378066190114e+00
9.160233403496829851e+03 8.960908007167835976e+00
9.161033354016739395e+03 8.966702164977817802e+00
9.161833304536650758e+03 8.969859576627758457e+00
9.162633255056562120e+03 8.972644341945393620e+00
9.163433205576473483e+03 8.974954931343294362e+00
9.164233156096383027e+03 8.969871643555851648e+00
9.165033106616292571e+03 8.950501018900652639e+00
9.165833057136205753e+03 8.920446014899223286e+00
9.166633007656117115e+03 8.898772328564014344e+00
9.167432958176026659e+03 8.904262378854966187e+00
9.168232908695936203e+03 8.927772115390961716e+00
9.169032859215847566e+03 8.940958560353816864e+00
9.169832809735758929e+03 8.931400430455084916e+00
9.170632760255670291e+03 8.910531907124124018e+00
9.171432710775579835e+03 8.894584525080603044e+00
9.172232661295491198e+03 8.889065780484870061e+00
9.173032611815402561e+03 8.887358424346246011e+00
9.173832562335312105e+03 8.873806115510014081e+00
9.174632512855223467e+03 8.838519405262443840e+00
9.175432463375134830e+03 8.802260376015379251e+00
9.176232413895046193e+03 8.803003471212168307e+00
9.177032364414955737e+03 8.844471414412755195e+00
9.177832314934865281e+03 8.889976881461945979e+00
9.178632265454778462e+03 8.912568749931718770e+00
9.179432215974689825e+03 8.914985598572190639e+00
9.180232166494599369e+03 8.906354260603208672e+00
9.181032117014508913e+03 8.895120450930912526e+00
9.181832067534420275e+03 8.893074486952674107e+00
9.182632018054331638e+03 8.900273384101456742e+00
9.183431968574243001e+03 8.903771629058947923e+00
9.184231919094152545e+03 8.900042242430396655e+00
9.185031869614063908e+03 8.898395681896325016e+00
9.185831820133975270e+03 8.903837700763585161e+00
9.186631770653884814e+03 8.912732948799733990e+00
9.187431721173796177e+03 8.919825461139652134e+00
9.188231671693707540e+03 8.921316016570472129e+00
9.189031622213618903e+03 8.914147418892149233e+00
9.189831572733528446e+03 8.899558169145926456e+00
9.190631523253437990e+03 8.884960049276999783e+00
9.191431473773351172e+03 8.878328002928050466e+00
9.192231424293262535e+03 8.881194577062489159e+00
9.193031374813172079e+03 8.886923404549115446e+00
9.193831325333081622e+03 8.885523642428067248e+00
9.194631275852992985e+03 8.875194588962056486e+00
9.195431226372906167e+03 8.867295485934988619e+00
9.196231176892815711e+03 8.871750146286824901e+00
9.197031127412725255e+03 8.883530615355773818e+00
9.197831077932636617e+03 8.890846492804222123e+00
9.198631028452547980e+03 8.887190519017789114e+00
9.199430978972457524e+03 8.871293064693029251e+00
9.200230929492368887e+03 8.843899600858060595e+00
9.201030880012280250e+03 8.812087360053952878e+00
9.201830830532191612e+03 8.795790953077849750e+00
9.202630781052101156e+03 8.808383374370734487e+00
9.203430731572010700e+03 8.832384985468792138e+00
9.204230682091923882e+03 8.842216309832721777e+00
9.205030632611835244e+03 8.836436323598789500e+00
9.205830583131744788e+03 8.829109042842869570e+00
9.206630533651654332e+03 8.827245513344728067e+00
9.207430484171565695e+03 8.827988286996465206e+00
9.208230434691478877e+03 8.825725157425367229e+00
9.209030385211388420e+03 8.812407374162129159e+00
9.209830335731297964e+03 8.782265924635794363e+00
9.210630286251209327e+03 8.735683164153572378e+00
9.211430236771120690e+03 8.676767958214728793e+00
9.212230187291030234e+03 8.619578803117597943e+00
9.213030137810941596e+03 8.580863749550818653e+00
9.213830088330852959e+03 8.546453070990539302e+00
9.214630038850764322e+03 8.500074245273584239e+00
9.215429989370673866e+03 8.485077506756468324e+00
9.216229939890583410e+03 8.545324037618337698e+00
9.217029890410496591e+03 8.641502449389221852e+00
9.217829840930407954e+03 8.706681324372997466e+00
9.218629791450317498e+03 8.708866765826797973e+00
9.219429741970227042e+03 8.655907572147285123e+00
9.220229692490138405e+03 8.601282998968791560e+00
9.221029643010051586e+03 8.602639680245216525e+00
9.221829593529961130e+03 8.655801768334065116e+00
9.222629544049870674e+03 8.711926054805800845e+00
9.223429494569782037e+03 8.739780774223198989e+00
9.224229445089693399e+03 8.736229917690510050e+00
9.225029395609604762e+03 8.702199653751957698e+00
9.225829346129514306e+03 8.637917695058494161e+00
9.226629296649425669e+03 8.558668835083519610e+00
9.227429247169337032e+03 8.488843359736392813e+00
9.228229197689246575e+03 8.418050156072533596e+00
9.229029148209156119e+03 8.291113934948144859e+00
9.229829098729069301e+03 8.084043069330144604e+00
9.230629049248980664e+03 7.879257854484584378e+00
9.231428999768890208e+03 7.810350910295749571e+00
9.232228950288799751e+03 7.917155274600304438e+00
9.233028900808711114e+03 8.113156554480088545e+00
9.233828851328624296e+03 8.294671369089231305e+00
9.234628801848533840e+03 8.423220926346221660e+00
9.235428752368443384e+03 8.510993532803317052e+00
9.236228702888354746e+03 8.574495776097780464e+00
9.237028653408266109e+03 8.611190069363063415e+00
9.237828603928177472e+03 8.606304532890717951e+00
9.238628554448087016e+03 8.554634671841725435e+00
9.239428504967998379e+03 8.487820940714167151e+00
9.240228455487909741e+03 8.471826900839383612e+00
9.241028406007819285e+03 8.535700074591558106e+00
9.241828356527728829e+03 8.628338804968089804e+00
9.242628307047642011e+03 8.688316337674802270e+00
9.243428257567553374e+03 8.705156251796804412e+00
9.244228208087462917e+03 8.702351080674869621e+00
9.245028158607372461e+03 8.698793608460572813e+00
9.245828109127283824e+03 8.693113532726311377e+00
9.246628059647197006e+03 8.677316701764201667e+00
9.247428010167106549e+03 8.648644917616252314e+00
9.248227960687016093e+03 8.613016741927191688e+00
9.249027911206927456e+03 8.597726683768399880e+00
9.249827861726838819e+03 8.625421770544244637e+00
9.250627812246750182e+03 8.673980067431624974e+00
9.251427762766659725e+03 8.711654606080472263e+00
9.252227713286571088e+03 8.736502908975937842e+00
9.253027663806482451e+03 8.751083520462170640e+00
9.253827614326391995e+03 8.743342953569900544e+00
9.254627564846303358e+03 8.705763339661736211e+00
9.255427515366214720e+03 8.645636927220277101e+00
9.256227465886126083e+03 8.559382010149896303e+00
9.257027416406035627e+03 8.432418918472155411e+00
9.257827366925945171e+03 8.310798158325827245e+00
9.258627317445856534e+03 8.293505293381212340e+00
9.259427267965769715e+03 8.380602802578275501e+00
9.260227218485679259e+03 8.466187468863457966e+00
9.261027169005588803e+03 8.513378907377006755e+00
9.261827119525500166e+03 8.569641743025389502e+00
9.262627070045411529e+03 8.643361791748553458e+00
9.263427020565322891e+03 8.695841403610213405e+00
9.264226971085232435e+03 8.704877056273630842e+00
9.265026921605143798e+03 8.678756349525736269e+00
9.265826872125055161e+03 8.647148704241605088e+00
9.266626822644964705e+03 8.641937074114078854e+00
9.267426773164876067e+03 8.666671499921545063e+00
9.268226723684787430e+03 8.699228909973518498e+00
9.269026674204698793e+03 8.725417700371721708e+00
9.269826624724608337e+03 8.744740698441635374e+00
9.270626575244517880e+03 8.754144373528689016e+00
9.271426525764429243e+03 8.750301171413291001e+00
9.272226476284342425e+03 8.739526321294746936e+00
9.273026426804251969e+03 8.731769711506483844e+00
9.273826377324161513e+03 8.730420393108271782e+00
9.274626327844072875e+03 8.733398089271506848e+00
9.275426278363984238e+03 8.740649387103630374e+00
9.276226228883895601e+03 8.752686663265627942e+00
9.277026179403805145e+03 8.762915955676284341e+00
9.277826129923716508e+03 8.763171498335756482e+00
9.278626080443627870e+03 8.753503007479206843e+00
9.279426030963537414e+03 8.738065094091963303e+00
9.280225981483448777e+03 8.719048654790549691e+00
9.281025932003360140e+03 8.703647514493994208e+00
9.281825882523271503e+03 8.703076426615535155e+00
9.282625833043181046e+03 8.715157576775848014e+00
9.283425783563090590e+03 8.726145873198618119e+00
9.284225734083003772e+03 8.731192507029247096e+00
9.285025684602915135e+03 8.735892729293411207e+00
9.285825635122824679e+03 8.740182453309866872e+00
9.286625585642734222e+03 8.736126830239530960e+00
9.287425536162645585e+03 8.720577492120227703e+00
9.288225486682556948e+03 8.698804617780099946e+00
9.289025437202468311e+03 8.679221858383268540e+00
9.289825387722377855e+03 8.667899182222649657e+00
9.290625338242289217e+03 8.657074512823623280e+00
9.291425288762200580e+03 8.631086931457481626e+00
9.292225239282110124e+03 8.594633727008925916e+00
9.293025189802021487e+03 8.578414198927170276e+00
9.293825140321932849e+03 8.604677595776454524e+00
9.294625090841844212e+03 8.653550567065341426e+00
9.295425041361753756e+03 8.680214992348211922e+00
9.296224991881663300e+03 8.666993586344885259e+00
9.297024942401576482e+03 8.639662722425679675e+00
9.297824892921487844e+03 8.625258172193758455e+00
9.298624843441397388e+03 8.623553593783761073e+00
9.299424793961306932e+03 8.630464169672045216e+00
9.300224744481218295e+03 8.649291863806627845e+00
9.301024695001129658e+03 8.675221200121875142e+00
9.301824645521041020e+03 8.694568813095525428e+00
9.302624596040950564e+03 8.699820467822522829e+00
9.303424546560861927e+03 8.696297106025445700e+00
9.304224497080773290e+03 8.696109106954647672e+00
9.305024447600682834e+03 8.703360873853323909e+00
9.305824398120594196e+03 8.707070320677562592e+00
9.306624348640505559e+03 8.697183206723954285e+00
9.307424299160416922e+03 8.678499197496240214e+00
9.308224249680326466e+03 8.661705711926600770e+00
9.309024200200236010e+03 8.650654965970456800e+00
9.309824150720149191e+03 8.648993159866360969e+00
9.310624101240060554e+03 8.660742091609137105e+00
9.311424051759970098e+03 8.674574308216962848e+00
9.312224002279879642e+03 8.672418843625152363e+00
9.313023952799791005e+03 8.654677703553570467e+00
9.313823903319702367e+03 8.640361172571534354e+00
9.314623853839613730e+03 8.644763563827465802e+00
9.315423804359523274e+03 8.662087105002459708e+00
9.316223754879434637e+03 8.674062818783498940e+00
9.317023705399345999e+03 8.676366949291182351e+00
9.317823655919255543e+03 8.672706725689806717e+00
9.318623606439166906e+03 8.652681103758768089e+00
9.319423556959078269e+03 8.607051713837691409e+00
9.320223507478989632e+03 8.562187019159608781e+00
9.321023457998899175e+03 8.562500111355632271e+00
9.321823408518808719e+03 8.606939603841130548e+00
9.322623359038721901e+03 8.651477089044762536e+00
9.323423309558633264e+03 8.666183117562603400e+00
9.324223260078542808e+03 8.654964732689958140e+00
9.325023210598452351e+03 8.637486113372304430e+00
9.325823161118363714e+03 8.627382163161035677e+00
9.326623111638276896e+03 8.628952560522833437e+00
9.327423062158186440e+03 8.642745981380638653e+00
9.328223012678095984e+03 8.657890155400439269e+00
9.329022963198007346e+03 8.659262265742952991e+00
9.329822913717918709e+03 8.647911073163285778e+00
9.330622864237828253e+03 8.640143091845434498e+00
9.331422814757739616e+03 8.645629753934080952e+00
9.332222765277650979e+03 8.658707687451233426e+00
9.333022715797562341e+03 8.668692369152086741e+00
9.333822666317471885e+03 8.667243905566675011e+00
9.334622616837381429e+03 8.648903021904612132e+00
9.335422567357294611e+03 8.617502768882552289e+00
9.336222517877205973e+03 8.591981607887895223e+00
9.337022468397115517e+03 8.591211883736264099e+00
9.337822418917025061e+03 8.612544623739257332e+00
9.338622369436936424e+03 8.636197999014523674e+00
9.339422319956849606e+03 8.645724607544075013e+00
9.340222270476759149e+03 8.640668296919390201e+00
9.341022220996668693e+03 8.633858300020719412e+00
9.341822171516580056e+03 8.634021269820699729e+00
9.342622122036491419e+03 8.638503722326015932e+00
9.343422072556400963e+03 8.641916347275572008e+00
9.344222023076312325e+03 8.637740971410712731e+00
9.345021973596223688e+03 8.620014450136377349e+00
9.345821924116135051e+03 8.593236494075892296e+00
9.346621874636044595e+03 8.570765895732741058e+00
9.347421825155954139e+03 8.563604537600717492e+00
9.348221775675867320e+03 8.575523524478086301e+00
9.349021726195778683e+03 8.598477280777768073e+00
9.349821676715688227e+03 8.613032998278621122e+00
9.350621627235597771e+03 8.602023364600043465e+00
9.351421577755509134e+03 8.563685428998121907e+00
9.352221528275422315e+03 8.520315647975071016e+00
9.353021478795331859e+03 8.508811230232844025e+00
9.353821429315241403e+03 8.539747589063171773e+00
9.354621379835152766e+03 8.581043769885493333e+00
9.355421330355064129e+03 8.600846391909328759e+00
9.356221280874975491e+03 8.596716361858838695e+00
9.357021231394885035e+03 8.581152188882281706e+00
9.357821181914796398e+03 8.562743319955064436e+00
9.358621132434707761e+03 8.544606877760493546e+00
9.359421082954617304e+03 8.530747723806207716e+00
9.360221033474526848e+03 8.517298604459334399e+00
9.361020983994440030e+03 8.494853800991579718e+00
9.361820934514351393e+03 8.475709544771520498e+00
9.362620885034260937e+03 8.478381981632322706e+00
9.363420835554170480e+03 8.484695619682094403e+00
9.364220786074081843e+03 8.475094466941062166e+00
9.365020736593995025e+03 8.477421897517652738e+00
9.365820687113904569e+03 8.516125412828483121e+00
9.366620637633814113e+03 8.564742511104407541e+00
9.367420588153725475e+03 8.593930523985328307e+00
9.368220538673636838e+03 8.603432596542697652e+00
9.369020489193548201e+03 8.597852791747804702e+00
9.369820439713457745e+03 8.578824158522266430e+00
9.370620390233369108e+03 8.559788995905961428e+00
9.371420340753280470e+03 8.556684928735878160e+00
9.372220291273190014e+03 8.564365728729320892e+00
9.373020241793099558e+03 8.561419488500654040e+00
9.373820192313012740e+03 8.528917469587462108e+00
9.374620142832924103e+03 8.470787477025258028e+00
9.375420093352833646e+03 8.427926505928539314e+00
9.376220043872743190e+03 8.439332070030790334e+00
9.377019994392654553e+03 8.489304858779274099e+00
9.377819944912567735e+03 8.536184980172748737e+00
9.378619895432477279e+03 8.562858827607083612e+00
9.379419845952386822e+03 8.572942871167661849e+00
9.380219796472298185e+03 8.572431356884404607e+00
9.381019746992209548e+03 8.561881796600513184e+00
9.381819697512120911e+03 8.539739919454618189e+00
9.382619648032030454e+03 8.515703265089349827e+00
9.383419598551941817e+03 8.506163885774629563e+00
9.384219549071853180e+03 8.512787622944301802e+00
9.385019499591762724e+03 8.521891973067738490e+00
9.385819450111674087e+03 8.524371152513488425e+00
9.386619400631585449e+03 8.523701448227274824e+00
9.387419351151496812e+03 8.524578668660415914e+00
9.388219301671406356e+03 8.526329381426448251e+00
9.389019252191315900e+03 8.523365883927006337e+00
9.389819202711227263e+03 8.511851544327843300e+00
9.390619153231140444e+03 8.498909367946751559e+00
9.391419103751049988e+03 8.495517826311147047e+00
9.392219054270959532e+03 8.502160887938106981e+00
9.393019004790870895e+03 8.509344857996941514e+00
9.393818955310782258e+03 8.505382447086208941e+00
9.394618905830693620e+03 8.485641264278326545e+00
9.395418856350603164e+03 8.460782197708205388e+00
9.396218806870514527e+03 8.450583955296615102e+00
9.397018757390425890e+03 8.464079437709978393e+00
9.397818707910335434e+03 8.488958836235216410e+00
9.398618658430246796e+03 8.506465956622013991e+00
9.399418608950158159e+03 8.511521663177905594e+00
9.400218559470069522e+03 8.511930341903777730e+00
9.401018509989979066e+03 8.509142715370845877e+00
9.401818460509888610e+03 8.491039461602099436e+00
9.402618411029799972e+03 8.452220552426577882e+00
9.403418361549713154e+03 8.416849237019558672e+00
9.404218312069622698e+03 8.418254431099622792e+00
9.405018262589532242e+03 8.442425263328921403e+00
9.405818213109443604e+03 8.433113821929930864e+00
9.406618163629354967e+03 8.358673667985822675e+00
9.407418114149266330e+03 8.248602732368160773e+00
9.408218064669175874e+03 8.183923946218529366e+00
9.409018015189087237e+03 8.220692026447972367e+00
9.409817965708998599e+03 8.320254132716843998e+00
9.410617916228908143e+03 8.403115393000769373e+00
9.411417866748819506e+03 8.430185967433637018e+00
9.412217817268730869e+03 8.414236743747830261e+00
9.413017767788642232e+03 8.385277368580799973e+00
9.413817718308551775e+03 8.332974638413251256e+00
9.414617668828461319e+03 8.197773233754011457e+00
9.415417619348374501e+03 7.974111135295103736e+00
9.416217569868285864e+03 7.784843186205334220e+00
9.417017520388195408e+03 7.769695544245812435e+00
9.417817470908104951e+03 7.935229662897498315e+00
9.418617421428016314e+03 8.164882880552905675e+00
9.419417371947927677e+03 8.335144583907723614e+00
9.420217322467839040e+03 8.412702442703384520e+00
9.421017272987748584e+03 8.437252430726713825e+00
9.421817223507659946e+03 8.439461486536728785e+00
9.422617174027571309e+03 8.418253250244330133e+00
9.423417124547480853e+03 8.384098556466828001e+00
9.424217075067392216e+03 8.370248927483523005e+00
9.425017025587303579e+03 8.391849694896627909e+00
9.425816976107214941e+03 8.425116820319127342e+00
9.426616926627124485e+03 8.444434806154646367e+00
9.427416877147034029e+03 8.453788286476402902e+00
9.428216827666947211e+03 8.464423674341851722e+00
9.429016778186858573e+03 8.474412193359132317e+00
9.429816728706768117e+03 8.476177053831483121e+00
9.430616679226677661e+03 8.461881369899584726e+00
9.431416629746589024e+03 8.427561772456570566e+00
9.432216580266500387e+03 8.385267830920355436e+00
9.433016530786411749e+03 8.349876939930471309e+00
9.433816481306321293e+03 8.314804187941700064e+00
9.434616431826232656e+03 8.281135255621165925e+00
9.435416382346144019e+03 8.281911850934992714e+00
9.436216332866053563e+03 8.329908859846288038e+00
9.437016283385964925e+03 8.385455626446169930e+00
9.437816233905876288e+03 8.406610112098109155e+00
9.438616184425787651e+03 8.381622837637745960e+00
9.439416134945697195e+03 8.318626150047540690e+00
9.440216085465606739e+03 8.241480045685019462e+00
9.441016035985519920e+03 8.197355303192486176e+00
9.441815986505431283e+03 8.234262791905416989e+00
9.442615937025340827e+03 8.326898234696336942e+00
9.443415887545250371e+03 8.393797305216940785e+00
9.444215838065161734e+03 8.403677031128331976e+00
9.445015788585074915e+03 8.370204443086770141e+00
9.445815739104984459e+03 8.321508032630742235e+00
9.446615689624894003e+03 8.296514836978399643e+00
9.447415640144805366e+03 8.303568005479672109e+00
9.448215590664716728e+03 8.306072037556237575e+00
9.449015541184626272e+03 8.288414243477035370e+00
9.449815491704537635e+03 8.287132754188661465e+00
9.450615442224448998e+03 8.324158174626433038e+00
9.451415392744360361e+03 8.371289166452342556e+00
9.452215343264269904e+03 8.402097871162617082e+00
9.453015293784179448e+03 8.412383902765991905e+00
9.453815244304092630e+03 8.403520629249040752e+00
9.454615194824003993e+03 8.383643043789390958e+00
9.455415145343913537e+03 8.363641365007310924e+00
9.456215095863823080e+03 8.347803669790392789e+00
9.457015046383734443e+03 8.341149468840606929e+00
9.457814996903647625e+03 8.347766287780968852e+00
9.458614947423557169e+03 8.361317842084257990e+00
9.459414897943466713e+03 8.375139247280415589e+00
9.460214848463378075e+03 8.387787939854067787e+00
9.461014798983289438e+03 8.396873840736848393e+00
9.461814749503198982e+03 8.403884932580579559e+00
9.462614700023110345e+03 8.411217639284341629e+00
9.463414650543021708e+03 8.408180919611854875e+00
9.464214601062933070e+03 8.382169224098731775e+00
9.465014551582842614e+03 8.342600273226199903e+00
9.465814502102752158e+03 8.319659862549343643e+00
9.466614452622665340e+03 8.330040266979338526e+00
9.467414403142576703e+03 8.357287878742191367e+00
9.468214353662486246e+03 8.378193357618243908e+00
9.469014304182395790e+03 8.389484464944144904e+00
9.469814254702307153e+03 8.396134982273697034e+00
9.470614205222220335e+03 8.393555072367865577e+00
9.471414155742129878e+03 8.378441080469510638e+00
9.472214106262039422e+03 8.363293011571094837e+00
9.473014056781950785e+03 8.363508132941593232e+00
9.473814007301862148e+03 8.377740428098366721e+00
9.474613957821773511e+03 8.390654067086174450e+00
9.475413908341683054e+03 8.389690468341669316e+00
9.476213858861594417e+03 8.378571945167536228e+00
9.477013809381505780e+03 8.370969332892876480e+00
9.477813759901415324e+03 8.371142484160309039e+00
9.478613710421324868e+03 8.371007661244636466e+00
9.479413660941238049e+03 8.365539776202220779e+00
9.480213611461149412e+03 8.360131994117084631e+00
9.481013561981058956e+03 8.359517137231533113e+00
9.481813512500968500e+03 8.363441137703398809e+00
9.482613463020879863e+03 8.369281940362860439e+00
9.483413413540793044e+03 8.371913985736533448e+00
9.484213364060702588e+03 8.372012590311019409e+00
9.485013314580612132e+03 8.374534433794753596e+00
9.485813265100523495e+03 8.374928538687655077e+00
9.486613215620434858e+03 8.363616093673405416e+00
9.487413166140346220e+03 8.343386570646057265e+00
9.488213116660255764e+03 8.328686976554990906e+00
9.489013067180167127e+03 8.328143104483460846e+00
9.489813017700078490e+03 8.335048018062721553e+00
9.490612968219988034e+03 8.340769694490630215e+00
9.491412918739897577e+03 8.347799925126381027e+00
9.492212869259810759e+03 8.360121907450174916e+00
9.493012819779722122e+03 8.372158166100421184e+00
9.493812770299631666e+03 8.375173199367218047e+00
9.494612720819541209e+03 8.366298788727460689e+00
9.495412671339452572e+03 8.348472247931869816e+00
9.496212621859365754e+03 8.328327540451301303e+00
9.497012572379275298e+03 8.314290735189709736e+00
9.497812522899184842e+03 8.312081315616994814e+00
9.498612473419096204e+03 8.320182249092148652e+00
9.499412423939007567e+03 8.332815879101008960e+00
9.500212374458918930e+03 8.346409176895946302e+00
9.501012324978828474e+03 8.357223287516974963e+00
9.501812275498739837e+03 8.358291430388147703e+00
9.502612226018651199e+03 8.345934670076825768e+00
9.503412176538560743e+03 8.322850913372160875e+00
9.504212127058470287e+03 8.297181158713677007e+00
9.505012077578383469e+03 8.280356162468077486e+00
9.505812028098294832e+03 8.269028246500250035e+00
9.506611978618204375e+03 8.247121391492193254e+00
9.507411929138113919e+03 8.224441328361628223e+00
9.508211879658025282e+03 8.228298728039174392e+00
9.509011830177938464e+03 8.259960082929161729e+00
9.509811780697848008e+03 8.293487951487737320e+00
9.510611731217757551e+03 8.309736855380869258e+00
9.511411681737668914e+03 8.306475508079019576e+00
9.512211632257580277e+03 8.290724848603280961e+00
9.513011582777491640e+03 8.275246108987989402e+00
9.513811533297401184e+03 8.264597618312535587e+00
9.514611483817312546e+03 8.247570907567849829e+00
9.515411434337223909e+03 8.226395809685369542e+00
9.516211384857133453e+03 8.227746807896838988e+00
9.517011335377044816e+03 8.258249287655411663e+00
9.517811285896956178e+03 8.289955133542823873e+00
9.518611236416867541e+03 8.301705944447924423e+00
9.519411186936777085e+03 8.294465974595363278e+00
9.520211137456686629e+03 8.274828948548233143e+00
9.521011087976597992e+03 8.249286167295924344e+00
9.521811038496511173e+03 8.228283973760921910e+00
9.522610989016420717e+03 8.227432398999889429e+00
9.523410939536330261e+03 8.252605549596330192e+00
9.524210890056241624e+03 8.284831098556370677e+00
9.525010840576152987e+03 8.304022836041690780e+00
9.525810791096064349e+03 8.307291061762747120e+00
9.526610741615973893e+03 8.298861608801827217e+00
9.527410692135885256e+03 8.279904944817104706e+00
9.528210642655796619e+03 8.252610506082220354e+00
9.529010593175706163e+03 8.227691067211198472e+00
9.529810543695617525e+03 8.216032828032890478e+00
9.530610494215528888e+03 8.210210872020198281e+00
9.531410444735440251e+03 8.196585123166258313e+00
9.532210395255349795e+03 8.186043819534388533e+00
9.533010345775259339e+03 8.196362895109231772e+00
9.533810296295170701e+03 8.217458854009146663e+00
9.534610246815083883e+03 8.228727082542350857e+00
9.535410197334993427e+03 8.219978969154952964e+00
9.536210147854902971e+03 8.187756407339758624e+00
9.537010098374814334e+03 8.143003935864690845e+00
9.537810048894725696e+03 8.112427431901636510e+00
9.538609999414637059e+03 8.109600841183663533e+00
9.539409949934546603e+03 8.122838514665509990e+00
9.540209900454457966e+03 8.134984790175492364e+00
9.541009850974369328e+03 8.136301340440542873e+00
9.541809801494278872e+03 8.124049476858065333e+00
9.542609752014190235e+03 8.100286606180294058e+00
9.543409702534101598e+03 8.066251701144983244e+00
9.544209653054012961e+03 8.014992681603754221e+00
9.545009603573922504e+03 7.932255035790959141e+00
9.545809554093832048e+03 7.802314177774475112e+00
9.546609504613745230e+03 7.615887435044385256e+00
9.547409455133656593e+03 7.398554625998274403e+00
9.548209405653566137e+03 7.243332021258087394e+00
9.549009356173475680e+03 7.253832110918599696e+00
9.549809306693387043e+03 7.420707482659866905e+00
9.550609257213298406e+03 7.631421079608098346e+00
9.551409207733209769e+03 7.798553162079073786e+00
9.552209158253119313e+03 7.904657413371192654e+00
9.553009108773030675e+03 7.964315994390160469e+00
9.553809059292942038e+03 7.999393320130089080e+00
9.554609009812851582e+03 8.027654919922992960e+00
9.555408960332762945e+03 8.056716205017057320e+00
9.556208910852674308e+03 8.086796789989655565e+00
9.557008861372585670e+03 8.110991730115916454e+00
9.557808811892495214e+03 8.120674532308303384e+00
9.558608762412404758e+03 8.119743225767050987e+00
9.559408712932317940e+03 8.126032159150160084e+00
9.560208663452229302e+03 8.147320232036248555e+00
9.561008613972138846e+03 8.170152381573654310e+00
9.561808564492048390e+03 8.179172434252429014e+00
9.562608515011959753e+03 8.171846804206783332e+00
9.563408465531871116e+03 8.158225365293981568e+00
9.564208416051782478e+03 8.152481155214523767e+00
9.565008366571692022e+03 8.157741869003839241e+00
9.565808317091603385e+03 8.166064113795627577e+00
9.566608267611514748e+03 8.173816963426586923e+00
9.567408218131424292e+03 8.183681179099579595e+00
9.568208168651335654e+03 8.193998091943788253e+00
9.569008119171247017e+03 8.196123831579026131e+00
9.569808069691158380e+03 8.179861470370825671e+00
9.570608020211067924e+03 8.139528268740082950e+00
9.571407970730977468e+03 8.082610602997464255e+00
9.572207921250890649e+03 8.036926370589418056e+00
9.573007871770802012e+03 8.034858673998762413e+00
9.573807822290711556e+03 8.074719586006322558e+00
9.574607772810621100e+03 8.116112359835488732e+00
9.575407723330532463e+03 8.124850498385134401e+00
9.576207673850445644e+03 8.107502444635837691e+00
9.577007624370355188e+03 8.099492206062407718e+00
9.577807574890264732e+03 8.120577965820073629e+00
9.578607525410176095e+03 8.155606387079279429e+00
9.579407475930087458e+03 8.181915884900210045e+00
9.580207426449997001e+03 8.191138920380112154e+00
9.581007376969908364e+03 8.187303768745454846e+00
9.581807327489819727e+03 8.180914198172795082e+00
9.582607278009731090e+03 8.180007877892652601e+00
9.583407228529640633e+03 8.183699990959350856e+00
9.584207179049550177e+03 8.187157511227972861e+00
9.585007129569463359e+03 8.187155032662175813e+00
9.585807080089374722e+03 8.183187052821859098e+00
9.586607030609284266e+03 8.175871612572816360e+00
9.587406981129193809e+03 8.165462580190467889e+00
9.588206931649105172e+03 8.155701881625684990e+00
9.589006882169018354e+03 8.152131227981392669e+00
9.589806832688927898e+03 8.153533431650956231e+00
9.590606783208837442e+03 8.158948708380435733e+00
9.591406733728748804e+03 8.171912764355974801e+00
9.592206684248660167e+03 8.188136982020877142e+00
9.593006634768569711e+03 8.196962561749217002e+00
9.593806585288481074e+03 8.193510953968281996e+00
9.594606535808392437e+03 8.179897194161057428e+00
9.595406486328303799e+03 8.164808277112422630e+00
9.596206436848213343e+03 8.160219534276926368e+00
9.597006387368122887e+03 8.164802964392848139e+00
9.597806337888036069e+03 8.163335726051634822e+00
9.598606288407947432e+03 8.150312362087552387e+00
9.599406238927856975e+03 8.134963441536889661e+00
9.600206189447766519e+03 8.121258323539022328e+00
9.601006139967677882e+03 8.104216099146931640e+00
9.601806090487591064e+03 8.090392924373565720e+00
9.602606041007500608e+03 8.095143235441270235e+00
9.603405991527410151e+03 8.108564891966949517e+00
9.604205942047321514e+03 8.099316745318571265e+00
9.605005892567232877e+03 8.064190610024031258e+00
9.605805843087144240e+03 8.037506755474916886e+00
9.606605793607053783e+03 8.041084965211785729e+00
9.607405744126965146e+03 8.056011826430756528e+00
9.608205694646876509e+03 8.056065768047364628e+00
9.609005645166786053e+03 8.045537969715294224e+00
9.609805595686695597e+03 8.050870243913571755e+00
9.610605546206608778e+03 8.080639157409320816e+00
9.611405496726520141e+03 8.117152143812536025e+00
9.612205447246429685e+03 8.146427283905467220e+00
9.613005397766339229e+03 8.163853095944144656e+00
9.613805348286250592e+03 8.168746219658650887e+00
9.614605298806163773e+03 8.166908210214835151e+00
9.615405249326073317e+03 8.165054217582195406e+00
9.616205199845982861e+03 8.162292390386443941e+00
9.617005150365894224e+03 8.154471080429441798e+00
9.617805100885805587e+03 8.143877721024379568e+00
9.618605051405716949e+03 8.136527063272374960e+00
9.619405001925626493e+03 8.132902779636733470e+00
9.620204952445537856e+03 8.129546974878024912e+00
9.621004902965449219e+03 8.118940653176659694e+00
9.621804853485358763e+03 8.084099518379343152e+00
9.622604804005268306e+03 8.024152252415863273e+00
9.623404754525181488e+03 7.987154735094120994e+00
9.624204705045092851e+03 8.013035873172798418e+00
9.625004655565002395e+03 8.064438291519548940e+00
9.625804606084911939e+03 8.089646444499720701e+00
9.626604556604823301e+03 8.076028905390224111e+00
9.627404507124736483e+03 8.029296394521519886e+00
9.628204457644646027e+03 7.969044493487072778e+00
9.629004408164555571e+03 7.941810124576226926e+00
9.629804358684466933e+03 7.980674906384708223e+00
9.630604309204378296e+03 8.054383058025592845e+00
9.631404259724289659e+03 8.109580867152081041e+00
9.632204210244199203e+03 8.131394247365332006e+00
9.633004160764110566e+03 8.132318444498368493e+00
9.633804111284021928e+03 8.122156594020392362e+00
9.634604061803931472e+03 8.100247635682636727e+00
9.635404012323842835e+03 8.062681494727225839e+00
9.636203962843754198e+03 8.021387087362260360e+00
9.637003913363665561e+03 8.005782624317930640e+00
9.637803863883575104e+03 8.022539519470443636e+00
9.638603814403484648e+03 8.035416041354398686e+00
9.639403764923396011e+03 8.008743863066857926e+00
9.640203715443309193e+03 7.951627910767230745e+00
9.641003665963218737e+03 7.916271710011244522e+00
9.641803616483128280e+03 7.941416076963182746e+00
9.642603567003039643e+03 8.004247170169918491e+00
9.643403517522951006e+03 8.058596182399064389e+00
9.644203468042862369e+03 8.085891084891670744e+00
9.645003418562771913e+03 8.092825442980647210e+00
9.645803369082683275e+03 8.090637149995263400e+00
9.646603319602594638e+03 8.082906621965298299e+00
9.647403270122504182e+03 8.065793584844183073e+00
9.648203220642415545e+03 8.039370306788161002e+00
9.649003171162326908e+03 8.012641684851647739e+00
9.649803121682238270e+03 7.998630326749841757e+00
9.650603072202147814e+03 8.003677803620210085e+00
9.651403022722057358e+03 8.018976124082493939e+00
9.652202973241968721e+03 8.034893217800721743e+00
9.653002923761881902e+03 8.048829250349706754e+00
9.653802874281791446e+03 8.048889433693640072e+00
9.654602824801700990e+03 8.021953424035245916e+00
9.655402775321612353e+03 7.986483314474386752e+00
9.656202725841523716e+03 7.980958650374914143e+00
9.657002676361435078e+03 8.006865675173452601e+00
9.657802626881344622e+03 8.023774787002011522e+00
9.658602577401255985e+03 8.000242946284185308e+00
9.659402527921167348e+03 7.935573981346257355e+00
9.660202478441076892e+03 7.857838945870460279e+00
9.661002428960988254e+03 7.822452769450530141e+00
9.661802379480899617e+03 7.865776712524299441e+00
9.662602330000810980e+03 7.950756574204469906e+00
9.663402280520720524e+03 8.013462246098850272e+00
9.664202231040630068e+03 8.036216728267108422e+00
9.665002181560543249e+03 8.039077275771457920e+00
9.665802132080454612e+03 8.037470160333029412e+00
9.666602082600364156e+03 8.034306555942908545e+00
9.667402033120273700e+03 8.033020001862139381e+00
9.668201983640185063e+03 8.036373507938533223e+00
9.669001934160096425e+03 8.041150475868461101e+00
9.669801884680007788e+03 8.044528937276092861e+00
9.670601835199917332e+03 8.045363050137630978e+00
9.671401785719828695e+03 8.035894010593301218e+00
9.672201736239740057e+03 8.013007768588662927e+00
9.673001686759649601e+03 7.993747934738429706e+00
9.673801637279560964e+03 7.993695563919288816e+00
9.674601587799472327e+03 8.003330729226188822e+00
9.675401538319383690e+03 8.003525490148696520e+00
9.676201488839293233e+03 7.981311960926590565e+00
9.677001439359202777e+03 7.932439397376560564e+00
9.677801389879115959e+03 7.881721756530263079e+00
9.678601340399027322e+03 7.876741222038773138e+00
9.679401290918936866e+03 7.926527139379008879e+00
9.680201241438846409e+03 7.987386049217770179e+00
9.681001191958757772e+03 8.021420693836439852e+00
9.681801142478669135e+03 8.027110081528450181e+00
9.682601092998580498e+03 8.018835912933392152e+00
9.683401043518490042e+03 8.010498483950751591e+00
9.684200994038401404e+03 8.011190605932645425e+00
9.685000944558312767e+03 8.018965426626010640e+00
9.685800895078222311e+03 8.025000762587326975e+00
9.686600845598133674e+03 8.025647471240752395e+00
9.687400796118045037e+03 8.023277277974413479e+00
9.688200746637956399e+03 8.018747228479513822e+00
9.689000697157865943e+03 8.008015620424615122e+00
9.689800647677775487e+03 7.981307545080232657e+00
9.690600598197688669e+03 7.934562429553388085e+00
9.691400548717600032e+03 7.891148713354303013e+00
9.692200499237509575e+03 7.888416457493420353e+00
9.693000449757419119e+03 7.927330155288435876e+00
9.693800400277330482e+03 7.969576308850873758e+00
9.694600350797241845e+03 7.989470307828633544e+00
9.695400301317153207e+03 7.989546260677996337e+00
9.696200251837062751e+03 7.984412963813054986e+00
9.697000202356974114e+03 7.986485615554340889e+00
9.697800152876885477e+03 7.995188377215917797e+00
9.698600103396795021e+03 8.002210199783521105e+00
9.699400053916706383e+03 8.004145877880729287e+00
9.700200004436617746e+03 8.003046045338864545e+00
9.700999954956529109e+03 8.001092221357737344e+00
9.701799905476438653e+03 7.998273422098963081e+00
9.702599855996348197e+03 7.991114176129474167e+00
9.703399806516261378e+03 7.975298339841744522e+00
9.704199757036172741e+03 7.956711089853581775e+00
9.704999707556082285e+03 7.950526908619779398e+00
9.705799658075991829e+03 7.955407895761613446e+00
9.706599608595903192e+03 7.944502987233532210e+00
9.707399559115816373e+03 7.905155624700503481e+00
9.708199509635725917e+03 7.872070762426127466e+00
9.708999460155635461e+03 7.885275485316713073e+00
9.709799410675546824e+03 7.931831157627675211e+00
9.710599361195458187e+03 7.971903883845954830e+00
9.711399311715367730e+03 7.989999784102629121e+00
9.712199262235279093e+03 7.993134216144096804e+00
9.712999212755190456e+03 7.990064155142465374e+00
9.713799163275101819e+03 7.987480618612051941e+00
9.714599113795011363e+03 7.989204113500621318e+00
9.715399064314920906e+03 7.991314900577375369e+00
9.716199014834834088e+03 7.986737755329663457e+00
9.716998965354745451e+03 7.975734416126551096e+00
9.717798915874654995e+03 7.965436192992862985e+00
9.718598866394564538e+03 7.960258086680204848e+00
9.719398816914475901e+03 7.958945708846903777e+00
9.720198767434389083e+03 7.957408117948883586e+00
9.720998717954298627e+03 7.953018559495312445e+00
9.721798668474208171e+03 7.950791360017057663e+00
9.722598618994119533e+03 7.954783059855978777e+00
9.723398569514030896e+03 7.957502957196020077e+00
9.724198520033940440e+03 7.953888197340162947e+00
9.724998470553851803e+03 7.949688216878747937e+00
9.725798421073763166e+03 7.952132140881358779e+00
9.726598371593674528e+03 7.961168232924073607e+00
9.727398322113584072e+03 7.967841163975620589e+00
9.728198272633493616e+03 7.961786210045513457e+00
9.728998223153406798e+03 7.936868718349782803e+00
9.729798173673318161e+03 7.895415406802723801e+00
9.730598124193227704e+03 7.858075319398498237e+00
9.731398074713137248e+03 7.852361911689217600e+00
9.732198025233048611e+03 7.877047420159601465e+00
9.732997975752961793e+03 7.906671069868403734e+00
9.733797926272871337e+03 7.927248644016841261e+00
9.734597876792780880e+03 7.936731369887560561e+00
9.735397827312692243e+03 7.931249902485479453e+00
9.736197777832603606e+03 7.909982439496441309e+00
9.736997728352514969e+03 7.886703535672141996e+00
9.737797678872424513e+03 7.878716189278980764e+00
9.738597629392335875e+03 7.875696395488638757e+00
9.739397579912247238e+03 7.841866448241113119e+00
9.740197530432156782e+03 7.766588230000406767e+00
9.740997480952066326e+03 7.707045046900281804e+00
9.741797431471979507e+03 7.728124494670036704e+00
9.742597381991890870e+03 7.808215131750714022e+00
9.743397332511800414e+03 7.880107819147241344e+00
9.744197283031709958e+03 7.905699293435931807e+00
9.744997233551621321e+03 7.886157865801898481e+00
9.745797184071534502e+03 7.850610258150837240e+00
9.746597134591444046e+03 7.836372572325273289e+00
9.747397085111353590e+03 7.847873097325994252e+00
9.748197035631264953e+03 7.850213998546314187e+00
9.748996986151176316e+03 7.828182661498569672e+00
9.749796936671087678e+03 7.813342614218438342e+00
9.750596887190997222e+03 7.832888079623273825e+00
9.751396837710908585e+03 7.872546107858010345e+00
9.752196788230819948e+03 7.903435737473387235e+00
9.752996738750729492e+03 7.913934809642775292e+00
9.753796689270639035e+03 7.903618855710406343e+00
9.754596639790552217e+03 7.874408806512109393e+00
9.755396590310463580e+03 7.843948854910747670e+00
9.756196540830373124e+03 7.839589228271350407e+00
9.756996491350282668e+03 7.863300983557524049e+00
9.757796441870194030e+03 7.889673741677717622e+00
9.758596392390107212e+03 7.899418747759396453e+00
9.759396342910016756e+03 7.893611941790201314e+00
9.760196293429926300e+03 7.884034317445033579e+00
9.760996243949837663e+03 7.880199345322627558e+00
9.761796194469749025e+03 7.881880343831600300e+00
9.762596144989660388e+03 7.884523892032364145e+00
9.763396095509569932e+03 7.881616313612074265e+00
9.764196046029481295e+03 7.858363062391974019e+00
9.764995996549392657e+03 7.805994122262862156e+00
9.765795947069302201e+03 7.751708521475264568e+00
9.766595897589213564e+03 7.742215494081600369e+00
9.767395848109124927e+03 7.782237584407305064e+00
9.768195798629036290e+03 7.831182602146471439e+00
9.768995749148945833e+03 7.857798892720317063e+00
9.769795699668855377e+03 7.858052009328579501e+00
9.770595650188766740e+03 7.842149721281689523e+00
9.771395600708679922e+03 7.824557753457317411e+00
9.772195551228589466e+03 7.812966738456879057e+00
9.772995501748499009e+03 7.811878247837093170e+00
9.773795452268410372e+03 7.826154978146108832e+00
9.774595402788321735e+03 7.849680764609784589e+00
9.775395353308233098e+03 7.871439120663026756e+00
9.776195303828142642e+03 7.887288296193876391e+00
9.776995254348054004e+03 7.897076571533522937e+00
9.777795204867965367e+03 7.900650653102566423e+00
9.778595155387874911e+03 7.898978520990146635e+00
9.779395105907786274e+03 7.893988889537791209e+00
9.780195056427697637e+03 7.887498020259998910e+00
9.780995006947608999e+03 7.880009043100679733e+00
9.781794957467518543e+03 7.870232507283767553e+00
9.782594907987428087e+03 7.858094899912016373e+00
9.783394858507339450e+03 7.844196394287120455e+00
9.784194809027252631e+03 7.821525010758542784e+00
9.784994759547162175e+03 7.779884380352720896e+00
9.785794710067071719e+03 7.733562817851630911e+00
9.786594660586983082e+03 7.719941135153908895e+00
9.787394611106894445e+03 7.746615983075034961e+00
9.788194561626805807e+03 7.774993096136643800e+00
9.788994512146715351e+03 7.770478712138007005e+00
9.789794462666626714e+03 7.741675898426805702e+00
9.790594413186538077e+03 7.724490076776415748e+00
9.791394363706447621e+03 7.741084175318087901e+00
9.792194314226358983e+03 7.779636148177038635e+00
9.792994264746270346e+03 7.814191654248338281e+00
9.793794215266181709e+03 7.832097352926983724e+00
9.794594165786091253e+03 7.838376546525839927e+00
9.795394116306000797e+03 7.842554138363548866e+00
9.796194066825913978e+03 7.846813658120051826e+00
9.796994017345825341e+03 7.847892491056196462e+00
9.797793967865734885e+03 7.843157011847612381e+00
9.798593918385644429e+03 7.832016653169064035e+00
9.799393868905555792e+03 7.818714070778908898e+00
9.800193819425467154e+03 7.809040022852183682e+00
9.800993769945378517e+03 7.797575199243635069e+00
9.801793720465288061e+03 7.772621886991233353e+00
9.802593670985199424e+03 7.746262348051788038e+00
9.803393621505110787e+03 7.749435610863963930e+00
9.804193572025020330e+03 7.781121301981055893e+00
9.804993522544931693e+03 7.812938646063160242e+00
9.805793473064843056e+03 7.830283729144499105e+00
9.806593423584754419e+03 7.836401941072896449e+00
9.807393374104663962e+03 7.836717459790540019e+00
9.808193324624573506e+03 7.833210061614410691e+00
9.808993275144486688e+03 7.827966656373913423e+00
9.809793225664398051e+03 7.824086193881345963e+00
9.810593176184307595e+03 7.822841778648222721e+00
9.811393126704217138e+03 7.822449673141679938e+00
9.812193077224128501e+03 7.819706850571570556e+00
9.812993027744039864e+03 7.814203800198895600e+00
9.813792978263951227e+03 7.810674451623789594e+00
9.814592928783860771e+03 7.814181880939553793e+00
9.815392879303772133e+03 7.822300006838992736e+00
9.816192829823683496e+03 7.827967601810158271e+00
9.816992780343593040e+03 7.827502618891296393e+00
9.817792730863504403e+03 7.821592651764822435e+00
9.818592681383415766e+03 7.814825406574147593e+00
9.819392631903327128e+03 7.812607272008008863e+00
9.820192582423236672e+03 7.808545934243682041e+00
9.820992532943146216e+03 7.769985841049455999e+00
9.821792483463059398e+03 7.573148104519354717e+00
9.822592433982970761e+03 6.999726321575794330e+00
9.823392384502880304e+03 6.299796835481183521e+00
