# Model for TARGETID=39628085208812510 at z=0, SPECTYPE=GALAXY, SUBTYPE=, smoothing=1.0
# wave_A flux
# 
3.556522429106700656e+03 4.013146388148578581e+01
3.557312767424280082e+03 4.484649088085225088e+01
3.558103105741859508e+03 4.851400809204928066e+01
3.558893444059438934e+03 4.959376613966851721e+01
3.559683782377018360e+03 4.965697672544118291e+01
3.560474120694597786e+03 4.949522697259303072e+01
3.561264459012177213e+03 4.931304748289751672e+01
3.562054797329756639e+03 4.914393120666858294e+01
3.562845135647336065e+03 4.888029425864463207e+01
3.563635473964915946e+03 4.834410714314989832e+01
3.564425812282495372e+03 4.740364472082680436e+01
3.565216150600074798e+03 4.607988588136751673e+01
3.566006488917654224e+03 4.455301703839104732e+01
3.566796827235233650e+03 4.306292388976114438e+01
3.567587165552813076e+03 4.179234271296199665e+01
3.568377503870392502e+03 4.081010191450288005e+01
3.569167842187971928e+03 4.009442800019959918e+01
3.569958180505551354e+03 3.960268816443809214e+01
3.570748518823130780e+03 3.931800917677416862e+01
3.571538857140710206e+03 3.923964822093685711e+01
3.572329195458289632e+03 3.934764820039726629e+01
3.573119533775869058e+03 3.958459660032608696e+01
3.573909872093448485e+03 3.986556470451898804e+01
3.574700210411027911e+03 4.010330614373003755e+01
3.575490548728607337e+03 4.022906647361880061e+01
3.576280887046186763e+03 4.019696962797986828e+01
3.577071225363766189e+03 3.997691216934509839e+01
3.577861563681345615e+03 3.955503284311025425e+01
3.578651901998925041e+03 3.894850890546772604e+01
3.579442240316504467e+03 3.821255741531595618e+01
3.580232578634083893e+03 3.743242586672523942e+01
3.581022916951663319e+03 3.670463672217749718e+01
3.581813255269243200e+03 3.609938302102171548e+01
3.582603593586822626e+03 3.562368453572278781e+01
3.583393931904402052e+03 3.522230308432204282e+01
3.584184270221981478e+03 3.482501801700422561e+01
3.584974608539560904e+03 3.441766191431851496e+01
3.585764946857140330e+03 3.409117830799338122e+01
3.586555285174719756e+03 3.402686547863397948e+01
3.587345623492299183e+03 3.441753638402441595e+01
3.588135961809878609e+03 3.537960165854180161e+01
3.588926300127458035e+03 3.692174886766586184e+01
3.589716638445037461e+03 3.895588751772412195e+01
3.590506976762616887e+03 4.130543787485410689e+01
3.591297315080196313e+03 4.372878055516676454e+01
3.592087653397775739e+03 4.597826291492913953e+01
3.592877991715355165e+03 4.787479694446691525e+01
3.593668330032934591e+03 4.936793263642393015e+01
3.594458668350514017e+03 5.055260794948259218e+01
3.595249006668093443e+03 5.162431779268989374e+01
3.596039344985672869e+03 5.278226328684038293e+01
3.596829683303252295e+03 5.412824130760698438e+01
3.597620021620831722e+03 5.561119201718342708e+01
3.598410359938411148e+03 5.703139664666230146e+01
3.599200698255991028e+03 5.809591357976877646e+01
3.599991036573570454e+03 5.850120313649081538e+01
3.600781374891149881e+03 5.803785292351327030e+01
3.601571713208729307e+03 5.668233124391407074e+01
3.602362051526308733e+03 5.461837106589305790e+01
3.603152389843888159e+03 5.218857538933471574e+01
3.603942728161467585e+03 4.979173362688113968e+01
3.604733066479047011e+03 4.774346528827771863e+01
3.605523404796626437e+03 4.617477497371601203e+01
3.606313743114205863e+03 4.504805148635271905e+01
3.607104081431785289e+03 4.424060573683540554e+01
3.607894419749364715e+03 4.362511596176390327e+01
3.608684758066944141e+03 4.313898583365089223e+01
3.609475096384523567e+03 4.281191610079233101e+01
3.610265434702102993e+03 4.272595157935454324e+01
3.611055773019682420e+03 4.293976530236628975e+01
3.611846111337261846e+03 4.343820574207504848e+01
3.612636449654841272e+03 4.413682564434203925e+01
3.613426787972420698e+03 4.491700395152920322e+01
3.614217126290000124e+03 4.564944423505377102e+01
3.615007464607579550e+03 4.619259685984697228e+01
3.615797802925158976e+03 4.639371409231680587e+01
3.616588141242738857e+03 4.612860100556024179e+01
3.617378479560318283e+03 4.538187410751359607e+01
3.618168817877897709e+03 4.431541475480886305e+01
3.618959156195477135e+03 4.325994042500501990e+01
3.619749494513056561e+03 4.261199699255992357e+01
3.620539832830635987e+03 4.268408779599414515e+01
3.621330171148215413e+03 4.359853072470262703e+01
3.622120509465794839e+03 4.527227310705810481e+01
3.622910847783374265e+03 4.747737073413750153e+01
3.623701186100953691e+03 4.994125144234234881e+01
3.624491524418533118e+03 5.241378369205459364e+01
3.625281862736112544e+03 5.465357952987702816e+01
3.626072201053691970e+03 5.639856948263077641e+01
3.626862539371271396e+03 5.737187612988481078e+01
3.627652877688850822e+03 5.733478201857954559e+01
3.628443216006430248e+03 5.619470140426606974e+01
3.629233554324009674e+03 5.409777152388468835e+01
3.630023892641589100e+03 5.141595512117433486e+01
3.630814230959168526e+03 4.863302850707969327e+01
3.631604569276747952e+03 4.620153035335759739e+01
3.632394907594327378e+03 4.443474559913761368e+01
3.633185245911906804e+03 4.345833936183786506e+01
3.633975584229486685e+03 4.323543236751604724e+01
3.634765922547066111e+03 4.366362502005987523e+01
3.635556260864645537e+03 4.466535419264259588e+01
3.636346599182224963e+03 4.619933632204634932e+01
3.637136937499804390e+03 4.821609061903063775e+01
3.637927275817383816e+03 5.058187113857138684e+01
3.638717614134963242e+03 5.301788518250666016e+01
3.639507952452542668e+03 5.514000182804196015e+01
3.640298290770122094e+03 5.656471512603920360e+01
3.641088629087701520e+03 5.701185205420934210e+01
3.641878967405280946e+03 5.639006050309955498e+01
3.642669305722860372e+03 5.482770866493895312e+01
3.643459644040439798e+03 5.262322127008690131e+01
3.644249982358019224e+03 5.014720887786464232e+01
3.645040320675598650e+03 4.773514117218216057e+01
3.645830658993178076e+03 4.562686691545513895e+01
3.646620997310757502e+03 4.397118911354287007e+01
3.647411335628336928e+03 4.286544175756091590e+01
3.648201673945916355e+03 4.240574808117523986e+01
3.648992012263495781e+03 4.270028540653101601e+01
3.649782350581075207e+03 4.382788503564381699e+01
3.650572688898654633e+03 4.578219181038693364e+01
3.651363027216234059e+03 4.843720058247754423e+01
3.652153365533813940e+03 5.154983599565355235e+01
3.652943703851393366e+03 5.482544739382894505e+01
3.653734042168972792e+03 5.802222587659920805e+01
3.654524380486552218e+03 6.100532365765809573e+01
3.655314718804131644e+03 6.374156619097193754e+01
3.656105057121711070e+03 6.623751104969811365e+01
3.656895395439290496e+03 6.845576031271764350e+01
3.657685733756869922e+03 7.030557934947879062e+01
3.658476072074449348e+03 7.167255462714754799e+01
3.659266410392028774e+03 7.244889950254764699e+01
3.660056748709608200e+03 7.257663206102654385e+01
3.660847087027187627e+03 7.208128249740408933e+01
3.661637425344767053e+03 7.108312804651905026e+01
3.662427763662346479e+03 6.979194258982224142e+01
3.663218101979925905e+03 6.847786230250773087e+01
3.664008440297505331e+03 6.739789934589592235e+01
3.664798778615084757e+03 6.668465818963196057e+01
3.665589116932664183e+03 6.626794852239740408e+01
3.666379455250243609e+03 6.591294337711207163e+01
3.667169793567823035e+03 6.537629748724785372e+01
3.667960131885402461e+03 6.457582813211969608e+01
3.668750470202981887e+03 6.365471063351768066e+01
3.669540808520561768e+03 6.290341366841979465e+01
3.670331146838141194e+03 6.258765298828511447e+01
3.671121485155720620e+03 6.278253635456713511e+01
3.671911823473300046e+03 6.332092523020816088e+01
3.672702161790879472e+03 6.388500942039261332e+01
3.673492500108458898e+03 6.415886990239464183e+01
3.674282838426038325e+03 6.394449763811478249e+01
3.675073176743617751e+03 6.319788694879981961e+01
3.675863515061197177e+03 6.198979480133968423e+01
3.676653853378776603e+03 6.044523308691356078e+01
3.677444191696356029e+03 5.871804780986430217e+01
3.678234530013935455e+03 5.698176661630388651e+01
3.679024868331514881e+03 5.540509969798466727e+01
3.679815206649094307e+03 5.413342936862621002e+01
3.680605544966673733e+03 5.326302806832704562e+01
3.681395883284253159e+03 5.281098016083586799e+01
3.682186221601832585e+03 5.270667135698118955e+01
3.682976559919412011e+03 5.280563303866514957e+01
3.683766898236991437e+03 5.292937738712440421e+01
3.684557236554570864e+03 5.293026217567280867e+01
3.685347574872150290e+03 5.276151913398318527e+01
3.686137913189729716e+03 5.252024652753124201e+01
3.686928251507309596e+03 5.241995753794359558e+01
3.687718589824889023e+03 5.269624902702386748e+01
3.688508928142468449e+03 5.350479192539735607e+01
3.689299266460047875e+03 5.486311846917759283e+01
3.690089604777627301e+03 5.665074777186342203e+01
3.690879943095206727e+03 5.864067104381445006e+01
3.691670281412786153e+03 6.055117368850513060e+01
3.692460619730365579e+03 6.211977498535277675e+01
3.693250958047945005e+03 6.319856567481430432e+01
3.694041296365524431e+03 6.382408175454057897e+01
3.694831634683103857e+03 6.416523371448474222e+01
3.695621973000683283e+03 6.438969604048737949e+01
3.696412311318262709e+03 6.457163803400065660e+01
3.697202649635842135e+03 6.468000957793627492e+01
3.697992987953421562e+03 6.462187564444194265e+01
3.698783326271000988e+03 6.431280163917421078e+01
3.699573664588580414e+03 6.372057281097714565e+01
3.700364002906159840e+03 6.283551354978979475e+01
3.701154341223739266e+03 6.162405525817317198e+01
3.701944679541318692e+03 6.003003606863780561e+01
3.702735017858898118e+03 5.803105875608763142e+01
3.703525356176477544e+03 5.570512669480714862e+01
3.704315694494057425e+03 5.322454578525906754e+01
3.705106032811636851e+03 5.081090004066946619e+01
3.705896371129216277e+03 4.872352879500369482e+01
3.706686709446795703e+03 4.723112074128378879e+01
3.707477047764375129e+03 4.651447763184317097e+01
3.708267386081954555e+03 4.660311811292474715e+01
3.709057724399533981e+03 4.742841255131094158e+01
3.709848062717113407e+03 4.893863844964528909e+01
3.710638401034692833e+03 5.111850123426900439e+01
3.711428739352272260e+03 5.385926454257895557e+01
3.712219077669851686e+03 5.689990388137586308e+01
3.713009415987431112e+03 5.985855511547572405e+01
3.713799754305010538e+03 6.232288165934971857e+01
3.714590092622589964e+03 6.395816279703949192e+01
3.715380430940169390e+03 6.452460383384816112e+01
3.716170769257748816e+03 6.389127659259868608e+01
3.716961107575328242e+03 6.208403498644062779e+01
3.717751445892907668e+03 5.928557683118868482e+01
3.718541784210487094e+03 5.580647230180423435e+01
3.719332122528066520e+03 5.204406892333680901e+01
3.720122460845645946e+03 4.841789146708896396e+01
3.720912799163225372e+03 4.536080377903042660e+01
3.721703137480804799e+03 4.331655565590985191e+01
3.722493475798384679e+03 4.273445927355116680e+01
3.723283814115964105e+03 4.430041158585960659e+01
3.724074152433543532e+03 4.934598861859380747e+01
3.724864490751122958e+03 5.965796650422643665e+01
3.725654829068702384e+03 7.551803937938564104e+01
3.726445167386281810e+03 9.308197543343803204e+01
3.727235505703861236e+03 1.063430930245704502e+02
3.728025844021440662e+03 1.139312077366563472e+02
3.728816182339020088e+03 1.188020200991151114e+02
3.729606520656599514e+03 1.190298191617023491e+02
3.730396858974178940e+03 1.085031864634724883e+02
3.731187197291758366e+03 8.821496419331208472e+01
3.731977535609337792e+03 6.696485238396317641e+01
3.732767873926917218e+03 5.153058391712193043e+01
3.733558212244496644e+03 4.259331345728462992e+01
3.734348550562076070e+03 3.798386824553425356e+01
3.735138888879655497e+03 3.580550933281688941e+01
3.735929227197234923e+03 3.511355008597777072e+01
3.736719565514814349e+03 3.555309301755897877e+01
3.737509903832393775e+03 3.696657634748680721e+01
3.738300242149973201e+03 3.916406542901027166e+01
3.739090580467552627e+03 4.184659488063622490e+01
3.739880918785132508e+03 4.462123999501287841e+01
3.740671257102711934e+03 4.704538179165365364e+01
3.741461595420291360e+03 4.872587169416396335e+01
3.742251933737870786e+03 4.942006125236267167e+01
3.743042272055450212e+03 4.907810346813843694e+01
3.743832610373029638e+03 4.783692851220423137e+01
3.744622948690609064e+03 4.596284326311372581e+01
3.745413287008188490e+03 4.375310284822705142e+01
3.746203625325767916e+03 4.146200722324226717e+01
3.746993963643347342e+03 3.929506903904554349e+01
3.747784301960926769e+03 3.744869187219492801e+01
3.748574640278506195e+03 3.613687875467561383e+01
3.749364978596085621e+03 3.557815856536684151e+01
3.750155316913665047e+03 3.595513472421984602e+01
3.750945655231244473e+03 3.736619272036500661e+01
3.751735993548823899e+03 3.976198544919918731e+01
3.752526331866403325e+03 4.290182682924850610e+01
3.753316670183982751e+03 4.641418085635984880e+01
3.754107008501562177e+03 4.988802137993074126e+01
3.754897346819141603e+03 5.291315266243216087e+01
3.755687685136721029e+03 5.512351657647592873e+01
3.756478023454300455e+03 5.628091080990571982e+01
3.757268361771880336e+03 5.637790297858589383e+01
3.758058700089459762e+03 5.566928981523169284e+01
3.758849038407039188e+03 5.458392135438499082e+01
3.759639376724618614e+03 5.356059353955196656e+01
3.760429715042198040e+03 5.288376687413047961e+01
3.761220053359777467e+03 5.261206930302446949e+01
3.762010391677356893e+03 5.262751476516979210e+01
3.762800729994936319e+03 5.274784806571722129e+01
3.763591068312515745e+03 5.281803556612885586e+01
3.764381406630095171e+03 5.274283489559238092e+01
3.765171744947674597e+03 5.247897389573316929e+01
3.765962083265254023e+03 5.202456796977864428e+01
3.766752421582833449e+03 5.143264830517959751e+01
3.767542759900412875e+03 5.083774921304989647e+01
3.768333098217992301e+03 5.045545061092664696e+01
3.769123436535571727e+03 5.052793208837118755e+01
3.769913774853151153e+03 5.123777742611175512e+01
3.770704113170730579e+03 5.265945739499430545e+01
3.771494451488310006e+03 5.477438418191191261e+01
3.772284789805889432e+03 5.745532890089252476e+01
3.773075128123468858e+03 6.042887285762410698e+01
3.773865466441048284e+03 6.336275822171970162e+01
3.774655804758628165e+03 6.600289072964682191e+01
3.775446143076207591e+03 6.825565746891149388e+01
3.776236481393787017e+03 7.020894492921223673e+01
3.777026819711366443e+03 7.204859750894382842e+01
3.777817158028945869e+03 7.394317965185329911e+01
3.778607496346525295e+03 7.598803720546452212e+01
3.779397834664104721e+03 7.815928832214979138e+01
3.780188172981684147e+03 8.027530895424153812e+01
3.780978511299263573e+03 8.205615703197493360e+01
3.781768849616842999e+03 8.324478047249083090e+01
3.782559187934422425e+03 8.370082710283531924e+01
3.783349526252001851e+03 8.338381888436254030e+01
3.784139864569581277e+03 8.231828303506918587e+01
3.784930202887160704e+03 8.052322313724039304e+01
3.785720541204740130e+03 7.801954688911459357e+01
3.786510879522319556e+03 7.493469493106739776e+01
3.787301217839898982e+03 7.153462417244935523e+01
3.788091556157478408e+03 6.817428213754800481e+01
3.788881894475057834e+03 6.515042717115287019e+01
3.789672232792637260e+03 6.264813113200287376e+01
3.790462571110216686e+03 6.072780089597598874e+01
3.791252909427796112e+03 5.925814771007493675e+01
3.792043247745375538e+03 5.801596242855509189e+01
3.792833586062955419e+03 5.675805588524453071e+01
3.793623924380534845e+03 5.525128395446793661e+01
3.794414262698114271e+03 5.339430653780146940e+01
3.795204601015693697e+03 5.129535959077220753e+01
3.795994939333273123e+03 4.918024770668952073e+01
3.796785277650852549e+03 4.730607912536009962e+01
3.797575615968431975e+03 4.594248983535277375e+01
3.798365954286011402e+03 4.535030053551055573e+01
3.799156292603590828e+03 4.576614450910703624e+01
3.799946630921170254e+03 4.733058072528137217e+01
3.800736969238749680e+03 4.999841556476133064e+01
3.801527307556329106e+03 5.355149882643304693e+01
3.802317645873908532e+03 5.762829986447634667e+01
3.803107984191487958e+03 6.175568725706054352e+01
3.803898322509067384e+03 6.546319091793581890e+01
3.804688660826646810e+03 6.842784269681739318e+01
3.805478999144226236e+03 7.055283125566069202e+01
3.806269337461805662e+03 7.195295713828004125e+01
3.807059675779385088e+03 7.286717581522513854e+01
3.807850014096964514e+03 7.354110773409890101e+01
3.808640352414543941e+03 7.411023439128661039e+01
3.809430690732123367e+03 7.453885792661878895e+01
3.810221029049703247e+03 7.465907284656769605e+01
3.811011367367282674e+03 7.427487859369266232e+01
3.811801705684862100e+03 7.325700179371878562e+01
3.812592044002441526e+03 7.160919676900454078e+01
3.813382382320020952e+03 6.948736346800978936e+01
3.814172720637600378e+03 6.713382206647069950e+01
3.814963058955179804e+03 6.478387354707118106e+01
3.815753397272759230e+03 6.262965115303626362e+01
3.816543735590338656e+03 6.080057721559390416e+01
3.817334073907918082e+03 5.932052211846220757e+01
3.818124412225497508e+03 5.810091062283991903e+01
3.818914750543076934e+03 5.700717626096867008e+01
3.819705088860656360e+03 5.595601199230127065e+01
3.820495427178235786e+03 5.495930064694430683e+01
3.821285765495815212e+03 5.408008346612756156e+01
3.822076103813394639e+03 5.334294016778490288e+01
3.822866442130974065e+03 5.266718107299450935e+01
3.823656780448553491e+03 5.188859299570999895e+01
3.824447118766132917e+03 5.086436179749242825e+01
3.825237457083712343e+03 4.956651405395948728e+01
3.826027795401291769e+03 4.808786006455374462e+01
3.826818133718871195e+03 4.657035463216702453e+01
3.827608472036451076e+03 4.511160015982016347e+01
3.828398810354030502e+03 4.371588107725784766e+01
3.829189148671609928e+03 4.231410378213455203e+01
3.829979486989189354e+03 4.081536216511658210e+01
3.830769825306768780e+03 3.916235216457641855e+01
3.831560163624348206e+03 3.737972623934895466e+01
3.832350501941927632e+03 3.558884016679250806e+01
3.833140840259507058e+03 3.397511443822856592e+01
3.833931178577086484e+03 3.273001096232121654e+01
3.834721516894665911e+03 3.197939567571467023e+01
3.835511855212245337e+03 3.173732057346557767e+01
3.836302193529824763e+03 3.195467826229094399e+01
3.837092531847404189e+03 3.257440551557431263e+01
3.837882870164983615e+03 3.353478327571151851e+01
3.838673208482563041e+03 3.482101379803165031e+01
3.839463546800142467e+03 3.647478255342520725e+01
3.840253885117721893e+03 3.852594197139204368e+01
3.841044223435301319e+03 4.096319079692261056e+01
3.841834561752880745e+03 4.371851799851579301e+01
3.842624900070460171e+03 4.664388807492517230e+01
3.843415238388039597e+03 4.955639558364237018e+01
3.844205576705619023e+03 5.230618283015972736e+01
3.844995915023198904e+03 5.478577188728013425e+01
3.845786253340778330e+03 5.693480091256176934e+01
3.846576591658357756e+03 5.874968295362519655e+01
3.847366929975937182e+03 6.025775883803036947e+01
3.848157268293516609e+03 6.148747909349620500e+01
3.848947606611096035e+03 6.246188829907441686e+01
3.849737944928675461e+03 6.322002300849458578e+01
3.850528283246254887e+03 6.382670711814220965e+01
3.851318621563834313e+03 6.433531504530159850e+01
3.852108959881413739e+03 6.474344182139897441e+01
3.852899298198993165e+03 6.498556777952727259e+01
3.853689636516572591e+03 6.496296658465637108e+01
3.854479974834152017e+03 6.459086197959038600e+01
3.855270313151731443e+03 6.384517715208302491e+01
3.856060651469310869e+03 6.279537388242634677e+01
3.856850989786890295e+03 6.158285341934996637e+01
3.857641328104469721e+03 6.035963425846573216e+01
3.858431666422049148e+03 5.926969971100539425e+01
3.859222004739628574e+03 5.845783764356032464e+01
3.860012343057208000e+03 5.805570824029726396e+01
3.860802681374787426e+03 5.815437808828723121e+01
3.861593019692366852e+03 5.876574401999776853e+01
3.862383358009946278e+03 5.978542864845661597e+01
3.863173696327526159e+03 6.100230075423256437e+01
3.863964034645105585e+03 6.216604229739517962e+01
3.864754372962685011e+03 6.306970112021189578e+01
3.865544711280264437e+03 6.359402778202290563e+01
3.866335049597843863e+03 6.371143439400137254e+01
3.867125387915423289e+03 6.346498364877588472e+01
3.867915726233002715e+03 6.292754812937997144e+01
3.868706064550582141e+03 6.217049270083221302e+01
3.869496402868161567e+03 6.126501354680048905e+01
3.870286741185740993e+03 6.030007776096878302e+01
3.871077079503320419e+03 5.940393698225519614e+01
3.871867417820899846e+03 5.875070663960035233e+01
3.872657756138479272e+03 5.850952329699553900e+01
3.873448094456058698e+03 5.874991513498287077e+01
3.874238432773638124e+03 5.937587048533313805e+01
3.875028771091217550e+03 6.013782136600919159e+01
3.875819109408796976e+03 6.071733976450397563e+01
3.876609447726376402e+03 6.085697932977003433e+01
3.877399786043955828e+03 6.048281704442862861e+01
3.878190124361535254e+03 5.972994147176684976e+01
3.878980462679114680e+03 5.884888714440462820e+01
3.879770800996694106e+03 5.805627106974097273e+01
3.880561139314273987e+03 5.742805208758799296e+01
3.881351477631853413e+03 5.689571431393943612e+01
3.882141815949432839e+03 5.631820191860690272e+01
3.882932154267012265e+03 5.555552387172809858e+01
3.883722492584591691e+03 5.450089381867009308e+01
3.884512830902171117e+03 5.309313695955249557e+01
3.885303169219750544e+03 5.136143937543862847e+01
3.886093507537329970e+03 4.948689638976443916e+01
3.886883845854909396e+03 4.781779352811059880e+01
3.887674184172488822e+03 4.675057406370859781e+01
3.888464522490068248e+03 4.650297764359776664e+01
3.889254860807647674e+03 4.709883886606058923e+01
3.890045199125227100e+03 4.851979333251831861e+01
3.890835537442806526e+03 5.065987959988153477e+01
3.891625875760385952e+03 5.324510913881347562e+01
3.892416214077965378e+03 5.601779009147012545e+01
3.893206552395544804e+03 5.880764046238070364e+01
3.893996890713124230e+03 6.143544862774710680e+01
3.894787229030703656e+03 6.374379939213235247e+01
3.895577567348283083e+03 6.568072925861767430e+01
3.896367905665862509e+03 6.727065822677417373e+01
3.897158243983441935e+03 6.853395960300774448e+01
3.897948582301021816e+03 6.946220243378914461e+01
3.898738920618601242e+03 7.004438879118933414e+01
3.899529258936180668e+03 7.029774717969726794e+01
3.900319597253760094e+03 7.027228429145708333e+01
3.901109935571339520e+03 7.002067919663733164e+01
3.901900273888918946e+03 6.956624534569843377e+01
3.902690612206498372e+03 6.892483810207207284e+01
3.903480950524077798e+03 6.818122417532711665e+01
3.904271288841657224e+03 6.754295983721775087e+01
3.905061627159236650e+03 6.730819940218064801e+01
3.905851965476816076e+03 6.776142231818838013e+01
3.906642303794395502e+03 6.907191874086541361e+01
3.907432642111974928e+03 7.123556617954805859e+01
3.908222980429554354e+03 7.405002128820109419e+01
3.909013318747133781e+03 7.716257332548835279e+01
3.909803657064713207e+03 8.019443081393393413e+01
3.910593995382292633e+03 8.285459802068317003e+01
3.911384333699872059e+03 8.497567865382663399e+01
3.912174672017451485e+03 8.649043245673425417e+01
3.912965010335030911e+03 8.738777517992625121e+01
3.913755348652610337e+03 8.766990509858649716e+01
3.914545686970189763e+03 8.734863844522945442e+01
3.915336025287769644e+03 8.644820216052234230e+01
3.916126363605349070e+03 8.499588938574348163e+01
3.916916701922928496e+03 8.306519008892807676e+01
3.917707040240507922e+03 8.076606328692214731e+01
3.918497378558087348e+03 7.820541316745639904e+01
3.919287716875666774e+03 7.554099180891373067e+01
3.920078055193246200e+03 7.299180732436104790e+01
3.920868393510825626e+03 7.078242257103676138e+01
3.921658731828405053e+03 6.907664016389696826e+01
3.922449070145984479e+03 6.791086394764994338e+01
3.923239408463563905e+03 6.716272650091403307e+01
3.924029746781143331e+03 6.658176719757963724e+01
3.924820085098722757e+03 6.586580738301042004e+01
3.925610423416302183e+03 6.475351279973492069e+01
3.926400761733881609e+03 6.309431340830235513e+01
3.927191100051461035e+03 6.087037648404677270e+01
3.927981438369040461e+03 5.817078723410637053e+01
3.928771776686619887e+03 5.514580316544889627e+01
3.929562115004199313e+03 5.196118832088563977e+01
3.930352453321778739e+03 4.878790689848723616e+01
3.931142791639358165e+03 4.580037810337024951e+01
3.931933129956937591e+03 4.312485665668084778e+01
3.932723468274517472e+03 4.088363770862313373e+01
3.933513806592096898e+03 3.925624224289511233e+01
3.934304144909676324e+03 3.842266094031468526e+01
3.935094483227255751e+03 3.849570902615710111e+01
3.935884821544835177e+03 3.948157864940746009e+01
3.936675159862414603e+03 4.125626662445634452e+01
3.937465498179994029e+03 4.361709879097153930e+01
3.938255836497573455e+03 4.635965037266751665e+01
3.939046174815152881e+03 4.923463642758801484e+01
3.939836513132732307e+03 5.197839457993159584e+01
3.940626851450311733e+03 5.443221547747945976e+01
3.941417189767891159e+03 5.652267119946117191e+01
3.942207528085470585e+03 5.824274220835278015e+01
3.942997866403050011e+03 5.969342835655638169e+01
3.943788204720629437e+03 6.106138454251023262e+01
3.944578543038208863e+03 6.252720515415460056e+01
3.945368881355788290e+03 6.418346134843640982e+01
3.946159219673367716e+03 6.600217892390925556e+01
3.946949557990947142e+03 6.786126862070472043e+01
3.947739896308526568e+03 6.962832082923213761e+01
3.948530234626105994e+03 7.123864295396388968e+01
3.949320572943685420e+03 7.270328725368578660e+01
3.950110911261264846e+03 7.405524153464654091e+01
3.950901249578844727e+03 7.529687505911218182e+01
3.951691587896424153e+03 7.639243639833001964e+01
3.952481926214003579e+03 7.728856083776217645e+01
3.953272264531583005e+03 7.793183905920437837e+01
3.954062602849162431e+03 7.828037048820010568e+01
3.954852941166741857e+03 7.829697963437757835e+01
3.955643279484321283e+03 7.793628410941227003e+01
3.956433617801900709e+03 7.718098314355052025e+01
3.957223956119480135e+03 7.606888869545004184e+01
3.958014294437059561e+03 7.464170566556180120e+01
3.958804632754638988e+03 7.288381727857222359e+01
3.959594971072218414e+03 7.068940343359099643e+01
3.960385309389797840e+03 6.793605851000782536e+01
3.961175647707377266e+03 6.462225717521648960e+01
3.961965986024956692e+03 6.087136768064429759e+01
3.962756324342536118e+03 5.686468328208225387e+01
3.963546662660115544e+03 5.277715500376045554e+01
3.964337000977694970e+03 4.873632568966922207e+01
3.965127339295274396e+03 4.481092970496740691e+01
3.965917677612853822e+03 4.100806508783357174e+01
3.966708015930433248e+03 3.737892865036629075e+01
3.967498354248012674e+03 3.413289352743548477e+01
3.968288692565592555e+03 3.160908537301668275e+01
3.969079030883171981e+03 3.009418449571047915e+01
3.969869369200751407e+03 2.968522713724423667e+01
3.970659707518330833e+03 3.035016856276754993e+01
3.971450045835910259e+03 3.203931781249679034e+01
3.972240384153489686e+03 3.463303437824771436e+01
3.973030722471069112e+03 3.792643846001638508e+01
3.973821060788648538e+03 4.180565929685455728e+01
3.974611399106227964e+03 4.626334376020142258e+01
3.975401737423807390e+03 5.118408506363515897e+01
3.976192075741386816e+03 5.631756575766034700e+01
3.976982414058966242e+03 6.145104438400410629e+01
3.977772752376545668e+03 6.644173689411073269e+01
3.978563090694125094e+03 7.115779418371046461e+01
3.979353429011704520e+03 7.546082244943497130e+01
3.980143767329283946e+03 7.922055645236271459e+01
3.980934105646863372e+03 8.236084063297815305e+01
3.981724443964442798e+03 8.489105651495705729e+01
3.982514782282022225e+03 8.691319546784913541e+01
3.983305120599601651e+03 8.861282399115566477e+01
3.984095458917181077e+03 9.020213209043532743e+01
3.984885797234760503e+03 9.184111902428546159e+01
3.985676135552340384e+03 9.359392294400589662e+01
3.986466473869919810e+03 9.541731377080722609e+01
3.987256812187499236e+03 9.718308865656209150e+01
3.988047150505078662e+03 9.874223535787287176e+01
3.988837488822658088e+03 9.997691688104785612e+01
3.989627827140237514e+03 1.008399083901509243e+02
3.990418165457816940e+03 1.013794937730945520e+02
3.991208503775396366e+03 1.017051728251052225e+02
3.991998842092975792e+03 1.019047504675537823e+02
3.992789180410555218e+03 1.019933443616296813e+02
3.993579518728134644e+03 1.019347838133018342e+02
3.994369857045714070e+03 1.017029793884026390e+02
3.995160195363293496e+03 1.013404680788275556e+02
3.995950533680872923e+03 1.009807426879079912e+02
3.996740871998452349e+03 1.008149697721416089e+02
3.997531210316031775e+03 1.010247510621760370e+02
3.998321548633611201e+03 1.017183511384396155e+02
3.999111886951190627e+03 1.028796784430159903e+02
3.999902225268770053e+03 1.043374449905782342e+02
4.000692563586349479e+03 1.057970458018406532e+02
4.001482901903928905e+03 1.069456803383135792e+02
4.002273240221508331e+03 1.075536609982854372e+02
4.003063578539088212e+03 1.075309093626344605e+02
4.003853916856667638e+03 1.069513507606532414e+02
4.004644255174247064e+03 1.060382519984261194e+02
4.005434593491826490e+03 1.051124577354307092e+02
4.006224931809405916e+03 1.045099745149945818e+02
4.007015270126985342e+03 1.044605653825449281e+02
4.007805608444564768e+03 1.049792816794553403e+02
4.008595946762144195e+03 1.058614697366009949e+02
4.009386285079723621e+03 1.067846368947239881e+02
4.010176623397303047e+03 1.074573204416668943e+02
4.010966961714882473e+03 1.077441664581255907e+02
4.011757300032461899e+03 1.076920981976110454e+02
4.012547638350041325e+03 1.074645838675497060e+02
4.013337976667620751e+03 1.072465435064040520e+02
4.014128314985200177e+03 1.071708628229864644e+02
4.014918653302779603e+03 1.072937311784658050e+02
4.015708991620359029e+03 1.076231309755535790e+02
4.016499329937938455e+03 1.081701880844204595e+02
4.017289668255517881e+03 1.089652575849334966e+02
4.018080006573097307e+03 1.100225701390461666e+02
4.018870344890676733e+03 1.112991022031442583e+02
4.019660683208256160e+03 1.126727129476481082e+02
4.020451021525835586e+03 1.139354456583195656e+02
4.021241359843415466e+03 1.148279955924585920e+02
4.022031698160994893e+03 1.151349901234884641e+02
4.022822036478574319e+03 1.147845941730234216e+02
4.023612374796153745e+03 1.138888174721040656e+02
4.024402713113733171e+03 1.127119643866286651e+02
4.025193051431312597e+03 1.115771533146722874e+02
4.025983389748892023e+03 1.107260092673421070e+02
4.026773728066471449e+03 1.101945346710401168e+02
4.027564066384050875e+03 1.097831216945414212e+02
4.028354404701630301e+03 1.091251934609155114e+02
4.029144743019209727e+03 1.078507911873356022e+02
4.029935081336789153e+03 1.058030116399774556e+02
4.030725419654368579e+03 1.031553464918728764e+02
4.031515757971948005e+03 1.003618929688932297e+02
4.032306096289527432e+03 9.800388506228867413e+01
4.033096434607106858e+03 9.659858094035942599e+01
4.033886772924686284e+03 9.643924518331772333e+01
4.034677111242265710e+03 9.753376825753188939e+01
4.035467449559845136e+03 9.963381915056444882e+01
4.036257787877424562e+03 1.022994733773624318e+02
4.037048126195003988e+03 1.049909282603871219e+02
4.037838464512583414e+03 1.071893830457187846e+02
4.038628802830163295e+03 1.085161585043638865e+02
4.039419141147742721e+03 1.088088952875890243e+02
4.040209479465322147e+03 1.081365401092835157e+02
4.040999817782901573e+03 1.067286004151490602e+02
4.041790156100480999e+03 1.048552653528494716e+02
4.042580494418060425e+03 1.027381066477849743e+02
4.043370832735639851e+03 1.005169500687930508e+02
4.044161171053219277e+03 9.829782936978506314e+01
4.044951509370798703e+03 9.627631809033789523e+01
4.045741847688378130e+03 9.481536021848745577e+01
4.046532186005957556e+03 9.434360927754022441e+01
4.047322524323536982e+03 9.513755363052794678e+01
4.048112862641116408e+03 9.718131492366279645e+01
4.048903200958695834e+03 1.001602422501844671e+02
4.049693539276275260e+03 1.035609638619345532e+02
4.050483877593854686e+03 1.068202218492911584e+02
4.051274215911434112e+03 1.094686125640385512e+02
4.052064554229013538e+03 1.112087506813698212e+02
4.052854892546592964e+03 1.119423454562176801e+02
4.053645230864172390e+03 1.117545294083876684e+02
4.054435569181751816e+03 1.108604224632593969e+02
4.055225907499331242e+03 1.095530972893925252e+02
4.056016245816911123e+03 1.081501276530042759e+02
4.056806584134490549e+03 1.069265028501011159e+02
4.057596922452069975e+03 1.060622549544805224e+02
4.058387260769649401e+03 1.056134016620226816e+02
4.059177599087228828e+03 1.054832565346996205e+02
4.059967937404808254e+03 1.054123553084744742e+02
4.060758275722387680e+03 1.050400046739577533e+02
4.061548614039967106e+03 1.040419651385566056e+02
4.062338952357546532e+03 1.022925243370064834e+02
4.063129290675125958e+03 9.997118524505648907e+01
4.063919628992705384e+03 9.752538407134099430e+01
4.064709967310284810e+03 9.547826195057115228e+01
4.065500305627864236e+03 9.419573240300849193e+01
4.066290643945443662e+03 9.375069677393342715e+01
4.067080982263023088e+03 9.393537245415515713e+01
4.067871320580602514e+03 9.438775296417362881e+01
4.068661658898181940e+03 9.475227335296287379e+01
4.069451997215761367e+03 9.480349402496040057e+01
4.070242335533340793e+03 9.451091545395095750e+01
4.071032673850920219e+03 9.404485446669056614e+01
4.071823012168499645e+03 9.369993660389465617e+01
4.072613350486079071e+03 9.373556376297376858e+01
4.073403688803658952e+03 9.421568846318679391e+01
4.074194027121238378e+03 9.496223825886674774e+01
4.074984365438817804e+03 9.566321257970935221e+01
4.075774703756397230e+03 9.607942599903381620e+01
4.076565042073976656e+03 9.621928351096167376e+01
4.077355380391556082e+03 9.635550579221066414e+01
4.078145718709135508e+03 9.687354284334318777e+01
4.078936057026714934e+03 9.805727011201786070e+01
4.079726395344294360e+03 9.993324062398056640e+01
4.080516733661873786e+03 1.022482758025176537e+02
4.081307071979453212e+03 1.045915621408812655e+02
4.082097410297032638e+03 1.065888156468180483e+02
4.082887748614612065e+03 1.080579587112873128e+02
4.083678086932191491e+03 1.090724317944491588e+02
4.084468425249770917e+03 1.099168342839844712e+02
4.085258763567350343e+03 1.109367169740097552e+02
4.086049101884929769e+03 1.123743219393331856e+02
4.086839440202509195e+03 1.142815666182404044e+02
4.087629778520088621e+03 1.164938579020327722e+02
4.088420116837668047e+03 1.186579099904289905e+02
4.089210455155247473e+03 1.203662156628880098e+02
4.090000793472826899e+03 1.213169140053766739e+02
4.090791131790406325e+03 1.213818307328621557e+02
4.091581470107986206e+03 1.205944270177479041e+02
4.092371808425565632e+03 1.190721047617066972e+02
4.093162146743145058e+03 1.169103064601292772e+02
4.093952485060724484e+03 1.141315961986549894e+02
4.094742823378303910e+03 1.107017507180571840e+02
4.095533161695883337e+03 1.066028072050692685e+02
4.096323500013462763e+03 1.019450263522593048e+02
4.097113838331041734e+03 9.702755463249954460e+01
4.097904176648621615e+03 9.224481453142439591e+01
4.098694514966200586e+03 8.794460112038090926e+01
4.099484853283780467e+03 8.440233275924140344e+01
4.100275191601360348e+03 8.180529778892272930e+01
4.101065529918939319e+03 8.016203045312802544e+01
4.101855868236519200e+03 7.938860342279855331e+01
4.102646206554098171e+03 7.953015012898288205e+01
4.103436544871678052e+03 8.069274408902080609e+01
4.104226883189257023e+03 8.276205242510002336e+01
4.105017221506836904e+03 8.547756061036626818e+01
4.105807559824415875e+03 8.862136721774197667e+01
4.106597898141995756e+03 9.192893788504621000e+01
4.107388236459574728e+03 9.504300320980473771e+01
4.108178574777154608e+03 9.767325776138228832e+01
4.108968913094733580e+03 9.971310737257162771e+01
4.109759251412313461e+03 1.012239420255879878e+02
4.110549589729892432e+03 1.023743919304260430e+02
4.111339928047472313e+03 1.033722948315491692e+02
4.112130266365051284e+03 1.044076092127959043e+02
4.112920604682631165e+03 1.056146905650295196e+02
4.113710943000210136e+03 1.070288611153129210e+02
4.114501281317790017e+03 1.085560630558931337e+02
4.115291619635368988e+03 1.100047616294688737e+02
4.116081957952948869e+03 1.111607936760374997e+02
4.116872296270527841e+03 1.118595549781106939e+02
4.117662634588107721e+03 1.120417087083118872e+02
4.118452972905687602e+03 1.117705286557418276e+02
4.119243311223266574e+03 1.111910899857524555e+02
4.120033649540846454e+03 1.104696688526628918e+02
4.120823987858425426e+03 1.097549276378622096e+02
4.121614326176005306e+03 1.091525078202759573e+02
4.122404664493584278e+03 1.087174974278046022e+02
4.123195002811164159e+03 1.084606048392506494e+02
4.123985341128743130e+03 1.083390127275814194e+02
4.124775679446323011e+03 1.082414837317213738e+02
4.125566017763901982e+03 1.080049973683048279e+02
4.126356356081481863e+03 1.074738890752830116e+02
4.127146694399060834e+03 1.065751809006681725e+02
4.127937032716640715e+03 1.053630090491417519e+02
4.128727371034219686e+03 1.039878360926129943e+02
4.129517709351799567e+03 1.026117115326319151e+02
4.130308047669378539e+03 1.013457140390018196e+02
4.131098385986958419e+03 1.002502057345244850e+02
4.131888724304537391e+03 9.938557876643162103e+01
4.132679062622117272e+03 9.886079619671312457e+01
4.133469400939696243e+03 9.882997641661727073e+01
4.134259739257276124e+03 9.942840680620935245e+01
4.135050077574856005e+03 1.006827778701204892e+02
4.135840415892434976e+03 1.024592514540510422e+02
4.136630754210014857e+03 1.044769107650678279e+02
4.137421092527593828e+03 1.063693948553588342e+02
4.138211430845173709e+03 1.077811658190865671e+02
4.139001769162752680e+03 1.084503408315977424e+02
4.139792107480332561e+03 1.082357309272945258e+02
4.140582445797911532e+03 1.071371144907192843e+02
4.141372784115491413e+03 1.053188109705807989e+02
4.142163122433070384e+03 1.030922592934554416e+02
4.142953460750650265e+03 1.008705600828610471e+02
4.143743799068229237e+03 9.910570817585654879e+01
4.144534137385809117e+03 9.816492361050342197e+01
4.145324475703388089e+03 9.819725581476249943e+01
4.146114814020967970e+03 9.908838268201913024e+01
4.146905152338546941e+03 1.005270101700449459e+02
4.147695490656126822e+03 1.021327835530482986e+02
4.148485828973705793e+03 1.035897541193600091e+02
4.149276167291285674e+03 1.047355711415490873e+02
4.150066505608864645e+03 1.055505771411525586e+02
4.150856843926444526e+03 1.060847966353178862e+02
4.151647182244023497e+03 1.063983923210130911e+02
4.152437520561603378e+03 1.065378527930703001e+02
4.153227858879183259e+03 1.065530360146952944e+02
4.154018197196762230e+03 1.065327702865839683e+02
4.154808535514342111e+03 1.066074260979137591e+02
4.155598873831921082e+03 1.069042882408851369e+02
4.156389212149500963e+03 1.074926801160494563e+02
4.157179550467079935e+03 1.083544559683932960e+02
4.157969888784659815e+03 1.093936781607474984e+02
4.158760227102238787e+03 1.104765486304522852e+02
4.159550565419818668e+03 1.114764107175335539e+02
4.160340903737397639e+03 1.123010886919383324e+02
4.161131242054977520e+03 1.129011890554001809e+02
4.161921580372556491e+03 1.132586241591822613e+02
4.162711918690136372e+03 1.133562047624145492e+02
4.163502257007715343e+03 1.131607998424497623e+02
4.164292595325295224e+03 1.126396906804571927e+02
4.165082933642874195e+03 1.117887799462756533e+02
4.165873271960454076e+03 1.106482459844397681e+02
4.166663610278033048e+03 1.093029736083188368e+02
4.167453948595612928e+03 1.078611206883850997e+02
4.168244286913191900e+03 1.064125117010765962e+02
4.169034625230771780e+03 1.049917563182284681e+02
4.169824963548350752e+03 1.035597830373297086e+02
4.170615301865930633e+03 1.020388068229577243e+02
4.171405640183510513e+03 1.003985465655031533e+02
4.172195978501089485e+03 9.871952211952485357e+01
4.172986316818669366e+03 9.718596940542923335e+01
4.173776655136248337e+03 9.601664822266167221e+01
4.174566993453828218e+03 9.537514092735874272e+01
4.175357331771407189e+03 9.531210709656632218e+01
4.176147670088987070e+03 9.577109454849902193e+01
4.176938008406566041e+03 9.664901754174590565e+01
4.177728346724145922e+03 9.785293095553880960e+01
4.178518685041724893e+03 9.930421752471005448e+01
4.179309023359304774e+03 1.009135589055935611e+02
4.180099361676883746e+03 1.025721405652639930e+02
4.180889699994463626e+03 1.041683462340301105e+02
4.181680038312042598e+03 1.056139317143859273e+02
4.182470376629622479e+03 1.068498796833655149e+02
4.183260714947201450e+03 1.078203971931674516e+02
4.184051053264781331e+03 1.084452034097723470e+02
4.184841391582360302e+03 1.086278694994310570e+02
4.185631729899940183e+03 1.083136601903169662e+02
4.186422068217519154e+03 1.075647936724736695e+02
4.187212406535099035e+03 1.065917162346697040e+02
4.188002744852678916e+03 1.057004012034819880e+02
4.188793083170257887e+03 1.051678522159386233e+02
4.189583421487837768e+03 1.051214422932007437e+02
4.190373759805416739e+03 1.054893962956752773e+02
4.191164098122996620e+03 1.060323968115225739e+02
4.191954436440575591e+03 1.064321315967093682e+02
4.192744774758155472e+03 1.063961001165144751e+02
4.193535113075734444e+03 1.057364711915994917e+02
4.194325451393314324e+03 1.044208824921867347e+02
4.195115789710893296e+03 1.025922212071030941e+02
4.195906128028473177e+03 1.005223552366348088e+02
4.196696466346052148e+03 9.852654991940138984e+01
4.197486804663632029e+03 9.687884160119983790e+01
4.198277142981211000e+03 9.574000275332338106e+01
4.199067481298790881e+03 9.514467761598382367e+01
4.199857819616369852e+03 9.504956745910654092e+01
4.200648157933949733e+03 9.539686567884402280e+01
4.201438496251528704e+03 9.616281096190922995e+01
4.202228834569108585e+03 9.737193796389593103e+01
4.203019172886687556e+03 9.906594340423433209e+01
4.203809511204267437e+03 1.012466710844760769e+02
4.204599849521846409e+03 1.038378635442123112e+02
4.205390187839426289e+03 1.066812891765417248e+02
4.206180526157006170e+03 1.095469339082024476e+02
4.206970864474585142e+03 1.121567373115009048e+02
4.207761202792165022e+03 1.142332403890280830e+02
4.208551541109743994e+03 1.155625520579055774e+02
4.209341879427323875e+03 1.160396020754845665e+02
4.210132217744902846e+03 1.156889727945652595e+02
4.210922556062482727e+03 1.146492262323957192e+02
4.211712894380061698e+03 1.131215453077979163e+02
4.212503232697641579e+03 1.113265187525975364e+02
4.213293571015220550e+03 1.094760948542802623e+02
4.214083909332800431e+03 1.077722222379991308e+02
4.214874247650379402e+03 1.064253020214004408e+02
4.215664585967959283e+03 1.056426057372022456e+02
4.216454924285538254e+03 1.055686144740301415e+02
4.217245262603118135e+03 1.062108785959257773e+02
4.218035600920697107e+03 1.074050000075802416e+02
4.218825939238276987e+03 1.088301963817514491e+02
4.219616277555855959e+03 1.100733593906194017e+02
4.220406615873435840e+03 1.107305749071936560e+02
4.221196954191014811e+03 1.104807438086364755e+02
4.221987292508594692e+03 1.091078298230816870e+02
4.222777630826174573e+03 1.065277628430397669e+02
4.223567969143753544e+03 1.028354259015994643e+02
4.224358307461333425e+03 9.832744762122774773e+01
4.225148645778912396e+03 9.347833286603288627e+01
4.225938984096492277e+03 8.893323872354062587e+01
4.226729322414071248e+03 8.542439118909520346e+01
4.227519660731651129e+03 8.351218966101237129e+01
4.228309999049230100e+03 8.343393155796772476e+01
4.229100337366809981e+03 8.507688244658953636e+01
4.229890675684388953e+03 8.800404092075997653e+01
4.230681014001968833e+03 9.158898951944138389e+01
4.231471352319547805e+03 9.516277046016935515e+01
4.232261690637127685e+03 9.818428272878610130e+01
4.233052028954706657e+03 1.003959589462649120e+02
4.233842367272286538e+03 1.018061299192580407e+02
4.234632705589865509e+03 1.025851388879604258e+02
4.235423043907445390e+03 1.029783270623559304e+02
4.236213382225024361e+03 1.032384199709956079e+02
4.237003720542604242e+03 1.035810415957936073e+02
4.237794058860183213e+03 1.041641896541459005e+02
4.238584397177763094e+03 1.050817014057397358e+02
4.239374735495342065e+03 1.063682716574489575e+02
4.240165073812921946e+03 1.080175004062470805e+02
4.240955412130501827e+03 1.099887857682119829e+02
4.241745750448080798e+03 1.121883778071107258e+02
4.242536088765660679e+03 1.144498328063057500e+02
4.243326427083239651e+03 1.165398658074612825e+02
4.244116765400819531e+03 1.181909520900797474e+02
4.244907103718398503e+03 1.191469432317088888e+02
4.245697442035978384e+03 1.192231708647574777e+02
4.246487780353557355e+03 1.183726056567189602e+02
4.247278118671137236e+03 1.167208568731775244e+02
4.248068456988716207e+03 1.145494230229925279e+02
4.248858795306296088e+03 1.122237572879191134e+02
4.249649133623875059e+03 1.100998577261954097e+02
4.250439471941454940e+03 1.084502819709976507e+02
4.251229810259033911e+03 1.074237779742412897e+02
4.252020148576613792e+03 1.070246689651135483e+02
4.252810486894192763e+03 1.071378480316071631e+02
4.253600825211772644e+03 1.076081415614416272e+02
4.254391163529351616e+03 1.083188518980530830e+02
4.255181501846931496e+03 1.092106766657699097e+02
4.255971840164510468e+03 1.102221239273805793e+02
4.256762178482090349e+03 1.112030739055749393e+02
4.257552516799669320e+03 1.119041898680558660e+02
4.258342855117249201e+03 1.120913792498232056e+02
4.259133193434829082e+03 1.117087101470015398e+02
4.259923531752408053e+03 1.109668652294346600e+02
4.260713870069987934e+03 1.102826417385111597e+02
4.261504208387566905e+03 1.100798937762493779e+02
4.262294546705146786e+03 1.105686844873918346e+02
4.263084885022725757e+03 1.116344225238387935e+02
4.263875223340305638e+03 1.128875978226953691e+02
4.264665561657884609e+03 1.138388384369611686e+02
4.265455899975464490e+03 1.140909756976617757e+02
4.266246238293043461e+03 1.134511183125761136e+02
4.267036576610623342e+03 1.119315906659161897e+02
4.267826914928202314e+03 1.096618242384475366e+02
4.268617253245782194e+03 1.068135181240438243e+02
4.269407591563361166e+03 1.035894003746565346e+02
4.270197929880941047e+03 1.002253703460497434e+02
4.270988268198520018e+03 9.701375951569718836e+01
4.271778606516099899e+03 9.430302070567248052e+01
4.272568944833678870e+03 9.243214478261995737e+01
4.273359283151258751e+03 9.162744257545523396e+01
4.274149621468837722e+03 9.194489192508767417e+01
4.274939959786417603e+03 9.330190177280599073e+01
4.275730298103997484e+03 9.552225539045976177e+01
4.276520636421576455e+03 9.833813575163699738e+01
4.277310974739156336e+03 1.014090562597691019e+02
4.278101313056735307e+03 1.043767230016022438e+02
4.278891651374315188e+03 1.069175878903961063e+02
4.279681989691894159e+03 1.088150445682372265e+02
4.280472328009474040e+03 1.100099514746787719e+02
4.281262666327053012e+03 1.105957469252681733e+02
4.282053004644632892e+03 1.107519010138732654e+02
4.282843342962211864e+03 1.106406062597553301e+02
4.283633681279791745e+03 1.103338310115046568e+02
4.284424019597370716e+03 1.098038984238406073e+02
4.285214357914950597e+03 1.089697820558173191e+02
4.286004696232529568e+03 1.077640602472825577e+02
4.286795034550109449e+03 1.061718801250325441e+02
4.287585372867688420e+03 1.042437566649145992e+02
4.288375711185268301e+03 1.021138679633547497e+02
4.289166049502847272e+03 1.000066773435258654e+02
4.289956387820427153e+03 9.820403091917458482e+01
4.290746726138006125e+03 9.698121960399609520e+01
4.291537064455586005e+03 9.650825328154823524e+01
4.292327402773164977e+03 9.674497874164583777e+01
4.293117741090744858e+03 9.742688420118935255e+01
4.293908079408324738e+03 9.816368525263428069e+01
4.294698417725903710e+03 9.856831123803280548e+01
4.295488756043483590e+03 9.835276590669191421e+01
4.296279094361062562e+03 9.736514337690937282e+01
4.297069432678642443e+03 9.558775701621149778e+01
4.297859770996221414e+03 9.313613438772527786e+01
4.298650109313801295e+03 9.022838638967917291e+01
4.299440447631380266e+03 8.716256979706179209e+01
4.300230785948960147e+03 8.427676857914050856e+01
4.301021124266539118e+03 8.184776455221231117e+01
4.301811462584118999e+03 8.002579584239694555e+01
4.302601800901697970e+03 7.882927787235635719e+01
4.303392139219277851e+03 7.815603966805957725e+01
4.304182477536856823e+03 7.782498017225975673e+01
4.304972815854436703e+03 7.764654753357100958e+01
4.305763154172015675e+03 7.747999456702018506e+01
4.306553492489595556e+03 7.728648311430731610e+01
4.307343830807174527e+03 7.715323660968240915e+01
4.308134169124754408e+03 7.727174497614998927e+01
4.308924507442333379e+03 7.789278831919280321e+01
4.309714845759913260e+03 7.925083379259623939e+01
4.310505184077492231e+03 8.147090069554367631e+01
4.311295522395072112e+03 8.451824736902891289e+01
4.312085860712651993e+03 8.825629194314389281e+01
4.312876199030230964e+03 9.254362188324824956e+01
4.313666537347810845e+03 9.727581641678315805e+01
4.314456875665389816e+03 1.023593705833324208e+02
4.315247213982969697e+03 1.076842656690677558e+02
4.316037552300548668e+03 1.130841005451474928e+02
4.316827890618128549e+03 1.182641030989115336e+02
4.317618228935707521e+03 1.227902507377966401e+02
4.318408567253287401e+03 1.261823405713979867e+02
4.319198905570866373e+03 1.280604703359719849e+02
4.319989243888446254e+03 1.282501206447863069e+02
4.320779582206025225e+03 1.268006559852759523e+02
4.321569920523605106e+03 1.239500204299988013e+02
4.322360258841184077e+03 1.200473077521932339e+02
4.323150597158763958e+03 1.154935795371191034e+02
4.323940935476342929e+03 1.107731971791428691e+02
4.324731273793922810e+03 1.064770652076019815e+02
4.325521612111501781e+03 1.032260471399801247e+02
4.326311950429081662e+03 1.015623577801734427e+02
4.327102288746660633e+03 1.018148810992889679e+02
4.327892627064240514e+03 1.038960878373315211e+02
4.328682965381820395e+03 1.072967457881879341e+02
4.329473303699399366e+03 1.113012368426590228e+02
4.330263642016979247e+03 1.152289043178783459e+02
4.331053980334558219e+03 1.186091337081531805e+02
4.331844318652138099e+03 1.212291113731923105e+02
4.332634656969717071e+03 1.230430089694870617e+02
4.333424995287296952e+03 1.240287057019168628e+02
4.334215333604875923e+03 1.240994961711187869e+02
4.335005671922455804e+03 1.231069547415389707e+02
4.335796010240034775e+03 1.209219923166334922e+02
4.336586348557614656e+03 1.175621717410862459e+02
4.337376686875193627e+03 1.133100640811545787e+02
4.338167025192773508e+03 1.087435332704560977e+02
4.338957363510352479e+03 1.045882986825191949e+02
4.339747701827932360e+03 1.013873026896460487e+02
4.340538040145511332e+03 9.930570795984340293e+01
4.341328378463091212e+03 9.839230652083375617e+01
4.342118716780670184e+03 9.870298943609307685e+01
4.342909055098250064e+03 9.999461724522058148e+01
4.343699393415829036e+03 1.018506157269665948e+02
4.344489731733408917e+03 1.041263301485598731e+02
4.345280070050987888e+03 1.068267048106716288e+02
4.346070408368567769e+03 1.097566207794817643e+02
4.346860746686147650e+03 1.125536202441774662e+02
4.347651085003726621e+03 1.148712933884543475e+02
4.348441423321306502e+03 1.164706821975996718e+02
4.349231761638885473e+03 1.172474232184234779e+02
4.350022099956465354e+03 1.172300437852031791e+02
4.350812438274044325e+03 1.165883864246938515e+02
4.351602776591624206e+03 1.156513293675176044e+02
4.352393114909203177e+03 1.148599336441341734e+02
4.353183453226783058e+03 1.146432422666157152e+02
4.353973791544362030e+03 1.152888534617982970e+02
4.354764129861941910e+03 1.168586208744950738e+02
4.355554468179520882e+03 1.191798589163011712e+02
4.356344806497100762e+03 1.219346718844307702e+02
4.357135144814679734e+03 1.247724053319490309e+02
4.357925483132259615e+03 1.273807577295873728e+02
4.358715821449838586e+03 1.295842083614412559e+02
4.359506159767418467e+03 1.314252306178143215e+02
4.360296498084997438e+03 1.331002539288859339e+02
4.361086836402577319e+03 1.348284684522269572e+02
4.361877174720156290e+03 1.367476045932995135e+02
4.362667513037736171e+03 1.388532430779332856e+02
4.363457851355316052e+03 1.409985938779213370e+02
4.364248189672895023e+03 1.429322673865094089e+02
4.365038527990474904e+03 1.443510262430405078e+02
4.365828866308053875e+03 1.449792254055012108e+02
4.366619204625633756e+03 1.446701744327467622e+02
4.367409542943212728e+03 1.434743609845623951e+02
4.368199881260792608e+03 1.416334962312347443e+02
4.368990219578371580e+03 1.394928676089453461e+02
4.369780557895951461e+03 1.373621888168954399e+02
4.370570896213530432e+03 1.354125873388630055e+02
4.371361234531110313e+03 1.336677755341462444e+02
4.372151572848689284e+03 1.320588499110240264e+02
4.372941911166269165e+03 1.305072788376155017e+02
4.373732249483848136e+03 1.290025508013751505e+02
4.374522587801428017e+03 1.276380380626839468e+02
4.375312926119006988e+03 1.265855991469616981e+02
4.376103264436586869e+03 1.260122200158229475e+02
4.376893602754165840e+03 1.259670682688393981e+02
4.377683941071745721e+03 1.262980520928647366e+02
4.378474279389324693e+03 1.266611442292738161e+02
4.379264617706904573e+03 1.266153872619233169e+02
4.380054956024483545e+03 1.257485836758009157e+02
4.380845294342063426e+03 1.237986847661510694e+02
4.381635632659643306e+03 1.207405230144363060e+02
4.382425970977222278e+03 1.168398485570368166e+02
4.383216309294802159e+03 1.126576668034256699e+02
4.384006647612381130e+03 1.089129294703917878e+02
4.384796985929961011e+03 1.062689462007152201e+02
4.385587324247539982e+03 1.051515309784656722e+02
4.386377662565119863e+03 1.056143573437117311e+02
4.387168000882698834e+03 1.073444372504225157e+02
4.387958339200278715e+03 1.098033455566116459e+02
4.388748677517857686e+03 1.124527546554355268e+02
4.389539015835437567e+03 1.149496293146822694e+02
4.390329354153016538e+03 1.171724842051877147e+02
4.391119692470596419e+03 1.191438421718063552e+02
4.391910030788175391e+03 1.209350188394677303e+02
4.392700369105755271e+03 1.225883570522643282e+02
4.393490707423334243e+03 1.241004792125998222e+02
4.394281045740914124e+03 1.254631411823943665e+02
4.395071384058493095e+03 1.266963611950766335e+02
4.395861722376072976e+03 1.278384764662155817e+02
4.396652060693651947e+03 1.289034250820472778e+02
4.397442399011231828e+03 1.298271921030459453e+02
4.398232737328810799e+03 1.304735599239739656e+02
4.399023075646390680e+03 1.307291071584582767e+02
4.399813413963970561e+03 1.305782835724299105e+02
4.400603752281549532e+03 1.301031863689181876e+02
4.401394090599129413e+03 1.294242137910401027e+02
4.402184428916708384e+03 1.286141326466430428e+02
4.402974767234288265e+03 1.276655232294200886e+02
4.403765105551867236e+03 1.265648427528749664e+02
4.404555443869447117e+03 1.253989831485423139e+02
4.405345782187026089e+03 1.243845658701205679e+02
4.406136120504605969e+03 1.237953641041726769e+02
4.406926458822184941e+03 1.238327545375050676e+02
4.407716797139764822e+03 1.245504705934792042e+02
4.408507135457343793e+03 1.258678358817254406e+02
4.409297473774923674e+03 1.276163077271656476e+02
4.410087812092502645e+03 1.295847553365607610e+02
4.410878150410082526e+03 1.315274840007895989e+02
4.411668488727661497e+03 1.331601587965005820e+02
4.412458827045241378e+03 1.342043440464967716e+02
4.413249165362820349e+03 1.344772710595410103e+02
4.414039503680400230e+03 1.339805290492698759e+02
4.414829841997979202e+03 1.329336497698692483e+02
4.415620180315559082e+03 1.317236655093778666e+02
4.416410518633138963e+03 1.307772469611515191e+02
4.417200856950717935e+03 1.304000833975947273e+02
4.417991195268297815e+03 1.306739057441666318e+02
4.418781533585876787e+03 1.314618057099768009e+02
4.419571871903456667e+03 1.324907617333939527e+02
4.420362210221035639e+03 1.334640818874382546e+02
4.421152548538615520e+03 1.341680216682926243e+02
4.421942886856194491e+03 1.345244168668255043e+02
4.422733225173774372e+03 1.345812777400543041e+02
4.423523563491353343e+03 1.344693802908481643e+02
4.424313901808933224e+03 1.343356849888649549e+02
4.425104240126512195e+03 1.342799741356156744e+02
4.425894578444092076e+03 1.343285980369899164e+02
4.426684916761671047e+03 1.344372227676250873e+02
4.427475255079250928e+03 1.345092573411845365e+02
4.428265593396829900e+03 1.344344774775474036e+02
4.429055931714409780e+03 1.341337020356976382e+02
4.429846270031988752e+03 1.335935761162207029e+02
4.430636608349568633e+03 1.328815043650937753e+02
4.431426946667147604e+03 1.321178253006027603e+02
4.432217284984727485e+03 1.314120118531928938e+02
4.433007623302306456e+03 1.308218528909118277e+02
4.433797961619886337e+03 1.303748694013091836e+02
4.434588299937466218e+03 1.301225434876666327e+02
4.435378638255045189e+03 1.301702878429624377e+02
4.436168976572625070e+03 1.306479625495496180e+02
4.436959314890204041e+03 1.316229267123994475e+02
4.437749653207783922e+03 1.330112549419980326e+02
4.438539991525362893e+03 1.345597916852609899e+02
4.439330329842942774e+03 1.359156707981251202e+02
4.440120668160521745e+03 1.367608159118183266e+02
4.440911006478101626e+03 1.369681554909297745e+02
4.441701344795680598e+03 1.366842396193511036e+02
4.442491683113260478e+03 1.362776219609605164e+02
4.443282021430839450e+03 1.361851256283786711e+02
4.444072359748419331e+03 1.367195046663837275e+02
4.444862698065998302e+03 1.379279603718305793e+02
4.445653036383578183e+03 1.395824472203625248e+02
4.446443374701157154e+03 1.412938706301750358e+02
4.447233713018737035e+03 1.426702072835355750e+02
4.448024051336316006e+03 1.434438806861998330e+02
4.448814389653895887e+03 1.435182507216954093e+02
4.449604727971474858e+03 1.429286078118367129e+02
4.450395066289054739e+03 1.417755832208127913e+02
4.451185404606634620e+03 1.401715441913986524e+02
4.451975742924213591e+03 1.382049992265787068e+02
4.452766081241793472e+03 1.359399918335518294e+02
4.453556419559372443e+03 1.334552660283588921e+02
4.454346757876952324e+03 1.308759421723310652e+02
4.455137096194531296e+03 1.283703735735294060e+02
4.455927434512111176e+03 1.261182036452600101e+02
4.456717772829690148e+03 1.242706363963613825e+02
4.457508111147270029e+03 1.229109239365817814e+02
4.458298449464849000e+03 1.220177156887905312e+02
4.459088787782428881e+03 1.215133738323058026e+02
4.459879126100007852e+03 1.213573626884322039e+02
4.460669464417587733e+03 1.215807399715313579e+02
4.461459802735166704e+03 1.222593964504198709e+02
4.462250141052746585e+03 1.234479911843287994e+02
4.463040479370325556e+03 1.251109310900240388e+02
4.463830817687905437e+03 1.270982785621705489e+02
4.464621156005484409e+03 1.291775698881035623e+02
4.465411494323064289e+03 1.311139670150561187e+02
4.466201832640643261e+03 1.327514257895949754e+02
4.466992170958223141e+03 1.340433997312601377e+02
4.467782509275802113e+03 1.350424961259465135e+02
4.468572847593381994e+03 1.358829595687032565e+02
4.469363185910961874e+03 1.367630321818083985e+02
4.470153524228540846e+03 1.379006806614550555e+02
4.470943862546120727e+03 1.394549631673453405e+02
4.471734200863699698e+03 1.414601935734146991e+02
4.472524539181279579e+03 1.438156053444211011e+02
4.473314877498858550e+03 1.463112682224531795e+02
4.474105215816438431e+03 1.486788750622896487e+02
4.474895554134017402e+03 1.507017249693602139e+02
4.475685892451597283e+03 1.522951140854268033e+02
4.476476230769176254e+03 1.534577157574095168e+02
4.477266569086756135e+03 1.541645012767743879e+02
4.478056907404335107e+03 1.543262009517906392e+02
4.478847245721914987e+03 1.538344736590579203e+02
4.479637584039493959e+03 1.526691921312544196e+02
4.480427922357073840e+03 1.510058569816923182e+02
4.481218260674652811e+03 1.492157700565974778e+02
4.482008598992232692e+03 1.477432329403356732e+02
4.482798937309811663e+03 1.469324286244134328e+02
4.483589275627391544e+03 1.468900309478742088e+02
4.484379613944970515e+03 1.474515403468348609e+02
4.485169952262550396e+03 1.482633290522391007e+02
4.485960290580129367e+03 1.489228476194787731e+02
4.486750628897709248e+03 1.491153251708687435e+02
4.487540967215289129e+03 1.487166995763006412e+02
4.488331305532868100e+03 1.478287781716767881e+02
4.489121643850447981e+03 1.467325741435996349e+02
4.489911982168026952e+03 1.457723702259194454e+02
4.490702320485606833e+03 1.452006650076974097e+02
4.491492658803185805e+03 1.450722927174262225e+02
4.492282997120765685e+03 1.452589051537169098e+02
4.493073335438344657e+03 1.455435663007667699e+02
4.493863673755924538e+03 1.457421591446805280e+02
4.494654012073503509e+03 1.458159273500283462e+02
4.495444350391083390e+03 1.459104028763869110e+02
4.496234688708662361e+03 1.462860116615358947e+02
4.497025027026242242e+03 1.471901374548497188e+02
4.497815365343821213e+03 1.487459465425666281e+02
4.498605703661401094e+03 1.509089810450197433e+02
4.499396041978980065e+03 1.535108645593209076e+02
4.500186380296559946e+03 1.563476091729713175e+02
4.500976718614138917e+03 1.592527314259642992e+02
4.501767056931718798e+03 1.621224360721881510e+02
4.502557395249297770e+03 1.648910305136188867e+02
4.503347733566877650e+03 1.674670362771504415e+02
4.504138071884457531e+03 1.696887641015022439e+02
4.504928410202036503e+03 1.713662723423462921e+02
4.505718748519616383e+03 1.723612130492325036e+02
4.506509086837195355e+03 1.726400697418162054e+02
4.507299425154775236e+03 1.722829166928688664e+02
4.508089763472354207e+03 1.714349055867311904e+02
4.508880101789934088e+03 1.702441085115032138e+02
4.509670440107513059e+03 1.688422237751245802e+02
4.510460778425092940e+03 1.673490750213090337e+02
4.511251116742671911e+03 1.658764590983026324e+02
4.512041455060251792e+03 1.645340370184808876e+02
4.512831793377830763e+03 1.634121894153192898e+02
4.513622131695410644e+03 1.625512995549165680e+02
4.514412470012989615e+03 1.619424013061898791e+02
4.515202808330569496e+03 1.615428725663837781e+02
4.515993146648148468e+03 1.612966808155936462e+02
4.516783484965728348e+03 1.611663742475469689e+02
4.517573823283307320e+03 1.611487010046345745e+02
4.518364161600887201e+03 1.612572916334611364e+02
4.519154499918466172e+03 1.614832195962840160e+02
4.519944838236046053e+03 1.617447097840822039e+02
4.520735176553625024e+03 1.618585898088485351e+02
4.521525514871204905e+03 1.615745353363805066e+02
4.522315853188784786e+03 1.606569008343044231e+02
4.523106191506363757e+03 1.589618976791622629e+02
4.523896529823943638e+03 1.564766072724034984e+02
4.524686868141522609e+03 1.533090644676621537e+02
4.525477206459102490e+03 1.496557447192987809e+02
4.526267544776681461e+03 1.457844095704292045e+02
4.527057883094261342e+03 1.420181374136920454e+02
4.527848221411840314e+03 1.386901107703559433e+02
4.528638559729420194e+03 1.360934211314413176e+02
4.529428898046999166e+03 1.344188112220626863e+02
4.530219236364579046e+03 1.336788753034226715e+02
4.531009574682158018e+03 1.337150399176180997e+02
4.531799912999737899e+03 1.342759145378642529e+02
4.532590251317316870e+03 1.351020019476465279e+02
4.533380589634896751e+03 1.360194428384801881e+02
4.534170927952475722e+03 1.370206867021186667e+02
4.534961266270055603e+03 1.382558684712608965e+02
4.535751604587634574e+03 1.399200540387509761e+02
4.536541942905214455e+03 1.421042148080401262e+02
4.537332281222793426e+03 1.446840624126751038e+02
4.538122619540373307e+03 1.473114172955799006e+02
4.538912957857952279e+03 1.495406558021413730e+02
4.539703296175532159e+03 1.510228673919135645e+02
4.540493634493112040e+03 1.516393379495178806e+02
4.541283972810691012e+03 1.515139136632266172e+02
4.542074311128270892e+03 1.509065048045325170e+02
4.542864649445849864e+03 1.500667392362045689e+02
4.543654987763429745e+03 1.491574519050865320e+02
4.544445326081008716e+03 1.482671841882354329e+02
4.545235664398588597e+03 1.474690695229882351e+02
4.546026002716167568e+03 1.468677857373995721e+02
4.546816341033747449e+03 1.465842977205488182e+02
4.547606679351326420e+03 1.467016639974403631e+02
4.548397017668906301e+03 1.472331604245065080e+02
4.549187355986485272e+03 1.481220815467294187e+02
4.549977694304065153e+03 1.492518181444290803e+02
4.550768032621644124e+03 1.504605184575320322e+02
4.551558370939224005e+03 1.515655603159982547e+02
4.552348709256802977e+03 1.524036596384226527e+02
4.553139047574382857e+03 1.528914713911399872e+02
4.553929385891961829e+03 1.530797117154132536e+02
4.554719724209541710e+03 1.531529174039041266e+02
4.555510062527120681e+03 1.533685401982514236e+02
4.556300400844700562e+03 1.539565697729015596e+02
4.557090739162280443e+03 1.550192420887482285e+02
4.557881077479859414e+03 1.564879692756409781e+02
4.558671415797439295e+03 1.581595920155650390e+02
4.559461754115018266e+03 1.597806838345645417e+02
4.560252092432598147e+03 1.611282132841430439e+02
4.561042430750177118e+03 1.620550450042512693e+02
4.561832769067756999e+03 1.624998784832721697e+02
4.562623107385335970e+03 1.624792443583781392e+02
4.563413445702915851e+03 1.620887123170990094e+02
4.564203784020494822e+03 1.615011626102073592e+02
4.564994122338074703e+03 1.609397550149963365e+02
4.565784460655653675e+03 1.606230664844612193e+02
4.566574798973233555e+03 1.606858037307546851e+02
4.567365137290812527e+03 1.611121666029787889e+02
4.568155475608392408e+03 1.617349377450507859e+02
4.568945813925971379e+03 1.623057382299625147e+02
4.569736152243551260e+03 1.626068447952448821e+02
4.570526490561130231e+03 1.625626003645896844e+02
4.571316828878710112e+03 1.622800542902041343e+02
4.572107167196289083e+03 1.619866966912071291e+02
4.572897505513868964e+03 1.619049698089224307e+02
4.573687843831447935e+03 1.621206261395691399e+02
4.574478182149027816e+03 1.625191536307624460e+02
4.575268520466607697e+03 1.628382717494110352e+02
4.576058858784186668e+03 1.627855805080639584e+02
4.576849197101766549e+03 1.621448129366540343e+02
4.577639535419345520e+03 1.608379861844855441e+02
4.578429873736925401e+03 1.589268575123307983e+02
4.579220212054504373e+03 1.565789294438163779e+02
4.580010550372084253e+03 1.540366194646884423e+02
4.580800888689663225e+03 1.515693811042945356e+02
4.581591227007243106e+03 1.494115888638621072e+02
4.582381565324822077e+03 1.477285908420597025e+02
4.583171903642401958e+03 1.466073621939972327e+02
4.583962241959980929e+03 1.460803147549147525e+02
4.584752580277560810e+03 1.461746702686074855e+02
4.585542918595139781e+03 1.469290918758687212e+02
4.586333256912719662e+03 1.483577006583595903e+02
4.587123595230298633e+03 1.503884324054344575e+02
4.587913933547878514e+03 1.528106401526039519e+02
4.588704271865457486e+03 1.552762268323089927e+02
4.589494610183037366e+03 1.573763181122675121e+02
4.590284948500616338e+03 1.587548325587344777e+02
4.591075286818196219e+03 1.592061406174960041e+02
4.591865625135776099e+03 1.587288203510825610e+02
4.592655963453355071e+03 1.574979874101265978e+02
4.593446301770934951e+03 1.557784432123880833e+02
4.594236640088513923e+03 1.538475133969203910e+02
4.595026978406093804e+03 1.519511650864329511e+02
4.595817316723672775e+03 1.502955218015858634e+02
4.596607655041252656e+03 1.490519266785638592e+02
4.597397993358831627e+03 1.483349021279249769e+02
4.598188331676411508e+03 1.481741659089771588e+02
4.598978669993990479e+03 1.485139885832358289e+02
4.599769008311570360e+03 1.492417630187089799e+02
4.600559346629149331e+03 1.502333178652789343e+02
4.601349684946729212e+03 1.513919189512862147e+02
4.602140023264308184e+03 1.526626760332926551e+02
4.602930361581888064e+03 1.540215408962274353e+02
4.603720699899467036e+03 1.554643580556308677e+02
4.604511038217046917e+03 1.570145567295263334e+02
4.605301376534625888e+03 1.587257107995638421e+02
4.606091714852205769e+03 1.606592970860252763e+02
4.606882053169784740e+03 1.628345712959122693e+02
4.607672391487364621e+03 1.651608060097589714e+02
4.608462729804943592e+03 1.674049259313244988e+02
4.609253068122523473e+03 1.692445628504305830e+02
4.610043406440103354e+03 1.703793528560691470e+02
4.610833744757682325e+03 1.706481407804903654e+02
4.611624083075262206e+03 1.701056730983738703e+02
4.612414421392841177e+03 1.690030278426375503e+02
4.613204759710421058e+03 1.676794085093754347e+02
4.613995098028000029e+03 1.664347561308294416e+02
4.614785436345579910e+03 1.654349194356497890e+02
4.615575774663158882e+03 1.646817362827266038e+02
4.616366112980738762e+03 1.640657032686010837e+02
4.617156451298317734e+03 1.634575810901841635e+02
4.617946789615897615e+03 1.627901635900247470e+02
4.618737127933476586e+03 1.621051277266229249e+02
4.619527466251056467e+03 1.615337188268490536e+02
4.620317804568635438e+03 1.612251567202125102e+02
4.621108142886215319e+03 1.612758934743877148e+02
4.621898481203794290e+03 1.616825183916060382e+02
4.622688819521374171e+03 1.623366567602657256e+02
4.623479157838953142e+03 1.630683769174806059e+02
4.624269496156533023e+03 1.636988176553137748e+02
4.625059834474111994e+03 1.640847491199799606e+02
4.625850172791691875e+03 1.641622763118091939e+02
4.626640511109270847e+03 1.639623106626938238e+02
4.627430849426850727e+03 1.635867192098681926e+02
4.628221187744430608e+03 1.631657939593259243e+02
4.629011526062009580e+03 1.628098189005485494e+02
4.629801864379589460e+03 1.625748916851008516e+02
4.630592202697168432e+03 1.624557954200259928e+02
4.631382541014748313e+03 1.623887887397852410e+02
4.632172879332327284e+03 1.622641451745081724e+02
4.632963217649907165e+03 1.619612559382221377e+02
4.633753555967486136e+03 1.613863439696027626e+02
4.634543894285066017e+03 1.604979954317425950e+02
4.635334232602644988e+03 1.593256059161656140e+02
4.636124570920224869e+03 1.579731938571840715e+02
4.636914909237803840e+03 1.566160380500543567e+02
4.637705247555383721e+03 1.554945023749154984e+02
4.638495585872962693e+03 1.548724720219016717e+02
4.639285924190542573e+03 1.549588419258485033e+02
4.640076262508121545e+03 1.558292305094869334e+02
4.640866600825701425e+03 1.573694145422150257e+02
4.641656939143280397e+03 1.592668463160741226e+02
4.642447277460860278e+03 1.610836953220610326e+02
4.643237615778439249e+03 1.623826357952577837e+02
4.644027954096019130e+03 1.628509099550229564e+02
4.644818292413599011e+03 1.623864954065971915e+02
4.645608630731177982e+03 1.611096306677523557e+02
4.646398969048757863e+03 1.593055179514490476e+02
4.647189307366336834e+03 1.573443361510851446e+02
4.647979645683916715e+03 1.555962728136578050e+02
4.648769984001495686e+03 1.543668791960687372e+02
4.649560322319075567e+03 1.538687265674270179e+02
4.650350660636654538e+03 1.541967697183958990e+02
4.651140998954234419e+03 1.553065670057275156e+02
4.651931337271813391e+03 1.570216690859937216e+02
4.652721675589393271e+03 1.590709953860912265e+02
4.653512013906972243e+03 1.611542241695514690e+02
4.654302352224552124e+03 1.630348369679402936e+02
4.655092690542131095e+03 1.646204236673674757e+02
4.655883028859710976e+03 1.659776490433384595e+02
4.656673367177289947e+03 1.672685072492600398e+02
4.657463705494869828e+03 1.686344451001842799e+02
4.658254043812448799e+03 1.700837278959594130e+02
4.659044382130028680e+03 1.714475489147593521e+02
4.659834720447607651e+03 1.724299214179014825e+02
4.660625058765187532e+03 1.727177678451714087e+02
4.661415397082766503e+03 1.721091627512971058e+02
4.662205735400346384e+03 1.705931691874143326e+02
4.662996073717926265e+03 1.683342658502705831e+02
4.663786412035505236e+03 1.655900561560553967e+02
4.664576750353085117e+03 1.626166662147660986e+02
4.665367088670664089e+03 1.596259017368326738e+02
4.666157426988243969e+03 1.568136504781109579e+02
4.666947765305822941e+03 1.544074804974045492e+02
4.667738103623402822e+03 1.526816804659603974e+02
4.668528441940981793e+03 1.519120750893582681e+02
4.669318780258561674e+03 1.522705793420319651e+02
4.670109118576140645e+03 1.537228316558951633e+02
4.670899456893720526e+03 1.559928861720849795e+02
4.671689795211299497e+03 1.586371168501529496e+02
4.672480133528879378e+03 1.611951142355468960e+02
4.673270471846458349e+03 1.633262036897727398e+02
4.674060810164038230e+03 1.648781975069942405e+02
4.674851148481617201e+03 1.658656449628917642e+02
4.675641486799197082e+03 1.663870267228066382e+02
4.676431825116776054e+03 1.665294271270436184e+02
4.677222163434355934e+03 1.663141804586831540e+02
4.678012501751934906e+03 1.657213911859756195e+02
4.678802840069514787e+03 1.647604017534350191e+02
4.679593178387093758e+03 1.635334215902603319e+02
4.680383516704673639e+03 1.622470575605570957e+02
4.681173855022253520e+03 1.611515482435103195e+02
4.681964193339832491e+03 1.604560114162455875e+02
4.682754531657412372e+03 1.602702325283847244e+02
4.683544869974991343e+03 1.605875429901351765e+02
4.684335208292571224e+03 1.613130998613430336e+02
4.685125546610150195e+03 1.623201575820279459e+02
4.685915884927730076e+03 1.634892218205374093e+02
4.686706223245309047e+03 1.647190487713057507e+02
4.687496561562888928e+03 1.659289902442134803e+02
4.688286899880467899e+03 1.670531148461743101e+02
4.689077238198047780e+03 1.680295951361049447e+02
4.689867576515626752e+03 1.688040550545521512e+02
4.690657914833206632e+03 1.693361526919173912e+02
4.691448253150785604e+03 1.696024011051984530e+02
4.692238591468365485e+03 1.696036614689483599e+02
4.693028929785944456e+03 1.693556132795569624e+02
4.693819268103524337e+03 1.688605187548988056e+02
4.694609606421103308e+03 1.680910208397823453e+02
4.695399944738683189e+03 1.669926885041983837e+02
4.696190283056262160e+03 1.655111502372602672e+02
4.696980621373842041e+03 1.636501587089413192e+02
4.697770959691421922e+03 1.615150437847100306e+02
4.698561298009000893e+03 1.593120746038154607e+02
4.699351636326580774e+03 1.573113469042699535e+02
4.700141974644159745e+03 1.557688488325359799e+02
4.700932312961739626e+03 1.548552026074590628e+02
4.701722651279318598e+03 1.546300324482697874e+02
4.702512989596898478e+03 1.550403506006936993e+02
4.703303327914477450e+03 1.559337499715991555e+02
4.704093666232057330e+03 1.570889120900622515e+02
4.704884004549636302e+03 1.582468122378464273e+02
4.705674342867216183e+03 1.591621164930558621e+02
4.706464681184795154e+03 1.596722723770789685e+02
4.707255019502375035e+03 1.597293435535725337e+02
4.708045357819954006e+03 1.594044239410230830e+02
4.708835696137533887e+03 1.588639454746332831e+02
4.709626034455112858e+03 1.583022227101727708e+02
4.710416372772692739e+03 1.578672779355358387e+02
4.711206711090271710e+03 1.576263215172239143e+02
4.711997049407851591e+03 1.575800987347660111e+02
4.712787387725430563e+03 1.577176549376076480e+02
4.713577726043010443e+03 1.580840135381737070e+02
4.714368064360589415e+03 1.588020081608365217e+02
4.715158402678169296e+03 1.600214286926830880e+02
4.715948740995749176e+03 1.618324091297290579e+02
4.716739079313328148e+03 1.641899274602575929e+02
4.717529417630908029e+03 1.668903536624331991e+02
4.718319755948487000e+03 1.696243107368623555e+02
4.719110094266066881e+03 1.720683976994295676e+02
4.719900432583645852e+03 1.739669084449985235e+02
4.720690770901225733e+03 1.751916110951470387e+02
4.721481109218804704e+03 1.757571879908713299e+02
4.722271447536384585e+03 1.757861353105878379e+02
4.723061785853963556e+03 1.754462203289419335e+02
4.723852124171543437e+03 1.748658810263113992e+02
4.724642462489122408e+03 1.740641117094807555e+02
4.725432800806702289e+03 1.729515506982685906e+02
4.726223139124281261e+03 1.714038797942793622e+02
4.727013477441861141e+03 1.693642327740675455e+02
4.727803815759440113e+03 1.669176324080093536e+02
4.728594154077019994e+03 1.642873967385434071e+02
4.729384492394598965e+03 1.617525372440017293e+02
4.730174830712178846e+03 1.595476037182929758e+02
4.730965169029757817e+03 1.578037273783303647e+02
4.731755507347337698e+03 1.565506335368041846e+02
4.732545845664917579e+03 1.557606086449459895e+02
4.733336183982496550e+03 1.553875994118129995e+02
4.734126522300076431e+03 1.553832359584963854e+02
4.734916860617655402e+03 1.557040744819853444e+02
4.735707198935235283e+03 1.563153212308128843e+02
4.736497537252814254e+03 1.571936352683399605e+02
4.737287875570394135e+03 1.583267799503447009e+02
4.738078213887973106e+03 1.596930147311239239e+02
4.738868552205552987e+03 1.612303078856303387e+02
4.739658890523131959e+03 1.628307385800044358e+02
4.740449228840711839e+03 1.643675717099864926e+02
4.741239567158290811e+03 1.657326129199395837e+02
4.742029905475870692e+03 1.668701927397650593e+02
4.742820243793449663e+03 1.677855612873838140e+02
4.743610582111029544e+03 1.685191880212368005e+02
4.744400920428608515e+03 1.691261141275771820e+02
4.745191258746188396e+03 1.696710168758951340e+02
4.745981597063767367e+03 1.702261329277413893e+02
4.746771935381347248e+03 1.708653697483217684e+02
4.747562273698926219e+03 1.716362349947569328e+02
4.748352612016506100e+03 1.725246059156406773e+02
4.749142950334085072e+03 1.734542787062615048e+02
4.749933288651664952e+03 1.743190434912371529e+02
4.750723626969244833e+03 1.750236563986092051e+02
4.751513965286823804e+03 1.755195036736051293e+02
4.752304303604403685e+03 1.758123402919494538e+02
4.753094641921982657e+03 1.759411706617393634e+02
4.753884980239562537e+03 1.759505326726689987e+02
4.754675318557141509e+03 1.758683273750555713e+02
4.755465656874721390e+03 1.756979047831360390e+02
4.756255995192300361e+03 1.754270340373024624e+02
4.757046333509880242e+03 1.750434397376141646e+02
4.757836671827459213e+03 1.745469281547093772e+02
4.758627010145039094e+03 1.739463578640734909e+02
4.759417348462618065e+03 1.732382466874266811e+02
4.760207686780197946e+03 1.723918536617262589e+02
4.760998025097776917e+03 1.713597496827952114e+02
4.761788363415356798e+03 1.701098811312728571e+02
4.762578701732935770e+03 1.686666223486778904e+02
4.763369040050515650e+03 1.671323713677127216e+02
4.764159378368094622e+03 1.656691934410785052e+02
4.764949716685674503e+03 1.644529286150477105e+02
4.765740055003253474e+03 1.636274445649724498e+02
4.766530393320833355e+03 1.632808452064993503e+02
4.767320731638412326e+03 1.634548120536319971e+02
4.768111069955992207e+03 1.641499759456265224e+02
4.768901408273572088e+03 1.653108635029084326e+02
4.769691746591151059e+03 1.668236880456363451e+02
4.770482084908730940e+03 1.685390945953685957e+02
4.771272423226309911e+03 1.703027334140342077e+02
4.772062761543889792e+03 1.719936013866285975e+02
4.772853099861468763e+03 1.735444345117686566e+02
4.773643438179048644e+03 1.749263584081438125e+02
4.774433776496627615e+03 1.761279069963659936e+02
4.775224114814207496e+03 1.771373060490528246e+02
4.776014453131786468e+03 1.779345737176877549e+02
4.776804791449366348e+03 1.785029246858223928e+02
4.777595129766945320e+03 1.788302316365533784e+02
4.778385468084525201e+03 1.788973120920155111e+02
4.779175806402104172e+03 1.786807811159993378e+02
4.779966144719684053e+03 1.781676285012578091e+02
4.780756483037263024e+03 1.773733543428460280e+02
4.781546821354842905e+03 1.763587290940721459e+02
4.782337159672421876e+03 1.752160581511142539e+02
4.783127497990001757e+03 1.740300103340917417e+02
4.783917836307580728e+03 1.728533289619975335e+02
4.784708174625160609e+03 1.716968363830202691e+02
4.785498512942740490e+03 1.705401828168483007e+02
4.786288851260319461e+03 1.693736252298594991e+02
4.787079189577899342e+03 1.682281585946014673e+02
4.787869527895478313e+03 1.671795483213525699e+02
4.788659866213058194e+03 1.663389632567852061e+02
4.789450204530637166e+03 1.658210377546295717e+02
4.790240542848217046e+03 1.657131831733961462e+02
4.791030881165796018e+03 1.660658887220674274e+02
4.791821219483375899e+03 1.668820756396750937e+02
4.792611557800954870e+03 1.681020379598019474e+02
4.793401896118534751e+03 1.696006920095173314e+02
4.794192234436113722e+03 1.711938165793591224e+02
4.794982572753693603e+03 1.726564363384741512e+02
4.795772911071272574e+03 1.737650112192781080e+02
4.796563249388852455e+03 1.743541731091313238e+02
4.797353587706431426e+03 1.743716117105632861e+02
4.798143926024011307e+03 1.739093595441837010e+02
4.798934264341590278e+03 1.731858909847229882e+02
4.799724602659170159e+03 1.724824169993087253e+02
4.800514940976749131e+03 1.720546721109583359e+02
4.801305279294329011e+03 1.720474494974709785e+02
4.802095617611907983e+03 1.724495076931878828e+02
4.802885955929487864e+03 1.731039556010358069e+02
4.803676294247067744e+03 1.737687319261689538e+02
4.804466632564646716e+03 1.742067296909279435e+02
4.805256970882226597e+03 1.742635558938740701e+02
4.806047309199805568e+03 1.739051440323926272e+02
4.806837647517385449e+03 1.732167278456611257e+02
4.807627985834964420e+03 1.723609381086783401e+02
4.808418324152544301e+03 1.715168659752808082e+02
4.809208662470123272e+03 1.708361473923856124e+02
4.809999000787703153e+03 1.704132279478840246e+02
4.810789339105282124e+03 1.702748347950791299e+02
4.811579677422862005e+03 1.704004782344421756e+02
4.812370015740440977e+03 1.707542686385857280e+02
4.813160354058020857e+03 1.713164303820922214e+02
4.813950692375599829e+03 1.721089594105053493e+02
4.814741030693179709e+03 1.731875338957751751e+02
4.815531369010758681e+03 1.745926656528101546e+02
4.816321707328338562e+03 1.762983794999977931e+02
4.817112045645917533e+03 1.781861716636148572e+02
4.817902383963497414e+03 1.800513527631787838e+02
4.818692722281076385e+03 1.816522989968113961e+02
4.819483060598656266e+03 1.827856510920219080e+02
4.820273398916236147e+03 1.833416421893119264e+02
4.821063737233815118e+03 1.833341119046854146e+02
4.821854075551394999e+03 1.828943823904428427e+02
4.822644413868973970e+03 1.822278131461342809e+02
4.823434752186553851e+03 1.815588977239396797e+02
4.824225090504132822e+03 1.810700886885356340e+02
4.825015428821712703e+03 1.808481507022308108e+02
4.825805767139291675e+03 1.808607991197670231e+02
4.826596105456871555e+03 1.809724822628774064e+02
4.827386443774450527e+03 1.810016227196542218e+02
4.828176782092030408e+03 1.807974580268395073e+02
4.828967120409609379e+03 1.802940953034572829e+02
4.829757458727189260e+03 1.795215946405170371e+02
4.830547797044768231e+03 1.785806630771298273e+02
4.831338135362348112e+03 1.775972828106018824e+02
4.832128473679927083e+03 1.766872709358523821e+02
4.832918811997506964e+03 1.759277351776215710e+02
4.833709150315085935e+03 1.753322794938306970e+02
4.834499488632665816e+03 1.748490019278453929e+02
4.835289826950244787e+03 1.743774698884226382e+02
4.836080165267824668e+03 1.737985940471535855e+02
4.836870503585403640e+03 1.730132052930828195e+02
4.837660841902983520e+03 1.719688664622674992e+02
4.838451180220563401e+03 1.706729800210098347e+02
4.839241518538142373e+03 1.692017382896270590e+02
4.840031856855722253e+03 1.676903679636781135e+02
4.840822195173301225e+03 1.663027051219082182e+02
4.841612533490881106e+03 1.651915261346602790e+02
4.842402871808460077e+03 1.644567008122745619e+02
4.843193210126039958e+03 1.641321205016541853e+02
4.843983548443618929e+03 1.642060879841271799e+02
4.844773886761198810e+03 1.646347587425719894e+02
4.845564225078777781e+03 1.653343595921796521e+02
4.846354563396357662e+03 1.661821876460967360e+02
4.847144901713936633e+03 1.670364079445852212e+02
4.847935240031516514e+03 1.677620737130461634e+02
4.848725578349095485e+03 1.682520318885198378e+02
4.849515916666675366e+03 1.684319408586161444e+02
4.850306254984254338e+03 1.682497682569619997e+02
4.851096593301834218e+03 1.676639630223556310e+02
4.851886931619413190e+03 1.666419868311481309e+02
4.852677269936993071e+03 1.651691052892635128e+02
4.853467608254572042e+03 1.632554294401002153e+02
4.854257946572151923e+03 1.609432593641134304e+02
4.855048284889730894e+03 1.583160847421531798e+02
4.855838623207310775e+03 1.554828059438314654e+02
4.856628961524890656e+03 1.525609844966420781e+02
4.857419299842469627e+03 1.496893846275528972e+02
4.858209638160049508e+03 1.470449047864219096e+02
4.858999976477628479e+03 1.448518852236040289e+02
4.859790314795208360e+03 1.433108530361956809e+02
4.860580653112787331e+03 1.423529633149545361e+02
4.861370991430367212e+03 1.416053367926530200e+02
4.862161329747946183e+03 1.409748233828741206e+02
4.862951668065526064e+03 1.408833405310191438e+02
4.863742006383105036e+03 1.414241563384486255e+02
4.864532344700684916e+03 1.421011283099666116e+02
4.865322683018263888e+03 1.427465440964973027e+02
4.866113021335843769e+03 1.436794650893931475e+02
4.866903359653422740e+03 1.450193656235700246e+02
4.867693697971002621e+03 1.464780657481576043e+02
4.868484036288581592e+03 1.476512478370656254e+02
4.869274374606161473e+03 1.482709136807064283e+02
4.870064712923740444e+03 1.482890123050307238e+02
4.870855051241320325e+03 1.478572727758016470e+02
4.871645389558899296e+03 1.472633324539218620e+02
4.872435727876479177e+03 1.468442458915232294e+02
4.873226066194059058e+03 1.468935461453547759e+02
4.874016404511638029e+03 1.475913512177262703e+02
4.874806742829217910e+03 1.489820932379760166e+02
4.875597081146796882e+03 1.510022718960447321e+02
4.876387419464376762e+03 1.535259670794813474e+02
4.877177757781955734e+03 1.563874130240246245e+02
4.877968096099535614e+03 1.593847918415838478e+02
4.878758434417114586e+03 1.622887699806278761e+02
4.879548772734694467e+03 1.648560487936282470e+02
4.880339111052273438e+03 1.668631974449700124e+02
4.881129449369853319e+03 1.681558531707070756e+02
4.881919787687432290e+03 1.686817712744025357e+02
4.882710126005012171e+03 1.684852627339931814e+02
4.883500464322591142e+03 1.676512397562792103e+02
4.884290802640171023e+03 1.662572940168199693e+02
4.885081140957749994e+03 1.643807064016716595e+02
4.885871479275329875e+03 1.621318911173872834e+02
4.886661817592908847e+03 1.596843708362461598e+02
4.887452155910488727e+03 1.572659686695330095e+02
4.888242494228067699e+03 1.551125249704710427e+02
4.889032832545647580e+03 1.534291564573921960e+02
4.889823170863226551e+03 1.523791017205819003e+02
4.890613509180806432e+03 1.521040113691599345e+02
4.891403847498386313e+03 1.527525432395028133e+02
4.892194185815965284e+03 1.544697566275974054e+02
4.892984524133545165e+03 1.573286662697963152e+02
4.893774862451124136e+03 1.612456663087560855e+02
4.894565200768704017e+03 1.659470359214022039e+02
4.895355539086282988e+03 1.709954533357441164e+02
4.896145877403862869e+03 1.758692491399503410e+02
4.896936215721441840e+03 1.800792041141705226e+02
4.897726554039021721e+03 1.832668362269259887e+02
4.898516892356600692e+03 1.852597842286520518e+02
4.899307230674180573e+03 1.860922540727585783e+02
4.900097568991759545e+03 1.859688365640300276e+02
4.900887907309339425e+03 1.851905905342421761e+02
4.901678245626918397e+03 1.840741442187471364e+02
4.902468583944498278e+03 1.828833563253846251e+02
4.903258922262077249e+03 1.817954979715549655e+02
4.904049260579657130e+03 1.808896203850407574e+02
4.904839598897236101e+03 1.801434895255152924e+02
4.905629937214815982e+03 1.794341869257838766e+02
4.906420275532394953e+03 1.785572405208500300e+02
4.907210613849974834e+03 1.772983389078589198e+02
4.908000952167553805e+03 1.755404985749303250e+02
4.908791290485133686e+03 1.733461772963011640e+02
4.909581628802713567e+03 1.709589472765691198e+02
4.910371967120292538e+03 1.687237140890986495e+02
4.911162305437872419e+03 1.669763443782782133e+02
4.911952643755451390e+03 1.659409507195267679e+02
4.912742982073031271e+03 1.656621320572864988e+02
4.913533320390610243e+03 1.659878692793932942e+02
4.914323658708190123e+03 1.666000271256975225e+02
4.915113997025769095e+03 1.670781074528557042e+02
4.915904335343348976e+03 1.669908030617188217e+02
4.916694673660927947e+03 1.660185649972716817e+02
4.917485011978507828e+03 1.640718043020253845e+02
4.918275350296086799e+03 1.613509745235327273e+02
4.919065688613666680e+03 1.583161530026511628e+02
4.919856026931245651e+03 1.555774964449946935e+02
4.920646365248825532e+03 1.537035140020504400e+02
4.921436703566404503e+03 1.530209071077528620e+02
4.922227041883984384e+03 1.535588021625088118e+02
4.923017380201563356e+03 1.551090220645609179e+02
4.923807718519143236e+03 1.573417230784580454e+02
4.924598056836722208e+03 1.599493969748288009e+02
4.925388395154302088e+03 1.627504558117968827e+02
4.926178733471881969e+03 1.656738825378345155e+02
4.926969071789460941e+03 1.686624804394403156e+02
4.927759410107040821e+03 1.716096243089386348e+02
4.928549748424619793e+03 1.743471811991775553e+02
4.929340086742199674e+03 1.766531580555098060e+02
4.930130425059778645e+03 1.783047600887919941e+02
4.930920763377358526e+03 1.791399608208158725e+02
4.931711101694937497e+03 1.790850643672025626e+02
4.932501440012517378e+03 1.781689467412167005e+02
4.933291778330096349e+03 1.765179071557765553e+02
4.934082116647676230e+03 1.743337698573465957e+02
4.934872454965255201e+03 1.718546450539745933e+02
4.935662793282835082e+03 1.693000364531583841e+02
4.936453131600414054e+03 1.668523665076808697e+02
4.937243469917993934e+03 1.646729304284473869e+02
4.938033808235572906e+03 1.629253694651281990e+02
4.938824146553152787e+03 1.617838857916273128e+02
4.939614484870731758e+03 1.613933012638974276e+02
4.940404823188311639e+03 1.618015948072107903e+02
4.941195161505890610e+03 1.629124969613275766e+02
4.941985499823470491e+03 1.644992109455261584e+02
4.942775838141049462e+03 1.662870994972725782e+02
4.943566176458629343e+03 1.680581908822533705e+02
4.944356514776209224e+03 1.697129683108298082e+02
4.945146853093788195e+03 1.712688388759138434e+02
4.945937191411368076e+03 1.728054018796812841e+02
4.946727529728947047e+03 1.743898064560769399e+02
4.947517868046526928e+03 1.760253646963876122e+02
4.948308206364105899e+03 1.776447449542295089e+02
4.949098544681685780e+03 1.791334630063626605e+02
4.949888882999264752e+03 1.803679450808543834e+02
4.950679221316844632e+03 1.812519234375407677e+02
4.951469559634423604e+03 1.817222611306397653e+02
4.952259897952003485e+03 1.817329005036845615e+02
4.953050236269582456e+03 1.812539951752463878e+02
4.953840574587162337e+03 1.803051619475232314e+02
4.954630912904741308e+03 1.790124304669916739e+02
4.955421251222321189e+03 1.776350513978674712e+02
4.956211589539900160e+03 1.764943379587290337e+02
4.957001927857480041e+03 1.757472829143067656e+02
4.957792266175059012e+03 1.751057122153902696e+02
4.958582604492638893e+03 1.740431006466100712e+02
4.959372942810217864e+03 1.728191411487391917e+02
4.960163281127797745e+03 1.729225565047830173e+02
4.960953619445377626e+03 1.753462539900113484e+02
4.961743957762956597e+03 1.788209302960796094e+02
4.962534296080536478e+03 1.810613939439301419e+02
4.963324634398115450e+03 1.811090992577644556e+02
4.964114972715695330e+03 1.795525188064175666e+02
4.964905311033274302e+03 1.773135657498037858e+02
4.965695649350854183e+03 1.749503065127240689e+02
4.966485987668433154e+03 1.727075580867381746e+02
4.967276325986013035e+03 1.707216251884046869e+02
4.968066664303592006e+03 1.691076438986862058e+02
4.968857002621171887e+03 1.679542695958051581e+02
4.969647340938750858e+03 1.673059859525142770e+02
4.970437679256330739e+03 1.671631738473420228e+02
4.971228017573909710e+03 1.674847372545140161e+02
4.972018355891489591e+03 1.681863432443478814e+02
4.972808694209068562e+03 1.691372118964216895e+02
4.973599032526648443e+03 1.701573623486440852e+02
4.974389370844227415e+03 1.710231680776729490e+02
4.975179709161807295e+03 1.714939359086689592e+02
4.975970047479386267e+03 1.713584628051549998e+02
4.976760385796966148e+03 1.704804974105588826e+02
4.977550724114545119e+03 1.688227036062136506e+02
4.978341062432125000e+03 1.664643819945471819e+02
4.979131400749704881e+03 1.636087244956348172e+02
4.979921739067283852e+03 1.605024790204318492e+02
4.980712077384863733e+03 1.573382322303113483e+02
4.981502415702442704e+03 1.542843624098283044e+02
4.982292754020022585e+03 1.515349781027077256e+02
4.983083092337601556e+03 1.493091568491875023e+02
4.983873430655181437e+03 1.478255691172583397e+02
4.984663768972760408e+03 1.472563454568922339e+02
4.985454107290340289e+03 1.476850533865276134e+02
4.986244445607919261e+03 1.490593211509593630e+02
4.987034783925499141e+03 1.511636029493212448e+02
4.987825122243078113e+03 1.536681419109766580e+02
4.988615460560657993e+03 1.562288965855125582e+02
4.989405798878236965e+03 1.585671979614036218e+02
4.990196137195816846e+03 1.604943315474135943e+02
4.990986475513395817e+03 1.619215817712432681e+02
4.991776813830975698e+03 1.628700436153347937e+02
4.992567152148554669e+03 1.634339824053009522e+02
4.993357490466134550e+03 1.637130099077024852e+02
4.994147828783713521e+03 1.637678414897717403e+02
4.994938167101293402e+03 1.636088180810016013e+02
4.995728505418872373e+03 1.631947004583311696e+02
4.996518843736452254e+03 1.624442434842397915e+02
4.997309182054032135e+03 1.612737574092258797e+02
4.998099520371611106e+03 1.596467003901581734e+02
4.998889858689190987e+03 1.576215838027015366e+02
4.999680197006769959e+03 1.553746215058520761e+02
5.000470535324349839e+03 1.531791776180295983e+02
5.001260873641928811e+03 1.513734865570438615e+02
5.002051211959508692e+03 1.503400272628836376e+02
5.002841550277087663e+03 1.504896306776487052e+02
5.003631888594667544e+03 1.521669176420897429e+02
5.004422226912246515e+03 1.552926390859768162e+02
5.005212565229826396e+03 1.586965339767251919e+02
5.006002903547405367e+03 1.598989777023792840e+02
5.006793241864985248e+03 1.569839430684925787e+02
5.007583580182564219e+03 1.519217123062296082e+02
5.008373918500144100e+03 1.499142471843702253e+02
5.009164256817723071e+03 1.530480701868857523e+02
5.009954595135302952e+03 1.572955335637570897e+02
5.010744933452881924e+03 1.579424831827540459e+02
5.011535271770461804e+03 1.546358928743284196e+02
5.012325610088040776e+03 1.499623380470901566e+02
5.013115948405620657e+03 1.461068737495629648e+02
5.013906286723200537e+03 1.438101310670415387e+02
5.014696625040779509e+03 1.429136014393998551e+02
5.015486963358359390e+03 1.429639027021630682e+02
5.016277301675938361e+03 1.435080029792889036e+02
5.017067639993518242e+03 1.441920672555186798e+02
5.017857978311097213e+03 1.447603511367551050e+02
5.018648316628677094e+03 1.450408114025983650e+02
5.019438654946256065e+03 1.449706606332164824e+02
5.020228993263835946e+03 1.446070692152762831e+02
5.021019331581414917e+03 1.440971818480203694e+02
5.021809669898994798e+03 1.436470280733270215e+02
5.022600008216573769e+03 1.434949394374005749e+02
5.023390346534153650e+03 1.438678987511495393e+02
5.024180684851732622e+03 1.449189301176895981e+02
5.024971023169312502e+03 1.466741939782500026e+02
5.025761361486891474e+03 1.490297684993669236e+02
5.026551699804471355e+03 1.517998999150160557e+02
5.027342038122050326e+03 1.547801467589608535e+02
5.028132376439630207e+03 1.578089515778202667e+02
5.028922714757209178e+03 1.607868934671489569e+02
5.029713053074789059e+03 1.636375383799602048e+02
5.030503391392368030e+03 1.662668124055303451e+02
5.031293729709947911e+03 1.685427214494351063e+02
5.032084068027527792e+03 1.702941030448744755e+02
5.032874406345106763e+03 1.713416895151334529e+02
5.033664744662686644e+03 1.715437545912610631e+02
5.034455082980265615e+03 1.708413340165309364e+02
5.035245421297845496e+03 1.692939116756210467e+02
5.036035759615424467e+03 1.670776055336305035e+02
5.036826097933004348e+03 1.644088866123495336e+02
5.037616436250583320e+03 1.614460597800915593e+02
5.038406774568163200e+03 1.583019423677467614e+02
5.039197112885742172e+03 1.551271887545122752e+02
5.039987451203322053e+03 1.521612605930854443e+02
5.040777789520901024e+03 1.497384698348329266e+02
5.041568127838480905e+03 1.482264175298012105e+02
5.042358466156059876e+03 1.478990175269647409e+02
5.043148804473639757e+03 1.488110242788084747e+02
5.043939142791218728e+03 1.507418093587310182e+02
5.044729481108798609e+03 1.532417050154128049e+02
5.045519819426377580e+03 1.557619589983257526e+02
5.046310157743957461e+03 1.578054956369889510e+02
5.047100496061536433e+03 1.590449489823456588e+02
5.047890834379116313e+03 1.593912837253920713e+02
5.048681172696695285e+03 1.590008241754884466e+02
5.049471511014275166e+03 1.582212999818900698e+02
5.050261849331855046e+03 1.574980406934398616e+02
5.051052187649434018e+03 1.572660395931298183e+02
5.051842525967013898e+03 1.578526953320053110e+02
5.052632864284592870e+03 1.594102139799294378e+02
5.053423202602172751e+03 1.618845135043561072e+02
5.054213540919751722e+03 1.650306830057137404e+02
5.055003879237331603e+03 1.684926274236471215e+02
5.055794217554910574e+03 1.719036734804368791e+02
5.056584555872490455e+03 1.749669349968000915e+02
5.057374894190069426e+03 1.775043030123860319e+02
5.058165232507649307e+03 1.794451916241644653e+02
5.058955570825228278e+03 1.807808182011297049e+02
5.059745909142808159e+03 1.815184562240727928e+02
5.060536247460387131e+03 1.816511402178891217e+02
5.061326585777967011e+03 1.811569419233197777e+02
5.062116924095545983e+03 1.800189881731516266e+02
5.062907262413125864e+03 1.782562581240036081e+02
5.063697600730704835e+03 1.759578387562155797e+02
5.064487939048284716e+03 1.733032216039281934e+02
5.065278277365863687e+03 1.705435250636484739e+02
5.066068615683443568e+03 1.679438708642783524e+02
5.066858954001023449e+03 1.657198273993829787e+02
5.067649292318602420e+03 1.639948762997169069e+02
5.068439630636182301e+03 1.627944334110919158e+02
5.069229968953761272e+03 1.620736243062279129e+02
5.070020307271341153e+03 1.617484857222783603e+02
5.070810645588920124e+03 1.617181080048367789e+02
5.071600983906500005e+03 1.618797182183922132e+02
5.072391322224078976e+03 1.621396682175760589e+02
5.073181660541658857e+03 1.624194959033804366e+02
5.073971998859237829e+03 1.626529447314226786e+02
5.074762337176817709e+03 1.627727120866522910e+02
5.075552675494396681e+03 1.627000929884160882e+02
5.076343013811976562e+03 1.623486167099465547e+02
5.077133352129555533e+03 1.616395935872586165e+02
5.077923690447135414e+03 1.605282610545701232e+02
5.078714028764714385e+03 1.590383533722634297e+02
5.079504367082294266e+03 1.572927653305311821e+02
5.080294705399873237e+03 1.555175491674818886e+02
5.081085043717453118e+03 1.539962337261247853e+02
5.081875382035032089e+03 1.529868078180570592e+02
5.082665720352611970e+03 1.526487514299221289e+02
5.083456058670190941e+03 1.530186001446997182e+02
5.084246396987770822e+03 1.540299988297776679e+02
5.085036735305350703e+03 1.555505681744857327e+02
5.085827073622929674e+03 1.574195428410710065e+02
5.086617411940509555e+03 1.594806533066556824e+02
5.087407750258088527e+03 1.616124585638667668e+02
5.088198088575668407e+03 1.637346694674797618e+02
5.088988426893247379e+03 1.657941957885145143e+02
5.089778765210827260e+03 1.677459848907702735e+02
5.090569103528406231e+03 1.695269783339277296e+02
5.091359441845986112e+03 1.710490307513827588e+02
5.092149780163565083e+03 1.722136209295305207e+02
5.092940118481144964e+03 1.729267964855063155e+02
5.093730456798723935e+03 1.731108342488997778e+02
5.094520795116303816e+03 1.727189593933070739e+02
5.095311133433882787e+03 1.717535789852285859e+02
5.096101471751462668e+03 1.702800610313466905e+02
5.096891810069041640e+03 1.684346029696425830e+02
5.097682148386621520e+03 1.664207843256405113e+02
5.098472486704200492e+03 1.644847452203170519e+02
5.099262825021780372e+03 1.628791574123486043e+02
5.100053163339359344e+03 1.618154477766173045e+02
5.100843501656939225e+03 1.614044651240226358e+02
5.101633839974519105e+03 1.616157544588385235e+02
5.102424178292098077e+03 1.622795499316038672e+02
5.103214516609677958e+03 1.631305269752024003e+02
5.104004854927256929e+03 1.638790399651692837e+02
5.104795193244836810e+03 1.642874321030332112e+02
5.105585531562415781e+03 1.642247671147223400e+02
5.106375869879995662e+03 1.636907726124580336e+02
5.107166208197574633e+03 1.628098990006776035e+02
5.107956546515154514e+03 1.618008955228192463e+02
5.108746884832733485e+03 1.609231732883324355e+02
5.109537223150313366e+03 1.604130144507822706e+02
5.110327561467892338e+03 1.604295017723157457e+02
5.111117899785472218e+03 1.610209691250437629e+02
5.111908238103051190e+03 1.621261855253384283e+02
5.112698576420631071e+03 1.636060037015622015e+02
5.113488914738210042e+03 1.652848861838861581e+02
5.114279253055789923e+03 1.669881283848417866e+02
5.115069591373368894e+03 1.685739228660136746e+02
5.115859929690948775e+03 1.699402850356930799e+02
5.116650268008527746e+03 1.710018617899166316e+02
5.117440606326107627e+03 1.716670758132995047e+02
5.118230944643686598e+03 1.718297685272313515e+02
5.119021282961266479e+03 1.713837287628346644e+02
5.119811621278846360e+03 1.702550516565758585e+02
5.120601959596425331e+03 1.684370100783218618e+02
5.121392297914005212e+03 1.660090391382195776e+02
5.122182636231584183e+03 1.631241185538928846e+02
5.122972974549164064e+03 1.599824033323764070e+02
5.123763312866743036e+03 1.568046160619991554e+02
5.124553651184322916e+03 1.538093407798677674e+02
5.125343989501901888e+03 1.511996311392092025e+02
5.126134327819481769e+03 1.491458267984767474e+02
5.126924666137060740e+03 1.477694605456063641e+02
5.127715004454640621e+03 1.471434025006907973e+02
5.128505342772219592e+03 1.472927165749157155e+02
5.129295681089799473e+03 1.481853560412770605e+02
5.130086019407378444e+03 1.497208064312448528e+02
5.130876357724958325e+03 1.517376297360980288e+02
5.131666696042537296e+03 1.540352722971934725e+02
5.132457034360117177e+03 1.563960946971298256e+02
5.133247372677696148e+03 1.586107434205973163e+02
5.134037710995276029e+03 1.605004221964179578e+02
5.134828049312855001e+03 1.619259980570226389e+02
5.135618387630434881e+03 1.627896003719658893e+02
5.136408725948013853e+03 1.630410845402059294e+02
5.137199064265593734e+03 1.626962295204397719e+02
5.137989402583173614e+03 1.618537713469093546e+02
5.138779740900752586e+03 1.606862764661548795e+02
5.139570079218332467e+03 1.593971430660864144e+02
5.140360417535911438e+03 1.581630481678049591e+02
5.141150755853491319e+03 1.570921774263388784e+02
5.141941094171070290e+03 1.562208538082991538e+02
5.142731432488650171e+03 1.555421284403111315e+02
5.143521770806229142e+03 1.550356228955029110e+02
5.144312109123809023e+03 1.546745087350558947e+02
5.145102447441387994e+03 1.544168991690193025e+02
5.145892785758967875e+03 1.542064514765235117e+02
5.146683124076546846e+03 1.539951541757566815e+02
5.147473462394126727e+03 1.537693989217444823e+02
5.148263800711705699e+03 1.535530815924706758e+02
5.149054139029285579e+03 1.533863964794610411e+02
5.149844477346864551e+03 1.533011765488234914e+02
5.150634815664444432e+03 1.533149006624483377e+02
5.151425153982023403e+03 1.534457607097304219e+02
5.152215492299603284e+03 1.537333039059782323e+02
5.153005830617182255e+03 1.542417646416936350e+02
5.153796168934762136e+03 1.550375656814108538e+02
5.154586507252342017e+03 1.561543498880842833e+02
5.155376845569920988e+03 1.575641808116358789e+02
5.156167183887500869e+03 1.591649863296889293e+02
5.156957522205079840e+03 1.607899208840495078e+02
5.157747860522659721e+03 1.622493084680643278e+02
5.158538198840238692e+03 1.633723169970802473e+02
5.159328537157818573e+03 1.640128655006479903e+02
5.160118875475397545e+03 1.640647451799005694e+02
5.160909213792977425e+03 1.634670145628533078e+02
5.161699552110556397e+03 1.621746476051562809e+02
5.162489890428136277e+03 1.601518988217618755e+02
5.163280228745715249e+03 1.573740114252510125e+02
5.164070567063295130e+03 1.538425500334191725e+02
5.164860905380874101e+03 1.496450183801649132e+02
5.165651243698453982e+03 1.449887326030930410e+02
5.166441582016032953e+03 1.401868867563781578e+02
5.167231920333612834e+03 1.356367009138385811e+02
5.168022258651191805e+03 1.317571919796731663e+02
5.168812596968771686e+03 1.288344366711303621e+02
5.169602935286350657e+03 1.269313295546838134e+02
5.170393273603930538e+03 1.259289451632150758e+02
5.171183611921509510e+03 1.256260680491026278e+02
5.171973950239089390e+03 1.258641616051880021e+02
5.172764288556669271e+03 1.266191791963526754e+02
5.173554626874248243e+03 1.279945888005188408e+02
5.174344965191828123e+03 1.300918164251569635e+02
5.175135303509407095e+03 1.328443383444025301e+02
5.175925641826986976e+03 1.360002257471969074e+02
5.176715980144565947e+03 1.391891226806714030e+02
5.177506318462145828e+03 1.419822585218275890e+02
5.178296656779724799e+03 1.440200111517752930e+02
5.179086995097304680e+03 1.450868002307030622e+02
5.179877333414883651e+03 1.451036375610333948e+02
5.180667671732463532e+03 1.441198688094816589e+02
5.181458010050042503e+03 1.423230590595019009e+02
5.182248348367622384e+03 1.400514801717682758e+02
5.183038686685201355e+03 1.377923810991055689e+02
5.183829025002781236e+03 1.361186745505879685e+02
5.184619363320360208e+03 1.355380521129112594e+02
5.185409701637940088e+03 1.363361360870964063e+02
5.186200039955519060e+03 1.384912756386467265e+02
5.186990378273098941e+03 1.416956259769995086e+02
5.187780716590677912e+03 1.454234363281410936e+02
5.188571054908257793e+03 1.490412188159035622e+02
5.189361393225837674e+03 1.520111368725359284e+02
5.190151731543416645e+03 1.540129505261899965e+02
5.190942069860996526e+03 1.549594311440900185e+02
5.191732408178575497e+03 1.549855614112432534e+02
5.192522746496155378e+03 1.543980804317083937e+02
5.193313084813734349e+03 1.535819413645556892e+02
5.194103423131314230e+03 1.528934599481474379e+02
5.194893761448893201e+03 1.525802925681249178e+02
5.195684099766473082e+03 1.527591854884866791e+02
5.196474438084052053e+03 1.534423502454955610e+02
5.197264776401631934e+03 1.545752363861566039e+02
5.198055114719210906e+03 1.560572611126996208e+02
5.198845453036790786e+03 1.577435289171972954e+02
5.199635791354369758e+03 1.594400580568795363e+02
5.200426129671949639e+03 1.609190768172137211e+02
5.201216467989528610e+03 1.619443307883104808e+02
5.202006806307108491e+03 1.622989719315339698e+02
5.202797144624687462e+03 1.618379709256347212e+02
5.203587482942267343e+03 1.605280059661919267e+02
5.204377821259846314e+03 1.584651358740854334e+02
5.205168159577426195e+03 1.558782159806278855e+02
5.205958497895005166e+03 1.531061414361121251e+02
5.206748836212585047e+03 1.505493225322385342e+02
5.207539174530164928e+03 1.485945095903197171e+02
5.208329512847743899e+03 1.475332790946947625e+02
5.209119851165323780e+03 1.475287850631852962e+02
5.209910189482902751e+03 1.486152916841403453e+02
5.210700527800482632e+03 1.506912423960317824e+02
5.211490866118061604e+03 1.535340997311408273e+02
5.212281204435641484e+03 1.568259875071816225e+02
5.213071542753220456e+03 1.601993052530943658e+02
5.213861881070800337e+03 1.633263115143092818e+02
5.214652219388379308e+03 1.659859475222558274e+02
5.215442557705959189e+03 1.681048723063710497e+02
5.216232896023538160e+03 1.697550573375015972e+02
5.217023234341118041e+03 1.710954413734153547e+02
5.217813572658697012e+03 1.722840854248004803e+02
5.218603910976276893e+03 1.733949371118857243e+02
5.219394249293855864e+03 1.743813293746706847e+02
5.220184587611435745e+03 1.750964895979319920e+02
5.220974925929014717e+03 1.753524500623371409e+02
5.221765264246594597e+03 1.749874126606953268e+02
5.222555602564173569e+03 1.739169064261952826e+02
5.223345940881753450e+03 1.721612284718278261e+02
5.224136279199332421e+03 1.698545346439028663e+02
5.224926617516912302e+03 1.672470960190215123e+02
5.225716955834492182e+03 1.646873175721006533e+02
5.226507294152071154e+03 1.625710842816427544e+02
5.227297632469651035e+03 1.612580468007080867e+02
5.228087970787230006e+03 1.609700694887580994e+02
5.228878309104809887e+03 1.617136530507149246e+02
5.229668647422388858e+03 1.632675588828807918e+02
5.230458985739968739e+03 1.652530464534825398e+02
5.231249324057547710e+03 1.672595587297402062e+02
5.232039662375127591e+03 1.689758352733582569e+02
5.232830000692706562e+03 1.702774123683373659e+02
5.233620339010286443e+03 1.712329536012562130e+02
5.234410677327865415e+03 1.720387618688568523e+02
5.235201015645445295e+03 1.729181001595904945e+02
5.235991353963024267e+03 1.740305429388602647e+02
5.236781692280604148e+03 1.754251574266147600e+02
5.237572030598183119e+03 1.770425354207906707e+02
5.238362368915763000e+03 1.787593338319308032e+02
5.239152707233341971e+03 1.804359624367402262e+02
5.239943045550921852e+03 1.819434886800894162e+02
5.240733383868500823e+03 1.831781941327719778e+02
5.241523722186080704e+03 1.840638346087786772e+02
5.242314060503660585e+03 1.845530486806172519e+02
5.243104398821239556e+03 1.846306906411334694e+02
5.243894737138819437e+03 1.843120481365197350e+02
5.244685075456398408e+03 1.836401919347587750e+02
5.245475413773978289e+03 1.826829040740054779e+02
5.246265752091557260e+03 1.815324603166808970e+02
5.247056090409137141e+03 1.803077945595170490e+02
5.247846428726716113e+03 1.791367111447594880e+02
5.248636767044295993e+03 1.781215670016709964e+02
5.249427105361874965e+03 1.773152190100194048e+02
5.250217443679454846e+03 1.767139377941502403e+02
5.251007781997033817e+03 1.762795166844596508e+02
5.251798120314613698e+03 1.759789108774661770e+02
5.252588458632192669e+03 1.758063215817191178e+02
5.253378796949772550e+03 1.757842547349176243e+02
5.254169135267351521e+03 1.759551507994023041e+02
5.254959473584931402e+03 1.763646506366837343e+02
5.255749811902510373e+03 1.770318771549703456e+02
5.256540150220090254e+03 1.779035308816685585e+02
5.257330488537669225e+03 1.788127117286288694e+02
5.258120826855249106e+03 1.794804231216174344e+02
5.258911165172828078e+03 1.795758971235150341e+02
5.259701503490407958e+03 1.788111845651866361e+02
5.260491841807987839e+03 1.770225963222713972e+02
5.261282180125566811e+03 1.742010091944407293e+02
5.262072518443146691e+03 1.704803676329595419e+02
5.262862856760725663e+03 1.661027685769664117e+02
5.263653195078305544e+03 1.613690457465638701e+02
5.264443533395884515e+03 1.565975778091189454e+02
5.265233871713464396e+03 1.520898975390066425e+02
5.266024210031043367e+03 1.481092621762861654e+02
5.266814548348623248e+03 1.448346251918763699e+02
5.267604886666202219e+03 1.423420789363671588e+02
5.268395224983782100e+03 1.406671534486549717e+02
5.269185563301361071e+03 1.398521949001617486e+02
5.269975901618940952e+03 1.399629690695210513e+02
5.270766239936519924e+03 1.410731297172860650e+02
5.271556578254099804e+03 1.432050571879102563e+02
5.272346916571678776e+03 1.462838205198987964e+02
5.273137254889258656e+03 1.501281060702978607e+02
5.273927593206837628e+03 1.544566486330638213e+02
5.274717931524417509e+03 1.589683121464462090e+02
5.275508269841996480e+03 1.634528470052106570e+02
5.276298608159576361e+03 1.677837468845791875e+02
5.277088946477155332e+03 1.718521929781649078e+02
5.277879284794735213e+03 1.755241173055323429e+02
5.278669623112315094e+03 1.786270726456913565e+02
5.279459961429894065e+03 1.809834380171749331e+02
5.280250299747473946e+03 1.824864837131420927e+02
5.281040638065052917e+03 1.831697475466083347e+02
5.281830976382632798e+03 1.832369363199818793e+02
5.282621314700211769e+03 1.830358229476362624e+02
5.283411653017791650e+03 1.829710549982461885e+02
5.284201991335370622e+03 1.833909380940424967e+02
5.284992329652950502e+03 1.844886901910454071e+02
5.285782667970529474e+03 1.862498371812015989e+02
5.286573006288109355e+03 1.884637768833257496e+02
5.287363344605688326e+03 1.908009015310571783e+02
5.288153682923268207e+03 1.929202883819724548e+02
5.288944021240847178e+03 1.945688829544776013e+02
5.289734359558427059e+03 1.956264490853271809e+02
5.290524697876006030e+03 1.960860312927506754e+02
5.291315036193585911e+03 1.959901769871737827e+02
5.292105374511164882e+03 1.953733217174215895e+02
5.292895712828744763e+03 1.942457927175876762e+02
5.293686051146323734e+03 1.926123897222403230e+02
5.294476389463903615e+03 1.905105927629948326e+02
5.295266727781483496e+03 1.880450372496019611e+02
5.296057066099062467e+03 1.854015304947650975e+02
5.296847404416642348e+03 1.828484971308174636e+02
5.297637742734221320e+03 1.807075828381570659e+02
5.298428081051801200e+03 1.792922350572482060e+02
5.299218419369380172e+03 1.788318656119316756e+02
5.300008757686960053e+03 1.794083489301919201e+02
5.300799096004539024e+03 1.809382482558277445e+02
5.301589434322118905e+03 1.832288145137079596e+02
5.302379772639697876e+03 1.860581425796392523e+02
5.303170110957277757e+03 1.891854560377990424e+02
5.303960449274856728e+03 1.923558294125848533e+02
5.304750787592436609e+03 1.953308812281416067e+02
5.305541125910015580e+03 1.979079516891409298e+02
5.306331464227595461e+03 1.999550218507306454e+02
5.307121802545174432e+03 2.014363423665379855e+02
5.307912140862754313e+03 2.024123521002548785e+02
5.308702479180333285e+03 2.030105896996013257e+02
5.309492817497913165e+03 2.033636905182094665e+02
5.310283155815492137e+03 2.035526171776381261e+02
5.311073494133072018e+03 2.035846905927594435e+02
5.311863832450650989e+03 2.034030517147974138e+02
5.312654170768230870e+03 2.029272312760732007e+02
5.313444509085810751e+03 2.021048673746670943e+02
5.314234847403389722e+03 2.009411878098687794e+02
5.315025185720969603e+03 1.995044280409704243e+02
5.315815524038548574e+03 1.979070112372429548e+02
5.316605862356128455e+03 1.962671850551948296e+02
5.317396200673707426e+03 1.946763949325195426e+02
5.318186538991287307e+03 1.931714716690947569e+02
5.318976877308866278e+03 1.917227959995389028e+02
5.319767215626446159e+03 1.902475701605390555e+02
5.320557553944025130e+03 1.886341210651603433e+02
5.321347892261605011e+03 1.867733932099197034e+02
5.322138230579183983e+03 1.845805815749890826e+02
5.322928568896763863e+03 1.820041513374697502e+02
5.323718907214342835e+03 1.790293692321612014e+02
5.324509245531922716e+03 1.756837051631654276e+02
5.325299583849501687e+03 1.720527437442451060e+02
5.326089922167081568e+03 1.682964042110661183e+02
5.326880260484660539e+03 1.646669517674912697e+02
5.327670598802240420e+03 1.615285550988520527e+02
5.328460937119819391e+03 1.592905874730467417e+02
5.329251275437399272e+03 1.582854698407655576e+02
5.330041613754979153e+03 1.586888328240037254e+02
5.330831952072558124e+03 1.604482316046406538e+02
5.331622290390138005e+03 1.632883542631391549e+02
5.332412628707716976e+03 1.668083728484639892e+02
5.333202967025296857e+03 1.705752717887673384e+02
5.333993305342875829e+03 1.742348603414238255e+02
5.334783643660455709e+03 1.775684203219616961e+02
5.335573981978034681e+03 1.804396178965826039e+02
5.336364320295614561e+03 1.827381703321096325e+02
5.337154658613193533e+03 1.843808504873822756e+02
5.337944996930773414e+03 1.853366860337289381e+02
5.338735335248352385e+03 1.856522556572543294e+02
5.339525673565932266e+03 1.854649621274700166e+02
5.340316011883511237e+03 1.849894106108642973e+02
5.341106350201091118e+03 1.844711885146944041e+02
5.341896688518670089e+03 1.841136998795782631e+02
5.342687026836249970e+03 1.840065060533319183e+02
5.343477365153828941e+03 1.841012392142710041e+02
5.344267703471408822e+03 1.842538551314372057e+02
5.345058041788987794e+03 1.843116864738741469e+02
5.345848380106567674e+03 1.841975558700253828e+02
5.346638718424146646e+03 1.839501127009679919e+02
5.347429056741726527e+03 1.837135478335580956e+02
5.348219395059306407e+03 1.836905107328269366e+02
5.349009733376885379e+03 1.840876196452287274e+02
5.349800071694465259e+03 1.850673712429997408e+02
5.350590410012044231e+03 1.867079398731337960e+02
5.351380748329624112e+03 1.889856512765999810e+02
5.352171086647203083e+03 1.917763895214861236e+02
5.352961424964782964e+03 1.948768774165100979e+02
5.353751763282361935e+03 1.980472865186611671e+02
5.354542101599941816e+03 2.010502789342194774e+02
5.355332439917520787e+03 2.036747563060393702e+02
5.356122778235100668e+03 2.057476487230195517e+02
5.356913116552679639e+03 2.071465184142006137e+02
5.357703454870259520e+03 2.078182390411773781e+02
5.358493793187838492e+03 2.077864505353276741e+02
5.359284131505418372e+03 2.071442063535158695e+02
5.360074469822997344e+03 2.060303796291892127e+02
5.360864808140577225e+03 2.045914867320204849e+02
5.361655146458156196e+03 2.029492121170682708e+02
5.362445484775736077e+03 2.011875264841604007e+02
5.363235823093315048e+03 1.993550137571419896e+02
5.364026161410894929e+03 1.974779669614970885e+02
5.364816499728473900e+03 1.955706608815690970e+02
5.365606838046053781e+03 1.936408122232484175e+02
5.366397176363633662e+03 1.916858309949462864e+02
5.367187514681212633e+03 1.896908081219418420e+02
5.367977852998792514e+03 1.876485250830276073e+02
5.368768191316371485e+03 1.855882588599843643e+02
5.369558529633951366e+03 1.836088788935631726e+02
5.370348867951530337e+03 1.819041635377101898e+02
5.371139206269110218e+03 1.807489634662465505e+02
5.371929544586689190e+03 1.804230163852786859e+02
5.372719882904269070e+03 1.811083671948773599e+02
5.373510221221848042e+03 1.828061320023836629e+02
5.374300559539427923e+03 1.853024145789608497e+02
5.375090897857006894e+03 1.882173217207853213e+02
5.375881236174586775e+03 1.911196618831037881e+02
5.376671574492165746e+03 1.936457449729374503e+02
5.377461912809745627e+03 1.955732630468362458e+02
5.378252251127324598e+03 1.968275250049689475e+02
5.379042589444904479e+03 1.974388925069824552e+02
5.379832927762483450e+03 1.974920566927983714e+02
5.380623266080063331e+03 1.970940243339671269e+02
5.381413604397642303e+03 1.963686336159591406e+02
5.382203942715222183e+03 1.954608482040414685e+02
5.382994281032802064e+03 1.945254041774575171e+02
5.383784619350381035e+03 1.936982288424692911e+02
5.384574957667960916e+03 1.930591679147257196e+02
5.385365295985539888e+03 1.926043425790313677e+02
5.386155634303119768e+03 1.922507890995761102e+02
5.386945972620698740e+03 1.918714664764967210e+02
5.387736310938278621e+03 1.913490302178353772e+02
5.388526649255857592e+03 1.906214559079695903e+02
5.389316987573437473e+03 1.896962214602312145e+02
5.390107325891016444e+03 1.886346548324925720e+02
5.390897664208596325e+03 1.875151357864736497e+02
5.391688002526175296e+03 1.863971484771668656e+02
5.392478340843755177e+03 1.853049507172078165e+02
5.393268679161334148e+03 1.842285744036893504e+02
5.394059017478914029e+03 1.831395041082482749e+02
5.394849355796493001e+03 1.820136492135519006e+02
5.395639694114072881e+03 1.808592128943919590e+02
5.396430032431651853e+03 1.797415755864917060e+02
5.397220370749231733e+03 1.787815311436670243e+02
5.398010709066810705e+03 1.781139693986492318e+02
5.398801047384390586e+03 1.778197814118377096e+02
5.399591385701969557e+03 1.778681050710632690e+02
5.400381724019549438e+03 1.780981049037340540e+02
5.401172062337129319e+03 1.782554878053992979e+02
5.401962400654708290e+03 1.780766813722192978e+02
5.402752738972288171e+03 1.773787220605262860e+02
5.403543077289867142e+03 1.761256005981063026e+02
5.404333415607447023e+03 1.744567391079915240e+02
5.405123753925025994e+03 1.726626852627110793e+02
5.405914092242605875e+03 1.711136045675802393e+02
5.406704430560184846e+03 1.701617699398120749e+02
5.407494768877764727e+03 1.700435878112990906e+02
5.408285107195343699e+03 1.708164354103200253e+02
5.409075445512923579e+03 1.723842578397990053e+02
5.409865783830502551e+03 1.745870445667666786e+02
5.410656122148082432e+03 1.772511700453111416e+02
5.411446460465661403e+03 1.802123674377022553e+02
5.412236798783241284e+03 1.833226228258964170e+02
5.413027137100820255e+03 1.864339908920694597e+02
5.413817475418400136e+03 1.893990231624043474e+02
5.414607813735979107e+03 1.921007670841941035e+02
5.415398152053558988e+03 1.944833210327919346e+02
5.416188490371137959e+03 1.965528115841482872e+02
5.416978828688717840e+03 1.983487057844615151e+02
5.417769167006296811e+03 1.998953671266431513e+02
5.418559505323876692e+03 2.011707304549344997e+02
5.419349843641456573e+03 2.021162156120859663e+02
5.420140181959035544e+03 2.026632690565697885e+02
5.420930520276615425e+03 2.027613794104099725e+02
5.421720858594194397e+03 2.024010522954143312e+02
5.422511196911774277e+03 2.016187457652606554e+02
5.423301535229353249e+03 2.004916693708005937e+02
5.424091873546933130e+03 1.991228675255623273e+02
5.424882211864512101e+03 1.976145447345694492e+02
5.425672550182091982e+03 1.960369507864314187e+02
5.426462888499670953e+03 1.943902403641991725e+02
5.427253226817250834e+03 1.925984692745198572e+02
5.428043565134829805e+03 1.905671829961946742e+02
5.428833903452409686e+03 1.882659910743031730e+02
5.429624241769988657e+03 1.857842077308410182e+02
5.430414580087568538e+03 1.833233035674823554e+02
5.431204918405147509e+03 1.811297244487858791e+02
5.431995256722727390e+03 1.794065639212993233e+02
5.432785595040306362e+03 1.782619890371481972e+02
5.433575933357886242e+03 1.777318204368241936e+02
5.434366271675465214e+03 1.778349658574287844e+02
5.435156609993045095e+03 1.786075268084451579e+02
5.435946948310624975e+03 1.800916287597819689e+02
5.436737286628203947e+03 1.822935183929004097e+02
5.437527624945783828e+03 1.851377188568449128e+02
5.438317963263362799e+03 1.884347469254755651e+02
5.439108301580942680e+03 1.918875345632901599e+02
5.439898639898521651e+03 1.951440961690985318e+02
5.440688978216101532e+03 1.978770009397675835e+02
5.441479316533680503e+03 1.998381833865788906e+02
5.442269654851260384e+03 2.008802267647756707e+02
5.443059993168839355e+03 2.009546342816060758e+02
5.443850331486419236e+03 2.000996131974249010e+02
5.444640669803998207e+03 1.984438248296427787e+02
5.445431008121578088e+03 1.962228930104327844e+02
5.446221346439157060e+03 1.937732365030122423e+02
5.447011684756736940e+03 1.914894352805312110e+02
5.447802023074315912e+03 1.897421452065468657e+02
5.448592361391895793e+03 1.887726571005922551e+02
5.449382699709474764e+03 1.886268174400735802e+02
5.450173038027054645e+03 1.891422039979808574e+02
5.450963376344633616e+03 1.899949092135031776e+02
5.451753714662213497e+03 1.908075660326783236e+02
5.452544052979792468e+03 1.912743100904130529e+02
5.453334391297372349e+03 1.912497876327898325e+02
5.454124729614952230e+03 1.907762703028377302e+02
5.454915067932531201e+03 1.900603874334370005e+02
5.455705406250111082e+03 1.894079358459113109e+02
5.456495744567690053e+03 1.891291191168842261e+02
5.457286082885269934e+03 1.894282658019573091e+02
5.458076421202848906e+03 1.903123610614194945e+02
5.458866759520428786e+03 1.915803427826819529e+02
5.459657097838007758e+03 1.929067808119885399e+02
5.460447436155587638e+03 1.939735878292478901e+02
5.461237774473166610e+03 1.945839452536131375e+02
5.462028112790746491e+03 1.947119313307118205e+02
5.462818451108325462e+03 1.944868854423036169e+02
5.463608789425905343e+03 1.941280462596855898e+02
5.464399127743484314e+03 1.938533425171638100e+02
5.465189466061064195e+03 1.938039163221169758e+02
5.465979804378643166e+03 1.940101870921709803e+02
5.466770142696223047e+03 1.944053652207032883e+02
5.467560481013802018e+03 1.948683275411465274e+02
5.468350819331381899e+03 1.952709446113929630e+02
5.469141157648960871e+03 1.955090365560136831e+02
5.469931495966540751e+03 1.955086213319567605e+02
5.470721834284120632e+03 1.952216735698855246e+02
5.471512172601699604e+03 1.946198382056237506e+02
5.472302510919279484e+03 1.936890795354867691e+02
5.473092849236858456e+03 1.924335487166806615e+02
5.473883187554438337e+03 1.908852351003509682e+02
5.474673525872017308e+03 1.891177830129968811e+02
5.475463864189597189e+03 1.872655536459172367e+02
5.476254202507176160e+03 1.855231990221321894e+02
5.477044540824756041e+03 1.841144731286913157e+02
5.477834879142335012e+03 1.832364335450253066e+02
5.478625217459914893e+03 1.829926866290557541e+02
5.479415555777493864e+03 1.833511688388746848e+02
5.480205894095073745e+03 1.841579338948590987e+02
5.480996232412652716e+03 1.852061844929748702e+02
5.481786570730232597e+03 1.863212691635529836e+02
5.482576909047811569e+03 1.874109724007141722e+02
5.483367247365391449e+03 1.884479590657643939e+02
5.484157585682970421e+03 1.894111438524577977e+02
5.484947924000550302e+03 1.902398580558706840e+02
5.485738262318129273e+03 1.908377549742692736e+02
5.486528600635709154e+03 1.911235087387059934e+02
5.487318938953288125e+03 1.910899571201169636e+02
5.488109277270868006e+03 1.908301092631467668e+02
5.488899615588447887e+03 1.905079657027049507e+02
5.489689953906026858e+03 1.902944049249325928e+02
5.490480292223606739e+03 1.903066376348925246e+02
5.491270630541185710e+03 1.905731113793588065e+02
5.492060968858765591e+03 1.910362129786387868e+02
5.492851307176344562e+03 1.915836439170248013e+02
5.493641645493924443e+03 1.920930887049643729e+02
5.494431983811503414e+03 1.924730503960415149e+02
5.495222322129083295e+03 1.926816588009523912e+02
5.496012660446662267e+03 1.927271257595986356e+02
5.496802998764242147e+03 1.926567682331124729e+02
5.497593337081821119e+03 1.925396861051654014e+02
5.498383675399401000e+03 1.924419284172148537e+02
5.499174013716979971e+03 1.923949389593064438e+02
5.499964352034559852e+03 1.923759753780868209e+02
5.500754690352138823e+03 1.923123170248934173e+02
5.501545028669718704e+03 1.921099150536925322e+02
5.502335366987297675e+03 1.916895158685288152e+02
5.503125705304877556e+03 1.910113259115356072e+02
5.503916043622456527e+03 1.900882680235613691e+02
5.504706381940036408e+03 1.889837429983550123e+02
5.505496720257615380e+03 1.878015795436990061e+02
5.506287058575195260e+03 1.866719702448926341e+02
5.507077396892775141e+03 1.857200605373319036e+02
5.507867735210354112e+03 1.850219626546324889e+02
5.508658073527933993e+03 1.845713886497985641e+02
5.509448411845512965e+03 1.842806807124338775e+02
5.510238750163092845e+03 1.840216584448652384e+02
5.511029088480671817e+03 1.836982867914299220e+02
5.511819426798251698e+03 1.833283286341117559e+02
5.512609765115830669e+03 1.830577042151176386e+02
5.513400103433410550e+03 1.830836450993741664e+02
5.514190441750989521e+03 1.835909400614879701e+02
5.514980780068569402e+03 1.847109848576273521e+02
5.515771118386148373e+03 1.864557685462463610e+02
5.516561456703728254e+03 1.886884261867286909e+02
5.517351795021307225e+03 1.911637007597480533e+02
5.518142133338887106e+03 1.935872494452256376e+02
5.518932471656466078e+03 1.956832406709787620e+02
5.519722809974045958e+03 1.972495903342948509e+02
5.520513148291624930e+03 1.981855631167049125e+02
5.521303486609204811e+03 1.984982195554790110e+02
5.522093824926783782e+03 1.982766957191498136e+02
5.522884163244363663e+03 1.976474802811799520e+02
5.523674501561943543e+03 1.967309840364389970e+02
5.524464839879522515e+03 1.956190962057806928e+02
5.525255178197102396e+03 1.943866785804183905e+02
5.526045516514681367e+03 1.931149147056522111e+02
5.526835854832261248e+03 1.919125544785841271e+02
5.527626193149840219e+03 1.909235150669068446e+02
5.528416531467420100e+03 1.903032110020473624e+02
5.529206869784999071e+03 1.901731803990285812e+02
5.529997208102578952e+03 1.905734567423284602e+02
5.530787546420157923e+03 1.914351013456101498e+02
5.531577884737737804e+03 1.925910735456447469e+02
5.532368223055316776e+03 1.938330863290013610e+02
5.533158561372896656e+03 1.949848108101384128e+02
5.533948899690475628e+03 1.959566126736565934e+02
5.534739238008055509e+03 1.967614403838242652e+02
5.535529576325634480e+03 1.974832985961037366e+02
5.536319914643214361e+03 1.982281638597536642e+02
5.537110252960793332e+03 1.990794072056718846e+02
5.537900591278373213e+03 2.000720440389119972e+02
5.538690929595952184e+03 2.011915447423734520e+02
5.539481267913532065e+03 2.023842462603512331e+02
5.540271606231111036e+03 2.035733232849717922e+02
5.541061944548690917e+03 2.046730705207043286e+02
5.541852282866270798e+03 2.056007492634452092e+02
5.542642621183849769e+03 2.062855581847986173e+02
5.543432959501429650e+03 2.066838403674742040e+02
5.544223297819008621e+03 2.067997768939032994e+02
5.545013636136588502e+03 2.066862963745933257e+02
5.545803974454167474e+03 2.064273038085527787e+02
5.546594312771747354e+03 2.061099606791185863e+02
5.547384651089326326e+03 2.057979422538081167e+02
5.548174989406906207e+03 2.055219670920293424e+02
5.548965327724485178e+03 2.052798039178685485e+02
5.549755666042065059e+03 2.050460254371776614e+02
5.550546004359644030e+03 2.047855520066179338e+02
5.551336342677223911e+03 2.044652021256070213e+02
5.552126680994802882e+03 2.040653862297980936e+02
5.552917019312382763e+03 2.035846168540851409e+02
5.553707357629961734e+03 2.030450291528726439e+02
5.554497695947541615e+03 2.024937307531905049e+02
5.555288034265120586e+03 2.019893255139764392e+02
5.556078372582700467e+03 2.015794351355529557e+02
5.556868710900279439e+03 2.012758105787227123e+02
5.557659049217859319e+03 2.010436264750631494e+02
5.558449387535439200e+03 2.008096463745251015e+02
5.559239725853018172e+03 2.004865278858187878e+02
5.560030064170598052e+03 2.000050209467389664e+02
5.560820402488177024e+03 1.993402084650757331e+02
5.561610740805756905e+03 1.985275878488384365e+02
5.562401079123335876e+03 1.976534000317316782e+02
5.563191417440915757e+03 1.968244225999133619e+02
5.563981755758494728e+03 1.961343603867646266e+02
5.564772094076074609e+03 1.956325929937176511e+02
5.565562432393653580e+03 1.953116274625141671e+02
5.566352770711233461e+03 1.951201579194876103e+02
5.567143109028812432e+03 1.949936765222243480e+02
5.567933447346392313e+03 1.948809977127834259e+02
5.568723785663971285e+03 1.947583084781103366e+02
5.569514123981551165e+03 1.946286817877137310e+02
5.570304462299130137e+03 1.945086631978132345e+02
5.571094800616710017e+03 1.944183429890488810e+02
5.571885138934288989e+03 1.943782912234285618e+02
5.572675477251868870e+03 1.944150422340712225e+02
5.573465815569447841e+03 1.945678916056351966e+02
5.574256153887027722e+03 1.948860502555052676e+02
5.575046492204606693e+03 1.954096700957398127e+02
5.575836830522186574e+03 1.961418906587618096e+02
5.576627168839766455e+03 1.970351011823377405e+02
5.577417507157345426e+03 1.979961435110305388e+02
5.578207845474925307e+03 1.989044707163054682e+02
5.578998183792504278e+03 1.996285279928393379e+02
5.579788522110084159e+03 2.000406625804115492e+02
5.580578860427663130e+03 2.000357062035470506e+02
5.581369198745243011e+03 1.995441355154748067e+02
5.582159537062821983e+03 1.985374340309836612e+02
5.582949875380401863e+03 1.970279092204445703e+02
5.583740213697980835e+03 1.950637300855520380e+02
5.584530552015560716e+03 1.927300235598653728e+02
5.585320890333139687e+03 1.901543326582444138e+02
5.586111228650719568e+03 1.875077910254280482e+02
5.586901566968298539e+03 1.850002633686650597e+02
5.587691905285878420e+03 1.828560703700787258e+02
5.588482243603457391e+03 1.812721625652213788e+02
5.589272581921037272e+03 1.803741140535781540e+02
5.590062920238616243e+03 1.801914721546012856e+02
5.590853258556196124e+03 1.806514902843216532e+02
5.591643596873775095e+03 1.816012306677419588e+02
5.592433935191354976e+03 1.828590794953760224e+02
5.593224273508933948e+03 1.842678090407707714e+02
5.594014611826513828e+03 1.857178623742286447e+02
5.594804950144093709e+03 1.871370454525113018e+02
5.595595288461672681e+03 1.884610130312285037e+02
5.596385626779252561e+03 1.896086982932521892e+02
5.597175965096831533e+03 1.904895593636797457e+02
5.597966303414411414e+03 1.910402409616818886e+02
5.598756641731990385e+03 1.912710803658308691e+02
5.599546980049570266e+03 1.912864237512993952e+02
5.600337318367149237e+03 1.912634023909876646e+02
5.601127656684729118e+03 1.914048311006916094e+02
5.601917995002308089e+03 1.918837063082606278e+02
5.602708333319887970e+03 1.928040478965642706e+02
5.603498671637466941e+03 1.941890056668520685e+02
5.604289009955046822e+03 1.959899048116789686e+02
5.605079348272625793e+03 1.980922680223981160e+02
5.605869686590205674e+03 2.003207312203304582e+02
5.606660024907784646e+03 2.024752789587811890e+02
5.607450363225364526e+03 2.043699316693807759e+02
5.608240701542943498e+03 2.058634838629569970e+02
5.609031039860523379e+03 2.068724130837402981e+02
5.609821378178102350e+03 2.073602646597306602e+02
5.610611716495682231e+03 2.073193894840308360e+02
5.611402054813262112e+03 2.067465673968345357e+02
5.612192393130841083e+03 2.056335757819167611e+02
5.612982731448420964e+03 2.039821683553323055e+02
5.613773069765999935e+03 2.018345959561636107e+02
5.614563408083579816e+03 1.993129018892128670e+02
5.615353746401158787e+03 1.966269542421554206e+02
5.616144084718738668e+03 1.940400301965229914e+02
5.616934423036317639e+03 1.918115799359243852e+02
5.617724761353897520e+03 1.901233336976635258e+02
5.618515099671476491e+03 1.890332727554394978e+02
5.619305437989056372e+03 1.884872609285748126e+02
5.620095776306635344e+03 1.883736961362015450e+02
5.620886114624215224e+03 1.885685644121768689e+02
5.621676452941794196e+03 1.889594609440939621e+02
5.622466791259374077e+03 1.894590348998837612e+02
5.623257129576953048e+03 1.900138699600992709e+02
5.624047467894532929e+03 1.906153800080543306e+02
5.624837806212111900e+03 1.913051611724401937e+02
5.625628144529691781e+03 1.921597662656665193e+02
5.626418482847270752e+03 1.932495609952010511e+02
5.627208821164850633e+03 1.945961413695923170e+02
5.627999159482429604e+03 1.961515057966750533e+02
5.628789497800009485e+03 1.978114094174385400e+02
5.629579836117589366e+03 1.994450808845696201e+02
5.630370174435168337e+03 2.009222607073775748e+02
5.631160512752748218e+03 2.021362629693954034e+02
5.631950851070327190e+03 2.030162340589413930e+02
5.632741189387907070e+03 2.035324528261305659e+02
5.633531527705486042e+03 2.036934593080777063e+02
5.634321866023065922e+03 2.035340619432196263e+02
5.635112204340644894e+03 2.030995855275400572e+02
5.635902542658224775e+03 2.024365731220291877e+02
5.636692880975803746e+03 2.015933454536593672e+02
5.637483219293383627e+03 2.006230397378812711e+02
5.638273557610962598e+03 1.995857380277029165e+02
5.639063895928542479e+03 1.985417720009420179e+02
5.639854234246121450e+03 1.975406962692507307e+02
5.640644572563701331e+03 1.966243489600452392e+02
5.641434910881280302e+03 1.958306354594874961e+02
5.642225249198860183e+03 1.951953018742095196e+02
5.643015587516439155e+03 1.947510058565170539e+02
5.643805925834019035e+03 1.945206429637197516e+02
5.644596264151598007e+03 1.945131604215024765e+02
5.645386602469177888e+03 1.947184899140007417e+02
5.646176940786756859e+03 1.951066328923430149e+02
5.646967279104336740e+03 1.956256489469382700e+02
5.647757617421916621e+03 1.962056124801579529e+02
5.648547955739495592e+03 1.967734600747473621e+02
5.649338294057075473e+03 1.972742473878752492e+02
5.650128632374654444e+03 1.976829544568025483e+02
5.650918970692234325e+03 1.979970342167350452e+02
5.651709309009813296e+03 1.982188919366831215e+02
5.652499647327393177e+03 1.983332234455075138e+02
5.653289985644972148e+03 1.982962991853801782e+02
5.654080323962552029e+03 1.980429559394064256e+02
5.654870662280131000e+03 1.975033278814263156e+02
5.655661000597710881e+03 1.966296975230989688e+02
5.656451338915289853e+03 1.954235455071190017e+02
5.657241677232869733e+03 1.939528968245829219e+02
5.658032015550448705e+03 1.923555133525389920e+02
5.658822353868028586e+03 1.908181442918816515e+02
5.659612692185607557e+03 1.895394033513790646e+02
5.660403030503187438e+03 1.886832691580988239e+02
5.661193368820766409e+03 1.883385846753591295e+02
5.661983707138346290e+03 1.885049085683583030e+02
5.662774045455925261e+03 1.891151501176465217e+02
5.663564383773505142e+03 1.900712553223717975e+02
5.664354722091085023e+03 1.912687945407717791e+02
5.665145060408663994e+03 1.926021195589810873e+02
5.665935398726243875e+03 1.939619407174575940e+02
5.666725737043822846e+03 1.952483706287529515e+02
5.667516075361402727e+03 1.963995271873116337e+02
5.668306413678981698e+03 1.974115131005550836e+02
5.669096751996561579e+03 1.983300466091981491e+02
5.669887090314140551e+03 1.992279619615177353e+02
5.670677428631720431e+03 2.001724959169981162e+02
5.671467766949299403e+03 2.011907448507906793e+02
5.672258105266879284e+03 2.022517611608515722e+02
5.673048443584458255e+03 2.032728491927021821e+02
5.673838781902038136e+03 2.041437819412051340e+02
5.674629120219617107e+03 2.047480393338900058e+02
5.675419458537196988e+03 2.049848817977443218e+02
5.676209796854775959e+03 2.047914628470006448e+02
5.677000135172355840e+03 2.041559946989866603e+02
5.677790473489934811e+03 2.031269731407951440e+02
5.678580811807514692e+03 2.018167926787201623e+02
5.679371150125093664e+03 2.003925622071197381e+02
5.680161488442673544e+03 1.990468515129662990e+02
5.680951826760252516e+03 1.979518962147187153e+02
5.681742165077832396e+03 1.972138539319706751e+02
5.682532503395412277e+03 1.968526899341116518e+02
5.683322841712991249e+03 1.968215178955092881e+02
5.684113180030571129e+03 1.970366039597467704e+02
5.684903518348150101e+03 1.974028952611847672e+02
5.685693856665729982e+03 1.978328551216670235e+02
5.686484194983308953e+03 1.982571842479083557e+02
5.687274533300888834e+03 1.986144305596043296e+02
5.688064871618467805e+03 1.988325447383134303e+02
5.688855209936047686e+03 1.990403288783177231e+02
5.689645548253626657e+03 1.997112039619821076e+02
5.690435886571206538e+03 2.009252616643593399e+02
5.691226224888785509e+03 2.021715661834260231e+02
5.692016563206365390e+03 2.032521001817044066e+02
5.692806901523944362e+03 2.041966517145677358e+02
5.693597239841524242e+03 2.049191144752852267e+02
5.694387578159103214e+03 2.053079547017236735e+02
5.695177916476683095e+03 2.053029237737230517e+02
5.695968254794262066e+03 2.049083011254214171e+02
5.696758593111841947e+03 2.041747988282666597e+02
5.697548931429420918e+03 2.031727245374901543e+02
5.698339269747000799e+03 2.019757850525548974e+02
5.699129608064580680e+03 2.006551054112908616e+02
5.699919946382159651e+03 1.992842273781940321e+02
5.700710284699739532e+03 1.979369053687639166e+02
5.701500623017318503e+03 1.966781180817584982e+02
5.702290961334898384e+03 1.955541023076937108e+02
5.703081299652477355e+03 1.945763781574352720e+02
5.703871637970057236e+03 1.937075327792206849e+02
5.704661976287636207e+03 1.928608988947029275e+02
5.705452314605216088e+03 1.919319298165499958e+02
5.706242652922795060e+03 1.908497130475001029e+02
5.707032991240374940e+03 1.896224304467765478e+02
5.707823329557953912e+03 1.883508675838145336e+02
5.708613667875533793e+03 1.872131944300415967e+02
5.709404006193112764e+03 1.864217864486961673e+02
5.710194344510692645e+03 1.861608825210941802e+02
5.710984682828271616e+03 1.865423975852539513e+02
5.711775021145851497e+03 1.875913577142835607e+02
5.712565359463430468e+03 1.892518074877269214e+02
5.713355697781010349e+03 1.913970799242204350e+02
5.714146036098589320e+03 1.938524243507460483e+02
5.714936374416169201e+03 1.964213965922561727e+02
5.715726712733748172e+03 1.989144039574807152e+02
5.716517051051328053e+03 2.011975819073255991e+02
5.717307389368907934e+03 2.032136751036112230e+02
5.718097727686486905e+03 2.049650767135458693e+02
5.718888066004066786e+03 2.065139338977253942e+02
5.719678404321645758e+03 2.079365631576134774e+02
5.720468742639225638e+03 2.092872443906267677e+02
5.721259080956804610e+03 2.106087324646172192e+02
5.722049419274384491e+03 2.119177424797921390e+02
5.722839757591963462e+03 2.131847258436195034e+02
5.723630095909543343e+03 2.143427125440213104e+02
5.724420434227122314e+03 2.153102222200513438e+02
5.725210772544702195e+03 2.160165848723637509e+02
5.726001110862281166e+03 2.164243472735379896e+02
5.726791449179861047e+03 2.164855148151322339e+02
5.727581787497440018e+03 2.160682196036835307e+02
5.728372125815019899e+03 2.150134213478565357e+02
5.729162464132598870e+03 2.137886009676727213e+02
5.729952802450178751e+03 2.137615147363993913e+02
5.730743140767272962e+03 2.148286525079992373e+02
5.731533479084851933e+03 2.151597018094118710e+02
5.732323817402431814e+03 2.145245483143391709e+02
5.733114155720010785e+03 2.138802827409293172e+02
5.733904494037590666e+03 2.135382752995132591e+02
5.734694832355170547e+03 2.133665856209690332e+02
5.735485170672749518e+03 2.132215775607479031e+02
5.736275508990329399e+03 2.130133084923589024e+02
5.737065847307908371e+03 2.127002263114704874e+02
5.737856185625488251e+03 2.122842452586338879e+02
5.738646523943067223e+03 2.118083800211919652e+02
5.739436862260647104e+03 2.113388434434958754e+02
5.740227200578226075e+03 2.109411119275007138e+02
5.741017538895805956e+03 2.106584462369229698e+02
5.741807877213384927e+03 2.104983465045650917e+02
5.742598215530964808e+03 2.104338690376583259e+02
5.743388553848543779e+03 2.104178070465383996e+02
5.744178892166123660e+03 2.103974218284704421e+02
5.744969230483702631e+03 2.103226318203718392e+02
5.745759568801282512e+03 2.101505994876523005e+02
5.746549907118861483e+03 2.098507009425858882e+02
5.747340245436441364e+03 2.094126935271982859e+02
5.748130583754020336e+03 2.088519613474694552e+02
5.748920922071600216e+03 2.082023367987320057e+02
5.749711260389179188e+03 2.074985006895252013e+02
5.750501598706759069e+03 2.067550915787722374e+02
5.751291937024338949e+03 2.059595175454072091e+02
5.752082275341917921e+03 2.050952357101978691e+02
5.752872613659497802e+03 2.041810723981985802e+02
5.753662951977076773e+03 2.032960423349650227e+02
5.754453290294656654e+03 2.025683276090198035e+02
5.755243628612235625e+03 2.021241257473408268e+02
5.756033966929815506e+03 2.020217788476264218e+02
5.756824305247394477e+03 2.022173387286024706e+02
5.757614643564974358e+03 2.025798254210437790e+02
5.758404981882553329e+03 2.029435668420639445e+02
5.759195320200133210e+03 2.031793577220111615e+02
5.759985658517712181e+03 2.032529406341961362e+02
5.760775996835292062e+03 2.032412754358746554e+02
5.761566335152871034e+03 2.033044965723609039e+02
5.762356673470450914e+03 2.036325430740619709e+02
5.763147011788029886e+03 2.043794405609384626e+02
5.763937350105609767e+03 2.056024708373642227e+02
5.764727688423188738e+03 2.072351027351615187e+02
5.765518026740768619e+03 2.091057183245947613e+02
5.766308365058347590e+03 2.109899453338425985e+02
5.767098703375927471e+03 2.126685643257532092e+02
5.767889041693506442e+03 2.139761193569852367e+02
5.768679380011086323e+03 2.148311923050974315e+02
5.769469718328666204e+03 2.152352497475360451e+02
5.770260056646245175e+03 2.152491484857713999e+02
5.771050394963825056e+03 2.149642609297293916e+02
5.771840733281404027e+03 2.144819461905344156e+02
5.772631071598983908e+03 2.138996174765945284e+02
5.773421409916562880e+03 2.132959976133531654e+02
5.774211748234142760e+03 2.127186866256421069e+02
5.775002086551721732e+03 2.121786828166129908e+02
5.775792424869301612e+03 2.116464051330622169e+02
5.776582763186880584e+03 2.110488424908202489e+02
5.777373101504460465e+03 2.102788253856688812e+02
5.778163439822039436e+03 2.092215013792553009e+02
5.778953778139619317e+03 2.077882711722281215e+02
5.779744116457198288e+03 2.059486017671807758e+02
5.780534454774778169e+03 2.037562572412345503e+02
5.781324793092357140e+03 2.013561118346507612e+02
5.782115131409937021e+03 1.989495869514974231e+02
5.782905469727515992e+03 1.967420127685028888e+02
5.783695808045095873e+03 1.949069079698275004e+02
5.784486146362674845e+03 1.935701157087994488e+02
5.785276484680254725e+03 1.928083450339275373e+02
5.786066822997833697e+03 1.926511976297694559e+02
5.786857161315413578e+03 1.930791055181715024e+02
5.787647499632993458e+03 1.940205628714225270e+02
5.788437837950572430e+03 1.953568832065388392e+02
5.789228176268152311e+03 1.969379198134258218e+02
5.790018514585731282e+03 1.986124740233082093e+02
5.790808852903311163e+03 2.002670335518264153e+02
5.791599191220890134e+03 2.018484053150724549e+02
5.792389529538470015e+03 2.033521133469513416e+02
5.793179867856048986e+03 2.047926540386951615e+02
5.793970206173628867e+03 2.061780056794042935e+02
5.794760544491207838e+03 2.074947311835716732e+02
5.795550882808787719e+03 2.087140065378784186e+02
5.796341221126366690e+03 2.098138811892698641e+02
5.797131559443946571e+03 2.107964266096498704e+02
5.797921897761525543e+03 2.116880274826513073e+02
5.798712236079105423e+03 2.125232073433728885e+02
5.799502574396684395e+03 2.133176244442465475e+02
5.800292912714264276e+03 2.140437335303716395e+02
5.801083251031843247e+03 2.146255514972289689e+02
5.801873589349423128e+03 2.149605842888754523e+02
5.802663927667002099e+03 2.149617991431362611e+02
5.803454265984581980e+03 2.146017249875844186e+02
5.804244604302161861e+03 2.139356512856451218e+02
5.805034942619740832e+03 2.130897176402693276e+02
5.805825280937320713e+03 2.122247552510161199e+02
5.806615619254899684e+03 2.114915475729188756e+02
5.807405957572479565e+03 2.109890906493090483e+02
5.808196295890058536e+03 2.107426531452803431e+02
5.808986634207638417e+03 2.107115286593456744e+02
5.809776972525217388e+03 2.108170442852666611e+02
5.810567310842797269e+03 2.109732362485510748e+02
5.811357649160376241e+03 2.111117820532174392e+02
5.812147987477956121e+03 2.111982010284509386e+02
5.812938325795535093e+03 2.112362203676144361e+02
5.813728664113114974e+03 2.112616641763890186e+02
5.814519002430693945e+03 2.113330173837100574e+02
5.815309340748273826e+03 2.115218220742835911e+02
5.816099679065852797e+03 2.119001398328923074e+02
5.816890017383432678e+03 2.125213374875237946e+02
5.817680355701011649e+03 2.134001605508345847e+02
5.818470694018591530e+03 2.145010461298246014e+02
5.819261032336170501e+03 2.157306110102223329e+02
5.820051370653750382e+03 2.169498143908632812e+02
5.820841708971329354e+03 2.180250750708451619e+02
5.821632047288909234e+03 2.188697483655028009e+02
5.822422385606489115e+03 2.194478760110609414e+02
5.823212723924068086e+03 2.197770251727561686e+02
5.824003062241647967e+03 2.199199882933897072e+02
5.824793400559226939e+03 2.199513940223525310e+02
5.825583738876806819e+03 2.199255245878524931e+02
5.826374077194385791e+03 2.198625458518144455e+02
5.827164415511965672e+03 2.197503519526608784e+02
5.827954753829544643e+03 2.195576687619542895e+02
5.828745092147124524e+03 2.192522462745038752e+02
5.829535430464703495e+03 2.188126735125078142e+02
5.830325768782283376e+03 2.182344958393651666e+02
5.831116107099862347e+03 2.175369090389595499e+02
5.831906445417442228e+03 2.167645425319337846e+02
5.832696783735021199e+03 2.159804249054337220e+02
5.833487122052601080e+03 2.152525119872958044e+02
5.834277460370180052e+03 2.146385349052453648e+02
5.835067798687759932e+03 2.141755767720852930e+02
5.835858137005338904e+03 2.138781053282126550e+02
5.836648475322918785e+03 2.137396680841451371e+02
5.837438813640497756e+03 2.137366418481055632e+02
5.838229151958077637e+03 2.138375790844908693e+02
5.839019490275657517e+03 2.140147001166299106e+02
5.839809828593236489e+03 2.142486424901618420e+02
5.840600166910816370e+03 2.145242505838780573e+02
5.841390505228395341e+03 2.148205226368883132e+02
5.842180843545975222e+03 2.151009310122256579e+02
5.842971181863554193e+03 2.153110964175798756e+02
5.843761520181134074e+03 2.153880237651464995e+02
5.844551858498713045e+03 2.152756925678745006e+02
5.845342196816292926e+03 2.149426082509067726e+02
5.846132535133871897e+03 2.143972258658604346e+02
5.846922873451451778e+03 2.136885014611742122e+02
5.847713211769030750e+03 2.128889048786855938e+02
5.848503550086610630e+03 2.120699733142689922e+02
5.849293888404189602e+03 2.112769769969793288e+02
5.850084226721769483e+03 2.105125995782494215e+02
5.850874565039348454e+03 2.097415407873104130e+02
5.851664903356928335e+03 2.089150341465964971e+02
5.852455241674507306e+03 2.079998632274295858e+02
5.853245579992087187e+03 2.069983475753763287e+02
5.854035918309666158e+03 2.059450649785426037e+02
5.854826256627246039e+03 2.048807901617257130e+02
5.855616594944825010e+03 2.038511115340219249e+02
5.856406933262404891e+03 2.029225282316273820e+02
5.857197271579984772e+03 2.021630596090536187e+02
5.857987609897563743e+03 2.016284471831467329e+02
5.858777948215143624e+03 2.013732721380531530e+02
5.859568286532722595e+03 2.014446309018813395e+02
5.860358624850302476e+03 2.018551286360568611e+02
5.861148963167881448e+03 2.025645407754598182e+02
5.861939301485461328e+03 2.034871238957695709e+02
5.862729639803040300e+03 2.045171053584201672e+02
5.863519978120620181e+03 2.055550344105242573e+02
5.864310316438199152e+03 2.065277423731652675e+02
5.865100654755779033e+03 2.073997055162946026e+02
5.865890993073358004e+03 2.081729927380378058e+02
5.866681331390937885e+03 2.088793054120137072e+02
5.867471669708516856e+03 2.095663625937986865e+02
5.868262008026096737e+03 2.102768155044147420e+02
5.869052346343675708e+03 2.110272255735409317e+02
5.869842684661255589e+03 2.117992412744047215e+02
5.870633022978834560e+03 2.125445304377464595e+02
5.871423361296414441e+03 2.132041289542266895e+02
5.872213699613993413e+03 2.137352220266507743e+02
5.873004037931573293e+03 2.141236047974754229e+02
5.873794376249152265e+03 2.143694888946278638e+02
5.874584714566732146e+03 2.144567937948465328e+02
5.875375052884312026e+03 2.143262017664285395e+02
5.876165391201890998e+03 2.139025963725100610e+02
5.876955729519470879e+03 2.131816643121444770e+02
5.877746067837049850e+03 2.122219683246033810e+02
5.878536406154629731e+03 2.110291636116835434e+02
5.879326744472208702e+03 2.095769577570896161e+02
5.880117082789788583e+03 2.079276736839620412e+02
5.880907421107367554e+03 2.062185074265597962e+02
5.881697759424947435e+03 2.045659252854497367e+02
5.882488097742526406e+03 2.030071591891383775e+02
5.883278436060106287e+03 2.014826793455760594e+02
5.884068774377685259e+03 1.998679311832367489e+02
5.884859112695265139e+03 1.980158565485053259e+02
5.885649451012844111e+03 1.957734861905036325e+02
5.886439789330423991e+03 1.930039883406701335e+02
5.887230127648002963e+03 1.896234673862952604e+02
5.888020465965582844e+03 1.856537900606498397e+02
5.888810804283161815e+03 1.812760893941634208e+02
5.889601142600741696e+03 1.768199340800121035e+02
5.890391480918320667e+03 1.727020446426608373e+02
5.891181819235900548e+03 1.693350232037130922e+02
5.891972157553480429e+03 1.669906322442504063e+02
5.892762495871059400e+03 1.657293843958913158e+02
5.893552834188639281e+03 1.654198188080646901e+02
5.894343172506218252e+03 1.658278832833821639e+02
5.895133510823798133e+03 1.667435418249564236e+02
5.895923849141377104e+03 1.680746778733953022e+02
5.896714187458956985e+03 1.698607505600386389e+02
5.897504525776535957e+03 1.722095184364935960e+02
5.898294864094115837e+03 1.751950915691178352e+02
5.899085202411694809e+03 1.787339662341229882e+02
5.899875540729274690e+03 1.825528861974006531e+02
5.900665879046853661e+03 1.863614621209351299e+02
5.901456217364433542e+03 1.899672176079352539e+02
5.902246555682012513e+03 1.932134189839537157e+02
5.903036893999592394e+03 1.959939908933457673e+02
5.903827232317171365e+03 1.983041619613125590e+02
5.904617570634751246e+03 2.002127928024517587e+02
5.905407908952330217e+03 2.018136259709234253e+02
5.906198247269910098e+03 2.031924779512685859e+02
5.906988585587489069e+03 2.044058042012086389e+02
5.907778923905068950e+03 2.054671809567709033e+02
5.908569262222647922e+03 2.063519404122175160e+02
5.909359600540227802e+03 2.070198895481814532e+02
5.910149938857807683e+03 2.074273055331671571e+02
5.910940277175386655e+03 2.075431749283588374e+02
5.911730615492966535e+03 2.073647680577891492e+02
5.912520953810545507e+03 2.069200607032319965e+02
5.913311292128125388e+03 2.062702827882247334e+02
5.914101630445704359e+03 2.055120266167649561e+02
5.914891968763284240e+03 2.047680313100766512e+02
5.915682307080863211e+03 2.041633233362473732e+02
5.916472645398443092e+03 2.037941537520636643e+02
5.917262983716022063e+03 2.037048905444137858e+02
5.918053322033601944e+03 2.038779411471993512e+02
5.918843660351180915e+03 2.042386202378755797e+02
5.919633998668760796e+03 2.046818191098122099e+02
5.920424336986339767e+03 2.051097543571473523e+02
5.921214675303919648e+03 2.054583125429854249e+02
5.922005013621498620e+03 2.057045525369579764e+02
5.922795351939078500e+03 2.058576292964749541e+02
5.923585690256657472e+03 2.059370607514251219e+02
5.924376028574237353e+03 2.059503730258268774e+02
5.925166366891816324e+03 2.058843326556065563e+02
5.925956705209396205e+03 2.057143887629902963e+02
5.926747043526976086e+03 2.054268870623818657e+02
5.927537381844555057e+03 2.050422885777240651e+02
5.928327720162134938e+03 2.046230699507472082e+02
5.929118058479713909e+03 2.042628107662658863e+02
5.929908396797293790e+03 2.040658024606570962e+02
5.930698735114872761e+03 2.041073756047935603e+02
5.931489073432452642e+03 2.043996391290123427e+02
5.932279411750031613e+03 2.048891467461161824e+02
5.933069750067611494e+03 2.054798707900002910e+02
5.933860088385190465e+03 2.060642157469402491e+02
5.934650426702770346e+03 2.065578865956957770e+02
5.935440765020349318e+03 2.069253785810172417e+02
5.936231103337929198e+03 2.071757780486300362e+02
5.937021441655508170e+03 2.073370350492471061e+02
5.937811779973088051e+03 2.074297924210979716e+02
5.938602118290667022e+03 2.074542459042752398e+02
5.939392456608246903e+03 2.073957341026101631e+02
5.940182794925825874e+03 2.072445162634490998e+02
5.940973133243405755e+03 2.070168684152811238e+02
5.941763471560984726e+03 2.067659362552586799e+02
5.942553809878564607e+03 2.065732162501106188e+02
5.943344148196143578e+03 2.065182833548743986e+02
5.944134486513723459e+03 2.066419446561877749e+02
5.944924824831303340e+03 2.069253580827215728e+02
5.945715163148882311e+03 2.072934116504078190e+02
5.946505501466462192e+03 2.076412049932100103e+02
5.947295839784041164e+03 2.078752499901507065e+02
5.948086178101621044e+03 2.079478643209836832e+02
5.948876516419200016e+03 2.078669628946824446e+02
5.949666854736779896e+03 2.076838755403870778e+02
5.950457193054358868e+03 2.074662712210180189e+02
5.951247531371938749e+03 2.072685780120657739e+02
5.952037869689517720e+03 2.071179391837812886e+02
5.952828208007097601e+03 2.070201059580019489e+02
5.953618546324676572e+03 2.069726321291274758e+02
5.954408884642256453e+03 2.069737200664396255e+02
5.955199222959835424e+03 2.070241617725222909e+02
5.955989561277415305e+03 2.071275564072342945e+02
5.956779899594994276e+03 2.072933527417408754e+02
5.957570237912574157e+03 2.075399801029574292e+02
5.958360576230153129e+03 2.078915044718411309e+02
5.959150914547733009e+03 2.083651996687467260e+02
5.959941252865311981e+03 2.089573380489487988e+02
5.960731591182891862e+03 2.096363386520957874e+02
5.961521929500470833e+03 2.103444909566937326e+02
5.962312267818050714e+03 2.110127583070923265e+02
5.963102606135630595e+03 2.115838696753127977e+02
5.963892944453209566e+03 2.120286733114405706e+02
5.964683282770789447e+03 2.123534870817653086e+02
5.965473621088368418e+03 2.125996261332655877e+02
5.966263959405948299e+03 2.128295080865780449e+02
5.967054297723527270e+03 2.131026816072200063e+02
5.967844636041107151e+03 2.134532126734447388e+02
5.968634974358686122e+03 2.138758080030926294e+02
5.969425312676266003e+03 2.143242746505503646e+02
5.970215650993844974e+03 2.147241521889196747e+02
5.971005989311424855e+03 2.149945796034834871e+02
5.971796327629003827e+03 2.150661613171975546e+02
5.972586665946583707e+03 2.148904887666535615e+02
5.973377004264162679e+03 2.144482923554849663e+02
5.974167342581742560e+03 2.137548726238497636e+02
5.974957680899321531e+03 2.128595872735850492e+02
5.975748019216901412e+03 2.118428830602385347e+02
5.976538357534480383e+03 2.108085087497104837e+02
5.977328695852060264e+03 2.098652512011362319e+02
5.978119034169639235e+03 2.091009189226350031e+02
5.978909372487219116e+03 2.085587490715792285e+02
5.979699710804798997e+03 2.082284195719798277e+02
5.980490049122377968e+03 2.080508853178658910e+02
5.981280387439957849e+03 2.079371740233411572e+02
5.982070725757536820e+03 2.078016879522946567e+02
5.982861064075116701e+03 2.075951433355452025e+02
5.983651402392695672e+03 2.073223388790496529e+02
5.984441740710275553e+03 2.070401534826253283e+02
5.985232079027854525e+03 2.068322949311619254e+02
5.986022417345434405e+03 2.067707801140211927e+02
5.986812755663013377e+03 2.068870907341088810e+02
5.987603093980593258e+03 2.071637262799164034e+02
5.988393432298172229e+03 2.075430509517257747e+02
5.989183770615752110e+03 2.079509178701667906e+02
5.989974108933331081e+03 2.083236285029100827e+02
5.990764447250910962e+03 2.086202628988177707e+02
5.991554785568489933e+03 2.088211435989960876e+02
5.992345123886069814e+03 2.089206959052711738e+02
5.993135462203648785e+03 2.089173413440035461e+02
5.993925800521228666e+03 2.088052123192334193e+02
5.994716138838807638e+03 2.085749405749557184e+02
5.995506477156387518e+03 2.082257069198965382e+02
5.996296815473966490e+03 2.077811289123731910e+02
5.997087153791546370e+03 2.072965213411286527e+02
5.997877492109126251e+03 2.068491602620976835e+02
5.998667830426705223e+03 2.065146767633967215e+02
5.999458168744285103e+03 2.063396497472497799e+02
6.000248507061864075e+03 2.063239308873767754e+02
6.001038845379443956e+03 2.064242509814974369e+02
6.001829183697022927e+03 2.065763256303067124e+02
6.002619522014602808e+03 2.067192676328097889e+02
6.003409860332181779e+03 2.068107977737388978e+02
6.004200198649761660e+03 2.068308108875286280e+02
6.004990536967340631e+03 2.067747214633569968e+02
6.005780875284920512e+03 2.066451831703751907e+02
6.006571213602499483e+03 2.064527272540787521e+02
6.007361551920079364e+03 2.062232709554878056e+02
6.008151890237658336e+03 2.060005103296674065e+02
6.008942228555238216e+03 2.058340576769876691e+02
6.009732566872817188e+03 2.057573445370294962e+02
6.010522905190397069e+03 2.057672190874652074e+02
6.011313243507976040e+03 2.058194712077703628e+02
6.012103581825555921e+03 2.058484537264919254e+02
6.012893920143134892e+03 2.057995123041802685e+02
6.013684258460714773e+03 2.056526979244707718e+02
6.014474596778293744e+03 2.054270164594394714e+02
6.015264935095873625e+03 2.051664254953925592e+02
6.016055273413453506e+03 2.049185903725220328e+02
6.016845611731032477e+03 2.047213911204559622e+02
6.017635950048612358e+03 2.046007684007389287e+02
6.018426288366191329e+03 2.045725888013229792e+02
6.019216626683771210e+03 2.046435144126926957e+02
6.020006965001350181e+03 2.048122965212533586e+02
6.020797303318930062e+03 2.050718913739192999e+02
6.021587641636509034e+03 2.054122844317047907e+02
6.022377979954088914e+03 2.058230544409404956e+02
6.023168318271667886e+03 2.062954313292095208e+02
6.023958656589247767e+03 2.068259798386064858e+02
6.024748994906826738e+03 2.074186811812407143e+02
6.025539333224406619e+03 2.080832508955932667e+02
6.026329671541985590e+03 2.088329933151534874e+02
6.027120009859565471e+03 2.096803780754559909e+02
6.027910348177144442e+03 2.106308890501308611e+02
6.028700686494724323e+03 2.116811755222163924e+02
6.029491024812303294e+03 2.128128527290685383e+02
6.030281363129883175e+03 2.139882434179074835e+02
6.031071701447462146e+03 2.151562642979263842e+02
6.031862039765042027e+03 2.162616008774099328e+02
6.032652378082621908e+03 2.172544447792077449e+02
6.033442716400200879e+03 2.180980268654206498e+02
6.034233054717780760e+03 2.187718497884282272e+02
6.035023393035359732e+03 2.192679072847280395e+02
6.035813731352939612e+03 2.195846709649012212e+02
6.036604069670518584e+03 2.197254338947427925e+02
6.037394407988098465e+03 2.196995658232993378e+02
6.038184746305677436e+03 2.195243651847661681e+02
6.038975084623257317e+03 2.192263818023639601e+02
6.039765422940836288e+03 2.188431890897587095e+02
6.040555761258416169e+03 2.184248856198358908e+02
6.041346099575995140e+03 2.180299417900477863e+02
6.042136437893575021e+03 2.177133414145490917e+02
6.042926776211153992e+03 2.175139132681251226e+02
6.043717114528733873e+03 2.174456975905744969e+02
6.044507452846312844e+03 2.174943535567212507e+02
6.045297791163892725e+03 2.176252218306192674e+02
6.046088129481471697e+03 2.178010634738362228e+02
6.046878467799051577e+03 2.179979930160504864e+02
6.047668806116630549e+03 2.182113834321041850e+02
6.048459144434210430e+03 2.184488182875235225e+02
6.049249482751789401e+03 2.187128901591112538e+02
6.050039821069369282e+03 2.189840676987999188e+02
6.050830159386949163e+03 2.192141580438012056e+02
6.051620497704528134e+03 2.193348947968531775e+02
6.052410836022108015e+03 2.192793587578093764e+02
6.053201174339686986e+03 2.190041525670920066e+02
6.053991512657266867e+03 2.185017080104992147e+02
6.054781850974845838e+03 2.178039838828442214e+02
6.055572189292425719e+03 2.169790419659896941e+02
6.056362527610004690e+03 2.161148106590904661e+02
6.057152865927584571e+03 2.152947648255685067e+02
6.057943204245163543e+03 2.145793060095520559e+02
6.058733542562743423e+03 2.139920566914593110e+02
6.059523880880322395e+03 2.135139114568432319e+02
6.060314219197902275e+03 2.130947730702935132e+02
6.061104557515481247e+03 2.126792729378335025e+02
6.061894895833061128e+03 2.122342927825155243e+02
6.062685234150640099e+03 2.117713821301952066e+02
6.063475572468219980e+03 2.113543184797553920e+02
6.064265910785798951e+03 2.110872216443904676e+02
6.065056249103378832e+03 2.110921041886707599e+02
6.065846587420957803e+03 2.114773634344575726e+02
6.066636925738537684e+03 2.122997309188230872e+02
6.067427264056117565e+03 2.135396062095684897e+02
6.068217602373696536e+03 2.151057547946960540e+02
6.069007940691276417e+03 2.168581153399412074e+02
6.069798279008855388e+03 2.186384957358978625e+02
6.070588617326435269e+03 2.203067840446891807e+02
6.071378955644014241e+03 2.217635112543747482e+02
6.072169293961594121e+03 2.229489045367808160e+02
6.072959632279173093e+03 2.238339228132363132e+02
6.073749970596752974e+03 2.244106914827809476e+02
6.074540308914331945e+03 2.246825159241140000e+02
6.075330647231911826e+03 2.246569492750670349e+02
6.076120985549490797e+03 2.243463837007210486e+02
6.076911323867070678e+03 2.237759199198493434e+02
6.077701662184649649e+03 2.229871865551409087e+02
6.078492000502229530e+03 2.220302545666102105e+02
6.079282338819808501e+03 2.209532307171712375e+02
6.080072677137388382e+03 2.197976295225761021e+02
6.080863015454967353e+03 2.186017003909177561e+02
6.081653353772547234e+03 2.174070673605349100e+02
6.082443692090126206e+03 2.162608100765875179e+02
6.083234030407706086e+03 2.152181119959907392e+02
6.084024368725285058e+03 2.143374317473834765e+02
6.084814707042864939e+03 2.136629802922322483e+02
6.085605045360444819e+03 2.132091805813233805e+02
6.086395383678023791e+03 2.129588022230390720e+02
6.087185721995603672e+03 2.128657411219118103e+02
6.087976060313182643e+03 2.128597227497659787e+02
6.088766398630762524e+03 2.128600819622162135e+02
6.089556736948341495e+03 2.127961240936048171e+02
6.090347075265921376e+03 2.126265662399224539e+02
6.091137413583500347e+03 2.123542304083003955e+02
6.091927751901080228e+03 2.120265299013840377e+02
6.092718090218659199e+03 2.117164831623190651e+02
6.093508428536239080e+03 2.114944981842107836e+02
6.094298766853818051e+03 2.114026646426274851e+02
6.095089105171397932e+03 2.114385200770533402e+02
6.095879443488976904e+03 2.115553280362973396e+02
6.096669781806556784e+03 2.116794973068570584e+02
6.097460120124135756e+03 2.117331992370555724e+02
6.098250458441715637e+03 2.116519426452211974e+02
6.099040796759294608e+03 2.113942147812529697e+02
6.099831135076874489e+03 2.109421607272941230e+02
6.100621473394453460e+03 2.103004682664077620e+02
6.101411811712033341e+03 2.095061124578679141e+02
6.102202150029612312e+03 2.086425216656522821e+02
6.102992488347192193e+03 2.078354545944847018e+02
6.103782826664772074e+03 2.072251553023860708e+02
6.104573164982351045e+03 2.069281338652253908e+02
6.105363503299930926e+03 2.070001325240364736e+02
6.106153841617509897e+03 2.074192882404378508e+02
6.106944179935089778e+03 2.081063770565977507e+02
6.107734518252668749e+03 2.089655897162950282e+02
6.108524856570248630e+03 2.099128145894163424e+02
6.109315194887827602e+03 2.108814513232809134e+02
6.110105533205407482e+03 2.118194866117860329e+02
6.110895871522986454e+03 2.126832787549132604e+02
6.111686209840566335e+03 2.134320118547404945e+02
6.112476548158145306e+03 2.140314970121560805e+02
6.113266886475725187e+03 2.144571340035822971e+02
6.114057224793304158e+03 2.146881395998896664e+02
6.114847563110884039e+03 2.147002351333320007e+02
6.115637901428463010e+03 2.144662807047674278e+02
6.116428239746042891e+03 2.139668429656668991e+02
6.117218578063621862e+03 2.131987299441486812e+02
6.118008916381201743e+03 2.121754486221960292e+02
6.118799254698780715e+03 2.109265763661784661e+02
6.119589593016360595e+03 2.095026282915914067e+02
6.120379931333940476e+03 2.079832380632091997e+02
6.121170269651519448e+03 2.064787736546118140e+02
6.121960607969099328e+03 2.051214133435996132e+02
6.122750946286678300e+03 2.040381279169624804e+02
6.123541284604258180e+03 2.033083329474799541e+02
6.124331622921837152e+03 2.029328139607669641e+02
6.125121961239417033e+03 2.028361404256586979e+02
6.125912299556996004e+03 2.028971969790213166e+02
6.126702637874575885e+03 2.029957992035541565e+02
6.127492976192154856e+03 2.030598890806174381e+02
6.128283314509734737e+03 2.030859950551201223e+02
6.129073652827313708e+03 2.031226264438846556e+02
6.129863991144893589e+03 2.032283614136283632e+02
6.130654329462472560e+03 2.034227594549913078e+02
6.131444667780052441e+03 2.036546470253333609e+02
6.132235006097631413e+03 2.038029082231610403e+02
6.133025344415211293e+03 2.037074574126565949e+02
6.133815682732790265e+03 2.032274008282744830e+02
6.134606021050370146e+03 2.023057138132152772e+02
6.135396359367949117e+03 2.010056261452132276e+02
6.136186697685528998e+03 1.995103797738007643e+02
6.136977036003107969e+03 1.980920638571431596e+02
6.137767374320687850e+03 1.970414534626223713e+02
6.138557712638267731e+03 1.965789967195245822e+02
6.139348050955846702e+03 1.967956968498764354e+02
6.140138389273426583e+03 1.976348652725622514e+02
6.140928727591005554e+03 1.989197271507886171e+02
6.141719065908585435e+03 2.004277194991805402e+02
6.142509404226164406e+03 2.019678532980680643e+02
6.143299742543744287e+03 2.034170457792247362e+02
6.144090080861323258e+03 2.047181934847512252e+02
6.144880419178903139e+03 2.058580575764172522e+02
6.145670757496482111e+03 2.068386286046489317e+02
6.146461095814061991e+03 2.076586971191777593e+02
6.147251434131640963e+03 2.083140067154296560e+02
6.148041772449220844e+03 2.088004084459729768e+02
6.148832110766799815e+03 2.091140296902592013e+02
6.149622449084379696e+03 2.092563470149421505e+02
6.150412787401958667e+03 2.092353977932274347e+02
6.151203125719538548e+03 2.090628074432678716e+02
6.151993464037117519e+03 2.087475001690187923e+02
6.152783802354697400e+03 2.082868306183270306e+02
6.153574140672276371e+03 2.076624057227654134e+02
6.154364478989856252e+03 2.068477126611039125e+02
6.155154817307435223e+03 2.058226861081818129e+02
6.155945155625015104e+03 2.045822736244377893e+02
6.156735493942594985e+03 2.031359289491025208e+02
6.157525832260173956e+03 2.015042971139615133e+02
6.158316170577753837e+03 1.997140344457434367e+02
6.159106508895332809e+03 1.977950844608106991e+02
6.159896847212912689e+03 1.957880089626591484e+02
6.160687185530491661e+03 1.937632526858267852e+02
6.161477523848071542e+03 1.918370049970593527e+02
6.162267862165650513e+03 1.901615263104620226e+02
6.163058200483230394e+03 1.888991438176096835e+02
6.163848538800809365e+03 1.881824558913265548e+02
6.164638877118389246e+03 1.880622412722116792e+02
6.165429215435968217e+03 1.884825570955622709e+02
6.166219553753548098e+03 1.893031934090001585e+02
6.167009892071127069e+03 1.903457088060415572e+02
6.167800230388706950e+03 1.914413740975636813e+02
6.168590568706285922e+03 1.924736319971007674e+02
6.169380907023865802e+03 1.934052747345642729e+02
6.170171245341444774e+03 1.942749150178691764e+02
6.170961583659024654e+03 1.951650161861227275e+02
6.171751921976603626e+03 1.961551377777092284e+02
6.172542260294183507e+03 1.972821778192835325e+02
6.173332598611763387e+03 1.985289618610926539e+02
6.174122936929342359e+03 1.998406671200935421e+02
6.174913275246922240e+03 2.011524765235121492e+02
6.175703613564501211e+03 2.024164889978747510e+02
6.176493951882081092e+03 2.036120184148060446e+02
6.177284290199660063e+03 2.047356657203932571e+02
6.178074628517239944e+03 2.057888605315040422e+02
6.178864966834818915e+03 2.067713604427916607e+02
6.179655305152398796e+03 2.076763294998073945e+02
6.180445643469977767e+03 2.084887393625386380e+02
6.181235981787557648e+03 2.091876606894155657e+02
6.182026320105136620e+03 2.097476953349882933e+02
6.182816658422716500e+03 2.101389077651759862e+02
6.183606996740295472e+03 2.103240557457538955e+02
6.184397335057875353e+03 2.102593868323043580e+02
6.185187673375454324e+03 2.099076152296740361e+02
6.185978011693034205e+03 2.092526172176858950e+02
6.186768350010613176e+03 2.083047955424163717e+02
6.187558688328193057e+03 2.071029056862592768e+02
6.188349026645772028e+03 2.057150352204351407e+02
6.189139364963351909e+03 2.042340499297142742e+02
6.189929703280930880e+03 2.027707682515442968e+02
6.190720041598510761e+03 2.014488442838908782e+02
6.191510379916090642e+03 2.003974971524372108e+02
6.192300718233669613e+03 1.997344342859503001e+02
6.193091056551249494e+03 1.995386508491087056e+02
6.193881394868828465e+03 1.998279099253202276e+02
6.194671733186408346e+03 2.005444463149334808e+02
6.195462071503987318e+03 2.015580228028469492e+02
6.196252409821567198e+03 2.026992213558469587e+02
6.197042748139146170e+03 2.038054015912119610e+02
6.197833086456726051e+03 2.047584950572131106e+02
6.198623424774305022e+03 2.055102696680708618e+02
6.199413763091884903e+03 2.060859585285001003e+02
6.200204101409463874e+03 2.065640248837305535e+02
6.200994439727043755e+03 2.070416905816635733e+02
6.201784778044622726e+03 2.075967659649982693e+02
6.202575116362202607e+03 2.082548180039844965e+02
6.203365454679781578e+03 2.089807153133151587e+02
6.204155792997361459e+03 2.096962636452875017e+02
6.204946131314940430e+03 2.103063147268997000e+02
6.205736469632520311e+03 2.107273744597191012e+02
6.206526807950099283e+03 2.109059501376873698e+02
6.207317146267679163e+03 2.108155536314699248e+02
6.208107484585259044e+03 2.104469337275632768e+02
6.208897822902838016e+03 2.098016577628303594e+02
6.209688161220417896e+03 2.088847686847471437e+02
6.210478499537996868e+03 2.076993243857774871e+02
6.211268837855576749e+03 2.062511604619917875e+02
6.212059176173155720e+03 2.045615644941495930e+02
6.212849514490735601e+03 2.026820965573114677e+02
6.213639852808314572e+03 2.007053423506416152e+02
6.214430191125894453e+03 1.987633322680604238e+02
6.215220529443473424e+03 1.970070396775128927e+02
6.216010867761053305e+03 1.955668899878894536e+02
6.216801206078632276e+03 1.945168697617864382e+02
6.217591544396212157e+03 1.938588922265424515e+02
6.218381882713791128e+03 1.935280416000764490e+02
6.219172221031371009e+03 1.934236922294391832e+02
6.219962559348949981e+03 1.934570243165936461e+02
6.220752897666529861e+03 1.935817656082213603e+02
6.221543235984108833e+03 1.937933791670410812e+02
6.222333574301688714e+03 1.941061347059233526e+02
6.223123912619267685e+03 1.945257265876934127e+02
6.223914250936847566e+03 1.950344973059825975e+02
6.224704589254426537e+03 1.955937041016912303e+02
6.225494927572006418e+03 1.961505290003642585e+02
6.226285265889586299e+03 1.966351724786121054e+02
6.227075604207165270e+03 1.969619864130721112e+02
6.227865942524745151e+03 1.970517118170561162e+02
6.228656280842324122e+03 1.968578140019232592e+02
6.229446619159904003e+03 1.963889627772731501e+02
6.230236957477482974e+03 1.957251273114399055e+02
6.231027295795062855e+03 1.950136127839375035e+02
6.231817634112641827e+03 1.944373162912078783e+02
6.232607972430221707e+03 1.941597977728254421e+02
6.233398310747800679e+03 1.942729283392780530e+02
6.234188649065380559e+03 1.947686408421614601e+02
6.234978987382959531e+03 1.955381258138812655e+02
6.235769325700539412e+03 1.964037217808363494e+02
6.236559664018118383e+03 1.971745169726214328e+02
6.237350002335698264e+03 1.976958896392908400e+02
6.238140340653277235e+03 1.978806694543082472e+02
6.238930678970857116e+03 1.977211955169304076e+02
6.239721017288436087e+03 1.972733170257595816e+02
6.240511355606015968e+03 1.966245625232064640e+02
6.241301693923594939e+03 1.958683792277873295e+02
6.242092032241174820e+03 1.950894410901041738e+02
6.242882370558753792e+03 1.943581112583352137e+02
6.243672708876333672e+03 1.937339098317438868e+02
6.244463047193913553e+03 1.932717438680367366e+02
6.245253385511492525e+03 1.930171956497394490e+02
6.246043723829072405e+03 1.929940664805483266e+02
6.246834062146651377e+03 1.931928101551580994e+02
6.247624400464231258e+03 1.935597724922490954e+02
6.248414738781810229e+03 1.939926907938399836e+02
6.249205077099390110e+03 1.943553013236841309e+02
6.249995415416969081e+03 1.945058107561656016e+02
6.250785753734548962e+03 1.943294688006499200e+02
6.251576092052127933e+03 1.937755532291647285e+02
6.252366430369707814e+03 1.928804930230105583e+02
6.253156768687286785e+03 1.917551445219285142e+02
6.253947107004866666e+03 1.905477593848217737e+02
6.254737445322445637e+03 1.894039901302284932e+02
6.255527783640025518e+03 1.884298020444904580e+02
6.256318121957604490e+03 1.876842673558318779e+02
6.257108460275184370e+03 1.871999327966790929e+02
6.257898798592763342e+03 1.870003247925780840e+02
6.258689136910343223e+03 1.871126316279662660e+02
6.259479475227922194e+03 1.875670082797125247e+02
6.260269813545502075e+03 1.883749391726997828e+02
6.261060151863081956e+03 1.895005543787711986e+02
6.261850490180660927e+03 1.908497685346837329e+02
6.262640828498240808e+03 1.922890381514843057e+02
6.263431166815819779e+03 1.936798410801465025e+02
6.264221505133399660e+03 1.949136994129059417e+02
6.265011843450978631e+03 1.959396293399789215e+02
6.265802181768558512e+03 1.967690009812924075e+02
6.266592520086137483e+03 1.974551222452800232e+02
6.267382858403717364e+03 1.980648815665664415e+02
6.268173196721296335e+03 1.986549133686870903e+02
6.268963535038876216e+03 1.992569188275503507e+02
6.269753873356455188e+03 1.998792637339419969e+02
6.270544211674035068e+03 2.005171338164664689e+02
6.271334549991614040e+03 2.011590059081540858e+02
6.272124888309193921e+03 2.017879020218035748e+02
6.272915226626772892e+03 2.023820235962451761e+02
6.273705564944352773e+03 2.029188015006392618e+02
6.274495903261931744e+03 2.033811431420817541e+02
6.275286241579511625e+03 2.037631695722571408e+02
6.276076579897090596e+03 2.040691527295755350e+02
6.276866918214670477e+03 2.043067529432303786e+02
6.277657256532249448e+03 2.044827660347932863e+02
6.278447594849829329e+03 2.046049184814955879e+02
6.279237933167409210e+03 2.046894597754416054e+02
6.280028271484988181e+03 2.047712553439263843e+02
6.280818609802568062e+03 2.049064810732650983e+02
6.281608948120147033e+03 2.051601676201586031e+02
6.282399286437726914e+03 2.055839798018698446e+02
6.283189624755305886e+03 2.061956964238655132e+02
6.283979963072885766e+03 2.069681538773658644e+02
6.284770301390464738e+03 2.078357023469131377e+02
6.285560639708044619e+03 2.087160937719840490e+02
6.286350978025623590e+03 2.095287441454912027e+02
6.287141316343203471e+03 2.102047979357171243e+02
6.287931654660782442e+03 2.106922559164143820e+02
6.288721992978362323e+03 2.109504895178538391e+02
6.289512331295941294e+03 2.109464049729189981e+02
6.290302669613521175e+03 2.106663226024479059e+02
6.291093007931100146e+03 2.101275742923023699e+02
6.291883346248680027e+03 2.093758051632232764e+02
6.292673684566258999e+03 2.084743789585623972e+02
6.293464022883838879e+03 2.074919096837953418e+02
6.294254361201417851e+03 2.064876018024534687e+02
6.295044699518997732e+03 2.055033789112383147e+02
6.295835037836577612e+03 2.045696661807530177e+02
6.296625376154156584e+03 2.037151058260963623e+02
6.297415714471736464e+03 2.029689659108632327e+02
6.298206052789315436e+03 2.023538383849581805e+02
6.298996391106895317e+03 2.018675404238632041e+02
6.299786729424474288e+03 2.014675383697855864e+02
6.300577067742054169e+03 2.010895112819101200e+02
6.301367406059633140e+03 2.007130908586735245e+02
6.302157744377213021e+03 2.004017226419180702e+02
6.302948082694791992e+03 2.002373799467519007e+02
6.303738421012371873e+03 2.002537239154490294e+02
6.304528759329950844e+03 2.004800159726174229e+02
6.305319097647530725e+03 2.009724934045843270e+02
6.306109435965109697e+03 2.017582036583397667e+02
6.306899774282689577e+03 2.027848260168896672e+02
6.307690112600268549e+03 2.039289623466369790e+02
6.308480450917848430e+03 2.050311403202295537e+02
6.309270789235427401e+03 2.059320203868765589e+02
6.310061127553007282e+03 2.065072615738582158e+02
6.310851465870586253e+03 2.066882486136052819e+02
6.311641804188166134e+03 2.064620759835217427e+02
6.312432142505745105e+03 2.058645080938032379e+02
6.313222480823324986e+03 2.049693015948953985e+02
6.314012819140904867e+03 2.038701606881673456e+02
6.314803157458483838e+03 2.026685391931611093e+02
6.315593495776063719e+03 2.014728590141149880e+02
6.316383834093642690e+03 2.003928283024875157e+02
6.317174172411222571e+03 1.995294331808172785e+02
6.317964510728801542e+03 1.989687855867863959e+02
6.318754849046381423e+03 1.987723631464047571e+02
6.319545187363960395e+03 1.989645659782577241e+02
6.320335525681540275e+03 1.995314027304029878e+02
6.321125863999119247e+03 2.004264195768661807e+02
6.321916202316699128e+03 2.015756296551188598e+02
6.322706540634278099e+03 2.028868002149475842e+02
6.323496878951857980e+03 2.042661415180955373e+02
6.324287217269436951e+03 2.056320721475138100e+02
6.325077555587016832e+03 2.069184195735981007e+02
6.325867893904595803e+03 2.080739939841755302e+02
6.326658232222175684e+03 2.090616561768936492e+02
6.327448570539754655e+03 2.098548577287108685e+02
6.328238908857334536e+03 2.104402250321600718e+02
6.329029247174913507e+03 2.108213426745803929e+02
6.329819585492493388e+03 2.110138637510064541e+02
6.330609923810072360e+03 2.110371335581575636e+02
6.331400262127652240e+03 2.109094003958841199e+02
6.332190600445232121e+03 2.106453264123615554e+02
6.332980938762811093e+03 2.102537226218103115e+02
6.333771277080390973e+03 2.097414472382865256e+02
6.334561615397969945e+03 2.091280697153766255e+02
6.335351953715549826e+03 2.084618670858146174e+02
6.336142292033128797e+03 2.078240740617434312e+02
6.336932630350708678e+03 2.073174223371905782e+02
6.337722968668287649e+03 2.070391280756015249e+02
6.338513306985867530e+03 2.070450928518308160e+02
6.339303645303446501e+03 2.073301830396145533e+02
6.340093983621026382e+03 2.078314433295300319e+02
6.340884321938605353e+03 2.084446639399207868e+02
6.341674660256185234e+03 2.090546362413413135e+02
6.342464998573764206e+03 2.095711271072924262e+02
6.343255336891344086e+03 2.099516943650315852e+02
6.344045675208923058e+03 2.102081429462210167e+02
6.344836013526502938e+03 2.103943785548625556e+02
6.345626351844081910e+03 2.105758407767686435e+02
6.346416690161661791e+03 2.107983272020615857e+02
6.347207028479240762e+03 2.110700977897157600e+02
6.347997366796820643e+03 2.113602026079934717e+02
6.348787705114400524e+03 2.116120381702967848e+02
6.349578043431979495e+03 2.117615560383482034e+02
6.350368381749559376e+03 2.117525910639617450e+02
6.351158720067138347e+03 2.115490981707527567e+02
6.351949058384718228e+03 2.111393578933892741e+02
6.352739396702297199e+03 2.105362349778873181e+02
6.353529735019877080e+03 2.097787719941580917e+02
6.354320073337456051e+03 2.089271777162600756e+02
6.355110411655035932e+03 2.080483267521490802e+02
6.355900749972614904e+03 2.071969706556122333e+02
6.356691088290194784e+03 2.064010807336575226e+02
6.357481426607773756e+03 2.056597115881570232e+02
6.358271764925353636e+03 2.049537945536685584e+02
6.359062103242932608e+03 2.042661561271460755e+02
6.359852441560512489e+03 2.036007039032714374e+02
6.360642779878091460e+03 2.029856375914367277e+02
6.361433118195671341e+03 2.024631679498108383e+02
6.362223456513250312e+03 2.020753953467316251e+02
6.363013794830830193e+03 2.018497520246168619e+02
6.363804133148409164e+03 2.017937103841413204e+02
6.364594471465989045e+03 2.019099201642216030e+02
6.365384809783568016e+03 2.022089058116570186e+02
6.366175148101147897e+03 2.026878075041583998e+02
6.366965486418727778e+03 2.033078130931708074e+02
6.367755824736306749e+03 2.040099649304123659e+02
6.368546163053886630e+03 2.047415703321057663e+02
6.369336501371465602e+03 2.054668074026337763e+02
6.370126839689045482e+03 2.061674462868323303e+02
6.370917178006624454e+03 2.068453502618681910e+02
6.371707516324204335e+03 2.075214358377319854e+02
6.372497854641783306e+03 2.082241539121878873e+02
6.373288192959363187e+03 2.089717404973789314e+02
6.374078531276942158e+03 2.097581300809353593e+02
6.374868869594522039e+03 2.105488454681341750e+02
6.375659207912101010e+03 2.112880281211733973e+02
6.376449546229680891e+03 2.119114605304932013e+02
6.377239884547259862e+03 2.123221836597359697e+02
6.378030222864839743e+03 2.119932495182699199e+02
6.378820561182418714e+03 2.077101679763609070e+02
6.379610899499998595e+03 1.892900613949445301e+02
6.380401237817577567e+03 1.472156032249850171e+02
6.381191576135157447e+03 1.028310794759836426e+02
6.381981914452736419e+03 1.014849198374949850e+02
6.382772252770316300e+03 1.445584630246816005e+02
6.383562591087895271e+03 1.875848184215255685e+02
6.384352929405475152e+03 2.069285311265747396e+02
6.385143267723055033e+03 2.114995371249685263e+02
6.385933606040634004e+03 2.121990754468862974e+02
6.386723944358213885e+03 2.124003813480076985e+02
6.387514282675792856e+03 2.125903867674973640e+02
6.388304620993372737e+03 2.127781248510850105e+02
6.389094959310951708e+03 2.129091581410053777e+02
6.389885297628531589e+03 2.129150881669366129e+02
6.390675635946110560e+03 2.127361077407334164e+02
6.391465974263690441e+03 2.123436367862119312e+02
6.392256312581269412e+03 2.117520772013695307e+02
6.393046650898849293e+03 2.110199579471432685e+02
6.393836989216428265e+03 2.102405618884959040e+02
6.394627327534008145e+03 2.095140918061906063e+02
6.395417665851587117e+03 2.089139279166866459e+02
6.396208004169166998e+03 2.084618981145508201e+02
6.396998342486745969e+03 2.081228656706895208e+02
6.397788680804325850e+03 2.078301718877665962e+02
6.398579019121904821e+03 2.075277840684749435e+02
6.399369357439484702e+03 2.072074766718253045e+02
6.400159695757063673e+03 2.069237556384165941e+02
6.400950034074643554e+03 2.067755126920058046e+02
6.401740372392223435e+03 2.068616587345813969e+02
6.402530710709802406e+03 2.072287920893163005e+02
6.403321049027382287e+03 2.078365587805308792e+02
6.404111387344961258e+03 2.085650630268260670e+02
6.404901725662541139e+03 2.092547051555407052e+02
6.405692063980120111e+03 2.097561548385228605e+02
6.406482402297699991e+03 2.099739508453837402e+02
6.407272740615278963e+03 2.098841565118252106e+02
6.408063078932858843e+03 2.095244755129672285e+02
6.408853417250437815e+03 2.089734426725007097e+02
6.409643755568017696e+03 2.083220845163296815e+02
6.410434093885596667e+03 2.076502104637733055e+02
6.411224432203176548e+03 2.070204975958882301e+02
6.412014770520755519e+03 2.064807072194245734e+02
6.412805108838335400e+03 2.060671915775928937e+02
6.413595447155914371e+03 2.058060697088338600e+02
6.414385785473494252e+03 2.057051945062900131e+02
6.415176123791073223e+03 2.057427646107765895e+02
6.415966462108653104e+03 2.058686363602328413e+02
6.416756800426232076e+03 2.060177878768186019e+02
6.417547138743811956e+03 2.061289107529763669e+02
6.418337477061390928e+03 2.061647264990025405e+02
6.419127815378970809e+03 2.061268401987967422e+02
6.419918153696550689e+03 2.060590705769221813e+02
6.420708492014129661e+03 2.060389105373538996e+02
6.421498830331709541e+03 2.061550521054467993e+02
6.422289168649288513e+03 2.064775692839415626e+02
6.423079506966868394e+03 2.070335394655660082e+02
6.423869845284447365e+03 2.077939021566423321e+02
6.424660183602027246e+03 2.086789121753221821e+02
6.425450521919606217e+03 2.095793834672869309e+02
6.426240860237186098e+03 2.103788887936288177e+02
6.427031198554765069e+03 2.109753882518178330e+02
6.427821536872344950e+03 2.112974206711046463e+02
6.428611875189923921e+03 2.113093527336735917e+02
6.429402213507503802e+03 2.110197653795908650e+02
6.430192551825082774e+03 2.104927536469125187e+02
6.430982890142662654e+03 2.098423348364077015e+02
6.431773228460241626e+03 2.092065708568496518e+02
6.432563566777821507e+03 2.087108611528867641e+02
6.433353905095400478e+03 2.084298076319300321e+02
6.434144243412980359e+03 2.083668127537656005e+02
6.434934581730559330e+03 2.084638859180257384e+02
6.435724920048139211e+03 2.086295490836481292e+02
6.436515258365719092e+03 2.087751956256869903e+02
6.437305596683298063e+03 2.088492964508029672e+02
6.438095935000877944e+03 2.088563191982459841e+02
6.438886273318456915e+03 2.088568607801972234e+02
6.439676611636036796e+03 2.089463554956921030e+02
6.440466949953615767e+03 2.092185652945513539e+02
6.441257288271195648e+03 2.097293040699985909e+02
6.442047626588774619e+03 2.104687249590571128e+02
6.442837964906354500e+03 2.113585918819011340e+02
6.443628303223933472e+03 2.122773788540031319e+02
6.444418641541513352e+03 2.130933902673233433e+02
6.445208979859092324e+03 2.136937002884232015e+02
6.445999318176672205e+03 2.139995993717093938e+02
6.446789656494251176e+03 2.139653536816322799e+02
6.447579994811831057e+03 2.135773413931091227e+02
6.448370333129410028e+03 2.128631971590573926e+02
6.449160671446989909e+03 2.118973491336729751e+02
6.449951009764568880e+03 2.107973260712147123e+02
6.450741348082148761e+03 2.097087824183418547e+02
6.451531686399727732e+03 2.087739478148256183e+02
6.452322024717307613e+03 2.080953516061109951e+02
6.453112363034886585e+03 2.077117966175355832e+02
6.453902701352466465e+03 2.075927949566428765e+02
6.454693039670046346e+03 2.076611278269570562e+02
6.455483377987625317e+03 2.078332528115872719e+02
6.456273716305205198e+03 2.080485971878802616e+02
6.457064054622784170e+03 2.082756686379518385e+02
6.457854392940364050e+03 2.084997795681110802e+02
6.458644731257943022e+03 2.087040192290744471e+02
6.459435069575522903e+03 2.088597247181054115e+02
6.460225407893101874e+03 2.089352907476098267e+02
6.461015746210681755e+03 2.089166967155297243e+02
6.461806084528260726e+03 2.088269621058572909e+02
6.462596422845840607e+03 2.087329538528048829e+02
6.463386761163419578e+03 2.087290577612937170e+02
6.464177099480999459e+03 2.089034991117425193e+02
6.464967437798578430e+03 2.093044429094294401e+02
6.465757776116158311e+03 2.099167661864623824e+02
6.466548114433737283e+03 2.106642405309390824e+02
6.467338452751317163e+03 2.114385612004692803e+02
6.468128791068896135e+03 2.121368045501401980e+02
6.468919129386476015e+03 2.126908493394807351e+02
6.469709467704054987e+03 2.130816680907919931e+02
6.470499806021634868e+03 2.133351039488520655e+02
6.471290144339213839e+03 2.135061506063138381e+02
6.472080482656793720e+03 2.136590420567480635e+02
6.472870820974373601e+03 2.138462494450240001e+02
6.473661159291952572e+03 2.140942768818911759e+02
6.474451497609532453e+03 2.144002284552029209e+02
6.475241835927111424e+03 2.147391535438481753e+02
6.476032174244691305e+03 2.150772182216766453e+02
6.476822512562270276e+03 2.153811486555390786e+02
6.477612850879850157e+03 2.156215918189971603e+02
6.478403189197429128e+03 2.157730334851287921e+02
6.479193527515009009e+03 2.158111111795362262e+02
6.479983865832587981e+03 2.157144991743774369e+02
6.480774204150167861e+03 2.154756275575437030e+02
6.481564542467746833e+03 2.151113642541754984e+02
6.482354880785326714e+03 2.146658022185488903e+02
6.483145219102905685e+03 2.142048276424995947e+02
6.483935557420485566e+03 2.137988149772305349e+02
6.484725895738064537e+03 2.134976721882007951e+02
6.485516234055644418e+03 2.133101378866780919e+02
6.486306572373223389e+03 2.131936171719517574e+02
6.487096910690803270e+03 2.130602510906351199e+02
6.487887249008382241e+03 2.127955073456970752e+02
6.488677587325962122e+03 2.122796208726822442e+02
6.489467925643542003e+03 2.114110475150462207e+02
6.490258263961120974e+03 2.101248664786435256e+02
6.491048602278700855e+03 2.083955054808003524e+02
6.491838940596279826e+03 2.062403273838714313e+02
6.492629278913859707e+03 2.037317643578715831e+02
6.493419617231438679e+03 2.010005051567081580e+02
6.494209955549018559e+03 1.982301358829370486e+02
6.495000293866597531e+03 1.956414556957703326e+02
6.495790632184177412e+03 1.934585814997709008e+02
6.496580970501756383e+03 1.918809257029573700e+02
6.497371308819336264e+03 1.910488882003486140e+02
6.498161647136915235e+03 1.910037161718309164e+02
6.498951985454495116e+03 1.916915358852677969e+02
6.499742323772074087e+03 1.929993363045359729e+02
6.500532662089653968e+03 1.947791259668244948e+02
6.501323000407232939e+03 1.968666973169929975e+02
6.502113338724812820e+03 1.991051628388801475e+02
6.502903677042391791e+03 2.013582521713320830e+02
6.503694015359971672e+03 2.035167522665126114e+02
6.504484353677550644e+03 2.055030146446846686e+02
6.505274691995130524e+03 2.072719065620328820e+02
6.506065030312709496e+03 2.088034386825277977e+02
6.506855368630289377e+03 2.100953968033136618e+02
6.507645706947869257e+03 2.111621219527895050e+02
6.508436045265448229e+03 2.120306611399422252e+02
6.509226383583028110e+03 2.127381232270845999e+02
6.510016721900607081e+03 2.133303394164068720e+02
6.510807060218186962e+03 2.138492475394750443e+02
6.511597398535765933e+03 2.143170391554324965e+02
6.512387736853345814e+03 2.147303089803880880e+02
6.513178075170924785e+03 2.150643930100110026e+02
6.513968413488504666e+03 2.152852841403336015e+02
6.514758751806083637e+03 2.153649928355858947e+02
6.515549090123663518e+03 2.152961141202553677e+02
6.516339428441242489e+03 2.150997967354726370e+02
6.517129766758822370e+03 2.148223972854027863e+02
6.517920105076401342e+03 2.145256433429082676e+02
6.518710443393981222e+03 2.142751956815071139e+02
6.519500781711560194e+03 2.141268265696074877e+02
6.520291120029140075e+03 2.141145581787272363e+02
6.521081458346719046e+03 2.142428390548758443e+02
6.521871796664298927e+03 2.144845206500119161e+02
6.522662134981877898e+03 2.147896856133122299e+02
6.523452473299457779e+03 2.151016457258823493e+02
6.524242811617036750e+03 2.153716364324994288e+02
6.525033149934616631e+03 2.155681174736347998e+02
6.525823488252196512e+03 2.156765615458361083e+02
6.526613826569775483e+03 2.156973099518872061e+02
6.527404164887355364e+03 2.156445139144260281e+02
6.528194503204934335e+03 2.155380342483140907e+02
6.528984841522514216e+03 2.153926514952935918e+02
6.529775179840093188e+03 2.152141545764009152e+02
6.530565518157673068e+03 2.150027196466337500e+02
6.531355856475252040e+03 2.147606837559098949e+02
6.532146194792831920e+03 2.145011500030195748e+02
6.532936533110410892e+03 2.142509946672896035e+02
6.533726871427990773e+03 2.140456786401968543e+02
6.534517209745569744e+03 2.139163305071611205e+02
6.535307548063149625e+03 2.138748909219104917e+02
6.536097886380728596e+03 2.139068473787738469e+02
6.536888224698308477e+03 2.139763066887845469e+02
6.537678563015887448e+03 2.140405158662181577e+02
6.538468901333467329e+03 2.140658779684909234e+02
6.539259239651046300e+03 2.140343563592054466e+02
6.540049577968626181e+03 2.139373676769768906e+02
6.540839916286205153e+03 2.137623906204556476e+02
6.541630254603785033e+03 2.134830206868994651e+02
6.542420592921364914e+03 2.130599727395608625e+02
6.543210931238943886e+03 2.124504916508748806e+02
6.544001269556523766e+03 2.116183243216433425e+02
6.544791607874102738e+03 2.105377913558090768e+02
6.545581946191682619e+03 2.091899492552906281e+02
6.546372284509261590e+03 2.075369932931333778e+02
6.547162622826841471e+03 2.054898637785005633e+02
6.547952961144420442e+03 2.029952911702575591e+02
6.548743299462000323e+03 2.003643687637127755e+02
6.549533637779579294e+03 1.984829761804666077e+02
6.550323976097159175e+03 1.981789946265915603e+02
6.551114314414738146e+03 1.992346629888899088e+02
6.551904652732318027e+03 2.005571305472730046e+02
6.552694991049896998e+03 2.012583664082326891e+02
6.553485329367476879e+03 2.011210456933755779e+02
6.554275667685055851e+03 2.002955516323340817e+02
6.555066006002635731e+03 1.989841562544539215e+02
6.555856344320214703e+03 1.973553014599397102e+02
6.556646682637794584e+03 1.955658318159003386e+02
6.557437020955373555e+03 1.937982228002352656e+02
6.558227359272953436e+03 1.922857822682761366e+02
6.559017697590532407e+03 1.913164376651331509e+02
6.559808035908112288e+03 1.912085015266238202e+02
6.560598374225692169e+03 1.922141893780560622e+02
6.561388712543271140e+03 1.942568208019068834e+02
6.562179050860851021e+03 1.965821314911628974e+02
6.562969389178429992e+03 1.979061784376176547e+02
6.563759727496009873e+03 1.977453962475086655e+02
6.564550065813588844e+03 1.975042394384365707e+02
6.565340404131168725e+03 1.985287831253141633e+02
6.566130742448747696e+03 1.997990759638548752e+02
6.566921080766327577e+03 1.996929394311725332e+02
6.567711419083906549e+03 1.983533328662649069e+02
6.568501757401486429e+03 1.969773559569483723e+02
6.569292095719065401e+03 1.963411345035860336e+02
6.570082434036645282e+03 1.965140841961902538e+02
6.570872772354224253e+03 1.972143572114987364e+02
6.571663110671804134e+03 1.981150832902961270e+02
6.572453448989383105e+03 1.989764442538513549e+02
6.573243787306962986e+03 1.996823754903847430e+02
6.574034125624541957e+03 2.002287337126636260e+02
6.574824463942121838e+03 2.006786875393266314e+02
6.575614802259700809e+03 2.011084601772857923e+02
6.576405140577280690e+03 2.015618862463590233e+02
6.577195478894860571e+03 2.020235698075341588e+02
6.577985817212439542e+03 2.024183400730101994e+02
6.578776155530019423e+03 2.026311875722982450e+02
6.579566493847598394e+03 2.025338099571137604e+02
6.580356832165178275e+03 2.019939369952020627e+02
6.581147170482757247e+03 2.008402901126314646e+02
6.581937508800337127e+03 1.987790063775545946e+02
6.582727847117916099e+03 1.953685661300578715e+02
6.583518185435495980e+03 1.904449221497265512e+02
6.584308523753074951e+03 1.852003328383952976e+02
6.585098862070654832e+03 1.824833185686390493e+02
6.585889200388233803e+03 1.844873632724260801e+02
6.586679538705813684e+03 1.901785080212973185e+02
6.587469877023392655e+03 1.964752437129207010e+02
6.588260215340972536e+03 2.012929736697337262e+02
6.589050553658551507e+03 2.043396293748381254e+02
6.589840891976131388e+03 2.060675654356346627e+02
6.590631230293710360e+03 2.069018130230362829e+02
6.591421568611290240e+03 2.071133293526183650e+02
6.592211906928869212e+03 2.068992003037118366e+02
6.593002245246449093e+03 2.064501736996504633e+02
6.593792583564028064e+03 2.059688662847353271e+02
6.594582921881607945e+03 2.056470323117186183e+02
6.595373260199187825e+03 2.056239600446048428e+02
6.596163598516766797e+03 2.059569795359873581e+02
6.596953936834346678e+03 2.066202526057646196e+02
6.597744275151925649e+03 2.075291454881935351e+02
6.598534613469505530e+03 2.085750991379515540e+02
6.599324951787084501e+03 2.096567269599842405e+02
6.600115290104664382e+03 2.106950271837575315e+02
6.600905628422243353e+03 2.116330671536848058e+02
6.601695966739823234e+03 2.124252307236862976e+02
6.602486305057402205e+03 2.130275287421623034e+02
6.603276643374982086e+03 2.133999898440511629e+02
6.604066981692561058e+03 2.135182601222470566e+02
6.604857320010140938e+03 2.133841631083403740e+02
6.605647658327719910e+03 2.130306658769141848e+02
6.606437996645299791e+03 2.125197803324467998e+02
6.607228334962878762e+03 2.119361839740302287e+02
6.608018673280458643e+03 2.113786546164054130e+02
6.608809011598037614e+03 2.109473198984677538e+02
6.609599349915617495e+03 2.107242525963658295e+02
6.610389688233196466e+03 2.107509988850512173e+02
6.611180026550776347e+03 2.110229543457861610e+02
6.611970364868355318e+03 2.115025850528712112e+02
6.612760703185935199e+03 2.121310985815661070e+02
6.613551041503515080e+03 2.128399840671199001e+02
6.614341379821094051e+03 2.135651368686068849e+02
6.615131718138673932e+03 2.142554635468097786e+02
6.615922056456252903e+03 2.148762637012659127e+02
6.616712394773832784e+03 2.154052157438812003e+02
6.617502733091411756e+03 2.158280151905023843e+02
6.618293071408991636e+03 2.161397619207857588e+02
6.619083409726570608e+03 2.163419430162668107e+02
6.619873748044150489e+03 2.164358985562548980e+02
6.620664086361729460e+03 2.164218032967825422e+02
6.621454424679309341e+03 2.162986035866816792e+02
6.622244762996888312e+03 2.160627230671057362e+02
6.623035101314468193e+03 2.157143480084735074e+02
6.623825439632047164e+03 2.152660735561196930e+02
6.624615777949627045e+03 2.147441085742960922e+02
6.625406116267206016e+03 2.141843835116129355e+02
6.626196454584785897e+03 2.136228347509216121e+02
6.626986792902364868e+03 2.130806381521555579e+02
6.627777131219944749e+03 2.125549270840820384e+02
6.628567469537523721e+03 2.120219053743981590e+02
6.629357807855103601e+03 2.114496584006504065e+02
6.630148146172683482e+03 2.108139742853288965e+02
6.630938484490262454e+03 2.101118276351257350e+02
6.631728822807842334e+03 2.093701106450267559e+02
6.632519161125421306e+03 2.086454990645325438e+02
6.633309499443001187e+03 2.080155312403128960e+02
6.634099837760580158e+03 2.075638783208952987e+02
6.634890176078160039e+03 2.073569871486611760e+02
6.635680514395739010e+03 2.074244462395293453e+02
6.636470852713318891e+03 2.077504182298700641e+02
6.637261191030897862e+03 2.082718302725502610e+02
6.638051529348477743e+03 2.088913710614725119e+02
6.638841867666056714e+03 2.095052628275842039e+02
6.639632205983636595e+03 2.100290080267101871e+02
6.640422544301215567e+03 2.104125260044143033e+02
6.641212882618795447e+03 2.106412306194290522e+02
6.642003220936374419e+03 2.107272565402738564e+02
6.642793559253954299e+03 2.107010864880795680e+02
6.643583897571533271e+03 2.106060842011795273e+02
6.644374235889113152e+03 2.104922845903191160e+02
6.645164574206692123e+03 2.104100052049115845e+02
6.645954912524272004e+03 2.104013861213613836e+02
6.646745250841850975e+03 2.104915209682576460e+02
6.647535589159430856e+03 2.106839518406231377e+02
6.648325927477010737e+03 2.109609004675464803e+02
6.649116265794589708e+03 2.112876588270090679e+02
6.649906604112169589e+03 2.116215342318853629e+02
6.650696942429748560e+03 2.119202611330664183e+02
6.651487280747328441e+03 2.121500461009965761e+02
6.652277619064907412e+03 2.122909219659042606e+02
6.653067957382487293e+03 2.123383097401238047e+02
6.653858295700066265e+03 2.123018419689684038e+02
6.654648634017646145e+03 2.121990289730647419e+02
6.655438972335225117e+03 2.120448491771272188e+02
6.656229310652804998e+03 2.118416966002668573e+02
6.657019648970383969e+03 2.115725077943708357e+02
6.657809987287963850e+03 2.112035768146210160e+02
6.658600325605542821e+03 2.106974710837647535e+02
6.659390663923122702e+03 2.100283554026782440e+02
6.660181002240701673e+03 2.091926025557640969e+02
6.660971340558281554e+03 2.082129243826067864e+02
6.661761678875860525e+03 2.071348385605598423e+02
6.662552017193440406e+03 2.060236351247409061e+02
6.663342355511019377e+03 2.049638882253134966e+02
6.664132693828599258e+03 2.040503512131939488e+02
6.664923032146179139e+03 2.033737344615535108e+02
6.665713370463758110e+03 2.030061345808198325e+02
6.666503708781337991e+03 2.029891983439241017e+02
6.667294047098916963e+03 2.033252111510332156e+02
6.668084385416496843e+03 2.039768539962261968e+02
6.668874723734075815e+03 2.048750368055865749e+02
6.669665062051655696e+03 2.059292798855020123e+02
6.670455400369234667e+03 2.070372403675207238e+02
6.671245738686814548e+03 2.080934073593548419e+02
6.672036077004393519e+03 2.089999037434856746e+02
6.672826415321973400e+03 2.096786398109372556e+02
6.673616753639552371e+03 2.100763484063626834e+02
6.674407091957132252e+03 2.101645357669823397e+02
6.675197430274711223e+03 2.099418308416729246e+02
6.675987768592291104e+03 2.094395344814762439e+02
6.676778106909870075e+03 2.087252495332476201e+02
6.677568445227449956e+03 2.078979602669905091e+02
6.678358783545028928e+03 2.070767401851934721e+02
6.679149121862608808e+03 2.063924866163248453e+02
6.679939460180187780e+03 2.059698012259518123e+02
6.680729798497767661e+03 2.058774286844032986e+02
6.681520136815346632e+03 2.060907942805911262e+02
6.682310475132926513e+03 2.065247792971132696e+02
6.683100813450506394e+03 2.070872574642912696e+02
6.683891151768085365e+03 2.076983280604321180e+02
6.684681490085665246e+03 2.082908607192577506e+02
6.685471828403244217e+03 2.088159995209116460e+02
6.686262166720824098e+03 2.092495248777037204e+02
6.687052505038403069e+03 2.095895062550793568e+02
6.687842843355982950e+03 2.098471098746424559e+02
6.688633181673561921e+03 2.100392259225457394e+02
6.689423519991141802e+03 2.101819942998284603e+02
6.690213858308720773e+03 2.102832191414556178e+02
6.691004196626300654e+03 2.103377205540638499e+02
6.691794534943879626e+03 2.103300393235173829e+02
6.692584873261459506e+03 2.102420946635589303e+02
6.693375211579038478e+03 2.100621710211302684e+02
6.694165549896618359e+03 2.097910325291239246e+02
6.694955888214197330e+03 2.094448949533017981e+02
6.695746226531777211e+03 2.090538364375858009e+02
6.696536564849356182e+03 2.086559166112578225e+02
6.697326903166936063e+03 2.082903814843895134e+02
6.698117241484515034e+03 2.079903320185734117e+02
6.698907579802094915e+03 2.077742797154290315e+02
6.699697918119673886e+03 2.076407274031385555e+02
6.700488256437253767e+03 2.075667297844501036e+02
6.701278594754833648e+03 2.075118070887866111e+02
6.702068933072412619e+03 2.074276406613992094e+02
6.702859271389992500e+03 2.072712491563871424e+02
6.703649609707571472e+03 2.070159643205584530e+02
6.704439948025151352e+03 2.066555261232054477e+02
6.705230286342730324e+03 2.061998357868075971e+02
6.706020624660310204e+03 2.056657623068998646e+02
6.706810962977889176e+03 2.050654877784302812e+02
6.707601301295469057e+03 2.043970425188558124e+02
6.708391639613048028e+03 2.036447179887984475e+02
6.709181977930627909e+03 2.027876568294246624e+02
6.709972316248206880e+03 2.018068276145056075e+02
6.710762654565786761e+03 2.006874046703276804e+02
6.711552992883365732e+03 1.994180977626130016e+02
6.712343331200945613e+03 1.979724070405029579e+02
6.713133669518524584e+03 1.962618885901984243e+02
6.713924007836104465e+03 1.940621871641334906e+02
6.714714346153683437e+03 1.909190127248207318e+02
6.715504684471263317e+03 1.861472367458837880e+02
6.716295022788842289e+03 1.793036417686989807e+02
6.717085361106422170e+03 1.714354225054098038e+02
6.717875699424002050e+03 1.659019423226794743e+02
6.718666037741581022e+03 1.662967945361156126e+02
6.719456376059160903e+03 1.727022608339266867e+02
6.720246714376739874e+03 1.815319387032112104e+02
6.721037052694319755e+03 1.892330450866641343e+02
6.721827391011898726e+03 1.945572049485977573e+02
6.722617729329478607e+03 1.978491359276865751e+02
6.723408067647057578e+03 1.998031119419340484e+02
6.724198405964637459e+03 2.009411671124252337e+02
6.724988744282216430e+03 2.015708700385405905e+02
6.725779082599796311e+03 2.018554532237332921e+02
6.726569420917375282e+03 2.018630400165907872e+02
6.727359759234955163e+03 2.015764819829230419e+02
6.728150097552534135e+03 2.008548720493162421e+02
6.728940435870114015e+03 1.993646651678891146e+02
6.729730774187692987e+03 1.965697686566648485e+02
6.730521112505272868e+03 1.920168757175133010e+02
6.731311450822851839e+03 1.861975115997633452e+02
6.732101789140431720e+03 1.813840966698922159e+02
6.732892127458010691e+03 1.805434669928109770e+02
6.733682465775590572e+03 1.844251898891172061e+02
6.734472804093169543e+03 1.906868198735496662e+02
6.735263142410749424e+03 1.964331183926155404e+02
6.736053480728329305e+03 2.004052420031395627e+02
6.736843819045908276e+03 2.027609789384259216e+02
6.737634157363488157e+03 2.040578352092996681e+02
6.738424495681067128e+03 2.047423983241008045e+02
6.739214833998647009e+03 2.050787331648984377e+02
6.740005172316225980e+03 2.052068055243432241e+02
6.740795510633805861e+03 2.052023792169123340e+02
6.741585848951384833e+03 2.051105627778827056e+02
6.742376187268964713e+03 2.049605524325101555e+02
6.743166525586543685e+03 2.047729976004473542e+02
6.743956863904123566e+03 2.045631388947960545e+02
6.744747202221702537e+03 2.043417317469767909e+02
6.745537540539282418e+03 2.041138777749259532e+02
6.746327878856861389e+03 2.038784986992986319e+02
6.747118217174441270e+03 2.036304331541597321e+02
6.747908555492020241e+03 2.033659269976223527e+02
6.748698893809600122e+03 2.030886705565479815e+02
6.749489232127179093e+03 2.028160369515303501e+02
6.750279570444758974e+03 2.025800858519473024e+02
6.751069908762337946e+03 2.024209286055624943e+02
6.751860247079917826e+03 2.023786368351230465e+02
6.752650585397496798e+03 2.024875834411011226e+02
6.753440923715076678e+03 2.027693474658934747e+02
6.754231262032656559e+03 2.032259363751804528e+02
6.755021600350235531e+03 2.038373042988978057e+02
6.755811938667815411e+03 2.045653118417430960e+02
6.756602276985394383e+03 2.053567674488023158e+02
6.757392615302974264e+03 2.061383097369573534e+02
6.758182953620553235e+03 2.068157680821696829e+02
6.758973291938133116e+03 2.073035351049429380e+02
6.759763630255712087e+03 2.075561430726789354e+02
6.760553968573291968e+03 2.075574896934712683e+02
6.761344306890870939e+03 2.073043688109577261e+02
6.762134645208450820e+03 2.068133489874417705e+02
6.762924983526029791e+03 2.061210141429293117e+02
6.763715321843609672e+03 2.052770984677751471e+02
6.764505660161188644e+03 2.043454501077792145e+02
6.765295998478768524e+03 2.034039472479850019e+02
6.766086336796347496e+03 2.025396024119910692e+02
6.766876675113927377e+03 2.018401439805796826e+02
6.767667013431506348e+03 2.013772745103950683e+02
6.768457351749086229e+03 2.011940951708343732e+02
6.769247690066665200e+03 2.012985894386185919e+02
6.770038028384245081e+03 2.016636935390675944e+02
6.770828366701824962e+03 2.022415033053907507e+02
6.771618705019403933e+03 2.029815082538653144e+02
6.772409043336983814e+03 2.038387886952732799e+02
6.773199381654562785e+03 2.047739268465851410e+02
6.773989719972142666e+03 2.057484204303857780e+02
6.774780058289721637e+03 2.067194584677865237e+02
6.775570396607301518e+03 2.076401877398720330e+02
6.776360734924880489e+03 2.084651118675225803e+02
6.777151073242460370e+03 2.091527670454223937e+02
6.777941411560039342e+03 2.096726268435575662e+02
6.778731749877619222e+03 2.100064779130310626e+02
6.779522088195198194e+03 2.101396052767272806e+02
6.780312426512778075e+03 2.100604389365162206e+02
6.781102764830357046e+03 2.097612738766569578e+02
6.781893103147936927e+03 2.092382141388422383e+02
6.782683441465515898e+03 2.085029839109996317e+02
6.783473779783095779e+03 2.075965658442025017e+02
6.784264118100674750e+03 2.065897738128885521e+02
6.785054456418254631e+03 2.055730802668630304e+02
6.785844794735833602e+03 2.046483399601190740e+02
6.786635133053413483e+03 2.039094920593734628e+02
6.787425471370992454e+03 2.034091832079537312e+02
6.788215809688572335e+03 2.031479247885674226e+02
6.789006148006152216e+03 2.030901837758140687e+02
6.789796486323731187e+03 2.031760423196704437e+02
6.790586824641311068e+03 2.033274656906467044e+02
6.791377162958890040e+03 2.034649101969853291e+02
6.792167501276469920e+03 2.035280899686362659e+02
6.792957839594048892e+03 2.034884396151595638e+02
6.793748177911628773e+03 2.033484212303906702e+02
6.794538516229207744e+03 2.031313522106530911e+02
6.795328854546787625e+03 2.028729994889069985e+02
6.796119192864366596e+03 2.026110143773196057e+02
6.796909531181946477e+03 2.023733568804977665e+02
6.797699869499525448e+03 2.021784727919068416e+02
6.798490207817105329e+03 2.020376839447351358e+02
6.799280546134684300e+03 2.019572887909180849e+02
6.800070884452264181e+03 2.019405166332136616e+02
6.800861222769843152e+03 2.019842777774908313e+02
6.801651561087423033e+03 2.020759607939999967e+02
6.802441899405002005e+03 2.021953182404946574e+02
6.803232237722581885e+03 2.023218749157619811e+02
6.804022576040160857e+03 2.024427740195800425e+02
6.804812914357740738e+03 2.025561942532265221e+02
6.805603252675320618e+03 2.026706707474502309e+02
6.806393590992899590e+03 2.027995411066092970e+02
6.807183929310479471e+03 2.029553732723395569e+02
6.807974267628058442e+03 2.031467302396972627e+02
6.808764605945638323e+03 2.033756737674211479e+02
6.809554944263217294e+03 2.036379215469214046e+02
6.810345282580797175e+03 2.039222911699210954e+02
6.811135620898376146e+03 2.042090716702254269e+02
6.811925959215956027e+03 2.044776695035533294e+02
6.812716297533534998e+03 2.047122625000341998e+02
6.813506635851114879e+03 2.048980390226222994e+02
6.814296974168693851e+03 2.050266087808790303e+02
6.815087312486273731e+03 2.051051770838926132e+02
6.815877650803852703e+03 2.051547131473118384e+02
6.816667989121432583e+03 2.052045867233064769e+02
6.817458327439011555e+03 2.052826875347541318e+02
6.818248665756591436e+03 2.054055010035566227e+02
6.819039004074170407e+03 2.055781143907419732e+02
6.819829342391750288e+03 2.057996332937277657e+02
6.820619680709329259e+03 2.060687065494425383e+02
6.821410019026909140e+03 2.063850074372165579e+02
6.822200357344488111e+03 2.067429878700847041e+02
6.822990695662067992e+03 2.071275580524018665e+02
6.823781033979647873e+03 2.075151003357543118e+02
6.824571372297226844e+03 2.078750981729393743e+02
6.825361710614806725e+03 2.081737785557092479e+02
6.826152048932385696e+03 2.083840630477709794e+02
6.826942387249965577e+03 2.084958727664965750e+02
6.827732725567544549e+03 2.085227832573688715e+02
6.828523063885124429e+03 2.084971654244262140e+02
6.829313402202703401e+03 2.084606654108903285e+02
6.830103740520283282e+03 2.084523118527369832e+02
6.830894078837862253e+03 2.084979261589542716e+02
6.831684417155442134e+03 2.086041334827540936e+02
6.832474755473021105e+03 2.087607541762193364e+02
6.833265093790600986e+03 2.089453478559093469e+02
6.834055432108179957e+03 2.091265811296456718e+02
6.834845770425759838e+03 2.092660078261686749e+02
6.835636108743338809e+03 2.093213411098170695e+02
6.836426447060918690e+03 2.092495384563336245e+02
6.837216785378497661e+03 2.090138511115396796e+02
6.838007123696077542e+03 2.085927261002975115e+02
6.838797462013656514e+03 2.079847598237379032e+02
6.839587800331236394e+03 2.072152422937772656e+02
6.840378138648815366e+03 2.063410316303244372e+02
6.841168476966395247e+03 2.054460559697542124e+02
6.841958815283975127e+03 2.046349455677901972e+02
6.842749153601554099e+03 2.040110527842167869e+02
6.843539491919133980e+03 2.036520940898162166e+02
6.844329830236712951e+03 2.035965176870912785e+02
6.845120168554292832e+03 2.038303113500209633e+02
6.845910506871871803e+03 2.042879140041903838e+02
6.846700845189451684e+03 2.048744031742670586e+02
6.847491183507030655e+03 2.054883053202679832e+02
6.848281521824610536e+03 2.060398085867563225e+02
6.849071860142189507e+03 2.064626174357186983e+02
6.849862198459769388e+03 2.067178058332615933e+02
6.850652536777348359e+03 2.067931697687748738e+02
6.851442875094928240e+03 2.066947235046694686e+02
6.852233213412507212e+03 2.064386529267682135e+02
6.853023551730087092e+03 2.060502086120783360e+02
6.853813890047666064e+03 2.055624644579301616e+02
6.854604228365245945e+03 2.050155799013859621e+02
6.855394566682824916e+03 2.044584775556300542e+02
6.856184905000404797e+03 2.039460849908828095e+02
6.856975243317983768e+03 2.035317750268281429e+02
6.857765581635563649e+03 2.032578422445940873e+02
6.858555919953143530e+03 2.031466484271064701e+02
6.859346258270722501e+03 2.032000692906856614e+02
6.860136596588302382e+03 2.034058515026842429e+02
6.860926934905881353e+03 2.037453052656065324e+02
6.861717273223461234e+03 2.042037442515832595e+02
6.862507611541040205e+03 2.047718580284368954e+02
6.863297949858620086e+03 2.054393128460033040e+02
6.864088288176199057e+03 2.061888855579989013e+02
6.864878626493778938e+03 2.069921083024622419e+02
6.865668964811357910e+03 2.078082558170780203e+02
6.866459303128937790e+03 2.085907131721294832e+02
6.867249641446516762e+03 2.092928511873828938e+02
6.868039979764096643e+03 2.098737442084012059e+02
6.868830318081675614e+03 2.103060424422318135e+02
6.869620656399255495e+03 2.105770394191989396e+02
6.870410994716834466e+03 2.106874817132760995e+02
6.871201333034414347e+03 2.106532921428148200e+02
6.871991671351993318e+03 2.105029862538164593e+02
6.872782009669573199e+03 2.102744032752199530e+02
6.873572347987152170e+03 2.100111870189002161e+02
6.874362686304732051e+03 2.097549413295455736e+02
6.875153024622311023e+03 2.095368525733602496e+02
6.875943362939890903e+03 2.093714770171943087e+02
6.876733701257470784e+03 2.092539472210572740e+02
6.877524039575049756e+03 2.091626902254986931e+02
6.878314377892629636e+03 2.090655855522226432e+02
6.879104716210208608e+03 2.089291461163022063e+02
6.879895054527788488e+03 2.087295860356612422e+02
6.880685392845367460e+03 2.084638715127759951e+02
6.881475731162947341e+03 2.081570717899285228e+02
6.882266069480526312e+03 2.078607098603437180e+02
6.883056407798106193e+03 2.076408536040106583e+02
6.883846746115685164e+03 2.075601270603375497e+02
6.884637084433265045e+03 2.076612054392719529e+02
6.885427422750844016e+03 2.079556122148750035e+02
6.886217761068423897e+03 2.084215404840212500e+02
6.887008099386002868e+03 2.090134323482770355e+02
6.887798437703582749e+03 2.096772085618776487e+02
6.888588776021161721e+03 2.103606577198032141e+02
6.889379114338741601e+03 2.110202176830526923e+02
6.890169452656320573e+03 2.116228309810371115e+02
6.890959790973900454e+03 2.121461024578431989e+02
6.891750129291479425e+03 2.125769756470696166e+02
6.892540467609059306e+03 2.129101208905790372e+02
6.893330805926638277e+03 2.131489030583310296e+02
6.894121144244218158e+03 2.133065361081563083e+02
6.894911482561798039e+03 2.134035524087253179e+02
6.895701820879377010e+03 2.134636441502846935e+02
6.896492159196956891e+03 2.135088766975357544e+02
6.897282497514535862e+03 2.135549329910318761e+02
6.898072835832115743e+03 2.136083623960446687e+02
6.898863174149694714e+03 2.136674315358105787e+02
6.899653512467274595e+03 2.137251229041982583e+02
6.900443850784853566e+03 2.137715402660310247e+02
6.901234189102433447e+03 2.137946233511563605e+02
6.902024527420012419e+03 2.137795480392220782e+02
6.902814865737592299e+03 2.137086442465094080e+02
6.903605204055171271e+03 2.135652908190280073e+02
6.904395542372751152e+03 2.133405860639040839e+02
6.905185880690330123e+03 2.130391014043057396e+02
6.905976219007910004e+03 2.126839465353479568e+02
6.906766557325488975e+03 2.123156501650250902e+02
6.907556895643068856e+03 2.119819789236753422e+02
6.908347233960647827e+03 2.117221381131466558e+02
6.909137572278227708e+03 2.115526329757677786e+02
6.909927910595806679e+03 2.114612147577608141e+02
6.910718248913386560e+03 2.114119359713435529e+02
6.911508587230966441e+03 2.113579040393564696e+02
6.912298925548545412e+03 2.112586937656265036e+02
6.913089263866125293e+03 2.110941958836814365e+02
6.913879602183704264e+03 2.108731777109067025e+02
6.914669940501284145e+03 2.106309591293970414e+02
6.915460278818863117e+03 2.104188957854462956e+02
6.916250617136442997e+03 2.102886856807310210e+02
6.917040955454021969e+03 2.102773126865645850e+02
6.917831293771601850e+03 2.103973369069117325e+02
6.918621632089180821e+03 2.106303836562098866e+02
6.919411970406760702e+03 2.109277648939499272e+02
6.920202308724339673e+03 2.112213111780647523e+02
6.920992647041919554e+03 2.114390657225138170e+02
6.921782985359498525e+03 2.115212953335637849e+02
6.922573323677078406e+03 2.114327934868680643e+02
6.923363661994657377e+03 2.111720963037715251e+02
6.924154000312237258e+03 2.107771034194513788e+02
6.924944338629816230e+03 2.103178050347815429e+02
6.925734676947396110e+03 2.098804589752920151e+02
6.926525015264975082e+03 2.095457154916943239e+02
6.927315353582554962e+03 2.093671276379151038e+02
6.928105691900133934e+03 2.093573292032980362e+02
6.928896030217713815e+03 2.094842456525471448e+02
6.929686368535293695e+03 2.096830362413476507e+02
6.930476706852872667e+03 2.098819554190248482e+02
6.931267045170452548e+03 2.100259918063088662e+02
6.932057383488031519e+03 2.100919228149356286e+02
6.932847721805611400e+03 2.100900065606711280e+02
6.933638060123190371e+03 2.100559639061358439e+02
6.934428398440770252e+03 2.100357363463924969e+02
6.935218736758349223e+03 2.100686826923450212e+02
6.936009075075929104e+03 2.101758620747115742e+02
6.936799413393508075e+03 2.103558047307090817e+02
6.937589751711087956e+03 2.105879510123991736e+02
6.938380090028666928e+03 2.108392782710895403e+02
6.939170428346246808e+03 2.110712426864873805e+02
6.939960766663825780e+03 2.112443271624454155e+02
6.940751104981405661e+03 2.113217225570498954e+02
6.941541443298984632e+03 2.112752030262683149e+02
6.942331781616564513e+03 2.110923903649757563e+02
6.943122119934143484e+03 2.107825939989709241e+02
6.943912458251723365e+03 2.103829714425227735e+02
6.944702796569302336e+03 2.099549246561505242e+02
6.945493134886882217e+03 2.095696084746533074e+02
6.946283473204462098e+03 2.092886024127695350e+02
6.947073811522041069e+03 2.091481643157944177e+02
6.947864149839620950e+03 2.091509737010558183e+02
6.948654488157199921e+03 2.092667691335369113e+02
6.949444826474779802e+03 2.094440441420053673e+02
6.950235164792358773e+03 2.096304557863527123e+02
6.951025503109938654e+03 2.097908452223758786e+02
6.951815841427517626e+03 2.099166080419702212e+02
6.952606179745097506e+03 2.100248605316838848e+02
6.953396518062676478e+03 2.101493032983933347e+02
6.954186856380256359e+03 2.103263468154769953e+02
6.954977194697835330e+03 2.105819562391237696e+02
6.955767533015415211e+03 2.109236338268122495e+02
6.956557871332994182e+03 2.113382070340796872e+02
6.957348209650574063e+03 2.117977265243662544e+02
6.958138547968153034e+03 2.122673673079520711e+02
6.958928886285732915e+03 2.127151182820444433e+02
6.959719224603311886e+03 2.131197422796673209e+02
6.960509562920891767e+03 2.134717113737743546e+02
6.961299901238470738e+03 2.137698022285433410e+02
6.962090239556050619e+03 2.140165326396016781e+02
6.962880577873629591e+03 2.142131874975614778e+02
6.963670916191209471e+03 2.143601216248165429e+02
6.964461254508789352e+03 2.144584033558776923e+02
6.965251592826368324e+03 2.145110368402113750e+02
6.966041931143948204e+03 2.145240661364149162e+02
6.966832269461527176e+03 2.145039675336216760e+02
6.967622607779107057e+03 2.144528854814209922e+02
6.968412946096686028e+03 2.143656134833795761e+02
6.969203284414265909e+03 2.142310965159131797e+02
6.969993622731844880e+03 2.140363348809630679e+02
6.970783961049424761e+03 2.137728818843583838e+02
6.971574299367003732e+03 2.134394621709535329e+02
6.972364637684583613e+03 2.130373666001503352e+02
6.973154976002162584e+03 2.125623286856366576e+02
6.973945314319742465e+03 2.120002016509515670e+02
6.974735652637321436e+03 2.113282277618711475e+02
6.975525990954901317e+03 2.105270654928982879e+02
6.976316329272480289e+03 2.095998062996715703e+02
6.977106667590060169e+03 2.085870055576592108e+02
6.977897005907639141e+03 2.075707612511505147e+02
6.978687344225219022e+03 2.066681202343730206e+02
6.979477682542797993e+03 2.060099377681051465e+02
6.980268020860377874e+03 2.057099327034450766e+02
6.981058359177956845e+03 2.058311366430363591e+02
6.981848697495536726e+03 2.063707728860012480e+02
6.982639035813116607e+03 2.072670091488600406e+02
6.983429374130695578e+03 2.084072704447497415e+02
6.984219712448275459e+03 2.096532878779752593e+02
6.985010050765854430e+03 2.108734830868936001e+02
6.985800389083434311e+03 2.119612730135954735e+02
6.986590727401013282e+03 2.128418083811991721e+02
6.987381065718593163e+03 2.134744401467018804e+02
6.988171404036172135e+03 2.138546981990068048e+02
6.988961742353752015e+03 2.140101895312778026e+02
6.989752080671330987e+03 2.139881791804051545e+02
6.990542418988910867e+03 2.138449059136643768e+02
6.991332757306489839e+03 2.136342683981334005e+02
6.992123095624069720e+03 2.133949631341697568e+02
6.992913433941648691e+03 2.131443093798051223e+02
6.993703772259228572e+03 2.128799234280290591e+02
6.994494110576807543e+03 2.125871595803135392e+02
6.995284448894387424e+03 2.122484507423065168e+02
6.996074787211966395e+03 2.118515668234336431e+02
6.996865125529546276e+03 2.113923782769456068e+02
6.997655463847125247e+03 2.108741709631470371e+02
6.998445802164705128e+03 2.103086313390445525e+02
6.999236140482285009e+03 2.097163061061621079e+02
7.000026478799863980e+03 2.091243478892006351e+02
7.000816817117443861e+03 2.085641098782418226e+02
7.001607155435022833e+03 2.080645439903327940e+02
7.002397493752602713e+03 2.076453814834305263e+02
7.003187832070181685e+03 2.073118153673481174e+02
7.003978170387761566e+03 2.070567645627027389e+02
7.004768508705340537e+03 2.068701579516908282e+02
7.005558847022920418e+03 2.067463910512468317e+02
7.006349185340499389e+03 2.066888983499583219e+02
7.007139523658079270e+03 2.067064285037812397e+02
7.007929861975658241e+03 2.068024554112013789e+02
7.008720200293238122e+03 2.069681999729079394e+02
7.009510538610817093e+03 2.071832283291309409e+02
7.010300876928396974e+03 2.074196533128253748e+02
7.011091215245975945e+03 2.076497061405762565e+02
7.011881553563555826e+03 2.078504728937937216e+02
7.012671891881134798e+03 2.080046730643519197e+02
7.013462230198714678e+03 2.080989713389138274e+02
7.014252568516293650e+03 2.081243636706757911e+02
7.015042906833873531e+03 2.080830634706562705e+02
7.015833245151452502e+03 2.079974828088572281e+02
7.016623583469032383e+03 2.079128293449439582e+02
7.017413921786612264e+03 2.078867078466230396e+02
7.018204260104191235e+03 2.079686147041794868e+02
7.018994598421771116e+03 2.081759025837094157e+02
7.019784936739350087e+03 2.084780545464234649e+02
7.020575275056929968e+03 2.088009200352860262e+02
7.021365613374508939e+03 2.090513094345132572e+02
7.022155951692088820e+03 2.091501468905580055e+02
7.022946290009667791e+03 2.090620490552133219e+02
7.023736628327247672e+03 2.088040527422858190e+02
7.024526966644826643e+03 2.084368607842625636e+02
7.025317304962406524e+03 2.080436615142173480e+02
7.026107643279985496e+03 2.077024058585728881e+02
7.026897981597565376e+03 2.074664268870621697e+02
7.027688319915144348e+03 2.073584706759939138e+02
7.028478658232724229e+03 2.073808145357180592e+02
7.029268996550303200e+03 2.075288747098877309e+02
7.030059334867883081e+03 2.077973508653853401e+02
7.030849673185462052e+03 2.081810291292681541e+02
7.031640011503041933e+03 2.086691551927051478e+02
7.032430349820620904e+03 2.092368395044512113e+02
7.033220688138200785e+03 2.098459404742613970e+02
7.034011026455780666e+03 2.104527647879013443e+02
7.034801364773359637e+03 2.110183122241414253e+02
7.035591703090939518e+03 2.115168116837419916e+02
7.036382041408518489e+03 2.119394172269641103e+02
7.037172379726098370e+03 2.122981833928556625e+02
7.037962718043677341e+03 2.126238754350306408e+02
7.038753056361257222e+03 2.129611617457597958e+02
7.039543394678836194e+03 2.133659789395705388e+02
7.040333732996416074e+03 2.138981340515840088e+02
7.041124071313995046e+03 2.145955215639536959e+02
7.041914409631574927e+03 2.154420112653039610e+02
7.042704747949153898e+03 2.163670233399735423e+02
7.043495086266733779e+03 2.172782965877480308e+02
7.044285424584312750e+03 2.180924708587540977e+02
7.045075762901892631e+03 2.187516129569706322e+02
7.045866101219471602e+03 2.192293439820186904e+02
7.046656439537051483e+03 2.195231383291904024e+02
7.047446777854630454e+03 2.196380408197688894e+02
7.048237116172210335e+03 2.195673477032645451e+02
7.049027454489789307e+03 2.192856321679487337e+02
7.049817792807369187e+03 2.187590870608020737e+02
7.050608131124948159e+03 2.179590399021095095e+02
7.051398469442528040e+03 2.168729170663167451e+02
7.052188807760107920e+03 2.155246814660344796e+02
7.052979146077686892e+03 2.139794646978487833e+02
7.053769484395266772e+03 2.123280601759459216e+02
7.054559822712845744e+03 2.106733222505632170e+02
7.055350161030425625e+03 2.091109291994782780e+02
7.056140499348004596e+03 2.077030731627635305e+02
7.056930837665584477e+03 2.064727556678931251e+02
7.057721175983163448e+03 2.054139033163296801e+02
7.058511514300743329e+03 2.045019594606921771e+02
7.059301852618322300e+03 2.037129451125240109e+02
7.060092190935902181e+03 2.030371653576838185e+02
7.060882529253481152e+03 2.024784018273606705e+02
7.061672867571061033e+03 2.020435272259411477e+02
7.062463205888640005e+03 2.017351273256755917e+02
7.063253544206219885e+03 2.015448505720680146e+02
7.064043882523798857e+03 2.014440622727179289e+02
7.064834220841378738e+03 2.013842021037991401e+02
7.065624559158957709e+03 2.013129538715910201e+02
7.066414897476537590e+03 2.012016317754672059e+02
7.067205235794116561e+03 2.010634253793387529e+02
7.067995574111696442e+03 2.009418121055394977e+02
7.068785912429275413e+03 2.008891424723587420e+02
7.069576250746855294e+03 2.009650567624265705e+02
7.070366589064435175e+03 2.012294985098120037e+02
7.071156927382014146e+03 2.017166577367880222e+02
7.071947265699594027e+03 2.024137485985142462e+02
7.072737604017172998e+03 2.032633745673580279e+02
7.073527942334752879e+03 2.041879862082682280e+02
7.074318280652331850e+03 2.051131027246627241e+02
7.075108618969911731e+03 2.059795210468107882e+02
7.075898957287490703e+03 2.067424007866108866e+02
7.076689295605070583e+03 2.073663346440309283e+02
7.077479633922649555e+03 2.078262740739440630e+02
7.078269972240229436e+03 2.081037461195995775e+02
7.079060310557808407e+03 2.081774203871948998e+02
7.079850648875388288e+03 2.080220918748244117e+02
7.080640987192967259e+03 2.076144598213324457e+02
7.081431325510547140e+03 2.069396604389077083e+02
7.082221663828126111e+03 2.060005069805453672e+02
7.083012002145705992e+03 2.048303225308372930e+02
7.083802340463284963e+03 2.034947395859543633e+02
7.084592678780864844e+03 2.020806062171292012e+02
7.085383017098443815e+03 2.006866336660765739e+02
7.086173355416023696e+03 1.994063431386372258e+02
7.086963693733603577e+03 1.983058921706584101e+02
7.087754032051182548e+03 1.974167531056796747e+02
7.088544370368762429e+03 1.967419119517155082e+02
7.089334708686341401e+03 1.962598624855279184e+02
7.090125047003921281e+03 1.959422823884069373e+02
7.090915385321500253e+03 1.957747873463373480e+02
7.091705723639080134e+03 1.957544273585069732e+02
7.092496061956659105e+03 1.958780271024698436e+02
7.093286400274238986e+03 1.961320416258951127e+02
7.094076738591817957e+03 1.964848148895799227e+02
7.094867076909397838e+03 1.968902010098508413e+02
7.095657415226976809e+03 1.973068697446095143e+02
7.096447753544556690e+03 1.977049033914967140e+02
7.097238091862135661e+03 1.980603412904962966e+02
7.098028430179715542e+03 1.983569281446189621e+02
7.098818768497294514e+03 1.985840727070677474e+02
7.099609106814874394e+03 1.987352415233816600e+02
7.100399445132453366e+03 1.988108482135960458e+02
7.101189783450033246e+03 1.988165027570594816e+02
7.101980121767612218e+03 1.987606486222060198e+02
7.102770460085192099e+03 1.986534949396279330e+02
7.103560798402771070e+03 1.985056709324733788e+02
7.104351136720350951e+03 1.983281031938289800e+02
7.105141475037930832e+03 1.981284453202507905e+02
7.105931813355509803e+03 1.979058364954302647e+02
7.106722151673089684e+03 1.976502579180318264e+02
7.107512489990668655e+03 1.973470266320188387e+02
7.108302828308248536e+03 1.969879483510133582e+02
7.109093166625827507e+03 1.965797843060065873e+02
7.109883504943407388e+03 1.961403192829291129e+02
7.110673843260986359e+03 1.956937855092129155e+02
7.111464181578566240e+03 1.952718692831652163e+02
7.112254519896145212e+03 1.949117542444604965e+02
7.113044858213725092e+03 1.946489532138006098e+02
7.113835196531304064e+03 1.945086906683027621e+02
7.114625534848883945e+03 1.944996587713459348e+02
7.115415873166462916e+03 1.946101916344135248e+02
7.116206211484042797e+03 1.948094111729210738e+02
7.116996549801621768e+03 1.950572543216480597e+02
7.117786888119201649e+03 1.953098972552674013e+02
7.118577226436780620e+03 1.955242584352531594e+02
7.119367564754360501e+03 1.956668549607716727e+02
7.120157903071939472e+03 1.957152838734012334e+02
7.120948241389519353e+03 1.956551548139895544e+02
7.121738579707098324e+03 1.954553589936542721e+02
7.122528918024678205e+03 1.946868146894183269e+02
7.123319256342258086e+03 1.904849376081330377e+02
7.124109594659837057e+03 1.742873542980962043e+02
7.124899932977416938e+03 1.403437141841948801e+02
7.125690271294995910e+03 1.079822615793173810e+02
7.126480609612575790e+03 1.095224442015756381e+02
7.127270947930154762e+03 1.422460177951442688e+02
7.128061286247734643e+03 1.729180604589343204e+02
7.128851624565313614e+03 1.863988506038425044e+02
7.129641962882893495e+03 1.892245535325602077e+02
7.130432301200472466e+03 1.890048735357520968e+02
7.131222639518052347e+03 1.884702808524974103e+02
7.132012977835631318e+03 1.880764398976443204e+02
7.132803316153211199e+03 1.878930738194821686e+02
7.133593654470790170e+03 1.879388168766397484e+02
7.134383992788370051e+03 1.882007038121583093e+02
7.135174331105949022e+03 1.886298952463965293e+02
7.135964669423528903e+03 1.891534298303875801e+02
7.136755007741107875e+03 1.896996816215743706e+02
7.137545346058687755e+03 1.902153490996677760e+02
7.138335684376266727e+03 1.906644179205665068e+02
7.139126022693846608e+03 1.910182784154227988e+02
7.139916361011426488e+03 1.912557104843742763e+02
7.140706699329005460e+03 1.913781081628445691e+02
7.141497037646585341e+03 1.914094103435829766e+02
7.142287375964164312e+03 1.913744329718529684e+02
7.143077714281744193e+03 1.912835274719377026e+02
7.143868052599323164e+03 1.911323859375588938e+02
7.144658390916903045e+03 1.909099840481834747e+02
7.145448729234482016e+03 1.906081778978483783e+02
7.146239067552061897e+03 1.902326280132785428e+02
7.147029405869640868e+03 1.898153229195593212e+02
7.147819744187220749e+03 1.894140605685465459e+02
7.148610082504799720e+03 1.890986289860631473e+02
7.149400420822379601e+03 1.889370325610456689e+02
7.150190759139958573e+03 1.889805028070616686e+02
7.150981097457538453e+03 1.892475810637255336e+02
7.151771435775117425e+03 1.897115259628547790e+02
7.152561774092697306e+03 1.903102770768146002e+02
7.153352112410276277e+03 1.909668756320961052e+02
7.154142450727856158e+03 1.916047824151028180e+02
7.154932789045435129e+03 1.921689098933337618e+02
7.155723127363015010e+03 1.926378254651348243e+02
7.156513465680593981e+03 1.930161502345146403e+02
7.157303803998173862e+03 1.933104044191891262e+02
7.158094142315753743e+03 1.935192608597318724e+02
7.158884480633332714e+03 1.936364192514977844e+02
7.159674818950912595e+03 1.936497547478955141e+02
7.160465157268491566e+03 1.935494007488398154e+02
7.161255495586071447e+03 1.933364447949607836e+02
7.162045833903650419e+03 1.930223297751539917e+02
7.162836172221230299e+03 1.926339530235403004e+02
7.163626510538809271e+03 1.922191036982827654e+02
7.164416848856389151e+03 1.918434153792172481e+02
7.165207187173968123e+03 1.915814137885145669e+02
7.165997525491548004e+03 1.915049806172050353e+02
7.166787863809126975e+03 1.916684877610229591e+02
7.167578202126706856e+03 1.920915947258503707e+02
7.168368540444285827e+03 1.927549338190046342e+02
7.169158878761865708e+03 1.936018324060339637e+02
7.169949217079444679e+03 1.945462396862898800e+02
7.170739555397024560e+03 1.954973827016987684e+02
7.171529893714603531e+03 1.963766284099022812e+02
7.172320232032183412e+03 1.971280031774018084e+02
7.173110570349762384e+03 1.977145215299987058e+02
7.173900908667342264e+03 1.981083547632344732e+02
7.174691246984922145e+03 1.982926436085591035e+02
7.175481585302501117e+03 1.982671918952561612e+02
7.176271923620080997e+03 1.980454595267767672e+02
7.177062261937659969e+03 1.976535339156886835e+02
7.177852600255239850e+03 1.971285569071839632e+02
7.178642938572818821e+03 1.965131281536361314e+02
7.179433276890398702e+03 1.958519395726241896e+02
7.180223615207977673e+03 1.951828359204981780e+02
7.181013953525557554e+03 1.945378915535752924e+02
7.181804291843136525e+03 1.939520267916740011e+02
7.182594630160716406e+03 1.934512997114451025e+02
7.183384968478295377e+03 1.930362273524352190e+02
7.184175306795875258e+03 1.926740433159313284e+02
7.184965645113454229e+03 1.923075112543581326e+02
7.185755983431034110e+03 1.918754690318354790e+02
7.186546321748613082e+03 1.913419117658962136e+02
7.187336660066192962e+03 1.907140685851683770e+02
7.188126998383771934e+03 1.900343275383460195e+02
7.188917336701351815e+03 1.893772118543787144e+02
7.189707675018930786e+03 1.888403465153881200e+02
7.190498013336510667e+03 1.885074523837523088e+02
7.191288351654089638e+03 1.884207914657709750e+02
7.192078689971669519e+03 1.885804272710171290e+02
7.192869028289249400e+03 1.889566986090644036e+02
7.193659366606828371e+03 1.894997518359260482e+02
7.194449704924408252e+03 1.901487409699071236e+02
7.195240043241987223e+03 1.908497333892321137e+02
7.196030381559567104e+03 1.915631145253417458e+02
7.196820719877146075e+03 1.922570202637037937e+02
7.197611058194725956e+03 1.929077117396486187e+02
7.198401396512304927e+03 1.934999723574787822e+02
7.199191734829884808e+03 1.940188163735940066e+02
7.199982073147463780e+03 1.944545442678644918e+02
7.200772411465043660e+03 1.947609072737354836e+02
7.201562749782622632e+03 1.945352408456656121e+02
7.202353088100202513e+03 1.911796322642370001e+02
7.203143426417781484e+03 1.784210713782496214e+02
7.203933764735361365e+03 1.517813444797611169e+02
7.204724103052940336e+03 1.185160320727594012e+02
7.205514441370520217e+03 9.945071817751468757e+01
7.206304779688099188e+03 1.108643072120116102e+02
7.207095118005679069e+03 1.439191667310559239e+02
7.207885456323258040e+03 1.739251654280078583e+02
7.208675794640837921e+03 1.882301074398305900e+02
7.209466132958416893e+03 1.918340133087372408e+02
7.210256471275996773e+03 1.924098449709253487e+02
7.211046809593576654e+03 1.928168640078915246e+02
7.211837147911155625e+03 1.934232247302887231e+02
7.212627486228735506e+03 1.941869021252521748e+02
7.213417824546314478e+03 1.950242200782226973e+02
7.214208162863894358e+03 1.958660658236599375e+02
7.214998501181473330e+03 1.966706585634022417e+02
7.215788839499053211e+03 1.974120341436955641e+02
7.216579177816632182e+03 1.980680873680709055e+02
7.217369516134212063e+03 1.986214654218018154e+02
7.218159854451791034e+03 1.990566487442704329e+02
7.218950192769370915e+03 1.993590274277088383e+02
7.219740531086949886e+03 1.995206856918622975e+02
7.220530869404529767e+03 1.995495335434449657e+02
7.221321207722108738e+03 1.994764696660724326e+02
7.222111546039688619e+03 1.993528999697832944e+02
7.222901884357267591e+03 1.992421294949126320e+02
7.223692222674847471e+03 1.992082081857562343e+02
7.224482560992426443e+03 1.993050258295020285e+02
7.225272899310006324e+03 1.995662612830961677e+02
7.226063237627585295e+03 1.999974804325005948e+02
7.226853575945165176e+03 2.005764207060627200e+02
7.227643914262745056e+03 2.012575995858626641e+02
7.228434252580324028e+03 2.019832301306232125e+02
7.229224590897903909e+03 2.027010777793636862e+02
7.230014929215482880e+03 2.033701521308234987e+02
7.230805267533062761e+03 2.039543127479516897e+02
7.231595605850641732e+03 2.044273919821919492e+02
7.232385944168221613e+03 2.047773196865067007e+02
7.233176282485800584e+03 2.049984524901905161e+02
7.233966620803380465e+03 2.050901299482126774e+02
7.234756959120959436e+03 2.050638462889332629e+02
7.235547297438539317e+03 2.049465109991068346e+02
7.236337635756118289e+03 2.047763381315557467e+02
7.237127974073698169e+03 2.045961724011557976e+02
7.237918312391277141e+03 2.044453443192077202e+02
7.238708650708857022e+03 2.043511170347341022e+02
7.239498989026435993e+03 2.043218435236476580e+02
7.240289327344015874e+03 2.043466237490834487e+02
7.241079665661594845e+03 2.044012250214553603e+02
7.241870003979174726e+03 2.044557868810343848e+02
7.242660342296753697e+03 2.044833471671212806e+02
7.243450680614333578e+03 2.044686330711570861e+02
7.244241018931912549e+03 2.044142713699034744e+02
7.245031357249492430e+03 2.043394477145677399e+02
7.245821695567072311e+03 2.042716534475356411e+02
7.246612033884651282e+03 2.042344735528952810e+02
7.247402372202231163e+03 2.042342187937321683e+02
7.248192710519810134e+03 2.042525444284582647e+02
7.248983048837390015e+03 2.042513636712271818e+02
7.249773387154968987e+03 2.041891497818779158e+02
7.250563725472548867e+03 2.040409607750442262e+02
7.251354063790127839e+03 2.038121741384350685e+02
7.252144402107707720e+03 2.035389403218796360e+02
7.252934740425286691e+03 2.032762323082217790e+02
7.253725078742866572e+03 2.030800169658577659e+02
7.254515417060445543e+03 2.029920592072342629e+02
7.255305755378025424e+03 2.030252882214072088e+02
7.256096093695604395e+03 2.031590742981599078e+02
7.256886432013184276e+03 2.033494596733876563e+02
7.257676770330763247e+03 2.035402689731491535e+02
7.258467108648343128e+03 2.036767542554613328e+02
7.259257446965922099e+03 2.037210609199051987e+02
7.260047785283501980e+03 2.036639028010390859e+02
7.260838123601080952e+03 2.035277869639623987e+02
7.261628461918660832e+03 2.033605342243273810e+02
7.262418800236239804e+03 2.032216239381439209e+02
7.263209138553819685e+03 2.031658167438710052e+02
7.263999476871399565e+03 2.032286816470740405e+02
7.264789815188978537e+03 2.034179107707540766e+02
7.265580153506558418e+03 2.037160870945534725e+02
7.266370491824137389e+03 2.040899348172266059e+02
7.267160830141717270e+03 2.045001071834930144e+02
7.267951168459296241e+03 2.049090299311910144e+02
7.268741506776876122e+03 2.052849255322642250e+02
7.269531845094455093e+03 2.056028240450381759e+02
7.270322183412034974e+03 2.058439545929725796e+02
7.271112521729613945e+03 2.059989940807371909e+02
7.271902860047193826e+03 2.060695609198608054e+02
7.272693198364772798e+03 2.060657020448192327e+02
7.273483536682352678e+03 2.060049052799438414e+02
7.274273874999931650e+03 2.059068175493227955e+02
7.275064213317511530e+03 2.057852144928045561e+02
7.275854551635090502e+03 2.056439786545902848e+02
7.276644889952670383e+03 2.054762709593594820e+02
7.277435228270249354e+03 2.052671000534843984e+02
7.278225566587829235e+03 2.050006290074264257e+02
7.279015904905408206e+03 2.046668983974596472e+02
7.279806243222988087e+03 2.042640866702319897e+02
7.280596581540567968e+03 2.038011859750536132e+02
7.281386919858146939e+03 2.032959844925830453e+02
7.282177258175726820e+03 2.027698466715732479e+02
7.282967596493305791e+03 2.022505850836382422e+02
7.283757934810885672e+03 2.017691094514446490e+02
7.284548273128464643e+03 2.013459531544064589e+02
7.285338611446044524e+03 2.009865281870174556e+02
7.286128949763623496e+03 2.006826407700422408e+02
7.286919288081203376e+03 2.004122675927626460e+02
7.287709626398782348e+03 2.001451091241014524e+02
7.288499964716362229e+03 1.998573757173718093e+02
7.289290303033941200e+03 1.995456812702215643e+02
7.290080641351521081e+03 1.992341036411098685e+02
7.290870979669100052e+03 1.989719913209062270e+02
7.291661317986679933e+03 1.988204097593378776e+02
7.292451656304258904e+03 1.988372347711585348e+02
7.293241994621838785e+03 1.990642877635489754e+02
7.294032332939417756e+03 1.995133421859522400e+02
7.294822671256997637e+03 2.001638206747642243e+02
7.295613009574576608e+03 2.009698156566337843e+02
7.296403347892156489e+03 2.018645719603138105e+02
7.297193686209735461e+03 2.027729664169929720e+02
7.297984024527315341e+03 2.036289428317637942e+02
7.298774362844895222e+03 2.043883744428428599e+02
7.299564701162474194e+03 2.050322699975440628e+02
7.300355039480054074e+03 2.055617454111936127e+02
7.301145377797633046e+03 2.059888077680061826e+02
7.301935716115212927e+03 2.063269798531102879e+02
7.302726054432791898e+03 2.065844519769534031e+02
7.303516392750371779e+03 2.067609064303398156e+02
7.304306731067950750e+03 2.068478548572131217e+02
7.305097069385530631e+03 2.068352769829823501e+02
7.305887407703109602e+03 2.067203840059222557e+02
7.306677746020689483e+03 2.065140306425572021e+02
7.307468084338268454e+03 2.062453859579372875e+02
7.308258422655848335e+03 2.059588740966350144e+02
7.309048760973427306e+03 2.057046841003582358e+02
7.309839099291007187e+03 2.055285660907051124e+02
7.310629437608586159e+03 2.054636442338912161e+02
7.311419775926166039e+03 2.055266553157032945e+02
7.312210114243745011e+03 2.057143215100482507e+02
7.313000452561324892e+03 2.060060047515368638e+02
7.313790790878903863e+03 2.063694564859256957e+02
7.314581129196483744e+03 2.067615131392132639e+02
7.315371467514063625e+03 2.071320747762052576e+02
7.316161805831642596e+03 2.074362666868699421e+02
7.316952144149222477e+03 2.076454828763948512e+02
7.317742482466801448e+03 2.077496407214653971e+02
7.318532820784381329e+03 2.077575989241212540e+02
7.319323159101960300e+03 2.076908264577361081e+02
7.320113497419540181e+03 2.075712184063399661e+02
7.320903835737119152e+03 2.074149286167988748e+02
7.321694174054699033e+03 2.072289873880794175e+02
7.322484512372278004e+03 2.070114027402703698e+02
7.323274850689857885e+03 2.067568825916483490e+02
7.324065189007436857e+03 2.064635984731022234e+02
7.324855527325016737e+03 2.061424223502294808e+02
7.325645865642595709e+03 2.058237542278392311e+02
7.326436203960175590e+03 2.055557782044002977e+02
7.327226542277754561e+03 2.053916620072461114e+02
7.328016880595334442e+03 2.053717749466430860e+02
7.328807218912913413e+03 2.055146558820499081e+02
7.329597557230493294e+03 2.058134563245366735e+02
7.330387895548072265e+03 2.062406639866817670e+02
7.331178233865652146e+03 2.067616178242768115e+02
7.331968572183231117e+03 2.073461817843606241e+02
7.332758910500810998e+03 2.079767903554116515e+02
7.333549248818390879e+03 2.086493076911963271e+02
7.334339587135969850e+03 2.093664904196122052e+02
7.335129925453549731e+03 2.101278482737706099e+02
7.335920263771128703e+03 2.109239384560623591e+02
7.336710602088708583e+03 2.117356615592271964e+02
7.337500940406287555e+03 2.125339718942893228e+02
7.338291278723867435e+03 2.132839226553164735e+02
7.339081617041446407e+03 2.139519550547433369e+02
7.339871955359026288e+03 2.145091008878057437e+02
7.340662293676605259e+03 2.149314236927277761e+02
7.341452631994185140e+03 2.152026359137403517e+02
7.342242970311764111e+03 2.153151607449544258e+02
7.343033308629343992e+03 2.152727425291404870e+02
7.343823646946922963e+03 2.150950870651645914e+02
7.344613985264502844e+03 2.148164597892561005e+02
7.345404323582081815e+03 2.144801010500907239e+02
7.346194661899661696e+03 2.141299466038680634e+02
7.346985000217240668e+03 2.137978233643767112e+02
7.347775338534820548e+03 2.134926656844455124e+02
7.348565676852399520e+03 2.131990231536419174e+02
7.349356015169979401e+03 2.128839247842342388e+02
7.350146353487558372e+03 2.125111393683672816e+02
7.350936691805138253e+03 2.120541581425913478e+02
7.351727030122718133e+03 2.115041565205056031e+02
7.352517368440297105e+03 2.108712138313275375e+02
7.353307706757876986e+03 2.101771822143401778e+02
7.354098045075455957e+03 2.094517509029424502e+02
7.354888383393035838e+03 2.087309439327320320e+02
7.355678721710614809e+03 2.080567627352916134e+02
7.356469060028194690e+03 2.074731916901481554e+02
7.357259398345773661e+03 2.070190571041597138e+02
7.358049736663353542e+03 2.067213281149421960e+02
7.358840074980932513e+03 2.065816812945581660e+02
7.359630413298512394e+03 2.065714526904437207e+02
7.360420751616091366e+03 2.066426468734986770e+02
7.361211089933671246e+03 2.067451108642656550e+02
7.362001428251250218e+03 2.068498313164670321e+02
7.362791766568830099e+03 2.069658113691687333e+02
7.363582104886409070e+03 2.071387884046700947e+02
7.364372443203988951e+03 2.074319256134343163e+02
7.365162781521567922e+03 2.078985926893303713e+02
7.365953119839147803e+03 2.085621041378264522e+02
7.366743458156726774e+03 2.094100012030921221e+02
7.367533796474306655e+03 2.103993431416008093e+02
7.368324134791886536e+03 2.114664998480135125e+02
7.369114473109465507e+03 2.125451342221837763e+02
7.369904811427045388e+03 2.135842627024206308e+02
7.370695149744624359e+03 2.145502532366932087e+02
7.371485488062204240e+03 2.154220674874974577e+02
7.372275826379783211e+03 2.161883064991191077e+02
7.373066164697363092e+03 2.168429253733925179e+02
7.373856503014942064e+03 2.173817250999611304e+02
7.374646841332521944e+03 2.178029760820816136e+02
7.375437179650100916e+03 2.181069025649011337e+02
7.376227517967680797e+03 2.182934949105084002e+02
7.377017856285259768e+03 2.183614077976087060e+02
7.377808194602839649e+03 2.183044762152657654e+02
7.378598532920418620e+03 2.181117356074922782e+02
7.379388871237998501e+03 2.177719433103737288e+02
7.380179209555577472e+03 2.172752856236501771e+02
7.380969547873157353e+03 2.166190231666224975e+02
7.381759886190736324e+03 2.158119391686845461e+02
7.382550224508316205e+03 2.148693862015148284e+02
7.383340562825895177e+03 2.138143694297544926e+02
7.384130901143475057e+03 2.126775082070008125e+02
7.384921239461054029e+03 2.114923511130523934e+02
7.385711577778633909e+03 2.103008358029103420e+02
7.386501916096213790e+03 2.091567156915593841e+02
7.387292254413792762e+03 2.081214579223815804e+02
7.388082592731372642e+03 2.072604539241852990e+02
7.388872931048951614e+03 2.066375723697645981e+02
7.389663269366531495e+03 2.063030112711341530e+02
7.390453607684110466e+03 2.062818907982523342e+02
7.391243946001690347e+03 2.065709063645164747e+02
7.392034284319269318e+03 2.071322928156102421e+02
7.392824622636849199e+03 2.078991966067202952e+02
7.393614960954428170e+03 2.087939111339050839e+02
7.394405299272008051e+03 2.097386832963482277e+02
7.395195637589587022e+03 2.106630812414704792e+02
7.395985975907166903e+03 2.115065949217156458e+02
7.396776314224745875e+03 2.122223682576698707e+02
7.397566652542325755e+03 2.127810879386827594e+02
7.398356990859904727e+03 2.131716768691339610e+02
7.399147329177484607e+03 2.134049214137252193e+02
7.399937667495063579e+03 2.135124886712528962e+02
7.400728005812643460e+03 2.135432951948342293e+02
7.401518344130222431e+03 2.135558954993503562e+02
7.402308682447802312e+03 2.136009828382304647e+02
7.403099020765382193e+03 2.137038561150621945e+02
7.403889359082961164e+03 2.138550906145993622e+02
7.404679697400541045e+03 2.140131143529321207e+02
7.405470035718120016e+03 2.141184988457495706e+02
7.406260374035699897e+03 2.141125493467773140e+02
7.407050712353278868e+03 2.139560699611820382e+02
7.407841050670858749e+03 2.136397110167806090e+02
7.408631388988437720e+03 2.131804804524294639e+02
7.409421727306017601e+03 2.126167582108502074e+02
7.410212065623596573e+03 2.119988443284264577e+02
7.411002403941176453e+03 2.113747823291661803e+02
7.411792742258755425e+03 2.107815918038436962e+02
7.412583080576335306e+03 2.102393044468913104e+02
7.413373418893914277e+03 2.097506077742231412e+02
7.414163757211494158e+03 2.093078075270326508e+02
7.414954095529073129e+03 2.089045896207778128e+02
7.415744433846653010e+03 2.085458143202600922e+02
7.416534772164231981e+03 2.082491802093505839e+02
7.417325110481811862e+03 2.080406747019469549e+02
7.418115448799390833e+03 2.079413884201795213e+02
7.418905787116970714e+03 2.079574033761744545e+02
7.419696125434549685e+03 2.080789823483935095e+02
7.420486463752129566e+03 2.082835149932203649e+02
7.421276802069709447e+03 2.085469775698302328e+02
7.422067140387288418e+03 2.088574554194088364e+02
7.422857478704868299e+03 2.092232885865584535e+02
7.423647817022447271e+03 2.096700107613154955e+02
7.424438155340027151e+03 2.102310635979374069e+02
7.425228493657606123e+03 2.109750181385668384e+02
7.426018831975186004e+03 2.119947785181760764e+02
7.426809170292764975e+03 2.134532758948686819e+02
7.427599508610344856e+03 2.151299947475004046e+02
7.428389846927923827e+03 2.159372387826004456e+02
7.429180185245503708e+03 2.158462240043278939e+02
7.429970523563082679e+03 2.159989821771101219e+02
7.430760861880662560e+03 2.164443674937015771e+02
7.431551200198241531e+03 2.167329999954420714e+02
7.432341538515821412e+03 2.168415472262460924e+02
7.433131876833400383e+03 2.168680226456761488e+02
7.433922215150980264e+03 2.168849867270544109e+02
7.434712553468559236e+03 2.169326320287146075e+02
7.435502891786139116e+03 2.170102813895500162e+02
7.436293230103718088e+03 2.170905506975147432e+02
7.437083568421297969e+03 2.171286625598418141e+02
7.437873906738876940e+03 2.170766924710063108e+02
7.438664245056456821e+03 2.169005383032765906e+02
7.439454583374036702e+03 2.165886769863404879e+02
7.440244921691615673e+03 2.161573654951816934e+02
7.441035260009195554e+03 2.156474555876270074e+02
7.441825598326774525e+03 2.151151399582473118e+02
7.442615936644354406e+03 2.146213480182927356e+02
7.443406274961933377e+03 2.142237298446194131e+02
7.444196613279513258e+03 2.139582267205545349e+02
7.444986951597092229e+03 2.138380010891726215e+02
7.445777289914672110e+03 2.138657973805537154e+02
7.446567628232251081e+03 2.140224718703763642e+02
7.447357966549830962e+03 2.140451125298156114e+02
7.448148304867409934e+03 2.125327614383191417e+02
7.448938643184989814e+03 2.076495605871783710e+02
7.449728981502568786e+03 2.047264486531420857e+02
7.450519319820148667e+03 2.100053398994640474e+02
7.451309658137727638e+03 2.146520390734727641e+02
7.452099996455307519e+03 2.125399751842737430e+02
7.452890334772886490e+03 2.094325485160537710e+02
7.453680673090466371e+03 2.125851145316532325e+02
7.454471011408045342e+03 2.170522683802055894e+02
7.455261349725625223e+03 2.187196196405695332e+02
7.456051688043205104e+03 2.190402759071568823e+02
7.456842026360784075e+03 2.190694195725890268e+02
7.457632364678363956e+03 2.190007802506333974e+02
7.458422702995942927e+03 2.188466417227065506e+02
7.459213041313522808e+03 2.186016624634688128e+02
7.460003379631101780e+03 2.182684142246031911e+02
7.460793717948681660e+03 2.178670215617372037e+02
7.461584056266260632e+03 2.174361665175939038e+02
7.462374394583840512e+03 2.170357995352049443e+02
7.463164732901419484e+03 2.167367055537553426e+02
7.463955071218999365e+03 2.166002463479883318e+02
7.464745409536578336e+03 2.166635199895027881e+02
7.465535747854158217e+03 2.169282686079010034e+02
7.466326086171737188e+03 2.173571533440583039e+02
7.467116424489317069e+03 2.178739051379276930e+02
7.467906762806896040e+03 2.183899850860938727e+02
7.468697101124475921e+03 2.188270600791684046e+02
7.469487439442054892e+03 2.191250352302553210e+02
7.470277777759634773e+03 2.192565901488706857e+02
7.471068116077213745e+03 2.192294502448283424e+02
7.471858454394793625e+03 2.190840490821149729e+02
7.472648792712372597e+03 2.188788096728726202e+02
7.473439131029952478e+03 2.186686728320302677e+02
7.474229469347532358e+03 2.185027590150841661e+02
7.475019807665111330e+03 2.184180345248551305e+02
7.475810145982691211e+03 2.184318813417330603e+02
7.476600484300270182e+03 2.185402217615530844e+02
7.477390822617850063e+03 2.187229089503497335e+02
7.478181160935429034e+03 2.189492759084150748e+02
7.478971499253008915e+03 2.191879827350047947e+02
7.479761837570587886e+03 2.194154529548050903e+02
7.480552175888167767e+03 2.196081491185571508e+02
7.481342514205746738e+03 2.197532828282012360e+02
7.482132852523326619e+03 2.198565100546161375e+02
7.482923190840905590e+03 2.199277643043237731e+02
7.483713529158485471e+03 2.199695286461262640e+02
7.484503867476064443e+03 2.199849279395897383e+02
7.485294205793644323e+03 2.199776350136051519e+02
7.486084544111223295e+03 2.199338338011605742e+02
7.486874882428803176e+03 2.198193254278186828e+02
7.487665220746382147e+03 2.196034101652521713e+02
7.488455559063962028e+03 2.192661662291537823e+02
7.489245897381540999e+03 2.187923628115811425e+02
7.490036235699120880e+03 2.181783724981570174e+02
7.490826574016699851e+03 2.174412652835205790e+02
7.491616912334279732e+03 2.166167327182398594e+02
7.492407250651859613e+03 2.157514946306291677e+02
7.493197588969438584e+03 2.148951726413031906e+02
7.493987927287018465e+03 2.141014452422620309e+02
7.494778265604597436e+03 2.134322613604002754e+02
7.495568603922177317e+03 2.129452289487114740e+02
7.496358942239756288e+03 2.126797021459357211e+02
7.497149280557336169e+03 2.126554607081383210e+02
7.497939618874915141e+03 2.128669456400151887e+02
7.498729957192495021e+03 2.132701433582589061e+02
7.499520295510073993e+03 2.137950751592139227e+02
7.500310633827653874e+03 2.143648036608028633e+02
7.501100972145232845e+03 2.149049247345809022e+02
7.501891310462812726e+03 2.153625146155412438e+02
7.502681648780391697e+03 2.157136402806703757e+02
7.503471987097971578e+03 2.159521467781648028e+02
7.504262325415550549e+03 2.160870670842340928e+02
7.505052663733130430e+03 2.161352763362378937e+02
7.505843002050709401e+03 2.161094989747863906e+02
7.506633340368289282e+03 2.160311881202953543e+02
7.507423678685868254e+03 2.159277288319986496e+02
7.508214017003448134e+03 2.158146523964856556e+02
7.509004355321028015e+03 2.157025671589872786e+02
7.509794693638606986e+03 2.155983241191443369e+02
7.510585031956186867e+03 2.155114428927046220e+02
7.511375370273765839e+03 2.154812973608296716e+02
7.512165708591345719e+03 2.155540940512777865e+02
7.512956046908924691e+03 2.157709317629684733e+02
7.513746385226504572e+03 2.161637208104843637e+02
7.514536723544083543e+03 2.167383308472910244e+02
7.515327061861663424e+03 2.174709229764664542e+02
7.516117400179242395e+03 2.183115469688099779e+02
7.516907738496822276e+03 2.191851018361715262e+02
7.517698076814401247e+03 2.200180839869264560e+02
7.518488415131981128e+03 2.207548567829035164e+02
7.519278753449560099e+03 2.213428252209286313e+02
7.520069091767139980e+03 2.217307151590164551e+02
7.520859430084718952e+03 2.218098304535352270e+02
7.521649768402298832e+03 2.210694615258672115e+02
7.522440106719877804e+03 2.189001894486344213e+02
7.523230445037457685e+03 2.173446611064593412e+02
7.524020783355036656e+03 2.183708223767653465e+02
7.524811121672616537e+03 2.180991013387550481e+02
7.525601459990195508e+03 2.166549289811333097e+02
7.526391798307775389e+03 2.182671017752049352e+02
7.527182136625355270e+03 2.208922706963715257e+02
7.527972474942934241e+03 2.217873716766819143e+02
7.528762813260118492e+03 2.216118095722311807e+02
7.529553151577697463e+03 2.215352025492236407e+02
7.530343489895277344e+03 2.217181927612348886e+02
7.531133828212856315e+03 2.219350860623652579e+02
7.531924166530436196e+03 2.219822033616873966e+02
7.532714504848016077e+03 2.213433161453397702e+02
7.533504843165595048e+03 2.169923702282570730e+02
7.534295181483174929e+03 2.015933617489131393e+02
7.535085519800753900e+03 1.752960193205240955e+02
7.535875858118333781e+03 1.606331178802309694e+02
7.536666196435912752e+03 1.757453112129592228e+02
7.537456534753492633e+03 1.985936799083174265e+02
7.538246873071071604e+03 1.988261062919306141e+02
7.539037211388651485e+03 1.764653769346119816e+02
7.539827549706230457e+03 1.620599476751269776e+02
7.540617888023810337e+03 1.771894550805746178e+02
7.541408226341389309e+03 1.999183381212038739e+02
7.542198564658969190e+03 2.000076436218920435e+02
7.542988902976548161e+03 1.774914707557508677e+02
7.543779241294128042e+03 1.627611391064234567e+02
7.544569579611707013e+03 1.774831235855557452e+02
7.545359917929286894e+03 1.992698806799641034e+02
7.546150256246865865e+03 1.946900912270892263e+02
7.546940594564445746e+03 1.560320494833442808e+02
7.547730932882024717e+03 1.135000072983837782e+02
7.548521271199604598e+03 1.134630900483140579e+02
7.549311609517183570e+03 1.563845952125911936e+02
7.550101947834763450e+03 1.990529864127780684e+02
7.550892286152343331e+03 2.188781080711929690e+02
7.551682624469922303e+03 2.238694100387484411e+02
7.552472962787502183e+03 2.244918368578022978e+02
7.553263301105081155e+03 2.242535779645755269e+02
7.554053639422661035e+03 2.238564769518017954e+02
7.554843977740240007e+03 2.234834644383038267e+02
7.555634316057819888e+03 2.231440899191956646e+02
7.556424654375398859e+03 2.228653984373968342e+02
7.557214992692978740e+03 2.226963177332876853e+02
7.558005331010557711e+03 2.226567354283234010e+02
7.558795669328137592e+03 2.227168723739971483e+02
7.559586007645716563e+03 2.228313023742607584e+02
7.560376345963296444e+03 2.229674845489178949e+02
7.561166684280875415e+03 2.231068060163510154e+02
7.561957022598455296e+03 2.232416900841721770e+02
7.562747360916034268e+03 2.233643365136541092e+02
7.563537699233614148e+03 2.234520264660815485e+02
7.564328037551193120e+03 2.234764433658036751e+02
7.565118375868773001e+03 2.234244263197562361e+02
7.565908714186351972e+03 2.233037157185345905e+02
7.566699052503931853e+03 2.231379093645810485e+02
7.567489390821510824e+03 2.229534521669671108e+02
7.568279729139090705e+03 2.227688226835777527e+02
7.569070067456670586e+03 2.225956833852149828e+02
7.569860405774249557e+03 2.224411488081366315e+02
7.570650744091829438e+03 2.223120297522249018e+02
7.571441082409408409e+03 2.222236381064619763e+02
7.572231420726988290e+03 2.221913033936485533e+02
7.573021759044567261e+03 2.222069234769967920e+02
7.573812097362147142e+03 2.222399698221342419e+02
7.574602435679726113e+03 2.222606531621950410e+02
7.575392773997305994e+03 2.222513389712674439e+02
7.576183112314884966e+03 2.222049302971771283e+02
7.576973450632464846e+03 2.221194587357990713e+02
7.577763788950043818e+03 2.219916860481234266e+02
7.578554127267623699e+03 2.218137868755793534e+02
7.579344465585202670e+03 2.215699229394836038e+02
7.580134803902782551e+03 2.212366381031172011e+02
7.580925142220361522e+03 2.207946470315974352e+02
7.581715480537941403e+03 2.202391014720608950e+02
7.582505818855520374e+03 2.195788614870886022e+02
7.583296157173100255e+03 2.188362952549773297e+02
7.584086495490679226e+03 2.180505187656443695e+02
7.584876833808259107e+03 2.172706855696382888e+02
7.585667172125838988e+03 2.165433518624163014e+02
7.586457510443417959e+03 2.159049959269747205e+02
7.587247848760997840e+03 2.153851678913328271e+02
7.588038187078576811e+03 2.150037457597069590e+02
7.588828525396156692e+03 2.147609587392124695e+02
7.589618863713735664e+03 2.146402713326538105e+02
7.590409202031315544e+03 2.146217098934184833e+02
7.591199540348894516e+03 2.146835081427778960e+02
7.591989878666474397e+03 2.147989530864591075e+02
7.592780216984053368e+03 2.149452516149521557e+02
7.593570555301633249e+03 2.151098198243165314e+02
7.594360893619212220e+03 2.152855911279712302e+02
7.595151231936792101e+03 2.154656292636130956e+02
7.595941570254371072e+03 2.156403829492249997e+02
7.596731908571950953e+03 2.157985867312329731e+02
7.597522246889529924e+03 2.159317008152929134e+02
7.598312585207109805e+03 2.160298568708001028e+02
7.599102923524688777e+03 2.160793781817458239e+02
7.599893261842268657e+03 2.160710759298025323e+02
7.600683600159847629e+03 2.160038897648791760e+02
7.601473938477427509e+03 2.158806878673403276e+02
7.602264276795006481e+03 2.157070550860948970e+02
7.603054615112586362e+03 2.154927488435243959e+02
7.603844953430166242e+03 2.152499603844094054e+02
7.604635291747745214e+03 2.149887961582816729e+02
7.605425630065325095e+03 2.147157800238462073e+02
7.606215968382904066e+03 2.144364001534249269e+02
7.607006306700483947e+03 2.141542347893334011e+02
7.607796645018062918e+03 2.138680562024715073e+02
7.608586983335642799e+03 2.135748925052760114e+02
7.609377321653221770e+03 2.132771894318528325e+02
7.610167659970801651e+03 2.129803820898453637e+02
7.610957998288380622e+03 2.126827916012143191e+02
7.611748336605960503e+03 2.123737518857521707e+02
7.612538674923539475e+03 2.120398528045449211e+02
7.613329013241119355e+03 2.116659723463832279e+02
7.614119351558698327e+03 2.112334842875097252e+02
7.614909689876278208e+03 2.107290140387116821e+02
7.615700028193857179e+03 2.101619781996084839e+02
7.616490366511437060e+03 2.095691813618779520e+02
7.617280704829016031e+03 2.090059206227045081e+02
7.618071043146595912e+03 2.085385165396671709e+02
7.618861381464174883e+03 2.082339537009180219e+02
7.619651719781754764e+03 2.081430597930373096e+02
7.620442058099333735e+03 2.082901174816388448e+02
7.621232396416913616e+03 2.086693692071539203e+02
7.622022734734493497e+03 2.092422224521912426e+02
7.622813073052072468e+03 2.099439518912043354e+02
7.623603411369652349e+03 2.107001972893894219e+02
7.624393749687231320e+03 2.114439095630648637e+02
7.625184088004811201e+03 2.121272137084730787e+02
7.625974426322390173e+03 2.127228447816116272e+02
7.626764764639970053e+03 2.132177175923810069e+02
7.627555102957549025e+03 2.136133726117680567e+02
7.628345441275128906e+03 2.139265737379852226e+02
7.629135779592707877e+03 2.141791564839746229e+02
7.629926117910287758e+03 2.143879541092468344e+02
7.630716456227866729e+03 2.145650276599857307e+02
7.631506794545446610e+03 2.147206038775552770e+02
7.632297132863025581e+03 2.148578554694269087e+02
7.633087471180605462e+03 2.149716020095251849e+02
7.633877809498184433e+03 2.150540525616243315e+02
7.634668147815764314e+03 2.150998452718162355e+02
7.635458486133343285e+03 2.151053022602529552e+02
7.636248824450923166e+03 2.150683573647138189e+02
7.637039162768502138e+03 2.149918692436867218e+02
7.637829501086082018e+03 2.148885133446293025e+02
7.638619839403661899e+03 2.147768147269104304e+02
7.639410177721240871e+03 2.146755781485691728e+02
7.640200516038820751e+03 2.146022090967707641e+02
7.640990854356399723e+03 2.145704306042436542e+02
7.641781192673979604e+03 2.145850446939676033e+02
7.642571530991558575e+03 2.146356519837577252e+02
7.643361869309138456e+03 2.146996616821404018e+02
7.644152207626717427e+03 2.147518329846984102e+02
7.644942545944297308e+03 2.147674442118259037e+02
7.645732884261876279e+03 2.147230774727506173e+02
7.646523222579456160e+03 2.146044704547248898e+02
7.647313560897035131e+03 2.144083926956464836e+02
7.648103899214615012e+03 2.141344082422816655e+02
7.648894237532193983e+03 2.137802599460734712e+02
7.649684575849773864e+03 2.133430262925459715e+02
7.650474914167352836e+03 2.128188344338784646e+02
7.651265252484932716e+03 2.121991242199118233e+02
7.652055590802511688e+03 2.114710414930625859e+02
7.652845929120091569e+03 2.106256239512059665e+02
7.653636267437670540e+03 2.096622067105819269e+02
7.654426605755250421e+03 2.085878719652326936e+02
7.655216944072829392e+03 2.074160952449584840e+02
7.656007282390409273e+03 2.061658422362995111e+02
7.656797620707989154e+03 2.048641248518377438e+02
7.657587959025568125e+03 2.035410534985659297e+02
7.658378297343148006e+03 2.022200640680043762e+02
7.659168635660726977e+03 2.009311688788388892e+02
7.659958973978306858e+03 1.997241150614052856e+02
7.660749312295885829e+03 1.986400336640469106e+02
7.661539650613465710e+03 1.976898065410256606e+02
7.662329988931044682e+03 1.968775531561209391e+02
7.663120327248624562e+03 1.962182176977914310e+02
7.663910665566203534e+03 1.957339860420079276e+02
7.664701003883783414e+03 1.954544798928911860e+02
7.665491342201362386e+03 1.954191935766766051e+02
7.666281680518942267e+03 1.956669037481844384e+02
7.667072018836521238e+03 1.962136211453153578e+02
7.667862357154101119e+03 1.970423955068495161e+02
7.668652695471680090e+03 1.981040019793528018e+02
7.669443033789259971e+03 1.993145333217914299e+02
7.670233372106838942e+03 2.005737075751511043e+02
7.671023710424418823e+03 2.017973706351058922e+02
7.671814048741997794e+03 2.029273915739111089e+02
7.672604387059577675e+03 2.039269305319231762e+02
7.673394725377157556e+03 2.047792088520720313e+02
7.674185063694736527e+03 2.054866678882040958e+02
7.674975402012316408e+03 2.060637952956651020e+02
7.675765740329895380e+03 2.065289941490453316e+02
7.676556078647475260e+03 2.069010370118049593e+02
7.677346416965054232e+03 2.071981260882728009e+02
7.678136755282634113e+03 2.074382813342564873e+02
7.678927093600213084e+03 2.076369295264362904e+02
7.679717431917792965e+03 2.078056277416270063e+02
7.680507770235371936e+03 2.079540616961884893e+02
7.681298108552951817e+03 2.080936076577477536e+02
7.682088446870530788e+03 2.082327511261017037e+02
7.682878785188110669e+03 2.083718007302454680e+02
7.683669123505689640e+03 2.085040589228522947e+02
7.684459461823269521e+03 2.086182570290110050e+02
7.685249800140848492e+03 2.086981904376146417e+02
7.686040138458428373e+03 2.087235443611932624e+02
7.686830476776007345e+03 2.086758667747659501e+02
7.687620815093587225e+03 2.085445249323472581e+02
7.688411153411166197e+03 2.083274148894279847e+02
7.689201491728746078e+03 2.080322598126815592e+02
7.689991830046325049e+03 2.076796302035265853e+02
7.690782168363904930e+03 2.072984560576432500e+02
7.691572506681484811e+03 2.069212201607383008e+02
7.692362844999063782e+03 2.065771936689740187e+02
7.693153183316643663e+03 2.062863198016267461e+02
7.693943521634222634e+03 2.060560461334276852e+02
7.694733859951802515e+03 2.058767188465381821e+02
7.695524198269381486e+03 2.057243590541472713e+02
7.696314536586961367e+03 2.055744376137477047e+02
7.697104874904540338e+03 2.054141150247254188e+02
7.697895213222120219e+03 2.052461626104876302e+02
7.698685551539699190e+03 2.050920187987962606e+02
7.699475889857279071e+03 2.049891979124721502e+02
7.700266228174858043e+03 2.049763830152303967e+02
7.701056566492437923e+03 2.050797546373896125e+02
7.701846904810016895e+03 2.053053880959118942e+02
7.702637243127596776e+03 2.056289864133188416e+02
7.703427581445175747e+03 2.059942436197454754e+02
7.704217919762755628e+03 2.063299150783753930e+02
7.705008258080334599e+03 2.065702824923600360e+02
7.705798596397914480e+03 2.066667243275919645e+02
7.706588934715493451e+03 2.065890859792226024e+02
7.707379273033073332e+03 2.063248064602902332e+02
7.708169611350652303e+03 2.058800339404769488e+02
7.708959949668232184e+03 2.052791394627151931e+02
7.709750287985812065e+03 2.045582982215693164e+02
7.710540626303391036e+03 2.037612576728265594e+02
7.711330964620970917e+03 2.029370163736581105e+02
7.712121302938549888e+03 2.021420969931872662e+02
7.712911641256129769e+03 2.014332429074772790e+02
7.713701979573708741e+03 2.008588076774423712e+02
7.714492317891288621e+03 2.004551790295963087e+02
7.715282656208867593e+03 2.002454148627060988e+02
7.716072994526447474e+03 2.002397974393856828e+02
7.716863332844026445e+03 2.004270573187345690e+02
7.717653671161606326e+03 2.007689360483528276e+02
7.718444009479185297e+03 2.012070153669548631e+02
7.719234347796765178e+03 2.016734431879801832e+02
7.720024686114344149e+03 2.021030226699302546e+02
7.720815024431924030e+03 2.024504739265539399e+02
7.721605362749503001e+03 2.027004186778234498e+02
7.722395701067082882e+03 2.028658879620040523e+02
7.723186039384661854e+03 2.029830606646505373e+02
7.723976377702241734e+03 2.031018209901048692e+02
7.724766716019820706e+03 2.032730861936319968e+02
7.725557054337400587e+03 2.035344343799290527e+02
7.726347392654980467e+03 2.039029570771591011e+02
7.727137730972559439e+03 2.043769608449992461e+02
7.727928069290139319e+03 2.049446616994079875e+02
7.728718407607718291e+03 2.055910511364139666e+02
7.729508745925298172e+03 2.062941056066717067e+02
7.730299084242877143e+03 2.070194626345729318e+02
7.731089422560457024e+03 2.077300304192008582e+02
7.731879760878035995e+03 2.083993081116828989e+02
7.732670099195615876e+03 2.090090506914708612e+02
7.733460437513194847e+03 2.095455150958792103e+02
7.734250775830774728e+03 2.099998201086560243e+02
7.735041114148353699e+03 2.103680053699758616e+02
7.735831452465933580e+03 2.106473696540137439e+02
7.736621790783512552e+03 2.108338464373208581e+02
7.737412129101092432e+03 2.109190690376933048e+02
7.738202467418671404e+03 2.108890977571040253e+02
7.738992805736251285e+03 2.107292521335161837e+02
7.739783144053830256e+03 2.104287249106488957e+02
7.740573482371410137e+03 2.099816328937612298e+02
7.741363820688989108e+03 2.093901288705897628e+02
7.742154159006568989e+03 2.086680060481795351e+02
7.742944497324147960e+03 2.078399098888835965e+02
7.743734835641727841e+03 2.069358045350395798e+02
7.744525173959307722e+03 2.059855660891647062e+02
7.745315512276886693e+03 2.050186569772048983e+02
7.746105850594466574e+03 2.040656989868348319e+02
7.746896188912045545e+03 2.031593487214905167e+02
7.747686527229625426e+03 2.023374454902132129e+02
7.748476865547204397e+03 2.016505192946101488e+02
7.749267203864784278e+03 2.011594003216275155e+02
7.750057542182363250e+03 2.009189872584844920e+02
7.750847880499943130e+03 2.009635374170689488e+02
7.751638218817522102e+03 2.012984748885345709e+02
7.752428557135101983e+03 2.018975828646371724e+02
7.753218895452680954e+03 2.027055669907493893e+02
7.754009233770260835e+03 2.036451711549543688e+02
7.754799572087839806e+03 2.046310015083644771e+02
7.755589910405419687e+03 2.055858565897311223e+02
7.756380248722998658e+03 2.064519740433023003e+02
7.757170587040578539e+03 2.071939097286528977e+02
7.757960925358157510e+03 2.077978131390955525e+02
7.758751263675737391e+03 2.082659476940567060e+02
7.759541601993316362e+03 2.086161279182394424e+02
7.760331940310896243e+03 2.088796815109849945e+02
7.761122278628475215e+03 2.090894693696612308e+02
7.761912616946055095e+03 2.092682418018331703e+02
7.762702955263634976e+03 2.094273219754268212e+02
7.763493293581213948e+03 2.095705279777253622e+02
7.764283631898793828e+03 2.096963181925702315e+02
7.765073970216372800e+03 2.097994532604071765e+02
7.765864308533952681e+03 2.098733045045841550e+02
7.766654646851531652e+03 2.099133573117013043e+02
7.767444985169111533e+03 2.099205275590946087e+02
7.768235323486690504e+03 2.098990898390395614e+02
7.769025661804270385e+03 2.098528686867950910e+02
7.769816000121849356e+03 2.097842643810013783e+02
7.770606338439429237e+03 2.096929629438784559e+02
7.771396676757008208e+03 2.095786974308844890e+02
7.772187015074588089e+03 2.094433696737031596e+02
7.772977353392167061e+03 2.092920305101482654e+02
7.773767691709746941e+03 2.091318519491832149e+02
7.774558030027325913e+03 2.089686689024572104e+02
7.775348368344905793e+03 2.088050734020781647e+02
7.776138706662484765e+03 2.086414654822097532e+02
7.776929044980064646e+03 2.084729212778798910e+02
7.777719383297643617e+03 2.082911597367350396e+02
7.778509721615223498e+03 2.080909533163297738e+02
7.779300059932803379e+03 2.078715795121513850e+02
7.780090398250382350e+03 2.076388478967363085e+02
7.780880736567962231e+03 2.074081710091581385e+02
7.781671074885541202e+03 2.072035344324163191e+02
7.782461413203121083e+03 2.070493147559020031e+02
7.783251751520700054e+03 2.069570178894172159e+02
7.784042089838279935e+03 2.069176997479804356e+02
7.784832428155858906e+03 2.069080593607464493e+02
7.785622766473438787e+03 2.069002699640969354e+02
7.786413104791017759e+03 2.068694648127688538e+02
7.787203443108597639e+03 2.068041970826359091e+02
7.787993781426176611e+03 2.067137381789105177e+02
7.788784119743756492e+03 2.066251369146695538e+02
7.789574458061335463e+03 2.065766745344865853e+02
7.790364796378915344e+03 2.066051154018009868e+02
7.791155134696494315e+03 2.067317462695585277e+02
7.791945473014074196e+03 2.069543440809340495e+02
7.792735811331653167e+03 2.072466044765735660e+02
7.793526149649233048e+03 2.075645782930420751e+02
7.794316487966812019e+03 2.078585179702075720e+02
7.795106826284391900e+03 2.080840201453804355e+02
7.795897164601970871e+03 2.082128760061382309e+02
7.796687502919550752e+03 2.082398080565743896e+02
7.797477841237130633e+03 2.081820729885175751e+02
7.798268179554709604e+03 2.080743570533900311e+02
7.799058517872289485e+03 2.079604439370563114e+02
7.799848856189868457e+03 2.078855686134825760e+02
7.800639194507448337e+03 2.078868666386440793e+02
7.801429532825027309e+03 2.079840465023925162e+02
7.802219871142607190e+03 2.081755473985846834e+02
7.803010209460186161e+03 2.084407323958841403e+02
7.803800547777766042e+03 2.087434761758988202e+02
7.804590886095345013e+03 2.090406616259974442e+02
7.805381224412924894e+03 2.092920658283339890e+02
7.806171562730503865e+03 2.094693203904841994e+02
7.806961901048083746e+03 2.095603493839563498e+02
7.807752239365662717e+03 2.095697547039054598e+02
7.808542577683242598e+03 2.095170251057730866e+02
7.809332916000821569e+03 2.094333151100487669e+02
7.810123254318401450e+03 2.093544701246277668e+02
7.810913592635980422e+03 2.093151178887614208e+02
7.811703930953560302e+03 2.093443460692737403e+02
7.812494269271139274e+03 2.094600116052629346e+02
7.813284607588719155e+03 2.096655288578378418e+02
7.814074945906299035e+03 2.099493123524835596e+02
7.814865284223878007e+03 2.102877350516254182e+02
7.815655622541457888e+03 2.106498839605569060e+02
7.816445960859036859e+03 2.110028745865827773e+02
7.817236299176616740e+03 2.113174053968200781e+02
7.818026637494195711e+03 2.115721836128226698e+02
7.818816975811775592e+03 2.117577847324134268e+02
7.819607314129354563e+03 2.118778302627953281e+02
7.820397652446934444e+03 2.119431742980003719e+02
7.821187990764513415e+03 2.119643054240842162e+02
7.821978329082093296e+03 2.119443924801910271e+02
7.822768667399672267e+03 2.118799822436027966e+02
7.823559005717252148e+03 2.117652501749549572e+02
7.824349344034831120e+03 2.115947959272795629e+02
7.825139682352411000e+03 2.113629546607984651e+02
7.825930020669989972e+03 2.110626192574990512e+02
7.826720358987569853e+03 2.106887869396500719e+02
7.827510697305148824e+03 2.102415611710063104e+02
7.828301035622728705e+03 2.097260788801310696e+02
7.829091373940307676e+03 2.091482609722745565e+02
7.829881712257887557e+03 2.085123110670641040e+02
7.830672050575466528e+03 2.078250036279408448e+02
7.831462388893046409e+03 2.071006008110930168e+02
7.832252727210626290e+03 2.063624028112157021e+02
7.833043065528205261e+03 2.056407616857219978e+02
7.833833403845785142e+03 2.049710496551585379e+02
7.834623742163364113e+03 2.043928206370617318e+02
7.835414080480943994e+03 2.039434495298149841e+02
7.836204418798522966e+03 2.036479053491327420e+02
7.836994757116102846e+03 2.035134272095991150e+02
7.837785095433681818e+03 2.035323255599723211e+02
7.838575433751261698e+03 2.036822921927441143e+02
7.839365772068840670e+03 2.039289607046488868e+02
7.840156110386420551e+03 2.042334738561178824e+02
7.840946448703999522e+03 2.045607900615773929e+02
7.841736787021579403e+03 2.048842472715639929e+02
7.842527125339158374e+03 2.051883642447536999e+02
7.843317463656738255e+03 2.054654947552189412e+02
7.844107801974317226e+03 2.057097873200439153e+02
7.844898140291897107e+03 2.059171434043616387e+02
7.845688478609476078e+03 2.060841218450205190e+02
7.846478816927055959e+03 2.062029943149587723e+02
7.847269155244634931e+03 2.062630077972885942e+02
7.848059493562214811e+03 2.062548308828413042e+02
7.848849831879793783e+03 2.061704402955335240e+02
7.849640170197373664e+03 2.060077588606505969e+02
7.850430508514953544e+03 2.057744639223167269e+02
7.851220846832532516e+03 2.054864642973405466e+02
7.852011185150112397e+03 2.051671753309971677e+02
7.852801523467691368e+03 2.048441786706885068e+02
7.853591861785271249e+03 2.045434775482024179e+02
7.854382200102850220e+03 2.042911083419919862e+02
7.855172538420430101e+03 2.041146000264451459e+02
7.855962876738009072e+03 2.040425439343055132e+02
7.856753215055588953e+03 2.041027417651919222e+02
7.857543553373167924e+03 2.043158637155430029e+02
7.858333891690747805e+03 2.046893828865586045e+02
7.859124230008326776e+03 2.052165110202773235e+02
7.859914568325906657e+03 2.058707734381763998e+02
7.860704906643485629e+03 2.066034539381768695e+02
7.861495244961065509e+03 2.073578880670772833e+02
7.862285583278644481e+03 2.080828185520578870e+02
7.863075921596224362e+03 2.087396653591159748e+02
7.863866259913803333e+03 2.093059171044425568e+02
7.864656598231383214e+03 2.097718963861779287e+02
7.865446936548962185e+03 2.101329752992240856e+02
7.866237274866542066e+03 2.103872405621235657e+02
7.867027613184121947e+03 2.105327600718332519e+02
7.867817951501700918e+03 2.105667926243636430e+02
7.868608289819280799e+03 2.104883917705617478e+02
7.869398628136859770e+03 2.103020243356450578e+02
7.870188966454439651e+03 2.100206096910663121e+02
7.870979304772018622e+03 2.096651227076862369e+02
7.871769643089598503e+03 2.092609297813619378e+02
7.872559981407177474e+03 2.088281528673662422e+02
7.873350319724757355e+03 2.083798349519057922e+02
7.874140658042336327e+03 2.079300981515585818e+02
7.874930996359916207e+03 2.074963142036858414e+02
7.875721334677495179e+03 2.070928471905700690e+02
7.876511672995075060e+03 2.067289914201194847e+02
7.877302011312654031e+03 2.064093589186792883e+02
7.878092349630233912e+03 2.061351614026802395e+02
7.878882687947812883e+03 2.059052285160071847e+02
7.879673026265392764e+03 2.057161408508816294e+02
7.880463364582971735e+03 2.055640050211434300e+02
7.881253702900551616e+03 2.054466635187755514e+02
7.882044041218130587e+03 2.053630130790888018e+02
7.882834379535710468e+03 2.053134139838215049e+02
7.883624717853289440e+03 2.052973081460667117e+02
7.884415056170869320e+03 2.053081515129383661e+02
7.885205394488449201e+03 2.053362735828030452e+02
7.885995732806028172e+03 2.053701761999004702e+02
7.886786071123608053e+03 2.053958474317014691e+02
7.887576409441187025e+03 2.054010496846773322e+02
7.888366747758766905e+03 2.053793037329403148e+02
7.889157086076345877e+03 2.053291039513910050e+02
7.889947424393925758e+03 2.052530568955177159e+02
7.890737762711504729e+03 2.051537714453190802e+02
7.891528101029084610e+03 2.050292137685605098e+02
7.892318439346663581e+03 2.048725411031111605e+02
7.893108777664243462e+03 2.046763601794478404e+02
7.893899115981822433e+03 2.044377407253501815e+02
7.894689454299402314e+03 2.041624690260210002e+02
7.895479792616981285e+03 2.038694056633693776e+02
7.896270130934561166e+03 2.035885076227331751e+02
7.897060469252140138e+03 2.033528179997761640e+02
7.897850807569720018e+03 2.031901545209311166e+02
7.898641145887298990e+03 2.031187792560157845e+02
7.899431484204878871e+03 2.031430561383072586e+02
7.900221822522457842e+03 2.032479328872465203e+02
7.901012160840037723e+03 2.034031145238843976e+02
7.901802499157617603e+03 2.035745218547414197e+02
7.902592837475196575e+03 2.037306998415205044e+02
7.903383175792776456e+03 2.038453764857858346e+02
7.904173514110355427e+03 2.038971453211021867e+02
7.904963852427935308e+03 2.038677974962977260e+02
7.905754190745514279e+03 2.037436235812189693e+02
7.906544529063094160e+03 2.035151680519441584e+02
7.907334867380673131e+03 2.031766560441546972e+02
7.908125205698253012e+03 2.027281389499671604e+02
7.908915544015831983e+03 2.021768595481140665e+02
7.909705882333411864e+03 2.015399770062803668e+02
7.910496220650990836e+03 2.008448861464633524e+02
7.911286558968570716e+03 2.001257336137465757e+02
7.912076897286149688e+03 1.994264508825007169e+02
7.912867235603729569e+03 1.987962845224194552e+02
7.913657573921308540e+03 1.982791385852416681e+02
7.914447912238888421e+03 1.979098251785850380e+02
7.915238250556467392e+03 1.977093571310765867e+02
7.916028588874047273e+03 1.976769981170832580e+02
7.916818927191626244e+03 1.977925362237198499e+02
7.917609265509206125e+03 1.980240245792883513e+02
7.918399603826785096e+03 1.983372539578683131e+02
7.919189942144364977e+03 1.987033194201953279e+02
7.919980280461944858e+03 1.990979550017760857e+02
7.920770618779523829e+03 1.995000821991911835e+02
7.921560957097103710e+03 1.998902891825063648e+02
7.922351295414682681e+03 2.002509123420981609e+02
7.923141633732262562e+03 2.005674260299618652e+02
7.923931972049841534e+03 2.008296032221388430e+02
7.924722310367421414e+03 2.010313274794599181e+02
7.925512648685000386e+03 2.011718954957279095e+02
7.926302987002580267e+03 2.012544237269218002e+02
7.927093325320159238e+03 2.012823872454706020e+02
7.927883663637739119e+03 2.012579005878645830e+02
7.928674001955318090e+03 2.011808465376391268e+02
7.929464340272897971e+03 2.010507360800538095e+02
7.930254678590476942e+03 2.008677039849864059e+02
7.931045016908056823e+03 2.006356479494233724e+02
7.931835355225635794e+03 2.003634600238584085e+02
7.932625693543215675e+03 2.000604131827658421e+02
7.933416031860794646e+03 1.997304319684712937e+02
7.934206370178374527e+03 1.993740968721837703e+02
7.934996708495953499e+03 1.989914474576722796e+02
7.935787046813533379e+03 1.985805957622317237e+02
7.936577385131112351e+03 1.981392848902325454e+02
7.937367723448692232e+03 1.976719098933442638e+02
7.938158061766272112e+03 1.971921495947097753e+02
7.938948400083851084e+03 1.967198035324152841e+02
7.939738738401430965e+03 1.962733488786560656e+02
7.940529076719009936e+03 1.958625964860829640e+02
7.941319415036589817e+03 1.954892422333268769e+02
7.942109753354168788e+03 1.951490572985032372e+02
7.942900091671748669e+03 1.948380960404442988e+02
7.943690429989327640e+03 1.945632861599785031e+02
7.944480768306907521e+03 1.943453297134338982e+02
7.945271106624486492e+03 1.942134367623804110e+02
7.946061444942066373e+03 1.942043078932682079e+02
7.946851783259645345e+03 1.943521270329649155e+02
7.947642121577225225e+03 1.946765031075725005e+02
7.948432459894804197e+03 1.951767359839504934e+02
7.949222798212384077e+03 1.958305614769983833e+02
7.950013136529963049e+03 1.966001233511721580e+02
7.950803474847542930e+03 1.974402518998417122e+02
7.951593813165121901e+03 1.983038925314596952e+02
7.952384151482701782e+03 1.991452954003777904e+02
7.953174489800280753e+03 1.999234939460788496e+02
7.953964828117860634e+03 2.006076475538932584e+02
7.954755166435440515e+03 2.011818981000388931e+02
7.955545504753019486e+03 2.016447120760421399e+02
7.956335843070599367e+03 2.020101703451622939e+02
7.957126181388178338e+03 2.023042701098642624e+02
7.957916519705758219e+03 2.025559299627814767e+02
7.958706858023337190e+03 2.027926582239708182e+02
7.959497196340917071e+03 2.030357708123268878e+02
7.960287534658496043e+03 2.032976834507723538e+02
7.961077872976075923e+03 2.035832523578876589e+02
7.961868211293654895e+03 2.038918454024411346e+02
7.962658549611234776e+03 2.042187752893304662e+02
7.963448887928813747e+03 2.045594176625131126e+02
7.964239226246393628e+03 2.049100440606567304e+02
7.965029564563972599e+03 2.052672748782858889e+02
7.965819902881552480e+03 2.056271136370999102e+02
7.966610241199131451e+03 2.059822645748348009e+02
7.967400579516711332e+03 2.063211837901964714e+02
7.968190917834290303e+03 2.066286672997612186e+02
7.968981256151870184e+03 2.068887810044917046e+02
7.969771594469449155e+03 2.070893148869618017e+02
7.970561932787029036e+03 2.072265630825429525e+02
7.971352271104608008e+03 2.073047196200550388e+02
7.972142609422187888e+03 2.073328520119671055e+02
7.972932947739767769e+03 2.073212309280092143e+02
7.973723286057346741e+03 2.072777880988970480e+02
7.974513624374926621e+03 2.072047387550405233e+02
7.975303962692505593e+03 2.071002233744088130e+02
7.976094301010085474e+03 2.069621873545540325e+02
7.976884639327664445e+03 2.067926145102602220e+02
7.977674977645244326e+03 2.066002853180576722e+02
7.978465315962823297e+03 2.064021496119599419e+02
7.979255654280403178e+03 2.062245238611645846e+02
7.980045992597982149e+03 2.060969603153741332e+02
7.980836330915562030e+03 2.060430011531709624e+02
7.981626669233141001e+03 2.060738352072065709e+02
7.982417007550720882e+03 2.061834175989553728e+02
7.983207345868299853e+03 2.063463208071394206e+02
7.983997684185879734e+03 2.065248666886867568e+02
7.984788022503458706e+03 2.066807075292244349e+02
7.985578360821038586e+03 2.067862818949716086e+02
7.986368699138617558e+03 2.068314983035208456e+02
7.987159037456197439e+03 2.068237221096563871e+02
7.987949375773776410e+03 2.067856507207000050e+02
7.988739714091356291e+03 2.067450222217123041e+02
7.989530052408935262e+03 2.067217775664124702e+02
7.990320390726515143e+03 2.067204772639022110e+02
7.991110729044095024e+03 2.067285859808136195e+02
7.991901067361673995e+03 2.067177289149150567e+02
7.992691405679253876e+03 2.066533462896422293e+02
7.993481743996832847e+03 2.065071495876758263e+02
7.994272082314412728e+03 2.062650168544970484e+02
7.995062420631991699e+03 2.059290351335592106e+02
7.995852758949571580e+03 2.055156591749890254e+02
7.996643097267150551e+03 2.050529753557649428e+02
7.997433435584730432e+03 2.045756926905528417e+02
7.998223773902309404e+03 2.041214987749831948e+02
7.999014112219889284e+03 2.037283741600964504e+02
7.999804450537468256e+03 2.034310708741155906e+02
8.000594788855048137e+03 2.032559883937498455e+02
8.001385127172627108e+03 2.032181645670490866e+02
8.002175465490206989e+03 2.033207219413568509e+02
8.002965803807785960e+03 2.035553611761471018e+02
8.003756142125365841e+03 2.039027537366224010e+02
8.004546480442944812e+03 2.043356467331157091e+02
8.005336818760524693e+03 2.048251792766326389e+02
8.006127157078103664e+03 2.053442455264955981e+02
8.006917495395683545e+03 2.058691262122580383e+02
8.007707833713263426e+03 2.063805763483637179e+02
8.008498172030842397e+03 2.068660218186598740e+02
8.009288510348422278e+03 2.073200386299444062e+02
8.010078848666001250e+03 2.077447105093824575e+02
8.010869186983581130e+03 2.081465801511592417e+02
8.011659525301160102e+03 2.085328831278037001e+02
8.012449863618739982e+03 2.089069689392029261e+02
8.013240201936318954e+03 2.092649516048089708e+02
8.014030540253898835e+03 2.095972848889061595e+02
8.014820878571477806e+03 2.098897510196442795e+02
8.015611216889057687e+03 2.101246733606025714e+02
8.016401555206636658e+03 2.102864196153166745e+02
8.017191893524216539e+03 2.103673343379943503e+02
8.017982231841795510e+03 2.103650131172885267e+02
8.018772570159375391e+03 2.102814085395466464e+02
8.019562908476954362e+03 2.101230377560095803e+02
8.020353246794534243e+03 2.098958813418675788e+02
8.021143585112113215e+03 2.096014512597633939e+02
8.021933923429693095e+03 2.092359305187563336e+02
8.022724261747272067e+03 2.087938803257762856e+02
8.023514600064851948e+03 2.082733624276783644e+02
8.024304938382430919e+03 2.076830588640338533e+02
8.025095276700010800e+03 2.070461323950337942e+02
8.025885615017590681e+03 2.063999204329942927e+02
8.026675953335169652e+03 2.057952272100004620e+02
8.027466291652749533e+03 2.052939132788927736e+02
8.028256629970328504e+03 2.049594707691522331e+02
8.029046968287908385e+03 2.048443294912963211e+02
8.029837306605487356e+03 2.049785200377521051e+02
8.030627644923067237e+03 2.053591921508913174e+02
8.031417983240646208e+03 2.059515313147548454e+02
8.032208321558226089e+03 2.066941701704376726e+02
8.032998659875805060e+03 2.075114350074115919e+02
8.033788998193384941e+03 2.083304476100001352e+02
8.034579336510963913e+03 2.090931359500015674e+02
8.035369674828543793e+03 2.097563295520127440e+02
8.036160013146122765e+03 2.102910519699764791e+02
8.036950351463702646e+03 2.106848427422872874e+02
8.037740689781281617e+03 2.109348698737631196e+02
8.038531028098861498e+03 2.110394769054797450e+02
8.039321366416440469e+03 2.109973572464721769e+02
8.040111704734020350e+03 2.108086680168531757e+02
8.040902043051599321e+03 2.104747123407375966e+02
8.041692381369179202e+03 2.100041644080078242e+02
8.042482719686759083e+03 2.094150683220635187e+02
8.043273058004338054e+03 2.087320306686463880e+02
8.044063396321917935e+03 2.079855174017176864e+02
8.044853734639496906e+03 2.072118891329693611e+02
8.045644072957076787e+03 2.064539075518952131e+02
8.046434411274655758e+03 2.057596676092895223e+02
8.047224749592235639e+03 2.051840950906809553e+02
8.048015087909814611e+03 2.047791614391136932e+02
8.048805426227394491e+03 2.045795064126897387e+02
8.049595764544973463e+03 2.045966269538924962e+02
8.050386102862553344e+03 2.048205692025729832e+02
8.051176441180132315e+03 2.052204700641510158e+02
8.051966779497712196e+03 2.057501040189333139e+02
8.052757117815291167e+03 2.063600559639472181e+02
8.053547456132871048e+03 2.070052565122538226e+02
8.054337794450450019e+03 2.076526297453366396e+02
8.055128132768029900e+03 2.082781947960904745e+02
8.055918471085608871e+03 2.088609706877028316e+02
8.056708809403188752e+03 2.093884411637593814e+02
8.057499147720767724e+03 2.098531071706779585e+02
8.058289486038347604e+03 2.102397025641283221e+02
8.059079824355926576e+03 2.105348824742338252e+02
8.059870162673506456e+03 2.107325938141362940e+02
8.060660500991086337e+03 2.108266921094422059e+02
8.061450839308665309e+03 2.108121734361269830e+02
8.062241177626245189e+03 2.106877931985882810e+02
8.063031515943824161e+03 2.104590596002141751e+02
8.063821854261404042e+03 2.101378109530285769e+02
8.064612192578983013e+03 2.097358482349027327e+02
8.065402530896562894e+03 2.092568720380185709e+02
8.066192869214141865e+03 2.086946960654643419e+02
8.066983207531721746e+03 2.080450042660510235e+02
8.067773545849300717e+03 2.073235296646923302e+02
8.068563884166880598e+03 2.065595133574907436e+02
8.069354222484459569e+03 2.057786115281228376e+02
8.070144560802039450e+03 2.050181747631616815e+02
8.070934899119618422e+03 2.043329254410440967e+02
8.071725237437198302e+03 2.037722368187135658e+02
8.072515575754777274e+03 2.033656903467020811e+02
8.073305914072357155e+03 2.031269078653198221e+02
8.074096252389936126e+03 2.030575026238664123e+02
8.074886590707516007e+03 2.031509810616942957e+02
8.075676929025094978e+03 2.033920804033548109e+02
8.076467267342674859e+03 2.037509481405498661e+02
8.077257605660253830e+03 2.041868581195270735e+02
8.078047943977833711e+03 2.046546066079241655e+02
8.078838282295413592e+03 2.051081093840197695e+02
8.079628620612992563e+03 2.055053470104040230e+02
8.080418958930572444e+03 2.058122140384101044e+02
8.081209297248151415e+03 2.060103366523654813e+02
8.081999635565731296e+03 2.061050730345880879e+02
8.082789973883310267e+03 2.061169963705950749e+02
8.083580312200890148e+03 2.060747260648255690e+02
8.084370650518469120e+03 2.060080442585194476e+02
8.085160988836049000e+03 2.059333400668716081e+02
8.085951327153627972e+03 2.058551028600085147e+02
8.086741665471207853e+03 2.057691343107670718e+02
8.087532003788786824e+03 2.056602892906693683e+02
8.088322342106366705e+03 2.055090417963683649e+02
8.089112680423945676e+03 2.052970970361370746e+02
8.089903018741525557e+03 2.050081871577257289e+02
8.090693357059104528e+03 2.046382885412130861e+02
8.091483695376684409e+03 2.042070855122977662e+02
8.092274033694263380e+03 2.037565000090627905e+02
8.093064372011843261e+03 2.033351747633511195e+02
8.093854710329421323e+03 2.029867357223924387e+02
8.094645048647002113e+03 2.027488561713771560e+02
8.095435386964581994e+03 2.026429380923437407e+02
8.096225725282160965e+03 2.026673505641196584e+02
8.097016063599739937e+03 2.028036996093818232e+02
8.097806401917319818e+03 2.030314164148222744e+02
8.098596740234900608e+03 2.033343561834354603e+02
8.099387078552478670e+03 2.036970124582749122e+02
8.100177416870057641e+03 2.041042375317857704e+02
8.100967755187637522e+03 2.045373877582338196e+02
8.101758093505218312e+03 2.049770878655242257e+02
8.102548431822796374e+03 2.054071323829483049e+02
8.103338770140375345e+03 2.058067167488845257e+02
8.104129108457955226e+03 2.061524156937770726e+02
8.104919446775536017e+03 2.064321504942044498e+02
8.105709785093114078e+03 2.066478291160943286e+02
8.106500123410693050e+03 2.068087541368123539e+02
8.107290461728272930e+03 2.069260707671949717e+02
8.108080800045853721e+03 2.070098899038160880e+02
8.108871138363431783e+03 2.070690353490253983e+02
8.109661476681010754e+03 2.071107281531693047e+02
8.110451814998590635e+03 2.071412839343787482e+02
8.111242153316171425e+03 2.071631457335827236e+02
8.112032491633749487e+03 2.071757075001859221e+02
8.112822829951328458e+03 2.071785923985683837e+02
8.113613168268909249e+03 2.071730307760807932e+02
8.114403506586489129e+03 2.071664112832707474e+02
8.115193844904068101e+03 2.071704984763999846e+02
8.115984183221646163e+03 2.071978528307236047e+02
8.116774521539226953e+03 2.072660026794203532e+02
8.117564859856806834e+03 2.073952063921238675e+02
8.118355198174385805e+03 2.075979943790766811e+02
8.119145536491963867e+03 2.078762507068512946e+02
8.119935874809544657e+03 2.082205616394074355e+02
8.120726213127124538e+03 2.086106795778862022e+02
8.121516551444703509e+03 2.090213302087245211e+02
8.122306889762281571e+03 2.094251100739151639e+02
8.123097228079862361e+03 2.097968748351454735e+02
8.123887566397442242e+03 2.101133207890378003e+02
8.124677904715021214e+03 2.103556398730784167e+02
8.125468243032599275e+03 2.105207459801922596e+02
8.126258581350180066e+03 2.106189677385971208e+02
8.127048919667759947e+03 2.106662802374329431e+02
8.127839257985338918e+03 2.106858218784225585e+02
8.128629596302916980e+03 2.107017243757468918e+02
8.129419934620497770e+03 2.107305775552468390e+02
8.130210272938077651e+03 2.107805762203997801e+02
8.131000611255656622e+03 2.108489526284133149e+02
8.131790949573235594e+03 2.109330894233403058e+02
8.132581287890815474e+03 2.110404770945305017e+02
8.133371626208396265e+03 2.111783627758924808e+02
8.134161964525974327e+03 2.113450322976534039e+02
8.134952302843553298e+03 2.115319376747006572e+02
8.135742641161133179e+03 2.117255536243378629e+02
8.136532979478713969e+03 2.119115322037093279e+02
8.137323317796292031e+03 2.120801988699954563e+02
8.138113656113871002e+03 2.122235093858350581e+02
8.138903994431450883e+03 2.123334403937140848e+02
8.139694332749031673e+03 2.124090657288508623e+02
8.140484671066609735e+03 2.124550473073794592e+02
8.141275009384188706e+03 2.124762353426653476e+02
8.142065347701768587e+03 2.124778887374168903e+02
8.142855686019349378e+03 2.124667727221503242e+02
8.143646024336927439e+03 2.124498587475458180e+02
8.144436362654506411e+03 2.124329347245550821e+02
8.145226700972086292e+03 2.124167527460778615e+02
8.146017039289667082e+03 2.123945991424089925e+02
8.146807377607245144e+03 2.123562646833630936e+02
8.147597715924824115e+03 2.122969624950533785e+02
8.148388054242404905e+03 2.122228497075440714e+02
8.149178392559984786e+03 2.121460798911432448e+02
8.149968730877563758e+03 2.120791755201632043e+02
8.150759069195141819e+03 2.120354104398174400e+02
8.151549407512722610e+03 2.120296681555945781e+02
8.152339745830302491e+03 2.120726396317831473e+02
8.153130084147881462e+03 2.121639277260717620e+02
8.153920422465459524e+03 2.122942477933574423e+02
8.154710760783040314e+03 2.124463431534586277e+02
8.155501099100620195e+03 2.125999982626928499e+02
8.156291437418199166e+03 2.127422776942271128e+02
8.157081775735777228e+03 2.128658929952852645e+02
8.157872114053358018e+03 2.129581118607145527e+02
8.158662452370937899e+03 2.130039986343197711e+02
8.159452790688516870e+03 2.129948721144998842e+02
8.160243129006094932e+03 2.129319869227089725e+02
8.161033467323675723e+03 2.128283720079555223e+02
8.161823805641255603e+03 2.127044763688796252e+02
8.162614143958834575e+03 2.125843347051728642e+02
8.163404482276412637e+03 2.124896227874091608e+02
8.164194820593993427e+03 2.124340169896980512e+02
8.164985158911573308e+03 2.124209796083149513e+02
8.165775497229152279e+03 2.124393513053473725e+02
8.166565835546731250e+03 2.124678441996204015e+02
8.167356173864311131e+03 2.124892698437203080e+02
8.168146512181891922e+03 2.124957973646956759e+02
8.168936850499469983e+03 2.124881992292662289e+02
8.169727188817048955e+03 2.124771573442102692e+02
8.170517527134628835e+03 2.124763501142060136e+02
8.171307865452209626e+03 2.124967285182251544e+02
8.172098203769787688e+03 2.125435723989717189e+02
8.172888542087366659e+03 2.126102788078741241e+02
8.173678880404946540e+03 2.126813447872931420e+02
8.174469218722527330e+03 2.127374160103436793e+02
8.175259557040105392e+03 2.127584369091419205e+02
8.176049895357684363e+03 2.127254938036175815e+02
8.176840233675264244e+03 2.126219472526782397e+02
8.177630571992845034e+03 2.124290490270032024e+02
8.178420910310423096e+03 2.121291754958247111e+02
8.179211248628002068e+03 2.117164591225804315e+02
8.180001586945581948e+03 2.111960730203555272e+02
8.180791925263162739e+03 2.105819469283554213e+02
8.181582263580740801e+03 2.099024815232581318e+02
8.182372601898319772e+03 2.091999136880329786e+02
8.183162940215900562e+03 2.085194686981384393e+02
8.183953278533480443e+03 2.079085628569072242e+02
8.184743616851059414e+03 2.074139534271228626e+02
8.185533955168637476e+03 2.070666013939023173e+02
8.186324293486218266e+03 2.068808882545229437e+02
8.187114631803798147e+03 2.068557675235387592e+02
8.187904970121377119e+03 2.069687682996679712e+02
8.188695308438955180e+03 2.071723248415710827e+02
8.189485646756535971e+03 2.074012443325871971e+02
8.190275985074115852e+03 2.075825832858861304e+02
8.191066323391694823e+03 2.076440200284789910e+02
8.191856661709272885e+03 2.075240001881052194e+02
8.192647000026852766e+03 2.071838034762686789e+02
8.193437338344434465e+03 2.066180580697294999e+02
8.194227676662012527e+03 2.058610221967309144e+02
8.195018014979590589e+03 2.049839020265368390e+02
8.195808353297170470e+03 2.040828207670053871e+02
8.196598691614752170e+03 2.032508993623413858e+02
8.197389029932330232e+03 2.025521127640344048e+02
8.198179368249908293e+03 2.020209483820544563e+02
8.198969706567488174e+03 2.016679515476049573e+02
8.199760044885069874e+03 2.014705871391678613e+02
8.200550383202647936e+03 2.013843673116646755e+02
8.201340721520225998e+03 2.013647121662393147e+02
8.202131059837807697e+03 2.013721908810272225e+02
8.202921398155387578e+03 2.013746206162716419e+02
8.203711736472965640e+03 2.013551815059230421e+02
8.204502074790543702e+03 2.013119298118724600e+02
8.205292413108125402e+03 2.012516014991039128e+02
8.206082751425705283e+03 2.011834650451347102e+02
8.206873089743283344e+03 2.011138857711886203e+02
8.207663428060861406e+03 2.010496467662491966e+02
8.208453766378443106e+03 2.010021137405727814e+02
8.209244104696022987e+03 2.009811488375952990e+02
8.210034443013601049e+03 2.009911549579764483e+02
8.210824781331179111e+03 2.010295816803330240e+02
8.211615119648760810e+03 2.010897932825859300e+02
8.212405457966340691e+03 2.011687815682431619e+02
8.213195796283918753e+03 2.012712805906470805e+02
8.213986134601496815e+03 2.014050070953564671e+02
8.214776472919078515e+03 2.015751845986267767e+02
8.215566811236658396e+03 2.017850687091597308e+02
8.216357149554236457e+03 2.020311607661092239e+02
8.217147487871814519e+03 2.022969531967144121e+02
8.217937826189396219e+03 2.025573658260919387e+02
8.218728164506976100e+03 2.027909045226805347e+02
8.219518502824554162e+03 2.029886095816003149e+02
8.220308841142134042e+03 2.031619741940341441e+02
8.221099179459713923e+03 2.033460362076874333e+02
8.221889517777293804e+03 2.035863315218405774e+02
8.222679856094871866e+03 2.039178747022901064e+02
8.223470194412451747e+03 2.043586783117938808e+02
8.224260532730031628e+03 2.049148360820250900e+02
8.225050871047611508e+03 2.055657898353448161e+02
8.225841209365189570e+03 2.062536357875025601e+02
8.226631547682769451e+03 2.069107423751301553e+02
8.227421886000349332e+03 2.074800465310021309e+02
8.228212224317929213e+03 2.079154370753899457e+02
8.229002562635507275e+03 2.081941199157110418e+02
8.229792900953087155e+03 2.083199133910142677e+02
8.230583239270667036e+03 2.083097491609253211e+02
8.231373577588246917e+03 2.081946701768350181e+02
8.232163915905824979e+03 2.080136999176091877e+02
8.232954254223404860e+03 2.078033745820174545e+02
8.233744592540984740e+03 2.075969588921328750e+02
8.234534930858564621e+03 2.074169626880507735e+02
8.235325269176142683e+03 2.072722786178352408e+02
8.236115607493722564e+03 2.071613904201742002e+02
8.236905945811302445e+03 2.070755437632333553e+02
8.237696284128882326e+03 2.070069442237187332e+02
8.238486622446462206e+03 2.069535690384118709e+02
8.239276960764040268e+03 2.069185855493922190e+02
8.240067299081620149e+03 2.069108864669953789e+02
8.240857637399200030e+03 2.069427719624013093e+02
8.241647975716779911e+03 2.070225525319129076e+02
8.242438314034357973e+03 2.071510589526707236e+02
8.243228652351937853e+03 2.073202950321358173e+02
8.244018990669517734e+03 2.075115542770128627e+02
8.244809328987097615e+03 2.077026047962503412e+02
8.245599667304675677e+03 2.078766798423493185e+02
8.246390005622255558e+03 2.080211204190603098e+02
8.247180343939835439e+03 2.081204881664112349e+02
8.247970682257415319e+03 2.081632839417126775e+02
8.248761020574993381e+03 2.081523155132187526e+02
8.249551358892573262e+03 2.081020140349519920e+02
8.250341697210153143e+03 2.080297968117708649e+02
8.251132035527733024e+03 2.079495798421242796e+02
8.251922373845311085e+03 2.078692642203820355e+02
8.252712712162890966e+03 2.077898310541709748e+02
8.253503050480470847e+03 2.077116068235321791e+02
8.254293388798050728e+03 2.076427199139467348e+02
8.255083727115628790e+03 2.075979147257899626e+02
8.255874065433208671e+03 2.075930526544515828e+02
8.256664403750790370e+03 2.076440869999344159e+02
8.257454742068368432e+03 2.077673922542916785e+02
8.258245080385946494e+03 2.079728697651647735e+02
8.259035418703526375e+03 2.082574263513240567e+02
8.259825757021108075e+03 2.086046434691328955e+02
8.260616095338686137e+03 2.089860392003401444e+02
8.261406433656264198e+03 2.093632471703451188e+02
8.262196771973844079e+03 2.096956877420358296e+02
8.262987110291425779e+03 2.099499658608766595e+02
8.263777448609003841e+03 2.101021559774222851e+02
8.264567786926581903e+03 2.101407706732392171e+02
8.265358125244161783e+03 2.100704296652670848e+02
8.266148463561743483e+03 2.099067994996438813e+02
8.266938801879321545e+03 2.096706092656299916e+02
8.267729140196899607e+03 2.093855557395623919e+02
8.268519478514479488e+03 2.090759116247883753e+02
8.269309816832061188e+03 2.087609017541284970e+02
8.270100155149639249e+03 2.084541401063795547e+02
8.270890493467217311e+03 2.081658343698347835e+02
8.271680831784799011e+03 2.079003462413764680e+02
8.272471170102378892e+03 2.076565717265721673e+02
8.273261508419956954e+03 2.074334856386260526e+02
8.274051846737535016e+03 2.072328830664153827e+02
8.274842185055116715e+03 2.070570504527233879e+02
8.275632523372696596e+03 2.069102779346664533e+02
8.276422861690274658e+03 2.067999844700195240e+02
8.277213200007852720e+03 2.067317889958050330e+02
8.278003538325434420e+03 2.067052933111096991e+02
8.278793876643014300e+03 2.067149526535881137e+02
8.279584214960592362e+03 2.067493432864932004e+02
8.280374553278170424e+03 2.067889733560004402e+02
8.281164891595752124e+03 2.068105216064243450e+02
8.281955229913332005e+03 2.067939142952583325e+02
8.282745568230910067e+03 2.067244474064222004e+02
8.283535906548488128e+03 2.065947638252580134e+02
8.284326244866069828e+03 2.064076658955623884e+02
8.285116583183649709e+03 2.061722644698353406e+02
8.285906921501227771e+03 2.058979260112889733e+02
8.286697259818805833e+03 2.055948235018350658e+02
8.287487598136387533e+03 2.052764728397217482e+02
8.288277936453967413e+03 2.049542894697243298e+02
8.289068274771545475e+03 2.046345899134935848e+02
8.289858613089125356e+03 2.043226902679688806e+02
8.290648951406705237e+03 2.040216905965873480e+02
8.291439289724285118e+03 2.037301278306106838e+02
8.292229628041863180e+03 2.034455031426273592e+02
8.293019966359443060e+03 2.031681005023917237e+02
8.293810304677022941e+03 2.028995009482385399e+02
8.294600642994602822e+03 2.026432338598717138e+02
8.295390981312180884e+03 2.024061565169256482e+02
8.296181319629760765e+03 2.021947742890451707e+02
8.296971657947340645e+03 2.020118081143131690e+02
8.297761996264920526e+03 2.018553385827063948e+02
8.298552334582498588e+03 2.017192869596412947e+02
8.299342672900078469e+03 2.015934816859892749e+02
8.300133011217658350e+03 2.014670691027498606e+02
8.300923349535238231e+03 2.013289176920353327e+02
8.301713687852816292e+03 2.011605095639248475e+02
8.302504026170396173e+03 2.009347245775219903e+02
8.303294364487976054e+03 2.006284484526933625e+02
8.304084702805555935e+03 2.002352017876223158e+02
8.304875041123133997e+03 1.997629151016315063e+02
8.305665379440713878e+03 1.992322124743508880e+02
8.306455717758293758e+03 1.986779701861332228e+02
8.307246056075873639e+03 1.981436075995518422e+02
8.308036394393453520e+03 1.976737969316581029e+02
8.308826732711031582e+03 1.973103533941524006e+02
8.309617071028611463e+03 1.970877256834747868e+02
8.310407409346191344e+03 1.970272797468874728e+02
8.311197747663771224e+03 1.971365600387779864e+02
8.311988085981349286e+03 1.974129283388643046e+02
8.312778424298929167e+03 1.978410242320939005e+02
8.313568762616509048e+03 1.983896193506506052e+02
8.314359100934088929e+03 1.990183631266660313e+02
8.315149439251666990e+03 1.996862890288553558e+02
8.315939777569246871e+03 2.003491937518738837e+02
8.316730115886826752e+03 2.009570252989743153e+02
8.317520454204406633e+03 2.014655030114373062e+02
8.318310792521984695e+03 2.018460566186524545e+02
8.319101130839564576e+03 2.020836786584086440e+02
8.319891469157144456e+03 2.021755639012040433e+02
8.320681807474724337e+03 2.021289686814676543e+02
8.321472145792302399e+03 2.019557388997932321e+02
8.322262484109882280e+03 2.016702750879365169e+02
8.323052822427462161e+03 2.012875907721706312e+02
8.323843160745042042e+03 2.008189648510117706e+02
8.324633499062620103e+03 2.002745076493111469e+02
8.325423837380199984e+03 1.996717067874006943e+02
8.326214175697781684e+03 1.990363544827107489e+02
8.327004514015359746e+03 1.984014222132943814e+02
8.327794852332937808e+03 1.978085266470291685e+02
8.328585190650517688e+03 1.972997571530708569e+02
8.329375528968099388e+03 1.969026741490267227e+02
8.330165867285677450e+03 1.966279266701974393e+02
8.330956205603255512e+03 1.964750131619985041e+02
8.331746543920835393e+03 1.964272953487001132e+02
8.332536882238417093e+03 1.964517176585658262e+02
8.333327220555995154e+03 1.965180510554549187e+02
8.334117558873573216e+03 1.966120285349458072e+02
8.334907897191153097e+03 1.967293915780538782e+02
8.335698235508734797e+03 1.968694284778742940e+02
8.336488573826312859e+03 1.970308153605539019e+02
8.337278912143890921e+03 1.972063389734269379e+02
8.338069250461470801e+03 1.973834390376181034e+02
8.338859588779052501e+03 1.975502677952075032e+02
8.339649927096630563e+03 1.976982101340080362e+02
8.340440265414208625e+03 1.978206176301434880e+02
8.341230603731790325e+03 1.979120190196959470e+02
8.342020942049370205e+03 1.979686683047672773e+02
8.342811280366948267e+03 1.979863813401131836e+02
8.343601618684526329e+03 1.979620256884475111e+02
8.344391957002108029e+03 1.978985535883916214e+02
8.345182295319687910e+03 1.978059886832162988e+02
8.345972633637265972e+03 1.977005525314116881e+02
8.346762971954844033e+03 1.976042107527541134e+02
8.347553310272425733e+03 1.975430862895037194e+02
8.348343648590005614e+03 1.975405524793754921e+02
8.349133986907583676e+03 1.976123025354304730e+02
8.349924325225161738e+03 1.977662038513358880e+02
8.350714663542743438e+03 1.979991036413625807e+02
8.351505001860323318e+03 1.982954881469526072e+02
8.352295340177901380e+03 1.986342224408251127e+02
8.353085678495479442e+03 1.989891063479493312e+02
8.353876016813061142e+03 1.993290756918067927e+02
8.354666355130641023e+03 1.996293174170079396e+02
8.355456693448219085e+03 1.998768049981455590e+02
8.356247031765797146e+03 2.000650814235536927e+02
8.357037370083378846e+03 2.001917390343560328e+02
8.357827708400958727e+03 2.002577212926001664e+02
8.358618046718536789e+03 2.002651224012052182e+02
8.359408385036116670e+03 2.002152434838790214e+02
8.360198723353696550e+03 2.001095670034766840e+02
8.360989061671276431e+03 1.999530526384261293e+02
8.361779399988854493e+03 1.997536776904075566e+02
8.362569738306434374e+03 1.995256674243321982e+02
8.363360076624014255e+03 1.992942564012059847e+02
8.364150414941594136e+03 1.990933387321261989e+02
8.364940753259172197e+03 1.989622414880172414e+02
8.365731091576752078e+03 1.989431271024449757e+02
8.366521429894331959e+03 1.990642925401918433e+02
8.367311768211911840e+03 1.993234541826573718e+02
8.368102106529489902e+03 1.996932036766037868e+02
8.368892444847069783e+03 2.001326323033597987e+02
8.369682783164649663e+03 2.005909550127180410e+02
8.370473121482229544e+03 2.010168172071493302e+02
8.371263459799807606e+03 2.013712791560683684e+02
8.372053798117387487e+03 2.016320770371100366e+02
8.372844136434967368e+03 2.017896930612326685e+02
8.373634474752547248e+03 2.018436998123585226e+02
8.374424813070125310e+03 2.017978862494941836e+02
8.375215151387705191e+03 2.016528750305781728e+02
8.376005489705285072e+03 2.014061332352106319e+02
8.376795828022864953e+03 2.010576727418523433e+02
8.377586166340444834e+03 2.006107022316807615e+02
8.378376504658022895e+03 2.000719086265697513e+02
8.379166842975602776e+03 1.994534477487605386e+02
8.379957181293182657e+03 1.987691240285761580e+02
8.380747519610762538e+03 1.980298957162724491e+02
8.381537857928340600e+03 1.972467920694495547e+02
8.382328196245920481e+03 1.964362368314414198e+02
8.383118534563500361e+03 1.956215809202775517e+02
8.383908872881080242e+03 1.948333411936728510e+02
8.384699211198658304e+03 1.941092614444179389e+02
8.385489549516238185e+03 1.934879870419217696e+02
8.386279887833818066e+03 1.930024703728479949e+02
8.387070226151397947e+03 1.926809494602297832e+02
8.387860564468976008e+03 1.925491981903410874e+02
8.388650902786555889e+03 1.926290884041620757e+02
8.389441241104135770e+03 1.929384925415513976e+02
8.390231579421715651e+03 1.934869722499790612e+02
8.391021917739293713e+03 1.942631037225837360e+02
8.391812256056873593e+03 1.952264986080636220e+02
8.392602594374453474e+03 1.963152339805620556e+02
8.393392932692033355e+03 1.974499844390248882e+02
8.394183271009611417e+03 1.985399326671996221e+02
8.394973609327191298e+03 1.995060150719652370e+02
8.395763947644772998e+03 2.003020457935448349e+02
8.396554285962351059e+03 2.009135358737443653e+02
8.397344624279929121e+03 2.013517250097505098e+02
8.398134962597509002e+03 2.016500799074900954e+02
8.398925300915090702e+03 2.018544540158310951e+02
8.399715639232668764e+03 2.020090231814904200e+02
8.400505977550246826e+03 2.021501373749821369e+02
8.401296315867826706e+03 2.023046834992837830e+02
8.402086654185408406e+03 2.024866752604886813e+02
8.402876992502986468e+03 2.027012189701210332e+02
8.403667330820564530e+03 2.029512007035680199e+02
8.404457669138144411e+03 2.032336666499566036e+02
8.405248007455726110e+03 2.035329231298340460e+02
8.406038345773304172e+03 2.038239887609728953e+02
8.406828684090882234e+03 2.040798571453859722e+02
8.407619022408462115e+03 2.042730445055034068e+02
8.408409360726043815e+03 2.043794486696312163e+02
8.409199699043621877e+03 2.043840442176165766e+02
8.409990037361199938e+03 2.042806766614954768e+02
8.410780375678779819e+03 2.040735585859113712e+02
8.411570713996361519e+03 2.037826225719518334e+02
8.412361052313939581e+03 2.034389435568702993e+02
8.413151390631517643e+03 2.030767446765449051e+02
8.413941728949099343e+03 2.027316278984852147e+02
8.414732067266679223e+03 2.024328962511600594e+02
8.415522405584257285e+03 2.021919592328805493e+02
8.416312743901835347e+03 2.020042143176253830e+02
8.417103082219417047e+03 2.018484107255621893e+02
8.417893420536996928e+03 2.016931236593056269e+02
8.418683758854574990e+03 2.015168123726624572e+02
8.419474097172153051e+03 2.013015482432728049e+02
8.420264435489734751e+03 2.010331670319047817e+02
8.421054773807314632e+03 2.007150392142442854e+02
8.421845112124892694e+03 2.003418477101958217e+02
8.422635450442470756e+03 1.998975853104085445e+02
8.423425788760052455e+03 1.993911097037070022e+02
8.424216127077632336e+03 1.988531807712757882e+02
8.425006465395210398e+03 1.983171752715169873e+02
8.425796803712788460e+03 1.978228366984327522e+02
8.426587142030370160e+03 1.974157736929132625e+02
8.427377480347950041e+03 1.971349194455950737e+02
8.428167818665528102e+03 1.969968647356558336e+02
8.428958156983107983e+03 1.969883536641175965e+02
8.429748495300687864e+03 1.970641593911377925e+02
8.430538833618267745e+03 1.971539432277204469e+02
8.431329171935845807e+03 1.971739609957360528e+02
8.432119510253425688e+03 1.970460560458292889e+02
8.432909848571005568e+03 1.967205495881044612e+02
8.433700186888585449e+03 1.961868727248022992e+02
8.434490525206163511e+03 1.954754235320540374e+02
8.435280863523743392e+03 1.946568510874964488e+02
8.436071201841323273e+03 1.938254385591516780e+02
8.436861540158903153e+03 1.930749546544374766e+02
8.437651878476481215e+03 1.924828894731270452e+02
8.438442216794061096e+03 1.920983188179143326e+02
8.439232555111640977e+03 1.919330838551080660e+02
8.440022893429220858e+03 1.919656344671099646e+02
8.440813231746798920e+03 1.921559410651319126e+02
8.441603570064378800e+03 1.924572470733959051e+02
8.442393908381958681e+03 1.928215502009575175e+02
8.443184246699538562e+03 1.932077416725500711e+02
8.443974585017116624e+03 1.935847721696772226e+02
8.444764923334696505e+03 1.939286698765323536e+02
8.445555261652276386e+03 1.942262185225863504e+02
8.446345599969856266e+03 1.944776020179203897e+02
8.447135938287436147e+03 1.946915891189129297e+02
8.447926276605014209e+03 1.948817170396049505e+02
8.448716614922594090e+03 1.950625373405459584e+02
8.449506953240173971e+03 1.952433937114282116e+02
8.450297291557753852e+03 1.954260897452020913e+02
8.451087629875331913e+03 1.956086356985042585e+02
8.451877968192911794e+03 1.957856742007737978e+02
8.452668306510491675e+03 1.959451537960478049e+02
8.453458644828071556e+03 1.960722137167656456e+02
8.454248983145649618e+03 1.961540776983147794e+02
8.455039321463229498e+03 1.961803423665967330e+02
8.455829659780809379e+03 1.961470948275625119e+02
8.456619998098389260e+03 1.960625945068590568e+02
8.457410336415967322e+03 1.959447235823456595e+02
8.458200674733547203e+03 1.958150378001638501e+02
8.458991013051127084e+03 1.956943013896714660e+02
8.459781351368706964e+03 1.955941285817136190e+02
8.460571689686285026e+03 1.955082120947376438e+02
8.461362028003864907e+03 1.954142461524694738e+02
8.462152366321444788e+03 1.952799597084353422e+02
8.462942704639024669e+03 1.950685322656574954e+02
8.463733042956602731e+03 1.947490199161580904e+02
8.464523381274182611e+03 1.943086564096829818e+02
8.465313719591764311e+03 1.937562112542459261e+02
8.466104057909342373e+03 1.931214469372609130e+02
8.466894396226920435e+03 1.924552376639576607e+02
8.467684734544500316e+03 1.918213147605451354e+02
8.468475072862082015e+03 1.912834265976725305e+02
8.469265411179660077e+03 1.908978949667337588e+02
8.470055749497238139e+03 1.907058998502861584e+02
8.470846087814818020e+03 1.907239377543592695e+02
8.471636426132399720e+03 1.909418578669769886e+02
8.472426764449977782e+03 1.913280076136896923e+02
8.473217102767555843e+03 1.918354760866334630e+02
8.474007441085135724e+03 1.924109277956144979e+02
8.474797779402717424e+03 1.930073917777777979e+02
8.475588117720295486e+03 1.935908972320606267e+02
8.476378456037873548e+03 1.941387176481131576e+02
8.477168794355453429e+03 1.946416673962178265e+02
8.477959132673035128e+03 1.951013653472402325e+02
8.478749470990613190e+03 1.955209490266087755e+02
8.479539809308191252e+03 1.959032346858115261e+02
8.480330147625771133e+03 1.962517586267439356e+02
8.481120485943352833e+03 1.965692016187919080e+02
8.481910824260930895e+03 1.968585003540010803e+02
8.482701162578508956e+03 1.971239298964759428e+02
8.483491500896090656e+03 1.973701635257443741e+02
8.484281839213670537e+03 1.975943216606624162e+02
8.485072177531248599e+03 1.977885598614114997e+02
8.485862515848826661e+03 1.979398701410260060e+02
8.486652854166408360e+03 1.980370608317640517e+02
8.487443192483988241e+03 1.980660076870204591e+02
8.488233530801566303e+03 1.978636083640531638e+02
8.489023869119144365e+03 1.967895811243390085e+02
8.489814207436726065e+03 1.920345839612883196e+02
8.490604545754305946e+03 1.788652018205161198e+02
8.491394884071884007e+03 1.550957483133868209e+02
8.492185222389462069e+03 1.288126380808020883e+02
8.492975560707043769e+03 1.219518777978862261e+02
8.493765899024623650e+03 1.417317278809171626e+02
8.494556237342201712e+03 1.670272390992413989e+02
8.495346575659779774e+03 1.806225578238216372e+02
8.496136913977361473e+03 1.830834342859531603e+02
8.496927252294941354e+03 1.813240750348270183e+02
8.497717590612519416e+03 1.789619364598395350e+02
8.498507928930097478e+03 1.768181867851874927e+02
8.499298267247679178e+03 1.751967258764602207e+02
8.500088605565259058e+03 1.742339553559135652e+02
8.500878943882837120e+03 1.740001429924498098e+02
8.501669282200417001e+03 1.744913136447186730e+02
8.502459620517996882e+03 1.756280165797055872e+02
8.503249958835576763e+03 1.772745970515375689e+02
8.504040297153154825e+03 1.792689849096716443e+02
8.504830635470734705e+03 1.814502147755772512e+02
8.505620973788314586e+03 1.836752100256867379e+02
8.506411312105894467e+03 1.858211795992742168e+02
8.507201650423472529e+03 1.877870973350416079e+02
8.507991988741052410e+03 1.894989474270980452e+02
8.508782327058632291e+03 1.909063008373805417e+02
8.509572665376212171e+03 1.919739374562313401e+02
8.510363003693790233e+03 1.926820886774265205e+02
8.511153342011370114e+03 1.930336843353098288e+02
8.511943680328949995e+03 1.930570844366660594e+02
8.512734018646529876e+03 1.928021692825266200e+02
8.513524356964107938e+03 1.923404454302041700e+02
8.514314695281687818e+03 1.917620769945123413e+02
8.515105033599267699e+03 1.911634620667796298e+02
8.515895371916847580e+03 1.906370843491197320e+02
8.516685710234425642e+03 1.902622389116583292e+02
8.517476048552005523e+03 1.900916019359410711e+02
8.518266386869585403e+03 1.901440183768995666e+02
8.519056725187165284e+03 1.904085106028416021e+02
8.519847063504745165e+03 1.908500600809396133e+02
8.520637401822323227e+03 1.914138108396602149e+02
8.521427740139903108e+03 1.920381195955891371e+02
8.522218078457482989e+03 1.926648847794661492e+02
8.523008416775062869e+03 1.932407315335160547e+02
8.523798755092640931e+03 1.937215588592501092e+02
8.524589093410220812e+03 1.940770493232979561e+02
8.525379431727800693e+03 1.942895987583269743e+02
8.526169770045380574e+03 1.943540939602346214e+02
8.526960108362958636e+03 1.942763146962996075e+02
8.527750446680538516e+03 1.940653193692757554e+02
8.528540784998118397e+03 1.937265071149665800e+02
8.529331123315698278e+03 1.932612762421160824e+02
8.530121461633276340e+03 1.926607814848897817e+02
8.530911799950856221e+03 1.919034561633028488e+02
8.531702138268436101e+03 1.909625263974214704e+02
8.532492476586015982e+03 1.898028573284765059e+02
8.533282814903594044e+03 1.883806096782662962e+02
8.534073153221173925e+03 1.866528852731252641e+02
8.534863491538753806e+03 1.845844498586000668e+02
8.535653829856333687e+03 1.821490208550610532e+02
8.536444168173911748e+03 1.793302547678665633e+02
8.537234506491491629e+03 1.761296428906914002e+02
8.538024844809073329e+03 1.725731632531190485e+02
8.538815183126651391e+03 1.687332476737488491e+02
8.539605521444229453e+03 1.647447984108468972e+02
8.540395859761809334e+03 1.607767702750779790e+02
8.541186198079391033e+03 1.570230063808625687e+02
8.541976536396969095e+03 1.537096158148141285e+02
8.542766874714547157e+03 1.510702765770286646e+02
8.543557213032127038e+03 1.493121207035578095e+02
8.544347551349708738e+03 1.485764693911598897e+02
8.545137889667286800e+03 1.489161238749541383e+02
8.545928227984864861e+03 1.502855880357338947e+02
8.546718566302444742e+03 1.525534305156566575e+02
8.547508904620026442e+03 1.555331478709461521e+02
8.548299242937604504e+03 1.590113018268644396e+02
8.549089581255182566e+03 1.627634389293084212e+02
8.549879919572762446e+03 1.665917331661032108e+02
8.550670257890344146e+03 1.703579705701534408e+02
8.551460596207922208e+03 1.739636213459873488e+02
8.552250934525500270e+03 1.773324751386844582e+02
8.553041272843081970e+03 1.804167713749334325e+02
8.553831611160661851e+03 1.831859060073013836e+02
8.554621949478239912e+03 1.856243905355908055e+02
8.555412287795817974e+03 1.877352998978039693e+02
8.556202626113399674e+03 1.895451034240670083e+02
8.556992964430979555e+03 1.911002686674057145e+02
8.557783302748557617e+03 1.924500268457446737e+02
8.558573641066135679e+03 1.936362739154553481e+02
8.559363979383717378e+03 1.946889861094110756e+02
8.560154317701297259e+03 1.956309502141261873e+02
8.560944656018875321e+03 1.964795820512990758e+02
8.561734994336453383e+03 1.972421330125594068e+02
8.562525332654035083e+03 1.979195698751113355e+02
8.563315670971614963e+03 1.985107751011566393e+02
8.564106009289193025e+03 1.990117677543993295e+02
8.564896347606771087e+03 1.994211144435527103e+02
8.565686685924352787e+03 1.997445527861591188e+02
8.566477024241932668e+03 1.999919909829575317e+02
8.567267362559510730e+03 2.001749817244644873e+02
8.568057700877088791e+03 2.003075253358952068e+02
8.568848039194670491e+03 2.004033210878108662e+02
8.569638377512250372e+03 2.004721241515983365e+02
8.570428715829828434e+03 2.005229260336955690e+02
8.571219054147408315e+03 2.005638980914050364e+02
8.572009392464988196e+03 2.005984800856930690e+02
8.572799730782568076e+03 2.006289142686799210e+02
8.573590069100146138e+03 2.006561540587447894e+02
8.574380407417726019e+03 2.006764021410461396e+02
8.575170745735305900e+03 2.006838271755391645e+02
8.575961084052885781e+03 2.006730663270300568e+02
8.576751422370463843e+03 2.006368680799953381e+02
8.577541760688043723e+03 2.005657235469012107e+02
8.578332099005623604e+03 2.004498028831675924e+02
8.579122437323203485e+03 2.002780605492177415e+02
8.579912775640781547e+03 2.000404917218690457e+02
8.580703113958361428e+03 1.997354762592087525e+02
8.581493452275941308e+03 1.993721486278839166e+02
8.582283790593521189e+03 1.989689967081330337e+02
8.583074128911099251e+03 1.985570453783503808e+02
8.583864467228679132e+03 1.981730248333492455e+02
8.584654805546259013e+03 1.978476128268684135e+02
8.585445143863838894e+03 1.976029281073753054e+02
8.586235482181416955e+03 1.974488667127287727e+02
8.587025820498996836e+03 1.973811012322476302e+02
8.587816158816576717e+03 1.973879353715130094e+02
8.588606497134156598e+03 1.974554496178236604e+02
8.589396835451736479e+03 1.975683119445860143e+02
8.590187173769314541e+03 1.977119544034872547e+02
8.590977512086894421e+03 1.978737409279041231e+02
8.591767850404474302e+03 1.980394028596325597e+02
8.592558188722054183e+03 1.981919809026309736e+02
8.593348527039632245e+03 1.983166644762473254e+02
8.594138865357212126e+03 1.984025509264033929e+02
8.594929203674792006e+03 1.984422092377034801e+02
8.595719541992371887e+03 1.984376408012653314e+02
8.596509880309949949e+03 1.984005992938225802e+02
8.597300218627529830e+03 1.983481356130523068e+02
8.598090556945109711e+03 1.983023781676046156e+02
8.598880895262689592e+03 1.982879557541097881e+02
8.599671233580267653e+03 1.983243931350496609e+02
8.600461571897847534e+03 1.984217054694841522e+02
8.601251910215427415e+03 1.985801026072402919e+02
8.602042248533007296e+03 1.987888894356314609e+02
8.602832586850585358e+03 1.990275142339128251e+02
8.603622925168165239e+03 1.992736050821913523e+02
8.604413263485745119e+03 1.995073870994845606e+02
8.605203601803325000e+03 1.997100297415393015e+02
8.605993940120903062e+03 1.998690014579235594e+02
8.606784278438482943e+03 1.999778078447054668e+02
8.607574616756064643e+03 2.000297879195280188e+02
8.608364955073642705e+03 2.000220579738364677e+02
8.609155293391220766e+03 1.999559179307130989e+02
8.609945631708800647e+03 1.998341453371273246e+02
8.610735970026382347e+03 1.996687090874825969e+02
8.611526308343960409e+03 1.994831160516363866e+02
8.612316646661538471e+03 1.993067521771503152e+02
8.613106984979118351e+03 1.991726991381821108e+02
8.613897323296700051e+03 1.991118438587774904e+02
8.614687661614278113e+03 1.991422206561327357e+02
8.615477999931856175e+03 1.992655952729063529e+02
8.616268338249436056e+03 1.994694106403712794e+02
8.617058676567017756e+03 1.997294078022214876e+02
8.617849014884595817e+03 2.000164099559295323e+02
8.618639353202173879e+03 2.003063253844709379e+02
8.619429691519753760e+03 2.005845139529756125e+02
8.620220029837335460e+03 2.008448114037363439e+02
8.621010368154913522e+03 2.010939231411647370e+02
8.621800706472491584e+03 2.013489601647323468e+02
8.622591044790073283e+03 2.016279416750269888e+02
8.623381383107653164e+03 2.019486457529110339e+02
8.624171721425231226e+03 2.023238818572605169e+02
8.624962059742809288e+03 2.027518863423521225e+02
8.625752398060390988e+03 2.032167595323988394e+02
8.626542736377970868e+03 2.036944985316467296e+02
8.627333074695548930e+03 2.041555629021939922e+02
8.628123413013126992e+03 2.045704131377707995e+02
8.628913751330708692e+03 2.049180965008052056e+02
8.629704089648288573e+03 2.051882808500441229e+02
8.630494427965866635e+03 2.053791474442327569e+02
8.631284766283444696e+03 2.054984194907121378e+02
8.632075104601026396e+03 2.055609191760529768e+02
8.632865442918606277e+03 2.055817786880683684e+02
8.633655781236184339e+03 2.055783366051166468e+02
8.634446119553762401e+03 2.055678654148430269e+02
8.635236457871344101e+03 2.055607444714615326e+02
8.636026796188923981e+03 2.055637633113660456e+02
8.636817134506502043e+03 2.055789840613458068e+02
8.637607472824080105e+03 2.055992961722737959e+02
8.638397811141661805e+03 2.056133159179520931e+02
8.639188149459241686e+03 2.056077740842316643e+02
8.639978487776819748e+03 2.055674205051415697e+02
8.640768826094399628e+03 2.054787347830146587e+02
8.641559164411979509e+03 2.053325302648618731e+02
8.642349502729559390e+03 2.051228174548106438e+02
8.643139841047137452e+03 2.048469236138708425e+02
8.643930179364717333e+03 2.045058260664474972e+02
8.644720517682297213e+03 2.040997006335556989e+02
8.645510855999877094e+03 2.036246310070176264e+02
8.646301194317455156e+03 2.030763568813322024e+02
8.647091532635035037e+03 2.024511564710853690e+02
8.647881870952614918e+03 2.017452423847854561e+02
8.648672209270194799e+03 2.009621883745977868e+02
8.649462547587772860e+03 2.001109480548385022e+02
8.650252885905352741e+03 1.991972535644264894e+02
8.651043224222932622e+03 1.982238628897810031e+02
8.651833562540512503e+03 1.971849363391929728e+02
8.652623900858090565e+03 1.960612770879171194e+02
8.653414239175670446e+03 1.948202178171753189e+02
8.654204577493250326e+03 1.934121806623253406e+02
8.654994915810830207e+03 1.917788460515492375e+02
8.655785254128408269e+03 1.898726600715570498e+02
8.656575592445988150e+03 1.876557515981477309e+02
8.657365930763568031e+03 1.850839079250561099e+02
8.658156269081147911e+03 1.821406620054735015e+02
8.658946607398727792e+03 1.788878469534480473e+02
8.659736945716305854e+03 1.754362727350138016e+02
8.660527284033885735e+03 1.719200240888033022e+02
8.661317622351465616e+03 1.685134660995549609e+02
8.662107960669045497e+03 1.654272747754705222e+02
8.662898298986623558e+03 1.628949330262579451e+02
8.663688637304203439e+03 1.611428131990343218e+02
8.664478975621783320e+03 1.603422848533269303e+02
8.665269313939363201e+03 1.605592871081804276e+02
8.666059652256941263e+03 1.617349612274723256e+02
8.666849990574521144e+03 1.637226229749298341e+02
8.667640328892101024e+03 1.663203220868792300e+02
8.668430667209680905e+03 1.692982271724526413e+02
8.669221005527258967e+03 1.724333219671939901e+02
8.670011343844838848e+03 1.755158617925513909e+02
8.670801682162418729e+03 1.783760705097653272e+02
8.671592020479998610e+03 1.809218736839496273e+02
8.672382358797576671e+03 1.831178033031667383e+02
8.673172697115156552e+03 1.849562894055805486e+02
8.673963035432736433e+03 1.864703306935782621e+02
8.674753373750316314e+03 1.877302036730507382e+02
8.675543712067894376e+03 1.888034854678787724e+02
8.676334050385474256e+03 1.897457856140949559e+02
8.677124388703055956e+03 1.906121861957535657e+02
8.677914727020634018e+03 1.914405190470531863e+02
8.678705065338212080e+03 1.922351469709589651e+02
8.679495403655791961e+03 1.929743586598078764e+02
8.680285741973373661e+03 1.936228695218833025e+02
8.681076080290951722e+03 1.941469040882753347e+02
8.681866418608529784e+03 1.945232219985961137e+02
8.682656756926109665e+03 1.947389249538507840e+02
8.683447095243691365e+03 1.947949075990437109e+02
8.684237433561269427e+03 1.947018737269568760e+02
8.685027771878847489e+03 1.944732200859928639e+02
8.685818110196427369e+03 1.941277027661372188e+02
8.686608448514009069e+03 1.936920326415710463e+02
8.687398786831587131e+03 1.932053800212677288e+02
8.688189125149165193e+03 1.927304624342010015e+02
8.688979463466745074e+03 1.923465295840249780e+02
8.689769801784326773e+03 1.921319933878685333e+02
8.690560140101904835e+03 1.921585727331229236e+02
8.691350478419482897e+03 1.924772454772510173e+02
8.692140816737062778e+03 1.930987655742355571e+02
8.692931155054644478e+03 1.939911347619088247e+02
8.693721493372222540e+03 1.950887178390895542e+02
8.694511831689800601e+03 1.963047902194394965e+02
8.695302170007382301e+03 1.975558091504274785e+02
8.696092508324962182e+03 1.987624616694831730e+02
8.696882846642540244e+03 1.997438676291670561e+02
8.697673184960118306e+03 1.998745014629658954e+02
8.698463523277700006e+03 1.961108686042042564e+02
8.699253861595279886e+03 1.833277741022261580e+02
8.700044199912857948e+03 1.640332056244272394e+02
8.700834538230436010e+03 1.554400795365768317e+02
8.701624876548017710e+03 1.687498083513664255e+02
8.702415214865597591e+03 1.881643813846138187e+02
8.703205553183175653e+03 1.993188187934747191e+02
8.703995891500753714e+03 2.032218292074315968e+02
8.704786229818335414e+03 2.042781678987766156e+02
8.705576568135915295e+03 2.046009064638719224e+02
8.706366906453493357e+03 2.047563871456586071e+02
8.707157244771071419e+03 2.048442113608214754e+02
8.707947583088653118e+03 2.048551547582433443e+02
8.708737921406232999e+03 2.047813639592320669e+02
8.709528259723811061e+03 2.046315331857412616e+02
8.710318598041390942e+03 2.044297723299974621e+02
8.711108936358970823e+03 2.042110418479252303e+02
8.711899274676550704e+03 2.040117060225001069e+02
8.712689612994128765e+03 2.038687463548839673e+02
8.713479951311708646e+03 2.038135524580309834e+02
8.714270289629288527e+03 2.038619539890673877e+02
8.715060627946868408e+03 2.040143229937165756e+02
8.715850966264446470e+03 2.042548963861299853e+02
8.716641304582026351e+03 2.045530589731223472e+02
8.717431642899606231e+03 2.048760978793119421e+02
8.718221981217186112e+03 2.051980500213284131e+02
8.719012319534764174e+03 2.055049082196314316e+02
8.719802657852344055e+03 2.057997872439116520e+02
8.720592996169923936e+03 2.060909443741383029e+02
8.721383334487503816e+03 2.063800262046591456e+02
8.722173672805081878e+03 2.066695730747522362e+02
8.722964011122661759e+03 2.069576675861636943e+02
8.723754349440241640e+03 2.072173853167554398e+02
8.724544687757821521e+03 2.074072415394869893e+02
8.725335026075399583e+03 2.074990588131825575e+02
8.726125364392979463e+03 2.074830603760633778e+02
8.726915702710559344e+03 2.073625278751416943e+02
8.727706041028139225e+03 2.071529357608797284e+02
8.728496379345719106e+03 2.068770088778456682e+02
8.729286717663297168e+03 2.065588323783969429e+02
8.730077055980877049e+03 2.062226910700831581e+02
8.730867394298456929e+03 2.058866357734942767e+02
8.731657732616036810e+03 2.055574186108843833e+02
8.732448070933614872e+03 2.052384736973058921e+02
8.733238409251194753e+03 2.049306130168218658e+02
8.734028747568774634e+03 2.046250087432015619e+02
8.734819085886354515e+03 2.043136966420078693e+02
8.735609424203932576e+03 2.040031453482718291e+02
8.736399762521512457e+03 2.037125274143730849e+02
8.737190100839092338e+03 2.034681125199079474e+02
8.737980439156672219e+03 2.032928249907531608e+02
8.738770777474250281e+03 2.031931121923850299e+02
8.739561115791830161e+03 2.031597732543176562e+02
8.740351454109410042e+03 2.031714584611878536e+02
8.741141792426989923e+03 2.031976947478454463e+02
8.741932130744567985e+03 2.032102161449057007e+02
8.742722469062147866e+03 2.031890191113095625e+02
8.743512807379727747e+03 2.031211047102347322e+02
8.744303145697307627e+03 2.030032900418008808e+02
8.745093484014885689e+03 2.028380166913704556e+02
8.745883822332465570e+03 2.026261181461554770e+02
8.746674160650047270e+03 2.023701044901771979e+02
8.747464498967625332e+03 2.020742063629607230e+02
8.748254837285203394e+03 2.017432037008693726e+02
8.749045175602783274e+03 2.013886131743608985e+02
8.749835513920364974e+03 2.010269100857844933e+02
8.750625852237943036e+03 2.006760564620251444e+02
8.751416190555521098e+03 2.003606635774329163e+02
8.752206528873100979e+03 2.001097785804369664e+02
8.752996867190682678e+03 1.999495223893292746e+02
8.753787205508260740e+03 1.998986923949873358e+02
8.754577543825838802e+03 1.999616596284834600e+02
8.755367882143418683e+03 2.001292444599147586e+02
8.756158220461000383e+03 2.003892635238880757e+02
8.756948558778578445e+03 2.007297843367519476e+02
8.757738897096156506e+03 2.011373782429589028e+02
8.758529235413736387e+03 2.015965926793369931e+02
8.759319573731318087e+03 2.020870767930771308e+02
8.760109912048896149e+03 2.025812030721613155e+02
8.760900250366474211e+03 2.030490157008991616e+02
8.761690588684054092e+03 2.034647690026588407e+02
8.762480927001635791e+03 2.038083119873985254e+02
8.763271265319213853e+03 2.040653178271904267e+02
8.764061603636791915e+03 2.042340540816530847e+02
8.764851941954373615e+03 2.043290585359628722e+02
8.765642280271953496e+03 2.043756521230933458e+02
8.766432618589531558e+03 2.044063123875075121e+02
8.767222956907109619e+03 2.044523319688181573e+02
8.768013295224691319e+03 2.045317991589339499e+02
8.768803633542271200e+03 2.046489220072512296e+02
8.769593971859849262e+03 2.047957568594753184e+02
8.770384310177427324e+03 2.049531278329046700e+02
8.771174648495009023e+03 2.051013985062998586e+02
8.771964986812588904e+03 2.052299266516082525e+02
8.772755325130166966e+03 2.053387056335405418e+02
8.773545663447745028e+03 2.054421195844222439e+02
8.774336001765326728e+03 2.055661839474415160e+02
8.775126340082906609e+03 2.057375393830262169e+02
8.775916678400484670e+03 2.059775521775314644e+02
8.776707016718062732e+03 2.062953468886055077e+02
8.777497355035644432e+03 2.066810378308864244e+02
8.778287693353224313e+03 2.071113755126604019e+02
8.779078031670802375e+03 2.075590435441606871e+02
8.779868369988380437e+03 2.080050601195235913e+02
8.780658708305962136e+03 2.084472881492824285e+02
8.781449046623542017e+03 2.088820018135541545e+02
8.782239384941120079e+03 2.092899726239945437e+02
8.783029723258699960e+03 2.096585691030719829e+02
8.783820061576279841e+03 2.099903338597148093e+02
8.784610399893859721e+03 2.102846786893657054e+02
8.785400738211437783e+03 2.105298577468981591e+02
8.786191076529017664e+03 2.107051465138055732e+02
8.786981414846597545e+03 2.107885705997927630e+02
8.787771753164177426e+03 2.107684306976298103e+02
8.788562091481755488e+03 2.106406239229147559e+02
8.789352429799335368e+03 2.104041408851483368e+02
8.790142768116915249e+03 2.100707066677927060e+02
8.790933106434495130e+03 2.096662796258045205e+02
8.791723444752073192e+03 2.092242844702905131e+02
8.792513783069653073e+03 2.087840228064724215e+02
8.793304121387232954e+03 2.083836289618865294e+02
8.794094459704812834e+03 2.080514584780027292e+02
8.794884798022390896e+03 2.078058487157906313e+02
8.795675136339970777e+03 2.076506932186570111e+02
8.796465474657550658e+03 2.075715164103428947e+02
8.797255812975130539e+03 2.075426353767292937e+02
8.798046151292708601e+03 2.075304515579198892e+02
8.798836489610288481e+03 2.074906588585023997e+02
8.799626827927868362e+03 2.073747254723185165e+02
8.800417166245448243e+03 2.071346666181505896e+02
8.801207504563028124e+03 2.067266336487180638e+02
8.801997842880606186e+03 2.061226522936753440e+02
8.802788181198186066e+03 2.053130348775356140e+02
8.803578519515765947e+03 2.043056240838809288e+02
8.804368857833345828e+03 2.031360424203597859e+02
8.805159196150923890e+03 2.018700685104225272e+02
8.805949534468503771e+03 2.006016597097398630e+02
8.806739872786083652e+03 1.994486024016811712e+02
8.807530211103663532e+03 1.985339912482523914e+02
8.808320549421241594e+03 1.979669485161534794e+02
8.809110887738821475e+03 1.978252401619961915e+02
8.809901226056401356e+03 1.981366713310314083e+02
8.810691564373981237e+03 1.988691264601459920e+02
8.811481902691559299e+03 1.999400188883303713e+02
8.812272241009139179e+03 2.012288371934698716e+02
8.813062579326719060e+03 2.026143106844233444e+02
8.813852917644298941e+03 2.040125975362447548e+02
8.814643255961877003e+03 2.053468949290971182e+02
8.815433594279456884e+03 2.065181533983888187e+02
8.816223932597038583e+03 2.074708906852525843e+02
8.817014270914616645e+03 2.082009250807587364e+02
8.817804609232194707e+03 2.086009102266164632e+02
8.818594947549774588e+03 2.081175211139645853e+02
8.819385285867356288e+03 2.041976493972465505e+02
8.820175624184934350e+03 1.919864820650935258e+02
8.820965962502512411e+03 1.718587884702395172e+02
8.821756300820092292e+03 1.601906579725657878e+02
8.822546639137673992e+03 1.715687613792511570e+02
8.823336977455252054e+03 1.910222087229223575e+02
8.824127315772830116e+03 2.023382334408454994e+02
8.824917654090409997e+03 2.058290732570628165e+02
8.825707992407991696e+03 2.064032143486653581e+02
8.826498330725569758e+03 2.064831973566236343e+02
8.827288669043147820e+03 2.066483145122450935e+02
8.828079007360727701e+03 2.069922113866404061e+02
8.828869345678309401e+03 2.074662974882862727e+02
8.829659683995887463e+03 2.079975253547788157e+02
8.830450022313465524e+03 2.085257690118972391e+02
8.831240360631045405e+03 2.090107567781368516e+02
8.832030698948627105e+03 2.094234871342587212e+02
8.832821037266205167e+03 2.097398706237965484e+02
8.833611375583783229e+03 2.099444282315068051e+02
8.834401713901364928e+03 2.100334301892237931e+02
8.835192052218944809e+03 2.100157986125900607e+02
8.835982390536522871e+03 2.099080351630538530e+02
8.836772728854100933e+03 2.097309436736218231e+02
8.837563067171682633e+03 2.095159213380259757e+02
8.838353405489262514e+03 2.093040699426297806e+02
8.839143743806840575e+03 2.091335401967420751e+02
8.839934082124418637e+03 2.090335756971240642e+02
8.840724420442000337e+03 2.090235074986005657e+02
8.841514758759580218e+03 2.091098445885955925e+02
8.842305097077158280e+03 2.092874759352676790e+02
8.843095435394736342e+03 2.095403398240737545e+02
8.843885773712318041e+03 2.098418952822897552e+02
8.844676112029897922e+03 2.101634283305986060e+02
8.845466450347475984e+03 2.104799948775124960e+02
8.846256788665054046e+03 2.107718454998213815e+02
8.847047126982635746e+03 2.110267452952603549e+02
8.847837465300215626e+03 2.112371232570716302e+02
8.848627803617793688e+03 2.113947289873391640e+02
8.849418141935371750e+03 2.114903335841294734e+02
8.850208480252953450e+03 2.115145234384234811e+02
8.850998818570533331e+03 2.114562288656504165e+02
8.851789156888111393e+03 2.113005909380093215e+02
8.852579495205691273e+03 2.110292826924888345e+02
8.853369833523271154e+03 2.106237351490377705e+02
8.854160171840851035e+03 2.100615699346514020e+02
8.854950510158429097e+03 2.093157121140093011e+02
8.855740848476008978e+03 2.083716271088620715e+02
8.856531186793588859e+03 2.072389309392947325e+02
8.857321525111168739e+03 2.059296637664072591e+02
8.858111863428746801e+03 2.044398384093423147e+02
8.858902201746326682e+03 2.027868764062439766e+02
8.859692540063906563e+03 2.010437583707987983e+02
8.860482878381486444e+03 1.993012841472946661e+02
8.861273216699064506e+03 1.976180980235540403e+02
8.862063555016644386e+03 1.960434792156687251e+02
8.862853893334224267e+03 1.946409079296099094e+02
8.863644231651804148e+03 1.934576652379719235e+02
8.864434569969382210e+03 1.925111368082108356e+02
8.865224908286962091e+03 1.918066972986519261e+02
8.866015246604541971e+03 1.913291843793686553e+02
8.866805584922121852e+03 1.910427361942284676e+02
8.867595923239699914e+03 1.909232751583786865e+02
8.868386261557279795e+03 1.909615866299905633e+02
8.869176599874859676e+03 1.911437236394922650e+02
8.869966938192439557e+03 1.914540318531450112e+02
8.870757276510019437e+03 1.918742367871932970e+02
8.871547614827597499e+03 1.923725935679699433e+02
8.872337953145177380e+03 1.929094172690454911e+02
8.873128291462757261e+03 1.934419642843337215e+02
8.873918629780337142e+03 1.939235167886461682e+02
8.874708968097915204e+03 1.943211425308705884e+02
8.875499306415495084e+03 1.946296376757839823e+02
8.876289644733074965e+03 1.948618037741440503e+02
8.877079983050654846e+03 1.950400133291058467e+02
8.877870321368232908e+03 1.951944924471703757e+02
8.878660659685812789e+03 1.953559809835142858e+02
8.879450998003392669e+03 1.955494305065877256e+02
8.880241336320972550e+03 1.957854044185536964e+02
8.881031674638550612e+03 1.960584351792109032e+02
8.881822012956130493e+03 1.963632525991923217e+02
8.882612351273710374e+03 1.967008456329674004e+02
8.883402689591290255e+03 1.970659497008621202e+02
8.884193027908868316e+03 1.974410040194840690e+02
8.884983366226448197e+03 1.978035632687702901e+02
8.885773704544028078e+03 1.981404864535735157e+02
8.886564042861607959e+03 1.984524299333019428e+02
8.887354381179186021e+03 1.987407489723522644e+02
8.888144719496765902e+03 1.989988387161147330e+02
8.888935057814347601e+03 1.992170128018154855e+02
8.889725396131925663e+03 1.993884350729547634e+02
8.890515734449503725e+03 1.995143343321005887e+02
8.891306072767083606e+03 1.996030465376511813e+02
8.892096411084665306e+03 1.996679226411054628e+02
8.892886749402243368e+03 1.997248587849508681e+02
8.893677087719821429e+03 1.997877005376883517e+02
8.894467426037401310e+03 1.998709489773942778e+02
8.895257764354983010e+03 1.999945528807288611e+02
8.896048102672561072e+03 2.001740147856107797e+02
8.896838440990139134e+03 2.004069464734801613e+02
8.897628779307719014e+03 2.006799239606121432e+02
8.898419117625300714e+03 2.009811007314652898e+02
8.899209455942878776e+03 2.012967352211995546e+02
8.899999794260456838e+03 2.016104792088772228e+02
8.900790132578036719e+03 2.019117076676697025e+02
8.901580470895618419e+03 2.021952338413259440e+02
8.902370809213196480e+03 2.024616985111835561e+02
8.903161147530774542e+03 2.027168702208476248e+02
8.903951485848356242e+03 2.029606813268234760e+02
8.904741824165936123e+03 2.031861916707124465e+02
8.905532162483514185e+03 2.033854868598517101e+02
8.906322500801092247e+03 2.035520576777919928e+02
8.907112839118673946e+03 2.036819749376298319e+02
8.907903177436253827e+03 2.037732651884255972e+02
8.908693515753831889e+03 2.038234240500388523e+02
8.909483854071409951e+03 2.038279446454537833e+02
8.910274192388991651e+03 2.037817469370438346e+02
8.911064530706571531e+03 2.036850564562902832e+02
8.911854869024149593e+03 2.035444314374726673e+02
8.912645207341727655e+03 2.033745329754798377e+02
8.913435545659309355e+03 2.031934943920824708e+02
8.914225883976889236e+03 2.030095099804155439e+02
8.915016222294467298e+03 2.028202554647072020e+02
8.915806560612045359e+03 2.026207023965086194e+02
8.916596898929627059e+03 2.024004880054195041e+02
8.917387237247206940e+03 2.021464659317236396e+02
8.918177575564785002e+03 2.018552252778455340e+02
8.918967913882363064e+03 2.015325996221810101e+02
8.919758252199944764e+03 2.011802369953662719e+02
8.920548590517524644e+03 2.008008417436602144e+02
8.921338928835102706e+03 2.004106752467520778e+02
8.922129267152682587e+03 2.000314255460198183e+02
8.922919605470262468e+03 1.996810401648406241e+02
8.923709943787842349e+03 1.993723710833781411e+02
8.924500282105420411e+03 1.991121146209012522e+02
8.925290620423000291e+03 1.989052153591619572e+02
8.926080958740580172e+03 1.987544230725950172e+02
8.926871297058160053e+03 1.986622166857297884e+02
8.927661635375738115e+03 1.986321726910966277e+02
8.928451973693317996e+03 1.986637178701768676e+02
8.929242312010897876e+03 1.987496381197186395e+02
8.930032650328477757e+03 1.988801261460532146e+02
8.930822988646055819e+03 1.990458824646025846e+02
8.931613326963635700e+03 1.992412656826604689e+02
8.932403665281215581e+03 1.994601482805032333e+02
8.933194003598795462e+03 1.996942564263894155e+02
8.933984341916373523e+03 1.999396564241231147e+02
8.934774680233953404e+03 2.001919486830928179e+02
8.935565018551533285e+03 2.004370457453429708e+02
8.936355356869113166e+03 2.006608101271158944e+02
8.937145695186691228e+03 2.008530184453679510e+02
8.937936033504271109e+03 2.009955192890161584e+02
8.938726371821850989e+03 2.010687690690248246e+02
8.939516710139430870e+03 2.010583072783056480e+02
8.940307048457010751e+03 2.009507654251299584e+02
8.941097386774588813e+03 2.007413407373097698e+02
8.941887725092168694e+03 2.004339845369347017e+02
8.942678063409748574e+03 2.000367916082480519e+02
8.943468401727328455e+03 1.995704129623366043e+02
8.944258740044906517e+03 1.990660947077985838e+02
8.945049078362486398e+03 1.985574985408209727e+02
8.945839416680066279e+03 1.980822025829051540e+02
8.946629754997646160e+03 1.976810260584073262e+02
8.947420093315224221e+03 1.973925586549473223e+02
8.948210431632804102e+03 1.972507514569874161e+02
8.949000769950383983e+03 1.972765898117789050e+02
8.949791108267963864e+03 1.974726047241688889e+02
8.950581446585541926e+03 1.978260206593379280e+02
8.951371784903121807e+03 1.983095387558570337e+02
8.952162123220701687e+03 1.988848232197532013e+02
8.952952461538281568e+03 1.995070372399144958e+02
8.953742799855859630e+03 2.001330102765533638e+02
8.954533138173439511e+03 2.007299233787167054e+02
8.955323476491019392e+03 2.012752232703049344e+02
8.956113814808599273e+03 2.017506393897960493e+02
8.956904153126177334e+03 2.021430425121939720e+02
8.957694491443757215e+03 2.024466675468156609e+02
8.958484829761338915e+03 2.026626799388794780e+02
8.959275168078916977e+03 2.027935466630033829e+02
8.960065506396495039e+03 2.028424932501070543e+02
8.960855844714074919e+03 2.028139596546907910e+02
8.961646183031656619e+03 2.027109597919354655e+02
8.962436521349234681e+03 2.025360740725764970e+02
8.963226859666812743e+03 2.022936738716114178e+02
8.964017197984392624e+03 2.019941516886328827e+02
8.964807536301974324e+03 2.016537142523564512e+02
8.965597874619552385e+03 2.012859242015291557e+02
8.966388212937130447e+03 2.009041823837082177e+02
8.967178551254710328e+03 2.005317607900541361e+02
8.967968889572292028e+03 2.001989944148636482e+02
8.968759227889870090e+03 1.999319099404996507e+02
8.969549566207448152e+03 1.997487315394987490e+02
8.970339904525028032e+03 1.996579696313463614e+02
8.971130242842609732e+03 1.996514436843307294e+02
8.971920581160187794e+03 1.997033047002453259e+02
8.972710919477765856e+03 1.997803166130678960e+02
8.973501257795345737e+03 1.998520500467209331e+02
8.974291596112927436e+03 1.998992105100916206e+02
8.975081934430505498e+03 1.999182964173734263e+02
8.975872272748083560e+03 1.999215144770222423e+02
8.976662611065665260e+03 1.999324886501470075e+02
8.977452949383245141e+03 1.999784507678809007e+02
8.978243287700823203e+03 2.000798280025633744e+02
8.979033626018401264e+03 2.002447329089757204e+02
8.979823964335982964e+03 2.004696398052458051e+02
8.980614302653562845e+03 2.007442961012023375e+02
8.981404640971140907e+03 2.010519287032340117e+02
8.982194979288718969e+03 2.013665361303316388e+02
8.982985317606300669e+03 2.016622649528046907e+02
8.983775655923880549e+03 2.019225282283996421e+02
8.984565994241458611e+03 2.021350859695117492e+02
8.985356332559036673e+03 2.022878132233932433e+02
8.986146670876618373e+03 2.023783432297141189e+02
8.986937009194198254e+03 2.024117846045114675e+02
8.987727347511776316e+03 2.023923332238911712e+02
8.988517685829354377e+03 2.023251658853935737e+02
8.989308024146936077e+03 2.022180478695815111e+02
8.990098362464515958e+03 2.020833514576687548e+02
8.990888700782094020e+03 2.019349908767503052e+02
8.991679039099673901e+03 2.017811682045809221e+02
8.992469377417253781e+03 2.016226501829009408e+02
8.993259715734833662e+03 2.014551436054945839e+02
8.994050054052411724e+03 2.012726852222569960e+02
8.994840392369991605e+03 2.010718056319498146e+02
8.995630730687571486e+03 2.008508753730228591e+02
8.996421069005151367e+03 2.006049467890493929e+02
8.997211407322729428e+03 2.003282421462779155e+02
8.998001745640309309e+03 2.000220410327249567e+02
8.998792083957889190e+03 1.996968552683705980e+02
8.999582422275469071e+03 1.993735001940333973e+02
9.000372760593047133e+03 1.990793570812124642e+02
9.001163098910627014e+03 1.988383022775853988e+02
9.001953437228206894e+03 1.986641111372156274e+02
9.002743775545786775e+03 1.985544521301707164e+02
9.003534113863364837e+03 1.984849805408721863e+02
9.004324452180944718e+03 1.984109146900540850e+02
9.005114790498524599e+03 1.982787239966249899e+02
9.005905128816104479e+03 1.980382856423242117e+02
9.006695467133682541e+03 1.976515897933885526e+02
9.007485805451262422e+03 1.971015510827287471e+02
9.008276143768842303e+03 1.963940827483087901e+02
9.009066482086422184e+03 1.955532088014575152e+02
9.009856820404002065e+03 1.946227986338948313e+02
9.010647158721580126e+03 1.936586230511765052e+02
9.011437497039160007e+03 1.927096182630791645e+02
9.012227835356739888e+03 1.918158223329287466e+02
9.013018173674319769e+03 1.910207296799732717e+02
9.013808511991897831e+03 1.903708946655741556e+02
9.014598850309477712e+03 1.898949355628110993e+02
9.015389188627057592e+03 1.895949172558552220e+02
9.016179526944637473e+03 1.894649375783092182e+02
9.016969865262215535e+03 1.895005805538965262e+02
9.017760203579795416e+03 1.896933390174955889e+02
9.018550541897375297e+03 1.900253274430339161e+02
9.019340880214955178e+03 1.904674615063851775e+02
9.020131218532533239e+03 1.909871697375047574e+02
9.020921556850113120e+03 1.915607430207731454e+02
9.021711895167693001e+03 1.921712770305059337e+02
9.022502233485272882e+03 1.928058870617888942e+02
9.023292571802850944e+03 1.934620823129620248e+02
9.024082910120430824e+03 1.941441541868414333e+02
9.024873248438010705e+03 1.948512079627718947e+02
9.025663586755590586e+03 1.955774829061012383e+02
9.026453925073168648e+03 1.963207618137624308e+02
9.027244263390748529e+03 1.970736311020681910e+02
9.028034601708330229e+03 1.978151811494383310e+02
9.028824940025908290e+03 1.985269370366837336e+02
9.029615278343486352e+03 1.992138325220689978e+02
9.030405616661066233e+03 1.998901576121819517e+02
9.031195954978647933e+03 2.005520569551514427e+02
9.031986293296225995e+03 2.011812876723301997e+02
9.032776631613804057e+03 2.017628034292007442e+02
9.033566969931383937e+03 2.022925673478077044e+02
9.034357308248965637e+03 2.027715309461495394e+02
9.035147646566543699e+03 2.031980562043181067e+02
9.035937984884121761e+03 2.035754725872231745e+02
9.036728323201701642e+03 2.039154657041973451e+02
9.037518661519283341e+03 2.042333781615172086e+02
9.038308999836861403e+03 2.045479006999705121e+02
9.039099338154439465e+03 2.048753408692838320e+02
9.039889676472019346e+03 2.052204375150872124e+02
9.040680014789601046e+03 2.055800054781209951e+02
9.041470353107179108e+03 2.059461220858359241e+02
9.042260691424757169e+03 2.063073022900774731e+02
9.043051029742337050e+03 2.066500410136759456e+02
9.043841368059918750e+03 2.069562741964320480e+02
9.044631706377496812e+03 2.072083108463108374e+02
9.045422044695074874e+03 2.074042018288826625e+02
9.046212383012656574e+03 2.075546397687106150e+02
9.047002721330236454e+03 2.076693722594422979e+02
9.047793059647814516e+03 2.077565786948108837e+02
9.048583397965392578e+03 2.078303796222137692e+02
9.049373736282974278e+03 2.079123798498587234e+02
9.050164074600554159e+03 2.080217275413641573e+02
9.050954412918132221e+03 2.081605583384326792e+02
9.051744751235710282e+03 2.083116535573133774e+02
9.052535089553291982e+03 2.084519397545822130e+02
9.053325427870871863e+03 2.085676997565423960e+02
9.054115766188449925e+03 2.086517686425351599e+02
9.054906104506027987e+03 2.086957342645833648e+02
9.055696442823609686e+03 2.086931250616922853e+02
9.056486781141189567e+03 2.086438568579918638e+02
9.057277119458767629e+03 2.085469529956098995e+02
9.058067457776345691e+03 2.084016697516623537e+02
9.058857796093927391e+03 2.082121717603269531e+02
9.059648134411507272e+03 2.079868646778277537e+02
9.060438472729085333e+03 2.077400221010557857e+02
9.061228811046663395e+03 2.074939226737076865e+02
9.062019149364245095e+03 2.072798864785912087e+02
9.062809487681824976e+03 2.071359291837051728e+02
9.063599825999403038e+03 2.070996838305673577e+02
9.064390164316982919e+03 2.071992268586384967e+02
9.065180502634562799e+03 2.074429510794243470e+02
9.065970840952142680e+03 2.078121165434640432e+02
9.066761179269720742e+03 2.082697097673500082e+02
9.067551517587300623e+03 2.087614542907125781e+02
9.068341855904880504e+03 2.092095015012168631e+02
9.069132194222460384e+03 2.095380745493375230e+02
9.069922532540038446e+03 2.097169735949344727e+02
9.070712870857618327e+03 2.097872754792916794e+02
9.071503209175198208e+03 2.098353393545888821e+02
9.072293547492778089e+03 2.098901793496270329e+02
9.073083885810356151e+03 2.098766070820922209e+02
9.073874224127936031e+03 2.097113722458896632e+02
9.074664562445515912e+03 2.093945768541710208e+02
9.075454900763095793e+03 2.089872594072785432e+02
9.076245239080673855e+03 2.085449558843947386e+02
9.077035577398253736e+03 2.080901375936160207e+02
9.077825915715833617e+03 2.076287067945702915e+02
9.078616254033413497e+03 2.071695724038643789e+02
9.079406592350993378e+03 2.067256588470835936e+02
9.080196930668571440e+03 2.063070047117476236e+02
9.080987268986151321e+03 2.059174824080082828e+02
9.081777607303731202e+03 2.055575483104542514e+02
9.082567945621311083e+03 2.052206783968084096e+02
9.083358283938889144e+03 2.048900952903769053e+02
9.084148622256469025e+03 2.045420127577403093e+02
9.084938960574048906e+03 2.041509620795083038e+02
9.085729298891628787e+03 2.036972159329491205e+02
9.086519637209206849e+03 2.031782362636722894e+02
9.087309975526786729e+03 2.026067655758814681e+02
9.088100313844366610e+03 2.020060353074098884e+02
9.088890652161946491e+03 2.014200931498816658e+02
9.089680990479524553e+03 2.009182881000936618e+02
9.090471328797104434e+03 2.005693379225879482e+02
9.091261667114684315e+03 2.004163192905035089e+02
9.092052005432264195e+03 2.004752221356649784e+02
9.092842343749842257e+03 2.007375143798734030e+02
9.093632682067422138e+03 2.011703090554711082e+02
9.094423020385002019e+03 2.017233086049669168e+02
9.095213358702581900e+03 2.023419154973987020e+02
9.096003697020159962e+03 2.029751496507579986e+02
9.096794035337739842e+03 2.035827070930921252e+02
9.097584373655321542e+03 2.041387630558651836e+02
9.098374711972899604e+03 2.046307825591358664e+02
9.099165050290477666e+03 2.050557755412186793e+02
9.099955388608057547e+03 2.054133840106651974e+02
9.100745726925639246e+03 2.057063617294751339e+02
9.101536065243217308e+03 2.059439823846273896e+02
9.102326403560795370e+03 2.061346616969660204e+02
9.103116741878375251e+03 2.062824073874914461e+02
9.103907080195956951e+03 2.063881132733701236e+02
9.104697418513535013e+03 2.064523177837360493e+02
9.105487756831113074e+03 2.064790689212534858e+02
9.106278095148692955e+03 2.064736597974584242e+02
9.107068433466274655e+03 2.064418003543548252e+02
9.107858771783852717e+03 2.063923236829245411e+02
9.108649110101430779e+03 2.063336050221719518e+02
9.109439448419010660e+03 2.062716275166718560e+02
9.110229786736592359e+03 2.062121642414952589e+02
9.111020125054170421e+03 2.061605940344210239e+02
9.111810463371748483e+03 2.061217546090409201e+02
9.112600801689328364e+03 2.060976130796844359e+02
9.113391140006910064e+03 2.060877009765000594e+02
9.114181478324488126e+03 2.060939489079002840e+02
9.114971816642066187e+03 2.061212172206346906e+02
9.115762154959647887e+03 2.061714053563754874e+02
9.116552493277227768e+03 2.062446105935296714e+02
9.117342831594805830e+03 2.063446669384135248e+02
9.118133169912383892e+03 2.064787345026902017e+02
9.118923508229965591e+03 2.066555601417184391e+02
9.119713846547545472e+03 2.068850392034258618e+02
9.120504184865123534e+03 2.071762676670153951e+02
9.121294523182701596e+03 2.075334987075354150e+02
9.122084861500283296e+03 2.079536937975851174e+02
9.122875199817863177e+03 2.084263413231980167e+02
9.123665538135441238e+03 2.089360137225065159e+02
9.124455876453019300e+03 2.094639859540789075e+02
9.125246214770601000e+03 2.099908638199590314e+02
9.126036553088180881e+03 2.104985545524750137e+02
9.126826891405758943e+03 2.109724536315022476e+02
9.127617229723337005e+03 2.114021995842087449e+02
9.128407568040918704e+03 2.117776701251390818e+02
9.129197906358498585e+03 2.120905075287598720e+02
9.129988244676076647e+03 2.123358041646845322e+02
9.130778582993654709e+03 2.125096590468742477e+02
9.131568921311236409e+03 2.126097386532449036e+02
9.132359259628816289e+03 2.126356747770771563e+02
9.133149597946394351e+03 2.125885023713249495e+02
9.133939936263974232e+03 2.124688217635146543e+02
9.134730274581554113e+03 2.122720162402326878e+02
9.135520612899133994e+03 2.119893776313681713e+02
9.136310951216712056e+03 2.116153858675341723e+02
9.137101289534291936e+03 2.111475224357596971e+02
9.137891627851871817e+03 2.105849303977518048e+02
9.138681966169451698e+03 2.099322843863039338e+02
9.139472304487029760e+03 2.092049626432275602e+02
9.140262642804609641e+03 2.084270854184938457e+02
9.141052981122189522e+03 2.076254067709057836e+02
9.141843319439769402e+03 2.068318409414239341e+02
9.142633657757347464e+03 2.060812721806026389e+02
9.143423996074927345e+03 2.054045744174904939e+02
9.144214334392507226e+03 2.048261131175441392e+02
9.145004672710087107e+03 2.043598896002815195e+02
9.145795011027665169e+03 2.040093489371520263e+02
9.146585349345245049e+03 2.037716368254736778e+02
9.147375687662824930e+03 2.036393171930317294e+02
9.148166025980404811e+03 2.036046412448092724e+02
9.148956364297982873e+03 2.036612428164026483e+02
9.149746702615562754e+03 2.038012183182264607e+02
9.150537040933142634e+03 2.040114229707777440e+02
9.151327379250722515e+03 2.042680937459917629e+02
9.152117717568302396e+03 2.045436718547354644e+02
9.152908055885880458e+03 2.048162773475147844e+02
9.153698394203460339e+03 2.050631815752726084e+02
9.154488732521040220e+03 2.052639766211948427e+02
9.155279070838620100e+03 2.054123820030159209e+02
9.156069409156198162e+03 2.055117518438662501e+02
9.156859747473778043e+03 2.055702430247102086e+02
9.157650085791357924e+03 2.055994036847953623e+02
9.158440424108937805e+03 2.056091767074463519e+02
9.159230762426515867e+03 2.056024906494947686e+02
9.160021100744095747e+03 2.055753940876704746e+02
9.160811439061675628e+03 2.055158335507232437e+02
9.161601777379255509e+03 2.054072212852141206e+02
9.162392115696833571e+03 2.052349261842297210e+02
9.163182454014413452e+03 2.049878894361606285e+02
9.163972792331993332e+03 2.046561959290620791e+02
9.164763130649573213e+03 2.042344427577970691e+02
9.165553468967151275e+03 2.037264289817727843e+02
9.166343807284731156e+03 2.031431367397600525e+02
9.167134145602311037e+03 2.025006247534331010e+02
9.167924483919890918e+03 2.018199400126084981e+02
9.168714822237468979e+03 2.011279645822984889e+02
9.169505160555048860e+03 2.004533718748045601e+02
9.170295498872630560e+03 1.998175162936166771e+02
9.171085837190208622e+03 1.992395999768506272e+02
9.171876175507786684e+03 1.987497247649155838e+02
9.172666513825366565e+03 1.983845430282807172e+02
9.173456852142948264e+03 1.981692772255282193e+02
9.174247190460526326e+03 1.981099585669373937e+02
9.175037528778104388e+03 1.981983956295800340e+02
9.175827867095684269e+03 1.984192899700714179e+02
9.176618205413265969e+03 1.987553862863530867e+02
9.177408543730844031e+03 1.991850553787024012e+02
9.178198882048422092e+03 1.996793204567004807e+02
9.178989220366001973e+03 2.002088851323405265e+02
9.179779558683583673e+03 2.007475301738401470e+02
9.180569897001161735e+03 2.012745111391112687e+02
9.181360235318739797e+03 2.017805010007759279e+02
9.182150573636319677e+03 2.022503892677300712e+02
9.182940911953901377e+03 2.025432028432411471e+02
9.183731250271479439e+03 2.020495631309675559e+02
9.184521588589057501e+03 1.977702242842140379e+02
9.185311926906639201e+03 1.831355119992028335e+02
9.186102265224219082e+03 1.590364101050541308e+02
9.186892603541797143e+03 1.458211577348420178e+02
9.187682941859375205e+03 1.592079362231197024e+02
9.188473280176956905e+03 1.833540818938486439e+02
9.189263618494536786e+03 1.980701194573878752e+02
9.190053956812114848e+03 2.024942825515391291e+02
9.190844295129692910e+03 2.031334346297926743e+02
9.191634633447274609e+03 2.030115620581734674e+02
9.192424971764854490e+03 2.027548202788265712e+02
9.193215310082432552e+03 2.024990043795303905e+02
9.194005648400010614e+03 2.022524619454235904e+02
9.194795986717592314e+03 2.020005744632932760e+02
9.195586325035172194e+03 2.017247173130109559e+02
9.196376663352750256e+03 2.014205444929530131e+02
9.197167001670328318e+03 2.011023237704753228e+02
9.197957339987910018e+03 2.007868618614301113e+02
9.198747678305489899e+03 2.004779623547163396e+02
9.199538016623067961e+03 2.001646891566867907e+02
9.200328354940646022e+03 1.998312306879644211e+02
9.201118693258227722e+03 1.994728211636215178e+02
9.201909031575807603e+03 1.990998117583742157e+02
9.202699369893385665e+03 1.987217648173308930e+02
9.203489708210965546e+03 1.983480717441386219e+02
9.204280046528545427e+03 1.980021775668099053e+02
9.205070384846125307e+03 1.976956859437637490e+02
9.205860723163703369e+03 1.974087472556418561e+02
9.206651061481283250e+03 1.971122293724931183e+02
9.207441399798863131e+03 1.967776072422549873e+02
9.208231738116443012e+03 1.963982476971225708e+02
9.209022076434021074e+03 1.960019147853401478e+02
9.209812414751600954e+03 1.956073523793154436e+02
9.210602753069180835e+03 1.952078085790828936e+02
9.211393091386760716e+03 1.948080857950552058e+02
9.212183429704338778e+03 1.944319721608734426e+02
9.212973768021918659e+03 1.941031118625846261e+02
9.213764106339498539e+03 1.938416118590066333e+02
9.214554444657078420e+03 1.936596589368551236e+02
9.215344782974656482e+03 1.935458478164850078e+02
9.216135121292236363e+03 1.934739764780529754e+02
9.216925459609816244e+03 1.934297559529785531e+02
9.217715797927396125e+03 1.934166173099188768e+02
9.218506136244974186e+03 1.934376084696219777e+02
9.219296474562554067e+03 1.934834318327092433e+02
9.220086812880133948e+03 1.935428799648329914e+02
9.220877151197713829e+03 1.936074993724047317e+02
9.221667489515293710e+03 1.936634280509472887e+02
9.222457827832871772e+03 1.936881654695920645e+02
9.223248166150451652e+03 1.936504562612623204e+02
9.224038504468031533e+03 1.935180202228797270e+02
9.224828842785611414e+03 1.932670390536275420e+02
9.225619181103189476e+03 1.928950592019815531e+02
9.226409519420769357e+03 1.924315458583047302e+02
9.227199857738349237e+03 1.919188040907148149e+02
9.227990196055929118e+03 1.913919330201925959e+02
9.228780534373507180e+03 1.908761290951904641e+02
9.229570872691087061e+03 1.903692495868582455e+02
9.230361211008666942e+03 1.898742882343300948e+02
9.231151549326246823e+03 1.894623869587796605e+02
9.231941887643824884e+03 1.892163043540706440e+02
9.232732225961404765e+03 1.891362538510418290e+02
9.233522564278984646e+03 1.891692691082627107e+02
9.234312902596564527e+03 1.892820842643377830e+02
9.235103240914142589e+03 1.894713693227245699e+02
9.235893579231722470e+03 1.897427655335531540e+02
9.236683917549302350e+03 1.900897819680233738e+02
9.237474255866882231e+03 1.904785224495461762e+02
9.238264594184460293e+03 1.908582754287565422e+02
9.239054932502040174e+03 1.911905060037096860e+02
9.239845270819621874e+03 1.914592202616392456e+02
9.240635609137199936e+03 1.916753975692550398e+02
9.241425947454777997e+03 1.918727336706535311e+02
9.242216285772357878e+03 1.920702249211843196e+02
9.243006624089939578e+03 1.922445094353327022e+02
9.243796962407517640e+03 1.923702387087009242e+02
9.244587300725095702e+03 1.924514453140669445e+02
9.245377639042675582e+03 1.925178294451002330e+02
9.246167977360257282e+03 1.926077167468932316e+02
9.246958315677835344e+03 1.927179376801070987e+02
9.247748653995413406e+03 1.928031341192960326e+02
9.248538992312993287e+03 1.928440498538381576e+02
9.249329330630574987e+03 1.928581391006190415e+02
9.250119668948153048e+03 1.928745471326485585e+02
9.250910007265731110e+03 1.929104177790386530e+02
9.251700345583310991e+03 1.929472592374795568e+02
9.252490683900892691e+03 1.929503702595138463e+02
9.253281022218470753e+03 1.929010372169872767e+02
9.254071360536048815e+03 1.927903123307923465e+02
9.254861698853628695e+03 1.926101511545850542e+02
9.255652037171210395e+03 1.923601080944298474e+02
9.256442375488788457e+03 1.920567497009177487e+02
9.257232713806366519e+03 1.917432134998118727e+02
9.258023052123948219e+03 1.914846088026807251e+02
9.258813390441528099e+03 1.913350182468512628e+02
9.259603728759106161e+03 1.913053126215400255e+02
9.260394067076684223e+03 1.913800865118820411e+02
9.261184405394265923e+03 1.915481704773420120e+02
9.261974743711845804e+03 1.918121009285952425e+02
9.262765082029423866e+03 1.921778751785483621e+02
9.263555420347001927e+03 1.926334723449989497e+02
9.264345758664583627e+03 1.931708093080631841e+02
9.265136096982163508e+03 1.938081439016014826e+02
9.265926435299741570e+03 1.945147584098178299e+02
9.266716773617319632e+03 1.951862170549927669e+02
9.267507111934901332e+03 1.957696328418930420e+02
9.268297450252481212e+03 1.962982865338465785e+02
9.269087788570059274e+03 1.967884029684137772e+02
9.269878126887637336e+03 1.972072838891881474e+02
9.270668465205219036e+03 1.975291436333785100e+02
9.271458803522798917e+03 1.977614771340612094e+02
9.272249141840376979e+03 1.979304434681513385e+02
9.273039480157956859e+03 1.980588124036634099e+02
9.273829818475536740e+03 1.981556868228473434e+02
9.274620156793116621e+03 1.982208769152942693e+02
9.275410495110694683e+03 1.982420266984307773e+02
9.276200833428274564e+03 1.982012290770566096e+02
9.276991171745854444e+03 1.980924745788377095e+02
9.277781510063434325e+03 1.979259179276355667e+02
9.278571848381012387e+03 1.977324905386587943e+02
9.279362186698592268e+03 1.975505471297661586e+02
9.280152525016172149e+03 1.974030512737534480e+02
9.280942863333752030e+03 1.973002737497052976e+02
9.281733201651330091e+03 1.972439171326822134e+02
9.282523539968909972e+03 1.972261664922170326e+02
9.283313878286489853e+03 1.972282683950312787e+02
9.284104216604069734e+03 1.972206768795074936e+02
9.284894554921647796e+03 1.971736781920220096e+02
9.285684893239227677e+03 1.970640632075011354e+02
9.286475231556807557e+03 1.968779954067339588e+02
9.287265569874387438e+03 1.966159203591481059e+02
9.288055908191965500e+03 1.962922188856372259e+02
9.288846246509545381e+03 1.959255530969525694e+02
9.289636584827125262e+03 1.955372005741764951e+02
9.290426923144705142e+03 1.951596229668803630e+02
9.291217261462285023e+03 1.948306250812136113e+02
9.292007599779863085e+03 1.945737139719025777e+02
9.292797938097442966e+03 1.943907153072402707e+02
9.293588276415022847e+03 1.942693644212116624e+02
9.294378614732602728e+03 1.941958702621398913e+02
9.295168953050180789e+03 1.941623473999698604e+02
9.295959291367760670e+03 1.941662365356473856e+02
9.296749629685340551e+03 1.942130991208273372e+02
9.297539968002920432e+03 1.943130488428545846e+02
9.298330306320498494e+03 1.944699421054931463e+02
9.299120644638078375e+03 1.946745142208612265e+02
9.299910982955658255e+03 1.949174379828822055e+02
9.300701321273238136e+03 1.952008097922920342e+02
9.301491659590816198e+03 1.955189594890469493e+02
9.302281997908396079e+03 1.958478201815315742e+02
9.303072336225975960e+03 1.961563066326000353e+02
9.303862674543555841e+03 1.964223006610351376e+02
9.304653012861133902e+03 1.966392125617531974e+02
9.305443351178713783e+03 1.968005201236124151e+02
9.306233689496293664e+03 1.968976830882410525e+02
9.307024027813873545e+03 1.969316362601849164e+02
9.307814366131451607e+03 1.969194980217850457e+02
9.308604704449031487e+03 1.968951303441795346e+02
9.309395042766613187e+03 1.968878412420180268e+02
9.310185381084191249e+03 1.968999274154567161e+02
9.310975719401769311e+03 1.969137655877345878e+02
9.311766057719349192e+03 1.969161032733123591e+02
9.312556396036930892e+03 1.969098422353716842e+02
9.313346734354508953e+03 1.969075935384340710e+02
9.314137072672087015e+03 1.969238895230191133e+02
9.314927410989666896e+03 1.969580340817320234e+02
9.315717749307248596e+03 1.969880506393174642e+02
9.316508087624826658e+03 1.969943602644935936e+02
9.317298425942404720e+03 1.969747496947632044e+02
9.318088764259984600e+03 1.969450491505422747e+02
9.318879102577566300e+03 1.969277797649846207e+02
9.319669440895144362e+03 1.969330449324575625e+02
9.320459779212722424e+03 1.969563471475157144e+02
9.321250117530302305e+03 1.969884651431790132e+02
9.322040455847884004e+03 1.970229424287882694e+02
9.322830794165462066e+03 1.970547520330900682e+02
9.323621132483040128e+03 1.970815585240740688e+02
9.324411470800620009e+03 1.971090973142640905e+02
9.325201809118201709e+03 1.971383260432247653e+02
9.325992147435779771e+03 1.971614513127383930e+02
9.326782485753357832e+03 1.971737525330789254e+02
9.327572824070939532e+03 1.971929108789846055e+02
9.328363162388519413e+03 1.972564994438653230e+02
9.329153500706097475e+03 1.973743868695798369e+02
9.329943839023675537e+03 1.975179495041578548e+02
9.330734177341257237e+03 1.976606489565669449e+02
9.331524515658837117e+03 1.977916833492734554e+02
9.332314853976415179e+03 1.979049391647401421e+02
9.333105192293993241e+03 1.979950392470148586e+02
9.333895530611574941e+03 1.980607456920470213e+02
9.334685868929154822e+03 1.981044334667635098e+02
9.335476207246732884e+03 1.981327129861660978e+02
9.336266545564310945e+03 1.981593279495637887e+02
9.337056883881892645e+03 1.981929284659703399e+02
9.337847222199472526e+03 1.982333912235347668e+02
9.338637560517050588e+03 1.982748294285848942e+02
9.339427898834628650e+03 1.983101264785654223e+02
9.340218237152210349e+03 1.983383048845361714e+02
9.341008575469790230e+03 1.983670063220586712e+02
9.341798913787368292e+03 1.983931412983488372e+02
9.342589252104948173e+03 1.982706360003758732e+02
9.343379590422528054e+03 1.974393448354104805e+02
9.344169928740107935e+03 1.932821829141989838e+02
9.344960267057685996e+03 1.796327159871784716e+02
9.345750605375265877e+03 1.564009644453066699e+02
9.346540943692845758e+03 1.431061790015350255e+02
9.347331282010425639e+03 1.562731512075731075e+02
9.348121620328003701e+03 1.792909218178978676e+02
9.348911958645583582e+03 1.921688929805374357e+02
9.349702296963163462e+03 1.955368805908113359e+02
9.350492635280743343e+03 1.958864269532544427e+02
9.351282973598321405e+03 1.956848760995080170e+02
9.352073311915901286e+03 1.954180219640158498e+02
9.352863650233481167e+03 1.951976698966543040e+02
9.353653988551061047e+03 1.949974437941200165e+02
9.354444326868639109e+03 1.947854906300524362e+02
9.355234665186218990e+03 1.945481140973352012e+02
9.356025003503798871e+03 1.942833697332493159e+02
9.356815341821378752e+03 1.939942475819866559e+02
9.357605680138956814e+03 1.936815639319677018e+02
9.358396018456536694e+03 1.933493337068364326e+02
9.359186356774116575e+03 1.930225344596733521e+02
9.359976695091696456e+03 1.927490806381360073e+02
9.360767033409276337e+03 1.925807082465483973e+02
9.361557371726854399e+03 1.925433959002271536e+02
9.362347710044434280e+03 1.926231531482420962e+02
9.363138048362014160e+03 1.927906868286984832e+02
9.363928386679594041e+03 1.930292605786107174e+02
9.364718724997172103e+03 1.933405960038967919e+02
9.365509063314751984e+03 1.937168956034253142e+02
9.366299401632331865e+03 1.941256390481209735e+02
9.367089739949911745e+03 1.945309884633876720e+02
9.367880078267489807e+03 1.948962963029005664e+02
9.368670416585069688e+03 1.951818660152444522e+02
9.369460754902649569e+03 1.953630771768585532e+02
9.370251093220229450e+03 1.954406679262415309e+02
9.371041431537807512e+03 1.954346436906856468e+02
9.371831769855387392e+03 1.953798496806063838e+02
9.372622108172967273e+03 1.953135175470864908e+02
9.373412446490547154e+03 1.952514444165657324e+02
9.374202784808125216e+03 1.951909853974166253e+02
9.374993123125705097e+03 1.951305133061866286e+02
9.375783461443284978e+03 1.950697318934238638e+02
9.376573799760864858e+03 1.950099336448917029e+02
9.377364138078442920e+03 1.949491513326001950e+02
9.378154476396022801e+03 1.948792488123002045e+02
9.378944814713604501e+03 1.947883549688193625e+02
9.379735153031182563e+03 1.946679780478345947e+02
9.380525491348760625e+03 1.945190149991344981e+02
9.381315829666340505e+03 1.943456019890707864e+02
9.382106167983922205e+03 1.941474714596225510e+02
9.382896506301500267e+03 1.939193208717495054e+02
9.383686844619078329e+03 1.936714599029454575e+02
9.384477182936658210e+03 1.934392576094501806e+02
9.385267521254239909e+03 1.932523725123816121e+02
9.386057859571817971e+03 1.931140215168427403e+02
9.386848197889396033e+03 1.930162364967274584e+02
9.387638536206975914e+03 1.929542930297683085e+02
9.388428874524557614e+03 1.929096467895426485e+02
9.389219212842135676e+03 1.928522493306351180e+02
9.390009551159713737e+03 1.927673254459291741e+02
9.390799889477293618e+03 1.926682469615448667e+02
9.391590227794875318e+03 1.925863410911252345e+02
9.392380566112453380e+03 1.925362553474722063e+02
9.393170904430031442e+03 1.925011093274649738e+02
9.393961242747611323e+03 1.924676381045799758e+02
9.394751581065193022e+03 1.924404446074840394e+02
9.395541919382771084e+03 1.924295264050921332e+02
9.396332257700349146e+03 1.924394615501503267e+02
9.397122596017930846e+03 1.924681556064134895e+02
9.397912934335510727e+03 1.925076569989636823e+02
9.398703272653088789e+03 1.925443726937699580e+02
9.399493610970666850e+03 1.925646267361057085e+02
9.400283949288248550e+03 1.925543755073472312e+02
9.401074287605828431e+03 1.924998838874408307e+02
9.401864625923406493e+03 1.923886103056915999e+02
9.402654964240984555e+03 1.922154811974696713e+02
9.403445302558566254e+03 1.919829951620669704e+02
9.404235640876146135e+03 1.916942404030415332e+02
9.405025979193724197e+03 1.913493450618747147e+02
9.405816317511302259e+03 1.909395301000514564e+02
9.406606655828883959e+03 1.904721292142596099e+02
9.407396994146463840e+03 1.899849426400013499e+02
9.408187332464041901e+03 1.895038845560690106e+02
9.408977670781619963e+03 1.890314156651681685e+02
9.409768009099201663e+03 1.885626726719890769e+02
9.410558347416781544e+03 1.880770450463802490e+02
9.411348685734359606e+03 1.875513357272386656e+02
9.412139024051937668e+03 1.870053546367968806e+02
9.412929362369519367e+03 1.864883735822791948e+02
9.413719700687099248e+03 1.860353666349261630e+02
9.414510039004677310e+03 1.856813064918791270e+02
9.415300377322257191e+03 1.854674513248133962e+02
9.416090715639837072e+03 1.854196972915773358e+02
9.416881053957416952e+03 1.855525263460569931e+02
9.417671392274995014e+03 1.858757268807184460e+02
9.418461730592574895e+03 1.863813558396831240e+02
9.419252068910154776e+03 1.870357715517952784e+02
9.420042407227734657e+03 1.877919739896275075e+02
9.420832745545312719e+03 1.886070356848274798e+02
9.421623083862892599e+03 1.894451317184564800e+02
9.422413422180472480e+03 1.902645168726933207e+02
9.423203760498052361e+03 1.910157336998627784e+02
9.423994098815630423e+03 1.916792044716435157e+02
9.424784437133210304e+03 1.922630900307024717e+02
9.425574775450790185e+03 1.927669434076067319e+02
9.426365113768370065e+03 1.931784736160815896e+02
9.427155452085948127e+03 1.934837002388921405e+02
9.427945790403528008e+03 1.936712641335433318e+02
9.428736128721107889e+03 1.937351550188872693e+02
9.429526467038687770e+03 1.936811939194159891e+02
9.430316805356265832e+03 1.935230481079973970e+02
9.431107143673845712e+03 1.932768285161921540e+02
9.431897481991425593e+03 1.929538041862924160e+02
9.432687820309005474e+03 1.925628299489989672e+02
9.433478158626585355e+03 1.921350523235255139e+02
9.434268496944163417e+03 1.917217971323096037e+02
9.435058835261743297e+03 1.913566486010270751e+02
9.435849173579323178e+03 1.910443028021442160e+02
9.436639511896903059e+03 1.907787252840664109e+02
9.437429850214481121e+03 1.905533215762069972e+02
9.438220188532061002e+03 1.903634095647250888e+02
9.439010526849640883e+03 1.902179950804509474e+02
9.439800865167220763e+03 1.901277479453170542e+02
9.440591203484798825e+03 1.900871476975362100e+02
9.441381541802378706e+03 1.900799953551676822e+02
9.442171880119958587e+03 1.900925964726177995e+02
9.442962218437538468e+03 1.901214879576119188e+02
9.443752556755116530e+03 1.901619442290656252e+02
9.444542895072696410e+03 1.901987856184525754e+02
9.445333233390276291e+03 1.902158971756967958e+02
9.446123571707856172e+03 1.902155897677358212e+02
9.446913910025434234e+03 1.902171931553140212e+02
9.447704248343014115e+03 1.902434996457367333e+02
9.448494586660593995e+03 1.903144047704502668e+02
9.449284924978173876e+03 1.904357273747694421e+02
9.450075263295751938e+03 1.906014736213621745e+02
9.450865601613331819e+03 1.907998080437765225e+02
9.451655939930913519e+03 1.910170787309399714e+02
9.452446278248491581e+03 1.912369247535498289e+02
9.453236616566069642e+03 1.914458395050055231e+02
9.454026954883649523e+03 1.916507158244758386e+02
9.454817293201231223e+03 1.918693455801441701e+02
9.455607631518809285e+03 1.921086426264203624e+02
9.456397969836387347e+03 1.923653692265656332e+02
9.457188308153967228e+03 1.926320787004400472e+02
9.457978646471548927e+03 1.929016440042932743e+02
9.458768984789126989e+03 1.931666610802178923e+02
9.459559323106705051e+03 1.934194126685312938e+02
9.460349661424284932e+03 1.936500020666826174e+02
9.461139999741866632e+03 1.938437384622495756e+02
9.461930338059444693e+03 1.939850523956654911e+02
9.462720676377022755e+03 1.940687924899575592e+02
9.463511014694602636e+03 1.941056597301663373e+02
9.464301353012184336e+03 1.941170197538034472e+02
9.465091691329762398e+03 1.941355168908057749e+02
9.465882029647340460e+03 1.941906984684302415e+02
9.466672367964922159e+03 1.942907844621830122e+02
9.467462706282502040e+03 1.944239768118876555e+02
9.468253044600080102e+03 1.945760329605170682e+02
9.469043382917658164e+03 1.947421617212097260e+02
9.469833721235239864e+03 1.949232609820399489e+02
9.470624059552819745e+03 1.951167475055907801e+02
9.471414397870397806e+03 1.953097435160257476e+02
9.472204736187975868e+03 1.954851483822794194e+02
9.472995074505557568e+03 1.956323065124088316e+02
9.473785412823137449e+03 1.957521926406923285e+02
9.474575751140715511e+03 1.958484364696001307e+02
9.475366089458293573e+03 1.959145480939058075e+02
9.476156427775875272e+03 1.959456282990799991e+02
9.476946766093455153e+03 1.959445544030845099e+02
9.477737104411033215e+03 1.959217257404014561e+02
9.478527442728611277e+03 1.958924879983752589e+02
9.479317781046192977e+03 1.958650832954251655e+02
9.480108119363772857e+03 1.958428989886721183e+02
9.480898457681350919e+03 1.958324099216428920e+02
9.481688795998928981e+03 1.958366406797197214e+02
9.482479134316510681e+03 1.958508406135389350e+02
9.483269472634090562e+03 1.958703731812153706e+02
9.484059810951668624e+03 1.958910732692009447e+02
9.484850149269248504e+03 1.959070021633742158e+02
9.485640487586828385e+03 1.959173861238083134e+02
9.486430825904408266e+03 1.959277883936543390e+02
9.487221164221986328e+03 1.959527376521750170e+02
9.488011502539566209e+03 1.960096635901162472e+02
9.488801840857146090e+03 1.961101532890272665e+02
9.489592179174725970e+03 1.962569712666902717e+02
9.490382517492304032e+03 1.964388103306771427e+02
9.491172855809883913e+03 1.966265044572405145e+02
9.491963194127463794e+03 1.967830032347411304e+02
9.492753532445043675e+03 1.968859767319211755e+02
9.493543870762621737e+03 1.969306866347019138e+02
9.494334209080201617e+03 1.969263199724903188e+02
9.495124547397781498e+03 1.968903512386690693e+02
9.495914885715361379e+03 1.968391477087525914e+02
9.496705224032939441e+03 1.967884088378720548e+02
9.497495562350519322e+03 1.967544329603354356e+02
9.498285900668099202e+03 1.967521085771825256e+02
9.499076238985679083e+03 1.967866379825637182e+02
9.499866577303257145e+03 1.968483621914953119e+02
9.500656915620837026e+03 1.969155665783944471e+02
9.501447253938416907e+03 1.969624546205331512e+02
9.502237592255996788e+03 1.969723472468853913e+02
9.503027930573576668e+03 1.969437523810640016e+02
9.503818268891154730e+03 1.968891568999522121e+02
9.504608607208734611e+03 1.968242715989009639e+02
9.505398945526314492e+03 1.967618853038127043e+02
9.506189283843894373e+03 1.967129831792946675e+02
9.506979622161472435e+03 1.966828960839751517e+02
9.507769960479052315e+03 1.966678613660224073e+02
9.508560298796632196e+03 1.966542928082819799e+02
9.509350637114212077e+03 1.966328668256543608e+02
9.510140975431790139e+03 1.966033875286885859e+02
9.510931313749370020e+03 1.965721395958824189e+02
9.511721652066949900e+03 1.965468935460839361e+02
9.512511990384529781e+03 1.965326564346738962e+02
9.513302328702107843e+03 1.965411887689031687e+02
9.514092667019687724e+03 1.965922323426960929e+02
9.514883005337267605e+03 1.966957003975150542e+02
9.515673343654847486e+03 1.968395841854146511e+02
9.516463681972425547e+03 1.970032473895138025e+02
9.517254020290005428e+03 1.971685399072280234e+02
9.518044358607585309e+03 1.973190325555391098e+02
9.518834696925165190e+03 1.974451641891718054e+02
9.519625035242743252e+03 1.975490668352973103e+02
9.520415373560323133e+03 1.976435689358719401e+02
9.521205711877904832e+03 1.977416865375752479e+02
9.521996050195482894e+03 1.978495347428449236e+02
9.522786388513060956e+03 1.979579382396285325e+02
9.523576726830640837e+03 1.980526708759468875e+02
9.524367065148222537e+03 1.981344304140157533e+02
9.525157403465800598e+03 1.982196599706677773e+02
9.525947741783378660e+03 1.983290741805209052e+02
9.526738080100958541e+03 1.984821844936822117e+02
9.527528418418540241e+03 1.987025216096071745e+02
9.528318756736118303e+03 1.990074441582275711e+02
9.529109095053696365e+03 1.993875268899555522e+02
9.529899433371276245e+03 1.997784894902597443e+02
9.530689771688857945e+03 2.000397123671605470e+02
9.531480110006436007e+03 2.000303148248959815e+02
9.532270448324014069e+03 1.997829727989783350e+02
9.533060786641593950e+03 1.995486105689072929e+02
9.533851124959175650e+03 1.995411864573149501e+02
9.534641463276753711e+03 1.996414635349508444e+02
9.535431801594331773e+03 1.995279678525746476e+02
9.536222139911911654e+03 1.990449181886096426e+02
9.537012478229493354e+03 1.982863101922071110e+02
9.537802816547071416e+03 1.974273277410997878e+02
9.538593154864649478e+03 1.965980586912999399e+02
9.539383493182231177e+03 1.958543595008335956e+02
9.540173831499811058e+03 1.952002051939361422e+02
9.540964169817389120e+03 1.946087351496805979e+02
9.541754508134967182e+03 1.940350871178895886e+02
9.542544846452548882e+03 1.934414561904465586e+02
9.543335184770128762e+03 1.928049273941185788e+02
9.544125523087706824e+03 1.921157925351640188e+02
9.544915861405284886e+03 1.913857073931218906e+02
9.545706199722866586e+03 1.906566051038404908e+02
9.546496538040446467e+03 1.899816275050822014e+02
9.547286876358024529e+03 1.894147027166720818e+02
9.548077214675602590e+03 1.890127098298100634e+02
9.548867552993184290e+03 1.888197091914862540e+02
9.549657891310764171e+03 1.888511547541416462e+02
9.550448229628342233e+03 1.890876636745764188e+02
9.551238567945920295e+03 1.894869316727056798e+02
9.552028906263501995e+03 1.900009207550116059e+02
9.552819244581081875e+03 1.905853409041670261e+02
9.553609582898659937e+03 1.912096321251320887e+02
9.554399921216239818e+03 1.918599712379461266e+02
9.555190259533819699e+03 1.925189557336983626e+02
9.555980597851399580e+03 1.931560917984353978e+02
9.556770936168977642e+03 1.937577409313871613e+02
9.557561274486557522e+03 1.943355397240486013e+02
9.558351612804137403e+03 1.948972122333423727e+02
9.559141951121717284e+03 1.954336962173419465e+02
9.559932289439295346e+03 1.959326193763867536e+02
9.560722627756875227e+03 1.963810774885660351e+02
9.561512966074455107e+03 1.967651430723864223e+02
9.562303304392034988e+03 1.970764658981918274e+02
9.563093642709613050e+03 1.973140595184798372e+02
9.563883981027192931e+03 1.974825239454936252e+02
9.564674319344772812e+03 1.975841863805620449e+02
9.565464657662352693e+03 1.976185470472727843e+02
9.566254995979930754e+03 1.975821843844977934e+02
9.567045334297510635e+03 1.974743102203516969e+02
9.567835672615090516e+03 1.973001838896402660e+02
9.568626010932670397e+03 1.970704161170750979e+02
9.569416349250248459e+03 1.968027239124112100e+02
9.570206687567828340e+03 1.965158734765553277e+02
9.570997025885408220e+03 1.962321422911060438e+02
9.571787364202988101e+03 1.959802557740104021e+02
9.572577702520567982e+03 1.957885933586472618e+02
9.573368040838146044e+03 1.956789392650543391e+02
9.574158379155725925e+03 1.956640299891708992e+02
9.574948717473305805e+03 1.957449320803521573e+02
9.575739055790885686e+03 1.959118837004597822e+02
9.576529394108463748e+03 1.961502188270879969e+02
9.577319732426043629e+03 1.964375497532258521e+02
9.578110070743623510e+03 1.967489287789212540e+02
9.578900409061203391e+03 1.970650774117893036e+02
9.579690747378781452e+03 1.973736002465988122e+02
9.580481085696361333e+03 1.976680660022097982e+02
9.581271424013941214e+03 1.979498289784616532e+02
9.582061762331521095e+03 1.982241121195241931e+02
9.582852100649099157e+03 1.984937044920840776e+02
9.583642438966679038e+03 1.987625156820824373e+02
9.584432777284258918e+03 1.990319741089269314e+02
9.585223115601838799e+03 1.992930072031217321e+02
9.586013453919416861e+03 1.995247008057444589e+02
9.586803792236996742e+03 1.997109475673480574e+02
9.587594130554576623e+03 1.998490614810426109e+02
9.588384468872156503e+03 1.999482297555402397e+02
9.589174807189734565e+03 2.000316887948633564e+02
9.589965145507314446e+03 2.001180489447125979e+02
9.590755483824896146e+03 2.000841080059966544e+02
9.591545822142474208e+03 1.992367352727980006e+02
9.592336160460052270e+03 1.940348377001637061e+02
9.593126498777632150e+03 1.742716773366535676e+02
9.593916837095213850e+03 1.302053397484523884e+02
9.594707175412791912e+03 7.260317847754969023e+01
9.595497513730369974e+03 2.902273518466285651e+01
9.596287852047949855e+03 1.432636762181736501e+01
9.597078190365531555e+03 2.914930185064104506e+01
9.597868528683109616e+03 7.201783363401796123e+01
9.598658867000687678e+03 1.282730062240885047e+02
9.599449205318267559e+03 1.712855710432028786e+02
9.600239543635849259e+03 1.905218959524907518e+02
9.601029881953427321e+03 1.954525409925673500e+02
9.601820220271005383e+03 1.961076913772534454e+02
9.602610558588585263e+03 1.960274206249446252e+02
9.603400896906166963e+03 1.959364321607468753e+02
9.604191235223745025e+03 1.959567103590257489e+02
9.604981573541323087e+03 1.960708340028353120e+02
9.605771911858902968e+03 1.962572830699751876e+02
9.606562250176484667e+03 1.964963843041524001e+02
9.607352588494062729e+03 1.967709531183549814e+02
9.608142926811640791e+03 1.970728930521863731e+02
9.608933265129222491e+03 1.974012810136145504e+02
9.609723603446802372e+03 1.977559961346451018e+02
9.610513941764380434e+03 1.981335542863225214e+02
9.611304280081958495e+03 1.985258011944673342e+02
9.612094618399540195e+03 1.989153301790925639e+02
9.612884956717120076e+03 1.992754832392191133e+02
9.613675295034698138e+03 1.995816107920290960e+02
9.614465633352276200e+03 1.998135367642679512e+02
9.615255971669857900e+03 1.999595162483522017e+02
9.616046309987437780e+03 2.000167534176288484e+02
9.616836648305015842e+03 1.999880094341046401e+02
9.617626986622593904e+03 1.998818575258778765e+02
9.618417324940175604e+03 1.997141880816777757e+02
9.619207663257755485e+03 1.995048852237567587e+02
9.619998001575333546e+03 1.992689211559967930e+02
9.620788339892911608e+03 1.990120574135295897e+02
9.621578678210493308e+03 1.987331083063823201e+02
9.622369016528073189e+03 1.984359516651951481e+02
9.623159354845651251e+03 1.981321577990135836e+02
9.623949693163231132e+03 1.978394685014734762e+02
9.624740031480811012e+03 1.975757792145209919e+02
9.625530369798390893e+03 1.973494477987666187e+02
9.626320708115968955e+03 1.971713156362299344e+02
9.627111046433548836e+03 1.970548942118698506e+02
9.627901384751128717e+03 1.970031300357107114e+02
9.628691723068708598e+03 1.970044390699677024e+02
9.629482061386286659e+03 1.970394250668242080e+02
9.630272399703866540e+03 1.970866201273328215e+02
9.631062738021446421e+03 1.971180783918741781e+02
9.631853076339026302e+03 1.970983937210131103e+02
9.632643414656604364e+03 1.969963322838025022e+02
9.633433752974184245e+03 1.967942298166787509e+02
9.634224091291764125e+03 1.964881582856046407e+02
9.635014429609344006e+03 1.960893997678313099e+02
9.635804767926922068e+03 1.956225555622638410e+02
9.636595106244501949e+03 1.951303548257191096e+02
9.637385444562081830e+03 1.946676353555806429e+02
9.638175782879661710e+03 1.942766548317063098e+02
9.638966121197239772e+03 1.939828585049634171e+02
9.639756459514819653e+03 1.938036255514627442e+02
9.640546797832399534e+03 1.937487116554581803e+02
9.641337136149979415e+03 1.938119430693205913e+02
9.642127474467559296e+03 1.939659619766318315e+02
9.642917812785137357e+03 1.941656261847339238e+02
9.643708151102717238e+03 1.943679905101536178e+02
9.644498489420297119e+03 1.945400815562946946e+02
9.645288827737877000e+03 1.946575844614486357e+02
9.646079166055455062e+03 1.947056003004613558e+02
9.646869504373034943e+03 1.946812702700013062e+02
9.647659842690614823e+03 1.945930516804379238e+02
9.648450181008194704e+03 1.944571222710691814e+02
9.649240519325772766e+03 1.942989329532144325e+02
9.650030857643352647e+03 1.941434627173081253e+02
9.650821195960932528e+03 1.940056725406529381e+02
9.651611534278512408e+03 1.938868372357888461e+02
9.652401872596090470e+03 1.937778374442908671e+02
9.653192210913670351e+03 1.936684846808968246e+02
9.653982549231250232e+03 1.935534897206849791e+02
9.654772887548830113e+03 1.934314598575804212e+02
9.655563225866408175e+03 1.933028775246446003e+02
9.656353564183988055e+03 1.931707068972039565e+02
9.657143902501567936e+03 1.930379212170428502e+02
9.657934240819147817e+03 1.929113857028162613e+02
9.658724579136725879e+03 1.928019664278790799e+02
9.659514917454305760e+03 1.927214838306520619e+02
9.660305255771887460e+03 1.926792697996430945e+02
9.661095594089465521e+03 1.926845004471184666e+02
9.661885932407043583e+03 1.927462065939415083e+02
9.662676270724623464e+03 1.928703847535373654e+02
9.663466609042205164e+03 1.930575537819397596e+02
9.664256947359783226e+03 1.933027813897203373e+02
9.665047285677361288e+03 1.935971616401446340e+02
9.665837623994941168e+03 1.939257320156340825e+02
9.666627962312522868e+03 1.942645958403599877e+02
9.667418300630100930e+03 1.945862721051543360e+02
9.668208638947678992e+03 1.948711839444786733e+02
9.668998977265258873e+03 1.951020056039254769e+02
9.669789315582840572e+03 1.952621264772440668e+02
9.670579653900418634e+03 1.953399421391346209e+02
9.671369992217996696e+03 1.953283229449350813e+02
9.672160330535576577e+03 1.952257849585192275e+02
9.672950668853158277e+03 1.950398563330515742e+02
9.673741007170736339e+03 1.947888236773020196e+02
9.674531345488314400e+03 1.945025358424261128e+02
9.675321683805894281e+03 1.942270424641170905e+02
9.676112022123475981e+03 1.940125293998783320e+02
9.676902360441054043e+03 1.938978228649730795e+02
9.677692698758632105e+03 1.939000927420817675e+02
9.678483037076213805e+03 1.940194715011002415e+02
9.679273375393793685e+03 1.942523920415494274e+02
9.680063713711371747e+03 1.945878203943205449e+02
9.680854052028949809e+03 1.949989749793496117e+02
9.681644390346531509e+03 1.954470514921092388e+02
9.682434728664111390e+03 1.958817922524546020e+02
9.683225066981689451e+03 1.962538011810083276e+02
9.684015405299267513e+03 1.965364597088791641e+02
9.684805743616849213e+03 1.967154491373455585e+02
9.685596081934429094e+03 1.967812361537398260e+02
9.686386420252007156e+03 1.967304461655243983e+02
9.687176758569585218e+03 1.965727664376458677e+02
9.687967096887166917e+03 1.963324258580125274e+02
9.688757435204746798e+03 1.960399118741214011e+02
9.689547773522324860e+03 1.957336780064825348e+02
9.690338111839902922e+03 1.954580089991098362e+02
9.691128450157484622e+03 1.952464893137664035e+02
9.691918788475064503e+03 1.951195285706481286e+02
9.692709126792642564e+03 1.950879027296598451e+02
9.693499465110220626e+03 1.951462844733480324e+02
9.694289803427802326e+03 1.952791445241538781e+02
9.695080141745382207e+03 1.954666376504734160e+02
9.695870480062960269e+03 1.956879414759131919e+02
9.696660818380540150e+03 1.959235023637323252e+02
9.697451156698120030e+03 1.961503501756643288e+02
9.698241495015699911e+03 1.963454801560205851e+02
9.699031833333277973e+03 1.964932824596176602e+02
9.699822171650857854e+03 1.965826856236882350e+02
9.700612509968437735e+03 1.966128582034089050e+02
9.701402848286017615e+03 1.965895042655672569e+02
9.702193186603595677e+03 1.963640359208855557e+02
9.702983524921175558e+03 1.952137753625851815e+02
9.703773863238755439e+03 1.900212552190403130e+02
9.704564201556335320e+03 1.750707672723581538e+02
9.705354539873913382e+03 1.567329335484093349e+02
