# TARGETID=39627854555648169, Z=1.279, SPECTYPE=GALAXY, SUBTYPE=, smoothing=1.0
# wave_A flux
# 
3.600000000000000000e+03 4.018512318999661659e+00
3.600800000000000182e+03 2.296130822481415201e+00
3.601600000000000364e+03 3.211021528734216424e-01
3.602400000000000546e+03 -1.073329484541498235e+00
3.603200000000000728e+03 -9.832554269401295732e-01
3.604000000000000909e+03 1.651339621286614101e-01
3.604800000000001091e+03 1.048194381702337363e+00
3.605600000000001273e+03 7.230342508682102709e-01
3.606400000000001455e+03 -3.275887136305026814e-01
3.607200000000001637e+03 -6.991879790086088509e-01
3.608000000000001819e+03 1.362574401511033040e-01
3.608800000000002001e+03 4.381387801118868941e-01
3.609600000000002183e+03 -7.316845449652640276e-01
3.610400000000002365e+03 -2.267718806144168653e+00
3.611200000000002547e+03 -2.546810695061688001e+00
3.612000000000002728e+03 -1.593232082155165763e+00
3.612800000000002910e+03 -5.850658940965999255e-01
3.613600000000003092e+03 2.807586466621626586e-01
3.614400000000003274e+03 2.203607688411275412e-01
3.615200000000003456e+03 -3.651023317205333019e-01
3.616000000000003638e+03 -5.020171602749488038e-01
3.616800000000003820e+03 2.526796515911319263e-01
3.617600000000004002e+03 1.080190744085606225e+00
3.618400000000004184e+03 1.397336557289613035e+00
3.619200000000004366e+03 1.703575737445994331e+00
3.620000000000004547e+03 1.235206358910354796e+00
3.620800000000004729e+03 1.400097883907595042e-01
3.621600000000004911e+03 -7.476344129506873326e-02
3.622400000000005093e+03 7.932170657965597060e-01
3.623200000000005275e+03 6.121788943483288392e-01
3.624000000000005457e+03 -6.828378730102103722e-01
3.624800000000005639e+03 -9.197132739314385352e-01
3.625600000000005821e+03 -2.067333468420140541e-01
3.626400000000006003e+03 -3.654758684537612323e-01
3.627200000000006185e+03 -3.461684476483268269e-01
3.628000000000006366e+03 1.903196022408154553e-01
3.628800000000006548e+03 5.053771419669819687e-02
3.629600000000006730e+03 -1.752601243889440052e-01
3.630400000000006912e+03 -3.272410229814225885e-02
3.631200000000007094e+03 -1.284993640885877531e-01
3.632000000000007276e+03 -1.917701660454628754e-01
3.632800000000007458e+03 4.897934788580357579e-01
3.633600000000007640e+03 1.213921272002034479e+00
3.634400000000007822e+03 1.251271399460902378e+00
3.635200000000008004e+03 5.740466335153966426e-01
3.636000000000008185e+03 1.080057404392734677e-01
3.636800000000008367e+03 4.592142111904849999e-01
3.637600000000008549e+03 7.386290633065548672e-01
3.638400000000008731e+03 8.816961614407306524e-02
3.639200000000008913e+03 -1.264700516923780160e+00
3.640000000000009095e+03 -9.822367134355088902e-01
3.640800000000009277e+03 1.308158178126771709e+00
3.641600000000009459e+03 2.110259497050987143e+00
3.642400000000009641e+03 1.230876836140340602e+00
3.643200000000009823e+03 6.288791028563222030e-01
3.644000000000010004e+03 9.010569146701885579e-01
3.644800000000010186e+03 1.402859972547583212e+00
3.645600000000010368e+03 1.380177870776896576e+00
3.646400000000010550e+03 1.022101845442258572e+00
3.647200000000010732e+03 9.239694470743176069e-01
3.648000000000010914e+03 9.500784128748120949e-01
3.648800000000011096e+03 1.558578064962190091e+00
3.649600000000011278e+03 1.720179053156857041e+00
3.650400000000011460e+03 5.981145996807478715e-01
3.651200000000011642e+03 2.770777426999555537e-01
3.652000000000011823e+03 8.423935791210362956e-01
3.652800000000012005e+03 9.448098074234501098e-01
3.653600000000012187e+03 3.914271287720929582e-01
3.654400000000012369e+03 3.231025643226975719e-01
3.655200000000012551e+03 5.450327312822016435e-01
3.656000000000012733e+03 5.992628992178676839e-01
3.656800000000012915e+03 2.535524071658270540e-01
3.657600000000013097e+03 -1.755851765582633339e-02
3.658400000000013279e+03 1.612830354395593940e-02
3.659200000000013461e+03 2.865784222530514680e-01
3.660000000000013642e+03 5.456758186018217938e-01
3.660800000000013824e+03 5.718117060757164083e-01
3.661600000000014006e+03 8.137714379592002611e-01
3.662400000000014188e+03 9.165336723269433827e-01
3.663200000000014370e+03 6.327551010246011964e-01
3.664000000000014552e+03 8.329932297342305114e-01
3.664800000000014734e+03 1.134349714789574026e+00
3.665600000000014916e+03 9.548649214916011818e-01
3.666400000000015098e+03 1.257590569072979170e+00
3.667200000000015280e+03 2.324532453762913065e+00
3.668000000000015461e+03 2.801354835796979525e+00
3.668800000000015643e+03 2.372396039950822377e+00
3.669600000000015825e+03 1.241813218974350708e+00
3.670400000000016007e+03 -2.963436400740966370e-01
3.671200000000016189e+03 -1.015399189836146743e+00
3.672000000000016371e+03 -3.022917851723300742e-01
3.672800000000016553e+03 1.014839481495861673e+00
3.673600000000016735e+03 1.417111720442232325e+00
3.674400000000016917e+03 8.191575693250694457e-01
3.675200000000017099e+03 7.582762282247421104e-02
3.676000000000017280e+03 -5.581673776569087142e-01
3.676800000000017462e+03 -6.595378323384487596e-01
3.677600000000017644e+03 3.731189304331494760e-02
3.678400000000017826e+03 4.411748433510657152e-01
3.679200000000018008e+03 3.152277251769805000e-01
3.680000000000018190e+03 5.341397437056818465e-01
3.680800000000018372e+03 1.348898834174095285e+00
3.681600000000018554e+03 1.384986616602974063e+00
3.682400000000018736e+03 4.649557458638021723e-01
3.683200000000018917e+03 -2.813326028730612771e-01
3.684000000000019099e+03 -3.934789700894936737e-01
3.684800000000019281e+03 1.019633165429476018e-01
3.685600000000019463e+03 5.118041093116789675e-01
3.686400000000019645e+03 2.898236751144249723e-01
3.687200000000019827e+03 1.646447650367557636e-01
3.688000000000020009e+03 5.359935350861331216e-01
3.688800000000020191e+03 6.713250141527331571e-01
3.689600000000020373e+03 3.186621389370783430e-01
3.690400000000020555e+03 3.025280673388711650e-01
3.691200000000020736e+03 6.201316168588414390e-01
3.692000000000020918e+03 6.145607890353755876e-01
3.692800000000021100e+03 3.693472547943874029e-01
3.693600000000021282e+03 -2.797323239734099687e-01
3.694400000000021464e+03 -1.023669869401458321e+00
3.695200000000021646e+03 -7.211332007570985247e-01
3.696000000000021828e+03 4.316851928855249820e-01
3.696800000000022010e+03 1.017308444179084281e+00
3.697600000000022192e+03 1.285987053808345992e+00
3.698400000000022374e+03 9.763493055502445728e-01
3.699200000000022555e+03 1.562408330504113652e-01
3.700000000000022737e+03 1.632103052298899126e-01
3.700800000000022919e+03 3.214695631133561160e-01
3.701600000000023101e+03 -2.584170802740314854e-01
3.702400000000023283e+03 -7.280143472695881357e-01
3.703200000000023465e+03 -4.677493569193562351e-02
3.704000000000023647e+03 7.242732722055440497e-01
3.704800000000023829e+03 3.573233335033524360e-01
3.705600000000024011e+03 -5.500167185209899889e-01
3.706400000000024193e+03 -7.969135692853498432e-01
3.707200000000024374e+03 -3.855114716519009166e-01
3.708000000000024556e+03 -2.915364969513820625e-01
3.708800000000024738e+03 -2.966537148630581378e-01
3.709600000000024920e+03 4.436324020555439396e-01
3.710400000000025102e+03 1.001810579198481488e+00
3.711200000000025284e+03 8.722927274023783983e-01
3.712000000000025466e+03 1.253009166376361394e+00
3.712800000000025648e+03 1.617626902788452892e+00
3.713600000000025830e+03 1.393146216614006061e+00
3.714400000000026012e+03 8.127223950944211239e-01
3.715200000000026193e+03 2.297004930432363645e-01
3.716000000000026375e+03 -1.358638853460142348e-01
3.716800000000026557e+03 -4.337749587732971368e-01
3.717600000000026739e+03 -1.868523856373299763e-01
3.718400000000026921e+03 2.928081597040446127e-01
3.719200000000027103e+03 8.078358488706397500e-01
3.720000000000027285e+03 9.964625749010751488e-01
3.720800000000027467e+03 4.074394454899449847e-01
3.721600000000027649e+03 -8.505236115249198425e-02
3.722400000000027831e+03 3.663711408551643123e-01
3.723200000000028012e+03 6.747930587661814528e-01
3.724000000000028194e+03 2.683354368728277928e-01
3.724800000000028376e+03 3.825811214703734309e-01
3.725600000000028558e+03 7.808775464538811883e-01
3.726400000000028740e+03 7.874904222933789555e-01
3.727200000000028922e+03 6.189184960956015669e-01
3.728000000000029104e+03 7.847083786167724506e-01
3.728800000000029286e+03 9.349370445939204632e-01
3.729600000000029468e+03 8.811922916068992695e-01
3.730400000000029650e+03 6.516608136077911562e-01
3.731200000000029831e+03 5.969685248861242854e-01
3.732000000000030013e+03 7.046500681865526250e-01
3.732800000000030195e+03 8.403750868311680167e-01
3.733600000000030377e+03 6.105202525989175122e-01
3.734400000000030559e+03 2.765421503700219441e-01
3.735200000000030741e+03 6.542209258346279865e-01
3.736000000000030923e+03 1.255162376301293348e+00
3.736800000000031105e+03 1.230047217669679060e+00
3.737600000000031287e+03 9.224808742599749367e-01
3.738400000000031469e+03 1.596389832490874849e-01
3.739200000000031650e+03 -7.371217440009490973e-01
3.740000000000031832e+03 -9.667535756108167622e-01
3.740800000000032014e+03 -5.447873002692869004e-01
3.741600000000032196e+03 3.313963686046417778e-01
3.742400000000032378e+03 9.013003197867075489e-01
3.743200000000032560e+03 7.379642328602532553e-01
3.744000000000032742e+03 6.852565106455066335e-01
3.744800000000032924e+03 1.106458638104573566e+00
3.745600000000033106e+03 1.369813924598567212e+00
3.746400000000033288e+03 1.133212931933680334e+00
3.747200000000033469e+03 5.945030551280792164e-01
3.748000000000033651e+03 6.321453710938899073e-01
3.748800000000033833e+03 1.177444167046339807e+00
3.749600000000034015e+03 5.893755195201323405e-01
3.750400000000034197e+03 -7.071562074860698877e-01
3.751200000000034379e+03 -1.042971763212079628e+00
3.752000000000034561e+03 -7.126608459050209898e-01
3.752800000000034743e+03 -3.998365111258154192e-01
3.753600000000034925e+03 -1.452669462950686441e-01
3.754400000000035106e+03 3.926028099419415773e-01
3.755200000000035288e+03 8.846683805071150486e-01
3.756000000000035470e+03 1.131536139794294238e+00
3.756800000000035652e+03 1.072678352664704349e+00
3.757600000000035834e+03 9.973934064291614110e-01
3.758400000000036016e+03 1.070579414455907319e+00
3.759200000000036198e+03 9.394361399507890065e-01
3.760000000000036380e+03 7.706755781732947952e-01
3.760800000000036562e+03 6.990998075053166394e-01
3.761600000000036744e+03 6.117036038946632726e-01
3.762400000000036925e+03 6.387322763711982265e-01
3.763200000000037107e+03 6.343098501148463075e-01
3.764000000000037289e+03 4.152343560192042204e-01
3.764800000000037471e+03 6.265051467433274679e-02
3.765600000000037653e+03 5.565061765640536007e-02
3.766400000000037835e+03 2.734916571610273572e-01
3.767200000000038017e+03 7.353545550820539400e-01
3.768000000000038199e+03 1.350868695722594159e+00
3.768800000000038381e+03 1.422429900985016316e+00
3.769600000000038563e+03 6.971997551842630259e-01
3.770400000000038744e+03 -1.960636826514011166e-01
3.771200000000038926e+03 -1.957005094208109086e-01
3.772000000000039108e+03 3.630590999840935806e-01
3.772800000000039290e+03 3.615287094759835340e-01
3.773600000000039472e+03 -7.284905588427662004e-02
3.774400000000039654e+03 -4.890064063674842698e-01
3.775200000000039836e+03 -5.260545195447763334e-01
3.776000000000040018e+03 -5.709401966718081339e-02
3.776800000000040200e+03 6.572734306879458588e-01
3.777600000000040382e+03 1.163740866710580413e+00
3.778400000000040563e+03 1.180390776223887217e+00
3.779200000000040745e+03 9.874096914019785398e-01
3.780000000000040927e+03 7.008544095247417616e-01
3.780800000000041109e+03 3.207205749610448353e-01
3.781600000000041291e+03 7.712089141557479377e-02
3.782400000000041473e+03 1.403558803863451665e-01
3.783200000000041655e+03 2.957689514512681361e-01
3.784000000000041837e+03 3.009411585784598220e-01
3.784800000000042019e+03 1.130881438048791932e-03
3.785600000000042201e+03 6.275955921963691231e-02
3.786400000000042382e+03 6.571816144309533536e-01
3.787200000000042564e+03 1.240443106872906265e+00
3.788000000000042746e+03 1.104915292558855233e+00
3.788800000000042928e+03 4.008639613498482523e-01
3.789600000000043110e+03 -3.804388584015040708e-02
3.790400000000043292e+03 -6.845520871038174304e-02
3.791200000000043474e+03 -6.550661347080401209e-02
3.792000000000043656e+03 -4.104725631147008169e-01
3.792800000000043838e+03 -5.080091998614055804e-01
3.793600000000044020e+03 1.421767181945586267e-01
3.794400000000044201e+03 5.092747929029550757e-01
3.795200000000044383e+03 2.886529463507614968e-01
3.796000000000044565e+03 1.640673312640111847e-02
3.796800000000044747e+03 -1.373282202496800553e-02
3.797600000000044929e+03 -1.181939209692965675e-01
3.798400000000045111e+03 -1.057615939683228118e-01
3.799200000000045293e+03 2.379273318739028586e-01
3.800000000000045475e+03 3.576564050408357898e-01
3.800800000000045657e+03 -1.375076726724943910e-01
3.801600000000045839e+03 -4.266859366922223229e-01
3.802400000000046020e+03 -8.301285466149854742e-02
3.803200000000046202e+03 1.838491372373739774e-01
3.804000000000046384e+03 4.867939535132986828e-02
3.804800000000046566e+03 -1.227236737988083859e-01
3.805600000000046748e+03 2.119784490185694925e-01
3.806400000000046930e+03 6.057651283360439010e-01
3.807200000000047112e+03 5.810525314393752971e-01
3.808000000000047294e+03 4.947469181386198733e-01
3.808800000000047476e+03 6.325907618742165894e-01
3.809600000000047658e+03 8.940752333162396148e-01
3.810400000000047839e+03 9.120620025401044995e-01
3.811200000000048021e+03 7.800287636471708863e-01
3.812000000000048203e+03 8.415957718937229215e-01
3.812800000000048385e+03 9.359968592990713931e-01
3.813600000000048567e+03 8.664888109217249168e-01
3.814400000000048749e+03 1.148927372560547555e+00
3.815200000000048931e+03 1.282218518249102601e+00
3.816000000000049113e+03 9.439483171657826466e-01
3.816800000000049295e+03 8.040605296925017464e-01
3.817600000000049477e+03 1.013366620001710405e+00
3.818400000000049658e+03 1.067897647903761627e+00
3.819200000000049840e+03 8.080544921584444928e-01
3.820000000000050022e+03 3.941402620914540855e-01
3.820800000000050204e+03 1.363191743871094985e-01
3.821600000000050386e+03 1.712907104451824036e-01
3.822400000000050568e+03 4.939885795741086882e-01
3.823200000000050750e+03 5.985386729816646323e-01
3.824000000000050932e+03 4.783175438111536004e-01
3.824800000000051114e+03 5.970048765494512244e-01
3.825600000000051296e+03 6.356949223269470206e-01
3.826400000000051477e+03 5.579486925607490821e-01
3.827200000000051659e+03 4.758899475463247430e-01
3.828000000000051841e+03 2.401843971369825581e-01
3.828800000000052023e+03 3.314797608102225679e-01
3.829600000000052205e+03 8.753973305859914511e-01
3.830400000000052387e+03 1.045378305429541133e+00
3.831200000000052569e+03 8.098584144542007035e-01
3.832000000000052751e+03 4.582321443497566205e-01
3.832800000000052933e+03 5.073211926991252341e-01
3.833600000000053114e+03 1.055021940262648616e+00
3.834400000000053296e+03 1.515247886140884015e+00
3.835200000000053478e+03 1.342261577001219175e+00
3.836000000000053660e+03 8.625695395301967716e-01
3.836800000000053842e+03 7.451227441939199947e-01
3.837600000000054024e+03 8.831274890651323872e-01
3.838400000000054206e+03 7.922145609180549775e-01
3.839200000000054388e+03 5.213647276106114781e-01
3.840000000000054570e+03 1.568348608641828013e-01
3.840800000000054752e+03 -6.339206018511240881e-01
3.841600000000054933e+03 -9.564326721152077715e-01
3.842400000000055115e+03 -3.049079022913874226e-01
3.843200000000055297e+03 2.109483357701591733e-01
3.844000000000055479e+03 4.756019660262599258e-01
3.844800000000055661e+03 7.970369945617238328e-01
3.845600000000055843e+03 1.107936193332549557e+00
3.846400000000056025e+03 1.049730088790560734e+00
3.847200000000056207e+03 3.287843699304858758e-01
3.848000000000056389e+03 -2.675581908668893671e-01
3.848800000000056571e+03 -4.850624908027052484e-01
3.849600000000056752e+03 -5.714184367527956887e-01
3.850400000000056934e+03 -4.105170424362171167e-01
3.851200000000057116e+03 3.684694670889958334e-02
3.852000000000057298e+03 7.285548686379408334e-01
3.852800000000057480e+03 1.085719384582619185e+00
3.853600000000057662e+03 7.132333016668451764e-01
3.854400000000057844e+03 4.223833654897116707e-01
3.855200000000058026e+03 4.777163329629191546e-01
3.856000000000058208e+03 4.513005992408033462e-01
3.856800000000058390e+03 5.917088869203929180e-02
3.857600000000058571e+03 -1.042344628978533472e-01
3.858400000000058753e+03 -1.066242209572998700e-01
3.859200000000058935e+03 -5.684880178569379217e-02
3.860000000000059117e+03 3.249030991195467344e-01
3.860800000000059299e+03 8.062876892620380875e-01
3.861600000000059481e+03 1.364333542134699595e+00
3.862400000000059663e+03 1.574385054581191046e+00
3.863200000000059845e+03 1.418656319090924711e+00
3.864000000000060027e+03 9.416763457371549739e-01
3.864800000000060209e+03 4.552072626353015350e-01
3.865600000000060390e+03 2.233381940722015124e-01
3.866400000000060572e+03 -1.725283618980340272e-01
3.867200000000060754e+03 -2.978323312971082326e-01
3.868000000000060936e+03 7.175926533920595762e-02
3.868800000000061118e+03 2.424526655539384068e-01
3.869600000000061300e+03 3.079616838104792809e-01
3.870400000000061482e+03 2.878388633078119430e-01
3.871200000000061664e+03 3.297894405134856322e-01
3.872000000000061846e+03 2.319420833086668354e-01
3.872800000000062028e+03 8.100243232854631437e-02
3.873600000000062209e+03 1.434866440844091429e-01
3.874400000000062391e+03 2.687190005560849415e-02
3.875200000000062573e+03 -1.385154073030935018e-01
3.876000000000062755e+03 -2.316252083722615818e-01
3.876800000000062937e+03 -2.164286714171872461e-01
3.877600000000063119e+03 4.605286187339852066e-03
3.878400000000063301e+03 2.160232288824296965e-01
3.879200000000063483e+03 3.499424210070444241e-01
3.880000000000063665e+03 4.378467135183990999e-01
3.880800000000063847e+03 4.943347080033743679e-01
3.881600000000064028e+03 6.908210934376266543e-01
3.882400000000064210e+03 6.649266033228556916e-01
3.883200000000064392e+03 1.658755295260935236e-01
3.884000000000064574e+03 -2.211195813108591812e-01
3.884800000000064756e+03 -2.311049999405105360e-01
3.885600000000064938e+03 1.417051315553610191e-01
3.886400000000065120e+03 4.881662706855477429e-01
3.887200000000065302e+03 7.113101471672402809e-01
3.888000000000065484e+03 8.424461750479854683e-01
3.888800000000065666e+03 8.000971389252640176e-01
3.889600000000065847e+03 4.218106084093133923e-01
3.890400000000066029e+03 1.793681309560833381e-01
3.891200000000066211e+03 3.200802051256578240e-01
3.892000000000066393e+03 2.615514976476611686e-01
3.892800000000066575e+03 -5.985453107808319517e-03
3.893600000000066757e+03 5.969595674918345279e-02
3.894400000000066939e+03 2.856706252766028076e-01
3.895200000000067121e+03 2.574209056235303716e-01
3.896000000000067303e+03 8.529268556080502051e-02
3.896800000000067485e+03 1.108642605059028952e-01
3.897600000000067666e+03 1.597629588587941019e-01
3.898400000000067848e+03 -2.620103573503618777e-01
3.899200000000068030e+03 -6.158975843694168839e-01
3.900000000000068212e+03 -2.779833507261676995e-01
3.900800000000068394e+03 3.362556865701430420e-01
3.901600000000068576e+03 7.205901262151128694e-01
3.902400000000068758e+03 6.115434200889258154e-01
3.903200000000068940e+03 2.542719292408408549e-01
3.904000000000069122e+03 -2.000472701609339876e-01
3.904800000000069303e+03 -2.549406174138835190e-01
3.905600000000069485e+03 -7.544295514185891949e-02
3.906400000000069667e+03 2.538132660157331189e-01
3.907200000000069849e+03 6.430249423315876900e-01
3.908000000000070031e+03 8.369223929886613345e-01
3.908800000000070213e+03 7.547693377403004167e-01
3.909600000000070395e+03 6.374351320770382801e-01
3.910400000000070577e+03 6.627948816828541645e-01
3.911200000000070759e+03 8.144235220103801520e-01
3.912000000000070941e+03 7.268543541279897102e-01
3.912800000000071122e+03 4.057477242846034282e-01
3.913600000000071304e+03 2.131293954920638611e-01
3.914400000000071486e+03 2.994205776814817810e-01
3.915200000000071668e+03 2.897586743474338533e-01
3.916000000000071850e+03 1.218156831516018640e-01
3.916800000000072032e+03 1.812283646445866092e-01
3.917600000000072214e+03 5.617509086449248290e-01
3.918400000000072396e+03 7.773791288608431493e-01
3.919200000000072578e+03 5.875008207425624907e-01
3.920000000000072760e+03 4.384971414329708050e-01
3.920800000000072941e+03 4.806297813927064011e-01
3.921600000000073123e+03 4.687509298080665410e-01
3.922400000000073305e+03 2.204093873807101978e-01
3.923200000000073487e+03 1.252994259317499193e-01
3.924000000000073669e+03 1.812555778571339760e-02
3.924800000000073851e+03 5.450913811491664429e-02
3.925600000000074033e+03 1.040591179176194869e-01
3.926400000000074215e+03 9.526355179046164245e-02
3.927200000000074397e+03 1.284731378352714781e-01
3.928000000000074579e+03 3.661674332289225897e-01
3.928800000000074760e+03 5.777604591020302216e-01
3.929600000000074942e+03 6.513852861243353276e-01
3.930400000000075124e+03 4.205857460872344800e-01
3.931200000000075306e+03 2.911881435499885304e-02
3.932000000000075488e+03 -2.014141913393859284e-01
3.932800000000075670e+03 -1.863926554026845706e-01
3.933600000000075852e+03 -5.407482432683620444e-02
3.934400000000076034e+03 1.797665122339780486e-01
3.935200000000076216e+03 4.664151186965891926e-01
3.936000000000076398e+03 4.251046052732752600e-01
3.936800000000076579e+03 3.010299828782181941e-01
3.937600000000076761e+03 3.246334922162534831e-01
3.938400000000076943e+03 4.240704053809769558e-01
3.939200000000077125e+03 6.298585564853631524e-01
3.940000000000077307e+03 6.265651236652970413e-01
3.940800000000077489e+03 2.075952474898890010e-01
3.941600000000077671e+03 -1.654597530093590285e-01
3.942400000000077853e+03 6.580041008374477862e-02
3.943200000000078035e+03 7.798424206134721981e-01
3.944000000000078217e+03 1.134475591143466966e+00
3.944800000000078398e+03 9.738990330955744623e-01
3.945600000000078580e+03 9.079759014705005571e-01
3.946400000000078762e+03 9.109749583648867333e-01
3.947200000000078944e+03 9.682282495813456791e-01
3.948000000000079126e+03 6.942393669648427856e-01
3.948800000000079308e+03 2.332446261921276576e-01
3.949600000000079490e+03 -1.386832508096541051e-02
3.950400000000079672e+03 -1.905405466601978459e-01
3.951200000000079854e+03 -2.849868626003984051e-01
3.952000000000080036e+03 -1.922850319068707126e-02
3.952800000000080217e+03 3.081468702030796813e-01
3.953600000000080399e+03 5.198871450929800631e-01
3.954400000000080581e+03 6.336422289912053696e-01
3.955200000000080763e+03 5.133271050157962589e-01
3.956000000000080945e+03 2.541578233142000043e-01
3.956800000000081127e+03 4.142770584901379893e-02
3.957600000000081309e+03 3.387312006618034554e-02
3.958400000000081491e+03 1.826858600719920844e-01
3.959200000000081673e+03 2.502635428229247894e-01
3.960000000000081855e+03 2.828686441199042001e-01
3.960800000000082036e+03 3.567071115270730175e-01
3.961600000000082218e+03 4.526363788513917408e-01
3.962400000000082400e+03 4.121761172165714360e-01
3.963200000000082582e+03 1.131039338556976276e-01
3.964000000000082764e+03 1.166502942422776856e-01
3.964800000000082946e+03 6.583379580476670379e-01
3.965600000000083128e+03 7.718293337877277782e-01
3.966400000000083310e+03 1.762109655080494885e-01
3.967200000000083492e+03 -1.500323153876792215e-01
3.968000000000083674e+03 1.282863341170139559e-01
3.968800000000083855e+03 3.976229228328507781e-01
3.969600000000084037e+03 3.255492794119557720e-01
3.970400000000084219e+03 2.496162303524083748e-01
3.971200000000084401e+03 2.944326633962156547e-01
3.972000000000084583e+03 2.537865600340565297e-01
3.972800000000084765e+03 1.076171610919951505e-01
3.973600000000084947e+03 1.534350114739505833e-01
3.974400000000085129e+03 1.369003395295447789e-01
3.975200000000085311e+03 2.756771229129189038e-01
3.976000000000085493e+03 6.507139027198196590e-01
3.976800000000085674e+03 7.446739758620261052e-01
3.977600000000085856e+03 6.941600849359963465e-01
3.978400000000086038e+03 5.366344447262351158e-01
3.979200000000086220e+03 1.568228014842936169e-01
3.980000000000086402e+03 4.738704546504435289e-02
3.980800000000086584e+03 2.329369453820998026e-01
3.981600000000086766e+03 3.720316737727379364e-01
3.982400000000086948e+03 3.492473830473497021e-01
3.983200000000087130e+03 2.108521878005381323e-01
3.984000000000087311e+03 2.431416982756725298e-01
3.984800000000087493e+03 4.231426493610884187e-01
3.985600000000087675e+03 7.264186132106331684e-01
3.986400000000087857e+03 1.025529492029948031e+00
3.987200000000088039e+03 7.599536809993955311e-01
3.988000000000088221e+03 2.763367152265367999e-01
3.988800000000088403e+03 2.599476860892586672e-01
3.989600000000088585e+03 5.090127284091616744e-01
3.990400000000088767e+03 6.364279742528480277e-01
3.991200000000088949e+03 8.016936928447627730e-01
3.992000000000089130e+03 8.360054550909128412e-01
3.992800000000089312e+03 6.358227957161124433e-01
3.993600000000089494e+03 5.306844032489304031e-01
3.994400000000089676e+03 6.695227481205794362e-01
3.995200000000089858e+03 7.171582112057914848e-01
3.996000000000090040e+03 7.904139645537610059e-01
3.996800000000090222e+03 9.123793895527261277e-01
3.997600000000090404e+03 7.076514400777429437e-01
3.998400000000090586e+03 3.089763116974104107e-01
3.999200000000090768e+03 2.516897391939038608e-01
4.000000000000090949e+03 5.648857524028629840e-01
4.000800000000091131e+03 2.555181114107802354e-01
4.001600000000091313e+03 -3.343890979797689567e-01
4.002400000000091495e+03 -1.152884396581712045e-01
4.003200000000091677e+03 2.792895262878324347e-01
4.004000000000091859e+03 3.566990878484487815e-01
4.004800000000092041e+03 4.466843323030960100e-01
4.005600000000092223e+03 4.220414828046171185e-01
4.006400000000092405e+03 2.624471986016540526e-01
4.007200000000092587e+03 2.055224232575720289e-01
4.008000000000092768e+03 4.630124585142131322e-01
4.008800000000092950e+03 8.080545510404193443e-01
4.009600000000093132e+03 8.380374013293216962e-01
4.010400000000093314e+03 6.088089108688982121e-01
4.011200000000093496e+03 3.573841811982946259e-01
4.012000000000093678e+03 2.643015301987979848e-01
4.012800000000093860e+03 3.122310855172187871e-01
4.013600000000094042e+03 1.282839590207832670e-01
4.014400000000094224e+03 9.486172687305083340e-02
4.015200000000094406e+03 1.476583506114607369e-01
4.016000000000094587e+03 8.954713852434290078e-02
4.016800000000094769e+03 1.132315238142518610e-01
4.017600000000094951e+03 3.055387254570094968e-01
4.018400000000095133e+03 5.180016556946501760e-01
4.019200000000095315e+03 5.958413247090594833e-01
4.020000000000095497e+03 1.868200073788334192e-01
4.020800000000095679e+03 -2.727510168302387239e-01
4.021600000000095861e+03 2.208823104046833685e-02
4.022400000000096043e+03 6.688058399412153410e-01
4.023200000000096225e+03 8.277691793546050336e-01
4.024000000000096406e+03 4.072629312781105293e-01
4.024800000000096588e+03 2.609243336810415093e-01
4.025600000000096770e+03 4.721297356938772283e-01
4.026400000000096952e+03 6.415633457368763448e-01
4.027200000000097134e+03 6.317914698159619036e-01
4.028000000000097316e+03 4.763647360095647487e-01
4.028800000000097498e+03 4.835278213408348291e-01
4.029600000000097680e+03 5.190945965595915590e-01
4.030400000000097862e+03 4.498889803945415045e-01
4.031200000000098044e+03 2.896640081389398880e-01
4.032000000000098225e+03 6.374873074130507633e-02
4.032800000000098407e+03 1.072987060783165414e-01
4.033600000000098589e+03 5.129779074927501847e-01
4.034400000000098771e+03 6.880426612705290434e-01
4.035200000000098953e+03 4.803110347347898657e-01
4.036000000000099135e+03 4.653253176277729608e-01
4.036800000000099317e+03 6.719617131928450338e-01
4.037600000000099499e+03 5.594852928922932067e-01
4.038400000000099681e+03 6.036818157892758219e-01
4.039200000000099863e+03 8.362020943372759918e-01
4.040000000000100044e+03 4.488843215030423606e-01
4.040800000000100226e+03 -1.963897545350618001e-01
4.041600000000100408e+03 -2.448969201121372896e-01
4.042400000000100590e+03 1.313938508740750966e-01
4.043200000000100772e+03 2.983714750298825935e-01
4.044000000000100954e+03 1.712273083464830037e-01
4.044800000000101136e+03 1.815442090461389379e-01
4.045600000000101318e+03 3.620410304346093344e-01
4.046400000000101500e+03 3.021168906886743111e-01
4.047200000000101682e+03 7.082651551396057510e-02
4.048000000000101863e+03 1.952992294511111948e-01
4.048800000000102045e+03 5.310956852521730998e-01
4.049600000000102227e+03 4.312304974935741164e-01
4.050400000000102409e+03 2.053291014575651108e-01
4.051200000000102591e+03 2.489637198254781025e-01
4.052000000000102773e+03 6.947737206883886074e-02
4.052800000000102955e+03 -3.222055204737236389e-01
4.053600000000103137e+03 -4.065159211868278888e-01
4.054400000000103319e+03 -2.363717484384728340e-01
4.055200000000103500e+03 1.852477878155833063e-02
4.056000000000103682e+03 4.242024530257867965e-02
4.056800000000103864e+03 -3.854656753107565947e-02
4.057600000000104046e+03 2.366251288873040259e-01
4.058400000000104228e+03 3.667253627690571505e-01
4.059200000000104410e+03 2.421513416681709829e-01
4.060000000000104592e+03 2.702743570084514269e-01
4.060800000000104774e+03 2.873431462530355307e-01
4.061600000000104956e+03 2.188179373412636464e-01
4.062400000000105138e+03 2.051591028538858330e-01
4.063200000000105319e+03 1.110999182471213986e-01
4.064000000000105501e+03 -3.844551941958168628e-02
4.064800000000105683e+03 -1.044018309557110669e-01
4.065600000000105865e+03 1.268605575676234332e-01
4.066400000000106047e+03 4.312532989459646471e-01
4.067200000000106229e+03 5.781234894474014396e-01
4.068000000000106411e+03 3.911107539837500591e-01
4.068800000000106593e+03 2.468755496084063528e-01
4.069600000000106775e+03 2.458554913781314522e-01
4.070400000000106957e+03 2.738871974124481024e-01
4.071200000000107138e+03 2.581787796689077319e-01
4.072000000000107320e+03 2.047517920863528851e-01
4.072800000000107502e+03 2.568055222192558440e-02
4.073600000000107684e+03 2.355628009965175795e-02
4.074400000000107866e+03 1.634016531071959544e-01
4.075200000000108048e+03 1.662070033463793062e-01
4.076000000000108230e+03 -1.614472758071784642e-03
4.076800000000108412e+03 -3.938678282097586580e-02
4.077600000000108594e+03 3.139191775350741453e-03
4.078400000000108776e+03 -1.832167625408027967e-01
4.079200000000108957e+03 -3.255655229918283933e-01
4.080000000000109139e+03 -7.143183845222565720e-02
4.080800000000109321e+03 2.531657591225328074e-01
4.081600000000109503e+03 1.096063173501874155e-01
4.082400000000109685e+03 -1.997492329514540255e-01
4.083200000000109867e+03 -9.888913859965670072e-02
4.084000000000110049e+03 3.278571386535335530e-01
4.084800000000110231e+03 4.384901366989425453e-01
4.085600000000110413e+03 3.468049011833725936e-01
4.086400000000110595e+03 4.381974165591736026e-01
4.087200000000110776e+03 4.924582711220950593e-01
4.088000000000110958e+03 4.028648745215318572e-01
4.088800000000111140e+03 2.646822633357316379e-01
4.089600000000111322e+03 1.891662555292862868e-01
4.090400000000111504e+03 9.720977687166273973e-02
4.091200000000111686e+03 -6.443498972960443050e-02
4.092000000000111868e+03 -3.108901592719984230e-02
4.092800000000112050e+03 1.841389759455018260e-01
4.093600000000112232e+03 4.966820856060121248e-01
4.094400000000112414e+03 6.567053293683688953e-01
4.095200000000112595e+03 6.484801354857769873e-01
4.096000000000112777e+03 4.831285936921485558e-01
4.096800000000112959e+03 1.769863677291498849e-01
4.097600000000113141e+03 -5.266294720617388514e-02
4.098400000000113323e+03 -1.482935357876019600e-01
4.099200000000113505e+03 3.743547168224022059e-02
4.100000000000113687e+03 3.642505623614632482e-01
4.100800000000113869e+03 4.730081227942332101e-01
4.101600000000114051e+03 4.168170646010451730e-01
4.102400000000114233e+03 4.683773867126989066e-01
4.103200000000114414e+03 5.769811022935930067e-01
4.104000000000114596e+03 6.132333766336598435e-01
4.104800000000114778e+03 5.180415600236645268e-01
4.105600000000114960e+03 5.229193724910787822e-01
4.106400000000115142e+03 5.353066869194156308e-01
4.107200000000115324e+03 3.951884268465258310e-01
4.108000000000115506e+03 1.534701894577212844e-01
4.108800000000115688e+03 -1.435255256093345005e-02
4.109600000000115870e+03 5.402970816825274775e-02
4.110400000000116052e+03 3.655491749205792562e-01
4.111200000000116233e+03 7.239180088792472878e-01
4.112000000000116415e+03 8.877753912076036258e-01
4.112800000000116597e+03 8.924448450934330257e-01
4.113600000000116779e+03 7.190432268897495316e-01
4.114400000000116961e+03 5.155426631956214756e-01
4.115200000000117143e+03 4.520064687832319739e-01
4.116000000000117325e+03 4.427896010331677790e-01
4.116800000000117507e+03 4.292473119172082185e-01
4.117600000000117689e+03 1.705319538704064275e-01
4.118400000000117871e+03 -9.562243728019467759e-02
4.119200000000118052e+03 -1.117841517145004848e-01
4.120000000000118234e+03 -8.227263465889170235e-02
4.120800000000118416e+03 -1.057974995932296908e-01
4.121600000000118598e+03 -1.680556452456787378e-02
4.122400000000118780e+03 2.447506285635759338e-01
4.123200000000118962e+03 4.447204041369265948e-01
4.124000000000119144e+03 3.504276876346906766e-01
4.124800000000119326e+03 8.745672184185269982e-02
4.125600000000119508e+03 -1.143950509371352287e-01
4.126400000000119690e+03 -5.537497026475569212e-02
4.127200000000119871e+03 1.774787474909755303e-01
4.128000000000120053e+03 2.427267515760610506e-01
4.128800000000120235e+03 1.705541129377739773e-01
4.129600000000120417e+03 1.112824334834856960e-01
4.130400000000120599e+03 1.214145268126314015e-01
4.131200000000120781e+03 3.637564848740256762e-01
4.132000000000120963e+03 5.801103773663935925e-01
4.132800000000121145e+03 4.654125797391385766e-01
4.133600000000121327e+03 2.602273726043253244e-01
4.134400000000121508e+03 1.202029131772579251e-01
4.135200000000121690e+03 4.420770164751600118e-02
4.136000000000121872e+03 2.120251692352739525e-01
4.136800000000122054e+03 4.512074150131414885e-01
4.137600000000122236e+03 4.211490431808101453e-01
4.138400000000122418e+03 2.975581832304398100e-01
4.139200000000122600e+03 3.488215766111582017e-01
4.140000000000122782e+03 6.240308561876298787e-01
4.140800000000122964e+03 6.458971098710750702e-01
4.141600000000123146e+03 2.849956946030958171e-01
4.142400000000123327e+03 2.953109349710052456e-01
4.143200000000123509e+03 4.390440844134130272e-01
4.144000000000123691e+03 3.306237280822794666e-01
4.144800000000123873e+03 2.012310337179323283e-01
4.145600000000124055e+03 4.265418159274507182e-01
4.146400000000124237e+03 7.339239167241199402e-01
4.147200000000124419e+03 6.161752135877122116e-01
4.148000000000124601e+03 3.758981804356726908e-01
4.148800000000124783e+03 7.297254899517262305e-02
4.149600000000124965e+03 -8.649511493732775502e-02
4.150400000000125146e+03 1.856147193808100337e-01
4.151200000000125328e+03 4.585899363053012046e-01
4.152000000000125510e+03 3.909692570843890103e-01
4.152800000000125692e+03 3.165592904076623970e-01
4.153600000000125874e+03 3.265443108207727874e-01
4.154400000000126056e+03 2.410228752808603048e-01
4.155200000000126238e+03 1.586778806170388578e-01
4.156000000000126420e+03 1.109925651567753024e-01
4.156800000000126602e+03 1.550454162608961850e-01
4.157600000000126784e+03 2.674448642109161223e-01
4.158400000000126965e+03 2.615709433363119230e-01
4.159200000000127147e+03 3.528288110424002144e-01
4.160000000000127329e+03 5.287016186724664557e-01
4.160800000000127511e+03 4.390841380622816925e-01
4.161600000000127693e+03 1.752354304938927576e-01
4.162400000000127875e+03 -5.759850736130389670e-03
4.163200000000128057e+03 1.197517200022535366e-03
4.164000000000128239e+03 2.367527270964446817e-01
4.164800000000128421e+03 4.627853151794987241e-01
4.165600000000128603e+03 6.358072681780553292e-01
4.166400000000128784e+03 7.012706509998498650e-01
4.167200000000128966e+03 3.841049866156853176e-01
4.168000000000129148e+03 -7.583306133435441243e-03
4.168800000000129330e+03 2.018075188507539308e-01
4.169600000000129512e+03 4.748933792169171553e-01
4.170400000000129694e+03 3.411783061884763324e-01
4.171200000000129876e+03 1.667740074121047411e-01
4.172000000000130058e+03 1.387101008049401174e-01
4.172800000000130240e+03 3.342354805878350876e-01
4.173600000000130422e+03 4.768565162407748526e-01
4.174400000000130603e+03 4.414621416335879900e-01
4.175200000000130785e+03 6.642646568923127326e-01
4.176000000000130967e+03 9.490550624090043907e-01
4.176800000000131149e+03 8.219207855766600401e-01
4.177600000000131331e+03 4.674829920552850959e-01
4.178400000000131513e+03 3.533991246759600746e-01
4.179200000000131695e+03 3.119127932596458264e-01
4.180000000000131877e+03 2.609410079638785906e-01
4.180800000000132059e+03 9.229648132694309726e-02
4.181600000000132241e+03 -1.892401999621055597e-01
4.182400000000132422e+03 -1.331361697912405995e-01
4.183200000000132604e+03 2.220901141685029667e-01
4.184000000000132786e+03 6.170903986350759762e-01
4.184800000000132968e+03 6.464317837134315736e-01
4.185600000000133150e+03 2.339697464074461386e-01
4.186400000000133332e+03 -2.781413925523720798e-02
4.187200000000133514e+03 6.282243088784350560e-02
4.188000000000133696e+03 4.143062963381181074e-01
4.188800000000133878e+03 6.998329908272058475e-01
4.189600000000134060e+03 6.389368212615298415e-01
4.190400000000134241e+03 2.694707756363352580e-01
4.191200000000134423e+03 1.093817031034986509e-01
4.192000000000134605e+03 3.773857538450626214e-01
4.192800000000134787e+03 4.447863184052220364e-01
4.193600000000134969e+03 3.056714486693373201e-01
4.194400000000135151e+03 2.926824585051218119e-01
4.195200000000135333e+03 3.554763488322882914e-01
4.196000000000135515e+03 3.223062365197175705e-01
4.196800000000135697e+03 3.158311295941633179e-01
4.197600000000135879e+03 3.261972890926542190e-01
4.198400000000136060e+03 7.133271457805301363e-02
4.199200000000136242e+03 -1.240367207219873202e-01
4.200000000000136424e+03 2.080819857842472476e-01
4.200800000000136606e+03 4.697883171703731153e-01
4.201600000000136788e+03 2.451451160431003529e-01
4.202400000000136970e+03 9.842022241952678996e-02
4.203200000000137152e+03 2.231900298692969242e-01
4.204000000000137334e+03 4.282659906976921116e-01
4.204800000000137516e+03 5.513124136417925092e-01
4.205600000000137697e+03 5.588161352387071013e-01
4.206400000000137879e+03 7.213548004206558062e-01
4.207200000000138061e+03 8.172884146486056878e-01
4.208000000000138243e+03 6.045922034522016597e-01
4.208800000000138425e+03 2.815411799991788810e-01
4.209600000000138607e+03 3.016120097584301663e-02
4.210400000000138789e+03 7.336701323747639447e-02
4.211200000000138971e+03 3.679822353195528750e-01
4.212000000000139153e+03 5.780427645265586722e-01
4.212800000000139335e+03 5.742430672344998044e-01
4.213600000000139516e+03 6.544464861359553520e-01
4.214400000000139698e+03 6.053459676030934489e-01
4.215200000000139880e+03 2.959329816697829907e-01
4.216000000000140062e+03 1.364308057244144334e-01
4.216800000000140244e+03 1.717643306456615448e-01
4.217600000000140426e+03 3.964845014457678563e-01
4.218400000000140608e+03 6.332331914784160576e-01
4.219200000000140790e+03 6.966875396803325904e-01
4.220000000000140972e+03 5.133063195914377985e-01
4.220800000000141154e+03 3.845279797564278290e-01
4.221600000000141335e+03 5.249898807898009112e-01
4.222400000000141517e+03 6.318249678710469164e-01
4.223200000000141699e+03 5.406914573896846044e-01
4.224000000000141881e+03 2.859569635613181671e-01
4.224800000000142063e+03 3.532226035641056194e-02
4.225600000000142245e+03 -1.398655604203732916e-01
4.226400000000142427e+03 7.504650029726805949e-03
4.227200000000142609e+03 5.784367088238552557e-02
4.228000000000142791e+03 -3.513592652160854590e-02
4.228800000000142973e+03 8.917083796466215850e-02
4.229600000000143154e+03 3.505536924631082463e-01
4.230400000000143336e+03 5.882642766353342045e-01
4.231200000000143518e+03 6.014707050541105993e-01
4.232000000000143700e+03 4.212376692629469788e-01
4.232800000000143882e+03 2.385008415639996160e-01
4.233600000000144064e+03 2.289574431965390455e-01
4.234400000000144246e+03 2.628373777036491221e-01
4.235200000000144428e+03 1.037327272229155994e-01
4.236000000000144610e+03 3.508893002756749424e-02
4.236800000000144792e+03 2.785079309845402418e-01
4.237600000000144973e+03 4.084632317751673014e-01
4.238400000000145155e+03 3.367825614973296577e-01
4.239200000000145337e+03 2.111301473286733565e-01
4.240000000000145519e+03 1.499080196802214660e-01
4.240800000000145701e+03 2.317779598551450437e-01
4.241600000000145883e+03 1.979429178398340317e-01
4.242400000000146065e+03 7.888273791081616693e-02
4.243200000000146247e+03 4.170910977390870217e-02
4.244000000000146429e+03 2.503289813142378639e-03
4.244800000000146611e+03 -4.696481006618007104e-02
4.245600000000146792e+03 6.813788203961029799e-02
4.246400000000146974e+03 2.120692376444993088e-01
4.247200000000147156e+03 2.526811042066744450e-01
4.248000000000147338e+03 3.089695360607905839e-01
4.248800000000147520e+03 2.447154446420033158e-01
4.249600000000147702e+03 2.746808776578051059e-02
4.250400000000147884e+03 2.656888744680147019e-02
4.251200000000148066e+03 3.202346048522196065e-01
4.252000000000148248e+03 3.924379820882659131e-01
4.252800000000148430e+03 3.057652475481361654e-01
4.253600000000148611e+03 3.279012888499837075e-01
4.254400000000148793e+03 3.715337028659714269e-01
4.255200000000148975e+03 4.087072870216990061e-01
4.256000000000149157e+03 3.328798161306470993e-01
4.256800000000149339e+03 1.802930058927665335e-01
4.257600000000149521e+03 1.978629571701389089e-01
4.258400000000149703e+03 2.957431242602640564e-01
4.259200000000149885e+03 1.725831804019488658e-01
4.260000000000150067e+03 5.151310604118278930e-03
4.260800000000150249e+03 -3.367852417970340628e-02
4.261600000000150430e+03 -3.955138741511762118e-02
4.262400000000150612e+03 -9.027944401873290448e-02
4.263200000000150794e+03 -1.633081389482171075e-01
4.264000000000150976e+03 -1.171668740173987255e-01
4.264800000000151158e+03 6.888192532951448177e-02
4.265600000000151340e+03 2.640461414651028571e-01
4.266400000000151522e+03 3.414267124780491769e-01
4.267200000000151704e+03 1.902148774719142899e-01
4.268000000000151886e+03 3.072790022201126597e-02
4.268800000000152068e+03 -8.695117729046353272e-03
4.269600000000152249e+03 1.525170951228635996e-01
4.270400000000152431e+03 3.992712544200296976e-01
4.271200000000152613e+03 3.001168826772953047e-01
4.272000000000152795e+03 1.948107181836324919e-01
4.272800000000152977e+03 4.406018114855365653e-01
4.273600000000153159e+03 6.019023139658974397e-01
4.274400000000153341e+03 5.613826462620740143e-01
4.275200000000153523e+03 4.754480768462935880e-01
4.276000000000153705e+03 2.764396199474037918e-01
4.276800000000153887e+03 2.760124778577819349e-01
4.277600000000154068e+03 5.104614805907025099e-01
4.278400000000154250e+03 4.668075363929733990e-01
4.279200000000154432e+03 2.608298891802228181e-01
4.280000000000154614e+03 3.242982868611377079e-01
4.280800000000154796e+03 4.853800647415497105e-01
4.281600000000154978e+03 5.172783911864815565e-01
4.282400000000155160e+03 5.346940350875357684e-01
4.283200000000155342e+03 5.293856174841331530e-01
4.284000000000155524e+03 4.781868903776991808e-01
4.284800000000155705e+03 3.387147510674746731e-01
4.285600000000155887e+03 2.662036728095458493e-02
4.286400000000156069e+03 -3.455474475184401595e-02
4.287200000000156251e+03 5.671489822222411381e-02
4.288000000000156433e+03 -1.201511127604944773e-01
4.288800000000156615e+03 -1.535263650404071756e-01
4.289600000000156797e+03 1.069698341857835966e-01
4.290400000000156979e+03 3.573130539356779711e-01
4.291200000000157161e+03 4.534693844444999677e-01
4.292000000000157343e+03 4.728502744314298512e-01
4.292800000000157524e+03 3.992135231554543862e-01
4.293600000000157706e+03 3.002176622565845276e-01
4.294400000000157888e+03 3.404152536767282022e-01
4.295200000000158070e+03 3.017805160678700416e-01
4.296000000000158252e+03 1.918498496213131566e-01
4.296800000000158434e+03 2.855636019643800760e-01
4.297600000000158616e+03 3.798562388568768045e-01
4.298400000000158798e+03 1.754481257997368981e-01
4.299200000000158980e+03 -9.080660417450758803e-02
4.300000000000159162e+03 -1.790892003214712980e-01
4.300800000000159343e+03 -1.558552628298772169e-01
4.301600000000159525e+03 -6.914843255231407915e-02
4.302400000000159707e+03 2.270432991201783157e-02
4.303200000000159889e+03 7.256772135065289731e-02
4.304000000000160071e+03 1.537161211352958690e-01
4.304800000000160253e+03 2.050578760515795462e-01
4.305600000000160435e+03 8.102051688045944222e-02
4.306400000000160617e+03 1.596789299181632094e-01
4.307200000000160799e+03 3.357688579735021994e-01
4.308000000000160981e+03 3.989475343637398641e-01
4.308800000000161162e+03 5.493051595348278360e-01
4.309600000000161344e+03 7.278944473786734815e-01
4.310400000000161526e+03 6.574806167414767311e-01
4.311200000000161708e+03 5.234046979449870074e-01
4.312000000000161890e+03 4.911404051217747035e-01
4.312800000000162072e+03 2.894376299636231553e-01
4.313600000000162254e+03 1.400505269850590429e-01
4.314400000000162436e+03 2.014681477472874682e-01
4.315200000000162618e+03 2.243110713589593352e-01
4.316000000000162800e+03 1.491430956569805288e-01
4.316800000000162981e+03 5.833686370222653655e-02
4.317600000000163163e+03 6.120389631223036725e-02
4.318400000000163345e+03 1.795877348706824139e-01
4.319200000000163527e+03 4.059421620632353567e-01
4.320000000000163709e+03 5.363151403206147805e-01
4.320800000000163891e+03 4.378566499638126830e-01
4.321600000000164073e+03 4.770895974510760418e-01
4.322400000000164255e+03 6.910438311423052760e-01
4.323200000000164437e+03 7.206957119350465568e-01
4.324000000000164619e+03 5.878912114178006521e-01
4.324800000000164800e+03 5.116521697865636931e-01
4.325600000000164982e+03 5.702758716900512281e-01
4.326400000000165164e+03 4.986365762542500635e-01
4.327200000000165346e+03 3.756049665409966209e-01
4.328000000000165528e+03 4.383098955087819659e-01
4.328800000000165710e+03 4.666278612769808598e-01
4.329600000000165892e+03 2.269723217916947977e-01
4.330400000000166074e+03 -4.486930383155832147e-02
4.331200000000166256e+03 -2.191031717171665338e-01
4.332000000000166438e+03 -4.220265616006765308e-01
4.332800000000166619e+03 -3.377138597770739104e-01
4.333600000000166801e+03 4.129806084136081190e-02
4.334400000000166983e+03 4.579650872662011651e-01
4.335200000000167165e+03 5.955577468453274737e-01
4.336000000000167347e+03 5.324989903694152815e-01
4.336800000000167529e+03 4.523171587175457975e-01
4.337600000000167711e+03 4.797243910285786672e-01
4.338400000000167893e+03 3.651732302054927493e-01
4.339200000000168075e+03 4.049229960418589958e-01
4.340000000000168257e+03 4.303445622300315909e-01
4.340800000000168438e+03 2.024564647837878983e-01
4.341600000000168620e+03 -4.858627093306952527e-02
4.342400000000168802e+03 -2.150013494192195007e-01
4.343200000000168984e+03 -4.321949867910870324e-01
4.344000000000169166e+03 -9.218620866578541850e-01
4.344800000000169348e+03 -1.077287596240966927e+00
4.345600000000169530e+03 -6.375106214006297511e-01
4.346400000000169712e+03 -1.111754495463024295e-01
4.347200000000169894e+03 -2.608211914623982663e-02
4.348000000000170076e+03 -3.400476031984894787e-01
4.348800000000170257e+03 -5.687734474593286738e-01
4.349600000000170439e+03 -3.972046609644008242e-01
4.350400000000170621e+03 7.599860286510318197e-02
4.351200000000170803e+03 7.293000439332602003e-01
4.352000000000170985e+03 7.663661608237402056e-01
4.352800000000171167e+03 1.316973759932889565e-01
4.353600000000171349e+03 -1.723383784674977215e-01
4.354400000000171531e+03 2.868747103440445062e-02
4.355200000000171713e+03 3.166757180247183334e-01
4.356000000000171894e+03 5.523189027619304081e-01
4.356800000000172076e+03 6.731346816482590700e-01
4.357600000000172258e+03 7.650014281944941263e-01
4.358400000000172440e+03 9.904825341427019314e-01
4.359200000000172622e+03 9.748552226371453022e-01
4.360000000000172804e+03 6.795282060795300172e-01
4.360800000000172986e+03 2.830718138495595948e-01
4.361600000000173168e+03 7.518344016647468542e-02
4.362400000000173350e+03 2.154944279284633779e-01
4.363200000000173532e+03 3.155734798613108461e-01
4.364000000000173713e+03 1.547358817564216393e-02
4.364800000000173895e+03 -2.934193207685093507e-01
4.365600000000174077e+03 -2.148174622323177352e-01
4.366400000000174259e+03 7.896004019022878628e-02
4.367200000000174441e+03 3.741962249610383262e-01
4.368000000000174623e+03 5.535175888642667186e-01
4.368800000000174805e+03 8.133713313582051629e-01
4.369600000000174987e+03 1.158177837374052999e+00
4.370400000000175169e+03 1.026392320235927746e+00
4.371200000000175351e+03 4.366895345670381845e-01
4.372000000000175532e+03 -4.689328419347017773e-02
4.372800000000175714e+03 -1.997806424200221365e-03
4.373600000000175896e+03 5.274136521580147230e-01
4.374400000000176078e+03 7.553803434658543647e-01
4.375200000000176260e+03 3.665564798064033791e-01
4.376000000000176442e+03 7.069573570016754460e-02
4.376800000000176624e+03 1.970195879165298758e-01
4.377600000000176806e+03 3.429940493467376617e-01
4.378400000000176988e+03 1.835770128229670117e-01
4.379200000000177170e+03 8.815350921358330871e-02
4.380000000000177351e+03 8.024745228719676327e-02
4.380800000000177533e+03 -9.012627883543325447e-02
4.381600000000177715e+03 -1.962330197801463449e-01
4.382400000000177897e+03 -2.292745042583269055e-02
4.383200000000178079e+03 2.966003663787729616e-01
4.384000000000178261e+03 5.038972265891283886e-01
4.384800000000178443e+03 4.034716743921447080e-01
4.385600000000178625e+03 5.651812472821167166e-01
4.386400000000178807e+03 9.408288799171309336e-01
4.387200000000178989e+03 8.284607476400656090e-01
4.388000000000179170e+03 5.672945979639494318e-01
4.388800000000179352e+03 5.224023622652256282e-01
4.389600000000179534e+03 3.813754954269529263e-01
4.390400000000179716e+03 2.286000121732836010e-01
4.391200000000179898e+03 7.954402285559476760e-02
4.392000000000180080e+03 1.608277666866610167e-01
4.392800000000180262e+03 4.191326062383621265e-01
4.393600000000180444e+03 3.629508453498340725e-01
4.394400000000180626e+03 1.558639606825638069e-01
4.395200000000180808e+03 1.999293909015320281e-01
4.396000000000180989e+03 3.503668248551830566e-01
4.396800000000181171e+03 4.804012472774117359e-01
4.397600000000181353e+03 4.704023572591288227e-01
4.398400000000181535e+03 4.087877137639107095e-01
4.399200000000181717e+03 3.831726279702132865e-01
4.400000000000181899e+03 2.822005722112544968e-01
4.400800000000182081e+03 1.945534253771121769e-01
4.401600000000182263e+03 1.097907839412830822e-01
4.402400000000182445e+03 1.969813347197588160e-01
4.403200000000182627e+03 3.162144183020870747e-01
4.404000000000182808e+03 3.459815577734762782e-01
4.404800000000182990e+03 5.695253922959834236e-01
4.405600000000183172e+03 8.351724781976301859e-01
4.406400000000183354e+03 8.056715498861595215e-01
4.407200000000183536e+03 5.504167937304612623e-01
4.408000000000183718e+03 7.798367837961665827e-03
4.408800000000183900e+03 -3.297611754465615830e-01
4.409600000000184082e+03 -1.178679503394286510e-02
4.410400000000184264e+03 4.089977331789894643e-01
4.411200000000184446e+03 3.606371560200034021e-01
4.412000000000184627e+03 -1.581636655175869821e-01
4.412800000000184809e+03 -4.302110975158152106e-01
4.413600000000184991e+03 -1.194004282446115145e-01
4.414400000000185173e+03 3.590911826752640756e-01
4.415200000000185355e+03 5.622781259272683352e-01
4.416000000000185537e+03 4.994464227973343107e-01
4.416800000000185719e+03 4.205313535131454117e-01
4.417600000000185901e+03 4.738641735211651662e-01
4.418400000000186083e+03 3.968031048667234328e-01
4.419200000000186265e+03 1.941454867987951749e-02
4.420000000000186446e+03 -2.275662517733200163e-01
4.420800000000186628e+03 -1.017136168297260029e-01
4.421600000000186810e+03 1.146759866709596565e-01
4.422400000000186992e+03 8.136631962711007859e-02
4.423200000000187174e+03 9.366801201518869247e-02
4.424000000000187356e+03 2.053232920919638993e-01
4.424800000000187538e+03 2.411882846438593575e-01
4.425600000000187720e+03 2.800438271119117806e-01
4.426400000000187902e+03 3.984290282599403099e-01
4.427200000000188084e+03 4.988442096106920909e-01
4.428000000000188265e+03 4.143481871668875938e-01
4.428800000000188447e+03 2.158123949470854841e-01
4.429600000000188629e+03 2.392866970537961269e-01
4.430400000000188811e+03 4.826115910877438187e-01
4.431200000000188993e+03 6.077268215413649255e-01
4.432000000000189175e+03 6.093350932563417199e-01
4.432800000000189357e+03 4.788160515975359299e-01
4.433600000000189539e+03 3.029328925618132162e-01
4.434400000000189721e+03 2.963930957823013301e-01
4.435200000000189902e+03 3.845567960085409243e-01
4.436000000000190084e+03 4.198834956730477797e-01
4.436800000000190266e+03 4.614992804610676402e-01
4.437600000000190448e+03 4.096809603718707948e-01
4.438400000000190630e+03 4.158210892073794240e-01
4.439200000000190812e+03 6.798225184970319024e-01
4.440000000000190994e+03 7.946046932125654383e-01
4.440800000000191176e+03 6.386435609322645979e-01
4.441600000000191358e+03 4.160049712570375591e-01
4.442400000000191540e+03 3.725784159855283773e-01
4.443200000000191721e+03 6.675649557914233867e-01
4.444000000000191903e+03 9.178028317902857669e-01
4.444800000000192085e+03 9.057380561479868586e-01
4.445600000000192267e+03 6.152947896758096391e-01
4.446400000000192449e+03 3.566572566005039580e-01
4.447200000000192631e+03 2.080721884877080596e-01
4.448000000000192813e+03 -2.494319340520009809e-02
4.448800000000192995e+03 -1.157462086269287760e-01
4.449600000000193177e+03 -3.252454260217766541e-02
4.450400000000193359e+03 -5.868244912774350786e-04
4.451200000000193540e+03 -8.890935415048553669e-02
4.452000000000193722e+03 -1.235046646733746478e-01
4.452800000000193904e+03 -1.471335152725584960e-02
4.453600000000194086e+03 2.752749857394982680e-01
4.454400000000194268e+03 3.253047478031693140e-01
4.455200000000194450e+03 3.654544290879857549e-03
4.456000000000194632e+03 -1.560650799286394941e-01
4.456800000000194814e+03 -9.177243054558974211e-02
4.457600000000194996e+03 4.121168158755338096e-02
4.458400000000195178e+03 7.075321518519619990e-02
4.459200000000195359e+03 4.712860964218024140e-04
4.460000000000195541e+03 1.250769955370762687e-01
4.460800000000195723e+03 4.841892046655938420e-01
4.461600000000195905e+03 7.114565531425924849e-01
4.462400000000196087e+03 4.204149891122280769e-01
4.463200000000196269e+03 -5.449358071226748090e-02
4.464000000000196451e+03 -1.609661759227750399e-01
4.464800000000196633e+03 -4.809140509554610254e-04
4.465600000000196815e+03 1.457958831611858297e-01
4.466400000000196997e+03 1.098273104518515675e-02
4.467200000000197178e+03 -9.025185011247302547e-02
4.468000000000197360e+03 1.525062891216965866e-01
4.468800000000197542e+03 3.460415699112697197e-01
4.469600000000197724e+03 4.365052628848711813e-01
4.470400000000197906e+03 4.404219383833797297e-01
4.471200000000198088e+03 4.795254455716749242e-01
4.472000000000198270e+03 4.626416052475762486e-01
4.472800000000198452e+03 4.859117628260279931e-01
4.473600000000198634e+03 5.173860605524764900e-01
4.474400000000198816e+03 2.353094664466433006e-01
4.475200000000198997e+03 -1.098559625615129626e-01
4.476000000000199179e+03 -3.198733024476903553e-01
4.476800000000199361e+03 -3.841257575815017478e-01
4.477600000000199543e+03 -2.513390243586451356e-01
4.478400000000199725e+03 5.492268370962580248e-02
4.479200000000199907e+03 1.845453076923153635e-01
4.480000000000200089e+03 1.095638714134352376e-01
4.480800000000200271e+03 1.664348948735255018e-01
4.481600000000200453e+03 3.658296740967692529e-01
4.482400000000200635e+03 4.369455848899264083e-01
4.483200000000200816e+03 5.019575148656230112e-01
4.484000000000200998e+03 5.552494381314847516e-01
4.484800000000201180e+03 3.670937058749362270e-01
4.485600000000201362e+03 1.615724596936690682e-01
4.486400000000201544e+03 -3.105119604172537628e-02
4.487200000000201726e+03 -9.765553547461425232e-02
4.488000000000201908e+03 -3.799773248644697232e-02
4.488800000000202090e+03 7.965636377229433351e-02
4.489600000000202272e+03 2.139097892968321035e-01
4.490400000000202454e+03 4.018151326136451540e-01
4.491200000000202635e+03 4.839416080891408845e-01
4.492000000000202817e+03 4.338760027989611023e-01
4.492800000000202999e+03 4.570466493004501918e-01
4.493600000000203181e+03 6.382311532173998714e-01
4.494400000000203363e+03 8.822747750653581189e-01
4.495200000000203545e+03 9.554340267279962662e-01
4.496000000000203727e+03 7.510912289251725493e-01
4.496800000000203909e+03 4.186379247715002472e-01
4.497600000000204091e+03 3.307880879652792538e-01
4.498400000000204273e+03 4.519930786107858589e-01
4.499200000000204454e+03 4.759687523465180314e-01
4.500000000000204636e+03 3.787202746552407184e-01
4.500800000000204818e+03 3.595970899417393341e-01
4.501600000000205000e+03 3.103363410424502256e-01
4.502400000000205182e+03 -8.095211656762735242e-02
4.503200000000205364e+03 -4.013988145733962121e-01
4.504000000000205546e+03 3.121135936615559991e-03
4.504800000000205728e+03 6.231954113589355249e-01
4.505600000000205910e+03 6.746113486145808302e-01
4.506400000000206091e+03 3.892037534821106703e-01
4.507200000000206273e+03 4.878897391593581823e-01
4.508000000000206455e+03 8.447459287438376929e-01
4.508800000000206637e+03 9.854642560335915569e-01
4.509600000000206819e+03 7.188018985999796717e-01
4.510400000000207001e+03 3.700345475692252695e-01
4.511200000000207183e+03 3.016724454716928072e-01
4.512000000000207365e+03 1.903121151851740467e-01
4.512800000000207547e+03 5.979646744122751878e-02
4.513600000000207729e+03 2.177460553934796872e-01
4.514400000000207910e+03 3.864391647633730331e-01
4.515200000000208092e+03 3.974257177638277350e-01
4.516000000000208274e+03 2.808800443743525999e-01
4.516800000000208456e+03 1.147044254846909805e-01
4.517600000000208638e+03 9.906411076050661291e-02
4.518400000000208820e+03 3.518645543419480770e-01
4.519200000000209002e+03 4.628141696776537084e-01
4.520000000000209184e+03 3.498419813596356231e-01
4.520800000000209366e+03 2.462550836426266043e-01
4.521600000000209548e+03 5.099988926393638211e-01
4.522400000000209729e+03 8.207614720611631220e-01
4.523200000000209911e+03 8.301698623403790389e-01
4.524000000000210093e+03 7.311961701977479633e-01
4.524800000000210275e+03 6.322651379205899147e-01
4.525600000000210457e+03 5.690926192283682905e-01
4.526400000000210639e+03 4.812162340701529040e-01
4.527200000000210821e+03 3.756852046218719376e-01
4.528000000000211003e+03 2.586369454847678440e-01
4.528800000000211185e+03 1.139628806148201140e-01
4.529600000000211367e+03 -4.468657767986569662e-02
4.530400000000211548e+03 -2.266444058851549148e-01
4.531200000000211730e+03 -1.651203511768307153e-01
4.532000000000211912e+03 1.938058896095911365e-01
4.532800000000212094e+03 3.585607134163685261e-01
4.533600000000212276e+03 2.885504341679965279e-01
4.534400000000212458e+03 2.871778974795318184e-01
4.535200000000212640e+03 3.383663239120702770e-01
4.536000000000212822e+03 3.464008105435558704e-01
4.536800000000213004e+03 2.940652295118458825e-01
4.537600000000213186e+03 9.715954611269091157e-02
4.538400000000213367e+03 -3.929799431994396297e-02
4.539200000000213549e+03 9.557206820749422627e-02
4.540000000000213731e+03 1.229267018839944325e-01
4.540800000000213913e+03 -1.328228134176518416e-01
4.541600000000214095e+03 -3.305176974256974209e-01
4.542400000000214277e+03 -2.584586695910439103e-01
4.543200000000214459e+03 -1.878967568736407967e-01
4.544000000000214641e+03 -9.376394486177898335e-02
4.544800000000214823e+03 8.210104747537430581e-02
4.545600000000215005e+03 3.071004572835097646e-01
4.546400000000215186e+03 4.733814700497704919e-01
4.547200000000215368e+03 5.177448325272453467e-01
4.548000000000215550e+03 4.243106044100908303e-01
4.548800000000215732e+03 1.774582185484777364e-01
4.549600000000215914e+03 1.200342993494746269e-02
4.550400000000216096e+03 1.210033266519067729e-01
4.551200000000216278e+03 2.169803565021463099e-01
4.552000000000216460e+03 3.709827024564187892e-01
4.552800000000216642e+03 4.861918126825733322e-01
4.553600000000216824e+03 3.199755845177131852e-01
4.554400000000217005e+03 1.913572264576443027e-01
4.555200000000217187e+03 2.034338987087665751e-01
4.556000000000217369e+03 2.264088787057051966e-01
4.556800000000217551e+03 1.556095234729567289e-01
4.557600000000217733e+03 4.044117789366095256e-02
4.558400000000217915e+03 8.319489396835866302e-02
4.559200000000218097e+03 2.392039563279885206e-01
4.560000000000218279e+03 2.042592467973050052e-01
4.560800000000218461e+03 2.972413494917175783e-02
4.561600000000218643e+03 -1.632644455013802232e-01
4.562400000000218824e+03 -1.407777436755349165e-01
4.563200000000219006e+03 2.637377039622973429e-01
4.564000000000219188e+03 6.652285009998619714e-01
4.564800000000219370e+03 7.477315228377066081e-01
4.565600000000219552e+03 4.890855648111724907e-01
4.566400000000219734e+03 1.617001472871084089e-01
4.567200000000219916e+03 3.918989240189130197e-03
4.568000000000220098e+03 4.948358361371441028e-02
4.568800000000220280e+03 3.242817751887996924e-01
4.569600000000220462e+03 5.272184499689802628e-01
4.570400000000220643e+03 4.820001843433515676e-01
4.571200000000220825e+03 3.531125918194490954e-01
4.572000000000221007e+03 2.396721721412414796e-01
4.572800000000221189e+03 8.060866460512144949e-02
4.573600000000221371e+03 5.327977633134703406e-02
4.574400000000221553e+03 1.923717375253202189e-01
4.575200000000221735e+03 2.375566982295903573e-01
4.576000000000221917e+03 6.733125038449185029e-02
4.576800000000222099e+03 1.296163921080607795e-02
4.577600000000222281e+03 2.316891264426613195e-01
4.578400000000222462e+03 3.265294374112480136e-01
4.579200000000222644e+03 1.973776588024944711e-01
4.580000000000222826e+03 2.175050041441194126e-01
4.580800000000223008e+03 3.849833726587089666e-01
4.581600000000223190e+03 4.294593153135687902e-01
4.582400000000223372e+03 2.934171844962049636e-01
4.583200000000223554e+03 3.458496894558468759e-02
4.584000000000223736e+03 -1.096353242394174227e-01
4.584800000000223918e+03 3.348942514874409665e-02
4.585600000000224099e+03 2.457292642340521693e-01
4.586400000000224281e+03 1.926639992984401639e-01
4.587200000000224463e+03 -4.817931631015639343e-02
4.588000000000224645e+03 -2.146421485555478625e-01
4.588800000000224827e+03 -1.918105354046846511e-01
4.589600000000225009e+03 -2.894919773198335877e-02
4.590400000000225191e+03 1.349720272642142282e-01
4.591200000000225373e+03 2.634008992678582572e-01
4.592000000000225555e+03 3.603996081525520645e-01
4.592800000000225737e+03 5.828784828935233975e-01
4.593600000000225918e+03 6.859914255413922524e-01
4.594400000000226100e+03 4.677889928803062869e-01
4.595200000000226282e+03 1.246178885230804778e-01
4.596000000000226464e+03 -2.713850934964424921e-02
4.596800000000226646e+03 3.448912450261171214e-02
4.597600000000226828e+03 1.236164364037258337e-02
4.598400000000227010e+03 -3.165785421673424777e-02
4.599200000000227192e+03 -5.805938984739610065e-02
4.600000000000227374e+03 -2.131413015804199396e-01
4.600800000000227556e+03 -3.204111477493725157e-01
4.601600000000227737e+03 -1.830507733338385679e-01
4.602400000000227919e+03 6.255263098164470792e-02
4.603200000000228101e+03 2.155143790313210350e-02
4.604000000000228283e+03 -1.208230335311817616e-01
4.604800000000228465e+03 9.396705732878478379e-03
4.605600000000228647e+03 1.721093581266996131e-01
4.606400000000228829e+03 1.046966192690096664e-01
4.607200000000229011e+03 -1.548739158875818145e-01
4.608000000000229193e+03 -3.219252154179997882e-01
4.608800000000229375e+03 -1.084235325123808769e-01
4.609600000000229556e+03 8.856488460374853378e-02
4.610400000000229738e+03 6.701908026455978551e-02
4.611200000000229920e+03 6.781948015528846407e-02
4.612000000000230102e+03 1.995623514902819529e-01
4.612800000000230284e+03 1.552580663138687089e-01
4.613600000000230466e+03 4.514263100637812970e-02
4.614400000000230648e+03 1.127837505752092850e-01
4.615200000000230830e+03 2.800023913200821446e-01
4.616000000000231012e+03 2.820990112881079925e-01
4.616800000000231194e+03 1.842617745730985024e-01
4.617600000000231375e+03 2.604341239705592059e-01
4.618400000000231557e+03 3.841143170556133857e-01
4.619200000000231739e+03 3.018593565920880684e-01
4.620000000000231921e+03 3.200012006509940776e-01
4.620800000000232103e+03 4.325153367340515698e-01
4.621600000000232285e+03 5.401451116853730472e-01
4.622400000000232467e+03 5.729369257080282329e-01
4.623200000000232649e+03 3.035644169649686641e-01
4.624000000000232831e+03 6.880659000734755393e-02
4.624800000000233013e+03 3.571424439642881254e-02
4.625600000000233194e+03 1.125844712118519997e-01
4.626400000000233376e+03 4.127155739939248336e-01
4.627200000000233558e+03 4.786087699989685085e-01
4.628000000000233740e+03 1.673945676453419962e-01
4.628800000000233922e+03 -1.939976505674548268e-02
4.629600000000234104e+03 1.852852104389604571e-01
4.630400000000234286e+03 3.472856149924866132e-01
4.631200000000234468e+03 2.899615707433996770e-01
4.632000000000234650e+03 2.857955707835007075e-01
4.632800000000234832e+03 2.755062794701264028e-01
4.633600000000235013e+03 2.231636623874214687e-01
4.634400000000235195e+03 2.741160194688181395e-01
4.635200000000235377e+03 3.648527284542465443e-01
4.636000000000235559e+03 2.733063224326974794e-01
4.636800000000235741e+03 9.717017550715728591e-02
4.637600000000235923e+03 3.342182750933758717e-03
4.638400000000236105e+03 1.140630174570195221e-02
4.639200000000236287e+03 6.826424886234389033e-03
4.640000000000236469e+03 2.212694812293127811e-01
4.640800000000236651e+03 4.220960165628853122e-01
4.641600000000236832e+03 4.502914022768787494e-01
4.642400000000237014e+03 5.767528482869853645e-01
4.643200000000237196e+03 5.716996992926186572e-01
4.644000000000237378e+03 3.436268561299914426e-01
4.644800000000237560e+03 1.855078971122101628e-01
4.645600000000237742e+03 1.661163650272289849e-01
4.646400000000237924e+03 6.862630751992299105e-02
4.647200000000238106e+03 8.217492853117902563e-03
4.648000000000238288e+03 1.084081216490123262e-01
4.648800000000238470e+03 1.769476586693836950e-01
4.649600000000238651e+03 2.318701382471669015e-02
4.650400000000238833e+03 9.107098454607091831e-02
4.651200000000239015e+03 5.366213369111643150e-01
4.652000000000239197e+03 9.358770769957234226e-01
4.652800000000239379e+03 9.217041627557294170e-01
4.653600000000239561e+03 5.888304122804536300e-01
4.654400000000239743e+03 1.269741738664262043e-01
4.655200000000239925e+03 -1.299989887461967530e-01
4.656000000000240107e+03 -9.398392589950754772e-02
4.656800000000240289e+03 -1.976044602651478022e-01
4.657600000000240470e+03 -2.612493744967125942e-01
4.658400000000240652e+03 2.420321365669000913e-02
4.659200000000240834e+03 3.563731750909692186e-01
4.660000000000241016e+03 5.886934977905853295e-01
4.660800000000241198e+03 5.841790356472801315e-01
4.661600000000241380e+03 4.016192438578684576e-01
4.662400000000241562e+03 1.358720053964784513e-01
4.663200000000241744e+03 3.699851795298289558e-02
4.664000000000241926e+03 1.806538597082645303e-01
4.664800000000242107e+03 1.935319919656757204e-01
4.665600000000242289e+03 5.959016350894761477e-02
4.666400000000242471e+03 4.876036296151994159e-02
4.667200000000242653e+03 1.970584282074490101e-01
4.668000000000242835e+03 4.793441107045994243e-01
4.668800000000243017e+03 6.782089377171044431e-01
4.669600000000243199e+03 5.151257705038707613e-01
4.670400000000243381e+03 2.275077156671235779e-01
4.671200000000243563e+03 2.668452323141011148e-02
4.672000000000243745e+03 1.322018362333948205e-01
4.672800000000243926e+03 5.229596007490949772e-01
4.673600000000244108e+03 6.924149263710475122e-01
4.674400000000244290e+03 6.405253881671526539e-01
4.675200000000244472e+03 5.217621647068866331e-01
4.676000000000244654e+03 2.709012639799814881e-01
4.676800000000244836e+03 9.770384906835065386e-03
4.677600000000245018e+03 -1.578074639075964236e-01
4.678400000000245200e+03 -6.580251708096535035e-02
4.679200000000245382e+03 2.245868381100357414e-01
4.680000000000245564e+03 3.294858485931917991e-01
4.680800000000245745e+03 3.163666928048662896e-01
4.681600000000245927e+03 1.016423653399300686e-01
4.682400000000246109e+03 -1.074546000786014976e-01
4.683200000000246291e+03 5.388365965628971743e-03
4.684000000000246473e+03 1.318704416236986254e-01
4.684800000000246655e+03 1.630032405823878816e-01
4.685600000000246837e+03 9.709638639419988781e-02
4.686400000000247019e+03 7.441347529583607068e-02
4.687200000000247201e+03 1.727112372754470992e-01
4.688000000000247383e+03 2.970563578663897308e-01
4.688800000000247564e+03 4.491632642144709475e-01
4.689600000000247746e+03 4.456562187789751550e-01
4.690400000000247928e+03 3.386815956349746859e-01
4.691200000000248110e+03 2.438994645196442823e-01
4.692000000000248292e+03 1.573194057258350542e-01
4.692800000000248474e+03 1.328738193388405153e-01
4.693600000000248656e+03 1.068527414074067483e-01
4.694400000000248838e+03 1.575699936368944731e-01
4.695200000000249020e+03 2.291388525849558100e-01
4.696000000000249202e+03 2.693178871916078743e-01
4.696800000000249383e+03 3.259432841897578204e-01
4.697600000000249565e+03 4.904679598597136980e-01
4.698400000000249747e+03 5.735862207197853779e-01
4.699200000000249929e+03 3.528914917063952217e-01
4.700000000000250111e+03 2.795920281255270257e-01
4.700800000000250293e+03 3.423477259992608879e-01
4.701600000000250475e+03 3.586758201383400957e-01
4.702400000000250657e+03 2.353537202205582268e-01
4.703200000000250839e+03 2.763675157919208425e-02
4.704000000000251021e+03 1.574811525545515012e-02
4.704800000000251202e+03 1.440526248659647068e-01
4.705600000000251384e+03 1.614436363603845848e-01
4.706400000000251566e+03 1.253613192697295431e-01
4.707200000000251748e+03 4.337979385552949430e-02
4.708000000000251930e+03 2.833030744790665523e-02
4.708800000000252112e+03 6.896305928558693621e-02
4.709600000000252294e+03 1.548055608333286370e-01
4.710400000000252476e+03 2.394732346032309167e-01
4.711200000000252658e+03 3.136507801101744153e-02
4.712000000000252840e+03 -2.414174742320126521e-01
4.712800000000253021e+03 -2.062683257351960453e-01
4.713600000000253203e+03 -6.520711878325224919e-02
4.714400000000253385e+03 8.235929186768253807e-02
4.715200000000253567e+03 6.982200017313713869e-02
4.716000000000253749e+03 8.888078477772298758e-02
4.716800000000253931e+03 2.268409666208436315e-01
4.717600000000254113e+03 4.717371325379125790e-02
4.718400000000254295e+03 -2.736674103030306004e-01
4.719200000000254477e+03 -1.668074137532882806e-01
4.720000000000254659e+03 7.223502629060310487e-02
4.720800000000254840e+03 5.136878345320262940e-02
4.721600000000255022e+03 -6.104605342552397312e-02
4.722400000000255204e+03 -1.730624798072762927e-01
4.723200000000255386e+03 -2.289251939580591033e-01
4.724000000000255568e+03 -8.084409140902798496e-02
4.724800000000255750e+03 1.232259543335476049e-01
4.725600000000255932e+03 3.062262900714310954e-01
4.726400000000256114e+03 2.635566199907175555e-01
4.727200000000256296e+03 1.833856396736885663e-01
4.728000000000256478e+03 2.218426007452155013e-01
4.728800000000256659e+03 3.164694073199480484e-01
4.729600000000256841e+03 4.034566214993497990e-01
4.730400000000257023e+03 3.703853187738935793e-01
4.731200000000257205e+03 3.656198023088097493e-01
4.732000000000257387e+03 2.646125022536669480e-01
4.732800000000257569e+03 3.302765239693800092e-02
4.733600000000257751e+03 2.853939652184829534e-02
4.734400000000257933e+03 7.703511701282150792e-02
4.735200000000258115e+03 3.908745363847421217e-02
4.736000000000258296e+03 -2.409861087681819392e-03
4.736800000000258478e+03 -7.343276471810339379e-02
4.737600000000258660e+03 -1.403647723692236782e-01
4.738400000000258842e+03 -9.771088930768730141e-02
4.739200000000259024e+03 1.784441214303911505e-01
4.740000000000259206e+03 4.480152319380318882e-01
4.740800000000259388e+03 3.966306064246556407e-01
4.741600000000259570e+03 2.840056352487459468e-01
4.742400000000259752e+03 4.500736881965736735e-01
4.743200000000259934e+03 5.904900289846084505e-01
4.744000000000260115e+03 4.527187880548977361e-01
4.744800000000260297e+03 3.400439637508525514e-01
4.745600000000260479e+03 2.927528107938965340e-01
4.746400000000260661e+03 1.826000038192019670e-01
4.747200000000260843e+03 1.886700771607342786e-01
4.748000000000261025e+03 2.425417237870482745e-01
4.748800000000261207e+03 2.173910043795411196e-01
4.749600000000261389e+03 1.565778647280686442e-01
4.750400000000261571e+03 1.074179870979097146e-01
4.751200000000261753e+03 6.381200170491561907e-02
4.752000000000261934e+03 -7.150701599655945317e-04
4.752800000000262116e+03 -6.525240216778030455e-02
4.753600000000262298e+03 -7.613678277226747226e-02
4.754400000000262480e+03 9.052720274238981735e-02
4.755200000000262662e+03 2.885579221080066814e-01
4.756000000000262844e+03 4.036775828688441980e-01
4.756800000000263026e+03 4.460639927395589899e-01
4.757600000000263208e+03 4.012634105824970376e-01
4.758400000000263390e+03 3.201964602462841203e-01
4.759200000000263572e+03 2.774500336121742405e-01
4.760000000000263753e+03 2.874776708366624245e-01
4.760800000000263935e+03 2.348414892196725168e-01
4.761600000000264117e+03 3.228780482678957064e-02
4.762400000000264299e+03 1.915272146767717232e-02
4.763200000000264481e+03 1.666657029439745918e-01
4.764000000000264663e+03 1.502015896644063875e-01
4.764800000000264845e+03 9.998774588461740997e-02
4.765600000000265027e+03 6.745153570163148204e-02
4.766400000000265209e+03 3.533913572004396958e-02
4.767200000000265391e+03 4.411508803645780574e-02
4.768000000000265572e+03 1.786732651827162566e-01
4.768800000000265754e+03 3.350123123306942285e-01
4.769600000000265936e+03 4.056984187966299338e-01
4.770400000000266118e+03 6.359167504819882577e-01
4.771200000000266300e+03 6.857836245950950094e-01
4.772000000000266482e+03 3.305189806593372692e-01
4.772800000000266664e+03 4.970460235198058407e-02
4.773600000000266846e+03 -8.758074079666153255e-02
4.774400000000267028e+03 -9.296535937129715710e-02
4.775200000000267210e+03 1.903865074949570857e-01
4.776000000000267391e+03 5.387554384293710141e-01
4.776800000000267573e+03 5.973443680450841731e-01
4.777600000000267755e+03 4.358132257378071195e-01
4.778400000000267937e+03 2.146379857601665164e-01
4.779200000000268119e+03 9.488336376910364023e-02
4.780000000000268301e+03 9.155589735355262881e-02
4.780800000000268483e+03 1.251779172833741294e-01
4.781600000000268665e+03 1.590957920087636701e-01
4.782400000000268847e+03 1.083708061279867185e-01
4.783200000000269029e+03 -3.197749426297784997e-02
4.784000000000269210e+03 -9.179932781397996677e-02
4.784800000000269392e+03 -5.206121481189165262e-02
4.785600000000269574e+03 -3.213709051939250827e-02
4.786400000000269756e+03 -1.457059330532414765e-02
4.787200000000269938e+03 4.866004921912359116e-04
4.788000000000270120e+03 4.226164476800093467e-02
4.788800000000270302e+03 1.646574471490863320e-02
4.789600000000270484e+03 1.501440433471029623e-02
4.790400000000270666e+03 1.955739219567295406e-01
4.791200000000270848e+03 3.374731242330276659e-01
4.792000000000271029e+03 2.927516521300043140e-01
4.792800000000271211e+03 2.329662093246929466e-01
4.793600000000271393e+03 3.874716258978874173e-01
4.794400000000271575e+03 5.793892556792855641e-01
4.795200000000271757e+03 4.878284332927826927e-01
4.796000000000271939e+03 2.612247488015350116e-01
4.796800000000272121e+03 6.362661253116032312e-02
4.797600000000272303e+03 -4.365293357945344843e-02
4.798400000000272485e+03 9.179839016761899562e-02
4.799200000000272667e+03 3.145825173651026208e-01
4.800000000000272848e+03 3.474858479983258808e-01
4.800800000000273030e+03 2.559369062828599217e-01
4.801600000000273212e+03 2.445341045201096519e-01
4.802400000000273394e+03 4.019106949953753505e-01
4.803200000000273576e+03 5.235168655534708781e-01
4.804000000000273758e+03 3.925190779873472535e-01
4.804800000000273940e+03 1.554903649433466151e-01
4.805600000000274122e+03 -4.322594630098425261e-02
4.806400000000274304e+03 -2.420237316132239358e-01
4.807200000000274486e+03 -3.430680723501170482e-01
4.808000000000274667e+03 -1.173016308036215483e-01
4.808800000000274849e+03 2.205676944938786965e-01
4.809600000000275031e+03 2.930216097855383728e-01
4.810400000000275213e+03 2.311401704890386211e-01
4.811200000000275395e+03 3.016051010781913844e-01
4.812000000000275577e+03 3.863994034879956740e-01
4.812800000000275759e+03 3.901103631896886137e-01
4.813600000000275941e+03 4.238042884224345053e-01
4.814400000000276123e+03 4.208172128627066799e-01
4.815200000000276304e+03 3.547446006463720325e-01
4.816000000000276486e+03 2.392688413443050943e-01
4.816800000000276668e+03 -9.570292942639647971e-02
4.817600000000276850e+03 -4.692204002525710571e-01
4.818400000000277032e+03 -3.445606862804531101e-01
4.819200000000277214e+03 5.407973878021726799e-02
4.820000000000277396e+03 1.136655814017095145e-01
4.820800000000277578e+03 1.589360807957907462e-01
4.821600000000277760e+03 1.357661089437599555e-01
4.822400000000277942e+03 -2.911852689846070041e-02
4.823200000000278123e+03 -6.341374145056163925e-02
4.824000000000278305e+03 -1.690435699275984888e-02
4.824800000000278487e+03 1.373736908786314381e-01
4.825600000000278669e+03 3.338015143140045105e-01
4.826400000000278851e+03 3.664479774227066833e-01
4.827200000000279033e+03 1.767332121067465844e-01
4.828000000000279215e+03 -1.398414812821863196e-01
4.828800000000279397e+03 -2.672124309792163754e-01
4.829600000000279579e+03 -2.563674199873851034e-01
4.830400000000279761e+03 -2.515928470516877735e-01
4.831200000000279942e+03 -2.167289193742989173e-01
4.832000000000280124e+03 -1.858307911737760443e-01
4.832800000000280306e+03 -1.264068704829490741e-01
4.833600000000280488e+03 1.241496436860484720e-01
4.834400000000280670e+03 4.640768008962869451e-01
4.835200000000280852e+03 4.768161074684102441e-01
4.836000000000281034e+03 9.208664572887526045e-02
4.836800000000281216e+03 -1.363322110995128511e-01
4.837600000000281398e+03 -5.887755967276368796e-02
4.838400000000281580e+03 -3.703026714036141559e-02
4.839200000000281761e+03 -1.689082494443754079e-02
4.840000000000281943e+03 1.152165285354659202e-01
4.840800000000282125e+03 1.297971963900869385e-01
4.841600000000282307e+03 1.399060202175119449e-01
4.842400000000282489e+03 3.369307639823843625e-01
4.843200000000282671e+03 4.567588955938568507e-01
4.844000000000282853e+03 2.469024122151226297e-01
4.844800000000283035e+03 9.899072362804957337e-02
4.845600000000283217e+03 1.707605460252293872e-01
4.846400000000283399e+03 1.944817830227937305e-01
4.847200000000283580e+03 5.091411208046883741e-02
4.848000000000283762e+03 7.164931747556858854e-02
4.848800000000283944e+03 1.227296808354304963e-01
4.849600000000284126e+03 3.447106585763951014e-02
4.850400000000284308e+03 7.237215705608140981e-02
4.851200000000284490e+03 1.675994701058636793e-01
4.852000000000284672e+03 3.004728947271365080e-02
4.852800000000284854e+03 -1.188203037359691905e-01
4.853600000000285036e+03 -2.001493134089473158e-01
4.854400000000285218e+03 -1.737326413162740835e-01
4.855200000000285399e+03 -1.198854472205225230e-01
4.856000000000285581e+03 -2.722215696048890243e-01
4.856800000000285763e+03 -3.251921189504451415e-01
4.857600000000285945e+03 -1.746355182969260289e-01
4.858400000000286127e+03 6.346808985581424423e-03
4.859200000000286309e+03 1.557930281321025234e-01
4.860000000000286491e+03 1.819816813593115867e-01
4.860800000000286673e+03 1.136972542218825655e-01
4.861600000000286855e+03 4.300572285844121712e-02
4.862400000000287037e+03 1.974508611223700638e-02
4.863200000000287218e+03 1.312547204286891589e-01
4.864000000000287400e+03 3.048059433367036331e-01
4.864800000000287582e+03 3.227776854105298132e-01
4.865600000000287764e+03 7.513506547394027679e-02
4.866400000000287946e+03 -1.047711508149810344e-01
4.867200000000288128e+03 -6.218437587822120416e-02
4.868000000000288310e+03 1.082993852864810452e-01
4.868800000000288492e+03 3.535576848112106374e-01
4.869600000000288674e+03 4.595167628181812125e-01
4.870400000000288856e+03 2.708264369268487126e-01
4.871200000000289037e+03 5.014416067062563848e-02
4.872000000000289219e+03 2.806467087970946489e-04
4.872800000000289401e+03 8.173677809552112872e-02
4.873600000000289583e+03 2.261217035539538345e-01
4.874400000000289765e+03 3.143971905685910562e-01
4.875200000000289947e+03 3.179681937163595373e-01
4.876000000000290129e+03 4.331595427762885420e-01
4.876800000000290311e+03 5.132065969668158090e-01
4.877600000000290493e+03 2.641022320201224516e-01
4.878400000000290675e+03 -1.879537591050370327e-02
4.879200000000290856e+03 -9.780475404269228790e-02
4.880000000000291038e+03 -1.675633132261445668e-01
4.880800000000291220e+03 -1.906445776786685753e-01
4.881600000000291402e+03 -1.709911744719341542e-01
4.882400000000291584e+03 3.112586326246643068e-03
4.883200000000291766e+03 2.373791242335273055e-01
4.884000000000291948e+03 3.634798709556202878e-01
4.884800000000292130e+03 4.649143759719231994e-01
4.885600000000292312e+03 5.228997081782982281e-01
4.886400000000292493e+03 5.195802657978834116e-01
4.887200000000292675e+03 5.426923267041174892e-01
4.888000000000292857e+03 3.667179354983222117e-01
4.888800000000293039e+03 2.556423557124316848e-02
4.889600000000293221e+03 -9.518566977052045353e-02
4.890400000000293403e+03 2.536367223832229970e-02
4.891200000000293585e+03 1.926894774221885598e-01
4.892000000000293767e+03 2.716516776576763936e-01
4.892800000000293949e+03 1.529700865328142978e-01
4.893600000000294131e+03 -1.802560976491562883e-02
4.894400000000294312e+03 9.342256891341438330e-03
4.895200000000294494e+03 5.442827849384883343e-02
4.896000000000294676e+03 2.588309784072703040e-02
4.896800000000294858e+03 6.588725766826661334e-03
4.897600000000295040e+03 6.147493303810255133e-02
4.898400000000295222e+03 1.637001058236668694e-01
4.899200000000295404e+03 3.420520347802634697e-01
4.900000000000295586e+03 3.777520286036476493e-01
4.900800000000295768e+03 1.513561522105128510e-01
4.901600000000295950e+03 9.638256566808514614e-02
4.902400000000296131e+03 3.618392658915563498e-01
4.903200000000296313e+03 5.595219463826102135e-01
4.904000000000296495e+03 4.971113227696997705e-01
4.904800000000296677e+03 3.860715592234909010e-01
4.905600000000296859e+03 2.178168678589059160e-01
4.906400000000297041e+03 1.403539608520870674e-01
4.907200000000297223e+03 2.212777590892535395e-01
4.908000000000297405e+03 2.625712526302151906e-01
4.908800000000297587e+03 2.320882651218810211e-01
4.909600000000297769e+03 2.032973451377723673e-01
4.910400000000297950e+03 2.624371944468907314e-01
4.911200000000298132e+03 1.780388077009935066e-01
4.912000000000298314e+03 1.184071310496697532e-01
4.912800000000298496e+03 2.259776718315859578e-01
4.913600000000298678e+03 2.687995703327780705e-01
4.914400000000298860e+03 2.164442580156125118e-01
4.915200000000299042e+03 1.028455293216128663e-01
4.916000000000299224e+03 1.231892504396217836e-01
4.916800000000299406e+03 1.990982405737697081e-01
4.917600000000299588e+03 2.069498473882275535e-01
4.918400000000299769e+03 2.649890068857772008e-01
4.919200000000299951e+03 3.380187588602688864e-01
4.920000000000300133e+03 2.842146470245338064e-01
4.920800000000300315e+03 1.725158062285677696e-01
4.921600000000300497e+03 1.422322342337187795e-01
4.922400000000300679e+03 1.341966419759598184e-01
4.923200000000300861e+03 2.159283091448302438e-01
4.924000000000301043e+03 3.560654711943257444e-01
4.924800000000301225e+03 4.007899805251509129e-01
4.925600000000301407e+03 4.191004649269852722e-01
4.926400000000301588e+03 3.266351484647361803e-01
4.927200000000301770e+03 1.727102420458637155e-01
4.928000000000301952e+03 1.577313113323945970e-01
4.928800000000302134e+03 2.691649171536218965e-01
4.929600000000302316e+03 2.672278399810860128e-01
4.930400000000302498e+03 1.263186921390843653e-01
4.931200000000302680e+03 1.014046248157559893e-01
4.932000000000302862e+03 1.457837019015048585e-01
4.932800000000303044e+03 1.752606753412568330e-01
4.933600000000303226e+03 3.165380424879751797e-01
4.934400000000303407e+03 5.969224054827368953e-01
4.935200000000303589e+03 7.428205295974795730e-01
4.936000000000303771e+03 5.346847462535286866e-01
4.936800000000303953e+03 3.315510962928984728e-01
4.937600000000304135e+03 2.580381304923153318e-01
4.938400000000304317e+03 8.379869548461160722e-02
4.939200000000304499e+03 2.447266412890268528e-02
4.940000000000304681e+03 2.454408795533053467e-01
4.940800000000304863e+03 4.056889487851415010e-01
4.941600000000305045e+03 3.374345068277017634e-01
4.942400000000305226e+03 2.038600713305281920e-01
4.943200000000305408e+03 1.696837999870242086e-01
4.944000000000305590e+03 2.904425230004860636e-01
4.944800000000305772e+03 2.803258523596440233e-01
4.945600000000305954e+03 8.697871436797366407e-02
4.946400000000306136e+03 -4.984625014292080880e-02
4.947200000000306318e+03 2.097843440142646565e-02
4.948000000000306500e+03 1.070647792927196806e-01
4.948800000000306682e+03 9.482981056914122076e-02
4.949600000000306864e+03 -3.268372523428123011e-02
4.950400000000307045e+03 -1.080055266328923402e-01
4.951200000000307227e+03 -1.080692016322377935e-02
4.952000000000307409e+03 7.296616124570040607e-02
4.952800000000307591e+03 5.915848456065161964e-02
4.953600000000307773e+03 2.356464340089062248e-01
4.954400000000307955e+03 3.539372381241601695e-01
4.955200000000308137e+03 2.002364693104772275e-01
4.956000000000308319e+03 1.897139815999202284e-01
4.956800000000308501e+03 3.643315952308678884e-01
4.957600000000308683e+03 3.585618967790299982e-01
4.958400000000308864e+03 1.719132295370368602e-01
4.959200000000309046e+03 -4.505760567269673916e-02
4.960000000000309228e+03 -3.325858429985237286e-02
4.960800000000309410e+03 1.247217301383710258e-01
4.961600000000309592e+03 8.175625612872342018e-02
4.962400000000309774e+03 -5.729831847491570485e-02
4.963200000000309956e+03 -3.573222967399945771e-03
4.964000000000310138e+03 8.371747959296975405e-02
4.964800000000310320e+03 2.764511119784947984e-02
4.965600000000310501e+03 -4.490594019154773436e-02
4.966400000000310683e+03 -6.947986600325452289e-03
4.967200000000310865e+03 1.131905239330756319e-01
4.968000000000311047e+03 2.519015307683362681e-01
4.968800000000311229e+03 2.244729653938895841e-01
4.969600000000311411e+03 -6.131168979989620738e-02
4.970400000000311593e+03 -2.300908575582319704e-01
4.971200000000311775e+03 -1.438999142195010739e-01
4.972000000000311957e+03 -1.902252595242362454e-02
4.972800000000312139e+03 1.522800228368056674e-01
4.973600000000312320e+03 2.233030977552483975e-01
4.974400000000312502e+03 9.517396930881621975e-02
4.975200000000312684e+03 -3.391721822673746112e-02
4.976000000000312866e+03 7.012712170267471068e-03
4.976800000000313048e+03 5.646627492127545556e-02
4.977600000000313230e+03 1.127807302886459639e-01
4.978400000000313412e+03 1.343706698886845685e-01
4.979200000000313594e+03 2.979780739042982990e-02
4.980000000000313776e+03 -1.341228169190796515e-01
4.980800000000313958e+03 -1.368137005621252178e-01
4.981600000000314139e+03 -1.820740646017540709e-02
4.982400000000314321e+03 -4.325776980097370550e-02
4.983200000000314503e+03 -5.974838116641820185e-02
4.984000000000314685e+03 1.847330197013729094e-02
4.984800000000314867e+03 4.860338651404418064e-02
4.985600000000315049e+03 -6.814983240609615717e-03
4.986400000000315231e+03 -1.218541766727058717e-01
4.987200000000315413e+03 -1.343111158680651007e-01
4.988000000000315595e+03 3.109781255794001609e-02
4.988800000000315777e+03 1.297534633645063551e-01
4.989600000000315958e+03 1.163981038814166230e-01
4.990400000000316140e+03 2.068161027623565129e-01
4.991200000000316322e+03 3.962643922797626228e-01
4.992000000000316504e+03 4.977912227714344495e-01
4.992800000000316686e+03 5.205286973082825508e-01
4.993600000000316868e+03 4.256526418666378708e-01
4.994400000000317050e+03 1.279876350432465615e-01
4.995200000000317232e+03 -2.583383123142951598e-01
4.996000000000317414e+03 -4.258029093667516363e-01
4.996800000000317596e+03 -1.623482762438296090e-01
4.997600000000317777e+03 1.772160600291627641e-01
4.998400000000317959e+03 3.018263963964594732e-01
4.999200000000318141e+03 2.656609230428076951e-01
5.000000000000318323e+03 4.031986926929047033e-01
5.000800000000318505e+03 5.633687503981501532e-01
5.001600000000318687e+03 4.744591188083516764e-01
5.002400000000318869e+03 2.723514802750845454e-01
5.003200000000319051e+03 1.618823059465551717e-01
5.004000000000319233e+03 5.607369271936245292e-02
5.004800000000319415e+03 4.898790846907408181e-02
5.005600000000319596e+03 3.216698422396426227e-01
5.006400000000319778e+03 4.883846812630378564e-01
5.007200000000319960e+03 5.200921888495076972e-01
5.008000000000320142e+03 5.364393032549491513e-01
5.008800000000320324e+03 3.723069641853506972e-01
5.009600000000320506e+03 9.983965910704636904e-02
5.010400000000320688e+03 -3.319863350619561143e-02
5.011200000000320870e+03 4.754341382450959219e-02
5.012000000000321052e+03 1.357692469640611188e-01
5.012800000000321234e+03 1.495961433871592083e-01
5.013600000000321415e+03 2.273820125386056823e-01
5.014400000000321597e+03 3.514268766104546859e-01
5.015200000000321779e+03 4.978719125335351881e-01
5.016000000000321961e+03 5.395248175904134857e-01
5.016800000000322143e+03 3.896568367768267760e-01
5.017600000000322325e+03 3.664215562828901929e-01
5.018400000000322507e+03 5.681961294903096205e-01
5.019200000000322689e+03 5.286229628284740967e-01
5.020000000000322871e+03 3.108330093853315379e-01
5.020800000000323053e+03 1.808046001227672783e-01
5.021600000000323234e+03 3.247443272236552603e-02
5.022400000000323416e+03 -1.367373446818767324e-01
5.023200000000323598e+03 -7.107972657037545106e-02
5.024000000000323780e+03 3.532917215207324602e-01
5.024800000000323962e+03 6.814952747115292642e-01
5.025600000000324144e+03 6.043840625826141233e-01
5.026400000000324326e+03 4.377172526654035667e-01
5.027200000000324508e+03 3.231772854115938509e-01
5.028000000000324690e+03 2.872619056370360746e-01
5.028800000000324872e+03 1.418027831099889779e-01
5.029600000000325053e+03 4.155876601525293479e-02
5.030400000000325235e+03 2.385898394850753945e-01
5.031200000000325417e+03 3.410706526097065927e-01
5.032000000000325599e+03 2.553877912214563284e-01
5.032800000000325781e+03 1.257829762798020889e-01
5.033600000000325963e+03 6.070512238672100269e-02
5.034400000000326145e+03 1.269193082600787725e-01
5.035200000000326327e+03 1.325999166459300715e-01
5.036000000000326509e+03 1.099000447013358528e-01
5.036800000000326690e+03 5.981333966567391192e-02
5.037600000000326872e+03 -5.193037058491820068e-03
5.038400000000327054e+03 1.164486377973913411e-01
5.039200000000327236e+03 3.779362430630989200e-01
5.040000000000327418e+03 5.264800444906536647e-01
5.040800000000327600e+03 3.883368798541725342e-01
5.041600000000327782e+03 2.118097608499420748e-01
5.042400000000327964e+03 2.944570065183533258e-01
5.043200000000328146e+03 3.916190444767931322e-01
5.044000000000328328e+03 4.721205579451283052e-01
5.044800000000328509e+03 4.436782121785652899e-01
5.045600000000328691e+03 3.109546850941565799e-01
5.046400000000328873e+03 2.337532645578921930e-01
5.047200000000329055e+03 8.027222642770208416e-02
5.048000000000329237e+03 -1.200995192045773013e-01
5.048800000000329419e+03 -6.862188547635234004e-03
5.049600000000329601e+03 3.074292843306534739e-01
5.050400000000329783e+03 3.884999467302090448e-01
5.051200000000329965e+03 3.747572806666877865e-01
5.052000000000330147e+03 2.580724121923702041e-01
5.052800000000330328e+03 5.796596174832137349e-02
5.053600000000330510e+03 -3.132778199088111920e-02
5.054400000000330692e+03 6.004614133420360655e-02
5.055200000000330874e+03 2.412348764437137194e-01
5.056000000000331056e+03 3.377190779646043195e-01
5.056800000000331238e+03 2.231793469781077344e-01
5.057600000000331420e+03 1.083646735230967828e-01
5.058400000000331602e+03 1.761184567968014647e-01
5.059200000000331784e+03 1.858600591517238221e-01
5.060000000000331966e+03 1.258106014430613040e-01
5.060800000000332147e+03 8.054173912411652370e-02
5.061600000000332329e+03 2.777086089108684597e-01
5.062400000000332511e+03 4.781338328998129827e-01
5.063200000000332693e+03 4.142114777435805806e-01
5.064000000000332875e+03 3.112340671514834956e-01
5.064800000000333057e+03 2.161013739629661645e-01
5.065600000000333239e+03 4.714290329473402874e-02
5.066400000000333421e+03 5.153594651038925778e-02
5.067200000000333603e+03 3.712704484839438740e-02
5.068000000000333785e+03 -7.156142440950875871e-02
5.068800000000333966e+03 -1.237633059635292049e-01
5.069600000000334148e+03 -4.529472044073391823e-02
5.070400000000334330e+03 5.321597755488938902e-02
5.071200000000334512e+03 6.321174431987518216e-02
5.072000000000334694e+03 4.732113730841178145e-02
5.072800000000334876e+03 1.080985827723470599e-01
5.073600000000335058e+03 1.477716185521855130e-01
5.074400000000335240e+03 2.235317507757749178e-01
5.075200000000335422e+03 2.528538598075013022e-01
5.076000000000335604e+03 2.451319518095982919e-01
5.076800000000335785e+03 2.768078642158462443e-01
5.077600000000335967e+03 2.643704656732472902e-01
5.078400000000336149e+03 1.504085279587410173e-01
5.079200000000336331e+03 1.773085258233920991e-02
5.080000000000336513e+03 -4.315065632533310325e-03
5.080800000000336695e+03 2.055587234973335897e-01
5.081600000000336877e+03 4.919822697607628137e-01
5.082400000000337059e+03 4.817767969055882782e-01
5.083200000000337241e+03 2.055542620652925367e-01
5.084000000000337423e+03 1.159855805330367584e-01
5.084800000000337604e+03 1.426491586245264565e-01
5.085600000000337786e+03 1.410863538334710676e-01
5.086400000000337968e+03 5.851525572959979937e-02
5.087200000000338150e+03 -2.470048208938563361e-03
5.088000000000338332e+03 1.453289659745554130e-01
5.088800000000338514e+03 1.894766048277853054e-01
5.089600000000338696e+03 8.808348867873616594e-02
5.090400000000338878e+03 1.242069920406693173e-01
5.091200000000339060e+03 2.218449528174848417e-01
5.092000000000339242e+03 1.897160902174527541e-01
5.092800000000339423e+03 1.111728057476222276e-01
5.093600000000339605e+03 7.230166176878322082e-02
5.094400000000339787e+03 1.829363100844653145e-01
5.095200000000339969e+03 2.890598222230847392e-01
5.096000000000340151e+03 2.242564860847034991e-01
5.096800000000340333e+03 1.530762601569076176e-01
5.097600000000340515e+03 2.287699862374387438e-01
5.098400000000340697e+03 3.209013054159208789e-01
5.099200000000340879e+03 3.773961320809764985e-01
5.100000000000341061e+03 3.556868256713802134e-01
5.100800000000341242e+03 2.284138898169260634e-01
5.101600000000341424e+03 1.458141462970074798e-01
5.102400000000341606e+03 1.017162370145355960e-01
5.103200000000341788e+03 1.050382474407480227e-01
5.104000000000341970e+03 2.964173908521232637e-01
5.104800000000342152e+03 4.847739078788468881e-01
5.105600000000342334e+03 3.846282081106551232e-01
5.106400000000342516e+03 1.938427301706588113e-01
5.107200000000342698e+03 8.337379271848274764e-02
5.108000000000342880e+03 3.016159256672165667e-02
5.108800000000343061e+03 -4.507510524323586620e-02
5.109600000000343243e+03 -3.980935532693280487e-02
5.110400000000343425e+03 2.498931455309262584e-02
5.111200000000343607e+03 5.676427001044168780e-02
5.112000000000343789e+03 1.574882499933209778e-01
5.112800000000343971e+03 2.987553799604447669e-01
5.113600000000344153e+03 2.381651588884284576e-01
5.114400000000344335e+03 9.522863910731196868e-02
5.115200000000344517e+03 9.712949948794379063e-02
5.116000000000344698e+03 1.601308173681186831e-01
5.116800000000344880e+03 8.368393313725494553e-02
5.117600000000345062e+03 -7.435976486797568619e-02
5.118400000000345244e+03 -1.898162100085188375e-01
5.119200000000345426e+03 -7.434833826870251849e-02
5.120000000000345608e+03 2.270240588944046067e-01
5.120800000000345790e+03 2.766646818100809146e-01
5.121600000000345972e+03 1.662040594967383322e-01
5.122400000000346154e+03 2.506313188054749563e-01
5.123200000000346336e+03 2.166826819205855126e-01
5.124000000000346517e+03 3.394211171632837559e-02
5.124800000000346699e+03 -6.616604179852368650e-02
5.125600000000346881e+03 -8.359925180610221218e-02
5.126400000000347063e+03 -1.478346147836576141e-01
5.127200000000347245e+03 -1.349149122101361842e-01
5.128000000000347427e+03 8.603826794570233749e-02
5.128800000000347609e+03 1.921921559325746598e-01
5.129600000000347791e+03 1.460821338107625711e-01
5.130400000000347973e+03 1.701956093344388909e-01
5.131200000000348155e+03 1.371410314355936966e-01
5.132000000000348336e+03 1.161885846605983930e-02
5.132800000000348518e+03 9.532199126198064032e-02
5.133600000000348700e+03 2.540945652434659086e-01
5.134400000000348882e+03 3.209314826177973590e-01
5.135200000000349064e+03 2.947298721907971597e-01
5.136000000000349246e+03 1.951437681660019574e-01
5.136800000000349428e+03 3.547826051990553009e-01
5.137600000000349610e+03 5.204783455968519101e-01
5.138400000000349792e+03 5.055937560201880787e-01
5.139200000000349974e+03 3.451785081893474216e-01
5.140000000000350155e+03 1.550620107783803880e-01
5.140800000000350337e+03 1.892330264884175550e-01
5.141600000000350519e+03 2.052958035408252169e-01
5.142400000000350701e+03 1.943029086002599770e-03
5.143200000000350883e+03 -1.364667818781817032e-01
5.144000000000351065e+03 -3.696089317782444428e-02
5.144800000000351247e+03 1.278960409270629706e-01
5.145600000000351429e+03 2.730519951676025348e-01
5.146400000000351611e+03 3.440807226666568464e-01
5.147200000000351793e+03 3.403623230246906051e-01
5.148000000000351974e+03 2.826438785790635344e-01
5.148800000000352156e+03 1.813211928438949738e-01
5.149600000000352338e+03 1.576030011477770609e-01
5.150400000000352520e+03 2.787755456112592789e-01
5.151200000000352702e+03 5.453027942480995760e-01
5.152000000000352884e+03 6.876913545033311870e-01
5.152800000000353066e+03 5.037439288132372628e-01
5.153600000000353248e+03 2.705661190418786055e-01
5.154400000000353430e+03 8.130582032348082633e-02
5.155200000000353612e+03 6.200399799320681360e-02
5.156000000000353793e+03 1.391339737744415606e-01
5.156800000000353975e+03 1.003946300049800844e-01
5.157600000000354157e+03 4.875723340403700923e-02
5.158400000000354339e+03 -3.048281079912617403e-02
5.159200000000354521e+03 -3.027563601256108572e-02
5.160000000000354703e+03 1.665696875418334888e-01
5.160800000000354885e+03 3.060426386897629469e-01
5.161600000000355067e+03 3.906430101596569671e-01
5.162400000000355249e+03 4.720565456479499100e-01
5.163200000000355431e+03 3.277373722024520819e-01
5.164000000000355612e+03 5.285513584798451348e-04
5.164800000000355794e+03 -1.010128943382021249e-01
5.165600000000355976e+03 3.049604214805827496e-02
5.166400000000356158e+03 1.819125736651849845e-01
5.167200000000356340e+03 1.963762294027266708e-01
5.168000000000356522e+03 2.211953206063645982e-01
5.168800000000356704e+03 2.801958875216353229e-01
5.169600000000356886e+03 2.472301593373759099e-01
5.170400000000357068e+03 3.563778269662352116e-01
5.171200000000357250e+03 5.630380147780461586e-01
5.172000000000357431e+03 5.212474049420522393e-01
5.172800000000357613e+03 3.287786283427651668e-01
5.173600000000357795e+03 2.415482118359156272e-01
5.174400000000357977e+03 3.098898195546341827e-01
5.175200000000358159e+03 2.316813428326433832e-01
5.176000000000358341e+03 1.184769688366089091e-01
5.176800000000358523e+03 1.555760819094743896e-01
5.177600000000358705e+03 2.332111857991937542e-01
5.178400000000358887e+03 3.342116309210896308e-01
5.179200000000359069e+03 3.277556439664871535e-01
5.180000000000359250e+03 1.526935831412852829e-01
5.180800000000359432e+03 2.753353470724365093e-02
5.181600000000359614e+03 1.058506011243801753e-01
5.182400000000359796e+03 3.870915611727424599e-01
5.183200000000359978e+03 4.798322218423221042e-01
5.184000000000360160e+03 2.969147845552183029e-01
5.184800000000360342e+03 1.632765552039571189e-01
5.185600000000360524e+03 2.828027195318711939e-01
5.186400000000360706e+03 4.071156922169911208e-01
5.187200000000360887e+03 2.738621121268221548e-01
5.188000000000361069e+03 1.281472217635524213e-01
5.188800000000361251e+03 -6.281452901273784639e-03
5.189600000000361433e+03 -1.347991495658812100e-01
5.190400000000361615e+03 -1.341987240836188255e-01
5.191200000000361797e+03 3.384409296688505042e-02
5.192000000000361979e+03 1.178379002961181948e-01
5.192800000000362161e+03 1.366948987672840336e-02
5.193600000000362343e+03 1.932841638836502174e-03
5.194400000000362525e+03 2.491375014045063008e-01
5.195200000000362706e+03 4.912116268650454365e-01
5.196000000000362888e+03 4.747996242662997357e-01
5.196800000000363070e+03 2.546549244960057967e-01
5.197600000000363252e+03 6.909358029919780708e-02
5.198400000000363434e+03 1.889319057230811477e-02
5.199200000000363616e+03 9.873168628137388159e-02
5.200000000000363798e+03 2.350957565753787337e-01
5.200800000000363980e+03 2.280760602468046849e-01
5.201600000000364162e+03 1.268028191208459554e-01
5.202400000000364344e+03 7.550789165680041326e-02
5.203200000000364525e+03 5.141492298495710378e-02
5.204000000000364707e+03 -6.187347429581528668e-02
5.204800000000364889e+03 -1.219393736238957443e-01
5.205600000000365071e+03 -4.715442859381731994e-02
5.206400000000365253e+03 1.967644542262997898e-01
5.207200000000365435e+03 3.640517532017281677e-01
5.208000000000365617e+03 1.906963891516656462e-01
5.208800000000365799e+03 1.002753884129465450e-02
5.209600000000365981e+03 4.340016046274586953e-02
5.210400000000366163e+03 1.322791410827442726e-01
5.211200000000366344e+03 1.290960972666670425e-01
5.212000000000366526e+03 1.409426561252693222e-01
5.212800000000366708e+03 1.669534468432224417e-01
5.213600000000366890e+03 6.870482824915520592e-02
5.214400000000367072e+03 -1.186159007338453558e-01
5.215200000000367254e+03 -5.460654839566842639e-02
5.216000000000367436e+03 1.756743509794494729e-01
5.216800000000367618e+03 2.243744330481650118e-01
5.217600000000367800e+03 1.541282214293578090e-01
5.218400000000367982e+03 6.119561047056899794e-02
5.219200000000368163e+03 -4.348374076458823290e-02
5.220000000000368345e+03 -6.422651210398089283e-03
5.220800000000368527e+03 2.296741200445522393e-02
5.221600000000368709e+03 -2.692138385473219486e-02
5.222400000000368891e+03 -6.551084830678619020e-02
5.223200000000369073e+03 -1.097797963311433755e-02
5.224000000000369255e+03 1.996575430995306544e-01
5.224800000000369437e+03 2.470711439485602512e-01
5.225600000000369619e+03 1.858841099969494037e-01
5.226400000000369801e+03 2.632316044436366909e-01
5.227200000000369982e+03 1.851211115644142424e-01
5.228000000000370164e+03 -5.166847873828428472e-04
5.228800000000370346e+03 6.734237173204177251e-02
5.229600000000370528e+03 1.623029802316031667e-01
5.230400000000370710e+03 1.194933601288530878e-02
5.231200000000370892e+03 -4.208319337366074608e-02
5.232000000000371074e+03 8.704481326950883058e-03
5.232800000000371256e+03 -5.660703954113409375e-03
5.233600000000371438e+03 5.491352799023731246e-02
5.234400000000371620e+03 1.572167734401856976e-01
5.235200000000371801e+03 2.284308755201882035e-01
5.236000000000371983e+03 2.292778036403554931e-01
5.236800000000372165e+03 8.850188173051082297e-03
5.237600000000372347e+03 -1.150599539538550431e-01
5.238400000000372529e+03 -5.954407455123379711e-02
5.239200000000372711e+03 1.683500630823706046e-02
5.240000000000372893e+03 1.116377212956159715e-01
5.240800000000373075e+03 2.950266966167544025e-01
5.241600000000373257e+03 3.359742445473535843e-01
5.242400000000373439e+03 1.622522194377792881e-01
5.243200000000373620e+03 -5.091307783563206457e-02
5.244000000000373802e+03 -1.634763854209254075e-01
5.244800000000373984e+03 -1.453148376395397845e-01
5.245600000000374166e+03 1.638234767875165199e-01
5.246400000000374348e+03 4.770599563872771620e-01
5.247200000000374530e+03 3.946409159422382684e-01
5.248000000000374712e+03 1.469566462589287081e-01
5.248800000000374894e+03 9.409005108020435104e-02
5.249600000000375076e+03 2.929633516021489248e-01
5.250400000000375258e+03 5.457286460089413316e-01
5.251200000000375439e+03 5.930662870230618555e-01
5.252000000000375621e+03 4.307005683545195307e-01
5.252800000000375803e+03 3.053473028410298440e-01
5.253600000000375985e+03 3.361725954921233050e-01
5.254400000000376167e+03 3.347743457014481505e-01
5.255200000000376349e+03 2.171021074733358036e-01
5.256000000000376531e+03 1.845507308676255231e-01
5.256800000000376713e+03 2.771097579728788451e-01
5.257600000000376895e+03 2.680131945618893785e-01
5.258400000000377077e+03 2.404392367817438092e-01
5.259200000000377258e+03 3.476950198925316537e-01
5.260000000000377440e+03 3.779895933981582967e-01
5.260800000000377622e+03 2.956785801548642567e-01
5.261600000000377804e+03 2.088858473101305457e-01
5.262400000000377986e+03 8.546515322719666630e-02
5.263200000000378168e+03 2.020905076525522648e-02
5.264000000000378350e+03 1.486663724922525354e-01
5.264800000000378532e+03 2.452707065242752116e-01
5.265600000000378714e+03 3.412230439520933523e-01
5.266400000000378895e+03 3.949735104004019615e-01
5.267200000000379077e+03 3.137989916371709542e-01
5.268000000000379259e+03 1.581623230064948538e-01
5.268800000000379441e+03 1.894314303678163169e-01
5.269600000000379623e+03 3.771626101168041867e-01
5.270400000000379805e+03 2.686525282215340149e-01
5.271200000000379987e+03 1.306171519508226089e-02
5.272000000000380169e+03 -1.947765888103183268e-02
5.272800000000380351e+03 8.017914485896110444e-02
5.273600000000380533e+03 1.545829349320672341e-01
5.274400000000380714e+03 1.563184069099893547e-01
5.275200000000380896e+03 1.983338710172510844e-02
5.276000000000381078e+03 5.501168578840373580e-02
5.276800000000381260e+03 1.835780749246816446e-01
5.277600000000381442e+03 2.516065070031906492e-01
5.278400000000381624e+03 2.394858404056185719e-01
5.279200000000381806e+03 1.798851351523212405e-01
5.280000000000381988e+03 1.340557517972290336e-01
5.280800000000382170e+03 2.210725290315625202e-01
5.281600000000382352e+03 3.089600605927612653e-01
5.282400000000382533e+03 3.024504419013795964e-01
5.283200000000382715e+03 2.482140941707549897e-01
5.284000000000382897e+03 3.120261704144173809e-01
5.284800000000383079e+03 4.215946522091790771e-01
5.285600000000383261e+03 3.818577830271533413e-01
5.286400000000383443e+03 2.253436825148418254e-01
5.287200000000383625e+03 8.783202587498065150e-02
5.288000000000383807e+03 1.325486653208350907e-01
5.288800000000383989e+03 2.804105239443637765e-01
5.289600000000384171e+03 2.083097624160796524e-01
5.290400000000384352e+03 1.232154145200255457e-01
5.291200000000384534e+03 2.055548252715146962e-01
5.292000000000384716e+03 8.079383472350493145e-02
5.292800000000384898e+03 -2.107287968664784128e-01
5.293600000000385080e+03 -2.669222744325260854e-01
5.294400000000385262e+03 -9.308070280970554000e-03
5.295200000000385444e+03 2.078191487936390247e-01
5.296000000000385626e+03 3.488953416103682814e-01
5.296800000000385808e+03 3.865807704572367109e-01
5.297600000000385990e+03 2.974679589753504438e-01
5.298400000000386171e+03 3.446341670628947362e-01
5.299200000000386353e+03 4.047897131769370160e-01
5.300000000000386535e+03 2.491142780637995713e-01
5.300800000000386717e+03 6.351077448163719441e-02
5.301600000000386899e+03 8.865669330598296982e-02
5.302400000000387081e+03 1.291679705920715793e-01
5.303200000000387263e+03 9.617774542802215443e-02
5.304000000000387445e+03 1.246742921756238548e-01
5.304800000000387627e+03 2.023222043082716914e-01
5.305600000000387809e+03 2.761067867962110345e-01
5.306400000000387990e+03 3.806623739974301923e-01
5.307200000000388172e+03 3.521243334742398812e-01
5.308000000000388354e+03 1.775325431053523251e-01
5.308800000000388536e+03 5.418205796306413413e-02
5.309600000000388718e+03 3.744793465872499338e-02
5.310400000000388900e+03 3.503884364878152857e-02
5.311200000000389082e+03 6.328457676373117069e-02
5.312000000000389264e+03 1.347327650671915622e-01
5.312800000000389446e+03 1.026758651743085726e-01
5.313600000000389628e+03 3.855312878083094752e-02
5.314400000000389809e+03 1.840735956403355411e-01
5.315200000000389991e+03 3.535551195648864442e-01
5.316000000000390173e+03 3.038838063080865903e-01
5.316800000000390355e+03 1.860102292536888469e-01
5.317600000000390537e+03 1.674094737898343122e-01
5.318400000000390719e+03 2.154075813601588618e-01
5.319200000000390901e+03 3.147844426195021694e-01
5.320000000000391083e+03 4.129197231008280289e-01
5.320800000000391265e+03 4.823199412763240490e-01
5.321600000000391447e+03 4.867516916208260991e-01
5.322400000000391628e+03 2.898389178401673538e-01
5.323200000000391810e+03 6.096087836352315908e-02
5.324000000000391992e+03 2.102195193859068834e-04
5.324800000000392174e+03 8.515482987998262976e-02
5.325600000000392356e+03 9.801507288776659110e-02
5.326400000000392538e+03 1.096142424841192731e-01
5.327200000000392720e+03 1.883030863833731194e-01
5.328000000000392902e+03 2.096557703915664372e-01
5.328800000000393084e+03 1.825595089444710384e-01
5.329600000000393266e+03 2.490052695033483365e-01
5.330400000000393447e+03 2.153894906407873289e-01
5.331200000000393629e+03 -1.449564150283760497e-02
5.332000000000393811e+03 -1.781435351107085729e-01
5.332800000000393993e+03 -1.398248166133643500e-01
5.333600000000394175e+03 -9.117488882916630413e-03
5.334400000000394357e+03 8.543117377014307345e-02
5.335200000000394539e+03 7.715435017233399084e-02
5.336000000000394721e+03 7.156351847036919456e-02
5.336800000000394903e+03 2.178439066035731675e-01
5.337600000000395084e+03 4.301575790878521821e-01
5.338400000000395266e+03 4.291209765831722756e-01
5.339200000000395448e+03 1.536252123010857784e-01
5.340000000000395630e+03 -1.255175408600947007e-01
5.340800000000395812e+03 -3.092739304293666835e-01
5.341600000000395994e+03 -4.413398381203923471e-01
5.342400000000396176e+03 -4.618863294529951258e-01
5.343200000000396358e+03 -3.329077326368665157e-01
5.344000000000396540e+03 -3.428351815427053972e-02
5.344800000000396722e+03 2.587384270867647551e-01
5.345600000000396903e+03 3.363744851122552060e-01
5.346400000000397085e+03 2.478878320806800761e-01
5.347200000000397267e+03 1.279665406682926054e-01
5.348000000000397449e+03 -1.781899396085916479e-02
5.348800000000397631e+03 -1.102031610313259635e-01
5.349600000000397813e+03 -1.027403929346890482e-01
5.350400000000397995e+03 -1.336043345636182822e-02
5.351200000000398177e+03 2.077711870123488958e-01
5.352000000000398359e+03 3.976166723444785611e-01
5.352800000000398541e+03 3.637221550881811760e-01
5.353600000000398722e+03 2.266757760303614311e-01
5.354400000000398904e+03 1.120249873401648610e-01
5.355200000000399086e+03 2.694050127112667531e-02
5.356000000000399268e+03 9.111133092503101438e-02
5.356800000000399450e+03 2.528584400196730031e-01
5.357600000000399632e+03 2.876195162854817688e-01
5.358400000000399814e+03 1.687071899231916694e-01
5.359200000000399996e+03 8.801332226371025302e-02
5.360000000000400178e+03 1.880810653720386694e-01
5.360800000000400360e+03 3.767384239076894126e-01
5.361600000000400541e+03 2.988868739627433269e-01
5.362400000000400723e+03 -3.158433876310867694e-02
5.363200000000400905e+03 -1.094631496726848896e-01
5.364000000000401087e+03 -1.500098367212529538e-02
5.364800000000401269e+03 -3.321887546950005876e-02
5.365600000000401451e+03 -1.190027547618425774e-01
5.366400000000401633e+03 -2.128337482959941906e-01
5.367200000000401815e+03 -1.036341147662506734e-01
5.368000000000401997e+03 1.733563943917156291e-01
5.368800000000402179e+03 3.761638113717521437e-01
5.369600000000402360e+03 5.054677507395053393e-01
5.370400000000402542e+03 4.991865357034512840e-01
5.371200000000402724e+03 2.399642879405693430e-01
5.372000000000402906e+03 2.901273043583514274e-02
5.372800000000403088e+03 -5.145550563511486208e-03
5.373600000000403270e+03 1.218061275041540797e-01
5.374400000000403452e+03 3.299896141957875950e-01
5.375200000000403634e+03 3.292545796475040421e-01
5.376000000000403816e+03 1.982719806541061447e-01
5.376800000000403998e+03 1.359497189663607108e-01
5.377600000000404179e+03 8.120786222025622170e-02
5.378400000000404361e+03 -9.588357826319046651e-02
5.379200000000404543e+03 -1.547826447260161886e-01
5.380000000000404725e+03 -2.713283800636292001e-02
5.380800000000404907e+03 1.416207264873146632e-01
5.381600000000405089e+03 2.158698366160363147e-01
5.382400000000405271e+03 1.093217764119968349e-01
5.383200000000405453e+03 -6.829963709440788067e-02
5.384000000000405635e+03 -4.252822115760703653e-02
5.384800000000405817e+03 1.697346666924137160e-01
5.385600000000405998e+03 3.145042910271895753e-01
5.386400000000406180e+03 3.732405783373805019e-01
5.387200000000406362e+03 3.004457558948483431e-01
5.388000000000406544e+03 1.667341517161651243e-01
5.388800000000406726e+03 1.746241816270455716e-01
5.389600000000406908e+03 3.031803965710950788e-01
5.390400000000407090e+03 3.626531589803700939e-01
5.391200000000407272e+03 3.590377519221026326e-01
5.392000000000407454e+03 4.315810029025585193e-01
5.392800000000407636e+03 4.285864729876470713e-01
5.393600000000407817e+03 3.190220206734377673e-01
5.394400000000407999e+03 2.590187858522872144e-01
5.395200000000408181e+03 3.688657590992531210e-01
5.396000000000408363e+03 4.668343121466938528e-01
5.396800000000408545e+03 3.872544860466333172e-01
5.397600000000408727e+03 3.686464923805313765e-01
5.398400000000408909e+03 2.379660020972381440e-01
5.399200000000409091e+03 4.589815399470827118e-02
5.400000000000409273e+03 3.534382111965068962e-02
5.400800000000409455e+03 7.750676923585641739e-03
5.401600000000409636e+03 -3.587314433040093148e-02
5.402400000000409818e+03 1.384231312476999765e-01
5.403200000000410000e+03 4.242293209534779286e-01
5.404000000000410182e+03 4.641196113705386983e-01
5.404800000000410364e+03 2.671334952923734019e-01
5.405600000000410546e+03 1.358117647419837815e-01
5.406400000000410728e+03 8.017058390446879512e-02
5.407200000000410910e+03 3.583705134475659304e-02
5.408000000000411092e+03 4.554415731214164764e-02
5.408800000000411274e+03 -3.183718558339533600e-02
5.409600000000411455e+03 -1.442345795878525461e-01
5.410400000000411637e+03 -2.225737565436015364e-01
5.411200000000411819e+03 -2.302255920330264771e-01
5.412000000000412001e+03 -2.279951925206905039e-01
5.412800000000412183e+03 -2.026312676662559986e-01
5.413600000000412365e+03 -4.215314529060487647e-04
5.414400000000412547e+03 2.723189162525757601e-01
5.415200000000412729e+03 2.416410727099235212e-01
5.416000000000412911e+03 8.859949795203347911e-02
5.416800000000413092e+03 2.125593624089864853e-01
5.417600000000413274e+03 4.189935510756058745e-01
5.418400000000413456e+03 4.431853050983506348e-01
5.419200000000413638e+03 3.548057958601359418e-01
5.420000000000413820e+03 2.149282365481064438e-01
5.420800000000414002e+03 2.019251344867183939e-01
5.421600000000414184e+03 2.675301547434631999e-01
5.422400000000414366e+03 2.348991438041464208e-01
5.423200000000414548e+03 1.938575870232364662e-01
5.424000000000414730e+03 2.947793879004414475e-01
5.424800000000414911e+03 4.216196984323079544e-01
5.425600000000415093e+03 3.608349795157005380e-01
5.426400000000415275e+03 1.458255309792531318e-01
5.427200000000415457e+03 8.175728807199779402e-03
5.428000000000415639e+03 6.938820442374557529e-02
5.428800000000415821e+03 1.650667443529842127e-01
5.429600000000416003e+03 2.118159804472546370e-01
5.430400000000416185e+03 2.737955122812901765e-01
5.431200000000416367e+03 2.257132445031704571e-01
5.432000000000416549e+03 1.234816529877462710e-01
5.432800000000416730e+03 1.768478917913233472e-01
5.433600000000416912e+03 2.022017970973976619e-01
5.434400000000417094e+03 1.437516058348313197e-01
5.435200000000417276e+03 1.421445682569448810e-01
5.436000000000417458e+03 1.799704473757299805e-01
5.436800000000417640e+03 2.118576519549898729e-01
5.437600000000417822e+03 2.743003261038736151e-01
5.438400000000418004e+03 3.332641924920637377e-01
5.439200000000418186e+03 1.392275422836913856e-01
5.440000000000418368e+03 -5.274129100095938105e-02
5.440800000000418549e+03 -3.436163666434243619e-02
5.441600000000418731e+03 -1.843132757549548195e-03
5.442400000000418913e+03 1.928020428429036426e-02
5.443200000000419095e+03 1.220022077282498230e-01
5.444000000000419277e+03 1.000926930000859694e-01
5.444800000000419459e+03 1.166655553576138177e-01
5.445600000000419641e+03 7.515841389379057658e-02
5.446400000000419823e+03 -3.617897396628555473e-02
5.447200000000420005e+03 2.707835137581099394e-02
5.448000000000420187e+03 1.810544285667668174e-01
5.448800000000420368e+03 4.013059105560745077e-01
5.449600000000420550e+03 5.897682680967430979e-01
5.450400000000420732e+03 5.642611088872699909e-01
5.451200000000420914e+03 3.847846846764699236e-01
5.452000000000421096e+03 2.075844236468082915e-01
5.452800000000421278e+03 2.280454693253680665e-01
5.453600000000421460e+03 4.181685649575926367e-01
5.454400000000421642e+03 3.918290850934629810e-01
5.455200000000421824e+03 1.815919747722120059e-01
5.456000000000422006e+03 5.448600957885615936e-03
5.456800000000422187e+03 -8.906219223858903578e-02
5.457600000000422369e+03 -8.143429332406325327e-02
5.458400000000422551e+03 1.085808722892762923e-01
5.459200000000422733e+03 2.673342144075032678e-01
5.460000000000422915e+03 2.283622793036824694e-01
5.460800000000423097e+03 9.378733390418302063e-02
5.461600000000423279e+03 -1.242370370379678249e-02
5.462400000000423461e+03 5.913006764849670222e-02
5.463200000000423643e+03 1.965300094650144491e-01
5.464000000000423825e+03 1.603541292907889049e-01
5.464800000000424006e+03 8.112528273884085650e-02
5.465600000000424188e+03 1.829552948486536934e-01
5.466400000000424370e+03 3.537271940887281030e-01
5.467200000000424552e+03 3.662804172396716962e-01
5.468000000000424734e+03 4.305714807591674576e-01
5.468800000000424916e+03 4.517198518321587919e-01
5.469600000000425098e+03 2.504220550029393477e-01
5.470400000000425280e+03 7.371259749004577255e-02
5.471200000000425462e+03 1.181117531119281749e-01
5.472000000000425644e+03 7.286605471617466079e-02
5.472800000000425825e+03 -1.289380945253150446e-01
5.473600000000426007e+03 -2.527044088130743771e-01
5.474400000000426189e+03 -2.129289619862507199e-01
5.475200000000426371e+03 -5.895821052182689814e-02
5.476000000000426553e+03 1.363713612391787358e-02
5.476800000000426735e+03 5.588431382444337958e-03
5.477600000000426917e+03 4.845748659898908503e-03
5.478400000000427099e+03 4.874572395588715190e-02
5.479200000000427281e+03 9.015962411886085937e-02
5.480000000000427463e+03 1.533487764605738143e-02
5.480800000000427644e+03 -8.487674162326960814e-02
5.481600000000427826e+03 -1.386211998973989890e-01
5.482400000000428008e+03 -1.381150230361467002e-01
5.483200000000428190e+03 4.204999061409109978e-02
5.484000000000428372e+03 2.211315994722533040e-01
5.484800000000428554e+03 1.630682507309297313e-01
5.485600000000428736e+03 2.262668582667955175e-02
5.486400000000428918e+03 5.853250113878538663e-02
5.487200000000429100e+03 1.390736729104509461e-01
5.488000000000429281e+03 2.307078979511824335e-01
5.488800000000429463e+03 3.841273821124004950e-01
5.489600000000429645e+03 3.594969685188041941e-01
5.490400000000429827e+03 2.969858726527895842e-01
5.491200000000430009e+03 4.395927618562732730e-01
5.492000000000430191e+03 4.601040167844689943e-01
5.492800000000430373e+03 3.184529100575030913e-01
5.493600000000430555e+03 2.362385534840747980e-01
5.494400000000430737e+03 2.091451974974777861e-01
5.495200000000430919e+03 2.919938284735358880e-01
5.496000000000431100e+03 3.406734185247644042e-01
5.496800000000431282e+03 2.853802625638638402e-01
5.497600000000431464e+03 1.888870282831965064e-01
5.498400000000431646e+03 9.460594053653539892e-02
5.499200000000431828e+03 2.977421465192843508e-02
5.500000000000432010e+03 3.203997592063765470e-02
5.500800000000432192e+03 8.896891419419164504e-02
5.501600000000432374e+03 1.151501122036027169e-01
5.502400000000432556e+03 6.984290604441296957e-02
5.503200000000432738e+03 3.188981019686511209e-02
5.504000000000432919e+03 1.010160519738232815e-01
5.504800000000433101e+03 2.357533652709478122e-01
5.505600000000433283e+03 3.419145559172890314e-01
5.506400000000433465e+03 3.586960956318437921e-01
5.507200000000433647e+03 2.000994376328680269e-01
5.508000000000433829e+03 2.204722072561536572e-02
5.508800000000434011e+03 7.888450988829839861e-02
5.509600000000434193e+03 2.450922153163176687e-01
5.510400000000434375e+03 3.984816694862115538e-01
5.511200000000434557e+03 5.527767311505700221e-01
5.512000000000434738e+03 5.263632624570270258e-01
5.512800000000434920e+03 3.623304003793474948e-01
5.513600000000435102e+03 2.426509855815373595e-01
5.514400000000435284e+03 2.022519830101530969e-01
5.515200000000435466e+03 1.802952046858902202e-01
5.516000000000435648e+03 2.609624583244091189e-01
5.516800000000435830e+03 4.668280809930830944e-01
5.517600000000436012e+03 5.109143438813398275e-01
5.518400000000436194e+03 4.114499974861066112e-01
5.519200000000436376e+03 2.572920822852457490e-01
5.520000000000436557e+03 2.689733536935063479e-02
5.520800000000436739e+03 -1.781025276580680272e-01
5.521600000000436921e+03 -2.696481524510734307e-01
5.522400000000437103e+03 -5.157061583305627694e-02
5.523200000000437285e+03 3.941497200598183537e-01
5.524000000000437467e+03 5.706039556620363662e-01
5.524800000000437649e+03 4.042107921365849510e-01
5.525600000000437831e+03 2.969963529206005592e-01
5.526400000000438013e+03 4.728251902569242104e-01
5.527200000000438195e+03 6.612338224544599408e-01
5.528000000000438376e+03 6.631017790365557607e-01
5.528800000000438558e+03 4.312158757127717568e-01
5.529600000000438740e+03 2.271477394040974929e-01
5.530400000000438922e+03 2.553620648394671622e-01
5.531200000000439104e+03 2.056831146443105496e-01
5.532000000000439286e+03 1.018179890274309857e-01
5.532800000000439468e+03 7.986317090124817053e-02
5.533600000000439650e+03 7.437839104702938242e-02
5.534400000000439832e+03 4.884741109119955516e-02
5.535200000000440014e+03 4.438142730880573900e-02
5.536000000000440195e+03 7.537950930292144913e-02
5.536800000000440377e+03 8.744790924059581139e-02
5.537600000000440559e+03 2.610289920977240663e-03
5.538400000000440741e+03 -4.693559686483640692e-02
5.539200000000440923e+03 2.315692336498847148e-01
5.540000000000441105e+03 5.984638943720066440e-01
5.540800000000441287e+03 6.085432299024214897e-01
5.541600000000441469e+03 2.646165624278351003e-01
5.542400000000441651e+03 1.501058095748203369e-02
5.543200000000441833e+03 1.020642469151395171e-01
5.544000000000442014e+03 2.850798887042407248e-01
5.544800000000442196e+03 3.698859216720974397e-01
5.545600000000442378e+03 2.310675951809142148e-01
5.546400000000442560e+03 6.107791749785184549e-02
5.547200000000442742e+03 -8.557609875326080418e-02
5.548000000000442924e+03 -1.984576827135167421e-01
5.548800000000443106e+03 -1.991732318042172267e-01
5.549600000000443288e+03 -1.249280552896297469e-01
5.550400000000443470e+03 -4.670982754099979595e-02
5.551200000000443652e+03 6.454552065712908238e-02
5.552000000000443833e+03 4.683982989549818898e-02
5.552800000000444015e+03 -9.646890300041283117e-02
5.553600000000444197e+03 -1.098948001982437694e-01
5.554400000000444379e+03 -2.284845169188922526e-02
5.555200000000444561e+03 1.905570149281471046e-02
5.556000000000444743e+03 3.669529221816921621e-02
5.556800000000444925e+03 1.008115302939112806e-01
5.557600000000445107e+03 1.590205175829066953e-01
5.558400000000445289e+03 1.240447163281673260e-01
5.559200000000445471e+03 1.984128070462175264e-02
5.560000000000445652e+03 -3.688340185507925362e-02
5.560800000000445834e+03 4.008416104642852085e-02
5.561600000000446016e+03 1.115818030010510276e-01
5.562400000000446198e+03 1.324244736530737210e-01
5.563200000000446380e+03 1.663640684451134222e-01
5.564000000000446562e+03 3.470249152672726378e-01
5.564800000000446744e+03 4.344133272826680159e-01
5.565600000000446926e+03 2.485742474307597871e-01
5.566400000000447108e+03 1.099142242682110693e-01
5.567200000000447289e+03 1.623131567093339112e-01
5.568000000000447471e+03 1.426277622522352517e-01
5.568800000000447653e+03 7.851545154279067351e-02
5.569600000000447835e+03 1.076332576355039650e-01
5.570400000000448017e+03 1.829647324383487650e-01
5.571200000000448199e+03 2.622544945417697448e-01
5.572000000000448381e+03 3.008580306478505495e-01
5.572800000000448563e+03 1.055124757563863785e-01
5.573600000000448745e+03 -1.872650876794604985e-02
5.574400000000448927e+03 1.257097375151264018e-01
5.575200000000449108e+03 2.052397553062099977e-01
5.576000000000449290e+03 1.315806415723763945e-01
5.576800000000449472e+03 9.008374299861524048e-02
5.577600000000449654e+03 1.304393488120329098e-02
5.578400000000449836e+03 -3.873464334825391792e-02
5.579200000000450018e+03 2.310405251159773632e-01
5.580000000000450200e+03 5.253466067027989794e-01
5.580800000000450382e+03 3.808149537984694688e-01
5.581600000000450564e+03 1.629445525280594220e-01
5.582400000000450746e+03 1.742874904628615440e-01
5.583200000000450927e+03 4.358425045713000268e-01
5.584000000000451109e+03 7.234674521635138245e-01
5.584800000000451291e+03 6.307644847868132398e-01
5.585600000000451473e+03 2.144092040599794302e-01
5.586400000000451655e+03 -2.398138782360150628e-02
5.587200000000451837e+03 4.117348318556678100e-02
5.588000000000452019e+03 2.592871616670239798e-01
5.588800000000452201e+03 4.013363479201323969e-01
5.589600000000452383e+03 2.178784505854231002e-01
5.590400000000452565e+03 2.207606246846194331e-02
5.591200000000452746e+03 8.800468625744502227e-02
5.592000000000452928e+03 1.481677587473506363e-01
5.592800000000453110e+03 2.064307609568040713e-01
5.593600000000453292e+03 3.441787597593312098e-01
5.594400000000453474e+03 3.254107820591782829e-01
5.595200000000453656e+03 2.188782878475586391e-01
5.596000000000453838e+03 2.082059712722105771e-01
5.596800000000454020e+03 2.244084698768484265e-01
5.597600000000454202e+03 2.898031810323339341e-01
5.598400000000454384e+03 3.771564980845885096e-01
5.599200000000454565e+03 3.833463147657260039e-01
5.600000000000454747e+03 3.583003773336130293e-01
5.600800000000454929e+03 1.856357732622631040e-01
5.601600000000455111e+03 5.713114766864255123e-02
5.602400000000455293e+03 1.891115644737834112e-01
5.603200000000455475e+03 3.540941090612922948e-01
5.604000000000455657e+03 3.367208571868349765e-01
5.604800000000455839e+03 9.752131500138075393e-02
5.605600000000456021e+03 -4.499604827778184296e-02
5.606400000000456203e+03 5.361231008140633636e-02
5.607200000000456384e+03 2.069085023746941032e-01
5.608000000000456566e+03 1.956039322902791699e-01
5.608800000000456748e+03 2.224062600156386793e-01
5.609600000000456930e+03 3.050138268060727520e-01
5.610400000000457112e+03 3.629392526094635807e-01
5.611200000000457294e+03 4.427518674420163336e-01
5.612000000000457476e+03 4.078183465304806576e-01
5.612800000000457658e+03 3.155632669884550490e-01
5.613600000000457840e+03 2.925513216074456246e-01
5.614400000000458022e+03 3.497111101801470001e-01
5.615200000000458203e+03 4.857123537417722958e-01
5.616000000000458385e+03 4.717767010343615341e-01
5.616800000000458567e+03 3.416126206321792314e-01
5.617600000000458749e+03 2.796127914586880037e-01
5.618400000000458931e+03 3.090324962478746551e-01
5.619200000000459113e+03 2.960239826358899706e-01
5.620000000000459295e+03 3.424012214675811183e-01
5.620800000000459477e+03 4.445846030513702085e-01
5.621600000000459659e+03 4.973381840699694356e-01
5.622400000000459841e+03 5.647918325848879650e-01
5.623200000000460022e+03 5.342640940744696199e-01
5.624000000000460204e+03 3.188520316391253995e-01
5.624800000000460386e+03 1.144404498284432720e-01
5.625600000000460568e+03 9.984967363282788722e-02
5.626400000000460750e+03 1.867686566841223472e-01
5.627200000000460932e+03 2.748679417203251929e-01
5.628000000000461114e+03 2.072388925467897325e-01
5.628800000000461296e+03 1.644321341957085680e-01
5.629600000000461478e+03 2.048746954365218420e-01
5.630400000000461660e+03 2.021120150324340614e-01
5.631200000000461841e+03 2.015008182994495745e-01
5.632000000000462023e+03 1.997810471033127644e-01
5.632800000000462205e+03 2.120570734653822176e-01
5.633600000000462387e+03 2.823024088245441598e-01
5.634400000000462569e+03 3.831236269963204655e-01
5.635200000000462751e+03 3.720275850117902849e-01
5.636000000000462933e+03 3.165079938222108979e-01
5.636800000000463115e+03 2.639983621350075471e-01
5.637600000000463297e+03 3.373597700901398433e-01
5.638400000000463479e+03 4.134083901697445107e-01
5.639200000000463660e+03 3.461740767463334922e-01
5.640000000000463842e+03 2.303726986423721423e-01
5.640800000000464024e+03 3.672012437702662502e-02
5.641600000000464206e+03 4.214113241151690170e-02
5.642400000000464388e+03 2.442492381581989336e-01
5.643200000000464570e+03 2.093154643372112100e-01
5.644000000000464752e+03 1.093494434505995483e-01
5.644800000000464934e+03 2.195224628241495557e-01
5.645600000000465116e+03 2.847857264447562486e-01
5.646400000000465297e+03 2.633647178196538707e-01
5.647200000000465479e+03 1.787229645868348427e-01
5.648000000000465661e+03 7.466754555241419955e-02
5.648800000000465843e+03 1.790641515469476586e-01
5.649600000000466025e+03 3.198650356118457605e-01
5.650400000000466207e+03 3.302473706043435042e-01
5.651200000000466389e+03 2.793955619670964174e-01
5.652000000000466571e+03 3.591943832568061379e-01
5.652800000000466753e+03 5.337917193934027527e-01
5.653600000000466935e+03 5.096496596692392522e-01
5.654400000000467116e+03 3.471996631844729286e-01
5.655200000000467298e+03 2.500838915668578966e-01
5.656000000000467480e+03 1.209027312978361302e-01
5.656800000000467662e+03 1.362029913018374463e-02
5.657600000000467844e+03 -1.041753808840747975e-01
5.658400000000468026e+03 -2.417806232186108240e-01
5.659200000000468208e+03 -2.565383411888958465e-01
5.660000000000468390e+03 -2.616990831902008541e-01
5.660800000000468572e+03 -2.305617215049214075e-01
5.661600000000468754e+03 -8.803481234152206458e-02
5.662400000000468935e+03 9.440597048328389085e-02
5.663200000000469117e+03 2.572838979184833841e-01
5.664000000000469299e+03 4.073230620055809936e-01
5.664800000000469481e+03 4.487766703471042229e-01
5.665600000000469663e+03 4.200677614787633463e-01
5.666400000000469845e+03 2.253837665123525347e-01
5.667200000000470027e+03 -6.646443395681586597e-03
5.668000000000470209e+03 9.403883755952056195e-03
5.668800000000470391e+03 1.324746045609380696e-01
5.669600000000470573e+03 1.808197007977058457e-01
5.670400000000470754e+03 2.527437987686358412e-01
5.671200000000470936e+03 2.547830554738364506e-01
5.672000000000471118e+03 1.373856898071787458e-01
5.672800000000471300e+03 1.562600748159121145e-01
5.673600000000471482e+03 1.772108542735153502e-01
5.674400000000471664e+03 1.598475597962523143e-01
5.675200000000471846e+03 2.271719753211816628e-01
5.676000000000472028e+03 2.950215684513053382e-01
5.676800000000472210e+03 3.532615129368961160e-01
5.677600000000472392e+03 3.082936171661894709e-01
5.678400000000472573e+03 9.758530242603465077e-02
5.679200000000472755e+03 5.897647119977848795e-02
5.680000000000472937e+03 2.995772680257140497e-01
5.680800000000473119e+03 5.217673020010209495e-01
5.681600000000473301e+03 4.834622539090042137e-01
5.682400000000473483e+03 2.640200490935775135e-01
5.683200000000473665e+03 2.019899990402163059e-01
5.684000000000473847e+03 1.669317043412650858e-01
5.684800000000474029e+03 4.640146741092598948e-02
5.685600000000474211e+03 1.857890360093278348e-01
5.686400000000474392e+03 3.802613126429296719e-01
5.687200000000474574e+03 2.989104761002844279e-01
5.688000000000474756e+03 3.110984525310518389e-01
5.688800000000474938e+03 4.754120849304568908e-01
5.689600000000475120e+03 4.009425235049063341e-01
5.690400000000475302e+03 3.007864507842289425e-01
5.691200000000475484e+03 2.895788343247057139e-01
5.692000000000475666e+03 2.572665039681150678e-01
5.692800000000475848e+03 3.053959433133924817e-01
5.693600000000476030e+03 4.177154387632205368e-01
5.694400000000476211e+03 4.276323869250201470e-01
5.695200000000476393e+03 3.373350791868230392e-01
5.696000000000476575e+03 2.386514891095570801e-01
5.696800000000476757e+03 2.734083327506219019e-02
5.697600000000476939e+03 -1.292526252108017470e-01
5.698400000000477121e+03 6.439562596192253963e-02
5.699200000000477303e+03 3.575488119930501640e-01
5.700000000000477485e+03 4.513075636564006787e-01
5.700800000000477667e+03 4.431193285857870645e-01
5.701600000000477849e+03 3.861096794655573539e-01
5.702400000000478030e+03 2.049311217055956869e-01
5.703200000000478212e+03 1.576195464946718583e-01
5.704000000000478394e+03 2.809410513826320344e-01
5.704800000000478576e+03 2.148491722288673467e-01
5.705600000000478758e+03 -2.993386207088463702e-02
5.706400000000478940e+03 -1.587567199149174935e-01
5.707200000000479122e+03 -1.449795234817203848e-01
5.708000000000479304e+03 4.860076740820448715e-02
5.708800000000479486e+03 3.053045954656945504e-01
5.709600000000479668e+03 3.269442114746323735e-01
5.710400000000479849e+03 1.244316967873378699e-01
5.711200000000480031e+03 2.261239010158180851e-02
5.712000000000480213e+03 5.170549733945538351e-02
5.712800000000480395e+03 3.335433341199231516e-02
5.713600000000480577e+03 -1.260151117003105448e-01
5.714400000000480759e+03 -2.719924741677006708e-01
5.715200000000480941e+03 -3.165261440290272343e-01
5.716000000000481123e+03 -2.605658243718639300e-01
5.716800000000481305e+03 -1.370698357615755814e-01
5.717600000000481486e+03 4.872177846883138375e-03
5.718400000000481668e+03 1.070671515470496826e-01
5.719200000000481850e+03 1.290284425917048172e-01
5.720000000000482032e+03 1.649971308250907931e-01
5.720800000000482214e+03 1.975384287134901440e-01
5.721600000000482396e+03 1.777976002981130621e-01
5.722400000000482578e+03 2.250325094898456002e-02
5.723200000000482760e+03 -9.533577956751083937e-02
5.724000000000482942e+03 3.092716145069160372e-03
5.724800000000483124e+03 -2.558966728504841887e-02
5.725600000000483305e+03 -1.647535530535701176e-01
5.726400000000483487e+03 -6.404846211281023383e-02
5.727200000000483669e+03 3.332278044363132241e-02
5.728000000000483851e+03 -1.224513522654465669e-01
5.728800000000484033e+03 -1.777851525597461402e-01
5.729600000000484215e+03 -6.175291623116435646e-02
5.730400000000484397e+03 -1.317754740155976934e-02
5.731200000000484579e+03 -7.200952145880568089e-03
5.732000000000484761e+03 9.348655416961626496e-02
5.732800000000484943e+03 1.387463891685129791e-01
5.733600000000485124e+03 1.214323769503101308e-01
5.734400000000485306e+03 3.222562838467511737e-02
5.735200000000485488e+03 -2.439692080492197879e-02
5.736000000000485670e+03 6.380341149067217388e-02
5.736800000000485852e+03 -7.909439388936138904e-02
5.737600000000486034e+03 -2.979441991114927246e-01
5.738400000000486216e+03 -7.868521461512706372e-02
5.739200000000486398e+03 4.168805203270647963e-02
5.740000000000486580e+03 -2.167737219316452912e-01
5.740800000000486762e+03 -3.407237016500527793e-01
5.741600000000486943e+03 -2.386229725800150803e-01
5.742400000000487125e+03 -5.890547948694174751e-02
5.743200000000487307e+03 1.326025395140300878e-01
5.744000000000487489e+03 2.854060718261502427e-01
5.744800000000487671e+03 3.050992485846669156e-01
5.745600000000487853e+03 2.440129645618872301e-01
5.746400000000488035e+03 3.204074124923864675e-01
5.747200000000488217e+03 4.381768872578710727e-01
5.748000000000488399e+03 3.177147986612220421e-01
5.748800000000488581e+03 2.156356057484059563e-01
5.749600000000488762e+03 3.491452061445692312e-01
5.750400000000488944e+03 2.834623320718599460e-01
5.751200000000489126e+03 1.977123765880611228e-01
5.752000000000489308e+03 1.968813573568865827e-01
5.752800000000489490e+03 8.903107218608859175e-02
5.753600000000489672e+03 -3.184888817445550441e-02
5.754400000000489854e+03 -6.657603946862947208e-02
5.755200000000490036e+03 -4.224117499920089502e-02
5.756000000000490218e+03 -3.026077770765023267e-02
5.756800000000490400e+03 -3.375244910396948961e-02
5.757600000000490581e+03 3.811719924852186026e-04
5.758400000000490763e+03 1.984270492124947660e-01
5.759200000000490945e+03 3.756288765830035903e-01
5.760000000000491127e+03 4.638452636789200945e-01
5.760800000000491309e+03 3.465413040931868971e-01
5.761600000000491491e+03 1.223346614258356418e-01
5.762400000000491673e+03 4.193242048034286074e-02
5.763200000000491855e+03 1.104549139525459328e-01
5.764000000000492037e+03 8.394550548674462043e-02
5.764800000000492219e+03 -1.031474057369260837e-02
5.765600000000492400e+03 -1.524319646580957477e-01
5.766400000000492582e+03 -2.309124326549286399e-01
5.767200000000492764e+03 -4.212584644894724895e-02
5.768000000000492946e+03 1.934400976437532504e-01
5.768800000000493128e+03 2.993489308977426711e-01
5.769600000000493310e+03 3.216634616691563808e-01
5.770400000000493492e+03 3.773252357653241185e-01
5.771200000000493674e+03 3.990743714242213080e-01
5.772000000000493856e+03 2.058010453071842660e-01
5.772800000000494038e+03 -6.102441367303423903e-03
5.773600000000494219e+03 1.942011572784410611e-02
5.774400000000494401e+03 2.811275168619762344e-01
5.775200000000494583e+03 4.547570077796029286e-01
5.776000000000494765e+03 5.426239823325313960e-01
5.776800000000494947e+03 5.001334341559513508e-01
5.777600000000495129e+03 2.219333665997998140e-01
5.778400000000495311e+03 3.069764978688752088e-02
5.779200000000495493e+03 2.426653270938668172e-02
5.780000000000495675e+03 1.867334302695711212e-01
5.780800000000495857e+03 2.202081595650062784e-01
5.781600000000496038e+03 6.074552743339600713e-02
5.782400000000496220e+03 -2.531081580999794411e-03
5.783200000000496402e+03 -6.874764210595118996e-02
5.784000000000496584e+03 4.431447843363740119e-02
5.784800000000496766e+03 1.652668872862245730e-01
5.785600000000496948e+03 -4.098988667085501358e-02
5.786400000000497130e+03 -2.347875767382424095e-01
5.787200000000497312e+03 -9.432201751458077488e-02
5.788000000000497494e+03 3.276132268957042404e-02
5.788800000000497676e+03 -7.904571130695769998e-02
5.789600000000497857e+03 -9.040915029320745200e-02
5.790400000000498039e+03 1.996107365142344714e-01
5.791200000000498221e+03 5.318418985908254237e-01
5.792000000000498403e+03 7.133812111107625809e-01
5.792800000000498585e+03 7.825565440057631328e-01
5.793600000000498767e+03 5.261855540045885515e-01
5.794400000000498949e+03 4.675154779370180314e-04
5.795200000000499131e+03 -2.004886915697986494e-01
5.796000000000499313e+03 -1.305502717714318583e-02
5.796800000000499494e+03 8.854380125029787107e-02
5.797600000000499676e+03 2.147179688335600356e-01
5.798400000000499858e+03 4.227096858877830154e-01
5.799200000000500040e+03 3.955349258146499958e-01
5.800000000000500222e+03 1.811530268948602085e-01
5.800800000000009277e+03 3.024198822428420530e-01
5.801600000000009459e+03 6.602341421651629627e-01
5.802400000000009641e+03 4.183723790916979990e-01
5.803200000000009823e+03 -1.025994703889060167e-01
5.804000000000010004e+03 -2.604039050847959946e-01
5.804800000000010186e+03 -1.724850278645936874e-01
5.805600000000010368e+03 4.519211223716257386e-02
5.806400000000010550e+03 3.206259465231695582e-01
5.807200000000010732e+03 2.686569311896368495e-01
5.808000000000010914e+03 1.752832290079402167e-02
5.808800000000011096e+03 5.173708948747845343e-02
5.809600000000011278e+03 3.392559388003200116e-01
5.810400000000011460e+03 5.004482455883194625e-01
5.811200000000011642e+03 5.397491054239975661e-01
5.812000000000011823e+03 4.516773715170062653e-01
5.812800000000012005e+03 1.279126153595874782e-01
5.813600000000012187e+03 -1.371980800410542156e-01
5.814400000000012369e+03 -1.294854054547406874e-01
5.815200000000012551e+03 -2.034487417602458270e-02
5.816000000000012733e+03 1.576959493491181807e-01
5.816800000000012915e+03 2.560655759660583342e-01
5.817600000000013097e+03 1.420392907051082898e-01
5.818400000000013279e+03 3.535673818430618010e-03
5.819200000000013461e+03 5.016307035879925824e-02
5.820000000000013642e+03 2.787185782781728127e-01
5.820800000000013824e+03 3.355595929078670769e-01
5.821600000000014006e+03 1.893302552114527471e-01
5.822400000000014188e+03 1.716399621907124251e-01
5.823200000000014370e+03 3.195957684934697673e-01
5.824000000000014552e+03 4.301946468693341741e-01
5.824800000000014734e+03 4.688459867627466915e-01
5.825600000000014916e+03 3.268165856572086136e-01
5.826400000000015098e+03 8.490387014438660618e-02
5.827200000000015280e+03 3.400730314904858165e-02
5.828000000000015461e+03 2.356437733290807079e-01
5.828800000000015643e+03 4.603035569532203386e-01
5.829600000000015825e+03 4.644206674101475918e-01
5.830400000000016007e+03 3.981551295833765658e-01
5.831200000000016189e+03 3.651131885048997661e-01
5.832000000000016371e+03 2.286536322207437522e-01
5.832800000000016553e+03 1.654940286574465014e-01
5.833600000000016735e+03 3.023993030732961551e-01
5.834400000000016917e+03 4.386527937723245785e-01
5.835200000000017099e+03 4.240181336182637928e-01
5.836000000000017280e+03 3.093826971896380673e-01
5.836800000000017462e+03 1.718102568055075996e-01
5.837600000000017644e+03 1.008847172159359346e-01
5.838400000000017826e+03 1.745869562412507570e-01
5.839200000000018008e+03 2.708929355787682569e-01
5.840000000000018190e+03 3.614197906963910190e-01
5.840800000000018372e+03 3.243368878339519257e-01
5.841600000000018554e+03 2.523033116937767328e-01
5.842400000000018736e+03 1.818547715084107008e-01
5.843200000000018917e+03 8.244401860862912712e-02
5.844000000000019099e+03 5.367314420345326020e-02
5.844800000000019281e+03 3.819345350260471006e-02
5.845600000000019463e+03 -5.647718164158190002e-02
5.846400000000019645e+03 -1.299905141041065026e-01
5.847200000000019827e+03 -8.574260894657859122e-02
5.848000000000020009e+03 1.158628532186989218e-01
5.848800000000020191e+03 2.689442244661014447e-01
5.849600000000020373e+03 2.348916660421994651e-01
5.850400000000020555e+03 1.049695975797616532e-01
5.851200000000020736e+03 1.562732664121624371e-02
5.852000000000020918e+03 5.565143736746422376e-03
5.852800000000021100e+03 6.769589552758467632e-02
5.853600000000021282e+03 2.202964838498513989e-02
5.854400000000021464e+03 -6.206619633335559716e-02
5.855200000000021646e+03 1.040211533581116288e-01
5.856000000000021828e+03 3.975276629730754019e-01
5.856800000000022010e+03 4.648142257939344435e-01
5.857600000000022192e+03 3.898889491360127413e-01
5.858400000000022374e+03 2.285696601458988564e-01
5.859200000000022555e+03 4.999158014441359987e-02
5.860000000000022737e+03 -5.399472402274242688e-02
5.860800000000022919e+03 -4.714965622811005674e-02
5.861600000000023101e+03 2.333307236348551583e-02
5.862400000000023283e+03 -5.112043588604777561e-02
5.863200000000023465e+03 -1.528007483182084458e-01
5.864000000000023647e+03 -4.426914848764813837e-02
5.864800000000023829e+03 2.438282552352921684e-01
5.865600000000024011e+03 4.239832301376144086e-01
5.866400000000024193e+03 4.171395436526043610e-01
5.867200000000024374e+03 3.667324953739554694e-01
5.868000000000024556e+03 2.516726505653742452e-01
5.868800000000024738e+03 1.144974180884299891e-01
5.869600000000024920e+03 2.356063530291208769e-02
5.870400000000025102e+03 -4.904433522526682743e-02
5.871200000000025284e+03 -6.717307171352063233e-02
5.872000000000025466e+03 -2.139338816905686502e-03
5.872800000000025648e+03 -2.568932548476120237e-02
5.873600000000025830e+03 -1.498218799812922608e-01
5.874400000000026012e+03 -3.964290612227142768e-02
5.875200000000026193e+03 3.221903097317719844e-01
5.876000000000026375e+03 5.506701282245993756e-01
5.876800000000026557e+03 4.920889689288708846e-01
5.877600000000026739e+03 4.095618214460559070e-01
5.878400000000026921e+03 3.119092853434245471e-01
5.879200000000027103e+03 9.214320768518631521e-02
5.880000000000027285e+03 -1.658230199046476505e-01
5.880800000000027467e+03 -2.123550598863119254e-01
5.881600000000027649e+03 1.806829906612691938e-02
5.882400000000027831e+03 1.091487175252990743e-01
5.883200000000028012e+03 1.484580126436473024e-02
5.884000000000028194e+03 9.635023800638034541e-02
5.884800000000028376e+03 2.951158447823180042e-01
5.885600000000028558e+03 3.953461231950657906e-01
5.886400000000028740e+03 3.026908438266135981e-01
5.887200000000028922e+03 9.792836057816091400e-02
5.888000000000029104e+03 7.608917692065761407e-02
5.888800000000029286e+03 2.515535727212902528e-01
5.889600000000029468e+03 3.934196724550441671e-01
5.890400000000029650e+03 3.437051086879218675e-01
5.891200000000029831e+03 3.397543865508921290e-01
5.892000000000030013e+03 4.397952893151597098e-01
5.892800000000030195e+03 4.840320673537001350e-01
5.893600000000030377e+03 2.860633812170313428e-01
5.894400000000030559e+03 3.680047724068635784e-02
5.895200000000030741e+03 -8.004221938155724192e-02
5.896000000000030923e+03 -6.703866113730255760e-02
5.896800000000031105e+03 6.952071135071544172e-02
5.897600000000031287e+03 2.853470664776670551e-01
5.898400000000031469e+03 4.344965412294876650e-01
5.899200000000031650e+03 4.929854051625295330e-01
5.900000000000031832e+03 5.299639056173697238e-01
5.900800000000032014e+03 4.973013256216611833e-01
5.901600000000032196e+03 3.920309751207160520e-01
5.902400000000032378e+03 3.021537757894425802e-01
5.903200000000032560e+03 3.628536471014189857e-01
5.904000000000032742e+03 4.375734912767829110e-01
5.904800000000032924e+03 3.137493611844983099e-01
5.905600000000033106e+03 1.853274198878615553e-01
5.906400000000033288e+03 2.633230382047308527e-01
5.907200000000033469e+03 2.481430714159198470e-01
5.908000000000033651e+03 5.750791416134679035e-02
5.908800000000033833e+03 -1.292534153705632016e-01
5.909600000000034015e+03 -6.419012116891043007e-02
5.910400000000034197e+03 1.426525964626620957e-01
5.911200000000034379e+03 1.850942196786494742e-01
5.912000000000034561e+03 1.856946292254344488e-01
5.912800000000034743e+03 2.067693794667851970e-01
5.913600000000034925e+03 1.387218588192968283e-01
5.914400000000035106e+03 5.153830638487288951e-03
5.915200000000035288e+03 3.810252731650944080e-02
5.916000000000035470e+03 1.423098503012588667e-01
5.916800000000035652e+03 1.444669433331662312e-01
5.917600000000035834e+03 8.332698637161391197e-02
5.918400000000036016e+03 8.944888534551113934e-02
5.919200000000036198e+03 1.286573169248536597e-01
5.920000000000036380e+03 1.080736737320149993e-01
5.920800000000036562e+03 -5.197058280350906612e-03
5.921600000000036744e+03 1.896321166302818162e-03
5.922400000000036925e+03 8.190372672785292685e-02
5.923200000000037107e+03 9.284054394932186871e-02
5.924000000000037289e+03 1.515498975093411416e-01
5.924800000000037471e+03 5.535518063174579839e-02
5.925600000000037653e+03 -1.312122079609348013e-01
5.926400000000037835e+03 -1.027627167977766681e-01
5.927200000000038017e+03 3.544078640270586361e-02
5.928000000000038199e+03 9.100622220548340580e-02
5.928800000000038381e+03 4.929440219040862742e-02
5.929600000000038563e+03 8.762426988071922440e-02
5.930400000000038744e+03 2.028388827577453923e-01
5.931200000000038926e+03 2.199286841883505983e-01
5.932000000000039108e+03 1.021335343742153928e-01
5.932800000000039290e+03 -1.220138702415889814e-02
5.933600000000039472e+03 -9.076823384348237100e-02
5.934400000000039654e+03 -5.646365267840025570e-02
5.935200000000039836e+03 1.995670041085771951e-01
5.936000000000040018e+03 4.615915053885172314e-01
5.936800000000040200e+03 5.709042523143069703e-01
5.937600000000040382e+03 5.122506035914975442e-01
5.938400000000040563e+03 3.073050400279271344e-01
5.939200000000040745e+03 9.584333028735332605e-02
5.940000000000040927e+03 -6.902073112263124033e-03
5.940800000000041109e+03 4.061977262874447159e-02
5.941600000000041291e+03 1.678050619848608371e-01
5.942400000000041473e+03 1.706064367339148735e-01
5.943200000000041655e+03 1.171478505799293524e-01
5.944000000000041837e+03 7.492460421398519643e-02
5.944800000000042019e+03 -2.205257955334735676e-02
5.945600000000042201e+03 -2.187894420800655382e-01
5.946400000000042382e+03 -2.892872216933661811e-01
5.947200000000042564e+03 -1.564030230544531386e-01
5.948000000000042746e+03 -2.676138835749731354e-02
5.948800000000042928e+03 -7.892268831017380804e-04
5.949600000000043110e+03 -9.022771620343303378e-02
5.950400000000043292e+03 -2.357074231922986485e-01
5.951200000000043474e+03 -2.592265394706788628e-01
5.952000000000043656e+03 -8.809326331844895275e-02
5.952800000000043838e+03 1.404676136811746356e-01
5.953600000000044020e+03 2.350523920722203397e-01
5.954400000000044201e+03 1.609008078685955356e-01
5.955200000000044383e+03 7.869518844394578216e-02
5.956000000000044565e+03 2.214470705199983458e-02
5.956800000000044747e+03 -1.477892599815622821e-01
5.957600000000044929e+03 -2.580528648647010259e-01
5.958400000000045111e+03 -2.202194386733980769e-01
5.959200000000045293e+03 -9.711733456678568743e-02
5.960000000000045475e+03 5.051188520985996216e-02
5.960800000000045657e+03 1.333884205841047166e-01
5.961600000000045839e+03 1.270866021878567786e-01
5.962400000000046020e+03 -3.768835283786756141e-04
5.963200000000046202e+03 -1.400935023247215916e-01
5.964000000000046384e+03 -1.370121736615165509e-01
5.964800000000046566e+03 4.726691279605141349e-02
5.965600000000046748e+03 2.242859259287336982e-01
5.966400000000046930e+03 3.824431025869821088e-01
5.967200000000047112e+03 5.306091839443183300e-01
5.968000000000047294e+03 5.890743267500733182e-01
5.968800000000047476e+03 5.501920366416159780e-01
5.969600000000047658e+03 3.006904336007095724e-01
5.970400000000047839e+03 4.393805148086711576e-02
5.971200000000048021e+03 5.377785524883070545e-02
5.972000000000048203e+03 1.045322360278194695e-01
5.972800000000048385e+03 1.225655858824518246e-01
5.973600000000048567e+03 1.330518431662421341e-01
5.974400000000048749e+03 1.155319607137275523e-01
5.975200000000048931e+03 1.791449524938513727e-01
5.976000000000049113e+03 1.520871061064429930e-01
5.976800000000049295e+03 8.672368704457200650e-02
5.977600000000049477e+03 1.800117994679041322e-01
5.978400000000049658e+03 2.753388379137230446e-01
5.979200000000049840e+03 1.554534743116249285e-01
5.980000000000050022e+03 -5.697061288227111414e-02
5.980800000000050204e+03 -1.356587176662312211e-01
5.981600000000050386e+03 -1.079806635774148704e-01
5.982400000000050568e+03 -8.865478716821428851e-02
5.983200000000050750e+03 -1.062521949496469248e-01
5.984000000000050932e+03 -3.592793648704024900e-02
5.984800000000051114e+03 1.347033663119696079e-01
5.985600000000051296e+03 4.190450022760642823e-01
5.986400000000051477e+03 5.792164307952254454e-01
5.987200000000051659e+03 3.981437112937993295e-01
5.988000000000051841e+03 1.463513379918993940e-01
5.988800000000052023e+03 4.062730921482483187e-02
5.989600000000052205e+03 8.162170980672975307e-02
5.990400000000052387e+03 5.432346494591566710e-02
5.991200000000052569e+03 -2.402135936034102692e-02
5.992000000000052751e+03 1.878947123180386702e-01
5.992800000000052933e+03 3.746932695528210067e-01
5.993600000000053114e+03 2.406595266754797957e-01
5.994400000000053296e+03 3.018855416498289132e-02
5.995200000000053478e+03 -3.712827974092471062e-02
5.996000000000053660e+03 9.943797383147090496e-02
5.996800000000053842e+03 3.131546994915300752e-01
5.997600000000054024e+03 2.093391341697085906e-01
5.998400000000054206e+03 -5.357788295083699970e-02
5.999200000000054388e+03 -1.403767135118620391e-01
6.000000000000054570e+03 -1.592608752587512944e-01
6.000800000000054752e+03 -1.729746724478157804e-01
6.001600000000054933e+03 -1.568935524292199013e-01
6.002400000000055115e+03 -1.186664488874260015e-01
6.003200000000055297e+03 -6.164134834563368692e-02
6.004000000000055479e+03 3.940080452731489075e-02
6.004800000000055661e+03 5.340642341047935338e-02
6.005600000000055843e+03 -1.899733993598118342e-02
6.006400000000056025e+03 1.522643479728268412e-01
6.007200000000056207e+03 3.943722918788189480e-01
6.008000000000056389e+03 4.370778539613202618e-01
6.008800000000056571e+03 3.934480538110778913e-01
6.009600000000056752e+03 3.184633644410541642e-01
6.010400000000056934e+03 2.701569308918290169e-01
6.011200000000057116e+03 2.850737464376093544e-01
6.012000000000057298e+03 2.223288654273187226e-01
6.012800000000057480e+03 -3.438989959537428615e-02
6.013600000000057662e+03 -1.905889427762701982e-01
6.014400000000057844e+03 -6.104772048864928052e-02
6.015200000000058026e+03 2.207407867895637144e-01
6.016000000000058208e+03 3.990909574290584239e-01
6.016800000000058390e+03 4.039210189689901309e-01
6.017600000000058571e+03 4.014841453390433634e-01
6.018400000000058753e+03 3.126118134729424236e-01
6.019200000000058935e+03 9.810812835461232839e-02
6.020000000000059117e+03 -7.158789673106076556e-03
6.020800000000059299e+03 7.498437782163591692e-02
6.021600000000059481e+03 1.987774105085682863e-01
6.022400000000059663e+03 3.124336761622755754e-01
6.023200000000059845e+03 3.857603679955872167e-01
6.024000000000060027e+03 3.162676536729977506e-01
6.024800000000060209e+03 2.109073375504301739e-01
6.025600000000060390e+03 3.249249427017685821e-01
6.026400000000060572e+03 4.008692037671115482e-01
6.027200000000060754e+03 3.115402608062458611e-01
6.028000000000060936e+03 2.533544042584568445e-01
6.028800000000061118e+03 2.248779744074190512e-01
6.029600000000061300e+03 2.221048026631424754e-01
6.030400000000061482e+03 2.155904743247153976e-01
6.031200000000061664e+03 1.645828203346722807e-01
6.032000000000061846e+03 2.463308840773820868e-02
6.032800000000062028e+03 -4.420611566020624106e-02
6.033600000000062209e+03 7.694182098942924097e-02
6.034400000000062391e+03 2.226221416620625670e-01
6.035200000000062573e+03 2.638334126587070783e-01
6.036000000000062755e+03 2.110330810488058317e-01
6.036800000000062937e+03 1.156092940326020058e-01
6.037600000000063119e+03 7.085496469430621613e-02
6.038400000000063301e+03 4.492869506427915605e-02
6.039200000000063483e+03 -3.965051145086728041e-02
6.040000000000063665e+03 -8.594313983009871372e-02
6.040800000000063847e+03 -2.298157167119476915e-02
6.041600000000064028e+03 6.566172257930807943e-02
6.042400000000064210e+03 8.122510935273234700e-02
6.043200000000064392e+03 1.797177953396386640e-02
6.044000000000064574e+03 -3.392894766890343361e-02
6.044800000000064756e+03 1.141428698744611191e-02
6.045600000000064938e+03 8.470321857839448187e-03
6.046400000000065120e+03 -9.332915831120386363e-02
6.047200000000065302e+03 -1.103750540342092745e-01
6.048000000000065484e+03 -3.920023903003250210e-03
6.048800000000065666e+03 1.261896248255446884e-01
6.049600000000065847e+03 1.709018188039503894e-01
6.050400000000066029e+03 1.179862934553120579e-01
6.051200000000066211e+03 6.089188983501847563e-02
6.052000000000066393e+03 7.437213424497073067e-02
6.052800000000066575e+03 1.296108237897244664e-01
6.053600000000066757e+03 1.845680906509776509e-01
6.054400000000066939e+03 2.036620767428524714e-01
6.055200000000067121e+03 2.213680660986221405e-01
6.056000000000067303e+03 9.777222637185323251e-02
6.056800000000067485e+03 -8.675297649584723381e-02
6.057600000000067666e+03 -1.400675454432168954e-01
6.058400000000067848e+03 -5.247674941401609533e-02
6.059200000000068030e+03 1.287798008603598388e-01
6.060000000000068212e+03 3.228837040603776964e-01
6.060800000000068394e+03 4.214957558475371791e-01
6.061600000000068576e+03 2.755892395442205989e-01
6.062400000000068758e+03 3.886556018760040782e-02
6.063200000000068940e+03 2.619092244091784927e-03
6.064000000000069122e+03 1.426183960125617656e-01
6.064800000000069303e+03 1.844599725247848543e-01
6.065600000000069485e+03 1.179139788855611826e-01
6.066400000000069667e+03 1.486640522626023475e-01
6.067200000000069849e+03 2.617416302243358306e-01
6.068000000000070031e+03 2.760345222898898943e-01
6.068800000000070213e+03 1.685004582687810726e-01
6.069600000000070395e+03 1.361283686252234282e-01
6.070400000000070577e+03 1.817096066657934716e-01
6.071200000000070759e+03 2.516640874173724507e-01
6.072000000000070941e+03 3.044791871137540462e-01
6.072800000000071122e+03 3.089867477395003004e-01
6.073600000000071304e+03 2.827644248777649860e-01
6.074400000000071486e+03 2.162038141200492425e-01
6.075200000000071668e+03 1.993372473730882222e-01
6.076000000000071850e+03 1.950540029740021331e-01
6.076800000000072032e+03 1.232524533658815591e-01
6.077600000000072214e+03 7.796719029990549499e-02
6.078400000000072396e+03 1.411405972085261751e-01
6.079200000000072578e+03 2.507395786970585405e-01
6.080000000000072760e+03 2.289752012628079036e-01
6.080800000000072941e+03 1.620341473921715625e-01
6.081600000000073123e+03 7.588240740609177026e-02
6.082400000000073305e+03 -3.274133665853944802e-02
6.083200000000073487e+03 -1.066189105840677359e-01
6.084000000000073669e+03 -4.709375676437602132e-02
6.084800000000073851e+03 6.779633787334661543e-02
6.085600000000074033e+03 1.865983782886615483e-01
6.086400000000074215e+03 3.861091760008050766e-01
6.087200000000074397e+03 5.265298810586536149e-01
6.088000000000074579e+03 3.853164077350657579e-01
6.088800000000074760e+03 4.360197019469834456e-02
6.089600000000074942e+03 -1.038668186706904056e-01
6.090400000000075124e+03 5.613072208720483458e-02
6.091200000000075306e+03 2.221917561336008151e-01
6.092000000000075488e+03 2.118819342612695833e-01
6.092800000000075670e+03 1.590265340949233164e-01
6.093600000000075852e+03 6.159759571619032731e-02
6.094400000000076034e+03 -7.040762244057006958e-02
6.095200000000076216e+03 -1.140315327988439958e-02
6.096000000000076398e+03 2.111269685904658688e-01
6.096800000000076579e+03 4.067692416158286139e-01
6.097600000000076761e+03 4.765026019830933546e-01
6.098400000000076943e+03 4.176003291845748477e-01
6.099200000000077125e+03 3.059169026661021640e-01
6.100000000000077307e+03 2.170282401478865753e-01
6.100800000000077489e+03 1.490493651526541841e-01
6.101600000000077671e+03 1.347325284728426165e-01
6.102400000000077853e+03 1.948770027174840935e-01
6.103200000000078035e+03 1.621190398424049717e-01
6.104000000000078217e+03 9.869422145851113048e-02
6.104800000000078398e+03 1.150455870119015955e-01
6.105600000000078580e+03 1.143897957804971555e-01
6.106400000000078762e+03 9.214461894335862491e-02
6.107200000000078944e+03 2.003741279909342088e-01
6.108000000000079126e+03 3.677405059268391008e-01
6.108800000000079308e+03 4.226085712299062491e-01
6.109600000000079490e+03 4.756788694886459057e-01
6.110400000000079672e+03 4.611082022550737625e-01
6.111200000000079854e+03 3.587333623675250105e-01
6.112000000000080036e+03 1.892166229751272577e-01
6.112800000000080217e+03 -3.024954626559715753e-02
6.113600000000080399e+03 -5.401457367147619038e-02
6.114400000000080581e+03 1.910952519721670351e-01
6.115200000000080763e+03 3.008026979841456616e-01
6.116000000000080945e+03 2.373998613446290373e-01
6.116800000000081127e+03 2.923551374652389456e-01
6.117600000000081309e+03 3.891538442522606278e-01
6.118400000000081491e+03 3.678233726802185855e-01
6.119200000000081673e+03 2.341396646015643512e-01
6.120000000000081855e+03 1.449447550828641684e-01
6.120800000000082036e+03 1.176623823669619012e-01
6.121600000000082218e+03 1.341884126284402790e-01
6.122400000000082400e+03 2.294904546568283799e-01
6.123200000000082582e+03 3.556742790345468475e-01
6.124000000000082764e+03 3.717108551230524083e-01
6.124800000000082946e+03 2.031443947670890093e-01
6.125600000000083128e+03 8.312417730664371784e-02
6.126400000000083310e+03 1.541009526701444809e-01
6.127200000000083492e+03 3.128748681275664856e-01
6.128000000000083674e+03 3.696460568581094175e-01
6.128800000000083855e+03 2.293519125299177674e-01
6.129600000000084037e+03 1.870014332380752209e-01
6.130400000000084219e+03 2.823387104558764404e-01
6.131200000000084401e+03 2.070500535995354885e-01
6.132000000000084583e+03 1.256739467536112376e-02
6.132800000000084765e+03 -4.933113901394463319e-02
6.133600000000084947e+03 -5.222777294055843539e-02
6.134400000000085129e+03 -8.514578742261276478e-02
6.135200000000085311e+03 -7.855326735878284672e-03
6.136000000000085493e+03 1.892243750217222908e-01
6.136800000000085674e+03 2.358187508602418991e-01
6.137600000000085856e+03 1.283729624228720501e-01
6.138400000000086038e+03 7.401892861586580052e-02
6.139200000000086220e+03 7.501050869847324110e-02
6.140000000000086402e+03 1.080092237019724122e-01
6.140800000000086584e+03 1.794156004853453279e-01
6.141600000000086766e+03 3.270074799067804183e-01
6.142400000000086948e+03 4.091215158745744040e-01
6.143200000000087130e+03 3.139453046289351068e-01
6.144000000000087311e+03 6.599148428441435621e-02
6.144800000000087493e+03 -1.233816512825106210e-01
6.145600000000087675e+03 -1.132476157188105209e-01
6.146400000000087857e+03 -8.058957369833849582e-04
6.147200000000088039e+03 -1.514476517915577108e-02
6.148000000000088221e+03 -1.399041603419751700e-01
6.148800000000088403e+03 -1.723168176119547479e-01
6.149600000000088585e+03 -9.949630201146909825e-02
6.150400000000088767e+03 6.105276467041745314e-02
6.151200000000088949e+03 1.108945128386724377e-01
6.152000000000089130e+03 -2.945358264407703375e-02
6.152800000000089312e+03 6.284590578112547732e-02
6.153600000000089494e+03 3.688848549170422042e-01
6.154400000000089676e+03 5.038929081344657446e-01
6.155200000000089858e+03 4.432165789859925376e-01
6.156000000000090040e+03 2.869833757739965185e-01
6.156800000000090222e+03 9.709080329872069037e-02
6.157600000000090404e+03 -5.756260171361085587e-02
6.158400000000090586e+03 -8.304284034452610874e-02
6.159200000000090768e+03 7.516995643873912447e-02
6.160000000000090949e+03 2.016498502857565489e-01
6.160800000000091131e+03 1.771775126858470273e-01
6.161600000000091313e+03 8.765680237902759298e-02
6.162400000000091495e+03 8.727556486962533694e-03
6.163200000000091677e+03 -2.920586647135762701e-02
6.164000000000091859e+03 -7.003891362902327916e-03
6.164800000000092041e+03 4.065833449677888622e-02
6.165600000000092223e+03 6.777340633718993701e-02
6.166400000000092405e+03 7.359724721842905715e-02
6.167200000000092587e+03 1.739786760935015109e-01
6.168000000000092768e+03 3.642512539800658034e-01
6.168800000000092950e+03 3.214355028696299632e-01
6.169600000000093132e+03 1.301770959942514239e-01
6.170400000000093314e+03 1.065262859740906815e-01
6.171200000000093496e+03 1.707221601073435069e-01
6.172000000000093678e+03 1.413291326414947147e-01
6.172800000000093860e+03 1.780825222328238089e-01
6.173600000000094042e+03 2.428322663615844756e-01
6.174400000000094224e+03 1.839951444108151035e-01
6.175200000000094406e+03 4.651702193882095021e-02
6.176000000000094587e+03 -1.375185821475774159e-02
6.176800000000094769e+03 3.093623367508495023e-02
6.177600000000094951e+03 1.210476050756418148e-01
6.178400000000095133e+03 1.488859506722288173e-01
6.179200000000095315e+03 9.074809711402237467e-02
6.180000000000095497e+03 1.598638805394936024e-01
6.180800000000095679e+03 2.947595168488121864e-01
6.181600000000095861e+03 3.210494287563835369e-01
6.182400000000096043e+03 2.538142795605360380e-01
6.183200000000096225e+03 1.724096229770857303e-01
6.184000000000096406e+03 1.157687115707625308e-01
6.184800000000096588e+03 3.812034259281491672e-02
6.185600000000096770e+03 8.176817049881544494e-03
6.186400000000096952e+03 4.629360453047881574e-02
6.187200000000097134e+03 7.850307108590512395e-02
6.188000000000097316e+03 1.270768507122908841e-01
6.188800000000097498e+03 2.400471453977892633e-01
6.189600000000097680e+03 2.497384378179637876e-01
6.190400000000097862e+03 1.259232756077504067e-01
6.191200000000098044e+03 3.085285949780709053e-02
6.192000000000098225e+03 -7.791181098432181651e-02
6.192800000000098407e+03 -1.277631013150381800e-01
6.193600000000098589e+03 -4.209420945588716878e-02
6.194400000000098771e+03 2.731197827393659627e-02
6.195200000000098953e+03 8.539262993471384566e-02
6.196000000000099135e+03 1.937131928094781852e-01
6.196800000000099317e+03 1.130705870270250907e-01
6.197600000000099499e+03 -3.772399605894127816e-02
6.198400000000099681e+03 -4.733002888985021750e-02
6.199200000000099863e+03 -7.707692068300103783e-02
6.200000000000100044e+03 -2.241129785801656005e-01
6.200800000000100226e+03 -2.339158777288268265e-01
6.201600000000100408e+03 -7.055215202400350050e-02
6.202400000000100590e+03 -2.736431918779102385e-02
6.203200000000100772e+03 -9.814010326408502405e-02
6.204000000000100954e+03 -6.332858450662776084e-02
6.204800000000101136e+03 4.412517575510811751e-02
6.205600000000101318e+03 6.363144212783047871e-02
6.206400000000101500e+03 -3.117265651158693252e-02
6.207200000000101682e+03 -4.374546016806882265e-03
6.208000000000101863e+03 1.812947013297299959e-01
6.208800000000102045e+03 2.312472701273057540e-01
6.209600000000102227e+03 1.157352514473532629e-01
6.210400000000102409e+03 2.884999611739866299e-03
6.211200000000102591e+03 4.813006572770443803e-02
6.212000000000102773e+03 1.754718993340227406e-01
6.212800000000102955e+03 1.802234325455476516e-01
6.213600000000103137e+03 8.260890903772381832e-02
6.214400000000103319e+03 3.106297597000826777e-02
6.215200000000103500e+03 4.832801531289733499e-02
6.216000000000103682e+03 1.659734988486004370e-01
6.216800000000103864e+03 2.939642324404176388e-01
6.217600000000104046e+03 2.526545956013505623e-01
6.218400000000104228e+03 2.250245526013465447e-02
6.219200000000104410e+03 -1.625923967539272263e-01
6.220000000000104592e+03 -2.093330892571895196e-01
6.220800000000104774e+03 -1.657588836183992165e-01
6.221600000000104956e+03 -5.197898621421503940e-02
6.222400000000105138e+03 1.435855044770139866e-01
6.223200000000105319e+03 3.064698842131878265e-01
6.224000000000105501e+03 4.192349744466986050e-01
6.224800000000105683e+03 4.395950660573711422e-01
6.225600000000105865e+03 3.901901542861358485e-01
6.226400000000106047e+03 3.351882145453112249e-01
6.227200000000106229e+03 3.268694943885677717e-01
6.228000000000106411e+03 3.181773736489305615e-01
6.228800000000106593e+03 1.606169913786070214e-01
6.229600000000106775e+03 -1.954186492681685497e-02
6.230400000000106957e+03 -8.184485553145728898e-03
6.231200000000107138e+03 1.531943634336968285e-01
6.232000000000107320e+03 2.202243899726910037e-01
6.232800000000107502e+03 1.932916691109967111e-01
6.233600000000107684e+03 2.165764318790975862e-01
6.234400000000107866e+03 3.476851714495829415e-01
6.235200000000108048e+03 4.215691323582974048e-01
6.236000000000108230e+03 2.458715124132100083e-01
6.236800000000108412e+03 1.265503589104002569e-01
6.237600000000108594e+03 2.677510730065242872e-01
6.238400000000108776e+03 3.959820144965792155e-01
6.239200000000108957e+03 3.738763774007105578e-01
6.240000000000109139e+03 3.132324600791700497e-01
6.240800000000109321e+03 3.404904571251121115e-01
6.241600000000109503e+03 3.188778258736386650e-01
6.242400000000109685e+03 1.656261594587309927e-01
6.243200000000109867e+03 4.926281950920689129e-02
6.244000000000110049e+03 1.097960308139068336e-01
6.244800000000110231e+03 2.341704324136113513e-01
6.245600000000110413e+03 2.447041257475497666e-01
6.246400000000110595e+03 1.733926497809206713e-01
6.247200000000110776e+03 2.107122388931864099e-01
6.248000000000110958e+03 3.354630266251068527e-01
6.248800000000111140e+03 3.873179300213976384e-01
6.249600000000111322e+03 2.418249789708769582e-01
6.250400000000111504e+03 1.750641309284790281e-01
6.251200000000111686e+03 3.075049924539883794e-01
6.252000000000111868e+03 3.951961973388278260e-01
6.252800000000112050e+03 3.489595576598650273e-01
6.253600000000112232e+03 2.924132564113507415e-01
6.254400000000112414e+03 2.458134292205281790e-01
6.255200000000112595e+03 1.987029055564885072e-01
6.256000000000112777e+03 2.422600606951665902e-01
6.256800000000112959e+03 1.985082615645182846e-01
6.257600000000113141e+03 6.880509412922120038e-02
6.258400000000113323e+03 -5.484114730691250911e-02
6.259200000000113505e+03 -9.877981736812788127e-02
6.260000000000113687e+03 6.015945628726805661e-02
6.260800000000113869e+03 2.726475349428454931e-01
6.261600000000114051e+03 2.280770266153098746e-01
6.262400000000114233e+03 1.378941853740016377e-01
6.263200000000114414e+03 1.150605741089196360e-01
6.264000000000114596e+03 8.838631252937820260e-02
6.264800000000114778e+03 3.681846923333986776e-02
6.265600000000114960e+03 5.745433508896753694e-02
6.266400000000115142e+03 2.113955436792296361e-01
6.267200000000115324e+03 2.082036093205679728e-01
6.268000000000115506e+03 5.083544423744436325e-02
6.268800000000115688e+03 3.522005645352280223e-03
6.269600000000115870e+03 1.095411035875921424e-01
6.270400000000116052e+03 2.095340948862425834e-01
6.271200000000116233e+03 2.340376774362907253e-01
6.272000000000116415e+03 1.207783562706556818e-01
6.272800000000116597e+03 5.303075295436195796e-02
6.273600000000116779e+03 1.444698490709178107e-01
6.274400000000116961e+03 2.360007670904382404e-01
6.275200000000117143e+03 1.351662327397638030e-01
6.276000000000117325e+03 -1.704922646330331261e-03
6.276800000000117507e+03 -1.463664332577407565e-02
6.277600000000117689e+03 8.590203729648959730e-02
6.278400000000117871e+03 1.760915230699010292e-01
6.279200000000118052e+03 1.022454079434885199e-01
6.280000000000118234e+03 1.584110419250678303e-02
6.280800000000118416e+03 9.511698369642627993e-02
6.281600000000118598e+03 1.606859502882201363e-01
6.282400000000118780e+03 9.389697934111454480e-02
6.283200000000118962e+03 9.624064256496321634e-02
6.284000000000119144e+03 8.863235643165230659e-02
6.284800000000119326e+03 2.675968686308467098e-02
6.285600000000119508e+03 6.976367263023603577e-03
6.286400000000119690e+03 -3.070412743993375382e-02
6.287200000000119871e+03 -4.523388486143928300e-02
6.288000000000120053e+03 6.880234227323032969e-02
6.288800000000120235e+03 1.970332461285115855e-01
6.289600000000120417e+03 3.292397526113383099e-01
6.290400000000120599e+03 3.953731586327270953e-01
6.291200000000120781e+03 2.899043033587730966e-01
6.292000000000120963e+03 9.070066782448350795e-02
6.292800000000121145e+03 -2.701895372819868718e-02
6.293600000000121327e+03 -2.273530523753526655e-02
6.294400000000121508e+03 6.902944551878857637e-02
6.295200000000121690e+03 1.764806425267025913e-01
6.296000000000121872e+03 1.682968953526517153e-01
6.296800000000122054e+03 8.449528895869401479e-02
6.297600000000122236e+03 8.481688488716049301e-02
6.298400000000122418e+03 2.599579139257757188e-01
6.299200000000122600e+03 3.802524634283936944e-01
6.300000000000122782e+03 2.542364357232299032e-01
6.300800000000122964e+03 1.557796132727793381e-01
6.301600000000123146e+03 1.951047341192027607e-01
6.302400000000123327e+03 1.949021775494124142e-01
6.303200000000123509e+03 4.273530034942663036e-02
6.304000000000123691e+03 -1.406828856088580826e-01
6.304800000000123873e+03 -4.536949428541815765e-02
6.305600000000124055e+03 2.006844848977627771e-01
6.306400000000124237e+03 3.731117605114537272e-01
6.307200000000124419e+03 4.221535975995560075e-01
6.308000000000124601e+03 4.686031251236650874e-01
6.308800000000124783e+03 5.420772862447436058e-01
6.309600000000124965e+03 4.085364390170893589e-01
6.310400000000125146e+03 2.209672447294593889e-01
6.311200000000125328e+03 2.288808858048045625e-01
6.312000000000125510e+03 3.022975840268602998e-01
6.312800000000125692e+03 3.113891032187915409e-01
6.313600000000125874e+03 2.416129575817023700e-01
6.314400000000126056e+03 1.050557669912106640e-01
6.315200000000126238e+03 -8.755392112486583278e-03
6.316000000000126420e+03 -2.027634932303288423e-02
6.316800000000126602e+03 3.462209879840710824e-02
6.317600000000126784e+03 4.624605859731885371e-02
6.318400000000126965e+03 5.213818341219768338e-02
6.319200000000127147e+03 8.950693811626830865e-02
6.320000000000127329e+03 1.931137511256171835e-01
6.320800000000127511e+03 2.497581800693348675e-01
6.321600000000127693e+03 1.777097289171319094e-01
6.322400000000127875e+03 1.938381391640031648e-01
6.323200000000128057e+03 2.325696055942983176e-01
6.324000000000128239e+03 1.491625305555670800e-01
6.324800000000128421e+03 1.140609121340763615e-01
6.325600000000128603e+03 1.858532220535816792e-01
6.326400000000128784e+03 1.974848380943292347e-01
6.327200000000128966e+03 1.687572321990969126e-01
6.328000000000129148e+03 2.269679386527087561e-01
6.328800000000129330e+03 1.677569721042496687e-01
6.329600000000129512e+03 3.071043151070783350e-02
6.330400000000129694e+03 -2.548798587813143335e-02
6.331200000000129876e+03 1.340828066429852750e-01
6.332000000000130058e+03 4.965135350828403515e-01
6.332800000000130240e+03 5.998687200798284991e-01
6.333600000000130422e+03 3.231705998187754947e-01
6.334400000000130603e+03 1.040435419055495136e-01
6.335200000000130785e+03 1.153818935822061992e-01
6.336000000000130967e+03 2.121988462995806346e-01
6.336800000000131149e+03 2.225365537148590867e-01
6.337600000000131331e+03 1.934927675325120999e-01
6.338400000000131513e+03 1.651818241604613435e-01
6.339200000000131695e+03 1.107532354591002077e-01
6.340000000000131877e+03 1.157822591796622697e-01
6.340800000000132059e+03 2.141263378215905178e-01
6.341600000000132241e+03 3.439496615837853710e-01
6.342400000000132422e+03 2.808591246294669941e-01
6.343200000000132604e+03 1.922125389101662085e-01
6.344000000000132786e+03 9.695394304764265447e-02
6.344800000000132968e+03 -2.671641770787216985e-02
6.345600000000133150e+03 -3.554743076382643752e-02
6.346400000000133332e+03 2.000513121191219157e-03
6.347200000000133514e+03 -4.518934851420581406e-02
6.348000000000133696e+03 -1.896562016025654662e-02
6.348800000000133878e+03 1.120110875353104163e-01
6.349600000000134060e+03 1.971249544840413814e-01
6.350400000000134241e+03 3.018739129391340148e-01
6.351200000000134423e+03 4.063531193047894008e-01
6.352000000000134605e+03 3.293540256543383560e-01
6.352800000000134787e+03 1.839669080182000926e-01
6.353600000000134969e+03 2.202694075767473447e-01
6.354400000000135151e+03 3.584926364119025433e-01
6.355200000000135333e+03 3.850431471071236733e-01
6.356000000000135515e+03 3.225489619880501646e-01
6.356800000000135697e+03 2.831792642527397597e-01
6.357600000000135879e+03 2.010292865435762688e-01
6.358400000000136060e+03 1.581835689650443189e-01
6.359200000000136242e+03 2.431393872773219555e-01
6.360000000000136424e+03 2.888464158483287081e-01
6.360800000000136606e+03 1.605535412621999780e-01
6.361600000000136788e+03 7.328356151658300954e-02
6.362400000000136970e+03 1.164866959562795151e-01
6.363200000000137152e+03 1.612030181091346770e-01
6.364000000000137334e+03 4.072697078924522596e-02
6.364800000000137516e+03 -1.754973287967009354e-01
6.365600000000137697e+03 -2.307913639320394728e-01
6.366400000000137879e+03 -1.362125074227859833e-01
6.367200000000138061e+03 -4.045631910718779090e-02
6.368000000000138243e+03 -1.400578180707189035e-02
6.368800000000138425e+03 7.760690834240727143e-02
6.369600000000138607e+03 1.572216744348285122e-01
6.370400000000138789e+03 1.090210502385889346e-01
6.371200000000138971e+03 3.774679338005691026e-02
6.372000000000139153e+03 2.100238627686464368e-02
6.372800000000139335e+03 6.000349905659990712e-02
6.373600000000139516e+03 1.768690601745300517e-01
6.374400000000139698e+03 3.110630919838405783e-01
6.375200000000139880e+03 3.557825575051170031e-01
6.376000000000140062e+03 2.954945810170371834e-01
6.376800000000140244e+03 1.613312130061771710e-01
6.377600000000140426e+03 1.181947084682934135e-02
6.378400000000140608e+03 3.825685085434023247e-02
6.379200000000140790e+03 1.911488472819199425e-01
6.380000000000140972e+03 3.165619966736359925e-01
6.380800000000141154e+03 2.668376082496498047e-01
6.381600000000141335e+03 1.135037221525935502e-01
6.382400000000141517e+03 9.338177459267876790e-02
6.383200000000141699e+03 2.537035092429771876e-01
6.384000000000141881e+03 3.480654601895344369e-01
6.384800000000142063e+03 2.201859848251589979e-01
6.385600000000142245e+03 6.110433958096904428e-02
6.386400000000142427e+03 -5.579260312777644532e-02
6.387200000000142609e+03 4.863336098138271169e-03
6.388000000000142791e+03 2.025237242535334325e-01
6.388800000000142973e+03 1.709213450397202849e-01
6.389600000000143154e+03 6.244224776168913471e-02
6.390400000000143336e+03 1.065229697264732794e-01
6.391200000000143518e+03 6.203028967011554873e-02
6.392000000000143700e+03 -2.867592707342055125e-02
6.392800000000143882e+03 -6.101369623265656683e-03
6.393600000000144064e+03 2.143325186553814155e-02
6.394400000000144246e+03 8.234812481496972536e-02
6.395200000000144428e+03 2.517690463412189383e-01
6.396000000000144610e+03 3.468342484446053642e-01
6.396800000000144792e+03 2.846721091120025804e-01
6.397600000000144973e+03 2.541073250928695959e-01
6.398400000000145155e+03 2.095272715324719148e-01
6.399200000000145337e+03 1.628737011847070648e-01
6.400000000000145519e+03 2.579824586243849582e-01
6.400800000000145701e+03 3.218178571899532603e-01
6.401600000000145883e+03 2.105225260574717094e-01
6.402400000000146065e+03 1.450382767518306193e-01
6.403200000000146247e+03 2.305794716487722384e-01
6.404000000000146429e+03 3.173054875268714325e-01
6.404800000000146611e+03 3.431627108325384645e-01
6.405600000000146792e+03 3.142127679199937518e-01
6.406400000000146974e+03 1.183795623474567515e-01
6.407200000000147156e+03 -4.040480003001480080e-02
6.408000000000147338e+03 7.101812572374961718e-02
6.408800000000147520e+03 3.390026150021550055e-01
6.409600000000147702e+03 4.897273431006774480e-01
6.410400000000147884e+03 4.804307568152402785e-01
6.411200000000148066e+03 3.182730379054546921e-01
6.412000000000148248e+03 4.984239294502389173e-02
6.412800000000148430e+03 -1.127324518254312347e-01
6.413600000000148611e+03 -1.323899506521754033e-01
6.414400000000148793e+03 -7.382223494635709038e-02
6.415200000000148975e+03 4.744436591950595972e-02
6.416000000000149157e+03 8.984417970646355056e-02
6.416800000000149339e+03 3.541064750355760182e-03
6.417600000000149521e+03 -3.916440175963313564e-03
6.418400000000149703e+03 2.243515046162754961e-02
6.419200000000149885e+03 5.192493072179787950e-02
6.420000000000150067e+03 1.516225804050652937e-01
6.420800000000150249e+03 2.572500831267843235e-01
6.421600000000150430e+03 3.513737556816892704e-01
6.422400000000150612e+03 3.198450510806377656e-01
6.423200000000150794e+03 1.442706011125175491e-01
6.424000000000150976e+03 -3.275470425268633967e-02
6.424800000000151158e+03 -1.600356116298426445e-01
6.425600000000151340e+03 -1.715313326216424128e-01
6.426400000000151522e+03 2.553911153567337694e-02
6.427200000000151704e+03 2.812333627794667557e-01
6.428000000000151886e+03 3.227239314031563611e-01
6.428800000000152068e+03 1.941330759775929948e-01
6.429600000000152249e+03 4.510946462624846470e-02
6.430400000000152431e+03 3.688235817364486635e-03
6.431200000000152613e+03 6.672509743534292548e-02
6.432000000000152795e+03 1.248768305199864370e-01
6.432800000000152977e+03 1.505247726797220575e-01
6.433600000000153159e+03 1.207595390253076439e-01
6.434400000000153341e+03 6.148433518859894309e-02
6.435200000000153523e+03 1.423467992487006395e-01
6.436000000000153705e+03 2.334427730645162180e-01
6.436800000000153887e+03 2.322318739363500861e-01
6.437600000000154068e+03 1.953570421421927938e-01
6.438400000000154250e+03 1.474311365189043543e-01
6.439200000000154432e+03 5.359366495360149557e-02
6.440000000000154614e+03 2.631299011643643826e-02
6.440800000000154796e+03 7.164931261269991136e-02
6.441600000000154978e+03 1.275821174035599026e-01
6.442400000000155160e+03 2.091404070886394018e-01
6.443200000000155342e+03 2.784499337269205066e-01
6.444000000000155524e+03 2.915105387019564231e-01
6.444800000000155705e+03 2.155678166390413431e-01
6.445600000000155887e+03 1.430475376669813337e-01
6.446400000000156069e+03 1.708156515893331229e-01
6.447200000000156251e+03 1.584294555147023886e-01
6.448000000000156433e+03 8.130288636190487195e-02
6.448800000000156615e+03 7.714465802455740262e-02
6.449600000000156797e+03 1.001501689312277732e-01
6.450400000000156979e+03 5.827273126230470002e-02
6.451200000000157161e+03 5.827869868812939058e-02
6.452000000000157343e+03 2.531567694783500022e-02
6.452800000000157524e+03 -8.991727770169107015e-02
6.453600000000157706e+03 -3.418877243057863446e-02
6.454400000000157888e+03 6.628289937702447343e-02
6.455200000000158070e+03 -3.994446951445052713e-02
6.456000000000158252e+03 -1.392694579273943689e-01
6.456800000000158434e+03 -1.109428372093073933e-01
6.457600000000158616e+03 -8.067154439756216155e-02
6.458400000000158798e+03 3.439344844607984675e-04
6.459200000000158980e+03 1.792749123393073685e-01
6.460000000000159162e+03 3.358703054863425574e-01
6.460800000000159343e+03 3.686020463721561002e-01
6.461600000000159525e+03 3.487409321903336412e-01
6.462400000000159707e+03 4.167229706673221123e-01
6.463200000000159889e+03 4.354908017789472785e-01
6.464000000000160071e+03 3.362639501055678659e-01
6.464800000000160253e+03 2.151900137905169430e-01
6.465600000000160435e+03 1.728098783985523024e-01
6.466400000000160617e+03 1.388981264174378727e-01
6.467200000000160799e+03 -6.120724869528831880e-03
6.468000000000160981e+03 1.884050002626938558e-02
6.468800000000161162e+03 2.298496157147669472e-01
6.469600000000161344e+03 2.898763518695085528e-01
6.470400000000161526e+03 1.967388972609821207e-01
6.471200000000161708e+03 1.469947523119429222e-01
6.472000000000161890e+03 2.083694261647118795e-01
6.472800000000162072e+03 2.814871384981810221e-01
6.473600000000162254e+03 2.422927616934106299e-01
6.474400000000162436e+03 2.573668516565305597e-01
6.475200000000162618e+03 2.837965044391785874e-01
6.476000000000162800e+03 3.101865171986302183e-01
6.476800000000162981e+03 3.457675100986854488e-01
6.477600000000163163e+03 2.538974629880527134e-01
6.478400000000163345e+03 2.762614377079180769e-02
6.479200000000163527e+03 -1.332562512238963937e-01
6.480000000000163709e+03 -1.002387536690378389e-01
6.480800000000163891e+03 1.906387871749105900e-03
6.481600000000164073e+03 1.384138529047330146e-01
6.482400000000164255e+03 2.637772683474494673e-01
6.483200000000164437e+03 3.577616449311568081e-01
6.484000000000164619e+03 4.522995693279385776e-01
6.484800000000164800e+03 4.157901580121144969e-01
6.485600000000164982e+03 1.607354753226509503e-01
6.486400000000165164e+03 1.555269823668865847e-02
6.487200000000165346e+03 5.561458568762682464e-02
6.488000000000165528e+03 1.240813859307784983e-01
6.488800000000165710e+03 1.578669419177934630e-01
6.489600000000165892e+03 1.200124456416654106e-01
6.490400000000166074e+03 2.542485973012385825e-02
6.491200000000166256e+03 1.781682546753122348e-02
6.492000000000166438e+03 1.190129135021539275e-01
6.492800000000166619e+03 1.385035309605117670e-01
6.493600000000166801e+03 7.744228854493996617e-02
6.494400000000166983e+03 1.030921844567841139e-01
6.495200000000167165e+03 1.927151701797156502e-01
6.496000000000167347e+03 1.833993695413134450e-01
6.496800000000167529e+03 6.338346121480803452e-02
6.497600000000167711e+03 5.337143804705760802e-02
6.498400000000167893e+03 1.416629844232729640e-01
6.499200000000168075e+03 1.505151935588433521e-01
6.500000000000168257e+03 -1.945999394163148988e-02
6.500800000000168438e+03 -8.919384948766957699e-02
6.501600000000168620e+03 -9.345063515192181258e-03
6.502400000000168802e+03 -3.896836161628280948e-02
6.503200000000168984e+03 -1.690340504365540203e-02
6.504000000000169166e+03 1.429208003382053949e-01
6.504800000000169348e+03 2.304010019659874786e-01
6.505600000000169530e+03 1.086047291307121604e-01
6.506400000000169712e+03 6.397508490221630317e-02
6.507200000000169894e+03 1.787531043171104450e-01
6.508000000000170076e+03 3.029388139148775361e-01
6.508800000000170257e+03 2.903366595796911254e-01
6.509600000000170439e+03 1.913406848192611698e-01
6.510400000000170621e+03 1.046313019888683304e-01
6.511200000000170803e+03 -2.096103002070503346e-02
6.512000000000170985e+03 -1.019531069212651631e-01
6.512800000000171167e+03 -8.047474333554147097e-02
6.513600000000171349e+03 -5.659711300852329763e-02
6.514400000000171531e+03 -2.223803510858897436e-02
6.515200000000171713e+03 -2.828672399495173184e-02
6.516000000000171894e+03 -7.973520855402915775e-02
6.516800000000172076e+03 -4.786830068602758448e-02
6.517600000000172258e+03 4.500075499327356454e-02
6.518400000000172440e+03 6.696090605782402394e-02
6.519200000000172622e+03 5.809875584828212008e-02
6.520000000000172804e+03 1.869568862670235865e-02
6.520800000000172986e+03 -2.103916915777345742e-02
6.521600000000173168e+03 6.614920675263817607e-02
6.522400000000173350e+03 1.164824589454448722e-01
6.523200000000173532e+03 1.495843855771251119e-01
6.524000000000173713e+03 2.567535042824705682e-01
6.524800000000173895e+03 2.692845149824605322e-01
6.525600000000174077e+03 1.676752446067597546e-01
6.526400000000174259e+03 1.429867764368039085e-01
6.527200000000174441e+03 1.775956252358449339e-01
6.528000000000174623e+03 1.599196255307061276e-01
6.528800000000174805e+03 1.267115510641550757e-01
6.529600000000174987e+03 1.024395201100408992e-01
6.530400000000175169e+03 4.607173099446959519e-02
6.531200000000175351e+03 5.728409596305392842e-02
6.532000000000175532e+03 1.006654038173989546e-01
6.532800000000175714e+03 1.752204669220375211e-01
6.533600000000175896e+03 2.946215696427435526e-01
6.534400000000176078e+03 3.745376723116191631e-01
6.535200000000176260e+03 2.954103563995546522e-01
6.536000000000176442e+03 1.793787124275266764e-01
6.536800000000176624e+03 1.158039982384683614e-01
6.537600000000176806e+03 8.697902038804568303e-02
6.538400000000176988e+03 1.525550824501787361e-01
6.539200000000177170e+03 2.017835851796557500e-01
6.540000000000177351e+03 1.589995146978128715e-01
6.540800000000177533e+03 9.249152724011974747e-02
6.541600000000177715e+03 1.083339672676398024e-01
6.542400000000177897e+03 2.066958532900765588e-01
6.543200000000178079e+03 2.582309458250752754e-01
6.544000000000178261e+03 2.177824669130340174e-01
6.544800000000178443e+03 1.331525456421636111e-01
6.545600000000178625e+03 6.306368104356448179e-02
6.546400000000178807e+03 3.999814862195659459e-03
6.547200000000178989e+03 1.762489689498096535e-03
6.548000000000179170e+03 1.258734881340904110e-01
6.548800000000179352e+03 2.489960820320858692e-01
6.549600000000179534e+03 9.136790837801490872e-02
6.550400000000179716e+03 -1.257604791688352042e-01
6.551200000000179898e+03 -1.704141492096255817e-01
6.552000000000180080e+03 -6.305849842656210957e-02
6.552800000000180262e+03 1.921341232399512711e-01
6.553600000000180444e+03 3.379632566177031006e-01
6.554400000000180626e+03 2.599283643223641027e-01
6.555200000000180808e+03 2.431717488261916360e-01
6.556000000000180989e+03 3.942597958826891125e-01
6.556800000000181171e+03 3.683217146885223725e-01
6.557600000000181353e+03 2.145925462691434804e-01
6.558400000000181535e+03 2.072049979223005156e-01
6.559200000000181717e+03 2.497180762466316428e-01
6.560000000000181899e+03 1.651854009639772414e-01
6.560800000000182081e+03 2.714157759882809828e-02
6.561600000000182263e+03 1.188688456523875892e-02
6.562400000000182445e+03 1.835591858660817477e-01
6.563200000000182627e+03 2.777407237431596121e-01
6.564000000000182808e+03 2.914628849491912033e-01
6.564800000000182990e+03 3.392811529151782413e-01
6.565600000000183172e+03 2.943445194114512886e-01
6.566400000000183354e+03 1.482902333615313539e-01
6.567200000000183536e+03 -2.101735015853797850e-03
6.568000000000183718e+03 -9.557775432809431648e-02
6.568800000000183900e+03 -1.298269170332259081e-01
6.569600000000184082e+03 -7.111685032168266196e-02
6.570400000000184264e+03 -7.537766649399993413e-02
6.571200000000184446e+03 -1.030129754484389176e-01
6.572000000000184627e+03 -6.281724340568602127e-02
6.572800000000184809e+03 2.029853346755823573e-02
6.573600000000184991e+03 2.319049412926199039e-01
6.574400000000185173e+03 4.084143777474759096e-01
6.575200000000185355e+03 3.628209680301860418e-01
6.576000000000185537e+03 2.170944391033417520e-01
6.576800000000185719e+03 1.391140467526232882e-01
6.577600000000185901e+03 1.145117478281346690e-01
6.578400000000186083e+03 1.569245491521599201e-01
6.579200000000186265e+03 2.138451742759785168e-01
6.580000000000186446e+03 1.659018737622649509e-01
6.580800000000186628e+03 1.115548089270366056e-01
6.581600000000186810e+03 1.127812624004670555e-01
6.582400000000186992e+03 1.695751445209746633e-01
6.583200000000187174e+03 1.832586549552630562e-01
6.584000000000187356e+03 1.041627058651707627e-02
6.584800000000187538e+03 -2.438817263366980237e-01
6.585600000000187720e+03 -2.596505831414911425e-01
6.586400000000187902e+03 -5.509579466329372899e-02
6.587200000000188084e+03 7.789434947478096616e-02
6.588000000000188265e+03 9.412600450486119374e-02
6.588800000000188447e+03 8.997845304040025249e-02
6.589600000000188629e+03 7.617070124135920384e-02
6.590400000000188811e+03 6.516245554141884833e-02
6.591200000000188993e+03 9.344388781430754132e-02
6.592000000000189175e+03 1.250002693788716535e-01
6.592800000000189357e+03 1.241813098760139872e-01
6.593600000000189539e+03 1.365734810183148185e-01
6.594400000000189721e+03 2.180962561459265370e-01
6.595200000000189902e+03 2.690552793636146189e-01
6.596000000000190084e+03 2.637727367453219229e-01
6.596800000000190266e+03 1.714307586931333172e-01
6.597600000000190448e+03 -7.685823268447015966e-02
6.598400000000190630e+03 -2.619016788038580623e-01
6.599200000000190812e+03 -2.076096402896574766e-01
6.600000000000190994e+03 6.744987026236416716e-02
6.600800000000191176e+03 3.404882964833945147e-01
6.601600000000191358e+03 3.294851479087494428e-01
6.602400000000191540e+03 1.420724606302369297e-01
6.603200000000191721e+03 7.208916832662948249e-02
6.604000000000191903e+03 3.003762042599555926e-02
6.604800000000192085e+03 -9.553896705537662237e-03
6.605600000000192267e+03 4.712348098409648023e-02
6.606400000000192449e+03 5.224320508241937777e-02
6.607200000000192631e+03 7.995721925101710592e-02
6.608000000000192813e+03 1.900233346810793478e-01
6.608800000000192995e+03 2.484136606321525331e-01
6.609600000000193177e+03 2.187509465444265611e-01
6.610400000000193359e+03 2.098890146504610588e-01
6.611200000000193540e+03 2.674031485404744224e-01
6.612000000000193722e+03 3.637461979839016757e-01
6.612800000000193904e+03 3.517053548213247560e-01
6.613600000000194086e+03 2.703141196059488660e-01
6.614400000000194268e+03 2.373767473843880205e-01
6.615200000000194450e+03 2.667033773711389721e-01
6.616000000000194632e+03 2.923252605739187215e-01
6.616800000000194814e+03 2.599762946518645590e-01
6.617600000000194996e+03 2.842329802255714188e-01
6.618400000000195178e+03 3.431305338970431773e-01
6.619200000000195359e+03 3.122603434646842313e-01
6.620000000000195541e+03 2.455468161066829413e-01
6.620800000000195723e+03 1.469861470997468333e-01
6.621600000000195905e+03 7.399329064037726833e-02
6.622400000000196087e+03 1.247795280184502559e-01
6.623200000000196269e+03 2.568267146716434191e-01
6.624000000000196451e+03 2.357640633319215973e-01
6.624800000000196633e+03 1.895079382848390698e-02
6.625600000000196815e+03 -6.074240728239259368e-02
6.626400000000196997e+03 6.846855363752847590e-02
6.627200000000197178e+03 1.306511470853263246e-01
6.628000000000197360e+03 9.751062496248710798e-02
6.628800000000197542e+03 1.096210280101930501e-01
6.629600000000197724e+03 1.474674726505035838e-01
6.630400000000197906e+03 1.280079944351339705e-01
6.631200000000198088e+03 1.239532282351024639e-01
6.632000000000198270e+03 1.889059864528671029e-01
6.632800000000198452e+03 2.103450198589884024e-01
6.633600000000198634e+03 1.677653973763685857e-01
6.634400000000198816e+03 1.062838321356612131e-01
6.635200000000198997e+03 -4.872174478917640911e-02
6.636000000000199179e+03 -1.586083004043052913e-01
6.636800000000199361e+03 -4.832415666388380215e-02
6.637600000000199543e+03 9.368808307769432853e-02
6.638400000000199725e+03 1.229207843352794483e-01
6.639200000000199907e+03 9.420025096681081123e-02
6.640000000000200089e+03 6.958239650242172003e-02
6.640800000000200271e+03 4.885319817793860875e-02
6.641600000000200453e+03 1.050701701065151483e-03
6.642400000000200635e+03 2.850250785746589327e-02
6.643200000000200816e+03 1.080977329570680795e-01
6.644000000000200998e+03 1.358409522210310971e-01
6.644800000000201180e+03 6.667927394532997820e-02
6.645600000000201362e+03 -5.091507222237943997e-02
6.646400000000201544e+03 -1.168094241732049177e-01
6.647200000000201726e+03 -4.248258556162205074e-02
6.648000000000201908e+03 -2.286015555368409169e-02
6.648800000000202090e+03 -1.284985451127967915e-01
6.649600000000202272e+03 -1.019590453193138235e-01
6.650400000000202454e+03 2.931493753354270579e-02
6.651200000000202635e+03 6.680653782631335025e-02
6.652000000000202817e+03 5.268265954354492409e-02
6.652800000000202999e+03 1.043749257832905925e-01
6.653600000000203181e+03 1.562957830838157536e-01
6.654400000000203363e+03 1.224949377464368272e-01
6.655200000000203545e+03 5.120973063652265594e-02
6.656000000000203727e+03 1.092142935677066773e-01
6.656800000000203909e+03 2.110784285512506686e-01
6.657600000000204091e+03 2.369300728761082053e-01
6.658400000000204273e+03 2.242223669427280686e-01
6.659200000000204454e+03 2.029668669158315730e-01
6.660000000000204636e+03 1.938665348441178937e-01
6.660800000000204818e+03 1.254551848854245921e-01
6.661600000000205000e+03 1.072191501239236622e-01
6.662400000000205182e+03 1.476249280568600886e-01
6.663200000000205364e+03 1.378228686962082172e-01
6.664000000000205546e+03 6.439988932249096631e-02
6.664800000000205728e+03 3.486213532408054261e-02
6.665600000000205910e+03 1.113201108488987290e-01
6.666400000000206091e+03 1.333870962475288413e-01
6.667200000000206273e+03 1.333173835749734137e-01
6.668000000000206455e+03 2.644851202340384178e-01
6.668800000000206637e+03 4.184743004516260911e-01
6.669600000000206819e+03 3.050918685100377781e-01
6.670400000000207001e+03 1.450531327107955348e-01
6.671200000000207183e+03 1.820643412590430832e-01
6.672000000000207365e+03 2.624306001831299140e-01
6.672800000000207547e+03 2.314264050674016693e-01
6.673600000000207729e+03 1.537078160849267294e-01
6.674400000000207910e+03 5.154560803138448499e-02
6.675200000000208092e+03 8.159323441579491298e-02
6.676000000000208274e+03 2.090737204986145292e-01
6.676800000000208456e+03 1.944637456368517869e-01
6.677600000000208638e+03 8.309030880234005711e-02
6.678400000000208820e+03 5.175202123354276373e-02
6.679200000000209002e+03 1.398051885306590136e-01
6.680000000000209184e+03 1.840443593663663724e-01
6.680800000000209366e+03 1.401118765263219546e-01
6.681600000000209548e+03 6.793381023491520954e-02
6.682400000000209729e+03 1.874959889012164926e-02
6.683200000000209911e+03 6.350860874854244442e-02
6.684000000000210093e+03 8.745397178368395641e-02
6.684800000000210275e+03 4.158874083592977583e-02
6.685600000000210457e+03 3.257753508299134071e-02
6.686400000000210639e+03 1.950324675382308914e-01
6.687200000000210821e+03 4.199894390228849916e-01
6.688000000000211003e+03 4.368130124226303757e-01
6.688800000000211185e+03 3.364619151199300662e-01
6.689600000000211367e+03 3.041800265969203387e-01
6.690400000000211548e+03 2.534637249716467644e-01
6.691200000000211730e+03 1.964361372578871390e-01
6.692000000000211912e+03 1.357748801282445128e-01
6.692800000000212094e+03 1.095370980133401895e-01
6.693600000000212276e+03 2.312992836497701765e-01
6.694400000000212458e+03 3.860956514644448001e-01
6.695200000000212640e+03 4.045449632256763461e-01
6.696000000000212822e+03 3.944211545774837235e-01
6.696800000000213004e+03 3.473418122307830869e-01
6.697600000000213186e+03 1.878226429413878962e-01
6.698400000000213367e+03 3.841397219366363830e-02
6.699200000000213549e+03 -2.652155115662198359e-02
6.700000000000213731e+03 -5.857559311152182868e-02
6.700800000000213913e+03 -4.595211658960541429e-02
6.701600000000214095e+03 -8.555794396817216485e-02
6.702400000000214277e+03 -1.640888900807927486e-01
6.703200000000214459e+03 -4.791873428695350018e-02
6.704000000000214641e+03 1.549909780857987585e-01
6.704800000000214823e+03 2.061137833725714130e-01
6.705600000000215005e+03 1.139607622152409294e-01
6.706400000000215186e+03 2.857993106801183514e-02
6.707200000000215368e+03 -5.031408100722627175e-02
6.708000000000215550e+03 -3.289498631557905006e-02
6.708800000000215732e+03 1.159134688994472584e-01
6.709600000000215914e+03 3.036141133900913669e-01
6.710400000000216096e+03 2.985475690631116397e-01
6.711200000000216278e+03 1.797558991137332696e-01
6.712000000000216460e+03 6.300038163330032304e-02
6.712800000000216642e+03 -1.942732759952279023e-02
6.713600000000216824e+03 -6.104011001390836910e-02
6.714400000000217005e+03 -8.310734594872137837e-02
6.715200000000217187e+03 -9.117903747204099407e-02
6.716000000000217369e+03 -3.873496345749024433e-02
6.716800000000217551e+03 9.161168600925514993e-02
6.717600000000217733e+03 1.925823527331631535e-01
6.718400000000217915e+03 1.736946473899837196e-01
6.719200000000218097e+03 1.097760704226108108e-01
6.720000000000218279e+03 2.224230536279779569e-02
6.720800000000218461e+03 -8.559330709799700676e-02
6.721600000000218643e+03 -8.504449251457496528e-02
6.722400000000218824e+03 -1.479558356111884687e-02
6.723200000000219006e+03 3.627319127247674146e-03
6.724000000000219188e+03 8.949157261657989665e-04
6.724800000000219370e+03 4.996355080054387665e-02
6.725600000000219552e+03 1.252870063631333908e-01
6.726400000000219734e+03 2.077899792395174194e-01
6.727200000000219916e+03 2.527985006091839626e-01
6.728000000000220098e+03 1.596636113920959221e-01
6.728800000000220280e+03 5.820951746084873646e-02
6.729600000000220462e+03 6.053199761016078012e-02
6.730400000000220643e+03 5.887432280443374161e-02
6.731200000000220825e+03 6.425882880623234872e-03
6.732000000000221007e+03 6.828927776029138086e-02
6.732800000000221189e+03 1.849413938522051770e-01
6.733600000000221371e+03 1.918168191004308576e-01
6.734400000000221553e+03 1.720879682054831661e-01
6.735200000000221735e+03 1.721308321498739302e-01
6.736000000000221917e+03 1.290905520089271064e-01
6.736800000000222099e+03 7.959768899040985113e-02
6.737600000000222281e+03 9.389347421295143881e-02
6.738400000000222462e+03 6.223515135286550315e-02
6.739200000000222644e+03 7.561981773651972605e-02
6.740000000000222826e+03 1.541642082306669548e-01
6.740800000000223008e+03 1.190787160253276161e-01
6.741600000000223190e+03 2.515366233057087647e-02
6.742400000000223372e+03 -2.555110397247397497e-02
6.743200000000223554e+03 -1.167013155878390829e-02
6.744000000000223736e+03 5.903180202141679322e-03
6.744800000000223918e+03 7.684143789273806258e-02
6.745600000000224099e+03 2.197627862390224562e-01
6.746400000000224281e+03 3.155768733822801875e-01
6.747200000000224463e+03 2.553257523645235394e-01
6.748000000000224645e+03 1.602037301912306311e-01
6.748800000000224827e+03 1.862866019616017943e-01
6.749600000000225009e+03 2.092371794508701699e-01
6.750400000000225191e+03 1.727208410570190145e-01
6.751200000000225373e+03 1.209139432742377118e-01
6.752000000000225555e+03 1.607534454696195880e-01
6.752800000000225737e+03 2.679111890384323624e-01
6.753600000000225918e+03 2.026800344115048391e-01
6.754400000000226100e+03 4.931611691233353523e-02
6.755200000000226282e+03 2.706749252749329759e-02
6.756000000000226464e+03 9.371540014100072924e-03
6.756800000000226646e+03 -4.000185652702897832e-02
6.757600000000226828e+03 -7.415599603863484712e-02
6.758400000000227010e+03 -9.190945693560226282e-02
6.759200000000227192e+03 -6.550680713665832378e-02
6.760000000000227374e+03 6.097313247548016846e-03
6.760800000000227556e+03 2.550411802744584344e-02
6.761600000000227737e+03 3.858045577282012001e-02
6.762400000000227919e+03 5.467695436588136670e-02
6.763200000000228101e+03 6.482421985460530556e-02
6.764000000000228283e+03 1.898424650724825358e-01
6.764800000000228465e+03 2.807155892501836947e-01
6.765600000000228647e+03 2.098541315217350156e-01
6.766400000000228829e+03 1.546587353460361913e-01
6.767200000000229011e+03 1.324449551588278151e-01
6.768000000000229193e+03 4.562880034905744675e-02
6.768800000000229375e+03 5.903188034911813209e-03
6.769600000000229556e+03 6.420367921254509225e-02
6.770400000000229738e+03 3.007533268679882590e-02
6.771200000000229920e+03 -7.430480028822861183e-02
6.772000000000230102e+03 -7.185830504255115436e-02
6.772800000000230284e+03 1.470219723163634570e-02
6.773600000000230466e+03 1.085709558635232497e-01
6.774400000000230648e+03 1.793174785159924733e-01
6.775200000000230830e+03 1.721840691079659091e-01
6.776000000000231012e+03 1.034050621217975086e-01
6.776800000000231194e+03 1.224344307959608635e-02
6.777600000000231375e+03 -1.519961942776072716e-02
6.778400000000231557e+03 -7.278460566200243426e-03
6.779200000000231739e+03 5.095443373191823472e-02
6.780000000000231921e+03 1.072782150013738556e-01
6.780800000000232103e+03 5.977518656121897506e-02
6.781600000000232285e+03 6.877999584024990787e-04
6.782400000000232467e+03 7.810597560802923223e-02
6.783200000000232649e+03 2.152692626862086067e-01
6.784000000000232831e+03 1.628011841324135123e-01
6.784800000000233013e+03 1.303367922725510303e-02
6.785600000000233194e+03 -5.927792361546983801e-02
6.786400000000233376e+03 -2.168588760708207996e-02
6.787200000000233558e+03 1.329762660897320647e-01
6.788000000000233740e+03 2.255489456859088582e-01
6.788800000000233922e+03 1.575547304282403083e-01
6.789600000000234104e+03 1.286680491945664181e-02
6.790400000000234286e+03 -8.577198164268834413e-02
6.791200000000234468e+03 -4.462199895437767017e-02
6.792000000000234650e+03 6.658028150538371215e-02
6.792800000000234832e+03 3.434625473843753996e-02
6.793600000000235013e+03 -7.279343765260316845e-02
6.794400000000235195e+03 -1.695721267407417909e-01
6.795200000000235377e+03 -1.930173738588289167e-01
6.796000000000235559e+03 -1.167704176593458432e-01
6.796800000000235741e+03 2.251577333461309699e-02
6.797600000000235923e+03 1.516299215348887175e-01
6.798400000000236105e+03 1.354966301343577539e-01
6.799200000000236287e+03 8.289866324124475772e-02
6.800000000000236469e+03 1.287549125948443951e-01
6.800800000000236651e+03 2.113226707561490503e-01
6.801600000000236832e+03 2.353683386894817597e-01
6.802400000000237014e+03 2.129806669664464081e-01
6.803200000000237196e+03 1.856707096457437534e-01
6.804000000000237378e+03 1.831791652240435664e-01
6.804800000000237560e+03 1.542231382894015124e-01
6.805600000000237742e+03 1.020837493745324065e-01
6.806400000000237924e+03 1.018019066162880321e-01
6.807200000000238106e+03 8.166612103731812899e-02
6.808000000000238288e+03 5.674820185054860189e-02
6.808800000000238470e+03 8.050732700836882305e-02
6.809600000000238651e+03 1.052944284395762875e-01
6.810400000000238833e+03 9.438319782868351271e-02
6.811200000000239015e+03 8.444969164861572397e-02
6.812000000000239197e+03 1.329368987041613104e-01
6.812800000000239379e+03 1.259127201762707537e-01
6.813600000000239561e+03 1.081937536690894125e-01
6.814400000000239743e+03 1.362620753992447864e-01
6.815200000000239925e+03 1.144039675921976612e-01
6.816000000000240107e+03 7.206505007896404913e-02
6.816800000000240289e+03 8.571072137389593171e-02
6.817600000000240470e+03 4.181618321244201519e-02
6.818400000000240652e+03 -3.195313966586123960e-02
6.819200000000240834e+03 -1.470480120488653480e-02
6.820000000000241016e+03 1.012065124467340094e-01
6.820800000000241198e+03 1.470632260678185477e-01
6.821600000000241380e+03 4.986317737146166162e-02
6.822400000000241562e+03 -4.180389110302329403e-02
6.823200000000241744e+03 -2.093311244663387249e-02
6.824000000000241926e+03 -1.911247935475603177e-02
6.824800000000242107e+03 -6.677855346083000354e-02
6.825600000000242289e+03 -7.888795993219166469e-02
6.826400000000242471e+03 4.850564231464775389e-02
6.827200000000242653e+03 2.205293305491474176e-01
6.828000000000242835e+03 2.872232077991037080e-01
6.828800000000243017e+03 3.115047799157850683e-01
6.829600000000243199e+03 3.690131859234104250e-01
6.830400000000243381e+03 3.742440159646623354e-01
6.831200000000243563e+03 3.738673210715555695e-01
6.832000000000243745e+03 3.919243961111948948e-01
6.832800000000243926e+03 2.501532114244456872e-01
6.833600000000244108e+03 1.454844714427939445e-01
6.834400000000244290e+03 -1.754713182504288871e-02
6.835200000000244472e+03 -1.820140444600998886e-01
6.836000000000244654e+03 -6.564173783700262554e-02
6.836800000000244836e+03 1.026165627478842768e-01
6.837600000000245018e+03 1.264801703773286989e-01
6.838400000000245200e+03 1.941964351490173268e-02
6.839200000000245382e+03 -4.719678378985135009e-02
6.840000000000245564e+03 2.053404577907089884e-02
6.840800000000245745e+03 1.364632987584523394e-01
6.841600000000245927e+03 1.630512716101243653e-01
6.842400000000246109e+03 1.578705788392004428e-01
6.843200000000246291e+03 1.854144136103806906e-01
6.844000000000246473e+03 1.881476969719016457e-01
6.844800000000246655e+03 1.427733910578728171e-01
6.845600000000246837e+03 1.344113027765804491e-01
6.846400000000247019e+03 1.530100416836399080e-01
6.847200000000247201e+03 2.000332486863194426e-01
6.848000000000247383e+03 2.819165106860848091e-01
6.848800000000247564e+03 2.636691755243357194e-01
6.849600000000247746e+03 7.204037150226598463e-02
6.850400000000247928e+03 -4.621152516185789150e-02
6.851200000000248110e+03 7.532406335975455614e-02
6.852000000000248292e+03 2.108724167351713752e-01
6.852800000000248474e+03 2.827256251343708837e-01
6.853600000000248656e+03 3.034460377349583182e-01
6.854400000000248838e+03 2.838320317250463409e-01
6.855200000000249020e+03 2.410939401689795036e-01
6.856000000000249202e+03 1.166028313595286608e-01
6.856800000000249383e+03 2.463708104351579678e-02
6.857600000000249565e+03 1.167221730838389343e-02
6.858400000000249747e+03 2.217544618492218664e-02
6.859200000000249929e+03 5.851993410013236335e-02
6.860000000000250111e+03 1.269965983833837853e-01
6.860800000000250293e+03 1.200326480704373561e-01
6.861600000000250475e+03 4.068367352110663360e-02
6.862400000000250657e+03 4.290174262094825081e-02
6.863200000000250839e+03 5.628579849316506234e-02
6.864000000000251021e+03 7.537714598634923102e-02
6.864800000000251202e+03 1.468372283908280784e-01
6.865600000000251384e+03 1.391268113617906976e-01
6.866400000000251566e+03 1.047313782537904192e-01
6.867200000000251748e+03 2.217337378942975668e-01
6.868000000000251930e+03 2.854380604214253880e-01
6.868800000000252112e+03 2.454303628695657935e-01
6.869600000000252294e+03 1.619278011454061417e-01
6.870400000000252476e+03 1.026510309638974938e-01
6.871200000000252658e+03 5.618035301241948443e-03
6.872000000000252840e+03 -6.307353237249167799e-02
6.872800000000253021e+03 -5.567302192653483806e-02
6.873600000000253203e+03 1.975688694172182680e-02
6.874400000000253385e+03 1.554963626290095102e-01
6.875200000000253567e+03 2.199994485386089216e-01
6.876000000000253749e+03 1.837792458811541851e-01
6.876800000000253931e+03 8.102365076345431627e-02
6.877600000000254113e+03 3.936965795008792734e-02
6.878400000000254295e+03 8.726828637667688460e-03
6.879200000000254477e+03 4.965937082517933587e-03
6.880000000000254659e+03 4.109760518638952420e-02
6.880800000000254840e+03 8.466687491542275457e-02
6.881600000000255022e+03 1.352694613388921718e-01
6.882400000000255204e+03 1.949959652645778529e-01
6.883200000000255386e+03 1.307137855668975557e-01
6.884000000000255568e+03 8.667648207224734613e-02
6.884800000000255750e+03 1.738506614907869285e-01
6.885600000000255932e+03 2.211561294122672550e-01
6.886400000000256114e+03 1.626861052368526739e-01
6.887200000000256296e+03 1.881118299092538471e-01
6.888000000000256478e+03 2.998610692789189791e-01
6.888800000000256659e+03 2.733239401100162613e-01
6.889600000000256841e+03 2.238722103384540862e-01
6.890400000000257023e+03 3.765971360492326170e-01
6.891200000000257205e+03 5.420022126679104879e-01
6.892000000000257387e+03 4.496335867740007819e-01
6.892800000000257569e+03 2.620831019405360784e-01
6.893600000000257751e+03 1.669680501108088411e-01
6.894400000000257933e+03 2.361890332036777340e-01
6.895200000000258115e+03 2.938855785986692060e-01
6.896000000000258296e+03 1.290697701931503572e-01
6.896800000000258478e+03 5.455840603175735049e-03
6.897600000000258660e+03 8.034131092187379863e-02
6.898400000000258842e+03 6.918537846647203338e-02
6.899200000000259024e+03 -2.079165972387586603e-02
6.900000000000259206e+03 -1.963406639284445698e-03
6.900800000000259388e+03 2.551143493487005587e-02
6.901600000000259570e+03 3.128069032313589987e-03
6.902400000000259752e+03 -4.055396770102276394e-02
6.903200000000259934e+03 -5.693389930011413802e-02
6.904000000000260115e+03 -7.113737881305476699e-03
6.904800000000260297e+03 7.234212400673786791e-02
6.905600000000260479e+03 1.003802373197776876e-01
6.906400000000260661e+03 8.799180897985393879e-02
6.907200000000260843e+03 1.489268036766228376e-01
6.908000000000261025e+03 2.294087639353012964e-01
6.908800000000261207e+03 2.805035881510325457e-01
6.909600000000261389e+03 3.332936632678579758e-01
6.910400000000261571e+03 2.895959942228386597e-01
6.911200000000261753e+03 2.006442478709740962e-01
6.912000000000261934e+03 1.888273725901132571e-01
6.912800000000262116e+03 1.428129254155121597e-01
6.913600000000262298e+03 6.737306469840370626e-02
6.914400000000262480e+03 1.266547981644847998e-01
6.915200000000262662e+03 2.906012431208360725e-01
6.916000000000262844e+03 2.838448275157912093e-01
6.916800000000263026e+03 1.255998766062248473e-01
6.917600000000263208e+03 9.392282768953282013e-02
6.918400000000263390e+03 1.611763653650193362e-01
6.919200000000263572e+03 1.540855725593487657e-01
6.920000000000263753e+03 5.877553562223025718e-02
6.920800000000263935e+03 -4.326227759972715858e-02
6.921600000000264117e+03 -9.440894934525584370e-02
6.922400000000264299e+03 -2.730960242889192077e-02
6.923200000000264481e+03 1.397222395753407731e-01
6.924000000000264663e+03 3.388549926662763889e-01
6.924800000000264845e+03 4.878451221096998247e-01
6.925600000000265027e+03 5.186647434331914663e-01
6.926400000000265209e+03 4.005371712204428558e-01
6.927200000000265391e+03 2.083160317144975848e-01
6.928000000000265572e+03 8.938898564525948887e-02
6.928800000000265754e+03 9.231331387866853477e-02
6.929600000000265936e+03 1.669852678401141377e-01
6.930400000000266118e+03 1.827343523202176190e-01
6.931200000000266300e+03 8.365513872044402777e-02
6.932000000000266482e+03 1.595967910147580437e-02
6.932800000000266664e+03 4.287154251573615377e-02
6.933600000000266846e+03 1.023885309659031545e-01
6.934400000000267028e+03 1.005500083490693530e-01
6.935200000000267210e+03 6.172026028253259355e-02
6.936000000000267391e+03 9.100229756633898548e-02
6.936800000000267573e+03 1.172125243212185086e-01
6.937600000000267755e+03 8.764826092261998602e-02
6.938400000000267937e+03 1.204115722527435844e-01
6.939200000000268119e+03 1.133094626121367854e-01
6.940000000000268301e+03 5.826337126318349019e-03
6.940800000000268483e+03 -9.424675019473245652e-02
6.941600000000268665e+03 -8.296641956831816989e-02
6.942400000000268847e+03 2.837280497881742095e-02
6.943200000000269029e+03 2.037106694665756779e-01
6.944000000000269210e+03 3.084082211519583172e-01
6.944800000000269392e+03 2.340730995519870739e-01
6.945600000000269574e+03 1.086511001629916207e-01
6.946400000000269756e+03 2.204303914726130076e-02
6.947200000000269938e+03 -2.518494508383880073e-02
6.948000000000270120e+03 -1.816158438452917384e-02
6.948800000000270302e+03 -1.151732886700317787e-02
6.949600000000270484e+03 -4.615873983196652763e-02
6.950400000000270666e+03 -1.095006646602650485e-01
6.951200000000270848e+03 -7.696684412364675210e-02
6.952000000000271029e+03 2.105243148478214144e-02
6.952800000000271211e+03 -1.713379610753007487e-02
6.953600000000271393e+03 -2.587188070786537383e-02
6.954400000000271575e+03 4.749777266944625598e-02
6.955200000000271757e+03 2.454536201560144140e-02
6.956000000000271939e+03 -7.615435841009446372e-02
6.956800000000272121e+03 -8.621919180917331227e-02
6.957600000000272303e+03 -1.860777331554738442e-02
6.958400000000272485e+03 5.482946361360296200e-02
6.959200000000272667e+03 7.343410232857816577e-02
6.960000000000272848e+03 -1.978188459582302244e-02
6.960800000000273030e+03 -2.827406618088224022e-02
6.961600000000273212e+03 3.190813502011020236e-02
6.962400000000273394e+03 6.926396044803474761e-03
6.963200000000273576e+03 3.055546110115683195e-02
6.964000000000273758e+03 1.648385058332716147e-01
6.964800000000273940e+03 2.606174985231367591e-01
6.965600000000274122e+03 2.507054917160320695e-01
6.966400000000274304e+03 1.869044996488637977e-01
6.967200000000274486e+03 1.275245211598614592e-01
6.968000000000274667e+03 1.384186469832034971e-01
6.968800000000274849e+03 2.017394484595440018e-01
6.969600000000275031e+03 2.230482008523237969e-01
6.970400000000275213e+03 2.192649324506817377e-01
6.971200000000275395e+03 1.845972777471369675e-01
6.972000000000275577e+03 1.002911561250298539e-01
6.972800000000275759e+03 2.092919632516828526e-02
6.973600000000275941e+03 4.193174753165367780e-02
6.974400000000276123e+03 8.304918531687054128e-02
6.975200000000276304e+03 7.059876794348340923e-02
6.976000000000276486e+03 3.630249626262677803e-02
6.976800000000276668e+03 1.810460580994145002e-02
6.977600000000276850e+03 9.599902117774067323e-02
6.978400000000277032e+03 2.624957229738743569e-01
6.979200000000277214e+03 4.330521581863294167e-01
6.980000000000277396e+03 4.801591159212339477e-01
6.980800000000277578e+03 4.559418425216213433e-01
6.981600000000277760e+03 3.138076872862899380e-01
6.982400000000277942e+03 1.189902283727477389e-01
6.983200000000278123e+03 1.897546318219384132e-02
6.984000000000278305e+03 -3.600569390956164656e-03
6.984800000000278487e+03 1.514196270082115298e-02
6.985600000000278669e+03 5.192150922440448568e-02
6.986400000000278851e+03 7.736007490502778972e-02
6.987200000000279033e+03 1.439692524152936526e-01
6.988000000000279215e+03 1.492461575716937383e-01
6.988800000000279397e+03 -7.674837704935710825e-04
6.989600000000279579e+03 -1.335920872087668076e-01
6.990400000000279761e+03 -1.227950712492657942e-01
6.991200000000279942e+03 3.498449250153110729e-02
6.992000000000280124e+03 1.770705882215918847e-01
6.992800000000280306e+03 2.226653956839741710e-01
6.993600000000280488e+03 1.737440789217677972e-01
6.994400000000280670e+03 4.589012342430000280e-02
6.995200000000280852e+03 1.860595104367550670e-03
6.996000000000281034e+03 6.357015112575754856e-02
6.996800000000281216e+03 7.651366742231863194e-02
6.997600000000281398e+03 -4.779257485676910444e-03
6.998400000000281580e+03 -3.891753804699600583e-02
6.999200000000281761e+03 -1.828107733493612372e-02
7.000000000000281943e+03 -1.983554018785813403e-02
7.000800000000282125e+03 -7.414497732953662101e-02
7.001600000000282307e+03 -1.141818711835852762e-01
7.002400000000282489e+03 -2.022476260970859641e-02
7.003200000000282671e+03 1.101833820807437414e-01
7.004000000000282853e+03 1.892738576210749035e-01
7.004800000000283035e+03 1.427840162125356693e-01
7.005600000000283217e+03 1.981295406400338660e-02
7.006400000000283399e+03 4.023671437927814343e-02
7.007200000000283580e+03 1.601313420415952926e-01
7.008000000000283762e+03 1.954613438109206458e-01
7.008800000000283944e+03 2.085467646278005849e-01
7.009600000000284126e+03 2.676957925876561339e-01
7.010400000000284308e+03 2.597180571129983906e-01
7.011200000000284490e+03 2.082123892805363141e-01
7.012000000000284672e+03 1.946549199284048348e-01
7.012800000000284854e+03 1.907699336394310108e-01
7.013600000000285036e+03 1.687106914600790819e-01
7.014400000000285218e+03 1.739384665638491478e-01
7.015200000000285399e+03 2.038712609974674683e-01
7.016000000000285581e+03 1.749914784484758734e-01
7.016800000000285763e+03 1.240141092079797142e-01
7.017600000000285945e+03 1.633256107324868867e-01
7.018400000000286127e+03 2.736335398931092344e-01
7.019200000000286309e+03 2.724930106806825458e-01
7.020000000000286491e+03 2.057583602248947985e-01
7.020800000000286673e+03 1.707263322431826491e-01
7.021600000000286855e+03 1.520222908949029617e-01
7.022400000000287037e+03 1.704443660544326944e-01
7.023200000000287218e+03 2.097323100098090198e-01
7.024000000000287400e+03 2.109188724086341060e-01
7.024800000000287582e+03 1.723143045434161746e-01
7.025600000000287764e+03 1.294271418445202826e-01
7.026400000000287946e+03 9.816930326729469969e-02
7.027200000000288128e+03 8.712195315847905130e-02
7.028000000000288310e+03 2.212729375730851100e-01
7.028800000000288492e+03 3.382739406038223207e-01
7.029600000000288674e+03 2.309895452061347942e-01
7.030400000000288856e+03 1.482017213274933187e-02
7.031200000000289037e+03 -1.275501387467360137e-01
7.032000000000289219e+03 -2.297502291773234964e-02
7.032800000000289401e+03 1.531435901529219212e-01
7.033600000000289583e+03 1.913824198077489491e-01
7.034400000000289765e+03 1.253504423683231284e-01
7.035200000000289947e+03 9.609465457418214784e-02
7.036000000000290129e+03 1.401423173224278507e-01
7.036800000000290311e+03 1.460333793609486785e-01
7.037600000000290493e+03 1.322137606794142883e-01
7.038400000000290675e+03 1.116274686665350013e-01
7.039200000000290856e+03 8.756849713452735662e-02
7.040000000000291038e+03 1.569348519187437063e-02
7.040800000000291220e+03 -1.886233910220215526e-02
7.041600000000291402e+03 6.830536300515156756e-02
7.042400000000291584e+03 1.198159178721598661e-01
7.043200000000291766e+03 9.103679313461805755e-02
7.044000000000291948e+03 7.790952251529344175e-02
7.044800000000292130e+03 1.677356656352611275e-01
7.045600000000292312e+03 2.521472949831030652e-01
7.046400000000292493e+03 1.900222433343948802e-01
7.047200000000292675e+03 3.797199041800895791e-02
7.048000000000292857e+03 -3.856060491939716089e-03
7.048800000000293039e+03 9.208806436943203777e-02
7.049600000000293221e+03 2.046219275762659606e-01
7.050400000000293403e+03 1.939008560118657409e-01
7.051200000000293585e+03 8.266493559481417897e-02
7.052000000000293767e+03 2.338030756414553879e-03
7.052800000000293949e+03 5.170908918490260686e-02
7.053600000000294131e+03 1.989121260829327942e-01
7.054400000000294312e+03 2.932436348303936180e-01
7.055200000000294494e+03 2.586421480101163684e-01
7.056000000000294676e+03 1.281581068791453060e-01
7.056800000000294858e+03 8.475467818702939193e-03
7.057600000000295040e+03 -9.181124729265791040e-02
7.058400000000295222e+03 -5.543624808872069792e-02
7.059200000000295404e+03 8.954382269300310837e-02
7.060000000000295586e+03 1.426537393250916774e-01
7.060800000000295768e+03 1.425094296876465438e-01
7.061600000000295950e+03 1.828253402992489063e-01
7.062400000000296131e+03 1.962480642278903731e-01
7.063200000000296313e+03 2.059971691106501357e-01
7.064000000000296495e+03 2.326219195235092185e-01
7.064800000000296677e+03 3.079922400107975022e-01
7.065600000000296859e+03 4.003314138956536872e-01
7.066400000000297041e+03 3.391357886655560483e-01
7.067200000000297223e+03 1.941920024507492459e-01
7.068000000000297405e+03 1.541179901770955707e-01
7.068800000000297587e+03 1.951302117736351538e-01
7.069600000000297769e+03 2.363977982309855286e-01
7.070400000000297950e+03 2.098072423384107488e-01
7.071200000000298132e+03 1.694244580357631702e-01
7.072000000000298314e+03 1.358308200405032307e-01
7.072800000000298496e+03 1.033742733908152023e-01
7.073600000000298678e+03 1.288017803670526151e-01
7.074400000000298860e+03 2.115615068819149402e-01
7.075200000000299042e+03 2.955949930691482708e-01
7.076000000000299224e+03 2.893829297155371405e-01
7.076800000000299406e+03 1.819522671592625485e-01
7.077600000000299588e+03 9.609856591289778205e-02
7.078400000000299769e+03 5.709356988715919012e-02
7.079200000000299951e+03 6.636225320605715350e-02
7.080000000000300133e+03 7.452963121347137843e-02
7.080800000000300315e+03 6.910281229233287970e-02
7.081600000000300497e+03 1.237717938376641236e-01
7.082400000000300679e+03 1.997893276893168979e-01
7.083200000000300861e+03 2.227028600148246440e-01
7.084000000000301043e+03 1.817864211484343517e-01
7.084800000000301225e+03 8.354810849973369480e-02
7.085600000000301407e+03 1.257725449244165850e-01
7.086400000000301588e+03 2.333511523546897837e-01
7.087200000000301770e+03 2.163459680361243531e-01
7.088000000000301952e+03 1.474382883428743407e-01
7.088800000000302134e+03 4.996189291052247766e-02
7.089600000000302316e+03 5.509011092800067400e-03
7.090400000000302498e+03 9.729038551910935972e-02
7.091200000000302680e+03 2.746453893557604942e-01
7.092000000000302862e+03 3.270457389330701514e-01
7.092800000000303044e+03 1.549791109388576338e-01
7.093600000000303226e+03 4.858124183326831269e-03
7.094400000000303407e+03 1.018457013718554460e-01
7.095200000000303589e+03 2.210874801338099938e-01
7.096000000000303771e+03 2.076228674173842270e-01
7.096800000000303953e+03 2.115176503717555723e-01
7.097600000000304135e+03 2.274998065870269537e-01
7.098400000000304317e+03 2.210279201111891578e-01
7.099200000000304499e+03 2.047830742241182889e-01
7.100000000000304681e+03 1.809936587958071719e-01
7.100800000000304863e+03 1.425767347496496307e-01
7.101600000000305045e+03 7.680079960671550021e-02
7.102400000000305226e+03 8.247971948494385586e-02
7.103200000000305408e+03 2.022158520451325381e-01
7.104000000000305590e+03 2.904858572478901668e-01
7.104800000000305772e+03 1.999710151201803399e-01
7.105600000000305954e+03 4.059472048633441799e-02
7.106400000000306136e+03 -2.932482758777559331e-02
7.107200000000306318e+03 3.717666384343225328e-02
7.108000000000306500e+03 1.519234286648609711e-01
7.108800000000306682e+03 1.482679513962776863e-01
7.109600000000306864e+03 1.335059946881295145e-01
7.110400000000307045e+03 1.471486667353942568e-01
7.111200000000307227e+03 1.171474247260996249e-01
7.112000000000307409e+03 1.048309783483440394e-01
7.112800000000307591e+03 1.660777945912495224e-01
7.113600000000307773e+03 2.427549969189193302e-01
7.114400000000307955e+03 2.520328814596234923e-01
7.115200000000308137e+03 1.469219543784087978e-01
7.116000000000308319e+03 4.490352260654385808e-02
7.116800000000308501e+03 4.895223010080277520e-02
7.117600000000308683e+03 1.457022265872707500e-01
7.118400000000308864e+03 1.714355304680070802e-01
7.119200000000309046e+03 9.111073279460021879e-02
7.120000000000309228e+03 2.567196203262016307e-02
7.120800000000309410e+03 5.545547432317821795e-02
7.121600000000309592e+03 1.009136729558713919e-01
7.122400000000309774e+03 1.402572738207112923e-01
7.123200000000309956e+03 1.997506015548178027e-01
7.124000000000310138e+03 1.650740609087282262e-01
7.124800000000310320e+03 1.271143057525490339e-01
7.125600000000310501e+03 1.500007177206653386e-01
7.126400000000310683e+03 7.537734487624792035e-02
7.127200000000310865e+03 -1.036116088801964513e-02
7.128000000000311047e+03 3.991585439462845553e-02
7.128800000000311229e+03 1.703702816130011066e-01
7.129600000000311411e+03 2.422424833633419206e-01
7.130400000000311593e+03 1.866092318490185364e-01
7.131200000000311775e+03 1.762832075092148620e-01
7.132000000000311957e+03 2.083193876733501204e-01
7.132800000000312139e+03 1.912192399987579783e-01
7.133600000000312320e+03 1.533278145966042172e-01
7.134400000000312502e+03 1.522467893549594997e-01
7.135200000000312684e+03 1.139017960058692491e-01
7.136000000000312866e+03 6.918505534623829722e-02
7.136800000000313048e+03 1.691187894100598943e-01
7.137600000000313230e+03 2.424723495659871220e-01
7.138400000000313412e+03 2.127406547130343828e-01
7.139200000000313594e+03 1.553385473314606857e-01
7.140000000000313776e+03 1.313451711447944648e-01
7.140800000000313958e+03 1.314821631895970733e-01
7.141600000000314139e+03 1.557681757956770052e-01
7.142400000000314321e+03 1.017305810270049127e-01
7.143200000000314503e+03 2.601033701783174099e-03
7.144000000000314685e+03 -3.272490649430398468e-02
7.144800000000314867e+03 3.668490150890346690e-02
7.145600000000315049e+03 1.240601841712160730e-01
7.146400000000315231e+03 9.789828822276935849e-02
7.147200000000315413e+03 3.609708270834841026e-02
7.148000000000315595e+03 -2.097964699037419695e-02
7.148800000000315777e+03 -6.221991159640813396e-02
7.149600000000315958e+03 -1.611180114467977709e-02
7.150400000000316140e+03 7.061804054072799708e-02
7.151200000000316322e+03 5.097825023703730918e-02
7.152000000000316504e+03 7.381025403564135667e-02
7.152800000000316686e+03 1.734873237978986626e-01
7.153600000000316868e+03 1.779336114276691971e-01
7.154400000000317050e+03 1.490836562798410481e-01
7.155200000000317232e+03 1.501481627160233812e-01
7.156000000000317414e+03 1.336740920499852325e-01
7.156800000000317596e+03 1.534278352328314610e-01
7.157600000000317777e+03 2.318770189057538511e-01
7.158400000000317959e+03 2.357481782329733377e-01
7.159200000000318141e+03 1.356529135285505228e-01
7.160000000000318323e+03 2.997171498093066655e-02
7.160800000000318505e+03 5.919170657364715427e-02
7.161600000000318687e+03 1.183450374884393586e-01
7.162400000000318869e+03 1.251280567841950020e-01
7.163200000000319051e+03 1.212750179700415598e-01
7.164000000000319233e+03 1.255902372083224638e-01
7.164800000000319415e+03 1.434610883292703476e-01
7.165600000000319596e+03 1.521209799674614338e-01
7.166400000000319778e+03 1.430051573638385920e-01
7.167200000000319960e+03 1.424239799872445145e-01
7.168000000000320142e+03 1.685231993749151669e-01
7.168800000000320324e+03 1.763679078530835942e-01
7.169600000000320506e+03 1.406773073671676588e-01
7.170400000000320688e+03 1.166537549815743896e-01
7.171200000000320870e+03 9.840078882077565869e-02
7.172000000000321052e+03 1.169429612847108640e-01
7.172800000000321234e+03 1.611525331635578762e-01
7.173600000000321415e+03 1.888966312615060206e-01
7.174400000000321597e+03 1.520525129960852428e-01
7.175200000000321779e+03 9.786215437778479631e-02
7.176000000000321961e+03 1.229651337228880592e-01
7.176800000000322143e+03 1.861872996659266755e-01
7.177600000000322325e+03 2.431836215564914250e-01
7.178400000000322507e+03 3.132638520433529972e-01
7.179200000000322689e+03 2.730123754149645920e-01
7.180000000000322871e+03 1.346265455333133243e-01
7.180800000000323053e+03 9.626621738335276734e-03
7.181600000000323234e+03 -1.705481419477642563e-02
7.182400000000323416e+03 3.589834640221307993e-02
7.183200000000323598e+03 1.090718409494583069e-01
7.184000000000323780e+03 1.554832655576424139e-01
7.184800000000323962e+03 9.695535807318261812e-02
7.185600000000324144e+03 1.602754851743939252e-02
7.186400000000324326e+03 -5.052805938266041741e-03
7.187200000000324508e+03 -2.789105406145360455e-02
7.188000000000324690e+03 -4.477292391307445552e-03
7.188800000000324872e+03 1.052555553259776622e-01
7.189600000000325053e+03 1.551566442119701184e-01
7.190400000000325235e+03 1.036610757054967358e-01
7.191200000000325417e+03 9.235063173233692968e-02
7.192000000000325599e+03 1.172184895844963770e-01
7.192800000000325781e+03 7.411451110936122244e-02
7.193600000000325963e+03 1.035579736274569451e-02
7.194400000000326145e+03 -2.782426728926126747e-02
7.195200000000326327e+03 6.376218781595471841e-02
7.196000000000326509e+03 1.904300055634475242e-01
7.196800000000326690e+03 2.435141415501595463e-01
7.197600000000326872e+03 2.291259191941062978e-01
7.198400000000327054e+03 2.368408909423259101e-01
7.199200000000327236e+03 2.705826342266147710e-01
7.200000000000327418e+03 2.653757344065369450e-01
7.200800000000327600e+03 2.125462694902565675e-01
7.201600000000327782e+03 9.097013143031663918e-02
7.202400000000327964e+03 -2.896375055073137708e-02
7.203200000000328146e+03 -1.214302355026947861e-02
7.204000000000328328e+03 1.377040619045879488e-01
7.204800000000328509e+03 2.108055232448173277e-01
7.205600000000328691e+03 1.878167783702079374e-01
7.206400000000328873e+03 2.065042719916539149e-01
7.207200000000329055e+03 2.369417777596349584e-01
7.208000000000329237e+03 2.276257089705812642e-01
7.208800000000329419e+03 2.107903525427625713e-01
7.209600000000329601e+03 1.681295228511903717e-01
7.210400000000329783e+03 1.325380925595429638e-01
7.211200000000329965e+03 1.710226896139267483e-01
7.212000000000330147e+03 2.618854474989872894e-01
7.212800000000330328e+03 2.643581282994298953e-01
7.213600000000330510e+03 1.124882076656464197e-01
7.214400000000330692e+03 -1.086491139111652945e-02
7.215200000000330874e+03 -2.982553430836773142e-02
7.216000000000331056e+03 1.740150405911009869e-03
7.216800000000331238e+03 3.620412374752414453e-02
7.217600000000331420e+03 3.336561705240262410e-02
7.218400000000331602e+03 -3.807948515890198418e-05
7.219200000000331784e+03 -1.900925361244034523e-02
7.220000000000331966e+03 1.702100884075523346e-02
7.220800000000332147e+03 9.121799119054659066e-02
7.221600000000332329e+03 1.223301970700647057e-01
7.222400000000332511e+03 5.633377625448954262e-02
7.223200000000332693e+03 -2.760786066236113612e-02
7.224000000000332875e+03 -1.231482550694547318e-02
7.224800000000333057e+03 5.342060616124708755e-02
7.225600000000333239e+03 1.271964114116652667e-01
7.226400000000333421e+03 1.684803159696995900e-01
7.227200000000333603e+03 1.318529198541166791e-01
7.228000000000333785e+03 4.963038107419077277e-02
7.228800000000333966e+03 1.789837833809814621e-02
7.229600000000334148e+03 1.177070912370391936e-01
7.230400000000334330e+03 2.539201646637346821e-01
7.231200000000334512e+03 2.248817123612342206e-01
7.232000000000334694e+03 5.113212094871382590e-02
7.232800000000334876e+03 -5.913920650331656176e-03
7.233600000000335058e+03 6.370736476373815849e-02
7.234400000000335240e+03 1.132416274035943915e-01
7.235200000000335422e+03 7.977247950244077679e-02
7.236000000000335604e+03 -1.518183539821514952e-02
7.236800000000335785e+03 -6.954474948070313300e-02
7.237600000000335967e+03 -2.450354325727049226e-02
7.238400000000336149e+03 3.885011341753447089e-02
7.239200000000336331e+03 2.026550288281308426e-02
7.240000000000336513e+03 9.770137469924847218e-03
7.240800000000336695e+03 -1.357399479448521129e-01
7.241600000000336877e+03 -5.576967973794070277e-01
7.242400000000337059e+03 -8.208782390249287353e-01
7.243200000000337241e+03 -5.850560499221373334e-01
7.244000000000337423e+03 -1.735685143506320027e-01
7.244800000000337604e+03 9.187653266708337152e-02
7.245600000000337786e+03 5.678005365756672029e-02
7.246400000000337968e+03 -2.654869647747419847e-01
7.247200000000338150e+03 -5.678430502133288149e-01
7.248000000000338332e+03 -2.945848396536630553e-01
7.248800000000338514e+03 2.730736273424707039e-01
7.249600000000338696e+03 4.102934812809423404e-01
7.250400000000338878e+03 2.539471936320887302e-01
7.251200000000339060e+03 2.403284342318066924e-01
7.252000000000339242e+03 1.794007284332549967e-01
7.252800000000339423e+03 3.780878986326535740e-02
7.253600000000339605e+03 -3.210828329567262662e-02
7.254400000000339787e+03 -3.804713898967376079e-02
7.255200000000339969e+03 -5.558089679427794666e-02
7.256000000000340151e+03 -5.014444407294945533e-02
7.256800000000340333e+03 2.755236857984913468e-02
7.257600000000340515e+03 1.474768926378242084e-01
7.258400000000340697e+03 1.025977177841066734e-01
7.259200000000340879e+03 -2.666004937821945392e-02
7.260000000000341061e+03 -1.028632689940844197e-02
7.260800000000341242e+03 9.664631051203426138e-02
7.261600000000341424e+03 1.652055161430372454e-01
7.262400000000341606e+03 1.668268629281695614e-01
7.263200000000341788e+03 1.263851978923011543e-01
7.264000000000341970e+03 7.200760384717794227e-02
7.264800000000342152e+03 7.761396170964555974e-02
7.265600000000342334e+03 8.370019371433387589e-02
7.266400000000342516e+03 5.171018113359066026e-02
7.267200000000342698e+03 1.059433468427449926e-01
7.268000000000342880e+03 1.311009583469434636e-01
7.268800000000343061e+03 8.036056487829594530e-02
7.269600000000343243e+03 9.809323980385964425e-02
7.270400000000343425e+03 1.723334168928368770e-01
7.271200000000343607e+03 1.776191249118587168e-01
7.272000000000343789e+03 1.928859251534532637e-01
7.272800000000343971e+03 2.608735601314438601e-01
7.273600000000344153e+03 2.824305903701101461e-01
7.274400000000344335e+03 2.763787530857846342e-01
7.275200000000344517e+03 1.086864247629370089e-01
7.276000000000344698e+03 -1.446375520398837378e-01
7.276800000000344880e+03 -2.176540642918214363e-01
7.277600000000345062e+03 -2.161639642310430598e-01
7.278400000000345244e+03 -3.145920368498583142e-01
7.279200000000345426e+03 -3.907704761484063205e-01
7.280000000000345608e+03 -2.112314533868637212e-01
7.280800000000345790e+03 -2.946494566004639187e-02
7.281600000000345972e+03 2.375020676992319404e-02
7.282400000000346154e+03 6.213088754738375907e-02
7.283200000000346336e+03 3.868036021985574169e-02
7.284000000000346517e+03 -5.337127940515816460e-02
7.284800000000346699e+03 -5.295366622679007623e-02
7.285600000000346881e+03 -7.090493135251248191e-02
7.286400000000347063e+03 -1.625413306222906473e-01
7.287200000000347245e+03 -4.545767887946468300e-02
7.288000000000347427e+03 1.320920690306992828e-01
7.288800000000347609e+03 9.534212078128473378e-02
7.289600000000347791e+03 7.283177780094804432e-02
7.290400000000347973e+03 1.464132919285399403e-01
7.291200000000348155e+03 2.151037460655525202e-01
7.292000000000348336e+03 1.708388558158479009e-01
7.292800000000348518e+03 1.308574644988399482e-01
7.293600000000348700e+03 1.980076359504828187e-01
7.294400000000348882e+03 1.949216218064545036e-01
7.295200000000349064e+03 1.329047281766866095e-01
7.296000000000349246e+03 1.176793610915621291e-01
7.296800000000349428e+03 6.632667689546042911e-02
7.297600000000349610e+03 2.742915614139512098e-04
7.298400000000349792e+03 3.889413022723538227e-02
7.299200000000349974e+03 1.334092437005214571e-01
7.300000000000350155e+03 1.118887717705975143e-01
7.300800000000350337e+03 7.143108886957461046e-03
7.301600000000350519e+03 -2.619280345993613840e-02
7.302400000000350701e+03 -1.606064695031507450e-02
7.303200000000350883e+03 -3.003053896457844041e-03
7.304000000000351065e+03 3.925827473954932034e-02
7.304800000000351247e+03 1.526839701438931773e-01
7.305600000000351429e+03 2.901739545034547341e-01
7.306400000000351611e+03 2.737721485087632467e-01
7.307200000000351793e+03 2.309258941415959776e-01
7.308000000000351974e+03 1.237346804854275728e-01
7.308800000000352156e+03 -2.270038826422657308e-02
7.309600000000352338e+03 2.708562172849058453e-02
7.310400000000352520e+03 1.640506683216430561e-01
7.311200000000352702e+03 1.411009983554913361e-01
7.312000000000352884e+03 1.381813774759928781e-01
7.312800000000353066e+03 2.289781909382361813e-01
7.313600000000353248e+03 2.053448245122046212e-01
7.314400000000353430e+03 1.902773512033700265e-01
7.315200000000353612e+03 2.103646061636382514e-01
7.316000000000353793e+03 1.547200685956510446e-01
7.316800000000353975e+03 4.254750414746399922e-02
7.317600000000354157e+03 9.672676830123871916e-02
7.318400000000354339e+03 5.480203104622471955e-01
7.319200000000354521e+03 8.555812832135709645e-01
7.320000000000354703e+03 6.429733525413168227e-01
7.320800000000354885e+03 2.754376130077197393e-01
7.321600000000355067e+03 1.291269882617034903e-01
7.322400000000355249e+03 8.612558427651278992e-02
7.323200000000355431e+03 1.849459804545948438e-03
7.324000000000355612e+03 -2.933946201782670210e-02
7.324800000000355794e+03 1.562342359746192455e-02
7.325600000000355976e+03 1.168576197787970367e-01
7.326400000000356158e+03 2.661097993587881461e-01
7.327200000000356340e+03 3.756569580314085277e-01
7.328000000000356522e+03 3.466647616849904412e-01
7.328800000000356704e+03 2.083918230681918726e-01
7.329600000000356886e+03 1.289130862825741131e-01
7.330400000000357068e+03 1.957028818439260909e-01
7.331200000000357250e+03 2.576363708622537718e-01
7.332000000000357431e+03 9.800918725305096668e-02
7.332800000000357613e+03 7.497074970382219816e-02
7.333600000000357795e+03 1.857668713893204926e-01
7.334400000000357977e+03 1.180019865426688436e-01
7.335200000000358159e+03 -1.756308098447935395e-03
7.336000000000358341e+03 -6.427014925121363187e-03
7.336800000000358523e+03 1.288904773469930209e-02
7.337600000000358705e+03 -2.665338607396264964e-02
7.338400000000358887e+03 5.915677101512070712e-02
7.339200000000359069e+03 2.119796306625796878e-01
7.340000000000359250e+03 1.887282473269951688e-01
7.340800000000359432e+03 7.243715708508959017e-02
7.341600000000359614e+03 -3.528541415635053080e-02
7.342400000000359796e+03 -2.318415100933546857e-01
7.343200000000359978e+03 -2.160971834098462940e-01
7.344000000000360160e+03 5.410062010632980811e-02
7.344800000000360342e+03 1.477888886334367824e-01
7.345600000000360524e+03 5.320976851217225356e-02
7.346400000000360706e+03 -5.339996027223786745e-02
7.347200000000360887e+03 -1.008486651278124313e-01
7.348000000000361069e+03 -4.998369975910045560e-02
7.348800000000361251e+03 -2.448668714466112339e-03
7.349600000000361433e+03 -5.391685548319076482e-02
7.350400000000361615e+03 -9.966911033497841133e-02
7.351200000000361797e+03 -6.359629327390070586e-02
7.352000000000361979e+03 -1.120732764031203213e-02
7.352800000000362161e+03 2.205796143071284826e-02
7.353600000000362343e+03 9.405687866073339509e-02
7.354400000000362525e+03 1.777607973345778913e-01
7.355200000000362706e+03 1.872037547057912588e-01
7.356000000000362888e+03 1.396813204606913161e-01
7.356800000000363070e+03 8.197689452545764421e-02
7.357600000000363252e+03 5.804497149576616499e-02
7.358400000000363434e+03 3.237206322376830203e-02
7.359200000000363616e+03 -4.492517439538340485e-02
7.360000000000363798e+03 -6.616280407120217477e-02
7.360800000000363980e+03 9.380982152935642138e-02
7.361600000000364162e+03 1.762364462247919261e-01
7.362400000000364344e+03 4.485866914876404654e-02
7.363200000000364525e+03 -1.741109567975792499e-02
7.364000000000364707e+03 4.209992592361209984e-02
7.364800000000364889e+03 5.746678778826937173e-02
7.365600000000365071e+03 4.034743843566900717e-02
7.366400000000365253e+03 8.369386005029480491e-02
7.367200000000365435e+03 2.013826336405828421e-01
7.368000000000365617e+03 2.447231656597899374e-01
7.368800000000365799e+03 1.925851559574379979e-01
7.369600000000365981e+03 1.042119904382030338e-01
7.370400000000366163e+03 1.756185706038586869e-01
7.371200000000366344e+03 4.523603095972058563e-01
7.372000000000366526e+03 5.828360167840382910e-01
7.372800000000366708e+03 4.259415770271125501e-01
7.373600000000366890e+03 2.669381812316485858e-01
7.374400000000367072e+03 1.705734538660743926e-01
7.375200000000367254e+03 6.319551303371964690e-02
7.376000000000367436e+03 2.940656567242179442e-02
7.376800000000367618e+03 1.272437348911200083e-01
7.377600000000367800e+03 1.507824052536954063e-01
7.378400000000367982e+03 5.945591181404970976e-02
7.379200000000368163e+03 6.554843442774864470e-02
7.380000000000368345e+03 1.224645852460619078e-01
7.380800000000368527e+03 5.945410775522166902e-02
7.381600000000368709e+03 7.471941689544531195e-02
7.382400000000368891e+03 1.979154457280607460e-01
7.383200000000369073e+03 1.445091229269943600e-01
7.384000000000369255e+03 2.055515004029545220e-02
7.384800000000369437e+03 2.237110744309246668e-02
7.385600000000369619e+03 1.125778047067816368e-01
7.386400000000369801e+03 1.310684464098159085e-01
7.387200000000369982e+03 8.032464685447676667e-02
7.388000000000370164e+03 9.806348187620392287e-02
7.388800000000370346e+03 1.566436346485395037e-01
7.389600000000370528e+03 9.678135429469041096e-02
7.390400000000370710e+03 -4.644880923882876989e-03
7.391200000000370892e+03 -1.984081516281312185e-02
7.392000000000371074e+03 3.810945067554503962e-02
7.392800000000371256e+03 1.875603826844662869e-02
7.393600000000371438e+03 -1.582185434071696206e-01
7.394400000000371620e+03 -2.353865584569404257e-01
7.395200000000371801e+03 8.206103079500587372e-02
7.396000000000371983e+03 2.825473653177971722e-01
7.396800000000372165e+03 1.584841437878248549e-01
7.397600000000372347e+03 3.136389621183353210e-02
7.398400000000372529e+03 5.971098560651588727e-02
7.399200000000372711e+03 1.316743467434368375e-01
7.400000000000372893e+03 7.106860913770368660e-02
7.400800000000373075e+03 -6.581575360464124447e-02
7.401600000000373257e+03 -1.148118989616871977e-01
7.402400000000373439e+03 -8.686511576176741967e-02
7.403200000000373620e+03 -3.129453351002922656e-02
7.404000000000373802e+03 5.619523164357462242e-02
7.404800000000373984e+03 1.042941769095246107e-01
7.405600000000374166e+03 2.427633823570488070e-02
7.406400000000374348e+03 6.332997134897314084e-02
7.407200000000374530e+03 1.519111628338620512e-01
7.408000000000374712e+03 1.559850423132533026e-01
7.408800000000374894e+03 1.075460365420283920e-01
7.409600000000375076e+03 4.669833230411061381e-02
7.410400000000375258e+03 5.282971457789290004e-02
7.411200000000375439e+03 1.007241144723877713e-01
7.412000000000375621e+03 1.786615428090928825e-01
7.412800000000375803e+03 1.982076382409509174e-01
7.413600000000375985e+03 1.410813019387079370e-01
7.414400000000376167e+03 4.546678288125758499e-02
7.415200000000376349e+03 6.755336396916195030e-03
7.416000000000376531e+03 8.905657738229580400e-02
7.416800000000376713e+03 1.733799020645237499e-01
7.417600000000376895e+03 2.647468754510712285e-01
7.418400000000377077e+03 3.877826628889198268e-01
7.419200000000377258e+03 3.754742070551485011e-01
7.420000000000377440e+03 2.782005130190665088e-01
7.420800000000377622e+03 1.961401536893330744e-01
7.421600000000377804e+03 1.701203879439708577e-01
7.422400000000377986e+03 1.635805798124903010e-01
7.423200000000378168e+03 7.807509970810264099e-02
7.424000000000378350e+03 5.980121795620015751e-02
7.424800000000378532e+03 1.965597052230428354e-01
7.425600000000378714e+03 2.911414389709746087e-01
7.426400000000378895e+03 2.609899658031896719e-01
7.427200000000379077e+03 1.639721012923466281e-01
7.428000000000379259e+03 1.424268164331598530e-01
7.428800000000379441e+03 2.010727796114838428e-01
7.429600000000379623e+03 2.817802958180387063e-01
7.430400000000379805e+03 2.941481052567634924e-01
7.431200000000379987e+03 1.468461306927882348e-01
7.432000000000380169e+03 -6.813895042390233359e-02
7.432800000000380351e+03 -8.993922814633598106e-02
7.433600000000380533e+03 1.045554932357286304e-01
7.434400000000380714e+03 2.609269046761448774e-01
7.435200000000380896e+03 2.017724826460448040e-01
7.436000000000381078e+03 6.159198245852682413e-02
7.436800000000381260e+03 1.195895855735683994e-02
7.437600000000381442e+03 4.012046534748804627e-02
7.438400000000381624e+03 2.856492766598450750e-02
7.439200000000381806e+03 -2.542572883423587643e-02
7.440000000000381988e+03 4.611952039951368321e-02
7.440800000000382170e+03 1.916991853458486217e-01
7.441600000000382352e+03 2.209030122012480835e-01
7.442400000000382533e+03 1.658332506134505835e-01
7.443200000000382715e+03 8.813639557158788052e-02
7.444000000000382897e+03 4.189461997447305186e-02
7.444800000000383079e+03 2.830493798333178976e-02
7.445600000000383261e+03 8.414948166009611485e-02
7.446400000000383443e+03 1.617086160716156018e-01
7.447200000000383625e+03 1.629335409274072222e-01
7.448000000000383807e+03 9.874661925623594294e-02
7.448800000000383989e+03 2.485206786384848432e-02
7.449600000000384171e+03 2.664862839625227811e-02
7.450400000000384352e+03 8.726566992784762222e-02
7.451200000000384534e+03 1.854463678869514576e-01
7.452000000000384716e+03 2.703193447094406343e-01
7.452800000000384898e+03 2.698848649703250446e-01
7.453600000000385080e+03 2.816917278706194128e-01
7.454400000000385262e+03 2.704989118258356307e-01
7.455200000000385444e+03 1.917126810325394670e-01
7.456000000000385626e+03 1.381873663058633961e-01
7.456800000000385808e+03 1.872098568322475565e-01
7.457600000000385990e+03 2.473287317289812048e-01
7.458400000000386171e+03 2.587605469049655271e-01
7.459200000000386353e+03 2.952059343237762867e-01
7.460000000000386535e+03 3.083536887600487608e-01
7.460800000000386717e+03 3.107110967960965420e-01
7.461600000000386899e+03 2.500920477914060913e-01
7.462400000000387081e+03 1.443008069985893815e-01
7.463200000000387263e+03 1.229381587412993887e-01
7.464000000000387445e+03 1.524653871691922236e-01
7.464800000000387627e+03 2.025704988242852944e-01
7.465600000000387809e+03 2.521720098190589621e-01
7.466400000000387990e+03 2.719055646090942635e-01
7.467200000000388172e+03 1.849967230417478292e-01
7.468000000000388354e+03 1.313589530774956771e-01
7.468800000000388536e+03 1.509480257372314005e-01
7.469600000000388718e+03 2.053517473102776103e-01
7.470400000000388900e+03 1.688715057748566006e-01
7.471200000000389082e+03 1.457411312135032666e-01
7.472000000000389264e+03 1.376990110172046644e-01
7.472800000000389446e+03 -6.506761001144802103e-02
7.473600000000389628e+03 -2.619825353158750647e-01
7.474400000000389809e+03 -1.520721954170931312e-01
7.475200000000389991e+03 1.310071097325303802e-01
7.476000000000390173e+03 3.364556599548935711e-01
7.476800000000390355e+03 3.106540505913654715e-01
7.477600000000390537e+03 1.748284285943896843e-01
7.478400000000390719e+03 2.621467185008105605e-02
7.479200000000390901e+03 -7.117977292902166742e-02
7.480000000000391083e+03 5.584277263063531366e-02
7.480800000000391265e+03 2.303489441196897025e-01
7.481600000000391447e+03 2.469008235459878298e-01
7.482400000000391628e+03 1.754833564913475807e-01
7.483200000000391810e+03 7.474065121456141547e-02
7.484000000000391992e+03 -3.245527749725390931e-03
7.484800000000392174e+03 -7.467870142404615941e-02
7.485600000000392356e+03 -3.609814959054548356e-02
7.486400000000392538e+03 5.872280214702109424e-02
7.487200000000392720e+03 9.017467679763217780e-02
7.488000000000392902e+03 2.037748339616559379e-01
7.488800000000393084e+03 3.505524021005258506e-01
7.489600000000393266e+03 3.615974724765503856e-01
7.490400000000393447e+03 1.761205494947590544e-01
7.491200000000393629e+03 -1.134742889149664702e-03
7.492000000000393811e+03 -2.932373553874245697e-02
7.492800000000393993e+03 -4.929061644556045202e-02
7.493600000000394175e+03 2.623902541049255750e-03
7.494400000000394357e+03 9.013137606940439805e-02
7.495200000000394539e+03 5.786667343475852821e-02
7.496000000000394721e+03 1.393171877027134242e-02
7.496800000000394903e+03 7.191772955168801440e-02
7.497600000000395084e+03 7.022596016106676109e-02
7.498400000000395266e+03 1.735724405370508983e-03
7.499200000000395448e+03 2.956465013059331876e-02
7.500000000000395630e+03 1.541297556791394741e-01
7.500800000000395812e+03 2.543360022507673013e-01
7.501600000000395994e+03 2.269545847480485268e-01
7.502400000000396176e+03 2.136917622212246293e-01
7.503200000000396358e+03 2.748784451216923497e-01
7.504000000000396540e+03 3.192581503845074442e-01
7.504800000000396722e+03 2.626592418459555711e-01
7.505600000000396903e+03 1.772886022456023336e-01
7.506400000000397085e+03 2.050468459695840573e-01
7.507200000000397267e+03 2.867746099570929741e-01
7.508000000000397449e+03 2.715858437210897924e-01
7.508800000000397631e+03 2.190732796637721858e-01
7.509600000000397813e+03 1.787234946241491040e-01
7.510400000000397995e+03 1.242441221061367507e-01
7.511200000000398177e+03 1.440975127240776699e-01
7.512000000000398359e+03 9.765890730937271114e-02
7.512800000000398541e+03 -3.603737593051661858e-02
7.513600000000398722e+03 4.947927021091147459e-03
7.514400000000398904e+03 3.151969736612733608e-02
7.515200000000399086e+03 5.176335789770716150e-02
7.516000000000399268e+03 -5.012356212412416578e-05
7.516800000000399450e+03 -1.294389512322243474e-01
7.517600000000399632e+03 -1.081741194501305015e-01
7.518400000000399814e+03 -9.173863172716736902e-02
7.519200000000399996e+03 -1.240810829621200040e-01
7.520000000000400178e+03 -5.877259319353923123e-02
7.520800000000400360e+03 5.976644923255941544e-02
7.521600000000400541e+03 1.651960050201345398e-01
7.522400000000400723e+03 2.153736844072614565e-01
7.523200000000400905e+03 2.495780791091751494e-01
7.524000000000401087e+03 2.209524230493363217e-01
7.524800000000401269e+03 8.256968758289182087e-02
7.525600000000401451e+03 -8.349534470321504087e-02
7.526400000000401633e+03 -1.920696533874446943e-01
7.527200000000401815e+03 -9.411672024142028747e-02
7.528000000000401997e+03 1.152319408230084163e-01
7.528800000000402179e+03 2.599661725619249464e-01
7.529600000000402360e+03 2.685289037426544789e-01
7.530400000000402542e+03 3.025424046570649450e-01
7.531200000000402724e+03 3.648102892398473740e-01
7.532000000000402906e+03 2.159623773947474124e-01
7.532800000000403088e+03 -3.647813908915266412e-02
7.533600000000403270e+03 -1.284356688874812857e-01
7.534400000000403452e+03 -1.883736406415672388e-02
7.535200000000403634e+03 1.347886265509589121e-01
7.536000000000403816e+03 2.988611519028760988e-01
7.536800000000403998e+03 3.997954199264565633e-01
7.537600000000404179e+03 3.210621345055363896e-01
7.538400000000404361e+03 2.267222259955118668e-01
7.539200000000404543e+03 3.043636977630580498e-01
7.540000000000404725e+03 3.894692292108626885e-01
7.540800000000404907e+03 2.823657906583619814e-01
7.541600000000405089e+03 1.171429738915687191e-01
7.542400000000405271e+03 6.154997884242054129e-02
7.543200000000405453e+03 6.049054141984775562e-02
7.544000000000405635e+03 9.768070145245216773e-02
7.544800000000405817e+03 2.181092937952213706e-01
7.545600000000405998e+03 2.455368355349660248e-01
7.546400000000406180e+03 1.307559445281760713e-01
7.547200000000406362e+03 4.433810561830314745e-03
7.548000000000406544e+03 -3.782065869184528251e-02
7.548800000000406726e+03 5.004992884846652668e-02
7.549600000000406908e+03 8.685955049257518268e-02
7.550400000000407090e+03 8.215663812530429877e-02
7.551200000000407272e+03 8.018367627831929356e-02
7.552000000000407454e+03 5.213082030890756058e-02
7.552800000000407636e+03 1.194585602279871206e-01
7.553600000000407817e+03 2.082166510360868861e-01
7.554400000000407999e+03 2.043212596778642420e-01
7.555200000000408181e+03 1.630595415891294975e-01
7.556000000000408363e+03 1.232348245667550524e-01
7.556800000000408545e+03 1.518823467923356985e-01
7.557600000000408727e+03 2.453199905189441532e-01
7.558400000000408909e+03 2.850499890534234915e-01
7.559200000000409091e+03 2.262212360236947606e-01
7.560000000000409273e+03 2.345728586435049390e-01
7.560800000000409455e+03 3.256913193558226283e-01
7.561600000000409636e+03 2.972295155348656515e-01
7.562400000000409818e+03 1.199835593795654382e-01
7.563200000000410000e+03 -1.711195566773894908e-02
7.564000000000410182e+03 -3.639833687033207366e-02
7.564800000000410364e+03 1.072851359526563048e-02
7.565600000000410546e+03 3.455383926687478902e-02
7.566400000000410728e+03 6.666103436328532639e-02
7.567200000000410910e+03 1.140184587213799450e-01
7.568000000000411092e+03 1.712377612977735719e-01
7.568800000000411274e+03 2.521381338710836362e-01
7.569600000000411455e+03 2.740763917831363083e-01
7.570400000000411637e+03 1.981292419772937297e-01
7.571200000000411819e+03 9.420839999535446374e-02
7.572000000000412001e+03 -1.698757067278383950e-02
7.572800000000412183e+03 -8.266270459440620832e-02
7.573600000000412365e+03 -7.481459110080694586e-02
7.574400000000412547e+03 3.378906901957351785e-04
7.575200000000412729e+03 4.862996300871740007e-02
7.576000000000412911e+03 6.674270647335274302e-03
7.576800000000413092e+03 -1.761096242511055524e-02
7.577600000000413274e+03 7.504055472978854446e-02
7.578400000000413456e+03 2.072049096870001716e-01
7.579200000000413638e+03 2.254465658049199517e-01
7.580000000000413820e+03 1.470036965813225904e-01
7.580800000000414002e+03 1.404979372189714970e-01
7.581600000000414184e+03 1.179387887550698566e-01
7.582400000000414366e+03 1.181162114594507678e-02
7.583200000000414548e+03 -1.659473652999293378e-02
7.584000000000414730e+03 5.393422137765177538e-02
7.584800000000414911e+03 9.763638802696367192e-02
7.585600000000415093e+03 6.005614240475274507e-02
7.586400000000415275e+03 -4.155112611319315696e-02
7.587200000000415457e+03 -1.171708384097998740e-01
7.588000000000415639e+03 1.758412549780853651e-03
7.588800000000415821e+03 1.582757916010310018e-01
7.589600000000416003e+03 1.662979884772157746e-01
7.590400000000416185e+03 2.415557318456828528e-01
7.591200000000416367e+03 3.198182413654951373e-01
7.592000000000416549e+03 2.327658518548633704e-01
7.592800000000416730e+03 9.197791389511796034e-02
7.593600000000416912e+03 4.179804869760229968e-02
7.594400000000417094e+03 2.104953988835378542e-02
7.595200000000417276e+03 3.379583348665574083e-02
7.596000000000417458e+03 1.181385336906624478e-01
7.596800000000417640e+03 2.407789829740653031e-01
7.597600000000417822e+03 2.846871091179474234e-01
7.598400000000418004e+03 1.512025224364910436e-01
7.599200000000418186e+03 7.856116012361626100e-02
7.600000000000418368e+03 2.191316715063562626e-01
7.600800000000418549e+03 4.105397678601816480e-01
7.601600000000418731e+03 4.134513735423936964e-01
7.602400000000418913e+03 3.286120061448675189e-01
7.603200000000419095e+03 1.555419581217589164e-01
7.604000000000419277e+03 -2.259743548370786448e-01
7.604800000000419459e+03 -3.937955724662061119e-01
7.605600000000419641e+03 -1.547458545239288052e-01
7.606400000000419823e+03 1.299273959582858962e-01
7.607200000000420005e+03 4.682984856592172646e-02
7.608000000000420187e+03 -2.807116812162243624e-01
7.608800000000420368e+03 -3.461978088560739297e-01
7.609600000000420550e+03 -2.066174030746743828e-01
7.610400000000420732e+03 -1.540703377551013442e-01
7.611200000000420914e+03 -1.132513499353878239e-01
7.612000000000421096e+03 -5.057591145684772749e-02
7.612800000000421278e+03 7.675602140585663369e-02
7.613600000000421460e+03 1.505305558419494094e-01
7.614400000000421642e+03 2.643790221244294303e-01
7.615200000000421824e+03 2.642683373650000500e-01
7.616000000000422006e+03 2.396722298335318968e-01
7.616800000000422187e+03 4.543078083841828319e-01
7.617600000000422369e+03 5.086770768719910407e-01
7.618400000000422551e+03 2.373919386217399619e-01
7.619200000000422733e+03 -2.966445669432911381e-02
7.620000000000422915e+03 -2.456849684422733882e-01
7.620800000000022919e+03 -2.829327373349345698e-01
7.621600000000023101e+03 -1.766988425235528626e-02
7.622400000000023283e+03 2.019856021075100982e-01
7.623200000000023465e+03 1.159466520168517950e-01
7.624000000000023647e+03 6.328379144385368194e-02
7.624800000000023829e+03 1.035183841432338048e-01
7.625600000000024011e+03 1.083361931734296013e-01
7.626400000000024193e+03 1.184761692761876761e-01
7.627200000000024374e+03 1.888592653972138158e-01
7.628000000000024556e+03 2.047686970526730044e-01
7.628800000000024738e+03 1.845065125711078113e-01
7.629600000000024920e+03 1.764450386629622669e-01
7.630400000000025102e+03 1.140097512172270761e-01
7.631200000000025284e+03 1.113256078604659555e-02
7.632000000000025466e+03 -9.681885064271168739e-02
7.632800000000025648e+03 -1.585364767221099924e-01
7.633600000000025830e+03 -4.913690685006589370e-02
7.634400000000026012e+03 1.048584700134025244e-01
7.635200000000026193e+03 1.581877172069283410e-01
7.636000000000026375e+03 1.198004691597025773e-01
7.636800000000026557e+03 3.900308444418844334e-02
7.637600000000026739e+03 2.103119268727027258e-03
7.638400000000026921e+03 5.842683368090449691e-02
7.639200000000027103e+03 1.954118901028029098e-01
7.640000000000027285e+03 2.631606078303533880e-01
7.640800000000027467e+03 2.093342288175470967e-01
7.641600000000027649e+03 1.523259698489610181e-01
7.642400000000027831e+03 6.757508233725931235e-02
7.643200000000028012e+03 -7.212015612489149075e-02
7.644000000000028194e+03 -4.947069029769859960e-02
7.644800000000028376e+03 5.877356718261451257e-02
7.645600000000028558e+03 8.433054105750095730e-02
7.646400000000028740e+03 2.754866372579958811e-02
7.647200000000028922e+03 -4.310872033572055173e-02
7.648000000000029104e+03 -2.683349779553077102e-02
7.648800000000029286e+03 -4.788047972259165674e-03
7.649600000000029468e+03 6.294875242987059416e-03
7.650400000000029650e+03 7.609305558649873125e-02
7.651200000000029831e+03 2.363052549360795118e-01
7.652000000000030013e+03 3.000178905655332406e-01
7.652800000000030195e+03 2.023431192594678518e-01
7.653600000000030377e+03 1.964629491240769965e-01
7.654400000000030559e+03 2.081489555752375487e-01
7.655200000000030741e+03 1.033569254479701216e-01
7.656000000000030923e+03 4.561937710601690621e-03
7.656800000000031105e+03 2.461043902051845977e-02
7.657600000000031287e+03 1.383856366640705826e-01
7.658400000000031469e+03 1.583239393071847467e-01
7.659200000000031650e+03 6.825332419297497344e-02
7.660000000000031832e+03 3.559786441798415413e-02
7.660800000000032014e+03 5.392876165600675453e-02
7.661600000000032196e+03 7.367237938635620709e-02
7.662400000000032378e+03 3.583498550822574596e-02
7.663200000000032560e+03 -5.000024517260474866e-02
7.664000000000032742e+03 -1.257868226270699927e-02
7.664800000000032924e+03 1.027981159471109546e-01
7.665600000000033106e+03 1.383869919004200866e-01
7.666400000000033288e+03 1.155254353664602468e-01
7.667200000000033469e+03 1.055492956862456588e-01
7.668000000000033651e+03 1.636742627084716017e-01
7.668800000000033833e+03 1.269729637581383797e-01
7.669600000000034015e+03 4.228628447542244484e-02
7.670400000000034197e+03 1.000804246765782113e-01
7.671200000000034379e+03 1.237337745450830945e-01
7.672000000000034561e+03 1.106817664666707446e-01
7.672800000000034743e+03 2.040417587102922314e-01
7.673600000000034925e+03 2.810810166848043412e-01
7.674400000000035106e+03 2.166688758417610605e-01
7.675200000000035288e+03 1.623014251157287036e-01
7.676000000000035470e+03 1.430412919945411310e-01
7.676800000000035652e+03 9.610339002790697915e-02
7.677600000000035834e+03 4.462194855414982481e-02
7.678400000000036016e+03 7.249179331937392889e-02
7.679200000000036198e+03 1.538950821355260790e-01
7.680000000000036380e+03 2.279562165253879169e-01
7.680800000000036562e+03 2.376238486326293087e-01
7.681600000000036744e+03 2.065928125954078487e-01
7.682400000000036925e+03 2.026362298984932808e-01
7.683200000000037107e+03 2.027908067512288193e-01
7.684000000000037289e+03 1.178583323814270389e-01
7.684800000000037471e+03 1.695781359593958454e-02
7.685600000000037653e+03 -5.459682618137949583e-02
7.686400000000037835e+03 -5.383004370528469279e-02
7.687200000000038017e+03 2.830618466372631509e-02
7.688000000000038199e+03 1.379765574972007802e-01
7.688800000000038381e+03 2.116023149016368343e-01
7.689600000000038563e+03 2.150547762038349797e-01
7.690400000000038744e+03 2.470253170309089918e-01
7.691200000000038926e+03 1.886519812699390120e-01
7.692000000000039108e+03 1.419314833480776472e-01
7.692800000000039290e+03 2.487530369875757263e-01
7.693600000000039472e+03 2.912429831378774425e-01
7.694400000000039654e+03 1.652493622182238664e-01
7.695200000000039836e+03 3.945279407964517177e-02
7.696000000000040018e+03 3.233932953661108889e-02
7.696800000000040200e+03 3.005350004534047478e-02
7.697600000000040382e+03 -2.052117219352313573e-02
7.698400000000040563e+03 -3.869942146080740386e-02
7.699200000000040745e+03 1.112682867922944463e-01
7.700000000000040927e+03 2.901042139977014211e-01
7.700800000000041109e+03 1.752229250180277753e-01
7.701600000000041291e+03 -5.075035284153326526e-02
7.702400000000041473e+03 -9.125595081845479239e-02
7.703200000000041655e+03 -1.829670057469031524e-02
7.704000000000041837e+03 6.558499342764068096e-02
7.704800000000042019e+03 1.020695013812771834e-01
7.705600000000042201e+03 6.836038908725480812e-02
7.706400000000042382e+03 5.311376619099931334e-02
7.707200000000042564e+03 8.822499157401300640e-02
7.708000000000042746e+03 1.245135011793480906e-01
7.708800000000042928e+03 1.574438910012247173e-01
7.709600000000043110e+03 1.683472633663136986e-01
7.710400000000043292e+03 1.752392382926801495e-01
7.711200000000043474e+03 1.316641820754993475e-01
7.712000000000043656e+03 3.969926008393685757e-02
7.712800000000043838e+03 -8.087795264664729422e-03
7.713600000000044020e+03 1.197858842035154359e-01
7.714400000000044201e+03 4.436851677251432147e-01
7.715200000000044383e+03 6.638844564079505739e-01
7.716000000000044565e+03 4.807909067280622395e-01
7.716800000000044747e+03 2.425854451002735779e-01
7.717600000000044929e+03 3.680512478384462272e-02
7.718400000000045111e+03 -7.432368099160507890e-02
7.719200000000045293e+03 7.813973139318672323e-02
7.720000000000045475e+03 1.517179800652108390e-01
7.720800000000045657e+03 1.941663134992538953e-01
7.721600000000045839e+03 2.143427091666758599e-01
7.722400000000046020e+03 1.485107001133779969e-01
7.723200000000046202e+03 1.229535888779804964e-01
7.724000000000046384e+03 2.087737840687433066e-01
7.724800000000046566e+03 2.560636036148147276e-01
7.725600000000046748e+03 2.861885797898640615e-01
7.726400000000046930e+03 2.915185390622319073e-01
7.727200000000047112e+03 1.220750254711020361e-01
7.728000000000047294e+03 8.882127518680771328e-02
7.728800000000047476e+03 3.076603887173780527e-01
7.729600000000047658e+03 4.240550690068918827e-01
7.730400000000047839e+03 3.402829260205398887e-01
7.731200000000048021e+03 1.849795650845559303e-01
7.732000000000048203e+03 6.957271507172665959e-02
7.732800000000048385e+03 9.085229567996985778e-02
7.733600000000048567e+03 1.188628636136029315e-01
7.734400000000048749e+03 3.139045715619295102e-02
7.735200000000048931e+03 -3.424976529371738521e-02
7.736000000000049113e+03 2.150951067095496771e-02
7.736800000000049295e+03 1.491017934988194404e-01
7.737600000000049477e+03 1.670063990861996861e-01
7.738400000000049658e+03 6.056969434564338228e-02
7.739200000000049840e+03 -1.344110416101146344e-02
7.740000000000050022e+03 2.483739527030053018e-02
7.740800000000050204e+03 5.053122777828627371e-02
7.741600000000050386e+03 6.427085445884497816e-02
7.742400000000050568e+03 5.244475094581851904e-02
7.743200000000050750e+03 4.210849831863620885e-02
7.744000000000050932e+03 1.717521512749318330e-02
7.744800000000051114e+03 -5.821982411240175098e-02
7.745600000000051296e+03 -8.070045680813048294e-02
7.746400000000051477e+03 -3.192708007508923695e-02
7.747200000000051659e+03 2.712774409783941937e-02
7.748000000000051841e+03 5.069270134220523610e-02
7.748800000000052023e+03 5.758996172970035077e-02
7.749600000000052205e+03 9.926532519889802453e-02
7.750400000000052387e+03 1.928835474466773225e-01
7.751200000000052569e+03 3.001911857187988808e-01
7.752000000000052751e+03 2.548936414316218535e-01
7.752800000000052933e+03 9.675846389775977219e-03
7.753600000000053114e+03 2.598398528800938134e-02
7.754400000000053296e+03 1.642380766286068994e-01
7.755200000000053478e+03 2.361643916127169618e-01
7.756000000000053660e+03 1.998449755799657501e-01
7.756800000000053842e+03 8.862094617626717352e-02
7.757600000000054024e+03 1.052433985290780749e-02
7.758400000000054206e+03 3.976824231764153339e-03
7.759200000000054388e+03 3.167789552704883271e-02
7.760000000000054570e+03 -7.677624920720863347e-03
7.760800000000054752e+03 -9.433422985439982034e-02
7.761600000000054933e+03 -5.451722723590977926e-02
7.762400000000055115e+03 1.988076600142943129e-01
7.763200000000055297e+03 3.901642733051348122e-01
7.764000000000055479e+03 2.745979542428270137e-01
7.764800000000055661e+03 1.274719341360324165e-01
7.765600000000055843e+03 5.035328182044580131e-02
7.766400000000056025e+03 2.590474033243997387e-02
7.767200000000056207e+03 8.605926131035337989e-02
7.768000000000056389e+03 1.411813902567420065e-01
7.768800000000056571e+03 1.491481625856192206e-01
7.769600000000056752e+03 9.476073197474360610e-02
7.770400000000056934e+03 3.056708484670699749e-02
7.771200000000057116e+03 7.133509908168123026e-02
7.772000000000057298e+03 2.141402029832861764e-01
7.772800000000057480e+03 2.853167190586137769e-01
7.773600000000057662e+03 2.335937739822297465e-01
7.774400000000057844e+03 1.005658730077582247e-01
7.775200000000058026e+03 -7.712479661903161310e-02
7.776000000000058208e+03 -5.703017714734326393e-02
7.776800000000058390e+03 2.046256960166324967e-01
7.777600000000058571e+03 2.817019896477060970e-01
7.778400000000058753e+03 1.795350749753551189e-01
7.779200000000058935e+03 1.163411197285727505e-01
7.780000000000059117e+03 1.892007514147480696e-01
7.780800000000059299e+03 2.912226682502052633e-01
7.781600000000059481e+03 2.955754712022056196e-01
7.782400000000059663e+03 1.869395922234433072e-01
7.783200000000059845e+03 8.355405953150154066e-03
7.784000000000060027e+03 -8.305218693741342473e-02
7.784800000000060209e+03 -5.828315885663418183e-03
7.785600000000060390e+03 1.150084438616379989e-01
7.786400000000060572e+03 1.882235683138843707e-01
7.787200000000060754e+03 2.165196924104630660e-01
7.788000000000060936e+03 1.974234075380842945e-01
7.788800000000061118e+03 1.239510788785929546e-01
7.789600000000061300e+03 8.299282120804175877e-02
7.790400000000061482e+03 9.346521101610469340e-02
7.791200000000061664e+03 8.441654639579312946e-02
7.792000000000061846e+03 7.501444601478876595e-02
7.792800000000062028e+03 8.043160370502962231e-02
7.793600000000062209e+03 -3.522705032746521747e-02
7.794400000000062391e+03 -2.135960341582157362e-01
7.795200000000062573e+03 -3.769687786673524554e-01
7.796000000000062755e+03 -4.359907252544718004e-01
7.796800000000062937e+03 -2.414445135656042019e-01
7.797600000000063119e+03 -6.547390144245629484e-03
7.798400000000063301e+03 1.913990864165973360e-01
7.799200000000063483e+03 2.619788287961973827e-01
7.800000000000063665e+03 1.808036195566737614e-01
7.800800000000063847e+03 6.947527406855331933e-02
7.801600000000064028e+03 9.704997553212556249e-02
7.802400000000064210e+03 1.339227333683996601e-01
7.803200000000064392e+03 1.171094138361117309e-01
7.804000000000064574e+03 6.387357057061672505e-02
7.804800000000064756e+03 -1.045412672695995165e-02
7.805600000000064938e+03 -8.881884411628396259e-02
7.806400000000065120e+03 -1.205599179734705706e-01
7.807200000000065302e+03 -9.645539144293432954e-02
7.808000000000065484e+03 1.869707946752433708e-02
7.808800000000065666e+03 5.623692535381594887e-02
7.809600000000065847e+03 -3.149806486385230142e-02
7.810400000000066029e+03 -3.448042022716930194e-02
7.811200000000066211e+03 1.405176896780196416e-01
7.812000000000066393e+03 3.371969750563062473e-01
7.812800000000066575e+03 2.884120617815060794e-01
7.813600000000066757e+03 8.429767252327888261e-02
7.814400000000066939e+03 -5.807903474215492939e-04
7.815200000000067121e+03 -3.927412832094554634e-03
7.816000000000067303e+03 -5.618121851393796662e-02
7.816800000000067485e+03 -9.091219023609548033e-02
7.817600000000067666e+03 -4.553292158391156891e-02
7.818400000000067848e+03 -1.938363755583881118e-02
7.819200000000068030e+03 -2.927457916977919614e-02
7.820000000000068212e+03 6.322071547885499410e-03
7.820800000000068394e+03 7.110406347740562405e-02
7.821600000000068576e+03 -1.746125118703568263e-02
7.822400000000068758e+03 -2.582837459732757468e-01
7.823200000000068940e+03 -1.372968311181421153e-01
7.824000000000069122e+03 4.793267430445593003e-01
7.824800000000069303e+03 7.246167927558591071e-01
7.825600000000069485e+03 4.608482859207867488e-01
7.826400000000069667e+03 1.369796829282095008e-01
7.827200000000069849e+03 7.928302368428367941e-02
7.828000000000070031e+03 1.406651362564143581e-01
7.828800000000070213e+03 1.493163223697728803e-01
7.829600000000070395e+03 8.743109152342509738e-02
7.830400000000070577e+03 3.521707642304733321e-02
7.831200000000070759e+03 6.262794949031105785e-02
7.832000000000070941e+03 2.912085043985752214e-02
7.832800000000071122e+03 -1.005614217731446575e-02
7.833600000000071304e+03 4.532238703738672436e-02
7.834400000000071486e+03 6.570877355013654553e-02
7.835200000000071668e+03 5.094810303792946665e-02
7.836000000000071850e+03 8.594540007656588376e-02
7.836800000000072032e+03 1.603628448669355000e-01
7.837600000000072214e+03 1.982559376180594024e-01
7.838400000000072396e+03 1.891283459778165255e-01
7.839200000000072578e+03 1.721151593075184727e-01
7.840000000000072760e+03 1.275152988683102839e-01
7.840800000000072941e+03 7.022846381668866600e-02
7.841600000000073123e+03 2.853227476150423103e-02
7.842400000000073305e+03 2.760103865709367943e-02
7.843200000000073487e+03 7.196988756520482367e-02
7.844000000000073669e+03 1.727908956649238659e-01
7.844800000000073851e+03 1.576000139403071487e-01
7.845600000000074033e+03 1.025536497604273289e-01
7.846400000000074215e+03 1.345672568605424668e-01
7.847200000000074397e+03 1.130250504136985912e-01
7.848000000000074579e+03 6.013609398806842726e-02
7.848800000000074760e+03 1.238125315800316512e-01
7.849600000000074942e+03 2.051936887183560820e-01
7.850400000000075124e+03 1.280605004294628202e-01
7.851200000000075306e+03 -1.648881460751122283e-02
7.852000000000075488e+03 -1.417013895116167599e-02
7.852800000000075670e+03 1.234026475192957634e-01
7.853600000000075852e+03 2.119623758828931837e-01
7.854400000000076034e+03 2.429285562466282911e-01
7.855200000000076216e+03 4.308160559601479367e-01
7.856000000000076398e+03 6.744638891109442369e-01
7.856800000000076579e+03 6.749240238173125350e-01
7.857600000000076761e+03 5.116902230901075876e-01
7.858400000000076943e+03 2.718917828913332557e-01
7.859200000000077125e+03 1.849714215580379739e-01
7.860000000000077307e+03 2.764441692442961562e-01
7.860800000000077489e+03 3.390344013664318701e-01
7.861600000000077671e+03 3.127283914493017014e-01
7.862400000000077853e+03 3.470109022767615126e-01
7.863200000000078035e+03 3.966595025416529419e-01
7.864000000000078217e+03 1.997154254844446530e-01
7.864800000000078398e+03 6.947727329750477687e-02
7.865600000000078580e+03 1.256959554784228272e-01
7.866400000000078762e+03 1.697108637152787147e-01
7.867200000000078944e+03 2.074701611842237892e-01
7.868000000000079126e+03 2.656312365163628342e-01
7.868800000000079308e+03 2.655036392434456105e-01
7.869600000000079490e+03 1.752797308525767539e-01
7.870400000000079672e+03 1.209332067711186426e-01
7.871200000000079854e+03 9.801479588601241799e-02
7.872000000000080036e+03 1.370530163315099303e-02
7.872800000000080217e+03 -5.136171887335639480e-02
7.873600000000080399e+03 -7.495993527451007277e-02
7.874400000000080581e+03 -3.161552501213359123e-02
7.875200000000080763e+03 5.247352601328268695e-02
7.876000000000080945e+03 7.434622625221055936e-02
7.876800000000081127e+03 -7.855479108382440456e-03
7.877600000000081309e+03 -2.572251769419882372e-02
7.878400000000081491e+03 5.822998906087620274e-02
7.879200000000081673e+03 8.794526373127456442e-02
7.880000000000081855e+03 6.069823700570704111e-02
7.880800000000082036e+03 6.136449844013099064e-02
7.881600000000082218e+03 7.414819841405076439e-02
7.882400000000082400e+03 1.857848228324944506e-02
7.883200000000082582e+03 -5.760577173280091723e-02
7.884000000000082764e+03 -5.844353210513458796e-02
7.884800000000082946e+03 2.143748094154059036e-02
7.885600000000083128e+03 4.343962977379903223e-02
7.886400000000083310e+03 5.821298704318480371e-02
7.887200000000083492e+03 1.149947099952922519e-01
7.888000000000083674e+03 2.113405917201865714e-01
7.888800000000083855e+03 2.338147568133379095e-01
7.889600000000084037e+03 2.007609118023107042e-01
7.890400000000084219e+03 3.033174105505315188e-01
7.891200000000084401e+03 2.339200075097405684e-01
7.892000000000084583e+03 -3.042884763843820006e-02
7.892800000000084765e+03 -1.178279513795922329e-01
7.893600000000084947e+03 -9.013489120472796545e-02
7.894400000000085129e+03 -7.560440094677531309e-02
7.895200000000085311e+03 -5.457925094626087797e-02
7.896000000000085493e+03 4.796309835011623723e-02
7.896800000000085674e+03 1.471765976727175407e-01
7.897600000000085856e+03 1.931130855608600705e-01
7.898400000000086038e+03 2.093001983847788683e-01
7.899200000000086220e+03 2.078579365503252785e-01
7.900000000000086402e+03 1.988685267388321243e-01
7.900800000000086584e+03 2.184184996652272781e-01
7.901600000000086766e+03 1.359857730762323580e-01
7.902400000000086948e+03 -9.720983717305543836e-03
7.903200000000087130e+03 -2.361393776347425061e-02
7.904000000000087311e+03 9.460609863853403079e-02
7.904800000000087493e+03 2.196806124554489537e-01
7.905600000000087675e+03 2.509306599197980159e-01
7.906400000000087857e+03 1.483561590038868228e-01
7.907200000000088039e+03 -2.247192175414172016e-02
7.908000000000088221e+03 -1.977176725229472937e-02
7.908800000000088403e+03 1.375869702274175876e-01
7.909600000000088585e+03 1.870059075091152212e-01
7.910400000000088767e+03 1.110308471712054823e-01
7.911200000000088949e+03 7.123201017753866271e-02
7.912000000000089130e+03 1.833928174632225294e-02
7.912800000000089312e+03 -4.032597438988343164e-02
7.913600000000089494e+03 7.541222659830730535e-02
7.914400000000089676e+03 1.377051725331421839e-01
7.915200000000089858e+03 8.130635131050928388e-02
7.916000000000090040e+03 3.395872250550065474e-01
7.916800000000090222e+03 5.352297494863846872e-01
7.917600000000090404e+03 2.259864511839726753e-01
7.918400000000090586e+03 6.230974701879440220e-03
7.919200000000090768e+03 9.065738563195997746e-02
7.920000000000090949e+03 5.583694624038879062e-02
7.920800000000091131e+03 -9.300175534054951065e-02
7.921600000000091313e+03 -4.195185544540022682e-02
7.922400000000091495e+03 4.920803929506042951e-02
7.923200000000091677e+03 4.069860834499576530e-02
7.924000000000091859e+03 1.848584068635845956e-02
7.924800000000092041e+03 6.468287776460036886e-02
7.925600000000092223e+03 8.629817598553930769e-02
7.926400000000092405e+03 8.018498737229214079e-02
7.927200000000092587e+03 5.765627017190540216e-02
7.928000000000092768e+03 -5.663579351629421943e-03
7.928800000000092950e+03 3.339251917434155059e-02
7.929600000000093132e+03 1.228126171762075058e-01
7.930400000000093314e+03 1.412097737582445611e-01
7.931200000000093496e+03 1.663764788327172506e-01
7.932000000000093678e+03 2.232555678987204195e-01
7.932800000000093860e+03 7.396332497414044582e-02
7.933600000000094042e+03 -2.233732814814083922e-01
7.934400000000094224e+03 -2.681662320216846584e-01
7.935200000000094406e+03 6.661289701478806391e-03
7.936000000000094587e+03 1.138696376971699148e-01
7.936800000000094769e+03 -4.021802234852078772e-02
7.937600000000094951e+03 -6.359682555810380888e-02
7.938400000000095133e+03 2.928758379757622626e-02
7.939200000000095315e+03 1.476401336398391537e-02
7.940000000000095497e+03 -2.228969059115396001e-02
7.940800000000095679e+03 -2.876606652614484283e-02
7.941600000000095861e+03 -3.135346529299114227e-02
7.942400000000096043e+03 1.107443387569335830e-01
7.943200000000096225e+03 2.291888910370485366e-01
7.944000000000096406e+03 1.554302008971144566e-01
7.944800000000096588e+03 1.143740156873936098e-01
7.945600000000096770e+03 1.685286428590129504e-01
7.946400000000096952e+03 1.945244635245050313e-01
7.947200000000097134e+03 1.747090930898974881e-01
7.948000000000097316e+03 1.354353190897030768e-01
7.948800000000097498e+03 1.177894006055024978e-01
7.949600000000097680e+03 1.733872493776675572e-01
7.950400000000097862e+03 2.558113714406217154e-01
7.951200000000098044e+03 3.058008232427525952e-01
7.952000000000098225e+03 2.945611575112906388e-01
7.952800000000098407e+03 2.057417017548658633e-01
7.953600000000098589e+03 5.840323905810500260e-02
7.954400000000098771e+03 4.154746060398424590e-02
7.955200000000098953e+03 1.517509897710956623e-01
7.956000000000099135e+03 1.794309640136103612e-01
7.956800000000099317e+03 7.888603613596675834e-02
7.957600000000099499e+03 2.829262865504560479e-02
7.958400000000099681e+03 9.691944349523141933e-02
7.959200000000099863e+03 1.766301140352269372e-01
7.960000000000100044e+03 1.985229506905390184e-01
7.960800000000100226e+03 1.504168320426043093e-01
7.961600000000100408e+03 9.791085711148633797e-02
7.962400000000100590e+03 8.189352529171686768e-02
7.963200000000100772e+03 4.661434626462656466e-02
7.964000000000100954e+03 1.222443996456469562e-02
7.964800000000101136e+03 4.684571622335753638e-02
7.965600000000101318e+03 -3.725000993095078927e-02
7.966400000000101500e+03 -1.217572910596260438e-01
7.967200000000101682e+03 1.580915448541404533e-01
7.968000000000101863e+03 4.426621372456442383e-01
7.968800000000102045e+03 4.652395435598439266e-01
7.969600000000102227e+03 3.535103848312524111e-01
7.970400000000102409e+03 2.476639698495468611e-01
7.971200000000102591e+03 2.315318405698683635e-01
7.972000000000102773e+03 2.220127529201172401e-01
7.972800000000102955e+03 2.043782925965426100e-01
7.973600000000103137e+03 2.506209141547032226e-01
7.974400000000103319e+03 2.497405656285269782e-01
7.975200000000103500e+03 1.172808627363259304e-01
7.976000000000103682e+03 -2.534788924735562055e-03
7.976800000000103864e+03 -6.704815332131269789e-04
7.977600000000104046e+03 1.727460990734766208e-02
7.978400000000104228e+03 4.801902269993169048e-02
7.979200000000104410e+03 4.063690980914165529e-02
7.980000000000104592e+03 -2.274920510390585071e-02
7.980800000000104774e+03 2.951171306022898344e-02
7.981600000000104956e+03 2.967452536848267375e-01
7.982400000000105138e+03 6.547458625477904359e-01
7.983200000000105319e+03 6.325989636977078501e-01
7.984000000000105501e+03 3.925966136274550156e-01
7.984800000000105683e+03 2.314185904210562805e-01
7.985600000000105865e+03 1.283946209476911071e-01
7.986400000000106047e+03 1.000127358875342876e-01
7.987200000000106229e+03 1.202025004440003264e-01
7.988000000000106411e+03 2.092974454720569755e-01
7.988800000000106593e+03 2.132855633052380684e-01
7.989600000000106775e+03 6.238153094244307251e-02
7.990400000000106957e+03 -3.388063778369534984e-02
7.991200000000107138e+03 -1.465540875546752358e-02
7.992000000000107320e+03 9.819553005706790905e-03
7.992800000000107502e+03 -4.606568621668841179e-02
7.993600000000107684e+03 -2.225632928459205517e-01
7.994400000000107866e+03 -3.694598180171989599e-01
7.995200000000108048e+03 -3.941829661727253020e-01
7.996000000000108230e+03 -1.673828211588339332e-01
7.996800000000108412e+03 1.839457794768085408e-01
7.997600000000108594e+03 3.021449807284145583e-01
7.998400000000108776e+03 2.738277140622342731e-01
7.999200000000108957e+03 2.441058239497218563e-01
8.000000000000109139e+03 2.357222608429918875e-01
8.000800000000109321e+03 2.881901550690533220e-01
8.001600000000109503e+03 3.153466401481730408e-01
8.002400000000109685e+03 2.130846581425831221e-01
8.003200000000109867e+03 5.623802537960062575e-02
8.004000000000110049e+03 -2.253678677412736253e-02
8.004800000000110231e+03 5.452370318052465747e-02
8.005600000000110413e+03 1.192896317517308791e-01
8.006400000000110595e+03 4.520677796513516977e-02
8.007200000000110776e+03 -4.031380072080122112e-02
8.008000000000110958e+03 -8.055583324509021925e-03
8.008800000000111140e+03 2.568321996712709734e-02
8.009600000000111322e+03 9.618094079417688347e-02
8.010400000000111504e+03 2.481799773163914091e-01
8.011200000000111686e+03 2.919273176338922915e-01
8.012000000000111868e+03 1.367414696379564698e-01
8.012800000000112050e+03 -2.728992445343315226e-02
8.013600000000112232e+03 -3.931028353753231175e-02
8.014400000000112414e+03 7.222346553962116777e-04
8.015200000000112595e+03 -2.628632564780353925e-02
8.016000000000112777e+03 -9.731197013011080518e-03
8.016800000000112959e+03 1.035677748448593505e-03
8.017600000000113141e+03 -1.085952188692416998e-02
8.018400000000113323e+03 1.151239924084073163e-01
8.019200000000113505e+03 2.083396247817917990e-01
8.020000000000113687e+03 1.541443256903064773e-01
8.020800000000113869e+03 1.112187178567682899e-01
8.021600000000114051e+03 1.919362260433142009e-01
8.022400000000114233e+03 2.708238469298088757e-01
8.023200000000114414e+03 3.068555471804672030e-01
8.024000000000114596e+03 2.914009892596771123e-01
8.024800000000114778e+03 1.489953403391062192e-01
8.025600000000114960e+03 3.640285350547953214e-02
8.026400000000115142e+03 9.045177281554483972e-02
8.027200000000115324e+03 1.512614637732689893e-01
8.028000000000115506e+03 1.143477524848226512e-01
8.028800000000115688e+03 1.260247327892776159e-01
8.029600000000115870e+03 1.327519103947713830e-01
8.030400000000116052e+03 3.748857317853628024e-02
8.031200000000116233e+03 1.279565315837612183e-02
8.032000000000116415e+03 2.957269851553940773e-02
8.032800000000116597e+03 1.780281863010144128e-03
8.033600000000116779e+03 -3.748847032097891996e-02
8.034400000000116961e+03 1.254143623841541717e-02
8.035200000000117143e+03 7.502811759436225914e-02
8.036000000000117325e+03 1.040006463622373256e-01
8.036800000000117507e+03 1.843858040047691715e-01
8.037600000000117689e+03 2.360425000852585387e-01
8.038400000000117871e+03 2.234907663338208395e-01
8.039200000000118052e+03 2.042909044024459053e-01
8.040000000000118234e+03 1.464856692822618101e-01
8.040800000000118416e+03 5.403490221450529124e-02
8.041600000000118598e+03 -3.857241293882096578e-03
8.042400000000118780e+03 3.166201906239273639e-02
8.043200000000118962e+03 1.177141197711985832e-01
8.044000000000119144e+03 1.131770257665292850e-01
8.044800000000119326e+03 1.469697102044971102e-02
8.045600000000119508e+03 -1.716265861745079960e-02
8.046400000000119690e+03 1.008899121829450601e-01
8.047200000000119871e+03 1.944622423888262286e-01
8.048000000000120053e+03 1.186789755392606838e-01
8.048800000000120235e+03 9.258131850435620536e-03
8.049600000000120417e+03 1.367316958286184103e-02
8.050400000000120599e+03 1.205325971994329337e-01
8.051200000000120781e+03 2.291444723908128978e-01
8.052000000000120963e+03 2.799440990088635228e-01
8.052800000000121145e+03 2.448007585350311932e-01
8.053600000000121327e+03 2.122185333155297282e-01
8.054400000000121508e+03 2.036899989984150283e-01
8.055200000000121690e+03 1.589722891530930271e-01
8.056000000000121872e+03 1.419420475533186010e-01
8.056800000000122054e+03 1.724928687156460638e-01
8.057600000000122236e+03 1.964713750376334001e-01
8.058400000000122418e+03 1.614353591344871441e-01
8.059200000000122600e+03 8.369189168151124070e-02
8.060000000000122782e+03 -5.055918339055623378e-04
8.060800000000122964e+03 -6.313840787716014369e-02
8.061600000000123146e+03 -7.704423034065495390e-04
8.062400000000123327e+03 8.090947069985124362e-02
8.063200000000123509e+03 1.286729434312278153e-01
8.064000000000123691e+03 2.271662610331434129e-01
8.064800000000123873e+03 1.722996853586380439e-01
8.065600000000124055e+03 4.857123268735182020e-02
8.066400000000124237e+03 8.395870267415879093e-03
8.067200000000124419e+03 4.550338923144146147e-02
8.068000000000124601e+03 1.596020753041735019e-01
8.068800000000124783e+03 2.563266451091504305e-01
8.069600000000124965e+03 2.192155792115364765e-01
8.070400000000125146e+03 1.150635729671966728e-01
8.071200000000125328e+03 9.856260851625918418e-02
8.072000000000125510e+03 1.228528345852945292e-01
8.072800000000125692e+03 6.053214223681999129e-02
8.073600000000125874e+03 -1.114927062924087747e-03
8.074400000000126056e+03 -2.543730524190021547e-02
8.075200000000126238e+03 -2.413584439430550843e-03
8.076000000000126420e+03 4.362485380229615128e-02
8.076800000000126602e+03 8.067950326791163695e-02
8.077600000000126784e+03 1.890421556019614979e-01
8.078400000000126965e+03 2.360305515720761138e-01
8.079200000000127147e+03 1.916720261784207735e-01
8.080000000000127329e+03 1.569142498995664270e-01
8.080800000000127511e+03 1.331353937746525273e-01
8.081600000000127693e+03 9.981598466514544910e-02
8.082400000000127875e+03 7.620041101181272702e-02
8.083200000000128057e+03 7.528670792606798057e-02
8.084000000000128239e+03 1.101456956984878249e-01
8.084800000000128421e+03 1.361609369253607704e-01
8.085600000000128603e+03 6.864274987193645650e-02
8.086400000000128784e+03 1.136851603876077449e-02
8.087200000000128966e+03 3.664173164433563723e-02
8.088000000000129148e+03 1.089301179174554934e-01
8.088800000000129330e+03 1.366296530861458303e-01
8.089600000000129512e+03 1.664849264867025169e-01
8.090400000000129694e+03 1.580662320464712167e-01
8.091200000000129876e+03 9.294090583271180650e-02
8.092000000000130058e+03 4.357799950983377163e-02
8.092800000000130240e+03 -4.764567362752703678e-03
8.093600000000130422e+03 -6.843406938998886080e-02
8.094400000000130603e+03 -5.461596392617919238e-02
8.095200000000130785e+03 4.404744826964239468e-02
8.096000000000130967e+03 1.421489086870064145e-01
8.096800000000131149e+03 1.901014140971160338e-01
8.097600000000131331e+03 1.887276138863368258e-01
8.098400000000131513e+03 2.421552149770343498e-01
8.099200000000131695e+03 3.376561027761218470e-01
8.100000000000131877e+03 2.728196151788633839e-01
8.100800000000132059e+03 1.366484803088707789e-01
8.101600000000132241e+03 7.009866888034060883e-02
8.102400000000132422e+03 9.630360867978836337e-02
8.103200000000132604e+03 8.645523496463775048e-02
8.104000000000132786e+03 -5.361492005762904384e-02
8.104800000000132968e+03 -2.308769780847464981e-01
8.105600000000133150e+03 -2.478702569978888937e-01
8.106400000000133332e+03 -1.544434913531567144e-01
8.107200000000133514e+03 -6.954369125002493601e-02
8.108000000000133696e+03 4.798521437250398251e-03
8.108800000000133878e+03 5.121745121001335110e-02
8.109600000000134060e+03 7.946758075517736108e-02
8.110400000000134241e+03 9.208068076530816215e-02
8.111200000000134423e+03 7.182283444826639829e-02
8.112000000000134605e+03 1.039913103261584093e-01
8.112800000000134787e+03 1.511607991256276318e-01
8.113600000000134969e+03 2.061056741965520134e-01
8.114400000000135151e+03 2.388249644915726999e-01
8.115200000000135333e+03 2.103749453788211210e-01
8.116000000000135515e+03 1.719354386510224819e-01
8.116800000000135697e+03 1.850304569102686481e-01
8.117600000000135879e+03 2.145980220050912879e-01
8.118400000000136060e+03 1.885845528710608232e-01
8.119200000000136242e+03 1.422630128978456809e-01
8.120000000000136424e+03 9.591118224677325221e-02
8.120800000000136606e+03 6.866080340348899858e-02
8.121600000000136788e+03 4.307824226024917907e-02
8.122400000000136970e+03 3.514832710293645107e-02
8.123200000000137152e+03 4.430005129581753714e-02
8.124000000000137334e+03 2.948125238834848477e-02
8.124800000000137516e+03 -1.656893577163262576e-02
8.125600000000137697e+03 -3.568964035630288467e-02
8.126400000000137879e+03 -2.712039794246605406e-02
8.127200000000138061e+03 -1.172460427487144116e-02
8.128000000000138243e+03 3.646404185141359500e-02
8.128800000000138425e+03 5.943384698266109684e-02
8.129600000000138607e+03 1.852702132118208556e-02
8.130400000000138789e+03 1.435866676104262905e-02
8.131200000000138971e+03 1.079688029204409899e-01
8.132000000000139153e+03 2.089848888930982973e-01
8.132800000000139335e+03 2.168943297775925705e-01
8.133600000000139516e+03 1.980986586132806315e-01
8.134400000000139698e+03 1.621166747975819056e-01
8.135200000000139880e+03 1.189878956189638903e-01
8.136000000000140062e+03 1.017451519025598106e-01
8.136800000000140244e+03 1.155579157760352055e-01
8.137600000000140426e+03 1.376413513891172058e-01
8.138400000000140608e+03 1.295081758069343558e-01
8.139200000000140790e+03 9.298543641609001431e-02
8.140000000000140972e+03 1.050703588774052344e-01
8.140800000000141154e+03 9.129369056414626815e-02
8.141600000000141335e+03 -7.122694418825142870e-02
8.142400000000141517e+03 -1.503313899573388568e-01
8.143200000000141699e+03 -2.032767954250923673e-02
8.144000000000141881e+03 1.132787012493205459e-01
8.144800000000142063e+03 1.018048587202459304e-01
8.145600000000142245e+03 2.595760983148584153e-02
8.146400000000142427e+03 -2.445443083765783815e-02
8.147200000000142609e+03 -9.903965403510996135e-03
8.148000000000142791e+03 1.078328920684528125e-01
8.148800000000142973e+03 2.654628884937189626e-01
8.149600000000143154e+03 3.612305763165735151e-01
8.150400000000143336e+03 2.996910227894860612e-01
8.151200000000143518e+03 1.525995916592017831e-01
8.152000000000143700e+03 6.427479430997641574e-02
8.152800000000143882e+03 1.003730125478532048e-01
8.153600000000144064e+03 1.776165407914246375e-01
8.154400000000144246e+03 2.212783637586238084e-01
8.155200000000144428e+03 2.535770631080857540e-01
8.156000000000144610e+03 2.808936877353770400e-01
8.156800000000144792e+03 2.238059543114637728e-01
8.157600000000144973e+03 8.410155094098047124e-02
8.158400000000145155e+03 -1.955588209935740091e-03
8.159200000000145337e+03 -2.318042413809698332e-02
8.160000000000145519e+03 -4.487064012408119307e-02
8.160800000000145701e+03 -6.083270548779325798e-02
8.161600000000145883e+03 -2.972492866636646663e-02
8.162400000000146065e+03 -1.730943592671993492e-03
8.163200000000146247e+03 1.452277010312458261e-02
8.164000000000146429e+03 4.047446037053467616e-03
8.164800000000146611e+03 9.996284136097696726e-03
8.165600000000146792e+03 1.162118353158077960e-02
8.166400000000146974e+03 4.606802702984703901e-02
8.167200000000147156e+03 1.164131416938600089e-01
8.168000000000147338e+03 1.411792221586652962e-01
8.168800000000147520e+03 1.414543456733924898e-01
8.169600000000147702e+03 1.198060107951993691e-01
8.170400000000147884e+03 6.941903106016279745e-02
8.171200000000148066e+03 6.172073561263268643e-02
8.172000000000148248e+03 1.289175286484320893e-01
8.172800000000148430e+03 1.759459348235490883e-01
8.173600000000148611e+03 1.841970199936568409e-01
8.174400000000148793e+03 2.292209244200536788e-01
8.175200000000148975e+03 2.647537299427076829e-01
8.176000000000149157e+03 2.324983266278310978e-01
8.176800000000149339e+03 1.618748186883856854e-01
8.177600000000149521e+03 7.302454351144857525e-02
8.178400000000149703e+03 -1.221905421044579623e-02
8.179200000000149885e+03 -6.012970158120674313e-02
8.180000000000150067e+03 -1.089728076615635033e-01
8.180800000000150249e+03 -1.211370558354441795e-01
8.181600000000150430e+03 -3.446577272822892724e-02
8.182400000000150612e+03 7.306512396927478115e-02
8.183200000000150794e+03 1.057251049738902049e-01
8.184000000000150976e+03 1.001624782600904207e-01
8.184800000000151158e+03 1.101739087301416287e-01
8.185600000000151340e+03 6.577540748249327551e-02
8.186400000000151522e+03 1.518716931420963957e-02
8.187200000000151704e+03 4.357196837181069073e-03
8.188000000000151886e+03 8.118796102726741348e-03
8.188800000000152068e+03 -1.059815278148247553e-02
8.189600000000152249e+03 -2.070937054981270703e-02
8.190400000000152431e+03 8.776722724155404387e-02
8.191200000000152613e+03 1.924048843848528700e-01
8.192000000000152795e+03 1.480925503454562919e-01
8.192800000000152068e+03 7.524464717058371166e-02
8.193600000000153159e+03 1.146631871510364262e-02
8.194400000000154250e+03 1.191225655786914972e-02
8.195200000000153523e+03 7.246451215473144469e-02
8.196000000000152795e+03 6.869405136391079636e-02
8.196800000000153887e+03 2.390159668614641811e-02
8.197600000000154978e+03 2.871288003706901071e-02
8.198400000000154250e+03 8.941037911230077795e-02
8.199200000000153523e+03 1.405550663507308395e-01
8.200000000000154614e+03 8.746614296952404111e-02
8.200800000000155705e+03 1.950174027648744757e-02
8.201600000000154978e+03 4.260272330219170428e-02
8.202400000000154250e+03 6.324814425451623368e-02
8.203200000000155342e+03 8.618424619862419256e-02
8.204000000000156433e+03 1.116448409423482641e-01
8.204800000000155705e+03 1.651655907845961113e-01
8.205600000000154978e+03 2.337514339301154931e-01
8.206400000000156069e+03 2.240959758976565630e-01
8.207200000000157161e+03 1.703510899070249940e-01
8.208000000000156433e+03 9.952669596626162463e-02
8.208800000000155705e+03 1.262063654829183035e-01
8.209600000000156797e+03 2.260659523179890940e-01
8.210400000000157888e+03 1.841604715098680844e-01
8.211200000000157161e+03 2.440420699243325831e-02
8.212000000000156433e+03 9.198682185806135794e-03
8.212800000000157524e+03 7.680339783599027248e-02
8.213600000000158616e+03 3.253056372639348548e-02
8.214400000000157888e+03 -2.374883872661548434e-02
8.215200000000157161e+03 4.775754137226707191e-02
8.216000000000158252e+03 8.873182592658587775e-02
8.216800000000159343e+03 7.492582812994214025e-02
8.217600000000158616e+03 1.485942329664288186e-01
8.218400000000157888e+03 2.776065348685864409e-01
8.219200000000158980e+03 3.308318878304504773e-01
8.220000000000160071e+03 2.053325055292878343e-01
8.220800000000159343e+03 6.831192498010477121e-02
8.221600000000158616e+03 6.929276373433516933e-02
8.222400000000159707e+03 1.288234878303378128e-01
8.223200000000160799e+03 1.176129136337967784e-01
8.224000000000160071e+03 8.756515719407602372e-02
8.224800000000159343e+03 9.511656812044604059e-02
8.225600000000160435e+03 1.081033060581574751e-01
8.226400000000161526e+03 9.533111255959589303e-02
8.227200000000160799e+03 6.511897900588063670e-02
8.228000000000160071e+03 6.687751292508314904e-02
8.228800000000161162e+03 5.365598956291708216e-02
8.229600000000162254e+03 -1.071625376074273293e-02
8.230400000000161526e+03 -7.079949654244495350e-02
8.231200000000160799e+03 -7.543731640824326290e-02
8.232000000000161890e+03 2.002817872709105121e-02
8.232800000000162981e+03 1.876745230804701126e-01
8.233600000000162254e+03 3.217330201944330614e-01
8.234400000000161526e+03 3.531591621201056741e-01
8.235200000000162618e+03 2.814974219681831702e-01
8.236000000000163709e+03 1.713289461995251839e-01
8.236800000000162981e+03 9.361956209627093906e-02
8.237600000000162254e+03 6.779118671210505875e-02
8.238400000000163345e+03 4.047913526822730090e-02
8.239200000000164437e+03 6.627137996344262261e-03
8.240000000000163709e+03 4.254403620263465940e-02
8.240800000000162981e+03 1.039771615648229508e-01
8.241600000000164073e+03 1.442216080457031646e-01
8.242400000000165164e+03 1.241565723791483028e-01
8.243200000000164437e+03 9.612885357245917750e-02
8.244000000000163709e+03 7.280272684075318745e-02
8.244800000000164800e+03 2.733151338798892743e-02
8.245600000000165892e+03 -3.690680104874174972e-02
8.246400000000165164e+03 -1.174934015230048867e-03
8.247200000000164437e+03 9.683549792106067866e-02
8.248000000000165528e+03 1.030989008493527342e-01
8.248800000000166619e+03 4.675651758869787955e-02
8.249600000000165892e+03 -2.024947250910142174e-02
8.250400000000165164e+03 -2.549476674140376681e-02
8.251200000000166256e+03 7.964827907478802538e-02
8.252000000000167347e+03 1.608230473366787927e-01
8.252800000000166619e+03 1.476243230951971297e-01
8.253600000000165892e+03 7.708287117688723822e-02
8.254400000000166983e+03 3.922519309024300599e-02
8.255200000000168075e+03 9.222240005558934861e-02
8.256000000000167347e+03 1.348350527981830582e-01
8.256800000000166619e+03 1.714307048292390001e-01
8.257600000000167711e+03 2.383818005708406018e-01
8.258400000000168802e+03 2.275623420718574375e-01
8.259200000000168075e+03 1.499231081272903721e-01
8.260000000000167347e+03 1.389294767517637308e-01
8.260800000000168438e+03 1.626116228365325211e-01
8.261600000000169530e+03 1.300758157920506031e-01
8.262400000000168802e+03 1.030599271569141162e-01
8.263200000000168075e+03 7.878022397849650249e-02
8.264000000000169166e+03 6.459658024747301497e-02
8.264800000000170257e+03 1.122930869113560187e-01
8.265600000000169530e+03 1.919487044399009468e-01
8.266400000000168802e+03 2.382398315375877929e-01
8.267200000000169894e+03 1.997034429083372753e-01
8.268000000000170985e+03 1.447797136149336916e-01
8.268800000000170257e+03 1.247409664739953239e-01
8.269600000000169530e+03 1.163536950880847687e-01
8.270400000000170621e+03 1.318101724227894733e-01
8.271200000000171713e+03 1.727504817438623719e-01
8.272000000000170985e+03 1.916693812570972599e-01
8.272800000000170257e+03 1.501640044371346516e-01
8.273600000000171349e+03 9.778365184795141662e-02
8.274400000000172440e+03 1.171200484279543153e-01
8.275200000000171713e+03 1.660547246910719643e-01
8.276000000000170985e+03 1.513844537993064010e-01
8.276800000000172076e+03 8.383689690868098565e-02
8.277600000000173168e+03 7.893408463935255859e-02
8.278400000000172440e+03 1.218637109693035264e-01
8.279200000000171713e+03 7.141350111226942021e-02
8.280000000000172804e+03 -4.330200904185937255e-02
8.280800000000173895e+03 -1.336002170335274242e-01
8.281600000000173168e+03 -1.705851656507446357e-01
8.282400000000172440e+03 -5.654075160919817128e-02
8.283200000000173532e+03 1.398017534518001259e-01
8.284000000000174623e+03 1.635551345863145711e-01
8.284800000000173895e+03 -1.202195621386491220e-02
8.285600000000173168e+03 -9.312430302139512728e-02
8.286400000000174259e+03 3.820966493171287087e-02
8.287200000000175351e+03 2.525442658907134375e-01
8.288000000000174623e+03 3.305224165411562165e-01
8.288800000000173895e+03 2.068341217500043461e-01
8.289600000000174987e+03 -6.531207444275262397e-02
8.290400000000176078e+03 -4.866995982459415560e-01
8.291200000000175351e+03 -8.725704175499056081e-01
8.292000000000174623e+03 -7.477376212544044609e-01
8.292800000000175714e+03 -2.394480921886785185e-01
8.293600000000176806e+03 6.896495140946765079e-02
8.294400000000176078e+03 1.862539723868246178e-01
8.295200000000175351e+03 2.543617825753823891e-01
8.296000000000176442e+03 2.398942150001541485e-01
8.296800000000177533e+03 1.428442475667585088e-01
8.297600000000176806e+03 4.460771028888529249e-02
8.298400000000176078e+03 6.140217472876514926e-02
8.299200000000177170e+03 1.672298136674228719e-01
8.300000000000178261e+03 2.050350718781715764e-01
8.300800000000177533e+03 3.107695202935325529e-01
8.301600000000176806e+03 5.820163305697994005e-01
8.302400000000177897e+03 5.769284100593209397e-01
8.303200000000178989e+03 3.838743977447907074e-01
8.304000000000178261e+03 2.341010223327256723e-01
8.304800000000177533e+03 1.679864586068464671e-01
8.305600000000178625e+03 2.266663224712380242e-01
8.306400000000179716e+03 2.734767377215177597e-01
8.307200000000178989e+03 2.748909334247944813e-01
8.308000000000178261e+03 2.267814280747856848e-01
8.308800000000179352e+03 1.359611837185853989e-01
8.309600000000180444e+03 7.618284807766588507e-02
8.310400000000179716e+03 1.274228479070338704e-01
8.311200000000178989e+03 2.115482102106738260e-01
8.312000000000180080e+03 2.156185371361005187e-01
8.312800000000181171e+03 2.050444947050308886e-01
8.313600000000180444e+03 2.793326574035805976e-01
8.314400000000179716e+03 3.562173681848117002e-01
8.315200000000180808e+03 3.341213717324575949e-01
8.316000000000181899e+03 2.542242371070916884e-01
8.316800000000181171e+03 1.500362241980922606e-01
8.317600000000180444e+03 8.942148517221573667e-02
8.318400000000181535e+03 1.107537626496658822e-01
8.319200000000182627e+03 1.143253310053892469e-01
8.320000000000181899e+03 -6.432129437306172148e-03
8.320800000000181171e+03 -1.640102987875226570e-01
8.321600000000182263e+03 -1.555042664999547186e-01
8.322400000000183354e+03 -3.494268633835799498e-02
8.323200000000182627e+03 5.253886611142992435e-02
8.324000000000181899e+03 1.075319683663069070e-01
8.324800000000182990e+03 1.728721503088024580e-01
8.325600000000184082e+03 1.936317022490683104e-01
8.326400000000183354e+03 1.284914327258941669e-01
8.327200000000182627e+03 9.903313405178526541e-02
8.328000000000183718e+03 9.647885167739803092e-02
8.328800000000184809e+03 8.482138112904460958e-02
8.329600000000184082e+03 7.687954985840017574e-02
8.330400000000183354e+03 1.187245290822763061e-01
8.331200000000184446e+03 2.299221710921147688e-01
8.332000000000185537e+03 2.944961847460394466e-01
8.332800000000184809e+03 2.549829226320334263e-01
8.333600000000184082e+03 1.430278767706902876e-01
8.334400000000185173e+03 4.638950946394410774e-02
8.335200000000186265e+03 2.136058046083184891e-02
8.336000000000185537e+03 4.575464467795036655e-02
8.336800000000184809e+03 8.882823017916077757e-02
8.337600000000185901e+03 1.069366198760062781e-01
8.338400000000186992e+03 7.947180878267919024e-02
8.339200000000186265e+03 9.893815036359251969e-02
8.340000000000185537e+03 1.693367105107474457e-01
8.340800000000186628e+03 2.014354021700753561e-01
8.341600000000187720e+03 1.463806232032351107e-01
8.342400000000186992e+03 6.092735227878773308e-02
8.343200000000186265e+03 1.260390789129490208e-01
8.344000000000187356e+03 1.486929456430963470e-01
8.344800000000188447e+03 -7.463421710217894856e-02
8.345600000000187720e+03 -3.928577872181962527e-01
8.346400000000186992e+03 -6.177389438438505298e-01
8.347200000000188084e+03 -6.174085886121404299e-01
8.348000000000189175e+03 -4.788651067705778086e-01
8.348800000000188447e+03 -1.823723055888436806e-01
8.349600000000187720e+03 7.487076549745738663e-02
8.350400000000188811e+03 1.567658770044155492e-01
8.351200000000189902e+03 1.104117099175001421e-01
8.352000000000189175e+03 6.229511589505795643e-02
8.352800000000188447e+03 1.496748096000706518e-01
8.353600000000189539e+03 3.636780397984937796e-01
8.354400000000190630e+03 3.771845146167501772e-01
8.355200000000189902e+03 2.147063192932119335e-01
8.356000000000189175e+03 2.275010697339527599e-01
8.356800000000190266e+03 2.954825353328684456e-01
8.357600000000191358e+03 2.444142853459753129e-01
8.358400000000190630e+03 1.280947823547868014e-01
8.359200000000189902e+03 -3.378265656341000733e-03
8.360000000000190994e+03 -3.972668342961603594e-02
8.360800000000192085e+03 -9.368906431089313314e-03
8.361600000000191358e+03 1.280920334532832661e-02
8.362400000000190630e+03 4.125345064104944670e-02
8.363200000000191721e+03 5.236607149269923572e-02
8.364000000000192813e+03 2.106122685747609247e-02
8.364800000000192085e+03 5.861819422986265515e-02
8.365600000000191358e+03 9.311688869068029950e-02
8.366400000000192449e+03 -6.337296592259616945e-02
8.367200000000193540e+03 -2.308707155191312421e-01
8.368000000000192813e+03 -1.307388674477712731e-01
8.368800000000192085e+03 5.278126155343734749e-02
8.369600000000193177e+03 6.945747115049408227e-02
8.370400000000194268e+03 6.975141183194250027e-02
8.371200000000193540e+03 7.028979438569876725e-02
8.372000000000192813e+03 3.823301851238873617e-02
8.372800000000193904e+03 5.727005262304418060e-02
8.373600000000194996e+03 1.384065705284308334e-01
8.374400000000194268e+03 1.781710521003485037e-01
8.375200000000193540e+03 1.965720618681619791e-01
8.376000000000194632e+03 2.000306855545623819e-01
8.376800000000195723e+03 1.951943528759441382e-01
8.377600000000194996e+03 1.979881092938293730e-01
8.378400000000194268e+03 1.084858338078807799e-01
8.379200000000195359e+03 -8.746136236915780238e-03
8.380000000000196451e+03 3.424003141545260698e-02
8.380800000000195723e+03 1.476682735099028032e-01
8.381600000000194996e+03 1.483792853208162066e-01
8.382400000000196087e+03 9.273929763500166068e-02
8.383200000000197178e+03 7.529546295392665345e-02
8.384000000000196451e+03 7.542338965519460037e-02
8.384800000000195723e+03 1.852556006016191081e-01
8.385600000000196815e+03 2.671883957983691715e-01
8.386400000000197906e+03 1.131323241379350864e-01
8.387200000000197178e+03 8.549769611428517657e-03
8.388000000000196451e+03 -4.498390164122244989e-02
8.388800000000197542e+03 -7.237269385040807912e-02
8.389600000000198634e+03 -3.818457621934582408e-02
8.390400000000197906e+03 2.775674853642738638e-02
8.391200000000197178e+03 9.971184192899054666e-02
8.392000000000198270e+03 6.493286479287654900e-02
8.392800000000199361e+03 -5.621483926259823738e-02
8.393600000000198634e+03 -1.358526428129771535e-01
8.394400000000197906e+03 -6.122673523153927128e-02
8.395200000000198997e+03 5.126711794286357982e-02
8.396000000000200089e+03 6.579598739364617144e-02
8.396800000000199361e+03 4.097550409710721403e-02
8.397600000000198634e+03 8.014863220646212261e-02
8.398400000000199725e+03 1.373967933033811706e-01
8.399200000000200816e+03 2.000024705889276166e-01
8.400000000000200089e+03 3.491329385818791042e-01
8.400800000000199361e+03 3.167655419880339163e-01
8.401600000000200453e+03 2.166310550403132140e-01
8.402400000000201544e+03 4.615716879510913806e-01
8.403200000000200816e+03 2.553228101720902421e-01
8.404000000000200089e+03 1.464172845768346720e-02
8.404800000000201180e+03 3.755276043264389740e-02
8.405600000000202272e+03 9.062189467974827994e-02
8.406400000000201544e+03 8.487763641847191620e-02
8.407200000000200816e+03 3.962633323900469767e-02
8.408000000000201908e+03 1.471334465921593504e-02
8.408800000000202999e+03 -2.533904442425807813e-02
8.409600000000202272e+03 -3.965677484426798766e-02
8.410400000000201544e+03 -3.545507993588582762e-02
8.411200000000202635e+03 6.819640277810246239e-03
8.412000000000203727e+03 9.884527478137791756e-02
8.412800000000202999e+03 1.616564879462681070e-01
8.413600000000202272e+03 1.491545917818822009e-01
8.414400000000203363e+03 7.977934041875039961e-02
8.415200000000204454e+03 2.227733139903530224e-02
8.416000000000203727e+03 1.236395319463396425e-01
8.416800000000202999e+03 2.405515750991103763e-01
8.417600000000204091e+03 2.962152670915523811e-01
8.418400000000205182e+03 2.886095340373245333e-01
8.419200000000204454e+03 6.476117806528713938e-02
8.420000000000203727e+03 -5.207456084850291267e-02
8.420800000000204818e+03 -7.366501766180987704e-04
8.421600000000205910e+03 2.585898313530172674e-02
8.422400000000205182e+03 2.966494396388437427e-02
8.423200000000204454e+03 5.881766337209627660e-02
8.424000000000205546e+03 6.508415025144902166e-02
8.424800000000206637e+03 4.140277597206289129e-02
8.425600000000205910e+03 7.992877897544030386e-02
8.426400000000205182e+03 1.604561264750942462e-01
8.427200000000206273e+03 1.222242346247600364e-01
8.428000000000207365e+03 5.622096323312067434e-02
8.428800000000206637e+03 4.165920109017617889e-02
8.429600000000205910e+03 6.902244227219553330e-02
8.430400000000207001e+03 1.482496500359274938e-01
8.431200000000208092e+03 2.190179217598672290e-01
8.432000000000207365e+03 1.099611098867249170e-01
8.432800000000206637e+03 1.266544572277537584e-01
8.433600000000207729e+03 4.022582788381016128e-01
8.434400000000208820e+03 1.852913211976697783e-01
8.435200000000208092e+03 -2.415501381423525162e-02
8.436000000000207365e+03 8.754065615239413345e-02
8.436800000000208456e+03 1.753824136817600243e-01
8.437600000000209548e+03 1.407094263914509258e-01
8.438400000000208820e+03 6.341903716049203388e-02
8.439200000000208092e+03 2.568019711710992081e-02
8.440000000000209184e+03 2.990523002674356362e-02
8.440800000000210275e+03 1.015313331454175683e-01
8.441600000000209548e+03 1.938357936333934828e-01
8.442400000000208820e+03 1.477776315929428819e-01
8.443200000000209911e+03 4.972265027953599870e-02
8.444000000000211003e+03 9.353066187303409051e-02
8.444800000000210275e+03 1.451693934708069844e-01
8.445600000000209548e+03 6.006388948472937001e-02
8.446400000000210639e+03 -4.228977405004295809e-03
8.447200000000211730e+03 5.003396421258576865e-02
8.448000000000211003e+03 8.403095819380067277e-02
8.448800000000210275e+03 7.061675725171742690e-02
8.449600000000211367e+03 7.213845520361308883e-02
8.450400000000212458e+03 5.917066697281601201e-02
8.451200000000211730e+03 4.328508153240819001e-02
8.452000000000211003e+03 2.526880156368965097e-02
8.452800000000212094e+03 1.089535876469423514e-01
8.453600000000213186e+03 3.410381518391116251e-01
8.454400000000212458e+03 3.738692631835009439e-01
8.455200000000211730e+03 1.248387025948047846e-01
8.456000000000212822e+03 8.145444796508589935e-02
8.456800000000213913e+03 1.520539928345566727e-01
8.457600000000213186e+03 1.741193514792079289e-01
8.458400000000212458e+03 2.273624142928661329e-01
8.459200000000213549e+03 2.238576032433733376e-01
8.460000000000214641e+03 1.261675693756276473e-01
8.460800000000213913e+03 9.919927738577144494e-02
8.461600000000213186e+03 1.160719972754493123e-01
8.462400000000214277e+03 1.091279230872757022e-01
8.463200000000215368e+03 1.126348557846607312e-01
8.464000000000214641e+03 1.256861233872041406e-01
8.464800000000213913e+03 1.622972168002759785e-01
8.465600000000215005e+03 2.530107064537130412e-01
8.466400000000216096e+03 2.808547477260647796e-01
8.467200000000215368e+03 3.163554761527198611e-01
8.468000000000214641e+03 3.142097102914299667e-01
8.468800000000215732e+03 1.081342488442085525e-01
8.469600000000216824e+03 -5.302128418781708319e-02
8.470400000000216096e+03 -3.085677008186504811e-02
8.471200000000215368e+03 -2.041950496524519432e-02
8.472000000000216460e+03 1.286036731962800000e-03
8.472800000000217551e+03 3.861318041294449499e-03
8.473600000000216824e+03 -4.626789419327929226e-02
8.474400000000216096e+03 -2.807710411816849438e-03
8.475200000000217187e+03 8.722420484393293705e-02
8.476000000000218279e+03 1.340121719744970241e-01
8.476800000000217551e+03 2.423504202652835005e-01
8.477600000000216824e+03 3.506904190192598469e-01
8.478400000000217915e+03 2.757438124613786901e-01
8.479200000000219006e+03 1.058010241074144875e-01
8.480000000000218279e+03 3.006018711807039584e-02
8.480800000000217551e+03 3.036223927084974808e-02
8.481600000000218643e+03 1.981797837062393430e-02
8.482400000000219734e+03 -2.689451911858956219e-03
8.483200000000219006e+03 -1.114745264671222237e-02
8.484000000000218279e+03 6.231470458203788518e-03
8.484800000000219370e+03 3.648191979804737278e-02
8.485600000000220462e+03 4.184495874731303938e-02
8.486400000000219734e+03 3.072824342189144770e-02
8.487200000000219006e+03 8.598439120078851805e-02
8.488000000000220098e+03 1.951690195064342270e-01
8.488800000000221189e+03 2.868389750375808234e-01
8.489600000000220462e+03 2.904051035025959071e-01
8.490400000000219734e+03 3.334443238348135941e-01
8.491200000000220825e+03 5.061121894911300156e-01
8.492000000000221917e+03 7.568136057229136737e-01
8.492800000000221189e+03 1.066871455129419832e+00
8.493600000000220462e+03 1.380356671153375459e+00
8.494400000000221553e+03 1.559652139188991038e+00
8.495200000000222644e+03 1.625275413238578714e+00
8.496000000000221917e+03 1.570578906552898113e+00
8.496800000000221189e+03 1.350433600262748612e+00
8.497600000000222281e+03 1.314994338342604374e+00
8.498400000000223372e+03 1.543736037736418432e+00
8.499200000000222644e+03 1.826724609734943439e+00
8.500000000000221917e+03 2.004625753104954278e+00
8.500800000000223008e+03 2.000203070726224386e+00
8.501600000000224099e+03 1.805343893763641461e+00
8.502400000000223372e+03 1.420508339321597813e+00
8.503200000000222644e+03 9.563923707475219249e-01
8.504000000000223736e+03 5.907785097471166535e-01
8.504800000000224827e+03 4.277849920423562602e-01
8.505600000000224099e+03 3.397458444793950427e-01
8.506400000000223372e+03 2.189374024656207673e-01
8.507200000000224463e+03 -3.152866227275318706e-02
8.508000000000225555e+03 -2.921133376554338468e-01
8.508800000000224827e+03 -2.691045521557193787e-01
8.509600000000224099e+03 -4.505722129586854641e-02
8.510400000000225191e+03 1.113946342013035357e-01
8.511200000000226282e+03 1.826137218538791962e-01
8.512000000000225555e+03 2.046972268485407198e-01
8.512800000000224827e+03 1.225736541904803578e-01
8.513600000000225918e+03 1.199626111713254610e-02
8.514400000000227010e+03 -9.075030497463096313e-03
8.515200000000226282e+03 4.094355553897929823e-02
8.516000000000225555e+03 3.865995273628355933e-02
8.516800000000226646e+03 1.219423217122649582e-02
8.517600000000227737e+03 1.540615461499222558e-02
8.518400000000227010e+03 3.303698919274522527e-02
8.519200000000226282e+03 5.793980713706149699e-02
8.520000000000227374e+03 5.187670854335513226e-02
8.520800000000228465e+03 4.410679941940223031e-02
8.521600000000227737e+03 3.477739130848253590e-02
8.522400000000227010e+03 2.350388954917833305e-03
8.523200000000228101e+03 -2.112739778059561507e-02
8.524000000000229193e+03 1.020702888401281427e-02
8.524800000000228465e+03 2.295494746282683574e-02
8.525600000000227737e+03 -3.736796492341751263e-02
8.526400000000228829e+03 -6.707988349661146710e-02
8.527200000000229920e+03 -5.578905429641638214e-02
8.528000000000229193e+03 3.289257334700373958e-02
8.528800000000228465e+03 1.496357269994900707e-01
8.529600000000229556e+03 1.443142150752913244e-01
8.530400000000230648e+03 3.478020900105915914e-02
8.531200000000229920e+03 -7.569588204356339500e-03
8.532000000000229193e+03 4.495468164023265489e-02
8.532800000000230284e+03 1.086638576872119705e-01
8.533600000000231375e+03 1.019611753352845096e-01
8.534400000000230648e+03 9.925316308518486452e-02
8.535200000000229920e+03 8.579102039678217217e-02
8.536000000000231012e+03 6.077016530836187869e-02
8.536800000000232103e+03 5.532019979779843888e-02
8.537600000000231375e+03 4.678190137156415518e-02
8.538400000000230648e+03 3.518155037734086582e-02
8.539200000000231739e+03 4.031332635964206268e-02
8.540000000000232831e+03 -1.577002062689127071e-02
8.540800000000232103e+03 -1.015392060915715627e-01
8.541600000000231375e+03 -1.055700049375621341e-01
8.542400000000232467e+03 -3.155574476668965983e-02
8.543200000000233558e+03 4.266432170925848338e-02
8.544000000000232831e+03 1.195982987968949585e-01
8.544800000000232103e+03 1.410031543300090395e-01
8.545600000000233194e+03 1.623689551928782504e-01
8.546400000000234286e+03 2.119249727187854093e-01
8.547200000000233558e+03 2.118702648635742980e-01
8.548000000000232831e+03 1.812622301423699178e-01
8.548800000000233922e+03 1.582142673812572120e-01
8.549600000000235013e+03 1.226689144175122925e-01
8.550400000000234286e+03 -9.971625510099341172e-02
8.551200000000233558e+03 -4.093483163618280574e-01
8.552000000000234650e+03 -4.023829694818245040e-01
8.552800000000235741e+03 -1.716005241658576652e-01
8.553600000000235013e+03 -6.955297837345305115e-03
8.554400000000234286e+03 1.098054401132256275e-01
8.555200000000235377e+03 1.781802188574033718e-01
8.556000000000236469e+03 1.318282097877572223e-01
8.556800000000235741e+03 8.996044367295108479e-02
8.557600000000235013e+03 7.107844028191899477e-02
8.558400000000236105e+03 5.624358731003164386e-02
8.559200000000237196e+03 9.907126389822812351e-02
8.560000000000236469e+03 1.699915681844964832e-01
8.560800000000235741e+03 1.627652109511639744e-01
8.561600000000236832e+03 5.760913323377514494e-02
8.562400000000237924e+03 -7.194269626335003665e-02
8.563200000000237196e+03 -1.368950661666215873e-01
8.564000000000236469e+03 -3.812074897556633896e-02
8.564800000000237560e+03 1.145042840175114207e-01
8.565600000000238651e+03 1.593808505313124568e-01
8.566400000000237924e+03 1.178900707109829110e-01
8.567200000000237196e+03 1.196292337466954014e-01
8.568000000000238288e+03 1.304627307859071161e-01
8.568800000000239379e+03 1.024258273655782592e-01
8.569600000000238651e+03 9.422189570022526661e-02
8.570400000000237924e+03 1.170918083756524591e-01
8.571200000000239015e+03 1.018322464538897743e-01
8.572000000000240107e+03 1.181443870000616764e-02
8.572800000000239379e+03 -7.525634590766294707e-02
8.573600000000238651e+03 -5.075368064714814997e-02
8.574400000000239743e+03 4.083607126003652860e-02
8.575200000000240834e+03 9.765566243036871708e-02
8.576000000000240107e+03 1.091927301422296048e-01
8.576800000000239379e+03 8.608076882570953048e-02
8.577600000000240470e+03 7.815977694272596699e-02
8.578400000000241562e+03 1.280154716318864794e-01
8.579200000000240834e+03 2.127589683785806596e-01
8.580000000000240107e+03 2.290660290895795148e-01
8.580800000000241198e+03 2.187092538210006487e-01
8.581600000000242289e+03 1.839584503061613696e-01
8.582400000000241562e+03 1.073831199962185790e-01
8.583200000000240834e+03 3.842736846763782077e-02
8.584000000000241926e+03 2.053058585901210154e-02
8.584800000000243017e+03 6.649387787131710859e-02
8.585600000000242289e+03 1.407996714837930208e-01
8.586400000000241562e+03 1.449097411611909303e-01
8.587200000000242653e+03 9.847868708171880758e-02
8.588000000000243745e+03 8.068942538613578519e-02
8.588800000000243017e+03 1.028147910479451643e-01
8.589600000000242289e+03 8.449614445838382615e-02
8.590400000000243381e+03 -3.324793173914315780e-02
8.591200000000244472e+03 -9.948437178622047961e-02
8.592000000000243745e+03 -9.135191717197554961e-02
8.592800000000243017e+03 -7.055678507478466144e-02
8.593600000000244108e+03 -4.422722938375765050e-02
8.594400000000245200e+03 4.192667696942756900e-02
8.595200000000244472e+03 1.125009249873707845e-01
8.596000000000243745e+03 6.456741529481885289e-02
8.596800000000244836e+03 2.159495356319879669e-02
8.597600000000245927e+03 8.958557909049914836e-02
8.598400000000245200e+03 9.791540273108671755e-02
8.599200000000244472e+03 -4.513196044598703077e-02
8.600000000000245564e+03 -1.087573715493803522e-01
8.600800000000246655e+03 3.696187512450002655e-03
8.601600000000245927e+03 1.338190242153914633e-01
8.602400000000245200e+03 2.084516328299293453e-01
8.603200000000246291e+03 1.925342428967279362e-01
8.604000000000247383e+03 1.131013238372871044e-01
8.604800000000246655e+03 2.473057659168485800e-02
8.605600000000245927e+03 -1.295389137342579239e-02
8.606400000000247019e+03 5.167239234663200537e-02
8.607200000000248110e+03 1.097897408426019017e-01
8.608000000000247383e+03 1.106251693640173533e-01
8.608800000000246655e+03 1.196018256744479508e-01
8.609600000000247746e+03 1.273284766894526021e-01
8.610400000000248838e+03 7.237180879474335027e-02
8.611200000000248110e+03 2.785801205654906548e-02
8.612000000000247383e+03 -4.869976198014935864e-03
8.612800000000248474e+03 -1.171062216397241312e-01
8.613600000000249565e+03 -1.697020350119742838e-01
8.614400000000248838e+03 -1.254337249152749356e-01
8.615200000000248110e+03 -9.131682031875421046e-02
8.616000000000249202e+03 1.891643588042379170e-02
8.616800000000250293e+03 1.974480341024503760e-01
8.617600000000249565e+03 1.624241062441980354e-01
8.618400000000248838e+03 -1.160760335114829900e-02
8.619200000000249929e+03 2.964958145232132747e-02
8.620000000000251021e+03 1.573846367193814932e-01
8.620800000000250293e+03 2.386561246742747722e-01
8.621600000000249565e+03 2.894344938982498783e-01
8.622400000000250657e+03 3.248662100862977908e-01
8.623200000000251748e+03 3.694237824731868569e-01
8.624000000000251021e+03 4.730393240948038147e-01
8.624800000000250293e+03 6.172959285463919255e-01
8.625600000000251384e+03 6.188887823531366017e-01
8.626400000000252476e+03 4.485001561541303028e-01
8.627200000000251748e+03 2.354452264202577805e-01
8.628000000000251021e+03 2.415489613720464557e-02
8.628800000000252112e+03 4.911643908005276782e-02
8.629600000000253203e+03 1.267038617431772152e-01
8.630400000000252476e+03 7.490590560806281717e-02
8.631200000000251748e+03 5.335058343998300145e-02
8.632000000000252840e+03 1.686558034712933307e-01
8.632800000000253931e+03 1.852490445032321242e-01
8.633600000000253203e+03 1.401236077229255361e-01
8.634400000000252476e+03 2.490605919605132224e-01
8.635200000000253567e+03 5.042759423430991372e-01
8.636000000000254659e+03 5.634511207109687003e-01
8.636800000000253931e+03 5.192276985543375911e-01
8.637600000000253203e+03 4.503599663662596897e-01
8.638400000000254295e+03 1.986728528163630714e-01
8.639200000000255386e+03 -3.752303621507881159e-02
8.640000000000254659e+03 -7.878497221623217972e-02
8.640800000000253931e+03 -7.937782499040876849e-02
8.641600000000255022e+03 -3.957534540168358705e-02
8.642400000000256114e+03 1.813556502898502065e-01
8.643200000000255386e+03 3.536454904067500848e-01
8.644000000000254659e+03 3.867521283259695020e-01
8.644800000000255750e+03 3.727884588509017272e-01
8.645600000000256841e+03 2.984494755831798019e-01
8.646400000000256114e+03 1.885850088863787466e-01
8.647200000000255386e+03 1.686621592844002315e-01
8.648000000000256478e+03 2.006475639711797210e-01
8.648800000000257569e+03 1.870609578763381131e-01
8.649600000000256841e+03 1.328999556140286198e-01
8.650400000000256114e+03 1.416281385775414459e-01
8.651200000000257205e+03 1.410407496933158145e-01
8.652000000000258296e+03 3.350971896422201557e-02
8.652800000000257569e+03 -1.029722272378919001e-02
8.653600000000256841e+03 1.334677537882903442e-01
8.654400000000257933e+03 3.235745546837879849e-01
8.655200000000259024e+03 3.045927161504286551e-01
8.656000000000258296e+03 1.441348061106438316e-01
8.656800000000257569e+03 -1.245604076636667445e-01
8.657600000000258660e+03 -2.800372093725342904e-01
8.658400000000259752e+03 -1.839416536269897762e-01
8.659200000000259024e+03 6.921168422766262041e-02
8.660000000000258296e+03 1.825302900387935079e-01
8.660800000000259388e+03 5.438362336578813488e-02
8.661600000000260479e+03 -2.716583936112453301e-01
8.662400000000259752e+03 -4.909763461117683803e-01
8.663200000000259024e+03 -3.041051702423556158e-01
8.664000000000260115e+03 -1.450428493922069351e-02
8.664800000000261207e+03 1.654899544213735418e-01
8.665600000000260479e+03 2.121292760311128678e-01
8.666400000000259752e+03 2.035604048293698787e-01
8.667200000000260843e+03 2.538380386258844990e-01
8.668000000000261934e+03 2.885910807422360502e-01
8.668800000000261207e+03 3.648888918225725031e-01
8.669600000000260479e+03 4.265624483958105340e-01
8.670400000000261571e+03 4.531640696299508164e-01
8.671200000000262662e+03 4.845640550997009632e-01
8.672000000000261934e+03 2.969965416541783254e-01
8.672800000000261207e+03 1.019932200711696352e-01
8.673600000000262298e+03 2.059048456046930209e-01
8.674400000000263390e+03 2.922706109928829843e-01
8.675200000000262662e+03 1.539020376613718932e-01
8.676000000000261934e+03 1.627526536404185764e-01
8.676800000000263026e+03 4.109709434938083605e-01
8.677600000000264117e+03 6.003231636325747633e-01
8.678400000000263390e+03 5.910640631779198184e-01
8.679200000000262662e+03 4.905314144691176881e-01
8.680000000000263753e+03 3.217172996885641068e-01
8.680800000000264845e+03 1.558367585070300210e-01
8.681600000000264117e+03 6.943691504932006375e-02
8.682400000000263390e+03 5.464073811208767367e-02
8.683200000000264481e+03 2.796384247423762404e-02
8.684000000000265572e+03 -3.862965658894071397e-02
8.684800000000264845e+03 -4.136062702577957689e-02
8.685600000000264117e+03 -3.720038415085513694e-02
8.686400000000265209e+03 -8.564212126703447947e-02
8.687200000000266300e+03 -9.392599534042452014e-02
8.688000000000265572e+03 -2.346122637474076789e-02
8.688800000000264845e+03 7.945349626514436325e-02
8.689600000000265936e+03 1.122026592293763614e-01
8.690400000000267028e+03 1.558129651354595580e-01
8.691200000000266300e+03 1.754499182138194446e-01
8.692000000000265572e+03 9.356602281028952861e-02
8.692800000000266664e+03 2.630563072085780052e-02
8.693600000000267755e+03 3.522672018523510112e-02
8.694400000000267028e+03 9.928486044032691638e-02
8.695200000000266300e+03 1.639133651258029289e-01
8.696000000000267391e+03 1.528340399093391366e-01
8.696800000000268483e+03 7.559756662214019152e-02
8.697600000000267755e+03 1.778725013865896376e-03
8.698400000000267028e+03 2.493520099000534965e-02
8.699200000000268119e+03 6.092261797354796282e-02
8.700000000000269210e+03 -3.635285088035254686e-03
8.700800000000268483e+03 -9.587834698215384754e-02
8.701600000000267755e+03 -1.057212899875189654e-01
8.702400000000268847e+03 -7.779125924615992727e-03
8.703200000000269938e+03 7.348167988461162814e-02
8.704000000000269210e+03 1.234432416489447404e-01
8.704800000000268483e+03 1.036842479583268556e-01
8.705600000000269574e+03 2.174997545057257703e-02
8.706400000000270666e+03 3.223577455245469486e-02
8.707200000000269938e+03 8.896174154937136480e-02
8.708000000000269210e+03 3.761184478458993313e-02
8.708800000000270302e+03 1.443835320362465979e-02
8.709600000000271393e+03 4.123032893406725075e-02
8.710400000000270666e+03 5.394730955805755734e-02
8.711200000000269938e+03 7.049204332338404599e-02
8.712000000000271029e+03 8.023736475230335008e-02
8.712800000000272121e+03 1.023701198538147644e-01
8.713600000000271393e+03 9.054501939701085911e-02
8.714400000000270666e+03 4.560468272788920086e-02
8.715200000000271757e+03 1.972852292919798772e-02
8.716000000000272848e+03 -9.043864868161131942e-03
8.716800000000272121e+03 1.568135658534756255e-02
8.717600000000271393e+03 7.704693396575688913e-02
8.718400000000272485e+03 8.503578129952227282e-02
8.719200000000273576e+03 6.545612041025045125e-02
8.720000000000272848e+03 1.946542304572720580e-02
8.720800000000272121e+03 -2.680657376837573824e-02
8.721600000000273212e+03 -2.321073778990282235e-02
8.722400000000274304e+03 -5.578023469853915853e-03
8.723200000000273576e+03 -4.682233026584373538e-04
8.724000000000272848e+03 -1.429921171138194415e-05
8.724800000000273940e+03 0.000000000000000000e+00
8.725600000000275031e+03 0.000000000000000000e+00
8.726400000000274304e+03 2.513085731377918378e-05
8.727200000000273576e+03 8.760146058395848175e-04
8.728000000000274667e+03 1.158695653612368086e-02
8.728800000000275759e+03 6.309556440868116511e-02
8.729600000000275031e+03 1.550757150194190803e-01
8.730400000000274304e+03 1.944390325105198603e-01
8.731200000000275395e+03 1.908455554359130002e-01
8.732000000000276486e+03 2.283413534293260161e-01
8.732800000000275759e+03 1.627397814407765264e-01
8.733600000000275031e+03 -6.368436683122112585e-03
8.734400000000276123e+03 -7.174707944399025261e-02
8.735200000000277214e+03 -1.728742201226950506e-02
8.736000000000276486e+03 7.877851969107792229e-02
8.736800000000275759e+03 1.806637091509361859e-01
8.737600000000276850e+03 2.133345702462932925e-01
8.738400000000277942e+03 1.659849570325718782e-01
8.739200000000277214e+03 6.524095802868364047e-02
8.740000000000276486e+03 -3.778605731310767657e-02
8.740800000000277578e+03 -3.494343083674547601e-02
8.741600000000278669e+03 6.050421851237106768e-02
8.742400000000277942e+03 1.014205988832758976e-01
8.743200000000277214e+03 9.214457844372923867e-02
8.744000000000278305e+03 1.361830936667549896e-01
8.744800000000279397e+03 1.830714492770337820e-01
8.745600000000278669e+03 1.467260303065797689e-01
8.746400000000277942e+03 8.258848208286406756e-02
8.747200000000279033e+03 6.067766006153500757e-02
8.748000000000280124e+03 -1.230555516995126067e-02
8.748800000000279397e+03 -6.279473607264626778e-02
8.749600000000278669e+03 2.098568388244267946e-02
8.750400000000279761e+03 1.115903105022288955e-01
8.751200000000280852e+03 7.209404142438480267e-02
8.752000000000280124e+03 -4.520966840645490592e-02
8.752800000000279397e+03 -1.112695483395200607e-01
8.753600000000280488e+03 -1.199268142280049410e-01
8.754400000000281580e+03 -4.588858772392453989e-02
8.755200000000280852e+03 6.547512340498931604e-02
8.756000000000280124e+03 9.135268660080403391e-02
8.756800000000281216e+03 5.200920216506756816e-02
8.757600000000282307e+03 1.798693743697444072e-02
8.758400000000281580e+03 1.513580620758500292e-02
8.759200000000280852e+03 5.110850373538563390e-02
8.760000000000281943e+03 9.133225256049318230e-02
8.760800000000283035e+03 1.013973274513269296e-01
8.761600000000282307e+03 7.870190501230617253e-02
8.762400000000281580e+03 6.017639204101388195e-02
8.763200000000282671e+03 1.824706863801553447e-02
8.764000000000283762e+03 -1.026555641125163620e-01
8.764800000000283035e+03 -6.823248036973761366e-02
8.765600000000282307e+03 6.506504605014604148e-03
8.766400000000283399e+03 3.725662506379028016e-02
8.767200000000284490e+03 -2.506517369608937326e-02
8.768000000000283762e+03 -1.020413026054461936e-01
8.768800000000283035e+03 -2.190983016204280376e-01
8.769600000000284126e+03 -3.822863620867764656e-01
8.770400000000285218e+03 -2.648031844575181593e-01
8.771200000000284490e+03 -1.642001709941647292e-01
8.772000000000283762e+03 -1.425587388570991043e-01
8.772800000000284854e+03 4.501169397859915156e-02
8.773600000000285945e+03 1.960356391699255851e-01
8.774400000000285218e+03 1.662701316221482095e-01
8.775200000000284490e+03 1.506988188350070201e-01
8.776000000000285581e+03 1.502302498855023483e-01
8.776800000000286673e+03 1.159638868127769590e-01
8.777600000000285945e+03 1.069551186107547125e-01
8.778400000000285218e+03 1.334962611241745645e-01
8.779200000000286309e+03 2.161156388986471555e-01
8.780000000000287400e+03 2.934401314896491475e-01
8.780800000000286673e+03 4.185933607700520476e-01
8.781600000000285945e+03 3.079281598775253648e-01
8.782400000000287037e+03 7.754866180004454934e-03
8.783200000000288128e+03 -7.083643911880474486e-02
8.784000000000287400e+03 -1.735122013261339302e-02
8.784800000000286673e+03 1.481480651638187110e-02
8.785600000000287764e+03 7.472545691417847857e-02
8.786400000000288856e+03 1.101515992663158888e-01
8.787200000000288128e+03 6.389426850558915794e-02
8.788000000000287400e+03 3.586202771533170824e-02
8.788800000000288492e+03 7.792329837623127031e-02
8.789600000000289583e+03 1.686397259320789599e-01
8.790400000000288856e+03 2.087029469339641008e-01
8.791200000000288128e+03 1.232470724613227153e-01
8.792000000000289219e+03 3.375436625079143022e-02
8.792800000000290311e+03 4.105763704272781534e-02
8.793600000000289583e+03 1.425871424116191000e-01
8.794400000000288856e+03 1.506888848127410641e-01
8.795200000000289947e+03 1.191862137597699267e-01
8.796000000000291038e+03 1.643021705665749232e-01
8.796800000000290311e+03 1.558545837668340872e-01
8.797600000000289583e+03 8.594588089522225971e-02
8.798400000000290675e+03 5.663987077080205601e-03
8.799200000000291766e+03 -3.129754518658546536e-02
8.800000000000291038e+03 3.330954490639088245e-02
8.800800000000290311e+03 1.081399141450162249e-01
8.801600000000291402e+03 1.082511878884324097e-01
8.802400000000292493e+03 1.125194380705942659e-01
8.803200000000291766e+03 1.722066197384599928e-01
8.804000000000291038e+03 1.898777795443446770e-01
8.804800000000292130e+03 1.997133893502756052e-01
8.805600000000293221e+03 1.938904972640479452e-01
8.806400000000292493e+03 1.549387974722829242e-01
8.807200000000291766e+03 1.455353015963672392e-01
8.808000000000292857e+03 9.612824416201756761e-02
8.808800000000293949e+03 -6.597985806765085948e-03
8.809600000000293221e+03 -6.028790259185231454e-02
8.810400000000292493e+03 -3.106017773903618773e-02
8.811200000000293585e+03 9.439235722970470976e-02
8.812000000000294676e+03 1.825539962365517466e-01
8.812800000000293949e+03 2.246483783188303884e-01
8.813600000000293221e+03 2.793078034531672471e-01
8.814400000000294312e+03 2.349989969615273178e-01
8.815200000000295404e+03 1.232592301359755893e-01
8.816000000000294676e+03 8.086151885169846898e-02
8.816800000000293949e+03 1.291242846511110876e-01
8.817600000000295040e+03 2.203259624152319185e-01
8.818400000000296131e+03 3.364252026022330755e-01
8.819200000000295404e+03 4.306326535230025065e-01
8.820000000000294676e+03 4.388792605643415112e-01
8.820800000000295768e+03 3.616128872912010017e-01
8.821600000000296859e+03 2.597440477430305039e-01
8.822400000000296131e+03 1.910903956091948297e-01
8.823200000000295404e+03 1.799232711456419109e-01
8.824000000000296495e+03 1.953922693902122587e-01
8.824800000000297587e+03 1.541405439762443819e-01
8.825600000000296859e+03 1.021251219200443872e-01
8.826400000000296131e+03 1.083357104331457710e-01
8.827200000000297223e+03 3.166051612975010476e-01
8.828000000000298314e+03 7.299409527478605275e-01
8.828800000000297587e+03 7.288884384181704146e-01
8.829600000000296859e+03 2.186388943623232550e-01
8.830400000000297950e+03 -1.534048321525576242e-01
8.831200000000299042e+03 -1.125405806826627192e-01
8.832000000000298314e+03 2.713859121375680750e-02
8.832800000000297587e+03 1.007190640183582842e-01
8.833600000000298678e+03 2.191147074154115582e-01
8.834400000000299769e+03 1.725442268896983378e-01
8.835200000000299042e+03 3.691313189346744766e-02
8.836000000000298314e+03 3.778835031314951853e-02
8.836800000000299406e+03 1.756818342590798221e-01
8.837600000000300497e+03 1.454586293524581242e-01
8.838400000000299769e+03 -1.324342628657597110e-01
8.839200000000299042e+03 -4.075764449041567317e-01
8.840000000000300133e+03 -3.898304055387127875e-01
8.840800000000301225e+03 -1.131836929194702801e-01
8.841600000000300497e+03 1.024124864360349552e-01
8.842400000000299769e+03 1.822354028918177771e-01
8.843200000000300861e+03 1.944709674287657397e-01
8.844000000000301952e+03 1.386143129516518857e-01
8.844800000000301225e+03 1.255362470148603249e-01
8.845600000000300497e+03 1.536505749500052809e-01
8.846400000000301588e+03 1.503032745587613572e-01
8.847200000000302680e+03 1.462980768983145885e-01
8.848000000000301952e+03 1.463525063639716239e-01
8.848800000000301225e+03 1.458780356802434341e-01
8.849600000000302316e+03 2.197178311190790545e-01
8.850400000000303407e+03 2.244844792620390161e-01
8.851200000000302680e+03 1.186339389871757660e-01
8.852000000000301952e+03 -2.875086133877789024e-02
8.852800000000303044e+03 -1.295749921730396936e-01
8.853600000000304135e+03 -4.564575880683948567e-02
8.854400000000303407e+03 6.275788592220510331e-02
8.855200000000302680e+03 3.463478998565909517e-02
8.856000000000303771e+03 -2.316542512321786637e-02
8.856800000000304863e+03 4.402313373384151435e-03
8.857600000000304135e+03 7.041685989986717908e-02
8.858400000000303407e+03 1.028769614083663575e-01
8.859200000000304499e+03 1.502027709592421434e-01
8.860000000000305590e+03 1.801708773198396618e-01
8.860800000000304863e+03 1.786127346207330990e-01
8.861600000000304135e+03 1.575929942319916621e-01
8.862400000000305226e+03 1.486348970711870721e-01
8.863200000000306318e+03 1.896292402144084677e-01
8.864000000000305590e+03 2.376578546710796935e-01
8.864800000000304863e+03 2.375981238909780635e-01
8.865600000000305954e+03 2.617878394524725816e-01
8.866400000000307045e+03 3.575741532534331135e-01
8.867200000000306318e+03 3.875242715450773479e-01
8.868000000000305590e+03 3.227218635962116333e-01
8.868800000000306682e+03 4.280395360283378303e-01
8.869600000000307773e+03 6.879947703295966610e-01
8.870400000000307045e+03 7.208445979601971754e-01
8.871200000000306318e+03 3.813945238232052670e-01
8.872000000000307409e+03 4.592761533790824802e-02
8.872800000000308501e+03 -1.175942191067044090e-02
8.873600000000307773e+03 8.881161309860281794e-02
8.874400000000307045e+03 1.594950164965767969e-01
8.875200000000308137e+03 1.460189170884493293e-01
8.876000000000309228e+03 1.158717877510968552e-01
8.876800000000308501e+03 8.008897836655004543e-02
8.877600000000307773e+03 2.821581174747461035e-02
8.878400000000308864e+03 -2.749114370657551945e-03
8.879200000000309956e+03 7.705397672000050338e-03
8.880000000000309228e+03 6.182488406717664975e-02
8.880800000000308501e+03 1.130604175968384223e-01
8.881600000000309592e+03 1.237616831305541759e-01
8.882400000000310683e+03 1.050017903321891488e-01
8.883200000000309956e+03 6.098225935810150378e-02
8.884000000000309228e+03 7.946835397745830032e-02
8.884800000000310320e+03 1.367302697752123541e-01
8.885600000000311411e+03 1.564641863254519483e-01
8.886400000000310683e+03 2.461902083693771892e-01
8.887200000000309956e+03 5.487016692493488224e-01
8.888000000000311047e+03 7.509710171672366874e-01
8.888800000000312139e+03 5.124594964316784296e-01
8.889600000000311411e+03 2.188963444952058135e-01
8.890400000000310683e+03 7.864845867643477373e-02
8.891200000000311775e+03 3.266144915262258336e-02
8.892000000000312866e+03 2.337986601290299726e-02
8.892800000000312139e+03 6.806531731821095776e-02
8.893600000000311411e+03 1.731237673195625271e-01
8.894400000000312502e+03 1.832557922240705683e-01
8.895200000000313594e+03 9.975509031606161203e-02
8.896000000000312866e+03 2.001252732274865637e-02
8.896800000000312139e+03 -1.131044355383355876e-02
8.897600000000313230e+03 5.868522621989992472e-02
8.898400000000314321e+03 1.597630608907676386e-01
8.899200000000313594e+03 2.037741243917660927e-01
8.900000000000312866e+03 1.138851327473115599e-01
8.900800000000313958e+03 -1.109371652128017527e-02
8.901600000000315049e+03 4.749040763924964464e-02
8.902400000000314321e+03 1.394866843628829733e-01
8.903200000000313594e+03 3.760047170460049937e-02
8.904000000000314685e+03 -8.911206973615250215e-02
8.904800000000315777e+03 1.479555150292467813e-02
8.905600000000315049e+03 4.511075060822566929e-02
8.906400000000314321e+03 -1.976290180189061718e-01
8.907200000000315413e+03 -1.786789097478349853e-01
8.908000000000316504e+03 2.340421288677904318e-02
8.908800000000315777e+03 1.662335171179011306e-01
8.909600000000315049e+03 2.609292367359102860e-01
8.910400000000316140e+03 2.777481457935500053e-01
8.911200000000317232e+03 2.476735273940665893e-01
8.912000000000316504e+03 2.415608985303320799e-01
8.912800000000315777e+03 1.892440691473769310e-01
8.913600000000316868e+03 8.772288433952570019e-02
8.914400000000317959e+03 8.816196128690192979e-02
8.915200000000317232e+03 1.082916833850723348e-01
8.916000000000316504e+03 7.926032427983248363e-02
8.916800000000317596e+03 1.319571800769269443e-01
8.917600000000318687e+03 2.611531624033116006e-01
8.918400000000317959e+03 2.706503064750016563e-01
8.919200000000317232e+03 1.383803334411498054e-01
8.920000000000318323e+03 1.217448572201677154e-02
8.920800000000319415e+03 -4.255394824861660763e-02
8.921600000000318687e+03 -3.290497740195994503e-01
8.922400000000317959e+03 -4.532015580823730572e-01
8.923200000000319051e+03 2.686202129914494474e-02
8.924000000000320142e+03 3.390658989967682002e-02
8.924800000000319415e+03 -1.019218250833902328e-01
8.925600000000318687e+03 -3.853931880703268670e-02
8.926400000000319778e+03 -7.347411448172403575e-06
8.927200000000320870e+03 2.005152122531290299e-02
8.928000000000320142e+03 3.524768751784304599e-02
8.928800000000319415e+03 1.439230803218275595e-02
8.929600000000320506e+03 1.223888972478878040e-02
8.930400000000321597e+03 9.217884657325915720e-02
8.931200000000320870e+03 1.714917876046471168e-01
8.932000000000320142e+03 2.012752025907282583e-01
8.932800000000321234e+03 1.931135255058430422e-01
8.933600000000322325e+03 1.585701615086844707e-01
8.934400000000321597e+03 9.948570025262017114e-02
8.935200000000320870e+03 9.011019616216869865e-02
8.936000000000321961e+03 1.173742422690954718e-01
8.936800000000323053e+03 8.968230135053240071e-02
8.937600000000322325e+03 3.653193528246091726e-02
8.938400000000321597e+03 1.041969556382219553e-01
8.939200000000322689e+03 1.874404246119399375e-01
8.940000000000323780e+03 1.319622887247955678e-01
8.940800000000323053e+03 7.754029332527938301e-02
8.941600000000322325e+03 8.538407352255655836e-02
8.942400000000323416e+03 1.184797656724590753e-01
8.943200000000324508e+03 1.770445928500372912e-01
8.944000000000323780e+03 2.476626438426354493e-01
8.944800000000323053e+03 2.061805631865217536e-01
8.945600000000324144e+03 2.669098932399033286e-02
8.946400000000325235e+03 -1.464790532172111082e-02
8.947200000000324508e+03 1.971888802230065477e-02
8.948000000000323780e+03 4.097171904622302907e-02
8.948800000000324872e+03 5.267626637550432145e-02
8.949600000000325963e+03 5.304101498783554691e-02
8.950400000000325235e+03 1.237258911845575682e-01
8.951200000000324508e+03 1.811416894507705821e-01
8.952000000000325599e+03 1.688165868664738556e-01
8.952800000000326690e+03 1.870416364819529609e-01
8.953600000000325963e+03 1.847522110404475892e-01
8.954400000000325235e+03 1.839931678277719196e-01
8.955200000000326327e+03 1.432095194247704761e-01
8.956000000000327418e+03 7.609894597608374278e-02
8.956800000000326690e+03 1.022321405795912630e-01
8.957600000000325963e+03 1.994495285485209379e-01
8.958400000000327054e+03 3.395928591441919053e-01
8.959200000000328146e+03 4.706802589207454979e-01
8.960000000000327418e+03 2.004225458145360572e-01
8.960800000000326690e+03 -4.275372287342846245e-01
8.961600000000327782e+03 -6.130709002336192093e-01
8.962400000000328873e+03 -2.449658907527940410e-01
8.963200000000328146e+03 8.542800993039212365e-02
8.964000000000327418e+03 2.160837989226062628e-01
8.964800000000328509e+03 2.009959337199690443e-01
8.965600000000329601e+03 1.476111864738273993e-01
8.966400000000328873e+03 7.595710225995214171e-02
8.967200000000328146e+03 -6.220431417291539394e-02
8.968000000000329237e+03 -8.776771122560264593e-02
8.968800000000330328e+03 4.639182270601970026e-03
8.969600000000329601e+03 1.062622774567781730e-01
8.970400000000328873e+03 1.589284801535141567e-01
8.971200000000329965e+03 1.015526584200596161e-01
8.972000000000331056e+03 1.210247659697365197e-02
8.972800000000330328e+03 -2.866880413897495566e-02
8.973600000000329601e+03 -1.823774556267549612e-03
8.974400000000330692e+03 3.502120615839629525e-02
8.975200000000331784e+03 8.485137793905594972e-02
8.976000000000331056e+03 1.792691793454405658e-01
8.976800000000330328e+03 1.829965547102487822e-01
8.977600000000331420e+03 1.028322205482178758e-01
8.978400000000332511e+03 1.056341563937968769e-01
8.979200000000331784e+03 1.406753612616985505e-01
8.980000000000331056e+03 8.825574292897446493e-02
8.980800000000332147e+03 9.854019355039852004e-03
8.981600000000333239e+03 -1.280604802969518077e-02
8.982400000000332511e+03 7.090609696324229327e-02
8.983200000000331784e+03 2.153651997517795069e-01
8.984000000000332875e+03 2.247123110716091055e-01
8.984800000000333966e+03 1.658071537946809171e-01
8.985600000000333239e+03 2.034470930616345818e-01
8.986400000000332511e+03 1.774159879019502895e-01
8.987200000000333603e+03 9.957371191866201676e-02
8.988000000000334694e+03 5.816169309660054743e-02
8.988800000000333966e+03 2.799455216558596055e-02
8.989600000000333239e+03 3.318663227540298577e-02
8.990400000000334330e+03 -4.176034467095540714e-02
8.991200000000335422e+03 -2.644494404102230023e-01
8.992000000000334694e+03 -3.662675374953600071e-01
8.992800000000333966e+03 -1.400577770079353135e-01
8.993600000000335058e+03 7.595112497415210107e-02
8.994400000000336149e+03 8.517291003512333925e-02
8.995200000000335422e+03 6.456023171839783692e-03
8.996000000000334694e+03 -6.514759083862786682e-03
8.996800000000335785e+03 1.049522588731211653e-01
8.997600000000336877e+03 2.021532210716320832e-01
8.998400000000336149e+03 1.992451651758015141e-01
8.999200000000335422e+03 1.443852444622310549e-01
9.000000000000336513e+03 1.678997893611120784e-01
9.000800000000337604e+03 1.661399338135189085e-01
9.001600000000336877e+03 8.567838229840990527e-02
9.002400000000336149e+03 -1.033926736868628349e-01
9.003200000000337241e+03 -2.528347893400598734e-01
9.004000000000338332e+03 -1.125017849631638339e-02
9.004800000000337604e+03 1.998813046075181010e-01
9.005600000000336877e+03 9.277709783033100122e-02
9.006400000000337968e+03 2.174802798112228375e-02
9.007200000000339060e+03 7.322184916977725333e-02
9.008000000000338332e+03 1.524117135143104595e-01
9.008800000000337604e+03 1.612710087517716384e-01
9.009600000000338696e+03 1.577955105960736348e-01
9.010400000000339787e+03 1.526086822245547037e-01
9.011200000000339060e+03 1.280205254031014372e-01
9.012000000000338332e+03 9.179681907567791010e-02
9.012800000000339423e+03 5.611753621044031359e-02
9.013600000000340515e+03 3.675181173947166674e-02
9.014400000000339787e+03 4.119131440681120249e-02
9.015200000000339060e+03 7.575782991928527166e-02
9.016000000000340151e+03 1.453860065922891465e-01
9.016800000000341242e+03 1.844562535348149845e-01
9.017600000000340515e+03 1.816736088850858799e-01
9.018400000000339787e+03 1.659868623821372791e-01
9.019200000000340879e+03 1.407273108070760670e-01
9.020000000000341970e+03 8.889326011431269992e-02
9.020800000000341242e+03 -3.547162380815829796e-03
9.021600000000340515e+03 -4.991941904482337378e-02
9.022400000000341606e+03 4.357777398378351319e-03
9.023200000000342698e+03 1.224257244065892480e-01
9.024000000000341970e+03 1.926956674501198452e-01
9.024800000000341242e+03 1.410427610714234947e-01
9.025600000000342334e+03 7.585741989892408332e-02
9.026400000000343425e+03 1.017774919900192171e-01
9.027200000000342698e+03 2.056030008909327522e-01
9.028000000000341970e+03 3.009810051557926247e-01
9.028800000000343061e+03 3.179721176981060715e-01
9.029600000000344153e+03 2.314319614424863447e-01
9.030400000000343425e+03 1.416510065933772877e-01
9.031200000000342698e+03 1.575731619036725983e-01
9.032000000000343789e+03 1.685625517547726937e-01
9.032800000000344880e+03 1.535053684364838522e-01
9.033600000000344153e+03 1.042481565470165239e-01
9.034400000000343425e+03 -5.483521837898019079e-03
9.035200000000344517e+03 -7.649023513520750162e-02
9.036000000000345608e+03 -2.916715411356587961e-02
9.036800000000344880e+03 4.239406856774269317e-02
9.037600000000344153e+03 6.058899538459491807e-02
9.038400000000345244e+03 7.864173852418264443e-02
9.039200000000346336e+03 1.342026582429414472e-01
9.040000000000345608e+03 1.694428560224516545e-01
9.040800000000344880e+03 2.218328281337639540e-01
9.041600000000345972e+03 2.315818458042762651e-01
9.042400000000347063e+03 1.600909345486006830e-01
9.043200000000346336e+03 1.551502012599451641e-01
9.044000000000345608e+03 1.307557351620311503e-01
9.044800000000346699e+03 9.222384314741705058e-02
9.045600000000347791e+03 1.495598100115158036e-01
9.046400000000347063e+03 2.437499100382866102e-01
9.047200000000346336e+03 2.414149744681588772e-01
9.048000000000347427e+03 1.511562053263323657e-01
9.048800000000348518e+03 1.407781133575387866e-01
9.049600000000347791e+03 2.157784872344536420e-01
9.050400000000347063e+03 3.869711526729844309e-01
9.051200000000348155e+03 5.630464890917983301e-01
9.052000000000349246e+03 5.442329475572734721e-01
9.052800000000348518e+03 3.483032800239977966e-01
9.053600000000347791e+03 7.850802907480350368e-02
9.054400000000348882e+03 -5.724153062685963245e-03
9.055200000000349974e+03 2.023036973422370072e-02
9.056000000000349246e+03 -6.077807440464525271e-03
9.056800000000348518e+03 -5.093816859758390492e-02
9.057600000000349610e+03 -1.662483080012174680e-02
9.058400000000350701e+03 9.805127461916192388e-02
9.059200000000349974e+03 1.553175938867080719e-01
9.060000000000349246e+03 1.594039493032512467e-01
9.060800000000350337e+03 1.925046087473919199e-01
9.061600000000351429e+03 1.914689536797917202e-01
9.062400000000350701e+03 1.397496041981524106e-01
9.063200000000349974e+03 4.261768656774862080e-02
9.064000000000351065e+03 -3.334633112317320069e-02
9.064800000000352156e+03 1.884420993403147782e-02
9.065600000000351429e+03 1.104852312732984843e-01
9.066400000000350701e+03 1.057432285547231093e-01
9.067200000000351793e+03 6.678280068579194040e-02
9.068000000000352884e+03 4.065539485541344589e-02
9.068800000000352156e+03 3.609849346473891635e-02
9.069600000000351429e+03 2.157705051237138183e-02
9.070400000000352520e+03 -3.738344197651473355e-02
9.071200000000353612e+03 -6.496742440705673138e-03
9.072000000000352884e+03 4.401478282889601662e-02
9.072800000000352156e+03 4.043944944483794657e-02
9.073600000000353248e+03 7.953011171900974119e-02
9.074400000000354339e+03 1.335157996310389894e-01
9.075200000000353612e+03 1.491453366316036200e-01
9.076000000000352884e+03 1.376532894174480326e-01
9.076800000000353975e+03 1.293566957544266260e-01
9.077600000000355067e+03 1.159542675252035471e-01
9.078400000000354339e+03 7.685779510461551722e-02
9.079200000000353612e+03 6.846322803655811862e-02
9.080000000000354703e+03 1.086069563220407042e-01
9.080800000000355794e+03 1.280732114985155823e-01
9.081600000000355067e+03 1.439107815556973924e-01
9.082400000000354339e+03 1.688888660575738609e-01
9.083200000000355431e+03 1.426186252417130373e-01
9.084000000000356522e+03 8.019403658486211339e-02
9.084800000000355794e+03 2.363084314502199301e-02
9.085600000000355067e+03 -1.235875834742514341e-02
9.086400000000356158e+03 -3.971379460298532504e-03
9.087200000000357250e+03 4.330821566409587958e-02
9.088000000000356522e+03 6.414829088339144003e-02
9.088800000000355794e+03 3.028804244319781291e-02
9.089600000000356886e+03 2.876393653746927778e-02
9.090400000000357977e+03 8.551884666483078323e-02
9.091200000000357250e+03 1.362279757769200850e-01
9.092000000000356522e+03 1.441795742221735899e-01
9.092800000000357613e+03 1.247560513740840898e-01
9.093600000000358705e+03 1.437892519643957645e-01
9.094400000000357977e+03 2.456304299061746188e-01
9.095200000000357250e+03 3.007537133817911323e-01
9.096000000000358341e+03 2.445394996511609520e-01
9.096800000000359432e+03 2.016526007606921633e-01
9.097600000000358705e+03 1.461690766692613219e-01
9.098400000000357977e+03 8.152132724109939499e-02
9.099200000000359069e+03 5.869839047541085958e-02
9.100000000000360160e+03 6.366145010625656742e-02
9.100800000000359432e+03 1.189673773094606923e-01
9.101600000000358705e+03 1.898735917770873471e-01
9.102400000000359796e+03 2.362815687787985230e-01
9.103200000000360887e+03 2.375806966880897042e-01
9.104000000000360160e+03 2.137257855115858307e-01
9.104800000000359432e+03 1.899524938127442608e-01
9.105600000000360524e+03 1.944807863202698273e-01
9.106400000000361615e+03 2.527203933841263295e-01
9.107200000000360887e+03 2.955559204711425414e-01
9.108000000000360160e+03 2.797850981468664178e-01
9.108800000000361251e+03 2.289121551604327010e-01
9.109600000000362343e+03 1.506151566379109186e-01
9.110400000000361615e+03 3.025082148927323716e-02
9.111200000000360887e+03 -1.306840976325537862e-04
9.112000000000361979e+03 7.069014773584916811e-03
9.112800000000363070e+03 -3.056215585130271986e-02
9.113600000000362343e+03 -3.374852268538514055e-02
9.114400000000361615e+03 2.044072867298598467e-03
9.115200000000362706e+03 6.522741033078149897e-02
9.116000000000363798e+03 1.365674527893526169e-01
9.116800000000363070e+03 1.466545659619140629e-01
9.117600000000362343e+03 9.081947844830116912e-02
9.118400000000363434e+03 5.983964610015285457e-02
9.119200000000364525e+03 5.884532310308347725e-02
9.120000000000363798e+03 6.717919334192656855e-02
9.120800000000363070e+03 6.922568176504151349e-02
9.121600000000364162e+03 2.804167693235880277e-02
9.122400000000365253e+03 -4.687683667967980361e-02
9.123200000000364525e+03 -7.137198283778467545e-02
9.124000000000363798e+03 -3.016038065381814598e-02
9.124800000000364889e+03 3.429605469195736583e-03
9.125600000000365981e+03 4.181852881357621399e-02
9.126400000000365253e+03 7.245514331957242371e-02
9.127200000000364525e+03 1.779203422473783769e-02
9.128000000000365617e+03 -2.573066200347351451e-02
9.128800000000366708e+03 -1.076625492480394984e-02
9.129600000000365981e+03 3.797415720345648227e-02
9.130400000000365253e+03 7.886486934590047904e-02
9.131200000000366344e+03 8.701968654887674848e-02
9.132000000000367436e+03 1.295720280356952303e-01
9.132800000000366708e+03 1.369952487035908106e-01
9.133600000000365981e+03 3.454909750981600969e-02
9.134400000000367072e+03 -3.443889508440789449e-02
9.135200000000368163e+03 -1.663873847729879785e-02
9.136000000000367436e+03 4.570582666122398330e-02
9.136800000000366708e+03 1.290655915384661956e-01
9.137600000000367800e+03 1.719260944686723525e-01
9.138400000000368891e+03 1.715104107784486409e-01
9.139200000000368163e+03 1.651267748723766193e-01
9.140000000000367436e+03 1.753880967228666488e-01
9.140800000000368527e+03 1.791268000616538236e-01
9.141600000000369619e+03 1.063335811294321698e-01
9.142400000000368891e+03 -1.554234473059131968e-02
9.143200000000368163e+03 -6.426752211430633577e-02
9.144000000000369255e+03 2.601219426167783455e-04
9.144800000000370346e+03 6.003590712975051535e-02
9.145600000000369619e+03 1.054672607356836739e-01
9.146400000000368891e+03 1.644133549501992642e-01
9.147200000000369982e+03 1.662218506459438028e-01
9.148000000000371074e+03 1.271278492072511757e-01
9.148800000000370346e+03 1.398657777353139731e-01
9.149600000000369619e+03 1.376883539111176669e-01
9.150400000000370710e+03 1.175916615598216197e-01
9.151200000000371801e+03 1.241408890369687101e-01
9.152000000000371074e+03 1.078200882634630930e-01
9.152800000000370346e+03 1.244747976641309151e-01
9.153600000000371438e+03 1.787503287289279041e-01
9.154400000000372529e+03 1.150792607602608569e-01
9.155200000000371801e+03 6.348684303961416031e-02
9.156000000000371074e+03 7.187472183183410412e-02
9.156800000000372165e+03 9.026369502409548051e-02
9.157600000000373257e+03 9.267998175548913808e-02
9.158400000000372529e+03 3.494608099632501991e-02
9.159200000000371801e+03 -4.283008134536504807e-03
9.160000000000372893e+03 2.491593671169698571e-02
9.160800000000373984e+03 1.122076382836467712e-01
9.161600000000373257e+03 1.525047615631585640e-01
9.162400000000372529e+03 9.590900576145737488e-02
9.163200000000373620e+03 4.969009202942077652e-02
9.164000000000374712e+03 1.289585237156433417e-01
9.164800000000373984e+03 1.991609627898940915e-01
9.165600000000373257e+03 1.152206049655999653e-01
9.166400000000374348e+03 8.357055599477254682e-03
9.167200000000375439e+03 -2.404185729324057400e-02
9.168000000000374712e+03 -1.491337328719095912e-02
9.168800000000373984e+03 -1.732096855540679603e-02
9.169600000000375076e+03 -1.221685220942647990e-02
9.170400000000376167e+03 5.039685437186351008e-02
9.171200000000375439e+03 1.162104124661668542e-01
9.172000000000374712e+03 9.209001056629700921e-02
9.172800000000375803e+03 3.108080785915372929e-02
9.173600000000376895e+03 4.391496893227325726e-02
9.174400000000376167e+03 9.003141043907418595e-02
9.175200000000375439e+03 7.501880782719777541e-02
9.176000000000376531e+03 9.276182172765579104e-02
9.176800000000377622e+03 1.161476378906706047e-01
9.177600000000376895e+03 6.705023558346395740e-02
9.178400000000376167e+03 6.630078376555320618e-02
9.179200000000377258e+03 1.143209636756333802e-01
9.180000000000378350e+03 8.624155548452515363e-02
9.180800000000377622e+03 9.902424696401949944e-02
9.181600000000376895e+03 1.413027697564909202e-01
9.182400000000377986e+03 1.454222896459239356e-01
9.183200000000379077e+03 1.668501438797142244e-01
9.184000000000378350e+03 1.391542401458888689e-01
9.184800000000377622e+03 9.199882333080069974e-02
9.185600000000378714e+03 1.190034015172246884e-01
9.186400000000379805e+03 1.680493305289066652e-01
9.187200000000379077e+03 1.568704032210577748e-01
9.188000000000378350e+03 1.031171974246034018e-01
9.188800000000379441e+03 6.062973786259119591e-02
9.189600000000380533e+03 8.474704511690556163e-02
9.190400000000379805e+03 1.130670525465438253e-01
9.191200000000379077e+03 7.778912556673113488e-02
9.192000000000380169e+03 2.350969579795447392e-02
9.192800000000381260e+03 1.251325235522438017e-02
9.193600000000380533e+03 8.115943446227769087e-02
9.194400000000379805e+03 1.004752809772235106e-01
9.195200000000380896e+03 3.073297753862109377e-02
9.196000000000381988e+03 3.283031744224582105e-02
9.196800000000381260e+03 1.169776996936364999e-01
9.197600000000380533e+03 1.655634079639420886e-01
9.198400000000381624e+03 1.397627987899083823e-01
9.199200000000382715e+03 5.898440509376993990e-02
9.200000000000381988e+03 1.511587070476631822e-02
9.200800000000381260e+03 5.321290586590171623e-02
9.201600000000382352e+03 1.242123011379810127e-01
9.202400000000383443e+03 1.999508242528890700e-01
9.203200000000382715e+03 2.382975905649485360e-01
9.204000000000381988e+03 2.293930503812342536e-01
9.204800000000383079e+03 2.065965578230801458e-01
9.205600000000384171e+03 1.655324315621901632e-01
9.206400000000383443e+03 1.002820676833122426e-01
9.207200000000382715e+03 9.292947985666463739e-02
9.208000000000383807e+03 1.252527228512806401e-01
9.208800000000384898e+03 8.514353184644884998e-02
9.209600000000384171e+03 1.586078931756056826e-02
9.210400000000383443e+03 5.922831834345015228e-02
9.211200000000384534e+03 1.883278737870266728e-01
9.212000000000385626e+03 1.769437788475228812e-01
9.212800000000384898e+03 5.717620461153996581e-02
9.213600000000384171e+03 5.222589477547130016e-03
9.214400000000385262e+03 1.419383487380652953e-02
9.215200000000386353e+03 2.681481847837172139e-02
9.216000000000385626e+03 4.232090870500786889e-03
9.216800000000384898e+03 -2.846513787269957033e-02
9.217600000000385990e+03 -3.060247680878318277e-02
9.218400000000387081e+03 4.382990444324529750e-02
9.219200000000386353e+03 1.515817065242259232e-01
9.220000000000385626e+03 1.392855427333469787e-01
9.220800000000386717e+03 3.476061502637903255e-02
9.221600000000387809e+03 5.013876282278363627e-02
9.222400000000387081e+03 1.217666956803075962e-01
9.223200000000386353e+03 1.466110610954460824e-01
9.224000000000387445e+03 1.152548648373285523e-01
9.224800000000388536e+03 5.405388044715556117e-02
9.225600000000387809e+03 -6.666806093831870172e-03
9.226400000000387081e+03 -2.235069628191219820e-02
9.227200000000388172e+03 1.821341719630374667e-02
9.228000000000389264e+03 1.899523324993030587e-02
9.228800000000388536e+03 1.974935012413208540e-02
9.229600000000387809e+03 5.851844726171488015e-02
9.230400000000388900e+03 8.734130139987404673e-02
9.231200000000389991e+03 1.064068449281986295e-01
9.232000000000389264e+03 1.242039136187934184e-01
9.232800000000388536e+03 1.565612211945315024e-01
9.233600000000389628e+03 1.818953935993672388e-01
9.234400000000390719e+03 1.887788231719336185e-01
9.235200000000389991e+03 1.504992148238158967e-01
9.236000000000389264e+03 1.269339442533317097e-01
9.236800000000390355e+03 1.638178739609124912e-01
9.237600000000391447e+03 1.997624501051317725e-01
9.238400000000390719e+03 2.098449085511112644e-01
9.239200000000389991e+03 2.073878339730397258e-01
9.240000000000391083e+03 1.951981316026720203e-01
9.240800000000392174e+03 1.950331609347423778e-01
9.241600000000391447e+03 1.790819219599745771e-01
9.242400000000390719e+03 1.817332020594917830e-01
9.243200000000391810e+03 1.976866619549548787e-01
9.244000000000392902e+03 1.342923098045242791e-01
9.244800000000392174e+03 9.304933534163155329e-02
9.245600000000391447e+03 1.295448397313199440e-01
9.246400000000392538e+03 1.558290668315540362e-01
9.247200000000393629e+03 1.303559153637132151e-01
9.248000000000392902e+03 6.360243459698869395e-02
9.248800000000392174e+03 7.197016740398870516e-02
9.249600000000393266e+03 1.768527815984705376e-01
9.250400000000394357e+03 2.277210774853058450e-01
9.251200000000393629e+03 1.738353042725020725e-01
9.252000000000392902e+03 1.821134644372640887e-01
9.252800000000393993e+03 2.038936781923243458e-01
9.253600000000395084e+03 2.009252141288705162e-01
9.254400000000394357e+03 1.917247403974045583e-01
9.255200000000393629e+03 1.535221020994279595e-01
9.256000000000394721e+03 1.101605705757316284e-01
9.256800000000395812e+03 9.372856658142150743e-02
9.257600000000395084e+03 7.050592758081004885e-02
9.258400000000394357e+03 6.826203110581000044e-02
9.259200000000395448e+03 5.995328603570324738e-02
9.260000000000396540e+03 4.995438406753298366e-02
9.260800000000395812e+03 9.403325260529940555e-02
9.261600000000395084e+03 1.070307897193424201e-01
9.262400000000396176e+03 7.056639687041370290e-02
9.263200000000397267e+03 4.676431330344640175e-02
9.264000000000396540e+03 3.238079338473500574e-02
9.264800000000395812e+03 4.080158578560563049e-02
9.265600000000396903e+03 9.991421872330347176e-02
9.266400000000397995e+03 1.170340406653518073e-01
9.267200000000397267e+03 9.225459729126107844e-02
9.268000000000396540e+03 8.897475021234044212e-02
9.268800000000397631e+03 4.067729265658103638e-02
9.269600000000398722e+03 -3.861958768357366678e-02
9.270400000000397995e+03 -3.948785277784967740e-02
9.271200000000397267e+03 5.267512063472325895e-02
9.272000000000398359e+03 1.675277687602530485e-01
9.272800000000399450e+03 1.539112441107441942e-01
9.273600000000398722e+03 4.093743431509321018e-02
9.274400000000397995e+03 -7.122594589225594852e-02
9.275200000000399086e+03 -1.499102628051711406e-01
9.276000000000400178e+03 -1.375241509156562847e-01
9.276800000000399450e+03 -2.051475738856324560e-02
9.277600000000398722e+03 8.356122175965378929e-02
9.278400000000399814e+03 1.079888326460400616e-01
9.279200000000400905e+03 1.334400186706838909e-01
9.280000000000400178e+03 1.619421234015351874e-01
9.280800000000399450e+03 1.364268461939883437e-01
9.281600000000400541e+03 1.231844421762962188e-01
9.282400000000401633e+03 1.215457388617994378e-01
9.283200000000400905e+03 1.071464052943652684e-01
9.284000000000400178e+03 6.821671587735242404e-02
9.284800000000401269e+03 7.564168899252102229e-02
9.285600000000402360e+03 1.148664290788772857e-01
9.286400000000401633e+03 1.182383887652316001e-01
9.287200000000400905e+03 8.266971129272245034e-02
9.288000000000401997e+03 6.023377786589042410e-02
9.288800000000403088e+03 7.047452352884750471e-02
9.289600000000402360e+03 1.411166396905752241e-01
9.290400000000401633e+03 2.588828614369587666e-01
9.291200000000402724e+03 1.977787017854239771e-01
9.292000000000403816e+03 6.778318337518143832e-02
9.292800000000403088e+03 1.052241840779659932e-01
9.293600000000402360e+03 1.464028711656988890e-01
9.294400000000403452e+03 1.374217577496037457e-01
9.295200000000404543e+03 1.159262827102848226e-01
9.296000000000403816e+03 4.941501661407446400e-02
9.296800000000403088e+03 -4.240803870831416633e-02
9.297600000000404179e+03 -7.959578351350921066e-02
9.298400000000405271e+03 -1.070361508961330255e-02
9.299200000000404543e+03 8.586134667183269176e-02
9.300000000000403816e+03 1.557121983771202478e-01
9.300800000000404907e+03 1.870064148609879018e-01
9.301600000000405998e+03 2.265426661710699396e-01
9.302400000000405271e+03 2.243392923782336346e-01
9.303200000000404543e+03 1.714465420594631362e-01
9.304000000000405635e+03 1.102237429212487296e-01
9.304800000000406726e+03 1.392318874862480231e-02
9.305600000000405998e+03 -8.649015798867096261e-02
9.306400000000405271e+03 -7.127946988683114826e-02
9.307200000000406362e+03 9.731427694142316676e-02
9.308000000000407454e+03 2.208825940305018942e-01
9.308800000000406726e+03 1.836743763335456081e-01
9.309600000000405998e+03 3.190278922124478722e-01
9.310400000000407090e+03 5.619094250139480273e-01
9.311200000000408181e+03 2.765983740387276679e-01
9.312000000000407454e+03 -1.677191558307336849e-01
9.312800000000406726e+03 -3.174026826885667507e-02
9.313600000000407817e+03 3.558210218253184953e-01
9.314400000000408909e+03 1.642699382904858063e-01
9.315200000000408181e+03 -1.085969808113665946e-01
9.316000000000407454e+03 7.281983700015315364e-02
9.316800000000408545e+03 -2.794373889882992290e-01
9.317600000000409636e+03 -6.270295327627093407e-01
9.318400000000408909e+03 -4.759864499557037720e-01
9.319200000000408181e+03 -3.469087745289516356e-01
9.320000000000409273e+03 -4.106477818897212861e-01
9.320800000000410364e+03 -3.429185971223044360e-01
9.321600000000409636e+03 -2.938692433978188912e-01
9.322400000000408909e+03 -2.095235817613901874e-01
9.323200000000410000e+03 -2.858000483354345561e-02
9.324000000000411092e+03 1.174849946550004243e-01
9.324800000000410364e+03 3.023225398107709516e-01
9.325600000000409636e+03 5.058947569548633005e-01
9.326400000000410728e+03 2.296778879922835581e-01
9.327200000000411819e+03 -3.047541165915696459e-01
9.328000000000411092e+03 -2.725766923407605402e-01
9.328800000000410364e+03 5.004604399873687631e-02
9.329600000000411455e+03 2.027706320821954233e-01
9.330400000000412547e+03 2.044265894182065169e-01
9.331200000000411819e+03 1.926354777452894407e-01
9.332000000000411092e+03 1.547248543586279279e-01
9.332800000000412183e+03 8.966158801026820335e-02
9.333600000000413274e+03 1.185729676476725836e-01
9.334400000000412547e+03 1.686956162430043038e-01
9.335200000000411819e+03 1.202790979982630848e-01
9.336000000000412911e+03 8.116380772327032311e-02
9.336800000000414002e+03 1.180972810178925608e-01
9.337600000000413274e+03 1.569038603411646859e-01
9.338400000000412547e+03 1.674334210027703662e-01
9.339200000000413638e+03 7.737866723784439515e-02
9.340000000000414730e+03 -8.402937331927547160e-03
9.340800000000414002e+03 -1.442358383617933781e-03
9.341600000000413274e+03 -4.805911812431901131e-02
9.342400000000414366e+03 -9.579842044821082481e-02
9.343200000000415457e+03 -1.289273841145191155e-02
9.344000000000414730e+03 8.482738288368976698e-02
9.344800000000414002e+03 6.051180903335955097e-02
9.345600000000415093e+03 -1.497785138300402469e-02
9.346400000000416185e+03 1.645724633186715635e-01
9.347200000000415457e+03 5.558124562363527810e-01
9.348000000000414730e+03 6.609303184428410027e-01
9.348800000000415821e+03 5.246702535622311814e-01
9.349600000000416912e+03 4.439340101937202521e-01
9.350400000000416185e+03 4.397483771436258015e-01
9.351200000000415457e+03 2.826904353999336594e-01
9.352000000000416549e+03 6.246722904076817962e-02
9.352800000000417640e+03 8.801531231940283584e-02
9.353600000000416912e+03 1.918735528216157227e-01
9.354400000000416185e+03 1.859874219748050839e-01
9.355200000000417276e+03 2.030158745158916755e-01
9.356000000000418368e+03 1.770806965456803717e-01
9.356800000000417640e+03 -1.186595647450363611e-01
9.357600000000416912e+03 -4.167064533996551745e-01
9.358400000000418004e+03 -3.065262811890803185e-01
9.359200000000419095e+03 -5.775350346758650194e-02
9.360000000000418368e+03 6.526633950131936757e-02
9.360800000000417640e+03 1.987913300812322870e-01
9.361600000000418731e+03 3.091789818933864398e-01
9.362400000000419823e+03 1.548048691632478158e-01
9.363200000000419095e+03 8.614474332375277044e-03
9.364000000000418368e+03 5.739852919424065503e-02
9.364800000000419459e+03 1.649679318279155538e-01
9.365600000000420550e+03 2.462460864328969157e-01
9.366400000000419823e+03 2.190217246275857066e-01
9.367200000000419095e+03 2.044579952764731534e-01
9.368000000000420187e+03 2.294410929534684840e-01
9.368800000000421278e+03 2.562289799993757722e-01
9.369600000000420550e+03 2.382190635739137863e-01
9.370400000000419823e+03 1.465841990390027438e-01
9.371200000000420914e+03 1.006529493902294653e-01
9.372000000000422006e+03 9.383787560293907482e-02
9.372800000000421278e+03 1.457705252634108051e-01
9.373600000000420550e+03 2.090862565778490167e-01
9.374400000000421642e+03 1.044172977972138844e-01
9.375200000000422733e+03 -4.631170826592478917e-02
9.376000000000422006e+03 -4.586467110313249829e-02
9.376800000000421278e+03 3.398832018915133313e-01
9.377600000000422369e+03 6.423864387176492219e-01
9.378400000000423461e+03 2.050729846400010103e-01
9.379200000000422733e+03 -6.495654273498964182e-01
9.380000000000422006e+03 -1.253348448291698114e+00
9.380800000000423097e+03 -7.256641714814453525e-01
9.381600000000424188e+03 -1.072071487074819085e-01
9.382400000000423461e+03 1.105506428693168730e-01
9.383200000000422733e+03 1.315183273840332956e-01
9.384000000000423825e+03 -4.589797576308007887e-03
9.384800000000424916e+03 3.705140531572653773e-02
9.385600000000424188e+03 1.887529322453757596e-01
9.386400000000423461e+03 2.238897075393477543e-01
9.387200000000424552e+03 2.317084019520690985e-01
9.388000000000425644e+03 2.318625600546007637e-01
9.388800000000424916e+03 2.254690718358081936e-01
9.389600000000424188e+03 1.833993667619543411e-01
9.390400000000425280e+03 8.550769607001787453e-02
9.391200000000426371e+03 1.078885170727607451e-01
9.392000000000425644e+03 1.504980208552524901e-01
9.392800000000424916e+03 1.194738150535279292e-01
9.393600000000426007e+03 9.912957158263560609e-02
9.394400000000427099e+03 1.088495078618418738e-01
9.395200000000426371e+03 1.392634808533708968e-01
9.396000000000425644e+03 1.681028295846867526e-01
9.396800000000426735e+03 2.071586167184381599e-01
9.397600000000427826e+03 1.667592980707520434e-01
9.398400000000427099e+03 2.687031105203632753e-02
9.399200000000426371e+03 1.411211328828031186e-02
9.400000000000427463e+03 9.197565886586833717e-02
9.400800000000428554e+03 2.245472101798651893e-02
9.401600000000427826e+03 -2.172859416102024266e-02
9.402400000000427099e+03 7.812810793938876341e-02
9.403200000000428190e+03 1.759261707038251854e-01
9.404000000000429281e+03 3.184217068165146602e-01
9.404800000000428554e+03 3.816950410615822520e-01
9.405600000000427826e+03 1.858492036536967817e-01
9.406400000000428918e+03 -9.399513809439818957e-03
9.407200000000430009e+03 3.183441000825364131e-02
9.408000000000429281e+03 1.321317886745692616e-01
9.408800000000428554e+03 1.695549777907340294e-01
9.409600000000429645e+03 9.259533041217005156e-02
9.410400000000430737e+03 -2.512830137641427694e-02
9.411200000000430009e+03 -9.507287975475171848e-02
9.412000000000429281e+03 -5.112238609808528178e-02
9.412800000000430373e+03 4.980815204272303481e-02
9.413600000000431464e+03 1.083315231399143708e-01
9.414400000000430737e+03 1.289647554428698939e-01
9.415200000000430009e+03 1.661513311643066371e-01
9.416000000000431100e+03 2.407303345281768814e-01
9.416800000000432192e+03 2.668228848005541054e-01
9.417600000000431464e+03 2.512620308061451202e-01
9.418400000000430737e+03 2.018305075262849524e-01
9.419200000000431828e+03 1.762885868484925234e-01
9.420000000000432919e+03 1.666121165017040717e-01
9.420800000000432192e+03 2.788739006298384115e-01
9.421600000000431464e+03 4.855732186177204035e-01
9.422400000000432556e+03 3.553945521390295958e-01
9.423200000000433647e+03 -2.920027683923792083e-01
9.424000000000432919e+03 -7.024329509695168561e-01
9.424800000000432192e+03 -4.717384292329767081e-01
9.425600000000433283e+03 1.778557247404666253e-04
9.426400000000434375e+03 1.809847810040133009e-01
9.427200000000433647e+03 1.039397063571277091e-01
9.428000000000432919e+03 2.945143807671682032e-02
9.428800000000434011e+03 9.766248514623615540e-02
9.429600000000435102e+03 1.628710957004665949e-01
9.430400000000434375e+03 1.282248343742220173e-02
9.431200000000433647e+03 -1.101938636669961835e-01
9.432000000000434738e+03 -4.469670161761742089e-02
9.432800000000435830e+03 -3.908146938537054860e-03
9.433600000000435102e+03 3.473522776770895243e-02
9.434400000000434375e+03 2.352871802884644314e-02
9.435200000000435466e+03 -3.189496083770586299e-02
9.436000000000436557e+03 7.065908701541204207e-02
9.436800000000435830e+03 1.666257354504189769e-01
9.437600000000435102e+03 1.490595957033386265e-01
9.438400000000436194e+03 2.844649331644291124e-01
9.439200000000437285e+03 4.825813891562983904e-01
9.440000000000436557e+03 5.916226250068254977e-01
9.440800000000435830e+03 9.773762561328779297e-01
9.441600000000436921e+03 1.798246661312051131e+00
9.442400000000438013e+03 2.409495867748711717e+00
9.443200000000437285e+03 8.027988292949548299e-01
9.444000000000436557e+03 -2.072062501565736792e+00
9.444800000000437649e+03 -2.176523246061602634e+00
9.445600000000438740e+03 -5.926840336931440412e-01
9.446400000000438013e+03 1.122128030435312340e-01
9.447200000000437285e+03 1.116431017363179873e-01
9.448000000000438376e+03 7.206024361986816673e-02
9.448800000000439468e+03 1.308903312227283067e-02
9.449600000000438740e+03 -5.742271637108371796e-02
9.450400000000438013e+03 -1.396728713759173013e-01
9.451200000000439104e+03 -7.386981627117734928e-02
9.452000000000440195e+03 4.135680858492487427e-02
9.452800000000439468e+03 2.902378436266863510e-02
9.453600000000438740e+03 8.355156238288738435e-02
9.454400000000439832e+03 1.978052210627246899e-01
9.455200000000440923e+03 1.452678659119149007e-01
9.456000000000440195e+03 5.875863420046537750e-02
9.456800000000439468e+03 5.483534946274504218e-02
9.457600000000440559e+03 9.821238698980810922e-02
9.458400000000441651e+03 1.172316220844588919e-01
9.459200000000440923e+03 1.058263631139793465e-01
9.460000000000440195e+03 2.073639611520211035e-01
9.460800000000441287e+03 6.763826629675777635e-01
9.461600000000442378e+03 1.126570496512395936e+00
9.462400000000441651e+03 7.609517813427507660e-01
9.463200000000440923e+03 3.445111092499804073e-01
9.464000000000442014e+03 1.521424363199233576e-01
9.464800000000443106e+03 9.574895872483829562e-02
9.465600000000442378e+03 1.110772269435864462e-01
9.466400000000441651e+03 1.124831802487852306e-01
9.467200000000442742e+03 1.290687694052961021e-01
9.468000000000443833e+03 1.097650603859399304e-01
9.468800000000443106e+03 9.122399410556052135e-02
9.469600000000442378e+03 1.123988956822451063e-01
9.470400000000443470e+03 9.964779362710872446e-02
9.471200000000444561e+03 3.054854060091622553e-02
9.472000000000443833e+03 1.416110282413030053e-02
9.472800000000443106e+03 1.099893412062505488e-01
9.473600000000444197e+03 1.810362646702356471e-01
9.474400000000445289e+03 2.410939975487327303e-01
9.475200000000444561e+03 2.419992399131985494e-01
9.476000000000443833e+03 1.411279526739816492e-01
9.476800000000444925e+03 -2.363527170168705505e-02
9.477600000000446016e+03 -1.705460403133451930e-01
9.478400000000445289e+03 -2.895938796160628104e-01
9.479200000000444561e+03 -5.659337939153662456e-01
9.480000000000445652e+03 -1.040105512007726052e+00
9.480800000000446744e+03 -9.801180898738932612e-01
9.481600000000446016e+03 -3.667148525603491915e-01
9.482400000000445289e+03 -9.675334908170762915e-02
9.483200000000446380e+03 -2.855005771598420616e-02
9.484000000000447471e+03 2.858256298073166835e-03
9.484800000000446744e+03 -2.485276756959381439e-02
9.485600000000446016e+03 -1.781039873588752265e-02
9.486400000000447108e+03 1.513596912399612915e-01
9.487200000000448199e+03 2.239398981214472395e-01
9.488000000000447471e+03 1.213847093622298090e-01
9.488800000000446744e+03 7.015989897279044374e-02
9.489600000000447835e+03 3.704236623858408323e-02
9.490400000000448927e+03 -1.633671122511171775e-02
9.491200000000448199e+03 2.045414784613040077e-03
9.492000000000447471e+03 1.268392715643666402e-01
9.492800000000448563e+03 2.956704064270806454e-01
9.493600000000449654e+03 3.468280801352892628e-01
9.494400000000448927e+03 1.787766563999421132e-01
9.495200000000448199e+03 3.419083444080043416e-02
9.496000000000449290e+03 -3.045083600580066052e-02
9.496800000000450382e+03 -1.480450202421962902e-01
9.497600000000449654e+03 -2.039884844834923272e-01
9.498400000000448927e+03 -5.738415839817172237e-02
9.499200000000450018e+03 7.682456243656951567e-02
9.500000000000451109e+03 1.694825007564322306e-01
9.500800000000450382e+03 2.200276461330925304e-01
9.501600000000449654e+03 1.677879249861743138e-01
9.502400000000450746e+03 1.799018353634822542e-01
9.503200000000451837e+03 3.061993488710297862e-01
9.504000000000451109e+03 1.737301093312051126e-01
9.504800000000450382e+03 4.505996409478296716e-02
9.505600000000451473e+03 1.402106151246025334e-01
9.506400000000452565e+03 -2.577957400000622235e-01
9.507200000000451837e+03 -5.745292051400222588e-01
9.508000000000451109e+03 -5.119731388117658710e-01
9.508800000000452201e+03 -2.508396794574899724e-01
9.509600000000453292e+03 7.060531724943770737e-02
9.510400000000452565e+03 2.807119054483052656e-01
9.511200000000451837e+03 1.840786959580450743e-01
9.512000000000452928e+03 1.842784964165325098e-02
9.512800000000454020e+03 -3.117085723449131845e-02
9.513600000000453292e+03 -2.667668467710248084e-02
9.514400000000452565e+03 -5.063732034073550881e-02
9.515200000000453656e+03 -7.258297705044948478e-02
9.516000000000454747e+03 -5.090234518084378601e-02
9.516800000000454020e+03 2.245919407383339603e-02
9.517600000000453292e+03 9.569590685721635070e-02
9.518400000000454384e+03 1.183182451953138370e-01
9.519200000000455475e+03 1.350325723605127204e-01
9.520000000000454747e+03 1.799000933674712865e-01
9.520800000000454020e+03 1.803959265899017506e-01
9.521600000000455111e+03 2.909467685392667646e-01
9.522400000000456203e+03 2.114160274223223501e-01
9.523200000000455475e+03 -3.705358990144876907e-01
9.524000000000454747e+03 -4.956683080362020988e-01
9.524800000000455839e+03 -1.945085201875823844e-01
9.525600000000456930e+03 1.308005595124266812e-02
9.526400000000456203e+03 1.202113423205100895e-01
9.527200000000455475e+03 1.492448299075116169e-01
9.528000000000456566e+03 1.514192189684425704e-01
9.528800000000457658e+03 1.584018656877278497e-01
9.529600000000456930e+03 1.354194471335304073e-01
9.530400000000456203e+03 1.157459133067983703e-01
9.531200000000457294e+03 3.333408513395416661e-02
9.532000000000458385e+03 -1.432132801280318335e-02
9.532800000000457658e+03 3.733440733799177347e-02
9.533600000000456930e+03 4.273719718252071142e-02
9.534400000000458022e+03 6.501236593955309062e-03
9.535200000000459113e+03 -3.502523587613042000e-03
9.536000000000458385e+03 7.551589402426386877e-02
9.536800000000457658e+03 1.503523694427407742e-01
9.537600000000458749e+03 2.074753027873221245e-01
9.538400000000459841e+03 3.198710447324418782e-01
9.539200000000459113e+03 3.836268262704101151e-01
9.540000000000458385e+03 3.903319277924705011e-01
9.540800000000459477e+03 3.973183399170301389e-01
9.541600000000460568e+03 3.439491770497318801e-01
9.542400000000459841e+03 2.044158424638018445e-01
9.543200000000459113e+03 2.741283705136517146e-02
9.544000000000460204e+03 5.658864780314772081e-02
9.544800000000461296e+03 1.407673983893096281e-01
9.545600000000460568e+03 5.465027769256908252e-02
9.546400000000459841e+03 7.500197867632212023e-02
9.547200000000460932e+03 2.256657881242699615e-01
9.548000000000462023e+03 2.677002087333784086e-01
9.548800000000461296e+03 2.343301650898128030e-01
9.549600000000460568e+03 2.817123537183538473e-01
9.550400000000461660e+03 2.906476817360464371e-01
9.551200000000462751e+03 2.565738305227350247e-01
9.552000000000462023e+03 2.855706662968713894e-01
9.552800000000461296e+03 2.787631825050545520e-01
9.553600000000462387e+03 2.294461468374789093e-01
9.554400000000463479e+03 2.435473643969289850e-02
9.555200000000462751e+03 -2.008703792366328400e-01
9.556000000000462023e+03 -1.357100966106910278e-01
9.556800000000463115e+03 1.287610709562300171e-01
9.557600000000464206e+03 1.950975311241296417e-01
9.558400000000463479e+03 1.136046064409736989e-01
9.559200000000462751e+03 1.493692867816039382e-01
9.560000000000463842e+03 2.305300119500610090e-01
9.560800000000464934e+03 1.563011393999788057e-01
9.561600000000464206e+03 1.363471164259582868e-01
9.562400000000463479e+03 2.406488935729275691e-01
9.563200000000464570e+03 2.564426724478787167e-01
9.564000000000465661e+03 1.545547579554517881e-01
9.564800000000464934e+03 7.300249801605410149e-02
9.565600000000464206e+03 1.117064817260273735e-01
9.566400000000465297e+03 1.897230789863547928e-01
9.567200000000466389e+03 1.599922631345022106e-01
9.568000000000465661e+03 1.260742224457367666e-01
9.568800000000464934e+03 4.722189115485013189e-01
9.569600000000466025e+03 8.559491947634849662e-01
9.570400000000467116e+03 4.863728845611113849e-01
9.571200000000466389e+03 6.733539770549376580e-02
9.572000000000465661e+03 3.312820015388573403e-03
9.572800000000466753e+03 1.456021306905177504e-01
9.573600000000467844e+03 2.578781702056230918e-01
9.574400000000467116e+03 2.484936628817368820e-01
9.575200000000466389e+03 1.529269868830714640e-01
9.576000000000467480e+03 6.267544223536079817e-02
9.576800000000468572e+03 8.055161055599324715e-02
9.577600000000467844e+03 1.013984390285494752e-01
9.578400000000467116e+03 7.225356311849084889e-02
9.579200000000468208e+03 1.141065786409642402e-01
9.580000000000469299e+03 2.557665646920941893e-01
9.580800000000468572e+03 2.317762161513280406e-01
9.581600000000467844e+03 9.678553275838491787e-02
9.582400000000468935e+03 7.633049437470852683e-02
9.583200000000470027e+03 1.190250397066213162e-01
9.584000000000469299e+03 9.273055974946656232e-02
9.584800000000468572e+03 1.359508439985279704e-03
9.585600000000469663e+03 -2.988287452334631444e-02
9.586400000000470754e+03 7.464649373441226143e-03
9.587200000000470027e+03 1.205539214551992616e-01
9.588000000000469299e+03 1.633554444839479258e-01
9.588800000000470391e+03 1.238309592154267502e-01
9.589600000000471482e+03 1.420398854820446033e-01
9.590400000000470754e+03 1.941338390656496271e-01
9.591200000000470027e+03 1.391816274282146604e-01
9.592000000000471118e+03 -3.666433070619654067e-02
9.592800000000472210e+03 -5.763721767876068408e-02
9.593600000000471482e+03 1.312675845045615519e-01
9.594400000000470754e+03 2.900297051793467862e-01
9.595200000000471846e+03 2.695411106596516393e-01
9.596000000000472937e+03 2.120665725986047578e-01
9.596800000000472210e+03 1.705912037081744048e-01
9.597600000000471482e+03 1.613206805502538921e-01
9.598400000000472573e+03 2.091772373531899376e-01
9.599200000000473665e+03 1.738122249423181831e-01
9.600000000000472937e+03 1.398796695292940095e-01
9.600800000000472210e+03 1.943528737809447626e-01
9.601600000000473301e+03 1.142902935888220339e-01
9.602400000000474392e+03 -4.900057700950175704e-02
9.603200000000473665e+03 -5.246462489394174145e-02
9.604000000000472937e+03 3.757670482028333675e-02
9.604800000000474029e+03 8.344898204048276091e-02
9.605600000000475120e+03 1.243504917437441293e-01
9.606400000000474392e+03 1.568751383402242350e-01
9.607200000000473665e+03 2.083625831088431191e-01
9.608000000000474756e+03 1.649893957578177917e-01
9.608800000000475848e+03 8.662766973072535959e-02
9.609600000000475120e+03 1.626062844187861067e-01
9.610400000000474392e+03 1.655907905614702746e-01
9.611200000000475484e+03 -4.793673537268870050e-03
9.612000000000476575e+03 -1.294030839401836275e-01
9.612800000000475848e+03 -1.163887419343411639e-01
9.613600000000475120e+03 -7.187260997702066279e-02
9.614400000000476211e+03 -2.405140063272755147e-02
9.615200000000477303e+03 8.078378332862116984e-03
9.616000000000476575e+03 4.453108346930861883e-02
9.616800000000475848e+03 8.849762478233563767e-02
9.617600000000476939e+03 1.301130998892074397e-01
9.618400000000478030e+03 7.692376010503966521e-02
9.619200000000477303e+03 -2.421278064802471347e-02
9.620000000000476575e+03 2.345530722780896082e-03
9.620800000000477667e+03 7.893742750656118634e-02
9.621600000000478758e+03 1.037253625342040020e-01
9.622400000000478030e+03 3.059630909837580126e-01
9.623200000000477303e+03 6.552632760318710670e-01
9.624000000000478394e+03 6.410223643135588567e-01
9.624800000000479486e+03 1.977540318930743890e-01
9.625600000000478758e+03 -1.378815809108621115e-01
9.626400000000478030e+03 -1.470935741566297417e-01
9.627200000000479122e+03 -1.859217709047511491e-02
9.628000000000480213e+03 -4.844411090581922374e-02
9.628800000000479486e+03 -1.308877586922805314e-01
9.629600000000478758e+03 -6.505802308534781864e-02
9.630400000000479849e+03 -4.615489791690050719e-03
9.631200000000480941e+03 1.175481945170931547e-02
9.632000000000480213e+03 8.325905951929665760e-02
9.632800000000479486e+03 1.300468782900587594e-01
9.633600000000480577e+03 1.384195805479112862e-01
9.634400000000481668e+03 1.976634544605399002e-01
9.635200000000480941e+03 2.340620731671934629e-01
9.636000000000480213e+03 2.166236160205814165e-01
9.636800000000481305e+03 2.042582422392060781e-01
9.637600000000482396e+03 2.418891313252974351e-01
9.638400000000481668e+03 3.486532862571404268e-01
9.639200000000480941e+03 3.765021853713068078e-01
9.640000000000482032e+03 2.777484064858780077e-01
9.640800000000483124e+03 9.484867453905203305e-02
9.641600000000482396e+03 1.173861915583468765e-02
9.642400000000481668e+03 8.438945802733004153e-02
9.643200000000482760e+03 1.916568224700148093e-01
9.644000000000483851e+03 2.265187217724839441e-01
9.644800000000483124e+03 2.256354347470798938e-01
9.645600000000482396e+03 1.795041866252565232e-01
9.646400000000483487e+03 1.155902044308023124e-01
9.647200000000484579e+03 2.149259204647662180e-01
9.648000000000483851e+03 3.228833036887116537e-01
9.648800000000483124e+03 2.270052525596947535e-01
9.649600000000484215e+03 7.843778327718317622e-02
9.650400000000485306e+03 4.438400345784890288e-02
9.651200000000484579e+03 9.181971736491538472e-02
9.652000000000483851e+03 1.554774291497567629e-01
9.652800000000484943e+03 1.581921266524882463e-01
9.653600000000486034e+03 1.167189852107284598e-01
9.654400000000485306e+03 5.476699330828178197e-02
9.655200000000484579e+03 -2.218849362493891322e-02
9.656000000000485670e+03 -6.544251675049664319e-02
9.656800000000486762e+03 -5.792821531825163850e-02
9.657600000000486034e+03 -7.862756392239411349e-03
9.658400000000485306e+03 -2.285621456376862176e-02
9.659200000000486398e+03 -9.539027801852886790e-02
9.660000000000487489e+03 -6.755602531791202181e-02
9.660800000000486762e+03 -5.408534892908798547e-03
9.661600000000486034e+03 1.624437534425329441e-02
9.662400000000487125e+03 4.461413862466483832e-02
9.663200000000488217e+03 7.140914076553860068e-02
9.664000000000487489e+03 8.501051757281039012e-02
9.664800000000486762e+03 1.220105349466489714e-01
9.665600000000487853e+03 1.122504758695164612e-01
9.666400000000488944e+03 8.771047676112606051e-02
9.667200000000488217e+03 6.555364880686816165e-02
9.668000000000487489e+03 5.599663213438410558e-02
9.668800000000488581e+03 9.441908160844361686e-02
9.669600000000489672e+03 9.924261428414418718e-02
9.670400000000488944e+03 1.262963956367581519e-01
9.671200000000488217e+03 3.835780031197810747e-01
9.672000000000489308e+03 7.431274353642709496e-01
9.672800000000490400e+03 5.933351518157123916e-01
9.673600000000489672e+03 2.105215923766287078e-01
9.674400000000488944e+03 1.937294671672768961e-02
9.675200000000490036e+03 -2.498584567020418687e-02
9.676000000000491127e+03 3.303026556901116073e-03
9.676800000000490400e+03 1.708031123258291206e-02
9.677600000000489672e+03 -2.010339045467857133e-02
9.678400000000490763e+03 1.039783819790432440e-02
9.679200000000491855e+03 6.011002384854217950e-02
9.680000000000491127e+03 8.495708837406334979e-02
9.680800000000490400e+03 2.602074815370036820e-02
9.681600000000491491e+03 6.995951430734102805e-02
9.682400000000492582e+03 3.462389044797408166e-01
9.683200000000491855e+03 6.494622361455849591e-01
9.684000000000491127e+03 7.351777250117217388e-01
9.684800000000492219e+03 3.637492855980173356e-01
9.685600000000493310e+03 4.199276386694206220e-03
9.686400000000492582e+03 -6.360063667011986444e-02
9.687200000000491855e+03 8.357965332205206932e-02
9.688000000000492946e+03 2.456897190232119610e-01
9.688800000000494038e+03 2.766303239355682453e-01
9.689600000000493310e+03 2.142815427467553158e-01
9.690400000000492582e+03 1.719399021579366416e-01
9.691200000000493674e+03 1.630706003367204393e-01
9.692000000000494765e+03 1.515611692650495057e-01
9.692800000000494038e+03 1.121911553808295492e-01
9.693600000000493310e+03 1.358182418402064662e-01
9.694400000000494401e+03 2.762085686385965522e-01
9.695200000000495493e+03 2.133318622862823699e-01
9.696000000000494765e+03 2.273020362591702398e-02
9.696800000000494038e+03 3.135404969892615495e-02
9.697600000000495129e+03 1.275708696785385898e-01
9.698400000000496220e+03 9.692649825865037871e-02
9.699200000000495493e+03 8.597717121433449960e-02
9.700000000000494765e+03 1.329892477569412368e-01
9.700800000000495857e+03 1.325471841493922887e-01
9.701600000000496948e+03 2.863396364576716729e-02
9.702400000000496220e+03 -1.453544482975643592e-01
9.703200000000495493e+03 -3.265908293555314090e-01
9.704000000000496584e+03 -3.296820299225371453e-01
9.704800000000497676e+03 -1.816824813260793370e-01
9.705600000000496948e+03 -4.441965946531499509e-02
9.706400000000496220e+03 -5.264520475017513829e-02
9.707200000000497312e+03 -1.076032926443955678e-01
9.708000000000498403e+03 -1.252439697987561829e-02
9.708800000000497676e+03 7.991202737761826658e-02
9.709600000000496948e+03 1.364508507991922526e-01
9.710400000000498039e+03 1.994859653231911834e-01
9.711200000000499131e+03 1.947944321325699724e-01
9.712000000000498403e+03 1.290067011663732777e-01
9.712800000000497676e+03 1.115717289209241236e-01
9.713600000000498767e+03 6.456183040284360630e-02
9.714400000000499858e+03 -3.905360350192915025e-02
9.715200000000499131e+03 -1.443745820224262566e-02
9.716000000000498403e+03 8.845815581904822866e-02
9.716800000000499494e+03 1.087667978154756299e-02
9.717600000000500586e+03 -5.600831156895955121e-02
9.718400000000499858e+03 1.843741330062131575e-02
9.719200000000499131e+03 1.479142476649202287e-01
9.720000000000500222e+03 2.134014068148309684e-01
9.720800000000501313e+03 1.069898290166966387e-01
9.721600000000500586e+03 -2.993594230362334185e-01
9.722400000000499858e+03 -7.365593137719440575e-01
9.723200000000500950e+03 -6.544237472622937979e-01
9.724000000000502041e+03 -2.084691284915969889e-01
9.724800000000501313e+03 6.901392972595256359e-02
9.725600000000500586e+03 8.308516128899401387e-02
9.726400000000501677e+03 2.183516257999771476e-02
9.727200000000502769e+03 -7.611649587060648203e-03
9.728000000000502041e+03 -6.302734250596699062e-02
9.728800000000501313e+03 -8.439397194401429547e-02
9.729600000000502405e+03 -9.479942836451699106e-02
9.730400000000503496e+03 -1.145268696144924186e-01
9.731200000000502769e+03 6.327962707588164620e-03
9.732000000000502041e+03 1.193294282508234744e-01
9.732800000000503132e+03 6.987320813976001521e-02
9.733600000000504224e+03 -7.045028822373202576e-03
9.734400000000503496e+03 -3.203865302663986420e-02
9.735200000000502769e+03 -4.568808734286660539e-02
9.736000000000503860e+03 -4.095584378987008473e-02
9.736800000000504951e+03 -8.164013265935138319e-02
9.737600000000504224e+03 -6.024557432639604526e-02
9.738400000000503496e+03 4.141219900760922945e-02
9.739200000000504588e+03 -2.358510283085206161e-01
9.740000000000505679e+03 -5.837243009669726979e-01
9.740800000000504951e+03 -5.361526746975162627e-01
9.741600000000504224e+03 -1.947465596467520266e-01
9.742400000000505315e+03 -4.801021341311620394e-03
9.743200000000506407e+03 1.919296683914000282e-02
9.744000000000505679e+03 2.918592222003768555e-02
9.744800000000504951e+03 3.946953461093467147e-02
9.745600000000506043e+03 2.834697957357272188e-03
9.746400000000507134e+03 -1.175538243020639723e-01
9.747200000000506407e+03 -2.327423153204094541e-01
9.748000000000505679e+03 -1.391933867700269611e-01
9.748800000000506770e+03 1.993644144100242543e-01
9.749600000000507862e+03 4.910891549062682548e-01
9.750400000000507134e+03 4.966652463106845383e-01
9.751200000000506407e+03 2.039849684309325284e-01
9.752000000000507498e+03 -7.296315851496018579e-02
9.752800000000508589e+03 -7.799942150106126126e-02
9.753600000000507862e+03 4.533321872946343561e-02
9.754400000000507134e+03 1.059732590008440611e-01
9.755200000000508226e+03 1.199901857603710986e-01
9.756000000000509317e+03 7.694649082044335842e-02
9.756800000000508589e+03 1.285531282866321512e-02
9.757600000000507862e+03 4.776152766951136108e-02
9.758400000000508953e+03 9.251360131351964167e-02
9.759200000000510045e+03 2.377936641857476135e-02
9.760000000000509317e+03 -4.803348014436642499e-02
9.760800000000508589e+03 -2.705225133448639976e-02
9.761600000000509681e+03 8.937089175848028644e-02
9.762400000000510772e+03 2.201216672943376029e-01
9.763200000000510045e+03 2.337957375852540709e-01
9.764000000000509317e+03 1.946559291108581613e-01
9.764800000000510408e+03 1.914638957066293334e-01
9.765600000000511500e+03 2.167918624694225582e-01
9.766400000000510772e+03 2.614217649298578583e-01
9.767200000000510045e+03 2.521439893003791788e-01
9.768000000000511136e+03 1.744495139462775013e-01
9.768800000000512227e+03 9.678437792967563291e-02
9.769600000000511500e+03 5.286882746285585799e-02
9.770400000000510772e+03 1.954833244335642956e-02
9.771200000000511864e+03 4.330968104656624657e-02
9.772000000000512955e+03 1.133590554228613573e-01
9.772800000000512227e+03 1.492690791838853781e-01
9.773600000000511500e+03 1.260673451520105404e-01
9.774400000000512591e+03 6.143183883216408320e-02
9.775200000000513683e+03 -1.342479329908464851e-02
9.776000000000512955e+03 -6.482480816230302978e-02
9.776800000000512227e+03 -2.787499393761491695e-02
9.777600000000513319e+03 9.864458726417693613e-02
9.778400000000514410e+03 2.226293799150774189e-01
9.779200000000513683e+03 2.497128298608293218e-01
9.780000000000512955e+03 1.641911475659356690e-01
9.780800000000514046e+03 6.961497921093692809e-02
9.781600000000515138e+03 6.742237901080762319e-02
9.782400000000514410e+03 1.210991098059722992e-01
9.783200000000513683e+03 1.812861018840118132e-01
9.784000000000514774e+03 2.170446694773058016e-01
9.784800000000515865e+03 2.550883957906859845e-01
9.785600000000515138e+03 2.386899364051526806e-01
9.786400000000514410e+03 1.518919033019136555e-01
9.787200000000515502e+03 5.841980878027482754e-02
9.788000000000516593e+03 -6.850043177260616012e-02
9.788800000000515865e+03 -1.201332037416716347e-01
9.789600000000515138e+03 -1.228123569774018653e-01
9.790400000000516229e+03 -2.310132938103936495e-01
9.791200000000517321e+03 -4.744941928386370300e-01
9.792000000000516593e+03 -8.079452144858001450e-01
9.792800000000515865e+03 -1.024086759378306510e+00
9.793600000000516957e+03 -1.438630790003492255e+00
9.794400000000518048e+03 -2.028914024096960311e+00
9.795200000000517321e+03 -1.412017042881821061e+00
9.796000000000516593e+03 -2.954634062631599223e-01
9.796800000000517684e+03 1.534800578557901640e-02
9.797600000000518776e+03 -6.600446632868964270e-02
9.798400000000518048e+03 -2.805412053829165267e-02
9.799200000000517321e+03 8.432243513637147081e-02
9.800000000000518412e+03 1.345526634890283069e-01
9.800800000000519503e+03 4.349940268723222203e-02
9.801600000000518776e+03 -2.922100092667422322e-01
9.802400000000518048e+03 -6.234180560373469016e-01
9.803200000000519140e+03 -4.578896350026694373e-01
9.804000000000520231e+03 -5.219878248864372183e-02
9.804800000000519503e+03 7.977491107964737593e-02
9.805600000000518776e+03 1.273499015486461577e-02
9.806400000000519867e+03 -3.058487690041422971e-02
9.807200000000520959e+03 8.935374407268253244e-03
9.808000000000520231e+03 1.726668709542145685e-01
9.808800000000519503e+03 3.001840512494494684e-01
9.809600000000520595e+03 3.928104941757186441e-02
9.810400000000521686e+03 -2.267480274162944065e-01
9.811200000000520959e+03 -2.851184881692150896e-02
9.812000000000520231e+03 1.205690580795091282e-01
9.812800000000521322e+03 -2.790050657259634387e-02
9.813600000000522414e+03 -2.528347009611157103e-01
9.814400000000521686e+03 -3.039722999673126203e-01
9.815200000000520959e+03 -5.143081434929252377e-02
9.816000000000522050e+03 1.691371830774777152e-01
9.816800000000523141e+03 7.782909596847374656e-02
9.817600000000522414e+03 1.045228340632714178e-02
9.818400000000521686e+03 9.966676031612978215e-02
9.819200000000522778e+03 2.535268501744024627e-01
9.820000000000523869e+03 3.649511017269553292e-01
9.820800000000523141e+03 2.358600581012475494e-01
9.821600000000522414e+03 1.410264691427794426e-01
9.822400000000523505e+03 1.825413568782794371e-01
9.823200000000524597e+03 1.474886096354979248e-01
9.824000000000523869e+03 1.022265849404647292e-01
