# TARGETID=39627860595442816, Z=3.698, SPECTYPE=QSO, SUBTYPE=HIZ, smoothing=1.0
# wave_A flux
# 
3.600000000000000000e+03 8.413949373878077953e-01
3.600800000000000182e+03 9.400702313774266239e-01
3.601600000000000364e+03 1.133734588471448257e+00
3.602400000000000546e+03 6.303064117088712504e-01
3.603200000000000728e+03 2.840521206941808985e-01
3.604000000000000909e+03 8.982935496479863557e-01
3.604800000000001091e+03 1.123713652533928631e+00
3.605600000000001273e+03 9.977060828446835394e-01
3.606400000000001455e+03 1.038547729157521804e+00
3.607200000000001637e+03 6.190367175645006270e-01
3.608000000000001819e+03 -1.897314909311286768e-01
3.608800000000002001e+03 -1.200435580352035458e+00
3.609600000000002183e+03 -1.439718396703846492e+00
3.610400000000002365e+03 -3.698095763978833661e-01
3.611200000000002547e+03 6.804918852677240837e-01
3.612000000000002728e+03 6.924430790904378963e-01
3.612800000000002910e+03 7.684053027954358406e-01
3.613600000000003092e+03 1.716416187570050322e+00
3.614400000000003274e+03 2.033681065442873859e+00
3.615200000000003456e+03 7.279602972847026843e-01
3.616000000000003638e+03 -6.412752504831196187e-01
3.616800000000003820e+03 -3.737692188719616837e-01
3.617600000000004002e+03 8.096013656115904622e-01
3.618400000000004184e+03 1.451162949434195770e+00
3.619200000000004366e+03 7.969405771669023641e-01
3.620000000000004547e+03 2.417096113321695050e-01
3.620800000000004729e+03 5.465128713097615609e-01
3.621600000000004911e+03 1.158436305993289173e+00
3.622400000000005093e+03 1.090874202474359178e+00
3.623200000000005275e+03 7.382843596287260723e-01
3.624000000000005457e+03 6.421588534579130148e-01
3.624800000000005639e+03 7.212102828430153600e-01
3.625600000000005821e+03 1.293528965143365461e+00
3.626400000000006003e+03 1.239745833044927359e+00
3.627200000000006185e+03 8.193873207449917651e-01
3.628000000000006366e+03 3.471545147629621075e-01
3.628800000000006548e+03 1.357059486566001283e-01
3.629600000000006730e+03 7.588670579848023623e-01
3.630400000000006912e+03 1.388112490182655145e+00
3.631200000000007094e+03 1.648141983530626131e+00
3.632000000000007276e+03 1.477910538677188246e+00
3.632800000000007458e+03 7.903128867699000804e-01
3.633600000000007640e+03 2.383861969515744805e-01
3.634400000000007822e+03 6.189043191307196379e-01
3.635200000000008004e+03 5.197069570479375678e-01
3.636000000000008185e+03 -3.146286125113864074e-01
3.636800000000008367e+03 -6.125171812567496987e-01
3.637600000000008549e+03 -2.364842351232508966e-01
3.638400000000008731e+03 -1.203582770763444582e-01
3.639200000000008913e+03 6.985751922692112759e-02
3.640000000000009095e+03 6.220140445977874188e-01
3.640800000000009277e+03 9.344893302671640756e-01
3.641600000000009459e+03 1.017088302847406700e+00
3.642400000000009641e+03 8.852999613524997757e-01
3.643200000000009823e+03 7.075399388730305716e-01
3.644000000000010004e+03 6.741677078801371348e-01
3.644800000000010186e+03 6.007495295196938478e-01
3.645600000000010368e+03 -2.360695415873941827e-01
3.646400000000010550e+03 -1.006583585901611455e+00
3.647200000000010732e+03 -5.442429130882662225e-01
3.648000000000010914e+03 7.722637789846592549e-02
3.648800000000011096e+03 3.790526278153932838e-01
3.649600000000011278e+03 3.906349325467848854e-01
3.650400000000011460e+03 -4.847684493340626011e-02
3.651200000000011642e+03 -3.355417111633806626e-01
3.652000000000011823e+03 -1.246512623511631113e-01
3.652800000000012005e+03 1.840967455701964794e-01
3.653600000000012187e+03 -1.340753764326783615e-01
3.654400000000012369e+03 -9.418666379045523840e-01
3.655200000000012551e+03 -1.369314542408184288e+00
3.656000000000012733e+03 -1.119497708626888910e+00
3.656800000000012915e+03 -3.651042138140430104e-01
3.657600000000013097e+03 1.982489119134927813e-01
3.658400000000013279e+03 3.290856021820406374e-01
3.659200000000013461e+03 6.710198071940074449e-01
3.660000000000013642e+03 8.343645608723917473e-01
3.660800000000013824e+03 4.608924454606147525e-01
3.661600000000014006e+03 3.313542364134153262e-01
3.662400000000014188e+03 5.261044959278982081e-01
3.663200000000014370e+03 9.795390276331565893e-01
3.664000000000014552e+03 1.098346552627126327e+00
3.664800000000014734e+03 1.210419595586132324e+00
3.665600000000014916e+03 1.469209637797535439e+00
3.666400000000015098e+03 1.371031134111051264e+00
3.667200000000015280e+03 8.527387402398358685e-01
3.668000000000015461e+03 5.372268128010063704e-01
3.668800000000015643e+03 3.532307990809686604e-01
3.669600000000015825e+03 2.757491885121904351e-01
3.670400000000016007e+03 2.853780960859617077e-01
3.671200000000016189e+03 1.116130085905921165e-01
3.672000000000016371e+03 4.904490068306591177e-02
3.672800000000016553e+03 4.096285127756343902e-01
3.673600000000016735e+03 7.135462142523263385e-01
3.674400000000016917e+03 5.895016356632016841e-01
3.675200000000017099e+03 2.914257896061890341e-01
3.676000000000017280e+03 8.565238451842274725e-02
3.676800000000017462e+03 2.970449836891207451e-01
3.677600000000017644e+03 1.007558521002499541e+00
3.678400000000017826e+03 1.287549315299381547e+00
3.679200000000018008e+03 7.455951526099744431e-01
3.680000000000018190e+03 2.428285566197962708e-01
3.680800000000018372e+03 3.839960033740681955e-01
3.681600000000018554e+03 5.762387783701663491e-01
3.682400000000018736e+03 7.184735698700321915e-01
3.683200000000018917e+03 8.168804196337853263e-01
3.684000000000019099e+03 4.997283782645927097e-01
3.684800000000019281e+03 1.409841693490373193e-01
3.685600000000019463e+03 -4.687364797451132326e-02
3.686400000000019645e+03 -1.398838983166059702e-01
3.687200000000019827e+03 -2.602293679760725453e-02
3.688000000000020009e+03 -2.553137379778333549e-01
3.688800000000020191e+03 -5.004952244339017087e-02
3.689600000000020373e+03 7.146266343449272362e-01
3.690400000000020555e+03 7.384443283196415742e-01
3.691200000000020736e+03 3.029006799192838217e-01
3.692000000000020918e+03 6.249733795404125436e-01
3.692800000000021100e+03 1.263534413320059890e+00
3.693600000000021282e+03 1.217361103736883443e+00
3.694400000000021464e+03 7.177234934798631949e-01
3.695200000000021646e+03 1.811452851237146944e-01
3.696000000000021828e+03 1.851257652220857919e-01
3.696800000000022010e+03 6.279312734816879793e-01
3.697600000000022192e+03 9.640822254866547869e-01
3.698400000000022374e+03 7.500783752354460709e-01
3.699200000000022555e+03 2.340653826368294665e-01
3.700000000000022737e+03 -7.684030555183585243e-02
3.700800000000022919e+03 6.848906534986079486e-02
3.701600000000023101e+03 6.748342834437129900e-01
3.702400000000023283e+03 1.094860621686049473e+00
3.703200000000023465e+03 7.907165625266971976e-01
3.704000000000023647e+03 1.626057174954036455e-01
3.704800000000023829e+03 1.676565930053178222e-02
3.705600000000024011e+03 3.410291208808043928e-01
3.706400000000024193e+03 6.695506649050889658e-01
3.707200000000024374e+03 8.119439510180298525e-01
3.708000000000024556e+03 8.375482392023864131e-01
3.708800000000024738e+03 5.337870056578233324e-01
3.709600000000024920e+03 -2.706085058775969943e-02
3.710400000000025102e+03 2.602377195197402848e-03
3.711200000000025284e+03 9.596094829834374007e-01
3.712000000000025466e+03 1.594792633884230426e+00
3.712800000000025648e+03 1.429790502261502505e+00
3.713600000000025830e+03 8.216265053834211907e-01
3.714400000000026012e+03 4.903871319276538743e-01
3.715200000000026193e+03 4.800465809459516509e-01
3.716000000000026375e+03 6.167079318022734569e-01
3.716800000000026557e+03 4.978076328458495015e-01
3.717600000000026739e+03 2.712893120013880333e-02
3.718400000000026921e+03 -2.633338591573926024e-01
3.719200000000027103e+03 2.803342449974701583e-02
3.720000000000027285e+03 4.398283613888770427e-01
3.720800000000027467e+03 4.977566249416774946e-01
3.721600000000027649e+03 4.674384515131514983e-01
3.722400000000027831e+03 7.239400479747957196e-01
3.723200000000028012e+03 9.060640338834773377e-01
3.724000000000028194e+03 7.608597545055224565e-01
3.724800000000028376e+03 9.056484436338002597e-01
3.725600000000028558e+03 1.051016902862182967e+00
3.726400000000028740e+03 9.335337836432647807e-01
3.727200000000028922e+03 7.476115005638739319e-01
3.728000000000029104e+03 3.409056806188976996e-01
3.728800000000029286e+03 -1.570943718737553008e-01
3.729600000000029468e+03 -2.032407452445622598e-01
3.730400000000029650e+03 7.301291376017657320e-02
3.731200000000029831e+03 4.178226901757767786e-01
3.732000000000030013e+03 9.513610882325519436e-01
3.732800000000030195e+03 1.359715361192366689e+00
3.733600000000030377e+03 1.426139570331354633e+00
3.734400000000030559e+03 1.312923476963825831e+00
3.735200000000030741e+03 1.310786969690796999e+00
3.736000000000030923e+03 1.015549106190717588e+00
3.736800000000031105e+03 5.266194532409119722e-01
3.737600000000031287e+03 4.761341152452167602e-01
3.738400000000031469e+03 6.555430752961262098e-01
3.739200000000031650e+03 6.732763682377309600e-01
3.740000000000031832e+03 5.593200681365937399e-01
3.740800000000032014e+03 3.682243317246257641e-01
3.741600000000032196e+03 2.256583945818572967e-02
3.742400000000032378e+03 -1.050089692399797103e-01
3.743200000000032560e+03 5.703545528494124994e-02
3.744000000000032742e+03 -2.637333207864514528e-02
3.744800000000032924e+03 -2.773812760802968347e-01
3.745600000000033106e+03 -5.417890057526972281e-02
3.746400000000033288e+03 2.974170731454054972e-01
3.747200000000033469e+03 2.695211221500233290e-01
3.748000000000033651e+03 1.480770343866641692e-01
3.748800000000033833e+03 2.539996937883218231e-01
3.749600000000034015e+03 3.131408768237471940e-01
3.750400000000034197e+03 4.362875702247302478e-01
3.751200000000034379e+03 4.996816312659548287e-01
3.752000000000034561e+03 5.600327027062923513e-01
3.752800000000034743e+03 7.720893000752386826e-01
3.753600000000034925e+03 8.081440973567596275e-01
3.754400000000035106e+03 8.589789910474598944e-01
3.755200000000035288e+03 1.051205049716056106e+00
3.756000000000035470e+03 9.780973621076047841e-01
3.756800000000035652e+03 6.995521031640155041e-01
3.757600000000035834e+03 6.203692772023929880e-01
3.758400000000036016e+03 3.746047313284149860e-01
3.759200000000036198e+03 1.869596413060258533e-01
3.760000000000036380e+03 3.849009265660024992e-01
3.760800000000036562e+03 4.700506586496508432e-01
3.761600000000036744e+03 3.837803465237168421e-01
3.762400000000036925e+03 2.379150113296886193e-01
3.763200000000037107e+03 1.729414971047721905e-01
3.764000000000037289e+03 1.733826088463931436e-01
3.764800000000037471e+03 3.157061345617856452e-01
3.765600000000037653e+03 3.491806465476099408e-01
3.766400000000037835e+03 2.796957203173489614e-01
3.767200000000038017e+03 2.709006710661439055e-01
3.768000000000038199e+03 3.183667662844977819e-01
3.768800000000038381e+03 6.265184455409797959e-01
3.769600000000038563e+03 8.416500832202176152e-01
3.770400000000038744e+03 6.732891336231556778e-01
3.771200000000038926e+03 5.613375568200340560e-01
3.772000000000039108e+03 4.977964103351786296e-01
3.772800000000039290e+03 2.944383800667383921e-01
3.773600000000039472e+03 8.261534682172953781e-02
3.774400000000039654e+03 1.426048303812716966e-01
3.775200000000039836e+03 3.742457607167322120e-01
3.776000000000040018e+03 4.984689103517112585e-01
3.776800000000040200e+03 4.101406315256225232e-01
3.777600000000040382e+03 1.862448298726557261e-01
3.778400000000040563e+03 2.760641517290771674e-01
3.779200000000040745e+03 8.499395741180253427e-01
3.780000000000040927e+03 1.051673524477185540e+00
3.780800000000041109e+03 6.107235449478723988e-01
3.781600000000041291e+03 4.873736608160731398e-01
3.782400000000041473e+03 9.648966698503157469e-01
3.783200000000041655e+03 1.248731860624926693e+00
3.784000000000041837e+03 7.047177203559129577e-01
3.784800000000042019e+03 -2.459187624888415913e-01
3.785600000000042201e+03 -8.168860443429990514e-01
3.786400000000042382e+03 -5.535663190596429306e-01
3.787200000000042564e+03 1.256705776930938656e-02
3.788000000000042746e+03 2.298636842961481741e-01
3.788800000000042928e+03 3.792110451357559309e-01
3.789600000000043110e+03 4.598128479793797130e-01
3.790400000000043292e+03 6.085929651098402893e-01
3.791200000000043474e+03 8.955779163521563335e-01
3.792000000000043656e+03 1.116052647664522723e+00
3.792800000000043838e+03 9.023603633789079037e-01
3.793600000000044020e+03 4.907988093905290006e-01
3.794400000000044201e+03 3.774048740299406068e-01
3.795200000000044383e+03 4.673887800953036020e-01
3.796000000000044565e+03 6.135043522382608305e-01
3.796800000000044747e+03 7.094318902291640860e-01
3.797600000000044929e+03 5.037364262648944546e-01
3.798400000000045111e+03 1.143739207321330664e-01
3.799200000000045293e+03 -2.203098944419829008e-02
3.800000000000045475e+03 3.598985052486288194e-01
3.800800000000045657e+03 7.057971949346052432e-01
3.801600000000045839e+03 7.888827218402253427e-01
3.802400000000046020e+03 7.937019325328794617e-01
3.803200000000046202e+03 6.610825202733696671e-01
3.804000000000046384e+03 7.332340889044653975e-01
3.804800000000046566e+03 7.515258832159850133e-01
3.805600000000046748e+03 3.510272972081537324e-01
3.806400000000046930e+03 1.131510202242013985e-01
3.807200000000047112e+03 1.879367007064964012e-01
3.808000000000047294e+03 3.271779708658817953e-01
3.808800000000047476e+03 3.174780927881529213e-01
3.809600000000047658e+03 2.686353516181931855e-01
3.810400000000047839e+03 1.759052529157651978e-01
3.811200000000048021e+03 9.486409190981603956e-02
3.812000000000048203e+03 2.309042603361674550e-01
3.812800000000048385e+03 2.035196864245690240e-01
3.813600000000048567e+03 6.244928386816662319e-02
3.814400000000048749e+03 4.416899363712054605e-01
3.815200000000048931e+03 9.051850439943470716e-01
3.816000000000049113e+03 5.572442345958955601e-01
3.816800000000049295e+03 9.298943776387200155e-02
3.817600000000049477e+03 -5.841256892750873453e-02
3.818400000000049658e+03 -1.465477316210563319e-01
3.819200000000049840e+03 -1.299443959423701445e-01
3.820000000000050022e+03 7.087478472862951406e-03
3.820800000000050204e+03 2.796137813688792662e-01
3.821600000000050386e+03 4.551451199875728437e-01
3.822400000000050568e+03 4.886862480721954061e-01
3.823200000000050750e+03 5.931011469353140164e-01
3.824000000000050932e+03 5.173141112071379943e-01
3.824800000000051114e+03 4.104805244457458979e-01
3.825600000000051296e+03 4.441584654354572281e-01
3.826400000000051477e+03 4.470987040852305583e-01
3.827200000000051659e+03 4.632402327670259723e-01
3.828000000000051841e+03 4.828332180701605525e-01
3.828800000000052023e+03 5.107110433512457304e-01
3.829600000000052205e+03 4.555714885355587884e-01
3.830400000000052387e+03 4.822875664919928917e-01
3.831200000000052569e+03 7.037531946028343643e-01
3.832000000000052751e+03 7.692659122456754206e-01
3.832800000000052933e+03 5.215684337114823155e-01
3.833600000000053114e+03 2.423836556223257777e-01
3.834400000000053296e+03 2.613129223076108842e-01
3.835200000000053478e+03 3.213245057896067514e-01
3.836000000000053660e+03 2.697733836080307701e-01
3.836800000000053842e+03 1.822488539967719312e-01
3.837600000000054024e+03 1.321609804019066581e-01
3.838400000000054206e+03 4.383576068866644193e-01
3.839200000000054388e+03 8.291220193710723274e-01
3.840000000000054570e+03 8.364192944887689496e-01
3.840800000000054752e+03 9.200453344809884637e-01
3.841600000000054933e+03 9.823693664053859687e-01
3.842400000000055115e+03 4.366443113321127334e-01
3.843200000000055297e+03 -1.026563515041313407e-01
3.844000000000055479e+03 -8.610312766735563061e-02
3.844800000000055661e+03 8.186050078654666384e-02
3.845600000000055843e+03 1.278837639804729087e-01
3.846400000000056025e+03 3.835777471887594769e-01
3.847200000000056207e+03 8.356086224030471188e-01
3.848000000000056389e+03 9.233456983223866654e-01
3.848800000000056571e+03 6.533780903771865267e-01
3.849600000000056752e+03 3.913802745938274597e-01
3.850400000000056934e+03 4.864302689447436157e-01
3.851200000000057116e+03 5.161750078215218140e-01
3.852000000000057298e+03 1.737860023957034650e-01
3.852800000000057480e+03 1.578306274687121813e-01
3.853600000000057662e+03 4.162715121039021748e-01
3.854400000000057844e+03 6.173371173335779893e-01
3.855200000000058026e+03 7.251118761977854987e-01
3.856000000000058208e+03 7.163399682490108056e-01
3.856800000000058390e+03 5.719996887973017863e-01
3.857600000000058571e+03 3.022786148063336675e-01
3.858400000000058753e+03 1.126644402991130306e-01
3.859200000000058935e+03 1.020569116729046211e-01
3.860000000000059117e+03 4.220814570348387085e-02
3.860800000000059299e+03 1.509039022361036153e-02
3.861600000000059481e+03 2.378849782602336371e-01
3.862400000000059663e+03 2.959144779155702398e-01
3.863200000000059845e+03 2.500901864173463163e-01
3.864000000000060027e+03 7.517597371448417887e-01
3.864800000000060209e+03 1.200403225421531550e+00
3.865600000000060390e+03 9.974593213274015602e-01
3.866400000000060572e+03 4.836417718509623542e-01
3.867200000000060754e+03 2.393633964828962013e-01
3.868000000000060936e+03 2.556263528159483100e-01
3.868800000000061118e+03 4.210453012657519034e-01
3.869600000000061300e+03 5.355045992702630597e-01
3.870400000000061482e+03 5.683664788942192070e-01
3.871200000000061664e+03 6.342730826039193470e-01
3.872000000000061846e+03 5.860064442391395012e-01
3.872800000000062028e+03 3.232821241048426386e-01
3.873600000000062209e+03 1.867623435507261842e-01
3.874400000000062391e+03 1.894792359534893111e-01
3.875200000000062573e+03 1.480532164452675603e-01
3.876000000000062755e+03 1.339302187988489767e-01
3.876800000000062937e+03 3.344576447141323072e-01
3.877600000000063119e+03 4.293659517409541548e-01
3.878400000000063301e+03 4.682321998645214145e-01
3.879200000000063483e+03 6.327013459286432440e-01
3.880000000000063665e+03 7.796597286201604193e-01
3.880800000000063847e+03 7.359990250799277600e-01
3.881600000000064028e+03 6.196815966692088562e-01
3.882400000000064210e+03 6.070160718418302626e-01
3.883200000000064392e+03 5.981412194084391176e-01
3.884000000000064574e+03 5.246747714188252365e-01
3.884800000000064756e+03 5.454439573661732377e-01
3.885600000000064938e+03 3.870506915972076190e-01
3.886400000000065120e+03 1.223558151012865691e-01
3.887200000000065302e+03 1.901357886633889271e-02
3.888000000000065484e+03 9.807238020027206349e-02
3.888800000000065666e+03 2.636869964965657953e-01
3.889600000000065847e+03 3.073789471740341339e-01
3.890400000000066029e+03 3.950504665162705153e-01
3.891200000000066211e+03 6.421730068236566336e-01
3.892000000000066393e+03 9.126639373258517152e-01
3.892800000000066575e+03 8.126718361812255154e-01
3.893600000000066757e+03 2.677678056264550799e-01
3.894400000000066939e+03 -2.222995549955810446e-01
3.895200000000067121e+03 -3.926327691085738092e-01
3.896000000000067303e+03 -2.467163300547665084e-01
3.896800000000067485e+03 1.770063233087332266e-02
3.897600000000067666e+03 6.569707523152149009e-02
3.898400000000067848e+03 1.071956265669468666e-02
3.899200000000068030e+03 1.923698722568059072e-01
3.900000000000068212e+03 2.371479036429089970e-01
3.900800000000068394e+03 -1.753470983403764005e-02
3.901600000000068576e+03 -2.560908748692151127e-01
3.902400000000068758e+03 -3.388344092157836718e-01
3.903200000000068940e+03 -2.262266955335096585e-01
3.904000000000069122e+03 -1.313915150363342832e-01
3.904800000000069303e+03 -1.052199074266876311e-01
3.905600000000069485e+03 1.469823319709763765e-01
3.906400000000069667e+03 5.876668279767114367e-01
3.907200000000069849e+03 7.893747984125111250e-01
3.908000000000070031e+03 5.036631107361695392e-01
3.908800000000070213e+03 2.683701387338747191e-01
3.909600000000070395e+03 4.316013730675734572e-01
3.910400000000070577e+03 6.984424194854830237e-01
3.911200000000070759e+03 7.345028908280610835e-01
3.912000000000070941e+03 6.563410442434132186e-01
3.912800000000071122e+03 5.821567391348601017e-01
3.913600000000071304e+03 5.035863674641702925e-01
3.914400000000071486e+03 4.225096488309959541e-01
3.915200000000071668e+03 4.078981475372097654e-01
3.916000000000071850e+03 4.843350056083152166e-01
3.916800000000072032e+03 5.523559591885014441e-01
3.917600000000072214e+03 6.184556381686896476e-01
3.918400000000072396e+03 8.405880987045930564e-01
3.919200000000072578e+03 9.694075525852263731e-01
3.920000000000072760e+03 7.236338887502768991e-01
3.920800000000072941e+03 4.604418436199507747e-01
3.921600000000073123e+03 3.421958994972695844e-01
3.922400000000073305e+03 1.502272574666322913e-01
3.923200000000073487e+03 2.924195947028140896e-02
3.924000000000073669e+03 1.019065525497615393e-01
3.924800000000073851e+03 2.105213187317741541e-01
3.925600000000074033e+03 2.073280635541320804e-01
3.926400000000074215e+03 5.698204055540034840e-02
3.927200000000074397e+03 -2.506398020371650159e-02
3.928000000000074579e+03 -1.326048811064168553e-01
3.928800000000074760e+03 -2.395197611565797191e-01
3.929600000000074942e+03 -2.593559260194751581e-01
3.930400000000075124e+03 -1.941417723883878954e-01
3.931200000000075306e+03 5.519891165692125679e-02
3.932000000000075488e+03 3.444540053517289868e-01
3.932800000000075670e+03 5.883409799437917531e-01
3.933600000000075852e+03 5.111933266951886878e-01
3.934400000000076034e+03 3.788313114466177467e-01
3.935200000000076216e+03 3.713134756508092438e-01
3.936000000000076398e+03 3.525300518803273220e-01
3.936800000000076579e+03 2.870633319745428125e-01
3.937600000000076761e+03 1.803500035572573323e-01
3.938400000000076943e+03 9.702654096370016967e-02
3.939200000000077125e+03 9.651852244581959894e-02
3.940000000000077307e+03 2.098032925490805889e-02
3.940800000000077489e+03 1.532066911904491902e-01
3.941600000000077671e+03 5.502121871843848044e-01
3.942400000000077853e+03 8.744654922823217325e-01
3.943200000000078035e+03 8.981221568936552657e-01
3.944000000000078217e+03 6.296937842232818161e-01
3.944800000000078398e+03 2.468030949292484288e-01
3.945600000000078580e+03 -5.050330090855764675e-02
3.946400000000078762e+03 -1.458294934936817389e-01
3.947200000000078944e+03 3.269167334725492369e-02
3.948000000000079126e+03 2.472660085198822577e-01
3.948800000000079308e+03 4.251175500423644005e-01
3.949600000000079490e+03 5.547175427170614181e-01
3.950400000000079672e+03 7.190467613140769654e-01
3.951200000000079854e+03 7.657964396114870231e-01
3.952000000000080036e+03 6.088325206902271969e-01
3.952800000000080217e+03 4.603008015084709137e-01
3.953600000000080399e+03 3.879713490224724892e-01
3.954400000000080581e+03 3.115892157065656143e-01
3.955200000000080763e+03 1.814797608005949692e-01
3.956000000000080945e+03 3.220552706787167818e-02
3.956800000000081127e+03 -2.405824518417336993e-02
3.957600000000081309e+03 2.093112591256383603e-01
3.958400000000081491e+03 5.020976059588379004e-01
3.959200000000081673e+03 5.448751487958478634e-01
3.960000000000081855e+03 6.752065312547714804e-01
3.960800000000082036e+03 8.171437275077443330e-01
3.961600000000082218e+03 6.870853072115832294e-01
3.962400000000082400e+03 4.911485493692542281e-01
3.963200000000082582e+03 4.776257812484351328e-01
3.964000000000082764e+03 5.290256594779892962e-01
3.964800000000082946e+03 5.035117939384574637e-01
3.965600000000083128e+03 4.352001801395483649e-01
3.966400000000083310e+03 4.543154447154055253e-01
3.967200000000083492e+03 5.936130984072525152e-01
3.968000000000083674e+03 6.533054483862330564e-01
3.968800000000083855e+03 4.634841271361610504e-01
3.969600000000084037e+03 2.945770354265285773e-01
3.970400000000084219e+03 2.853751374913930383e-01
3.971200000000084401e+03 3.326905719916716242e-01
3.972000000000084583e+03 3.074372001844674074e-01
3.972800000000084765e+03 2.852245301971376712e-01
3.973600000000084947e+03 2.138244746524795015e-01
3.974400000000085129e+03 2.218789236747553684e-01
3.975200000000085311e+03 3.976124765827361296e-01
3.976000000000085493e+03 4.686146317281316698e-01
3.976800000000085674e+03 2.254420483114225049e-01
3.977600000000085856e+03 5.833425789355067836e-02
3.978400000000086038e+03 1.313906534581206487e-01
3.979200000000086220e+03 5.750867279282276950e-02
3.980000000000086402e+03 -1.067916527742321098e-01
3.980800000000086584e+03 -4.974605013117021357e-02
3.981600000000086766e+03 4.604953581395454520e-02
3.982400000000086948e+03 9.346654188537213692e-02
3.983200000000087130e+03 1.004347834437133158e-01
3.984000000000087311e+03 1.976824043097978600e-02
3.984800000000087493e+03 -8.232977122704540629e-02
3.985600000000087675e+03 1.580004066094783943e-01
3.986400000000087857e+03 6.804588763493402137e-01
3.987200000000088039e+03 8.582736067022935789e-01
3.988000000000088221e+03 5.544432013928621839e-01
3.988800000000088403e+03 1.027821494971846578e-01
3.989600000000088585e+03 -8.211630187471630204e-02
3.990400000000088767e+03 1.099473703254370549e-01
3.991200000000088949e+03 1.889549924781888102e-01
3.992000000000089130e+03 4.077960442073150227e-02
3.992800000000089312e+03 8.562568144173993145e-02
3.993600000000089494e+03 4.216191269529122043e-01
3.994400000000089676e+03 5.809878117328540759e-01
3.995200000000089858e+03 4.805880396008674338e-01
3.996000000000090040e+03 4.666667151060039931e-01
3.996800000000090222e+03 3.795571792905184649e-01
3.997600000000090404e+03 2.131034862647956940e-01
3.998400000000090586e+03 2.121102073444015024e-01
3.999200000000090768e+03 2.387485133146550198e-01
4.000000000000090949e+03 1.436869412875340368e-01
4.000800000000091131e+03 -1.504490252579158624e-02
4.001600000000091313e+03 -9.383601333977073522e-02
4.002400000000091495e+03 -4.706435366201742326e-02
4.003200000000091677e+03 1.061882421026360268e-01
4.004000000000091859e+03 3.110343593335528345e-01
4.004800000000092041e+03 3.934756881219218516e-01
4.005600000000092223e+03 4.870394567802299735e-01
4.006400000000092405e+03 6.111769593523976862e-01
4.007200000000092587e+03 6.318892597573894099e-01
4.008000000000092768e+03 5.403688624736385782e-01
4.008800000000092950e+03 4.576583009730615381e-01
4.009600000000093132e+03 3.716054074544156149e-01
4.010400000000093314e+03 2.709643933357073764e-01
4.011200000000093496e+03 2.549840578158055204e-01
4.012000000000093678e+03 3.998685815493436269e-01
4.012800000000093860e+03 5.135197745528859992e-01
4.013600000000094042e+03 4.983485379007142613e-01
4.014400000000094224e+03 4.061258890164606283e-01
4.015200000000094406e+03 2.957531432497161328e-01
4.016000000000094587e+03 2.802580941134631964e-01
4.016800000000094769e+03 3.611738060298466668e-01
4.017600000000094951e+03 5.073894664968988666e-01
4.018400000000095133e+03 6.580006159257073550e-01
4.019200000000095315e+03 5.261606908911926617e-01
4.020000000000095497e+03 3.225909440702971476e-01
4.020800000000095679e+03 3.031420864262475146e-01
4.021600000000095861e+03 3.538456592016805957e-01
4.022400000000096043e+03 3.116429463081134554e-01
4.023200000000096225e+03 3.016371794067483902e-01
4.024000000000096406e+03 5.489275614985474894e-01
4.024800000000096588e+03 6.325582233092946760e-01
4.025600000000096770e+03 4.243281461428861645e-01
4.026400000000096952e+03 2.725193171640968859e-01
4.027200000000097134e+03 2.904102892095149491e-01
4.028000000000097316e+03 2.709979399744075756e-01
4.028800000000097498e+03 2.504727222594568814e-01
4.029600000000097680e+03 2.611035318833248020e-01
4.030400000000097862e+03 3.019742254625518707e-01
4.031200000000098044e+03 3.342449201551740412e-01
4.032000000000098225e+03 4.827389998197948451e-01
4.032800000000098407e+03 6.336631274669147773e-01
4.033600000000098589e+03 5.302800828711777825e-01
4.034400000000098771e+03 3.429117155021696450e-01
4.035200000000098953e+03 3.036241441289883602e-01
4.036000000000099135e+03 3.266623470900431592e-01
4.036800000000099317e+03 3.109998149106570908e-01
4.037600000000099499e+03 1.776779445044466832e-01
4.038400000000099681e+03 8.653218977614846041e-02
4.039200000000099863e+03 1.197747856758712981e-01
4.040000000000100044e+03 1.539572657376072143e-02
4.040800000000100226e+03 -1.894964108225348220e-01
4.041600000000100408e+03 -1.755242377815291466e-01
4.042400000000100590e+03 5.455395453134809225e-02
4.043200000000100772e+03 2.088073333296105727e-01
4.044000000000100954e+03 4.047626305332381325e-01
4.044800000000101136e+03 4.640884023755971199e-01
4.045600000000101318e+03 2.594014136170080254e-01
4.046400000000101500e+03 3.831554534326259143e-01
4.047200000000101682e+03 7.479609394752018137e-01
4.048000000000101863e+03 5.987707368333858859e-01
4.048800000000102045e+03 2.126841437031369852e-01
4.049600000000102227e+03 1.017497528008390328e-01
4.050400000000102409e+03 1.644109896369283508e-01
4.051200000000102591e+03 4.837938357390110800e-01
4.052000000000102773e+03 7.834255918723956880e-01
4.052800000000102955e+03 7.747332916408655734e-01
4.053600000000103137e+03 6.847553165120803254e-01
4.054400000000103319e+03 7.036084456434672507e-01
4.055200000000103500e+03 6.395169648919384331e-01
4.056000000000103682e+03 6.110589631339149452e-01
4.056800000000103864e+03 5.556264538550572674e-01
4.057600000000104046e+03 2.873259977400644538e-01
4.058400000000104228e+03 1.339205033543775791e-01
4.059200000000104410e+03 2.563803770498393475e-01
4.060000000000104592e+03 5.136865759596225267e-01
4.060800000000104774e+03 5.319671749055330245e-01
4.061600000000104956e+03 1.992196966538222203e-01
4.062400000000105138e+03 -8.972448616685002598e-03
4.063200000000105319e+03 1.234422344609405892e-01
4.064000000000105501e+03 1.940139161141745394e-01
4.064800000000105683e+03 9.909325331726162589e-02
4.065600000000105865e+03 1.681463103374591928e-01
4.066400000000106047e+03 2.553745896980845753e-01
4.067200000000106229e+03 1.192133968113311404e-01
4.068000000000106411e+03 -2.997063890509212014e-02
4.068800000000106593e+03 7.378629429185314115e-02
4.069600000000106775e+03 3.809260288164985631e-01
4.070400000000106957e+03 5.547070344691102939e-01
4.071200000000107138e+03 5.831215217559149178e-01
4.072000000000107320e+03 5.344268049576581525e-01
4.072800000000107502e+03 4.639667283279503840e-01
4.073600000000107684e+03 4.343315524334716571e-01
4.074400000000107866e+03 5.322756730690116900e-01
4.075200000000108048e+03 7.270455129483079926e-01
4.076000000000108230e+03 7.537117785011626658e-01
4.076800000000108412e+03 6.466578397808893097e-01
4.077600000000108594e+03 4.645351027563895396e-01
4.078400000000108776e+03 3.608322030393644742e-01
4.079200000000108957e+03 4.681593225961032112e-01
4.080000000000109139e+03 6.199857588829720267e-01
4.080800000000109321e+03 5.246827078926858956e-01
4.081600000000109503e+03 3.464060077097410595e-01
4.082400000000109685e+03 3.085199938259869379e-01
4.083200000000109867e+03 2.377807506936547854e-01
4.084000000000110049e+03 9.129511069722211214e-02
4.084800000000110231e+03 -1.054993958047268920e-01
4.085600000000110413e+03 -3.022482350384659844e-01
4.086400000000110595e+03 -1.979111506386739827e-01
4.087200000000110776e+03 9.541859673988348223e-02
4.088000000000110958e+03 3.221418636068800745e-01
4.088800000000111140e+03 3.578234878447252854e-01
4.089600000000111322e+03 2.475651403787005322e-01
4.090400000000111504e+03 1.152306298623982650e-01
4.091200000000111686e+03 8.988514170428853201e-02
4.092000000000111868e+03 1.070057743628824443e-01
4.092800000000112050e+03 1.218453555717372849e-01
4.093600000000112232e+03 2.404028879502194682e-01
4.094400000000112414e+03 3.992985521188903708e-01
4.095200000000112595e+03 4.400716896243381804e-01
4.096000000000112777e+03 4.866786586353080146e-01
4.096800000000112959e+03 4.407241185777665549e-01
4.097600000000113141e+03 3.425269334564161050e-01
4.098400000000113323e+03 3.522608200551241575e-01
4.099200000000113505e+03 3.952859568594613293e-01
4.100000000000113687e+03 5.412956996679578747e-01
4.100800000000113869e+03 5.996928767402864846e-01
4.101600000000114051e+03 4.260713480581098667e-01
4.102400000000114233e+03 3.355137866807114677e-01
4.103200000000114414e+03 4.605025087619228907e-01
4.104000000000114596e+03 6.230342990437038875e-01
4.104800000000114778e+03 5.878547519202086402e-01
4.105600000000114960e+03 4.416460214832683695e-01
4.106400000000115142e+03 3.772326458967044660e-01
4.107200000000115324e+03 3.749085814767670888e-01
4.108000000000115506e+03 3.163694083819166281e-01
4.108800000000115688e+03 2.297206015201230800e-01
4.109600000000115870e+03 2.095576245919440472e-01
4.110400000000116052e+03 2.966087888608879841e-01
4.111200000000116233e+03 4.687019890586167081e-01
4.112000000000116415e+03 5.686265843562041677e-01
4.112800000000116597e+03 5.424630580737811458e-01
4.113600000000116779e+03 3.087655930669449544e-01
4.114400000000116961e+03 1.001295316181894379e-01
4.115200000000117143e+03 1.633586915072719192e-01
4.116000000000117325e+03 3.119417924130982733e-01
4.116800000000117507e+03 4.440570806291083694e-01
4.117600000000117689e+03 4.166595011398315229e-01
4.118400000000117871e+03 3.066146734448778610e-01
4.119200000000118052e+03 2.737570525900561158e-01
4.120000000000118234e+03 3.390462372523828094e-01
4.120800000000118416e+03 3.384965921789097609e-01
4.121600000000118598e+03 1.094459392992589708e-01
4.122400000000118780e+03 -5.286274426552504957e-02
4.123200000000118962e+03 1.680529547306349736e-01
4.124000000000119144e+03 4.359038935509335633e-01
4.124800000000119326e+03 4.027302626803270780e-01
4.125600000000119508e+03 2.307068338087687742e-01
4.126400000000119690e+03 2.014608985288818543e-01
4.127200000000119871e+03 3.644559600295185775e-01
4.128000000000120053e+03 3.917354931669916329e-01
4.128800000000120235e+03 1.503599090988636255e-01
4.129600000000120417e+03 1.742295350230996936e-02
4.130400000000120599e+03 2.048446717281199314e-01
4.131200000000120781e+03 4.234148747050093808e-01
4.132000000000120963e+03 4.988409135487704704e-01
4.132800000000121145e+03 6.070322656692891394e-01
4.133600000000121327e+03 5.412994707613933976e-01
4.134400000000121508e+03 3.722454683668217079e-01
4.135200000000121690e+03 2.858334318408813912e-01
4.136000000000121872e+03 1.532100973597931293e-01
4.136800000000122054e+03 1.068672985676567821e-02
4.137600000000122236e+03 -7.844144900881952487e-02
4.138400000000122418e+03 4.066578437976726967e-02
4.139200000000122600e+03 2.649008839703733131e-01
4.140000000000122782e+03 3.076185917238860035e-01
4.140800000000122964e+03 3.089932841035006872e-01
4.141600000000123146e+03 3.452618071035405412e-01
4.142400000000123327e+03 3.674626022574226103e-01
4.143200000000123509e+03 3.619701939964318771e-01
4.144000000000123691e+03 4.489512168767831879e-01
4.144800000000123873e+03 5.982234133419123134e-01
4.145600000000124055e+03 5.157357375634457064e-01
4.146400000000124237e+03 2.835262352995574497e-01
4.147200000000124419e+03 1.156120822760715455e-01
4.148000000000124601e+03 -3.326154834779021519e-03
4.148800000000124783e+03 2.901913766192673258e-02
4.149600000000124965e+03 1.422542462649712958e-01
4.150400000000125146e+03 2.232155709242120978e-01
4.151200000000125328e+03 3.244083948630236969e-01
4.152000000000125510e+03 4.377242313677678354e-01
4.152800000000125692e+03 4.033375284171343833e-01
4.153600000000125874e+03 1.514751345259672810e-01
4.154400000000126056e+03 5.109428566459815746e-02
4.155200000000126238e+03 1.090101675422310429e-01
4.156000000000126420e+03 1.806707727893662740e-01
4.156800000000126602e+03 3.718486657021818909e-01
4.157600000000126784e+03 3.906942091529085337e-01
4.158400000000126965e+03 2.138396246162748426e-01
4.159200000000127147e+03 2.415136267329740238e-01
4.160000000000127329e+03 3.824060797302091808e-01
4.160800000000127511e+03 4.974201309050073627e-01
4.161600000000127693e+03 6.020848557884967978e-01
4.162400000000127875e+03 6.825154924970575632e-01
4.163200000000128057e+03 6.261961425983864071e-01
4.164000000000128239e+03 5.183704556027525223e-01
4.164800000000128421e+03 5.013135681531425414e-01
4.165600000000128603e+03 4.100265685233535073e-01
4.166400000000128784e+03 2.262450824038190200e-01
4.167200000000128966e+03 1.520033291033559830e-01
4.168000000000129148e+03 2.401849616614053495e-01
4.168800000000129330e+03 3.954317957460380395e-01
4.169600000000129512e+03 4.831005677900254702e-01
4.170400000000129694e+03 5.060777583946269864e-01
4.171200000000129876e+03 5.964352117635651762e-01
4.172000000000130058e+03 4.893046904130586849e-01
4.172800000000130240e+03 2.903944922095990089e-01
4.173600000000130422e+03 3.158295964862843364e-01
4.174400000000130603e+03 5.646708542448639623e-01
4.175200000000130785e+03 7.460623494967056901e-01
4.176000000000130967e+03 7.486595313440826960e-01
4.176800000000131149e+03 6.399199274757156886e-01
4.177600000000131331e+03 5.816582632491471561e-01
4.178400000000131513e+03 5.883619972229595652e-01
4.179200000000131695e+03 6.123838610862006870e-01
4.180000000000131877e+03 4.868110664441753777e-01
4.180800000000132059e+03 3.360031337981008170e-01
4.181600000000132241e+03 3.311662945621789422e-01
4.182400000000132422e+03 2.975458714367814617e-01
4.183200000000132604e+03 2.085355121704103032e-01
4.184000000000132786e+03 1.651046987829791757e-01
4.184800000000132968e+03 2.152049798022716010e-01
4.185600000000133150e+03 3.366066469966692565e-01
4.186400000000133332e+03 4.531858095552654397e-01
4.187200000000133514e+03 4.948821141554285430e-01
4.188000000000133696e+03 4.049889992195317978e-01
4.188800000000133878e+03 1.527381801146219520e-01
4.189600000000134060e+03 -5.934507744695279030e-02
4.190400000000134241e+03 -1.112234149718754894e-02
4.191200000000134423e+03 2.186898920081091491e-01
4.192000000000134605e+03 2.703578267971528115e-01
4.192800000000134787e+03 1.537931196199658623e-01
4.193600000000134969e+03 8.648400351272889086e-02
4.194400000000135151e+03 2.260759225493208513e-01
4.195200000000135333e+03 3.612182023176567780e-01
4.196000000000135515e+03 1.900698976214959535e-01
4.196800000000135697e+03 3.566948301901469442e-02
4.197600000000135879e+03 8.159120592545054951e-02
4.198400000000136060e+03 1.666030495514254639e-01
4.199200000000136242e+03 2.568986930637299215e-01
4.200000000000136424e+03 3.260822911805780766e-01
4.200800000000136606e+03 2.606747910160762682e-01
4.201600000000136788e+03 1.671088526276297004e-01
4.202400000000136970e+03 6.008828280593683097e-02
4.203200000000137152e+03 2.403436489384445929e-02
4.204000000000137334e+03 1.626164700532775065e-01
4.204800000000137516e+03 3.311163843494486225e-01
4.205600000000137697e+03 3.432979943396420319e-01
4.206400000000137879e+03 2.967023960766962953e-01
4.207200000000138061e+03 4.683636287773178530e-01
4.208000000000138243e+03 6.950394670114983242e-01
4.208800000000138425e+03 6.728456450152723312e-01
4.209600000000138607e+03 4.088214998274645184e-01
4.210400000000138789e+03 1.242910570359355704e-01
4.211200000000138971e+03 7.324609515135316329e-02
4.212000000000139153e+03 1.273919739007676466e-01
4.212800000000139335e+03 2.875029246782456749e-01
4.213600000000139516e+03 3.901466173099653045e-01
4.214400000000139698e+03 3.480329370033222736e-01
4.215200000000139880e+03 3.189172765784334951e-01
4.216000000000140062e+03 3.405814054263136548e-01
4.216800000000140244e+03 2.761495870150037502e-01
4.217600000000140426e+03 2.653979044875670601e-01
4.218400000000140608e+03 3.503790186245478999e-01
4.219200000000140790e+03 2.929758205556700634e-01
4.220000000000140972e+03 7.356341325718297741e-02
4.220800000000141154e+03 -1.107547500324986695e-01
4.221600000000141335e+03 -9.274202190059054052e-02
4.222400000000141517e+03 4.195723287213758840e-02
4.223200000000141699e+03 1.505361626769230465e-01
4.224000000000141881e+03 1.781312663291504395e-01
4.224800000000142063e+03 1.649359912818954554e-01
4.225600000000142245e+03 2.190409385177078117e-01
4.226400000000142427e+03 2.952880452272005907e-01
4.227200000000142609e+03 3.155985846790326788e-01
4.228000000000142791e+03 2.566465350149894076e-01
4.228800000000142973e+03 1.125071461237196480e-01
4.229600000000143154e+03 2.072616781168945543e-02
4.230400000000143336e+03 6.532767223875865503e-02
4.231200000000143518e+03 2.723188165329490928e-01
4.232000000000143700e+03 3.333063030823996131e-01
4.232800000000143882e+03 2.845667882856923736e-01
4.233600000000144064e+03 3.171582375572262191e-01
4.234400000000144246e+03 3.175058621112237800e-01
4.235200000000144428e+03 2.983224484131177245e-01
4.236000000000144610e+03 3.167104172135835061e-01
4.236800000000144792e+03 2.537523420776782168e-01
4.237600000000144973e+03 1.796855678437379589e-01
4.238400000000145155e+03 2.409576564477191596e-01
4.239200000000145337e+03 3.349391499715425602e-01
4.240000000000145519e+03 3.839187815443613205e-01
4.240800000000145701e+03 4.880442207403687949e-01
4.241600000000145883e+03 5.585420764341219035e-01
4.242400000000146065e+03 4.469858503662642590e-01
4.243200000000146247e+03 4.160144147650254309e-01
4.244000000000146429e+03 5.441896451809274948e-01
4.244800000000146611e+03 6.225963728943437747e-01
4.245600000000146792e+03 6.223952432813739666e-01
4.246400000000146974e+03 5.805130065845720555e-01
4.247200000000147156e+03 5.378023957027271429e-01
4.248000000000147338e+03 4.227274608848493598e-01
4.248800000000147520e+03 2.861330650569269274e-01
4.249600000000147702e+03 2.751621529313732495e-01
4.250400000000147884e+03 3.210689470562969605e-01
4.251200000000148066e+03 2.172949944093422459e-01
4.252000000000148248e+03 6.750740257776990938e-02
4.252800000000148430e+03 1.936289373955839277e-02
4.253600000000148611e+03 1.900219322974378566e-01
4.254400000000148793e+03 4.612720791232015616e-01
4.255200000000148975e+03 5.075615841113969573e-01
4.256000000000149157e+03 4.158390070160589702e-01
4.256800000000149339e+03 2.472739163218207192e-01
4.257600000000149521e+03 1.506667308329921739e-02
4.258400000000149703e+03 -1.435868226995168015e-02
4.259200000000149885e+03 1.458619216725142442e-01
4.260000000000150067e+03 2.487964946921781551e-01
4.260800000000150249e+03 2.024663678661949850e-01
4.261600000000150430e+03 6.262026810076032346e-02
4.262400000000150612e+03 -1.128081022654538468e-01
4.263200000000150794e+03 -9.920216639732735986e-02
4.264000000000150976e+03 1.383800168498178218e-01
4.264800000000151158e+03 3.233862572685369252e-01
4.265600000000151340e+03 3.138048535597342537e-01
4.266400000000151522e+03 1.023579300903922351e-01
4.267200000000151704e+03 -8.350949490905008876e-02
4.268000000000151886e+03 -4.559406890056792727e-02
4.268800000000152068e+03 6.840031060282164566e-03
4.269600000000152249e+03 -1.329207262113293875e-02
4.270400000000152431e+03 4.866405153880355716e-02
4.271200000000152613e+03 7.420166359008009693e-02
4.272000000000152795e+03 9.768761884023156872e-02
4.272800000000152977e+03 2.254803078254041249e-01
4.273600000000153159e+03 3.582675272130803612e-01
4.274400000000153341e+03 5.528620195148777894e-01
4.275200000000153523e+03 7.342620544329170329e-01
4.276000000000153705e+03 6.412531414171181998e-01
4.276800000000153887e+03 4.246229290988899896e-01
4.277600000000154068e+03 4.025407131384534654e-01
4.278400000000154250e+03 5.296601314857409815e-01
4.279200000000154432e+03 6.404302599249918071e-01
4.280000000000154614e+03 6.616518315120072380e-01
4.280800000000154796e+03 5.231746220244989365e-01
4.281600000000154978e+03 2.918111657869214559e-01
4.282400000000155160e+03 2.679710101605329298e-01
4.283200000000155342e+03 4.214757419351224388e-01
4.284000000000155524e+03 5.378974037714830958e-01
4.284800000000155705e+03 5.490541453590797039e-01
4.285600000000155887e+03 5.454411126722834569e-01
4.286400000000156069e+03 5.789619446320098950e-01
4.287200000000156251e+03 5.262878227912284324e-01
4.288000000000156433e+03 4.301335284925764113e-01
4.288800000000156615e+03 3.915716450345509969e-01
4.289600000000156797e+03 2.618985837913392345e-01
4.290400000000156979e+03 1.553953241371448246e-01
4.291200000000157161e+03 2.455401954778403950e-01
4.292000000000157343e+03 4.631716670337303610e-01
4.292800000000157524e+03 5.249166599866602612e-01
4.293600000000157706e+03 3.585693674331379976e-01
4.294400000000157888e+03 3.000096261278015208e-01
4.295200000000158070e+03 3.142893963229406729e-01
4.296000000000158252e+03 3.838354014994466712e-01
4.296800000000158434e+03 5.368081705205227649e-01
4.297600000000158616e+03 5.295004254621968887e-01
4.298400000000158798e+03 4.848196956854385897e-01
4.299200000000158980e+03 6.249383223424640477e-01
4.300000000000159162e+03 7.517516739228441436e-01
4.300800000000159343e+03 6.918375428025108631e-01
4.301600000000159525e+03 5.638692759824381895e-01
4.302400000000159707e+03 5.189356616613038931e-01
4.303200000000159889e+03 4.967975425594156613e-01
4.304000000000160071e+03 3.965644352150928809e-01
4.304800000000160253e+03 2.938697869745184876e-01
4.305600000000160435e+03 4.276525321682232983e-01
4.306400000000160617e+03 6.644304937470890682e-01
4.307200000000160799e+03 7.498341115546031110e-01
4.308000000000160981e+03 6.238299076469251414e-01
4.308800000000161162e+03 4.637865803853508107e-01
4.309600000000161344e+03 3.314298763524403113e-01
4.310400000000161526e+03 2.627501609179248021e-01
4.311200000000161708e+03 3.400296931240682219e-01
4.312000000000161890e+03 5.805494017939003548e-01
4.312800000000162072e+03 7.749930690540491884e-01
4.313600000000162254e+03 7.844599268943397430e-01
4.314400000000162436e+03 7.288714910305384986e-01
4.315200000000162618e+03 6.173957200398358935e-01
4.316000000000162800e+03 5.297319174210496362e-01
4.316800000000162981e+03 6.399104539899904687e-01
4.317600000000163163e+03 7.652673594310477334e-01
4.318400000000163345e+03 7.342350261148209434e-01
4.319200000000163527e+03 6.957884761100132653e-01
4.320000000000163709e+03 6.397065335218286020e-01
4.320800000000163891e+03 5.345244876859023275e-01
4.321600000000164073e+03 4.854069707775920950e-01
4.322400000000164255e+03 4.592282364171950126e-01
4.323200000000164437e+03 3.948846477766553287e-01
4.324000000000164619e+03 2.234837054855469685e-01
4.324800000000164800e+03 1.809981271169997519e-01
4.325600000000164982e+03 3.917691734030511186e-01
4.326400000000165164e+03 4.890421465600121032e-01
4.327200000000165346e+03 4.719919188824195366e-01
4.328000000000165528e+03 3.875386227401351746e-01
4.328800000000165710e+03 1.859594021407180164e-01
4.329600000000165892e+03 -4.713347874661911324e-02
4.330400000000166074e+03 1.954667279637178900e-02
4.331200000000166256e+03 4.922512948511504893e-01
4.332000000000166438e+03 9.598452731630071622e-01
4.332800000000166619e+03 1.099435235391132082e+00
4.333600000000166801e+03 1.029483347311591634e+00
4.334400000000166983e+03 8.734529400804971200e-01
4.335200000000167165e+03 7.605095582799422660e-01
4.336000000000167347e+03 8.805482764088043979e-01
4.336800000000167529e+03 1.044884410869040048e+00
4.337600000000167711e+03 1.054455346301388596e+00
4.338400000000167893e+03 9.114398287350804484e-01
4.339200000000168075e+03 8.157014772260759994e-01
4.340000000000168257e+03 7.939062571115665934e-01
4.340800000000168438e+03 8.460106529184514557e-01
4.341600000000168620e+03 7.573359832083250698e-01
4.342400000000168802e+03 5.753399219765392703e-01
4.343200000000168984e+03 4.923454151036555926e-01
4.344000000000169166e+03 3.345639092298983153e-01
4.344800000000169348e+03 2.386067644140185406e-01
4.345600000000169530e+03 3.768163907486667963e-01
4.346400000000169712e+03 5.941911591937417692e-01
4.347200000000169894e+03 7.479215750656191819e-01
4.348000000000170076e+03 1.046512080432734804e+00
4.348800000000170257e+03 1.193166816338832925e+00
4.349600000000170439e+03 1.023535901041942697e+00
4.350400000000170621e+03 9.544598526696068674e-01
4.351200000000170803e+03 1.017052421703726672e+00
4.352000000000170985e+03 9.522244635018982661e-01
4.352800000000171167e+03 1.067967863408450402e+00
4.353600000000171349e+03 1.626467151820399915e+00
4.354400000000171531e+03 1.878953806934343662e+00
4.355200000000171713e+03 1.535371038650112485e+00
4.356000000000171894e+03 1.133581108774805335e+00
4.356800000000172076e+03 9.946041440033253078e-01
4.357600000000172258e+03 1.087799716012042506e+00
4.358400000000172440e+03 1.342858839206641397e+00
4.359200000000172622e+03 1.477275290154700382e+00
4.360000000000172804e+03 9.937330150046649324e-01
4.360800000000172986e+03 2.460649387426878110e-01
4.361600000000173168e+03 -8.685233019845574332e-02
4.362400000000173350e+03 1.441449601539537551e-01
4.363200000000173532e+03 4.432082948773048425e-01
4.364000000000173713e+03 3.247004377839569078e-01
4.364800000000173895e+03 -2.033014917552353196e-02
4.365600000000174077e+03 -2.455684133187488460e-01
4.366400000000174259e+03 -2.046295704533536153e-01
4.367200000000174441e+03 2.123188540240441569e-01
4.368000000000174623e+03 5.603206073521200814e-01
4.368800000000174805e+03 5.547188484123350971e-01
4.369600000000174987e+03 4.635275411350592289e-01
4.370400000000175169e+03 2.542388093472201516e-01
4.371200000000175351e+03 2.754310938372982881e-03
4.372000000000175532e+03 -9.779223262008976403e-02
4.372800000000175714e+03 -2.931478484609459020e-02
4.373600000000175896e+03 1.821959437165542317e-01
4.374400000000176078e+03 4.901794845222018915e-01
4.375200000000176260e+03 6.227938621135802322e-01
4.376000000000176442e+03 6.107370594241728901e-01
4.376800000000176624e+03 7.252068455620088727e-01
4.377600000000176806e+03 7.310769680980117036e-01
4.378400000000176988e+03 7.015744492380372455e-01
4.379200000000177170e+03 7.268899882865533790e-01
4.380000000000177351e+03 6.173972607014136527e-01
4.380800000000177533e+03 2.905993655056501312e-01
4.381600000000177715e+03 2.878994758724414543e-02
4.382400000000177897e+03 -7.802696863538741839e-03
4.383200000000178079e+03 2.515375318453966225e-02
4.384000000000178261e+03 9.313177224267808751e-02
4.384800000000178443e+03 3.479326783959581504e-01
4.385600000000178625e+03 7.955401123845222688e-01
4.386400000000178807e+03 1.191597867753758422e+00
4.387200000000178989e+03 1.182021970163383173e+00
4.388000000000179170e+03 8.794611245084925644e-01
4.388800000000179352e+03 7.058648544065192487e-01
4.389600000000179534e+03 5.950062561231754810e-01
4.390400000000179716e+03 4.264070756734699152e-01
4.391200000000179898e+03 2.548096659475665993e-01
4.392000000000180080e+03 3.851724322512023457e-02
4.392800000000180262e+03 5.638667302811286447e-03
4.393600000000180444e+03 2.058904106933377998e-01
4.394400000000180626e+03 5.013569171567846539e-01
4.395200000000180808e+03 8.413465902881731573e-01
4.396000000000180989e+03 1.087490683819542614e+00
4.396800000000181171e+03 1.050879280811207739e+00
4.397600000000181353e+03 9.195433537978023875e-01
4.398400000000181535e+03 9.747497068020634092e-01
4.399200000000181717e+03 1.116536704728909646e+00
4.400000000000181899e+03 1.253291233794193049e+00
4.400800000000182081e+03 1.325498077995320489e+00
4.401600000000182263e+03 1.185105155524549092e+00
4.402400000000182445e+03 9.665749434594771428e-01
4.403200000000182627e+03 1.016493522468563171e+00
4.404000000000182808e+03 1.099436210268315728e+00
4.404800000000182990e+03 1.055890125029957272e+00
4.405600000000183172e+03 1.073477065521328822e+00
4.406400000000183354e+03 1.220149008475712060e+00
4.407200000000183536e+03 1.273371589944257032e+00
4.408000000000183718e+03 1.111252323857490509e+00
4.408800000000183900e+03 8.827477439058455388e-01
4.409600000000184082e+03 6.739404368525492295e-01
4.410400000000184264e+03 5.927438287063022671e-01
4.411200000000184446e+03 5.643673719088284635e-01
4.412000000000184627e+03 5.277728016996064975e-01
4.412800000000184809e+03 4.925332938665528126e-01
4.413600000000184991e+03 5.034152362506875145e-01
4.414400000000185173e+03 6.815822444955352832e-01
4.415200000000185355e+03 1.016273274173435492e+00
4.416000000000185537e+03 1.298344242066455934e+00
4.416800000000185719e+03 1.176421491480547088e+00
4.417600000000185901e+03 8.356603748249363806e-01
4.418400000000186083e+03 7.096606816116035610e-01
4.419200000000186265e+03 5.650906035759272195e-01
4.420000000000186446e+03 3.355579849620172195e-01
4.420800000000186628e+03 3.174833962377257013e-01
4.421600000000186810e+03 4.684028092335231763e-01
4.422400000000186992e+03 5.749581429151676693e-01
4.423200000000187174e+03 5.486905455206853022e-01
4.424000000000187356e+03 4.931615722753301401e-01
4.424800000000187538e+03 4.930921588539994294e-01
4.425600000000187720e+03 5.323957893046846745e-01
4.426400000000187902e+03 4.894256497542514572e-01
4.427200000000188084e+03 4.824207345618589660e-01
4.428000000000188265e+03 5.319194889713627639e-01
4.428800000000188447e+03 5.471406849558128060e-01
4.429600000000188629e+03 7.157780874122796622e-01
4.430400000000188811e+03 8.823736558361390259e-01
4.431200000000188993e+03 6.359323361418288689e-01
4.432000000000189175e+03 2.842192985597632449e-01
4.432800000000189357e+03 2.237523744456121066e-01
4.433600000000189539e+03 2.577285585706450832e-01
4.434400000000189721e+03 2.629886383196555766e-01
4.435200000000189902e+03 4.123928228898491866e-01
4.436000000000190084e+03 7.877970010690300562e-01
4.436800000000190266e+03 1.177846446522747392e+00
4.437600000000190448e+03 1.250437011698800172e+00
4.438400000000190630e+03 9.750361473879711749e-01
4.439200000000190812e+03 5.394871849193505486e-01
4.440000000000190994e+03 1.656163810872770259e-01
4.440800000000191176e+03 1.547042400798875339e-01
4.441600000000191358e+03 4.669481687256468727e-01
4.442400000000191540e+03 8.132961812563315185e-01
4.443200000000191721e+03 9.839111121697237117e-01
4.444000000000191903e+03 9.256808446537089230e-01
4.444800000000192085e+03 7.517458128188487798e-01
4.445600000000192267e+03 5.836312676385116971e-01
4.446400000000192449e+03 3.989760597142932297e-01
4.447200000000192631e+03 2.774826697551228127e-01
4.448000000000192813e+03 2.724717183508847951e-01
4.448800000000192995e+03 3.977051043923975349e-01
4.449600000000193177e+03 7.139417631118416541e-01
4.450400000000193359e+03 1.042571093544552685e+00
4.451200000000193540e+03 1.078799875809359099e+00
4.452000000000193722e+03 9.226604419319457406e-01
4.452800000000193904e+03 6.363666418161930682e-01
4.453600000000194086e+03 3.469796414301344889e-01
4.454400000000194268e+03 3.301340972359012027e-01
4.455200000000194450e+03 4.420715829844898970e-01
4.456000000000194632e+03 5.141636259784245766e-01
4.456800000000194814e+03 5.098528649528256684e-01
4.457600000000194996e+03 4.325566384873313908e-01
4.458400000000195178e+03 4.725591442729040192e-01
4.459200000000195359e+03 5.989144205118143161e-01
4.460000000000195541e+03 7.371004067276538674e-01
4.460800000000195723e+03 8.937991328657612922e-01
4.461600000000195905e+03 9.571971511579479008e-01
4.462400000000196087e+03 9.659699037041422631e-01
4.463200000000196269e+03 1.126088962362329582e+00
4.464000000000196451e+03 1.212408547831600014e+00
4.464800000000196633e+03 9.993680197551987332e-01
4.465600000000196815e+03 8.893318028240518869e-01
4.466400000000196997e+03 9.699466023748688492e-01
4.467200000000197178e+03 9.360207446322300617e-01
4.468000000000197360e+03 7.158250222324853418e-01
4.468800000000197542e+03 6.025385640163256618e-01
4.469600000000197724e+03 7.918124698128256034e-01
4.470400000000197906e+03 1.150455179054191479e+00
4.471200000000198088e+03 1.264128961590919920e+00
4.472000000000198270e+03 1.039940403322353601e+00
4.472800000000198452e+03 7.804780590781394967e-01
4.473600000000198634e+03 6.751748457992221564e-01
4.474400000000198816e+03 7.120559614012258454e-01
4.475200000000198997e+03 7.375333939247140647e-01
4.476000000000199179e+03 7.661926997047591170e-01
4.476800000000199361e+03 8.035841930426587121e-01
4.477600000000199543e+03 9.560916265666707936e-01
4.478400000000199725e+03 1.162317714892098230e+00
4.479200000000199907e+03 1.140035038833508763e+00
4.480000000000200089e+03 9.269766436823894118e-01
4.480800000000200271e+03 6.745285539542678066e-01
4.481600000000200453e+03 2.859113544296937315e-01
4.482400000000200635e+03 2.599984475666669570e-02
4.483200000000200816e+03 1.079490826271534143e-01
4.484000000000200998e+03 3.360652680307596452e-01
4.484800000000201180e+03 5.624031545686783984e-01
4.485600000000201362e+03 6.642973151503777096e-01
4.486400000000201544e+03 5.217869957262739611e-01
4.487200000000201726e+03 2.489365603011365613e-01
4.488000000000201908e+03 3.924733624892068340e-02
4.488800000000202090e+03 -3.183459126552717205e-02
4.489600000000202272e+03 2.490241136650716766e-02
4.490400000000202454e+03 2.790864367192872342e-01
4.491200000000202635e+03 7.127913182912253287e-01
4.492000000000202817e+03 1.019044819486052411e+00
4.492800000000202999e+03 1.079070066093791080e+00
4.493600000000203181e+03 1.028369733767528382e+00
4.494400000000203363e+03 9.351925725190614047e-01
4.495200000000203545e+03 8.398256995524083779e-01
4.496000000000203727e+03 8.739669225344409709e-01
4.496800000000203909e+03 9.828395663800468807e-01
4.497600000000204091e+03 9.519740793210745844e-01
4.498400000000204273e+03 6.635484187913444076e-01
4.499200000000204454e+03 3.126968936012550215e-01
4.500000000000204636e+03 1.921498753941107140e-01
4.500800000000204818e+03 3.319759410237926867e-01
4.501600000000205000e+03 5.081261586545438025e-01
4.502400000000205182e+03 6.248024424466627202e-01
4.503200000000205364e+03 6.991242914490165550e-01
4.504000000000205546e+03 6.446415665802494033e-01
4.504800000000205728e+03 4.887000167845302334e-01
4.505600000000205910e+03 5.932950784963095803e-01
4.506400000000206091e+03 8.673979568046289446e-01
4.507200000000206273e+03 9.070726977709633321e-01
4.508000000000206455e+03 7.724084780498150504e-01
4.508800000000206637e+03 6.914843753468928877e-01
4.509600000000206819e+03 6.333109789189563799e-01
4.510400000000207001e+03 4.042837366558963419e-01
4.511200000000207183e+03 1.432186230064412535e-01
4.512000000000207365e+03 -1.814197139978608597e-02
4.512800000000207547e+03 -1.117198601518687301e-01
4.513600000000207729e+03 -5.543371174844242272e-02
4.514400000000207910e+03 4.749189648128410157e-02
4.515200000000208092e+03 5.955606014556805161e-02
4.516000000000208274e+03 9.651140203964087005e-02
4.516800000000208456e+03 2.860582871338371858e-01
4.517600000000208638e+03 6.037458693285639999e-01
4.518400000000208820e+03 8.921396215066148550e-01
4.519200000000209002e+03 1.004486217324047637e+00
4.520000000000209184e+03 9.417995654699655717e-01
4.520800000000209366e+03 7.592975985151597662e-01
4.521600000000209548e+03 6.297145387236064984e-01
4.522400000000209729e+03 6.470084883806997977e-01
4.523200000000209911e+03 5.869726650035609339e-01
4.524000000000210093e+03 3.936921777196540351e-01
4.524800000000210275e+03 4.361588350194017250e-01
4.525600000000210457e+03 8.084338441845685397e-01
4.526400000000210639e+03 9.304415143357984697e-01
4.527200000000210821e+03 6.139845426277950047e-01
4.528000000000211003e+03 4.662086601149054155e-01
4.528800000000211185e+03 6.003184583124228091e-01
4.529600000000211367e+03 6.696478147462405772e-01
4.530400000000211548e+03 7.489307700484559849e-01
4.531200000000211730e+03 9.117118478767818335e-01
4.532000000000211912e+03 8.910862683146603125e-01
4.532800000000212094e+03 7.022793171741052998e-01
4.533600000000212276e+03 5.243321151548581138e-01
4.534400000000212458e+03 3.974087806585927529e-01
4.535200000000212640e+03 3.832681455006400895e-01
4.536000000000212822e+03 3.383202917195783921e-01
4.536800000000213004e+03 2.070926038151918447e-01
4.537600000000213186e+03 2.407402957612352346e-01
4.538400000000213367e+03 3.024977683196771738e-01
4.539200000000213549e+03 1.270005436227831241e-01
4.540000000000213731e+03 -3.452535248935496848e-02
4.540800000000213913e+03 -4.019397389960419759e-02
4.541600000000214095e+03 9.728256402061447733e-03
4.542400000000214277e+03 2.158196013285577086e-01
4.543200000000214459e+03 6.230645110871280146e-01
4.544000000000214641e+03 1.070662328379638595e+00
4.544800000000214823e+03 1.376945962440629501e+00
4.545600000000215005e+03 1.402190483063645576e+00
4.546400000000215186e+03 1.238867098750969564e+00
4.547200000000215368e+03 1.261953766347374550e+00
4.548000000000215550e+03 1.485037880466485660e+00
4.548800000000215732e+03 1.477196689848870870e+00
4.549600000000215914e+03 1.277183087509059511e+00
4.550400000000216096e+03 1.012121964037605570e+00
4.551200000000216278e+03 8.073717977958632108e-01
4.552000000000216460e+03 7.263710911028747885e-01
4.552800000000216642e+03 6.495170301986799011e-01
4.553600000000216824e+03 5.394123474654840544e-01
4.554400000000217005e+03 4.143347730269126838e-01
4.555200000000217187e+03 2.539938464113161709e-01
4.556000000000217369e+03 1.281121568604479122e-01
4.556800000000217551e+03 9.055362391726934357e-02
4.557600000000217733e+03 1.996611808135249633e-01
4.558400000000217915e+03 6.124651220946166763e-01
4.559200000000218097e+03 8.731754121591688289e-01
4.560000000000218279e+03 7.245972639506084167e-01
4.560800000000218461e+03 4.972239711962116449e-01
4.561600000000218643e+03 4.399871053179394975e-01
4.562400000000218824e+03 4.796080415786080353e-01
4.563200000000219006e+03 5.392592492325174458e-01
4.564000000000219188e+03 5.725813455425914356e-01
4.564800000000219370e+03 5.842166403561073196e-01
4.565600000000219552e+03 5.842607068195981856e-01
4.566400000000219734e+03 6.157605066159721474e-01
4.567200000000219916e+03 5.497806216352483233e-01
4.568000000000220098e+03 3.896265303724708584e-01
4.568800000000220280e+03 4.987669174065789690e-01
4.569600000000220462e+03 8.526410435324169867e-01
4.570400000000220643e+03 1.150591999139270571e+00
4.571200000000220825e+03 1.321913607149695746e+00
4.572000000000221007e+03 1.311461863303743147e+00
4.572800000000221189e+03 1.136865697584420243e+00
4.573600000000221371e+03 8.914978633040351319e-01
4.574400000000221553e+03 5.889686803199609688e-01
4.575200000000221735e+03 4.179515353140817457e-01
4.576000000000221917e+03 6.689570228220035331e-01
4.576800000000222099e+03 1.264758492242227694e+00
4.577600000000222281e+03 1.736664628846973590e+00
4.578400000000222462e+03 1.870877246330302501e+00
4.579200000000222644e+03 1.793747187801576715e+00
4.580000000000222826e+03 1.539019520486925252e+00
4.580800000000223008e+03 1.356191505834881461e+00
4.581600000000223190e+03 1.281465725638410103e+00
4.582400000000223372e+03 1.262959127607556908e+00
4.583200000000223554e+03 1.245851960493170374e+00
4.584000000000223736e+03 1.235373346945483064e+00
4.584800000000223918e+03 1.242455419330668498e+00
4.585600000000224099e+03 1.220935051693923024e+00
4.586400000000224281e+03 1.158762686983677570e+00
4.587200000000224463e+03 1.190059289256544028e+00
4.588000000000224645e+03 1.385867188162105634e+00
4.588800000000224827e+03 1.557394151577898622e+00
4.589600000000225009e+03 1.608841530221358340e+00
4.590400000000225191e+03 1.627260845288021063e+00
4.591200000000225373e+03 1.517239134334016137e+00
4.592000000000225555e+03 1.355762982101584191e+00
4.592800000000225737e+03 1.159924111436781313e+00
4.593600000000225918e+03 9.956327726663561917e-01
4.594400000000226100e+03 9.961706418005105146e-01
4.595200000000226282e+03 1.150215621995029913e+00
4.596000000000226464e+03 1.383109506203101358e+00
4.596800000000226646e+03 1.531817141848006880e+00
4.597600000000226828e+03 1.366707504915895433e+00
4.598400000000227010e+03 1.011601409725446210e+00
4.599200000000227192e+03 7.952718720596740898e-01
4.600000000000227374e+03 6.876214507253410879e-01
4.600800000000227556e+03 7.273899624334418945e-01
4.601600000000227737e+03 9.395297286211246046e-01
4.602400000000227919e+03 1.075284557904090610e+00
4.603200000000228101e+03 1.179517179224850665e+00
4.604000000000228283e+03 1.312705747620003471e+00
4.604800000000228465e+03 1.263013468351987800e+00
4.605600000000228647e+03 1.283332186316096246e+00
4.606400000000228829e+03 1.381578268835234269e+00
4.607200000000229011e+03 1.343275497601505553e+00
4.608000000000229193e+03 1.064114344258675793e+00
4.608800000000229375e+03 6.848572699431910715e-01
4.609600000000229556e+03 4.259041839595010814e-01
4.610400000000229738e+03 3.778234083661373699e-01
4.611200000000229920e+03 3.631121594849117118e-01
4.612000000000230102e+03 2.663123198225921251e-01
4.612800000000230284e+03 2.169432413863731646e-01
4.613600000000230466e+03 3.632393245379594293e-01
4.614400000000230648e+03 5.692749272091693902e-01
4.615200000000230830e+03 6.814830526050553727e-01
4.616000000000231012e+03 9.248457053042247189e-01
4.616800000000231194e+03 1.302047832131959737e+00
4.617600000000231375e+03 1.548769284662607548e+00
4.618400000000231557e+03 1.586042088189559163e+00
4.619200000000231739e+03 1.488031673007324418e+00
4.620000000000231921e+03 1.324564926750944505e+00
4.620800000000232103e+03 1.170381644042449709e+00
4.621600000000232285e+03 1.026227654278717649e+00
4.622400000000232467e+03 8.713745977531450748e-01
4.623200000000232649e+03 7.831911231715242838e-01
4.624000000000232831e+03 7.833224297203134068e-01
4.624800000000233013e+03 8.311128705112702519e-01
4.625600000000233194e+03 9.431356581772317726e-01
4.626400000000233376e+03 1.050863909760089143e+00
4.627200000000233558e+03 1.009373979764875084e+00
4.628000000000233740e+03 9.733041748413233663e-01
4.628800000000233922e+03 1.093092646748723640e+00
4.629600000000234104e+03 1.323641339391202987e+00
4.630400000000234286e+03 1.489714525311002680e+00
4.631200000000234468e+03 1.550889829566101330e+00
4.632000000000234650e+03 1.645040831387609259e+00
4.632800000000234832e+03 1.630583299081452164e+00
4.633600000000235013e+03 1.502203194713410905e+00
4.634400000000235195e+03 1.468557482204672304e+00
4.635200000000235377e+03 1.590102983600070186e+00
4.636000000000235559e+03 1.584135397692685965e+00
4.636800000000235741e+03 1.259157181767592615e+00
4.637600000000235923e+03 8.099746666156406594e-01
4.638400000000236105e+03 6.956458030331561515e-01
4.639200000000236287e+03 9.335464152252005432e-01
4.640000000000236469e+03 1.077240990740076843e+00
4.640800000000236651e+03 9.303239562396996565e-01
4.641600000000236832e+03 7.918052116803488971e-01
4.642400000000237014e+03 8.995365584516661350e-01
4.643200000000237196e+03 1.056573253715854754e+00
4.644000000000237378e+03 1.234065700413961464e+00
4.644800000000237560e+03 1.397385335556146302e+00
4.645600000000237742e+03 1.471825572234581880e+00
4.646400000000237924e+03 1.464148272825880559e+00
4.647200000000238106e+03 1.380126147505687850e+00
4.648000000000238288e+03 1.269371883203451290e+00
4.648800000000238470e+03 1.075896100195495197e+00
4.649600000000238651e+03 9.449757908581111199e-01
4.650400000000238833e+03 8.975846816753854096e-01
4.651200000000239015e+03 7.749766332527091572e-01
4.652000000000239197e+03 7.556557805784802628e-01
4.652800000000239379e+03 8.454733663431820423e-01
4.653600000000239561e+03 8.380534990991765909e-01
4.654400000000239743e+03 6.202797785191953572e-01
4.655200000000239925e+03 4.228140064416557320e-01
4.656000000000240107e+03 2.883793833202240031e-01
4.656800000000240289e+03 1.876687317974544134e-01
4.657600000000240470e+03 2.765533365090502849e-01
4.658400000000240652e+03 3.502910699685497509e-01
4.659200000000240834e+03 3.701869774366040033e-01
4.660000000000241016e+03 4.751851723324878041e-01
4.660800000000241198e+03 5.586741830436458001e-01
4.661600000000241380e+03 6.073846343695339378e-01
4.662400000000241562e+03 7.628791812442006215e-01
4.663200000000241744e+03 9.964732619329967900e-01
4.664000000000241926e+03 9.376751810342807136e-01
4.664800000000242107e+03 5.849680286344725033e-01
4.665600000000242289e+03 3.507531449011754843e-01
4.666400000000242471e+03 2.582691264422679600e-01
4.667200000000242653e+03 2.895765106732450800e-01
4.668000000000242835e+03 4.678000977905159008e-01
4.668800000000243017e+03 7.954471882456874976e-01
4.669600000000243199e+03 1.140277520524169530e+00
4.670400000000243381e+03 1.376240991597095009e+00
4.671200000000243563e+03 1.332675417657608552e+00
4.672000000000243745e+03 1.209673810373488312e+00
4.672800000000243926e+03 1.285774127223016094e+00
4.673600000000244108e+03 1.427341497888391153e+00
4.674400000000244290e+03 1.442847310397628924e+00
4.675200000000244472e+03 1.307737230783278193e+00
4.676000000000244654e+03 1.045111455272492051e+00
4.676800000000244836e+03 7.986473815802141996e-01
4.677600000000245018e+03 7.588527263893395380e-01
4.678400000000245200e+03 9.159983492298366947e-01
4.679200000000245382e+03 9.635388414800105661e-01
4.680000000000245564e+03 8.483621596212256311e-01
4.680800000000245745e+03 6.171121090655919961e-01
4.681600000000245927e+03 4.159073176768036673e-01
4.682400000000246109e+03 5.013893694351609920e-01
4.683200000000246291e+03 8.529370931828390567e-01
4.684000000000246473e+03 1.208547254883547417e+00
4.684800000000246655e+03 1.336710010810275406e+00
4.685600000000246837e+03 1.259620081691465998e+00
4.686400000000247019e+03 1.153574616607154990e+00
4.687200000000247201e+03 1.024574383048282744e+00
4.688000000000247383e+03 8.985724538765368363e-01
4.688800000000247564e+03 8.991296726766391245e-01
4.689600000000247746e+03 7.962741380124951363e-01
4.690400000000247928e+03 4.405851683657114326e-01
4.691200000000248110e+03 2.496232752693789969e-01
4.692000000000248292e+03 3.444139026239496637e-01
4.692800000000248474e+03 4.969232140872291703e-01
4.693600000000248656e+03 5.330376007178092568e-01
4.694400000000248838e+03 6.192023808530990880e-01
4.695200000000249020e+03 6.714856624831988530e-01
4.696000000000249202e+03 6.019778049698507605e-01
4.696800000000249383e+03 4.986313895395938500e-01
4.697600000000249565e+03 3.783420781976654101e-01
4.698400000000249747e+03 2.989090970255583457e-01
4.699200000000249929e+03 4.144827571209462880e-01
4.700000000000250111e+03 5.601649153986512086e-01
4.700800000000250293e+03 4.898338456859682166e-01
4.701600000000250475e+03 4.488353962093309946e-01
4.702400000000250657e+03 6.714953622995329940e-01
4.703200000000250839e+03 9.060884036853225076e-01
4.704000000000251021e+03 1.018563910747963819e+00
4.704800000000251202e+03 1.128863177282356522e+00
4.705600000000251384e+03 1.177457847934393342e+00
4.706400000000251566e+03 1.062803159416103149e+00
4.707200000000251748e+03 9.553876243731004303e-01
4.708000000000251930e+03 1.003007033956609728e+00
4.708800000000252112e+03 1.141503933334208520e+00
4.709600000000252294e+03 1.132362671003407595e+00
4.710400000000252476e+03 1.010986823452750816e+00
4.711200000000252658e+03 1.027488039046470014e+00
4.712000000000252840e+03 1.168352914797732289e+00
4.712800000000253021e+03 1.251504195507243011e+00
4.713600000000253203e+03 1.187771164759110043e+00
4.714400000000253385e+03 1.162175884679137905e+00
4.715200000000253567e+03 1.258825486213401845e+00
4.716000000000253749e+03 1.211599192680663517e+00
4.716800000000253931e+03 9.288469535577186242e-01
4.717600000000254113e+03 6.535649908895347915e-01
4.718400000000254295e+03 4.690357994528521202e-01
4.719200000000254477e+03 3.464758679985407430e-01
4.720000000000254659e+03 2.400867006359728995e-01
4.720800000000254840e+03 1.316951256882356869e-01
4.721600000000255022e+03 1.253638037918999859e-01
4.722400000000255204e+03 1.697653641161062932e-01
4.723200000000255386e+03 3.657885329715401812e-01
4.724000000000255568e+03 7.281649192178304419e-01
4.724800000000255750e+03 9.511245129161729484e-01
4.725600000000255932e+03 1.023506295146750622e+00
4.726400000000256114e+03 1.099487672063782284e+00
4.727200000000256296e+03 1.017863144901279604e+00
4.728000000000256478e+03 7.760843094463214520e-01
4.728800000000256659e+03 5.356272508763721962e-01
4.729600000000256841e+03 4.809826789319021079e-01
4.730400000000257023e+03 5.190622038465029231e-01
4.731200000000257205e+03 3.976331619703590281e-01
4.732000000000257387e+03 1.710280907084334445e-01
4.732800000000257569e+03 3.521008582935853531e-02
4.733600000000257751e+03 -2.418915849403012984e-03
4.734400000000257933e+03 -4.401414913995085193e-02
4.735200000000258115e+03 -7.455279458658467528e-02
4.736000000000258296e+03 1.008637597933690067e-01
4.736800000000258478e+03 5.182355001043056353e-01
4.737600000000258660e+03 9.098782169728876212e-01
4.738400000000258842e+03 1.079960945886243362e+00
4.739200000000259024e+03 1.104497454802439993e+00
4.740000000000259206e+03 1.090035718185620395e+00
4.740800000000259388e+03 1.048415713561420493e+00
4.741600000000259570e+03 1.050410044323327963e+00
4.742400000000259752e+03 1.161646079355825201e+00
4.743200000000259934e+03 1.353192815955818418e+00
4.744000000000260115e+03 1.447297741334750754e+00
4.744800000000260297e+03 1.329529706404428691e+00
4.745600000000260479e+03 1.171686792214828410e+00
4.746400000000260661e+03 1.025124291595472803e+00
4.747200000000260843e+03 1.003981237145119554e+00
4.748000000000261025e+03 1.152774648111052347e+00
4.748800000000261207e+03 1.278000865114131024e+00
4.749600000000261389e+03 1.302442117168045144e+00
4.750400000000261571e+03 1.231442751192957097e+00
4.751200000000261753e+03 1.096967171917459183e+00
4.752000000000261934e+03 1.121598565131316283e+00
4.752800000000262116e+03 1.337539130056359493e+00
4.753600000000262298e+03 1.496069123571038384e+00
4.754400000000262480e+03 1.412272808319066320e+00
4.755200000000262662e+03 1.231105502040626298e+00
4.756000000000262844e+03 9.950588697201913080e-01
4.756800000000263026e+03 6.023409196880917804e-01
4.757600000000263208e+03 3.268010900490176396e-01
4.758400000000263390e+03 3.566905477395114765e-01
4.759200000000263572e+03 3.720144019467075402e-01
4.760000000000263753e+03 2.981687071066222439e-01
4.760800000000263935e+03 3.871081150628827849e-01
4.761600000000264117e+03 6.844590417035575358e-01
4.762400000000264299e+03 9.093910860867997492e-01
4.763200000000264481e+03 9.565230900257920554e-01
4.764000000000264663e+03 7.957778472408488790e-01
4.764800000000264845e+03 5.046500543417922202e-01
4.765600000000265027e+03 5.188191158663003621e-01
4.766400000000265209e+03 8.103128026928385630e-01
4.767200000000265391e+03 1.009590218983188681e+00
4.768000000000265572e+03 1.051935211354968702e+00
4.768800000000265754e+03 1.219866986374983142e+00
4.769600000000265936e+03 1.544072384828607536e+00
4.770400000000266118e+03 1.555388501357770181e+00
4.771200000000266300e+03 1.265108267115253593e+00
4.772000000000266482e+03 9.750141258174311876e-01
4.772800000000266664e+03 9.713482289705712702e-01
4.773600000000266846e+03 1.143420612222594723e+00
4.774400000000267028e+03 1.231926558496756918e+00
4.775200000000267210e+03 1.083008013974267492e+00
4.776000000000267391e+03 9.117066347457267739e-01
4.776800000000267573e+03 9.393394771775427365e-01
4.777600000000267755e+03 1.074223182603055271e+00
4.778400000000267937e+03 1.171796290207693936e+00
4.779200000000268119e+03 1.205510204597841639e+00
4.780000000000268301e+03 1.113159952814525511e+00
4.780800000000268483e+03 8.755343722365644954e-01
4.781600000000268665e+03 6.194801127842834987e-01
4.782400000000268847e+03 4.433125359408168209e-01
4.783200000000269029e+03 3.297940714634349235e-01
4.784000000000269210e+03 2.277817728870009106e-01
4.784800000000269392e+03 2.445406640775583396e-01
4.785600000000269574e+03 3.227754812033187259e-01
4.786400000000269756e+03 2.820468256778186911e-01
4.787200000000269938e+03 2.279330781230032299e-01
4.788000000000270120e+03 2.248191688875919025e-01
4.788800000000270302e+03 2.060255943310580762e-01
4.789600000000270484e+03 1.711465614286450387e-01
4.790400000000270666e+03 3.996036011255172937e-01
4.791200000000270848e+03 9.743033985722021617e-01
4.792000000000271029e+03 1.495976363030599776e+00
4.792800000000271211e+03 1.725332837843934097e+00
4.793600000000271393e+03 1.791557262149585217e+00
4.794400000000271575e+03 1.701789628003969268e+00
4.795200000000271757e+03 1.551849267748499850e+00
4.796000000000271939e+03 1.394009997910045762e+00
4.796800000000272121e+03 1.201886859090728787e+00
4.797600000000272303e+03 1.039081175545540692e+00
4.798400000000272485e+03 8.057071152639110334e-01
4.799200000000272667e+03 4.904889972010342269e-01
4.800000000000272848e+03 4.772758611041215127e-01
4.800800000000273030e+03 8.107043679484933207e-01
4.801600000000273212e+03 1.172974876746124107e+00
4.802400000000273394e+03 1.263432628198055907e+00
4.803200000000273576e+03 9.350679543565244556e-01
4.804000000000273758e+03 6.066015645178138849e-01
4.804800000000273940e+03 5.598317613556245131e-01
4.805600000000274122e+03 6.698942899303478304e-01
4.806400000000274304e+03 7.962776050944631034e-01
4.807200000000274486e+03 7.711130889791968368e-01
4.808000000000274667e+03 7.124574201875459867e-01
4.808800000000274849e+03 8.417509762345398716e-01
4.809600000000275031e+03 1.153727494712033730e+00
4.810400000000275213e+03 1.445345462039106188e+00
4.811200000000275395e+03 1.533897672738276707e+00
4.812000000000275577e+03 1.313072527284402380e+00
4.812800000000275759e+03 7.973591051872737090e-01
4.813600000000275941e+03 4.606720726538321431e-01
4.814400000000276123e+03 4.857436682319509202e-01
4.815200000000276304e+03 4.811302785599361198e-01
4.816000000000276486e+03 2.668808827129626193e-01
4.816800000000276668e+03 1.188353901246247818e-01
4.817600000000276850e+03 2.006584553038559815e-01
4.818400000000277032e+03 4.869535562117772165e-01
4.819200000000277214e+03 9.354128559358851902e-01
4.820000000000277396e+03 1.251032962982179697e+00
4.820800000000277578e+03 1.310306886410109950e+00
4.821600000000277760e+03 1.174235921078568001e+00
4.822400000000277942e+03 9.792139410142948197e-01
4.823200000000278123e+03 9.689026472539434831e-01
4.824000000000278305e+03 1.067147816454166342e+00
4.824800000000278487e+03 9.913430595695942316e-01
4.825600000000278669e+03 9.026607778230342216e-01
4.826400000000278851e+03 9.381923070262068176e-01
4.827200000000279033e+03 9.567374870827156652e-01
4.828000000000279215e+03 8.675457918263793644e-01
4.828800000000279397e+03 7.833995611901880540e-01
4.829600000000279579e+03 9.724072875290941109e-01
4.830400000000279761e+03 1.285455457318636086e+00
4.831200000000279942e+03 1.300668168687130200e+00
4.832000000000280124e+03 9.806075806347509527e-01
4.832800000000280306e+03 7.343537321941761009e-01
4.833600000000280488e+03 9.378161133020652684e-01
4.834400000000280670e+03 1.360276682237986812e+00
4.835200000000280852e+03 1.611909698562786541e+00
4.836000000000281034e+03 1.724214474633840366e+00
4.836800000000281216e+03 1.734498834820766389e+00
4.837600000000281398e+03 1.594990537616633564e+00
4.838400000000281580e+03 1.435085225949783050e+00
4.839200000000281761e+03 1.541171876751912695e+00
4.840000000000281943e+03 1.763858299270327112e+00
4.840800000000282125e+03 1.923578180522593328e+00
4.841600000000282307e+03 1.958145160870058632e+00
4.842400000000282489e+03 1.913321758432159569e+00
4.843200000000282671e+03 1.786499444293535799e+00
4.844000000000282853e+03 1.611927354926125933e+00
4.844800000000283035e+03 1.615554001867820277e+00
4.845600000000283217e+03 1.767514328378563038e+00
4.846400000000283399e+03 1.859639133604248151e+00
4.847200000000283580e+03 1.771590263770963514e+00
4.848000000000283762e+03 1.378584402528799435e+00
4.848800000000283944e+03 8.430257587986157430e-01
4.849600000000284126e+03 5.952504985205003818e-01
4.850400000000284308e+03 7.559710381649968891e-01
4.851200000000284490e+03 1.159922712447244209e+00
4.852000000000284672e+03 1.567082854281772519e+00
4.852800000000284854e+03 1.721054070471566888e+00
4.853600000000285036e+03 1.726330846199977787e+00
4.854400000000285218e+03 1.589614897963712803e+00
4.855200000000285399e+03 1.270318845722222534e+00
4.856000000000285581e+03 8.294861855215869273e-01
4.856800000000285763e+03 4.921346553029816717e-01
4.857600000000285945e+03 4.775753639858578703e-01
4.858400000000286127e+03 7.652360431659577245e-01
4.859200000000286309e+03 1.035951340398622023e+00
4.860000000000286491e+03 1.139747147252745618e+00
4.860800000000286673e+03 1.152638077297780672e+00
4.861600000000286855e+03 1.054997426803044647e+00
4.862400000000287037e+03 9.525603389596939419e-01
4.863200000000287218e+03 9.294426009917542419e-01
4.864000000000287400e+03 1.008843859111350216e+00
4.864800000000287582e+03 1.281311783592911313e+00
4.865600000000287764e+03 1.554052684631797909e+00
4.866400000000287946e+03 1.560151952666273267e+00
4.867200000000288128e+03 1.404590133044260281e+00
4.868000000000288310e+03 1.281988308823950984e+00
4.868800000000288492e+03 1.284977547222873273e+00
4.869600000000288674e+03 1.463588282825336151e+00
4.870400000000288856e+03 1.667564621267716207e+00
4.871200000000289037e+03 1.718803625708322125e+00
4.872000000000289219e+03 1.632830403863621438e+00
4.872800000000289401e+03 1.714464469683583570e+00
4.873600000000289583e+03 1.868627609958890989e+00
4.874400000000289765e+03 1.748279133392103057e+00
4.875200000000289947e+03 1.534050377223317607e+00
4.876000000000290129e+03 1.267041315524668255e+00
4.876800000000290311e+03 7.379190648106730421e-01
4.877600000000290493e+03 2.238849143864363733e-01
4.878400000000290675e+03 6.691893731957201941e-02
4.879200000000290856e+03 2.130649983456550656e-01
4.880000000000291038e+03 5.058320542214690407e-01
4.880800000000291220e+03 7.478829538718388958e-01
4.881600000000291402e+03 9.342151699444525281e-01
4.882400000000291584e+03 1.159602207035334231e+00
4.883200000000291766e+03 1.224785651152901611e+00
4.884000000000291948e+03 1.001909067621034488e+00
4.884800000000292130e+03 6.315104158238994403e-01
4.885600000000292312e+03 3.333003866846960261e-01
4.886400000000292493e+03 2.289822185654958875e-01
4.887200000000292675e+03 4.560494554640125986e-01
4.888000000000292857e+03 8.772396257153307619e-01
4.888800000000293039e+03 1.172509137532989021e+00
4.889600000000293221e+03 1.251524245549096026e+00
4.890400000000293403e+03 1.261966890383984463e+00
4.891200000000293585e+03 1.273201259361242510e+00
4.892000000000293767e+03 1.256336204589944661e+00
4.892800000000293949e+03 1.093117214441237550e+00
4.893600000000294131e+03 9.225750053606915912e-01
4.894400000000294312e+03 9.184361412457516805e-01
4.895200000000294494e+03 1.055651363613512306e+00
4.896000000000294676e+03 1.288530713073729572e+00
4.896800000000294858e+03 1.497064192194760501e+00
4.897600000000295040e+03 1.556378918349701657e+00
4.898400000000295222e+03 1.514988387946805126e+00
4.899200000000295404e+03 1.545488789019921594e+00
4.900000000000295586e+03 1.661930165047516450e+00
4.900800000000295768e+03 1.710657743239863304e+00
4.901600000000295950e+03 1.568393961734190656e+00
4.902400000000296131e+03 1.364842361852768970e+00
4.903200000000296313e+03 1.269532688005468035e+00
4.904000000000296495e+03 1.252066291438886925e+00
4.904800000000296677e+03 1.236451001216245960e+00
4.905600000000296859e+03 1.161263114446813294e+00
4.906400000000297041e+03 1.023109346736002845e+00
4.907200000000297223e+03 9.398349957728124870e-01
4.908000000000297405e+03 9.933343975302515449e-01
4.908800000000297587e+03 1.129356132556335712e+00
4.909600000000297769e+03 1.266981121589781711e+00
4.910400000000297950e+03 1.401990823455288471e+00
4.911200000000298132e+03 1.440789122682188728e+00
4.912000000000298314e+03 1.396247415538323100e+00
4.912800000000298496e+03 1.449791796627075025e+00
4.913600000000298678e+03 1.455094881710971011e+00
4.914400000000298860e+03 1.284557861976645121e+00
4.915200000000299042e+03 1.053742904748141473e+00
4.916000000000299224e+03 8.597172357772885354e-01
4.916800000000299406e+03 7.561538076412318565e-01
4.917600000000299588e+03 8.076558749551967509e-01
4.918400000000299769e+03 7.966695264077253702e-01
4.919200000000299951e+03 6.531959826436752881e-01
4.920000000000300133e+03 6.005073767786563987e-01
4.920800000000300315e+03 6.825300445467192834e-01
4.921600000000300497e+03 8.533206538682700515e-01
4.922400000000300679e+03 1.059068230546720502e+00
4.923200000000300861e+03 1.282955712854690233e+00
4.924000000000301043e+03 1.514336016053914324e+00
4.924800000000301225e+03 1.592944874501018404e+00
4.925600000000301407e+03 1.492733050965993957e+00
4.926400000000301588e+03 1.443537044528357738e+00
4.927200000000301770e+03 1.413029299844400288e+00
4.928000000000301952e+03 1.153339001009106024e+00
4.928800000000302134e+03 7.244317848280965588e-01
4.929600000000302316e+03 5.932999973567996133e-01
4.930400000000302498e+03 8.570692027792634615e-01
4.931200000000302680e+03 1.132893875542956952e+00
4.932000000000302862e+03 1.228531869354440254e+00
4.932800000000303044e+03 1.161558385505441660e+00
4.933600000000303226e+03 1.132964168304357866e+00
4.934400000000303407e+03 1.166935902475753961e+00
4.935200000000303589e+03 1.181571291832782311e+00
4.936000000000303771e+03 1.285914273042272571e+00
4.936800000000303953e+03 1.409969832630907138e+00
4.937600000000304135e+03 1.267426525345773269e+00
4.938400000000304317e+03 9.675698746270868789e-01
4.939200000000304499e+03 8.234345002011040915e-01
4.940000000000304681e+03 8.769496950733748353e-01
4.940800000000304863e+03 9.378561737323036773e-01
4.941600000000305045e+03 9.872163516926881766e-01
4.942400000000305226e+03 1.110816004032845861e+00
4.943200000000305408e+03 1.079741061348743703e+00
4.944000000000305590e+03 7.276842338888276362e-01
4.944800000000305772e+03 4.561185830447226364e-01
4.945600000000305954e+03 5.831635528770231502e-01
4.946400000000306136e+03 7.724894594005373705e-01
4.947200000000306318e+03 7.724820693062486310e-01
4.948000000000306500e+03 8.249544646292827910e-01
4.948800000000306682e+03 9.635695756037871984e-01
4.949600000000306864e+03 1.186096914992336604e+00
4.950400000000307045e+03 1.409476891785205632e+00
4.951200000000307227e+03 1.346212398228631812e+00
4.952000000000307409e+03 1.120358588623596052e+00
4.952800000000307591e+03 1.008125049915463034e+00
4.953600000000307773e+03 9.553044496190448154e-01
4.954400000000307955e+03 8.403285675522708109e-01
4.955200000000308137e+03 7.219780526204785387e-01
4.956000000000308319e+03 7.870754957086896209e-01
4.956800000000308501e+03 9.178746631421554891e-01
4.957600000000308683e+03 8.969345618550496058e-01
4.958400000000308864e+03 7.861815623629863081e-01
4.959200000000309046e+03 6.610948513654102410e-01
4.960000000000309228e+03 6.300428638846521379e-01
4.960800000000309410e+03 7.334432065379078436e-01
4.961600000000309592e+03 8.541168018767977266e-01
4.962400000000309774e+03 9.138534407366742940e-01
4.963200000000309956e+03 1.005873476467893823e+00
4.964000000000310138e+03 1.167660867549196402e+00
4.964800000000310320e+03 1.289282119132068694e+00
4.965600000000310501e+03 1.212988145684827934e+00
4.966400000000310683e+03 9.657443560794326531e-01
4.967200000000310865e+03 7.101194864090913939e-01
4.968000000000311047e+03 4.966207156900313557e-01
4.968800000000311229e+03 3.240402677649085184e-01
4.969600000000311411e+03 2.180963607972479790e-01
4.970400000000311593e+03 2.134459724560994753e-01
4.971200000000311775e+03 3.245843604815888961e-01
4.972000000000311957e+03 6.165503651129806695e-01
4.972800000000312139e+03 9.815961716806038684e-01
4.973600000000312320e+03 1.305533180127099513e+00
4.974400000000312502e+03 1.413807452463595293e+00
4.975200000000312684e+03 1.150095269274281629e+00
4.976000000000312866e+03 7.492045517248170361e-01
4.976800000000313048e+03 5.304590603208296784e-01
4.977600000000313230e+03 5.187241215270199657e-01
4.978400000000313412e+03 4.766111322012341889e-01
4.979200000000313594e+03 3.750651537727239249e-01
4.980000000000313776e+03 2.812973525789281282e-01
4.980800000000313958e+03 3.154253679569236635e-01
4.981600000000314139e+03 6.027234448515899068e-01
4.982400000000314321e+03 1.000913396587517878e+00
4.983200000000314503e+03 1.366367004459272394e+00
4.984000000000314685e+03 1.605418189725098532e+00
4.984800000000314867e+03 1.676940781432055161e+00
4.985600000000315049e+03 1.549076286198602936e+00
4.986400000000315231e+03 1.280071158270505549e+00
4.987200000000315413e+03 1.074342354271430322e+00
4.988000000000315595e+03 1.072239133526790456e+00
4.988800000000315777e+03 1.149572730197262693e+00
4.989600000000315958e+03 1.243075670899491225e+00
4.990400000000316140e+03 1.229986079988423686e+00
4.991200000000316322e+03 1.262497476613058112e+00
4.992000000000316504e+03 1.560359143217711297e+00
4.992800000000316686e+03 1.757467764475546534e+00
4.993600000000316868e+03 1.536792598515605679e+00
4.994400000000317050e+03 1.303353429542567499e+00
4.995200000000317232e+03 1.282886255603693737e+00
4.996000000000317414e+03 1.283761116571044303e+00
4.996800000000317596e+03 1.374423625991516129e+00
4.997600000000317777e+03 1.541905638893706021e+00
4.998400000000317959e+03 1.462548708244400864e+00
4.999200000000318141e+03 1.023884478800997977e+00
5.000000000000318323e+03 6.307497070735232914e-01
5.000800000000318505e+03 4.566491180092723257e-01
5.001600000000318687e+03 3.531417249859509777e-01
5.002400000000318869e+03 4.373934794611653576e-01
5.003200000000319051e+03 5.998586834374481924e-01
5.004000000000319233e+03 4.415735167637063197e-01
5.004800000000319415e+03 2.356464021029539002e-01
5.005600000000319596e+03 3.451998536232756543e-01
5.006400000000319778e+03 4.603608940721707343e-01
5.007200000000319960e+03 3.507691302393776134e-01
5.008000000000320142e+03 3.149166340965467992e-01
5.008800000000320324e+03 6.147227556629204503e-01
5.009600000000320506e+03 9.895381196289406711e-01
5.010400000000320688e+03 1.143057744041019230e+00
5.011200000000320870e+03 1.261196703526924257e+00
5.012000000000321052e+03 1.494126469148224334e+00
5.012800000000321234e+03 1.747899017532215771e+00
5.013600000000321415e+03 1.820350326883763303e+00
5.014400000000321597e+03 1.775424940251535411e+00
5.015200000000321779e+03 1.682314975925424783e+00
5.016000000000321961e+03 1.703467810434285301e+00
5.016800000000322143e+03 1.810073795905458693e+00
5.017600000000322325e+03 1.815628719500624211e+00
5.018400000000322507e+03 1.695412658730382827e+00
5.019200000000322689e+03 1.522560586664801097e+00
5.020000000000322871e+03 1.429326749810357455e+00
5.020800000000323053e+03 1.454789367510650688e+00
5.021600000000323234e+03 1.485044592907907024e+00
5.022400000000323416e+03 1.593830460481062250e+00
5.023200000000323598e+03 1.743267119056817638e+00
5.024000000000323780e+03 1.750082787858745936e+00
5.024800000000323962e+03 1.795891747852569331e+00
5.025600000000324144e+03 1.930784233261362726e+00
5.026400000000324326e+03 1.845807424002957831e+00
5.027200000000324508e+03 1.519393831471134160e+00
5.028000000000324690e+03 1.356194938654979865e+00
5.028800000000324872e+03 1.468616063355658863e+00
5.029600000000325053e+03 1.518039897672315286e+00
5.030400000000325235e+03 1.258383793865121891e+00
5.031200000000325417e+03 9.059038178253079332e-01
5.032000000000325599e+03 8.655027930214820309e-01
5.032800000000325781e+03 9.403443454722453243e-01
5.033600000000325963e+03 8.522815721098533359e-01
5.034400000000326145e+03 5.781186580292134725e-01
5.035200000000326327e+03 2.974767497990464804e-01
5.036000000000326509e+03 2.950716284123933164e-01
5.036800000000326690e+03 5.630815758598222143e-01
5.037600000000326872e+03 7.911936661921634695e-01
5.038400000000327054e+03 7.777944014343410872e-01
5.039200000000327236e+03 5.844622464759050562e-01
5.040000000000327418e+03 4.005723093893608366e-01
5.040800000000327600e+03 2.968833959969741088e-01
5.041600000000327782e+03 3.626730834584838137e-01
5.042400000000327964e+03 6.433939635108940625e-01
5.043200000000328146e+03 1.060748208007490145e+00
5.044000000000328328e+03 1.437022540328159126e+00
5.044800000000328509e+03 1.566869002125228061e+00
5.045600000000328691e+03 1.451637319535242110e+00
5.046400000000328873e+03 1.363367570522429073e+00
5.047200000000329055e+03 1.391566600596882530e+00
5.048000000000329237e+03 1.463701329212129920e+00
5.048800000000329419e+03 1.535024394606194331e+00
5.049600000000329601e+03 1.539806492231852619e+00
5.050400000000329783e+03 1.508823738764521583e+00
5.051200000000329965e+03 1.381174250051087959e+00
5.052000000000330147e+03 1.002722646997899592e+00
5.052800000000330328e+03 6.155355756067415474e-01
5.053600000000330510e+03 6.257669415792003198e-01
5.054400000000330692e+03 9.409479747452091924e-01
5.055200000000330874e+03 1.292097095467204415e+00
5.056000000000331056e+03 1.553919871914633433e+00
5.056800000000331238e+03 1.550998227348232117e+00
5.057600000000331420e+03 1.283248696627945717e+00
5.058400000000331602e+03 9.352795893078627021e-01
5.059200000000331784e+03 6.840111911739469308e-01
5.060000000000331966e+03 5.919731000895223083e-01
5.060800000000332147e+03 5.548722000763047779e-01
5.061600000000332329e+03 4.679587028606898014e-01
5.062400000000332511e+03 5.499632210571796520e-01
5.063200000000332693e+03 9.288542343325136841e-01
5.064000000000332875e+03 1.295418735151209866e+00
5.064800000000333057e+03 1.454903626864479049e+00
5.065600000000333239e+03 1.403350146002354748e+00
5.066400000000333421e+03 1.203687934181243202e+00
5.067200000000333603e+03 1.093328140285330319e+00
5.068000000000333785e+03 1.045370549302159002e+00
5.068800000000333966e+03 1.022370722522744746e+00
5.069600000000334148e+03 1.208370434459471010e+00
5.070400000000334330e+03 1.476360237551539001e+00
5.071200000000334512e+03 1.535572110953246749e+00
5.072000000000334694e+03 1.455926802236532369e+00
5.072800000000334876e+03 1.367064679443675601e+00
5.073600000000335058e+03 1.271562956936138189e+00
5.074400000000335240e+03 1.200292545191875115e+00
5.075200000000335422e+03 1.223620852479984977e+00
5.076000000000335604e+03 1.318273887519796350e+00
5.076800000000335785e+03 1.318428362483047955e+00
5.077600000000335967e+03 1.138847409440772562e+00
5.078400000000336149e+03 9.527925170291025037e-01
5.079200000000336331e+03 9.834895145248998549e-01
5.080000000000336513e+03 1.131962273834724364e+00
5.080800000000336695e+03 1.098461205630453685e+00
5.081600000000336877e+03 9.079846332440175694e-01
5.082400000000337059e+03 6.696711736516068880e-01
5.083200000000337241e+03 3.984223453269025161e-01
5.084000000000337423e+03 1.493459999886344036e-01
5.084800000000337604e+03 1.449370490562267889e-02
5.085600000000337786e+03 1.295714709077915860e-01
5.086400000000337968e+03 4.636433310117512585e-01
5.087200000000338150e+03 7.012719018111734925e-01
5.088000000000338332e+03 6.888411403471861316e-01
5.088800000000338514e+03 5.890190590960132644e-01
5.089600000000338696e+03 5.357254889535678632e-01
5.090400000000338878e+03 6.772470739045890475e-01
5.091200000000339060e+03 9.497149370391515522e-01
5.092000000000339242e+03 1.057962499085975061e+00
5.092800000000339423e+03 8.943150991940607142e-01
5.093600000000339605e+03 6.911451520774301027e-01
5.094400000000339787e+03 6.738062088505329950e-01
5.095200000000339969e+03 8.025228737636458387e-01
5.096000000000340151e+03 1.032474861764562268e+00
5.096800000000340333e+03 1.336317908391223330e+00
5.097600000000340515e+03 1.603814606516406727e+00
5.098400000000340697e+03 1.673207530792985454e+00
5.099200000000340879e+03 1.634842465070707185e+00
5.100000000000341061e+03 1.648113891396029818e+00
5.100800000000341242e+03 1.571595944050917737e+00
5.101600000000341424e+03 1.227519571546184407e+00
5.102400000000341606e+03 9.575434318067195250e-01
5.103200000000341788e+03 9.845699837287158473e-01
5.104000000000341970e+03 1.236265084230556255e+00
5.104800000000342152e+03 1.442813798097796862e+00
5.105600000000342334e+03 1.427961124809859372e+00
5.106400000000342516e+03 1.308034830960439265e+00
5.107200000000342698e+03 1.244552302488475704e+00
5.108000000000342880e+03 1.207753477735461711e+00
5.108800000000343061e+03 1.248984477289680761e+00
5.109600000000343243e+03 1.392011508827283528e+00
5.110400000000343425e+03 1.538613390941835579e+00
5.111200000000343607e+03 1.620505776444153501e+00
5.112000000000343789e+03 1.584749148888037862e+00
5.112800000000343971e+03 1.456869025916370131e+00
5.113600000000344153e+03 1.373623631395309630e+00
5.114400000000344335e+03 1.387079683546317277e+00
5.115200000000344517e+03 1.388105193304731033e+00
5.116000000000344698e+03 1.432155469015840454e+00
5.116800000000344880e+03 1.516027418776940916e+00
5.117600000000345062e+03 1.575078100270743464e+00
5.118400000000345244e+03 1.550884102931627595e+00
5.119200000000345426e+03 1.463138570298940122e+00
5.120000000000345608e+03 1.539465818171983802e+00
5.120800000000345790e+03 1.681181540804782548e+00
5.121600000000345972e+03 1.677449404025362689e+00
5.122400000000346154e+03 1.603499471447090263e+00
5.123200000000346336e+03 1.447522585788575622e+00
5.124000000000346517e+03 1.253086872645495120e+00
5.124800000000346699e+03 1.191454346050023316e+00
5.125600000000346881e+03 1.239425811945618960e+00
5.126400000000347063e+03 1.355520562844653831e+00
5.127200000000347245e+03 1.494460942801123959e+00
5.128000000000347427e+03 1.577045543249544934e+00
5.128800000000347609e+03 1.550342765264447031e+00
5.129600000000347791e+03 1.383352686187465874e+00
5.130400000000347973e+03 1.191859142470389266e+00
5.131200000000348155e+03 1.059307960446187913e+00
5.132000000000348336e+03 1.010642725406107223e+00
5.132800000000348518e+03 1.032014208950153833e+00
5.133600000000348700e+03 1.065808694754873498e+00
5.134400000000348882e+03 9.689162707995586654e-01
5.135200000000349064e+03 7.483794512402757171e-01
5.136000000000349246e+03 7.384563951299333295e-01
5.136800000000349428e+03 9.352594456325862282e-01
5.137600000000349610e+03 1.004351118983818791e+00
5.138400000000349792e+03 8.873715101620661683e-01
5.139200000000349974e+03 8.027898562294546458e-01
5.140000000000350155e+03 8.651701756762926188e-01
5.140800000000350337e+03 9.607152463950516808e-01
5.141600000000350519e+03 9.782624382521635242e-01
5.142400000000350701e+03 9.445763378415472644e-01
5.143200000000350883e+03 8.593145681389491308e-01
5.144000000000351065e+03 8.060746672139901259e-01
5.144800000000351247e+03 9.141779327604557803e-01
5.145600000000351429e+03 1.120759039585100147e+00
5.146400000000351611e+03 1.241363121732159680e+00
5.147200000000351793e+03 1.257175354196090167e+00
5.148000000000351974e+03 1.219173802670581619e+00
5.148800000000352156e+03 1.212912778665775182e+00
5.149600000000352338e+03 1.148792719737312673e+00
5.150400000000352520e+03 1.005424744134748138e+00
5.151200000000352702e+03 9.971173124733218041e-01
5.152000000000352884e+03 9.890438809927908359e-01
5.152800000000353066e+03 9.443124529872535255e-01
5.153600000000353248e+03 9.212549014453532692e-01
5.154400000000353430e+03 8.497340415198511021e-01
5.155200000000353612e+03 6.094563443326092012e-01
5.156000000000353793e+03 3.491777793559762144e-01
5.156800000000353975e+03 3.254514681073740756e-01
5.157600000000354157e+03 4.799564601184420631e-01
5.158400000000354339e+03 6.847786481182922547e-01
5.159200000000354521e+03 9.285888585123134309e-01
5.160000000000354703e+03 1.142353245462976119e+00
5.160800000000354885e+03 1.225809264720018721e+00
5.161600000000355067e+03 1.208456453960015775e+00
5.162400000000355249e+03 1.249359340851565303e+00
5.163200000000355431e+03 1.354053480532892095e+00
5.164000000000355612e+03 1.367263581870094225e+00
5.164800000000355794e+03 1.260790447560588223e+00
5.165600000000355976e+03 1.122325696796801164e+00
5.166400000000356158e+03 1.089554503546149578e+00
5.167200000000356340e+03 1.237626937438748964e+00
5.168000000000356522e+03 1.247308152756717581e+00
5.168800000000356704e+03 8.788573340392259459e-01
5.169600000000356886e+03 3.526576314681851843e-01
5.170400000000357068e+03 -2.302048253225788543e-04
5.171200000000357250e+03 -1.052219583634008138e-01
5.172000000000357431e+03 -5.058097595700902782e-04
5.172800000000357613e+03 2.413972205181894592e-01
5.173600000000357795e+03 5.419347748216982730e-01
5.174400000000357977e+03 7.243313021527709727e-01
5.175200000000358159e+03 8.163466682598685686e-01
5.176000000000358341e+03 8.410350231554745148e-01
5.176800000000358523e+03 7.197298445777804421e-01
5.177600000000358705e+03 6.687810121266838381e-01
5.178400000000358887e+03 7.402301808088136426e-01
5.179200000000359069e+03 8.615654870987832226e-01
5.180000000000359250e+03 1.013920757129511463e+00
5.180800000000359432e+03 1.182912898569183247e+00
5.181600000000359614e+03 1.227321805853304637e+00
5.182400000000359796e+03 1.224220896666647018e+00
5.183200000000359978e+03 1.219230315106275775e+00
5.184000000000360160e+03 1.197840589881150608e+00
5.184800000000360342e+03 1.198251062027094527e+00
5.185600000000360524e+03 1.012203777628208456e+00
5.186400000000360706e+03 7.809265516544607877e-01
5.187200000000360887e+03 8.691216727745991744e-01
5.188000000000361069e+03 1.069130023390169271e+00
5.188800000000361251e+03 1.161305950878891213e+00
5.189600000000361433e+03 1.221759256287510143e+00
5.190400000000361615e+03 1.109393382513852000e+00
5.191200000000361797e+03 8.741249687415684200e-01
5.192000000000361979e+03 8.658377255367237790e-01
5.192800000000362161e+03 1.043109114204783694e+00
5.193600000000362343e+03 1.174131718117533474e+00
5.194400000000362525e+03 1.170885830910520120e+00
5.195200000000362706e+03 9.393762533484091293e-01
5.196000000000362888e+03 6.182259469306150557e-01
5.196800000000363070e+03 5.702345277142659707e-01
5.197600000000363252e+03 8.212581292464080640e-01
5.198400000000363434e+03 1.044910021735446115e+00
5.199200000000363616e+03 9.971076420114808325e-01
5.200000000000363798e+03 7.141573896063309057e-01
5.200800000000363980e+03 3.663369672152482215e-01
5.201600000000364162e+03 1.906568466741968559e-01
5.202400000000364344e+03 2.985090743339501307e-01
5.203200000000364525e+03 5.067637277994305744e-01
5.204000000000364707e+03 6.746625207257115342e-01
5.204800000000364889e+03 8.839224046498957987e-01
5.205600000000365071e+03 9.671216688693836661e-01
5.206400000000365253e+03 9.307468997023631285e-01
5.207200000000365435e+03 9.868994192696192158e-01
5.208000000000365617e+03 9.699062770016037005e-01
5.208800000000365799e+03 8.292160815586651079e-01
5.209600000000365981e+03 7.533926176405731923e-01
5.210400000000366163e+03 7.562171155679486834e-01
5.211200000000366344e+03 7.412785265271699675e-01
5.212000000000366526e+03 7.625299351282557314e-01
5.212800000000366708e+03 9.310163571364500346e-01
5.213600000000366890e+03 1.175828182917045606e+00
5.214400000000367072e+03 1.257171846286735617e+00
5.215200000000367254e+03 1.265842971699443265e+00
5.216000000000367436e+03 1.386503688162938452e+00
5.216800000000367618e+03 1.464881378770367171e+00
5.217600000000367800e+03 1.354360165497336510e+00
5.218400000000367982e+03 1.331304255717773888e+00
5.219200000000368163e+03 1.420887961862284277e+00
5.220000000000368345e+03 1.369054853094492818e+00
5.220800000000368527e+03 1.398550477454142626e+00
5.221600000000368709e+03 1.461965699197624424e+00
5.222400000000368891e+03 1.462048834208441450e+00
5.223200000000369073e+03 1.503296775236173888e+00
5.224000000000369255e+03 1.494146371681257524e+00
5.224800000000369437e+03 1.367459703782588409e+00
5.225600000000369619e+03 1.231580665652472817e+00
5.226400000000369801e+03 9.668109666727433549e-01
5.227200000000369982e+03 5.286617413154872658e-01
5.228000000000370164e+03 3.344736333023117236e-01
5.228800000000370346e+03 6.115169049038029492e-01
5.229600000000370528e+03 1.016166606539672390e+00
5.230400000000370710e+03 1.095267925887618787e+00
5.231200000000370892e+03 1.020409665928970311e+00
5.232000000000371074e+03 1.117631471970957913e+00
5.232800000000371256e+03 1.207978262696939087e+00
5.233600000000371438e+03 1.265668955615220304e+00
5.234400000000371620e+03 1.279592233778535704e+00
5.235200000000371801e+03 1.081451700155058093e+00
5.236000000000371983e+03 7.299671932991158574e-01
5.236800000000372165e+03 4.299142090296381169e-01
5.237600000000372347e+03 2.307868688015115854e-01
5.238400000000372529e+03 1.367577285379459606e-01
5.239200000000372711e+03 6.031641576670573879e-02
5.240000000000372893e+03 1.278577255914675193e-01
5.240800000000373075e+03 3.998224533974231720e-01
5.241600000000373257e+03 6.726843259801861263e-01
5.242400000000373439e+03 6.569288596735326502e-01
5.243200000000373620e+03 4.270923803288670939e-01
5.244000000000373802e+03 3.130665007677858047e-01
5.244800000000373984e+03 4.547831759601856927e-01
5.245600000000374166e+03 7.165777531785879617e-01
5.246400000000374348e+03 1.005765052468592158e+00
5.247200000000374530e+03 1.160556980014810335e+00
5.248000000000374712e+03 1.085557530498358458e+00
5.248800000000374894e+03 9.296477974169716774e-01
5.249600000000375076e+03 8.845553547313453890e-01
5.250400000000375258e+03 1.007194450672320940e+00
5.251200000000375439e+03 1.190175800689297070e+00
5.252000000000375621e+03 1.336496613679270418e+00
5.252800000000375803e+03 1.457341391905863315e+00
5.253600000000375985e+03 1.460660246427238240e+00
5.254400000000376167e+03 1.287342888100129867e+00
5.255200000000376349e+03 1.163418078397383093e+00
5.256000000000376531e+03 1.275723199267679853e+00
5.256800000000376713e+03 1.332187446285926891e+00
5.257600000000376895e+03 1.291642959140955949e+00
5.258400000000377077e+03 1.351528744627977119e+00
5.259200000000377258e+03 1.488521734345153558e+00
5.260000000000377440e+03 1.538966714785652723e+00
5.260800000000377622e+03 1.462943122882305769e+00
5.261600000000377804e+03 1.405441663855472534e+00
5.262400000000377986e+03 1.507081521489412657e+00
5.263200000000378168e+03 1.502837902751542831e+00
5.264000000000378350e+03 1.182423732509962022e+00
5.264800000000378532e+03 8.256642819494671715e-01
5.265600000000378714e+03 7.817387471376235908e-01
5.266400000000378895e+03 1.010488398862970705e+00
5.267200000000379077e+03 1.161687186293272500e+00
5.268000000000379259e+03 1.000078541490887707e+00
5.268800000000379441e+03 6.780797950594548151e-01
5.269600000000379623e+03 5.692507016033674372e-01
5.270400000000379805e+03 8.158526648046553476e-01
5.271200000000379987e+03 1.167234654581880360e+00
5.272000000000380169e+03 1.390255307862981571e+00
5.272800000000380351e+03 1.450917689874542837e+00
5.273600000000380533e+03 1.396829579600827209e+00
5.274400000000380714e+03 1.230039626647406292e+00
5.275200000000380896e+03 1.024811542258468489e+00
5.276000000000381078e+03 8.854861576822800062e-01
5.276800000000381260e+03 6.858438753972007085e-01
5.277600000000381442e+03 5.331958151609421659e-01
5.278400000000381624e+03 5.335749409755558004e-01
5.279200000000381806e+03 7.646119237204112018e-01
5.280000000000381988e+03 1.147876057594533039e+00
5.280800000000382170e+03 1.344495148516613003e+00
5.281600000000382352e+03 1.411585973960620688e+00
5.282400000000382533e+03 1.502880459954742953e+00
5.283200000000382715e+03 1.522617286773478629e+00
5.284000000000382897e+03 1.334004195113376756e+00
5.284800000000383079e+03 1.021213052117567965e+00
5.285600000000383261e+03 7.827656443370788475e-01
5.286400000000383443e+03 6.224364451739649029e-01
5.287200000000383625e+03 5.253434358830593176e-01
5.288000000000383807e+03 4.467848942988497107e-01
5.288800000000383989e+03 3.986877120410382558e-01
5.289600000000384171e+03 4.397245083347073313e-01
5.290400000000384352e+03 4.791981350886528879e-01
5.291200000000384534e+03 4.577475302737062379e-01
5.292000000000384716e+03 4.707918032356254168e-01
5.292800000000384898e+03 5.140998770234477266e-01
5.293600000000385080e+03 6.742254829843783437e-01
5.294400000000385262e+03 9.318984884110310674e-01
5.295200000000385444e+03 9.366023835226726657e-01
5.296000000000385626e+03 6.395082090552789422e-01
5.296800000000385808e+03 4.217123568271777256e-01
5.297600000000385990e+03 5.640235266800900371e-01
5.298400000000386171e+03 8.807833792703569920e-01
5.299200000000386353e+03 1.165597873490872738e+00
5.300000000000386535e+03 1.358040721888341018e+00
5.300800000000386717e+03 1.460128759792127084e+00
5.301600000000386899e+03 1.536595786705704514e+00
5.302400000000387081e+03 1.494759980233927310e+00
5.303200000000387263e+03 1.305945633922463767e+00
5.304000000000387445e+03 1.179218399490000735e+00
5.304800000000387627e+03 1.192750552842262390e+00
5.305600000000387809e+03 1.232433322584063351e+00
5.306400000000387990e+03 1.318328066942840771e+00
5.307200000000388172e+03 1.359341348358904744e+00
5.308000000000388354e+03 1.197351462548251533e+00
5.308800000000388536e+03 9.661247298200279499e-01
5.309600000000388718e+03 7.732392947082857848e-01
5.310400000000388900e+03 5.595748585504947137e-01
5.311200000000389082e+03 2.850389219369232618e-01
5.312000000000389264e+03 5.121629096552687832e-02
5.312800000000389446e+03 1.227355558951306880e-02
5.313600000000389628e+03 5.838224913993477622e-02
5.314400000000389809e+03 1.314291468756584313e-01
5.315200000000389991e+03 2.751733456291614033e-01
5.316000000000390173e+03 3.970224507517835510e-01
5.316800000000390355e+03 4.396981680505754331e-01
5.317600000000390537e+03 5.230689780463626537e-01
5.318400000000390719e+03 6.881581205820384017e-01
5.319200000000390901e+03 9.597868954743506986e-01
5.320000000000391083e+03 1.246007602573783624e+00
5.320800000000391265e+03 1.421682456036132969e+00
5.321600000000391447e+03 1.451063990794575709e+00
5.322400000000391628e+03 1.335726633386557616e+00
5.323200000000391810e+03 1.165926510066700672e+00
5.324000000000391992e+03 1.075095728045621701e+00
5.324800000000392174e+03 1.010834843492749435e+00
5.325600000000392356e+03 8.628806880831876303e-01
5.326400000000392538e+03 7.374752555965240486e-01
5.327200000000392720e+03 7.568968871308596746e-01
5.328000000000392902e+03 8.646766987859098030e-01
5.328800000000393084e+03 9.922071651242372337e-01
5.329600000000393266e+03 9.214491178000072669e-01
5.330400000000393447e+03 5.245159424000191972e-01
5.331200000000393629e+03 1.715269123149842645e-01
5.332000000000393811e+03 4.603380635255133191e-02
5.332800000000393993e+03 5.872895779484871986e-02
5.333600000000394175e+03 1.168513415415942391e-01
5.334400000000394357e+03 1.514474451101177899e-01
5.335200000000394539e+03 1.570820861166544180e-01
5.336000000000394721e+03 1.623805440631089780e-01
5.336800000000394903e+03 2.060167904254412707e-01
5.337600000000395084e+03 3.833194979656368018e-01
5.338400000000395266e+03 7.997584468447010986e-01
5.339200000000395448e+03 1.182589283821077863e+00
5.340000000000395630e+03 1.258688308359106056e+00
5.340800000000395812e+03 1.196184110322187300e+00
5.341600000000395994e+03 1.253807592745872057e+00
5.342400000000396176e+03 1.301732379134853845e+00
5.343200000000396358e+03 1.211533762444601425e+00
5.344000000000396540e+03 9.625139726871265733e-01
5.344800000000396722e+03 7.700290488503012121e-01
5.345600000000396903e+03 7.829309420866854552e-01
5.346400000000397085e+03 7.662618435076953283e-01
5.347200000000397267e+03 7.091077767039858371e-01
5.348000000000397449e+03 6.555726019838065133e-01
5.348800000000397631e+03 5.378169477364149742e-01
5.349600000000397813e+03 3.315392682277825687e-01
5.350400000000397995e+03 8.003016014646653631e-02
5.351200000000398177e+03 -7.543497400490249694e-02
5.352000000000398359e+03 -2.158905909152474684e-02
5.352800000000398541e+03 1.444630289792772082e-01
5.353600000000398722e+03 3.262022981173570702e-01
5.354400000000398904e+03 4.702169550102253126e-01
5.355200000000399086e+03 4.740366976569488910e-01
5.356000000000399268e+03 3.999073921641834173e-01
5.356800000000399450e+03 3.597115663000831076e-01
5.357600000000399632e+03 3.374815251704915142e-01
5.358400000000399814e+03 3.846726954914746477e-01
5.359200000000399996e+03 4.154913372712097930e-01
5.360000000000400178e+03 2.617899441155630003e-01
5.360800000000400360e+03 4.799929355542724430e-02
5.361600000000400541e+03 -3.581644227539002023e-02
5.362400000000400723e+03 5.948700168248415715e-02
5.363200000000400905e+03 3.161003653858596718e-01
5.364000000000401087e+03 6.641507556332217899e-01
5.364800000000401269e+03 8.702329290325261368e-01
5.365600000000401451e+03 9.535011772426218446e-01
5.366400000000401633e+03 1.053007952639144706e+00
5.367200000000401815e+03 1.052505076179551136e+00
5.368000000000401997e+03 1.021980315488820068e+00
5.368800000000402179e+03 1.159278435947620256e+00
5.369600000000402360e+03 1.313054497787888852e+00
5.370400000000402542e+03 1.212514112002359035e+00
5.371200000000402724e+03 8.251506270033897028e-01
5.372000000000402906e+03 4.976961879498643659e-01
5.372800000000403088e+03 4.646510767087377869e-01
5.373600000000403270e+03 6.473642369437485611e-01
5.374400000000403452e+03 8.027569408675490070e-01
5.375200000000403634e+03 7.864345546160048661e-01
5.376000000000403816e+03 6.822551160590538677e-01
5.376800000000403998e+03 6.045637730620873063e-01
5.377600000000404179e+03 4.307724213468581698e-01
5.378400000000404361e+03 2.583361986588806891e-01
5.379200000000404543e+03 1.551635521574002974e-01
5.380000000000404725e+03 6.796271502269882192e-02
5.380800000000404907e+03 5.903811828161229652e-02
5.381600000000405089e+03 7.605528729048074976e-02
5.382400000000405271e+03 4.569960630227057341e-02
5.383200000000405453e+03 5.374646976038940059e-03
5.384000000000405635e+03 5.941881782999018646e-02
5.384800000000405817e+03 2.675494909558934209e-01
5.385600000000405998e+03 5.889645551297371107e-01
5.386400000000406180e+03 8.864830746557446073e-01
5.387200000000406362e+03 9.298661215257899570e-01
5.388000000000406544e+03 8.122650555941712813e-01
5.388800000000406726e+03 8.329155788353885814e-01
5.389600000000406908e+03 1.029239614409713122e+00
5.390400000000407090e+03 1.187391952830805675e+00
5.391200000000407272e+03 1.059814189760153624e+00
5.392000000000407454e+03 7.080264623751513220e-01
5.392800000000407636e+03 4.256347921648789834e-01
5.393600000000407817e+03 2.742091744911467899e-01
5.394400000000407999e+03 2.078689878439702043e-01
5.395200000000408181e+03 1.500713437430646058e-01
5.396000000000408363e+03 7.416635431335183437e-02
5.396800000000408545e+03 4.727153941807053783e-03
5.397600000000408727e+03 -1.008928520087064712e-01
5.398400000000408909e+03 -1.444525421103070306e-01
5.399200000000409091e+03 -4.030796351273807643e-02
5.400000000000409273e+03 1.050305942941893722e-01
5.400800000000409455e+03 1.995789235123296979e-01
5.401600000000409636e+03 2.913026379394689780e-01
5.402400000000409818e+03 3.834128597726316756e-01
5.403200000000410000e+03 3.548975310459822063e-01
5.404000000000410182e+03 2.786821464682167626e-01
5.404800000000410364e+03 4.124923960191576588e-01
5.405600000000410546e+03 7.194345656870254624e-01
5.406400000000410728e+03 9.981441661550625177e-01
5.407200000000410910e+03 1.204752065842734421e+00
5.408000000000411092e+03 1.277640394269319302e+00
5.408800000000411274e+03 1.176876107507106139e+00
5.409600000000411455e+03 1.114929096123568275e+00
5.410400000000411637e+03 1.157726104710468107e+00
5.411200000000411819e+03 1.211904495076221444e+00
5.412000000000412001e+03 1.259229488569816979e+00
5.412800000000412183e+03 1.272943011718083550e+00
5.413600000000412365e+03 1.230949012216647986e+00
5.414400000000412547e+03 1.097236298503642349e+00
5.415200000000412729e+03 9.771534060468998195e-01
5.416000000000412911e+03 9.715216874242185163e-01
5.416800000000413092e+03 1.114235411351917282e+00
5.417600000000413274e+03 1.229722424877133236e+00
5.418400000000413456e+03 1.248441311418825972e+00
5.419200000000413638e+03 1.192566825418230003e+00
5.420000000000413820e+03 1.040720114353614223e+00
5.420800000000414002e+03 8.893374370146465147e-01
5.421600000000414184e+03 7.438112469753291878e-01
5.422400000000414366e+03 6.718111781405319283e-01
5.423200000000414548e+03 7.682431610859549176e-01
5.424000000000414730e+03 9.438763263862246511e-01
5.424800000000414911e+03 1.093299792365589607e+00
5.425600000000415093e+03 1.128824840847320932e+00
5.426400000000415275e+03 1.061676441067037846e+00
5.427200000000415457e+03 1.033986442990481702e+00
5.428000000000415639e+03 1.082475167027636465e+00
5.428800000000415821e+03 1.184672378591890451e+00
5.429600000000416003e+03 1.331027866381212066e+00
5.430400000000416185e+03 1.359485192054252778e+00
5.431200000000416367e+03 1.292298015313561699e+00
5.432000000000416549e+03 1.214821178507337285e+00
5.432800000000416730e+03 9.970780367356917306e-01
5.433600000000416912e+03 8.944758064581985746e-01
5.434400000000417094e+03 9.543164227295864999e-01
5.435200000000417276e+03 1.012975701277506912e+00
5.436000000000417458e+03 1.111847525310539986e+00
5.436800000000417640e+03 1.178599458758271101e+00
5.437600000000417822e+03 1.217110603395850532e+00
5.438400000000418004e+03 1.306836926358184936e+00
5.439200000000418186e+03 1.362137946349186279e+00
5.440000000000418368e+03 1.454891160042194320e+00
5.440800000000418549e+03 1.486357177720581957e+00
5.441600000000418731e+03 1.309166310412299028e+00
5.442400000000418913e+03 1.067735689530540100e+00
5.443200000000419095e+03 8.603709110119215353e-01
5.444000000000419277e+03 6.342743376647141940e-01
5.444800000000419459e+03 3.591038740932326334e-01
5.445600000000419641e+03 1.485549845917157608e-01
5.446400000000419823e+03 2.312219980455600954e-01
5.447200000000420005e+03 5.627905800171608686e-01
5.448000000000420187e+03 8.062664547993640962e-01
5.448800000000420368e+03 8.149129583287795242e-01
5.449600000000420550e+03 6.413757026666364602e-01
5.450400000000420732e+03 3.912000773295706835e-01
5.451200000000420914e+03 1.522903665607312218e-01
5.452000000000421096e+03 -6.551475131886142812e-03
5.452800000000421278e+03 3.507144615576675284e-02
5.453600000000421460e+03 3.158084124182597430e-01
5.454400000000421642e+03 6.474897745439753827e-01
5.455200000000421824e+03 7.849128139520797909e-01
5.456000000000422006e+03 7.672284505932815968e-01
5.456800000000422187e+03 7.944646823387100376e-01
5.457600000000422369e+03 9.066870586420119338e-01
5.458400000000422551e+03 1.023561246204294450e+00
5.459200000000422733e+03 1.029097137610550883e+00
5.460000000000422915e+03 9.773856150760418249e-01
5.460800000000423097e+03 7.650497167044519875e-01
5.461600000000423279e+03 4.114916494757021592e-01
5.462400000000423461e+03 1.863692945483061969e-01
5.463200000000423643e+03 1.965733330662018941e-01
5.464000000000423825e+03 3.761776324154434969e-01
5.464800000000424006e+03 4.848118376019707743e-01
5.465600000000424188e+03 4.361592065886475966e-01
5.466400000000424370e+03 4.548621436688315978e-01
5.467200000000424552e+03 5.168532530564168281e-01
5.468000000000424734e+03 5.635031465606379353e-01
5.468800000000424916e+03 5.335761093382394016e-01
5.469600000000425098e+03 3.458338250961350280e-01
5.470400000000425280e+03 1.890535371646692164e-01
5.471200000000425462e+03 3.965802209491433583e-01
5.472000000000425644e+03 7.690792451559304022e-01
5.472800000000425825e+03 9.138215859510034900e-01
5.473600000000426007e+03 8.362984817904741686e-01
5.474400000000426189e+03 9.542840026634761275e-01
5.475200000000426371e+03 1.309950022864424302e+00
5.476000000000426553e+03 1.543368592134316764e+00
5.476800000000426735e+03 1.516840058511069511e+00
5.477600000000426917e+03 1.235209391421245195e+00
5.478400000000427099e+03 9.745468836384727496e-01
5.479200000000427281e+03 8.592932621674462812e-01
5.480000000000427463e+03 7.856067809378750599e-01
5.480800000000427644e+03 7.766022356017301398e-01
5.481600000000427826e+03 9.834385216611384317e-01
5.482400000000428008e+03 1.340613824642626462e+00
5.483200000000428190e+03 1.492071606564160824e+00
5.484000000000428372e+03 1.250632319894211086e+00
5.484800000000428554e+03 9.846678076616390829e-01
5.485600000000428736e+03 1.012437667083492920e+00
5.486400000000428918e+03 1.267041546883025394e+00
5.487200000000429100e+03 1.516081210444940819e+00
5.488000000000429281e+03 1.684916618464560756e+00
5.488800000000429463e+03 1.807949540154177193e+00
5.489600000000429645e+03 1.754630430352652759e+00
5.490400000000429827e+03 1.669170220249584169e+00
5.491200000000430009e+03 1.662834382217216245e+00
5.492000000000430191e+03 1.573692448740458438e+00
5.492800000000430373e+03 1.474094760596419196e+00
5.493600000000430555e+03 1.386825216944757244e+00
5.494400000000430737e+03 1.138046612411838243e+00
5.495200000000430919e+03 8.737585731550903123e-01
5.496000000000431100e+03 7.135638906641542656e-01
5.496800000000431282e+03 5.086797614726745742e-01
5.497600000000431464e+03 3.771592732397411329e-01
5.498400000000431646e+03 4.451651079446528048e-01
5.499200000000431828e+03 6.316211509087088505e-01
5.500000000000432010e+03 7.955848624686574500e-01
5.500800000000432192e+03 9.491926673039836615e-01
5.501600000000432374e+03 9.704232321126198269e-01
5.502400000000432556e+03 7.932648098615587839e-01
5.503200000000432738e+03 4.971822161531369022e-01
5.504000000000432919e+03 3.319723598784280472e-01
5.504800000000433101e+03 4.020460339481709555e-01
5.505600000000433283e+03 6.936075437206252747e-01
5.506400000000433465e+03 1.071128646314253974e+00
5.507200000000433647e+03 1.397846306151883766e+00
5.508000000000433829e+03 1.520050630348489529e+00
5.508800000000434011e+03 1.315364865655908266e+00
5.509600000000434193e+03 9.125995510499933516e-01
5.510400000000434375e+03 5.235451745664378986e-01
5.511200000000434557e+03 4.691050102720468740e-01
5.512000000000434738e+03 7.039436447821481035e-01
5.512800000000434920e+03 7.460930203522484483e-01
5.513600000000435102e+03 4.231158521707559794e-01
5.514400000000435284e+03 1.122519495658904631e-01
5.515200000000435466e+03 2.756690782460672479e-02
5.516000000000435648e+03 3.556930692739047883e-02
5.516800000000435830e+03 8.950958261771430058e-02
5.517600000000436012e+03 1.910281349596226197e-01
5.518400000000436194e+03 3.305684282726895074e-01
5.519200000000436376e+03 4.898386334661051222e-01
5.520000000000436557e+03 5.809953519110768738e-01
5.520800000000436739e+03 5.598034771541242627e-01
5.521600000000436921e+03 4.700966493719161976e-01
5.522400000000437103e+03 3.874591396494738160e-01
5.523200000000437285e+03 3.515212655646361983e-01
5.524000000000437467e+03 3.308157962902438798e-01
5.524800000000437649e+03 4.101136026608954155e-01
5.525600000000437831e+03 7.384747990057652922e-01
5.526400000000438013e+03 1.176232204138363491e+00
5.527200000000438195e+03 1.334793271467900500e+00
5.528000000000438376e+03 9.492701611931261274e-01
5.528800000000438558e+03 3.693676385035693510e-01
5.529600000000438740e+03 1.035746935092146520e-01
5.530400000000438922e+03 7.566955403736559671e-02
5.531200000000439104e+03 7.503210247763920926e-02
5.532000000000439286e+03 7.098295664368044211e-03
5.532800000000439468e+03 2.087422783762853118e-02
5.533600000000439650e+03 3.599419357685582632e-01
5.534400000000439832e+03 8.410441257321039643e-01
5.535200000000440014e+03 1.150612519543924073e+00
5.536000000000440195e+03 1.331076329320519891e+00
5.536800000000440377e+03 1.476373970785986867e+00
5.537600000000440559e+03 1.537183573385208168e+00
5.538400000000440741e+03 1.616092434965240798e+00
5.539200000000440923e+03 1.809345204675631980e+00
5.540000000000441105e+03 2.008459205172739903e+00
5.540800000000441287e+03 2.057164182901441762e+00
5.541600000000441469e+03 1.949797877555638159e+00
5.542400000000441651e+03 1.826862888476320279e+00
5.543200000000441833e+03 1.793137204112731142e+00
5.544000000000442014e+03 1.834715624796823930e+00
5.544800000000442196e+03 1.985748814779944027e+00
5.545600000000442378e+03 2.035148165367264284e+00
5.546400000000442560e+03 1.854922229399664557e+00
5.547200000000442742e+03 1.522790697394327708e+00
5.548000000000442924e+03 1.061290680847479573e+00
5.548800000000443106e+03 5.944472104102339616e-01
5.549600000000443288e+03 4.492952519522733223e-01
5.550400000000443470e+03 7.030074866384550258e-01
5.551200000000443652e+03 1.050775547345865535e+00
5.552000000000443833e+03 1.275311934056186924e+00
5.552800000000444015e+03 1.290611202479564401e+00
5.553600000000444197e+03 1.153378380322064078e+00
5.554400000000444379e+03 1.053545051054185500e+00
5.555200000000444561e+03 1.115268204085815062e+00
5.556000000000444743e+03 1.122304042199094631e+00
5.556800000000444925e+03 7.602720529523869786e-01
5.557600000000445107e+03 2.994466465141275568e-01
5.558400000000445289e+03 6.659490494910672020e-02
5.559200000000445471e+03 1.030471736982502273e-02
5.560000000000445652e+03 -9.493421378707603275e-02
5.560800000000445834e+03 -2.381421012624020395e-01
5.561600000000446016e+03 -1.103384168707095131e-01
5.562400000000446198e+03 2.686194940431808065e-01
5.563200000000446380e+03 5.363139510491790052e-01
5.564000000000446562e+03 5.317473368118353916e-01
5.564800000000446744e+03 4.914479551342724739e-01
5.565600000000446926e+03 4.555111441951459339e-01
5.566400000000447108e+03 3.943362573714735975e-01
5.567200000000447289e+03 4.881208946836000928e-01
5.568000000000447471e+03 8.195643412257301863e-01
5.568800000000447653e+03 1.150905548557129121e+00
5.569600000000447835e+03 1.273446390496072445e+00
5.570400000000448017e+03 1.089359651087154157e+00
5.571200000000448199e+03 6.466958967890190646e-01
5.572000000000448381e+03 1.853485340740919918e-01
5.572800000000448563e+03 3.371347086620926636e-02
5.573600000000448745e+03 1.728933753591949118e-01
5.574400000000448927e+03 3.437246350924043625e-01
5.575200000000449108e+03 6.222177466166405324e-01
5.576000000000449290e+03 1.137012042332381956e+00
5.576800000000449472e+03 1.475951599325299179e+00
5.577600000000449654e+03 1.466258117642186498e+00
5.578400000000449836e+03 2.120230555751701829e+00
5.579200000000450018e+03 2.976289909501091735e+00
5.580000000000450200e+03 2.037482298086705335e+00
5.580800000000450382e+03 7.539996130886099657e-01
5.581600000000450564e+03 4.777317822833841987e-01
5.582400000000450746e+03 6.900632526458726490e-01
5.583200000000450927e+03 8.227770722614884402e-01
5.584000000000451109e+03 9.421062026185484939e-01
5.584800000000451291e+03 1.198430788472345077e+00
5.585600000000451473e+03 1.542291441773868677e+00
5.586400000000451655e+03 1.961993873808444588e+00
5.587200000000451837e+03 2.372433351449279915e+00
5.588000000000452019e+03 2.633633890793292132e+00
5.588800000000452201e+03 2.544715617023836973e+00
5.589600000000452383e+03 2.025805212879050909e+00
5.590400000000452565e+03 1.211376638397510863e+00
5.591200000000452746e+03 4.204043390905621846e-01
5.592000000000452928e+03 -2.701850825843442327e-02
5.592800000000453110e+03 -1.773901537360569602e-01
5.593600000000453292e+03 -1.525837102870050421e-01
5.594400000000453474e+03 1.656778426153992512e-01
5.595200000000453656e+03 8.466942305578514238e-01
5.596000000000453838e+03 1.450104457600518870e+00
5.596800000000454020e+03 1.565838998619301314e+00
5.597600000000454202e+03 1.395802457735142887e+00
5.598400000000454384e+03 1.410760460381511816e+00
5.599200000000454565e+03 1.798704368429316913e+00
5.600000000000454747e+03 2.218222919374087887e+00
5.600800000000454929e+03 2.359465722010846811e+00
5.601600000000455111e+03 2.019255759216459722e+00
5.602400000000455293e+03 1.249130214013797424e+00
5.603200000000455475e+03 5.018779934026219580e-01
5.604000000000455657e+03 2.262009698423268211e-01
5.604800000000455839e+03 3.691570122778914387e-01
5.605600000000456021e+03 6.128435505759276536e-01
5.606400000000456203e+03 7.009093181271007778e-01
5.607200000000456384e+03 5.763308482537554678e-01
5.608000000000456566e+03 4.455661230734359046e-01
5.608800000000456748e+03 3.681812064621126090e-01
5.609600000000456930e+03 2.777426023147488987e-01
5.610400000000457112e+03 1.142023597517115019e-01
5.611200000000457294e+03 -3.727510329354524060e-02
5.612000000000457476e+03 -5.207499976637260802e-02
5.612800000000457658e+03 6.900393507048477315e-02
5.613600000000457840e+03 3.355732986284345465e-01
5.614400000000458022e+03 7.403710859713024117e-01
5.615200000000458203e+03 9.407594299081021294e-01
5.616000000000458385e+03 9.232864977524343209e-01
5.616800000000458567e+03 1.214842719658888681e+00
5.617600000000458749e+03 1.825073153245731383e+00
5.618400000000458931e+03 2.410032883914057678e+00
5.619200000000459113e+03 2.846877445932562534e+00
5.620000000000459295e+03 3.125207624678953966e+00
5.620800000000459477e+03 3.259644119028635600e+00
5.621600000000459659e+03 3.285305873346371364e+00
5.622400000000459841e+03 3.316974074204567025e+00
5.623200000000460022e+03 3.429793030448934132e+00
5.624000000000460204e+03 3.316057470982658906e+00
5.624800000000460386e+03 3.045314169033511043e+00
5.625600000000460568e+03 3.014405776035073536e+00
5.626400000000460750e+03 3.034443442037120686e+00
5.627200000000460932e+03 2.914192637619809734e+00
5.628000000000461114e+03 2.732577238113973461e+00
5.628800000000461296e+03 2.553490984943000974e+00
5.629600000000461478e+03 2.328118940885564925e+00
5.630400000000461660e+03 1.825560857216991906e+00
5.631200000000461841e+03 1.126165197578348653e+00
5.632000000000462023e+03 9.523781482494486639e-01
5.632800000000462205e+03 1.538237971613040989e+00
5.633600000000462387e+03 2.306083579431194686e+00
5.634400000000462569e+03 2.769189686753709800e+00
5.635200000000462751e+03 2.835710680549285989e+00
5.636000000000462933e+03 2.372350052252979680e+00
5.636800000000463115e+03 1.468375958496121125e+00
5.637600000000463297e+03 6.531315415931728818e-01
5.638400000000463479e+03 1.951832291451161550e-01
5.639200000000463660e+03 1.378669380378980472e-02
5.640000000000463842e+03 -2.441235736479134208e-02
5.640800000000464024e+03 7.142207580803611178e-02
5.641600000000464206e+03 3.031357012262478334e-01
5.642400000000464388e+03 5.897477449385324366e-01
5.643200000000464570e+03 9.382755866828237368e-01
5.644000000000464752e+03 1.084948662695127908e+00
5.644800000000464934e+03 9.112356012005047301e-01
5.645600000000465116e+03 7.234154561212051693e-01
5.646400000000465297e+03 8.107098707100672819e-01
5.647200000000465479e+03 1.047597937277480629e+00
5.648000000000465661e+03 1.105449040198761779e+00
5.648800000000465843e+03 1.168948797667955120e+00
5.649600000000466025e+03 1.355885402248577343e+00
5.650400000000466207e+03 1.354391676658103449e+00
5.651200000000466389e+03 1.243878126383156868e+00
5.652000000000466571e+03 1.465293861274272746e+00
5.652800000000466753e+03 2.020288962747324391e+00
5.653600000000466935e+03 2.455460113432710756e+00
5.654400000000467116e+03 2.601467354850900193e+00
5.655200000000467298e+03 2.516671516634398920e+00
5.656000000000467480e+03 2.180539465386205578e+00
5.656800000000467662e+03 1.685806478564613631e+00
5.657600000000467844e+03 1.420927521180416875e+00
5.658400000000468026e+03 1.632422643102258597e+00
5.659200000000468208e+03 1.806265069247703581e+00
5.660000000000468390e+03 1.663880943292496140e+00
5.660800000000468572e+03 1.558574476315526702e+00
5.661600000000468754e+03 1.561327041639376967e+00
5.662400000000468935e+03 1.482998440561873466e+00
5.663200000000469117e+03 1.481914908850176404e+00
5.664000000000469299e+03 1.709443982056739975e+00
5.664800000000469481e+03 1.952969892325638224e+00
5.665600000000469663e+03 1.726031093076327849e+00
5.666400000000469845e+03 1.012882070228752873e+00
5.667200000000470027e+03 4.859319162898085853e-01
5.668000000000470209e+03 4.708093223431194518e-01
5.668800000000470391e+03 6.406263703034487111e-01
5.669600000000470573e+03 6.268017641217193958e-01
5.670400000000470754e+03 3.661428994824686978e-01
5.671200000000470936e+03 1.174547693591778130e-01
5.672000000000471118e+03 2.824517530756775335e-02
5.672800000000471300e+03 2.572833656558529483e-02
5.673600000000471482e+03 1.022080364632664828e-01
5.674400000000471664e+03 1.483875549737205257e-01
5.675200000000471846e+03 7.727333181593071254e-02
5.676000000000472028e+03 9.056801909566852826e-02
5.676800000000472210e+03 2.326622127349577962e-01
5.677600000000472392e+03 4.267612855296866181e-01
5.678400000000472573e+03 8.743880723976341640e-01
5.679200000000472755e+03 1.663202670150378371e+00
5.680000000000472937e+03 2.316768573260608477e+00
5.680800000000473119e+03 2.753000356267439663e+00
5.681600000000473301e+03 3.185989435213150145e+00
5.682400000000473483e+03 3.323208441139843039e+00
5.683200000000473665e+03 2.804892831643967632e+00
5.684000000000473847e+03 1.929035896387525151e+00
5.684800000000474029e+03 1.642163161563966689e+00
5.685600000000474211e+03 2.343215557073807354e+00
5.686400000000474392e+03 3.396409811319722749e+00
5.687200000000474574e+03 4.137243762858118679e+00
5.688000000000474756e+03 4.500964655276455950e+00
5.688800000000474938e+03 4.525723057578510122e+00
5.689600000000475120e+03 3.915120438736440001e+00
5.690400000000475302e+03 2.742121952586058065e+00
5.691200000000475484e+03 1.491761755694452685e+00
5.692000000000475666e+03 5.802869696074510752e-01
5.692800000000475848e+03 2.155374640017314325e-01
5.693600000000476030e+03 2.366376316564154925e-01
5.694400000000476211e+03 3.031020243656318280e-01
5.695200000000476393e+03 6.618934453495801673e-01
5.696000000000476575e+03 1.502214511225351101e+00
5.696800000000476757e+03 2.471758392537525939e+00
5.697600000000476939e+03 3.232381891734904755e+00
5.698400000000477121e+03 3.387393159728791403e+00
5.699200000000477303e+03 2.659096311179880878e+00
5.700000000000477485e+03 1.664285328832788569e+00
5.700800000000477667e+03 1.400688386877920077e+00
5.701600000000477849e+03 1.998849254912105522e+00
5.702400000000478030e+03 2.691683657007869268e+00
5.703200000000478212e+03 2.613426896539952082e+00
5.704000000000478394e+03 1.703814371042377651e+00
5.704800000000478576e+03 7.324825543697343067e-01
5.705600000000478758e+03 1.032822565611215271e-01
5.706400000000478940e+03 -2.235802014654169334e-01
5.707200000000479122e+03 -2.022678407565485503e-01
5.708000000000479304e+03 -3.323620859061829358e-02
5.708800000000479486e+03 2.663641164035672748e-01
5.709600000000479668e+03 1.034197967670016371e+00
5.710400000000479849e+03 2.313085208916630720e+00
5.711200000000480031e+03 3.546089461084533045e+00
5.712000000000480213e+03 4.272914557915055589e+00
5.712800000000480395e+03 4.698553413256006728e+00
5.713600000000480577e+03 5.185325036500040952e+00
5.714400000000480759e+03 5.566657717586103615e+00
5.715200000000480941e+03 5.725324847156311847e+00
5.716000000000481123e+03 5.742578912432247940e+00
5.716800000000481305e+03 5.693829925183736762e+00
5.717600000000481486e+03 5.364465927074943075e+00
5.718400000000481668e+03 4.943665252578798075e+00
5.719200000000481850e+03 4.916926272565227407e+00
5.720000000000482032e+03 4.981090304478949626e+00
5.720800000000482214e+03 4.884716622357260007e+00
5.721600000000482396e+03 5.058034858607872941e+00
5.722400000000482578e+03 5.539810413452915583e+00
5.723200000000482760e+03 5.960196152135146974e+00
5.724000000000482942e+03 6.170771305458368161e+00
5.724800000000483124e+03 6.176450368239228439e+00
5.725600000000483305e+03 6.147870389098647692e+00
5.726400000000483487e+03 6.093343463565811469e+00
5.727200000000483669e+03 5.697064058352551363e+00
5.728000000000483851e+03 4.976749511049970209e+00
5.728800000000484033e+03 4.555930444084419939e+00
5.729600000000484215e+03 4.857789932618119977e+00
5.730400000000484397e+03 5.471496163430012771e+00
5.731200000000484579e+03 5.717243725490524398e+00
5.732000000000484761e+03 5.449218246065605342e+00
5.732800000000484943e+03 4.699876051084177497e+00
5.733600000000485124e+03 3.288742517695989243e+00
5.734400000000485306e+03 1.787788481562067044e+00
5.735200000000485488e+03 1.210563884293458292e+00
5.736000000000485670e+03 1.783427382876439760e+00
5.736800000000485852e+03 3.063642353721854672e+00
5.737600000000486034e+03 4.117240537486638985e+00
5.738400000000486216e+03 4.544162278528538934e+00
5.739200000000486398e+03 4.730016394348519171e+00
5.740000000000486580e+03 4.813232939945008226e+00
5.740800000000486762e+03 4.769792439076116608e+00
5.741600000000486943e+03 4.675263378657078306e+00
5.742400000000487125e+03 4.661846086995208083e+00
5.743200000000487307e+03 4.616388926298657935e+00
5.744000000000487489e+03 4.264146489260969730e+00
5.744800000000487671e+03 3.913567120409216837e+00
5.745600000000487853e+03 3.873186121826582617e+00
5.746400000000488035e+03 3.943132825117191764e+00
5.747200000000488217e+03 4.028696085060973431e+00
5.748000000000488399e+03 4.138816285323009936e+00
5.748800000000488581e+03 4.313129341924955007e+00
5.749600000000488762e+03 4.439289437258910453e+00
5.750400000000488944e+03 4.372703668266817445e+00
5.751200000000489126e+03 4.212273930757344687e+00
5.752000000000489308e+03 4.190650181986789846e+00
5.752800000000489490e+03 4.201271413725535808e+00
5.753600000000489672e+03 4.091254612390412326e+00
5.754400000000489854e+03 4.009385930833930800e+00
5.755200000000490036e+03 3.919444164546993292e+00
5.756000000000490218e+03 3.663704195859885715e+00
5.756800000000490400e+03 3.600471981591342630e+00
5.757600000000490581e+03 3.848636190956645109e+00
5.758400000000490763e+03 4.136322832746696321e+00
5.759200000000490945e+03 4.218302255505925302e+00
5.760000000000491127e+03 4.154414974739370159e+00
5.760800000000491309e+03 4.014698040649781419e+00
5.761600000000491491e+03 3.865222886899500665e+00
5.762400000000491673e+03 3.743087064062022851e+00
5.763200000000491855e+03 3.691746855471786493e+00
5.764000000000492037e+03 3.722590079533300234e+00
5.764800000000492219e+03 3.809927045162923687e+00
5.765600000000492400e+03 3.922514948784055377e+00
5.766400000000492582e+03 3.890052743525847845e+00
5.767200000000492764e+03 3.792509593390282596e+00
5.768000000000492946e+03 3.823868441275859009e+00
5.768800000000493128e+03 3.939477105140815283e+00
5.769600000000493310e+03 3.979824202907872532e+00
5.770400000000493492e+03 3.896534004735010548e+00
5.771200000000493674e+03 3.823705590330066073e+00
5.772000000000493856e+03 3.809898729232868320e+00
5.772800000000494038e+03 3.822310284612461917e+00
5.773600000000494219e+03 3.740617077932622436e+00
5.774400000000494401e+03 3.582618680996614291e+00
5.775200000000494583e+03 3.555458372167478398e+00
5.776000000000494765e+03 3.755526302557491203e+00
5.776800000000494947e+03 3.972319174391993446e+00
5.777600000000495129e+03 3.960627467085019227e+00
5.778400000000495311e+03 3.906745636660564180e+00
5.779200000000495493e+03 3.931330243937559477e+00
5.780000000000495675e+03 3.869878605689028639e+00
5.780800000000495857e+03 3.830310030599691995e+00
5.781600000000496038e+03 3.798690133600181706e+00
5.782400000000496220e+03 3.685594860189356226e+00
5.783200000000496402e+03 3.589322866872038276e+00
5.784000000000496584e+03 3.662465689371602551e+00
5.784800000000496766e+03 3.788672143222033384e+00
5.785600000000496948e+03 3.853730521636021145e+00
5.786400000000497130e+03 3.895220273235529440e+00
5.787200000000497312e+03 3.822312326103408875e+00
5.788000000000497494e+03 3.632079217682796290e+00
5.788800000000497676e+03 3.546833397458368786e+00
5.789600000000497857e+03 3.689388726724554424e+00
5.790400000000498039e+03 3.737745410606863494e+00
5.791200000000498221e+03 3.644306419908287520e+00
5.792000000000498403e+03 3.653372522746965778e+00
5.792800000000498585e+03 3.718886666564735322e+00
5.793600000000498767e+03 3.729606557396465405e+00
5.794400000000498949e+03 3.621303809692695275e+00
5.795200000000499131e+03 3.568018050938100316e+00
5.796000000000499313e+03 3.747987746430549993e+00
5.796800000000499494e+03 3.855412088949027538e+00
5.797600000000499676e+03 3.781284690101188950e+00
5.798400000000499858e+03 3.778207276031502637e+00
5.799200000000500040e+03 3.784148835898468732e+00
5.800000000000500222e+03 3.659866006616304457e+00
5.800800000000009277e+03 3.546617603793031481e+00
5.801600000000009459e+03 3.642325749577582705e+00
5.802400000000009641e+03 3.851111964612268679e+00
5.803200000000009823e+03 3.889800373914631848e+00
5.804000000000010004e+03 3.821186185018675907e+00
5.804800000000010186e+03 3.726090919057112316e+00
5.805600000000010368e+03 3.536548010762857075e+00
5.806400000000010550e+03 3.188481213981159801e+00
5.807200000000010732e+03 2.639721015146236027e+00
5.808000000000010914e+03 2.414096845853133111e+00
5.808800000000011096e+03 2.730964451743684407e+00
5.809600000000011278e+03 3.055693179378835556e+00
5.810400000000011460e+03 3.218934401266603906e+00
5.811200000000011642e+03 3.390096923873569423e+00
5.812000000000011823e+03 3.540670761637739972e+00
5.812800000000012005e+03 3.613113082528029540e+00
5.813600000000012187e+03 3.629322619116996052e+00
5.814400000000012369e+03 3.598524429047869955e+00
5.815200000000012551e+03 3.580816192865664327e+00
5.816000000000012733e+03 3.524113269856389508e+00
5.816800000000012915e+03 3.469635402416849423e+00
5.817600000000013097e+03 3.424796465138756574e+00
5.818400000000013279e+03 3.331859885780934505e+00
5.819200000000013461e+03 3.294355767341129670e+00
5.820000000000013642e+03 3.381602067217084340e+00
5.820800000000013824e+03 3.502582970602988954e+00
5.821600000000014006e+03 3.473254074181701512e+00
5.822400000000014188e+03 3.392478032203081639e+00
5.823200000000014370e+03 3.345537285112358816e+00
5.824000000000014552e+03 3.418671147351130202e+00
5.824800000000014734e+03 3.444906894643508188e+00
5.825600000000014916e+03 3.253229549564148115e+00
5.826400000000015098e+03 3.051549790540192042e+00
5.827200000000015280e+03 3.014816437076833999e+00
5.828000000000015461e+03 3.112217851385005840e+00
5.828800000000015643e+03 3.135867637403275232e+00
5.829600000000015825e+03 3.002139518155263254e+00
5.830400000000016007e+03 2.951014135795420934e+00
5.831200000000016189e+03 3.097292998920151419e+00
5.832000000000016371e+03 3.228948786457316089e+00
5.832800000000016553e+03 3.148781960372540656e+00
5.833600000000016735e+03 3.067019647739991584e+00
5.834400000000016917e+03 3.157798951909015273e+00
5.835200000000017099e+03 3.269607442111805540e+00
5.836000000000017280e+03 3.254558692015109500e+00
5.836800000000017462e+03 3.171053664502465175e+00
5.837600000000017644e+03 3.148219393306970648e+00
5.838400000000017826e+03 3.105821767616756546e+00
5.839200000000018008e+03 2.920205569162809045e+00
5.840000000000018190e+03 2.799433150407688586e+00
5.840800000000018372e+03 2.796524202891720101e+00
5.841600000000018554e+03 2.859915419849998308e+00
5.842400000000018736e+03 2.888874102581885595e+00
5.843200000000018917e+03 2.860309568149070003e+00
5.844000000000019099e+03 2.859594452318342306e+00
5.844800000000019281e+03 2.906379718035161375e+00
5.845600000000019463e+03 2.960505831234469643e+00
5.846400000000019645e+03 2.962488996649515371e+00
5.847200000000019827e+03 2.864203866519823727e+00
5.848000000000020009e+03 2.820526939633072772e+00
5.848800000000020191e+03 2.773495046488916316e+00
5.849600000000020373e+03 2.719591739615589532e+00
5.850400000000020555e+03 2.671607462978441205e+00
5.851200000000020736e+03 2.642267060318074456e+00
5.852000000000020918e+03 2.684769862116183958e+00
5.852800000000021100e+03 2.709035280204532548e+00
5.853600000000021282e+03 2.669066061194853123e+00
5.854400000000021464e+03 2.584679603026513561e+00
5.855200000000021646e+03 2.422885773742386117e+00
5.856000000000021828e+03 2.261667468737114994e+00
5.856800000000022010e+03 2.288275150107494493e+00
5.857600000000022192e+03 2.343649942045117118e+00
5.858400000000022374e+03 2.353182150614928858e+00
5.859200000000022555e+03 2.412151926875103491e+00
5.860000000000022737e+03 2.359116328819577113e+00
5.860800000000022919e+03 2.223544600445186425e+00
5.861600000000023101e+03 2.216225325524293410e+00
5.862400000000023283e+03 2.278195159202812459e+00
5.863200000000023465e+03 2.287588522126061008e+00
5.864000000000023647e+03 2.256861580896081687e+00
5.864800000000023829e+03 2.257164305744387534e+00
5.865600000000024011e+03 2.356360174898983750e+00
5.866400000000024193e+03 2.431862099184412429e+00
5.867200000000024374e+03 2.303762921598839775e+00
5.868000000000024556e+03 2.142498231759751626e+00
5.868800000000024738e+03 2.029431776037301738e+00
5.869600000000024920e+03 2.095169192041886230e+00
5.870400000000025102e+03 2.325437578917028958e+00
5.871200000000025284e+03 2.461613250002212983e+00
5.872000000000025466e+03 2.432841102035308456e+00
5.872800000000025648e+03 2.393525557632940171e+00
5.873600000000025830e+03 2.433324118275106862e+00
5.874400000000026012e+03 2.452113409796464083e+00
5.875200000000026193e+03 2.361164400324311075e+00
5.876000000000026375e+03 2.311880785705658692e+00
5.876800000000026557e+03 2.372622129479996289e+00
5.877600000000026739e+03 2.418525673410102605e+00
5.878400000000026921e+03 2.413883451418177728e+00
5.879200000000027103e+03 2.390996858227866007e+00
5.880000000000027285e+03 2.410001158310272729e+00
5.880800000000027467e+03 2.405238997891214758e+00
5.881600000000027649e+03 2.399953340068361918e+00
5.882400000000027831e+03 2.446747800577668386e+00
5.883200000000028012e+03 2.445868659667402412e+00
5.884000000000028194e+03 2.426165098152687882e+00
5.884800000000028376e+03 2.481400754430756361e+00
5.885600000000028558e+03 2.602301014825882497e+00
5.886400000000028740e+03 2.615495599568694818e+00
5.887200000000028922e+03 2.515430768211909918e+00
5.888000000000029104e+03 2.410517710046548245e+00
5.888800000000029286e+03 2.352940738614310856e+00
5.889600000000029468e+03 2.319189541910453567e+00
5.890400000000029650e+03 2.294695804779093073e+00
5.891200000000029831e+03 2.323066060340368999e+00
5.892000000000030013e+03 2.329110670367224412e+00
5.892800000000030195e+03 2.304646628207922987e+00
5.893600000000030377e+03 2.309596486519574832e+00
5.894400000000030559e+03 2.360515583836058084e+00
5.895200000000030741e+03 2.395083478974069369e+00
5.896000000000030923e+03 2.355379005443311691e+00
5.896800000000031105e+03 2.226699490864569420e+00
5.897600000000031287e+03 2.138691892507414760e+00
5.898400000000031469e+03 2.040812628239211168e+00
5.899200000000031650e+03 1.956412750933844480e+00
5.900000000000031832e+03 2.107306357109556938e+00
5.900800000000032014e+03 2.216392680711551044e+00
5.901600000000032196e+03 2.141489289515098093e+00
5.902400000000032378e+03 2.102940248946495672e+00
5.903200000000032560e+03 2.216145685242858931e+00
5.904000000000032742e+03 2.348395314150320434e+00
5.904800000000032924e+03 2.364010579106149201e+00
5.905600000000033106e+03 2.334097595585955087e+00
5.906400000000033288e+03 2.394153615260643964e+00
5.907200000000033469e+03 2.420936974075923231e+00
5.908000000000033651e+03 2.321332897287581964e+00
5.908800000000033833e+03 2.207302613985181239e+00
5.909600000000034015e+03 2.159392601867337280e+00
5.910400000000034197e+03 2.163640814313467331e+00
5.911200000000034379e+03 2.160102215734317266e+00
5.912000000000034561e+03 2.157377213663836280e+00
5.912800000000034743e+03 2.195218155547148609e+00
5.913600000000034925e+03 2.197507634689836564e+00
5.914400000000035106e+03 2.204274383001921578e+00
5.915200000000035288e+03 2.211891437288772355e+00
5.916000000000035470e+03 2.208563437874429880e+00
5.916800000000035652e+03 2.187676074364525824e+00
5.917600000000035834e+03 2.126865594608108090e+00
5.918400000000036016e+03 2.040685662739293083e+00
5.919200000000036198e+03 1.977486359697342877e+00
5.920000000000036380e+03 2.071724613377532886e+00
5.920800000000036562e+03 2.224099785659616746e+00
5.921600000000036744e+03 2.292997782101870108e+00
5.922400000000036925e+03 2.254978347572624386e+00
5.923200000000037107e+03 2.218626871078355212e+00
5.924000000000037289e+03 2.210816902129759676e+00
5.924800000000037471e+03 2.148945038492303006e+00
5.925600000000037653e+03 2.122887975831887264e+00
5.926400000000037835e+03 2.125511275341568140e+00
5.927200000000038017e+03 2.099865578544808820e+00
5.928000000000038199e+03 2.109174443958683032e+00
5.928800000000038381e+03 2.133587739719549958e+00
5.929600000000038563e+03 2.187906328963694413e+00
5.930400000000038744e+03 2.245851039463353516e+00
5.931200000000038926e+03 2.172027437302643360e+00
5.932000000000039108e+03 2.046345905506442353e+00
5.932800000000039290e+03 2.108412367263693632e+00
5.933600000000039472e+03 2.215263727607828859e+00
5.934400000000039654e+03 2.246827417237753366e+00
5.935200000000039836e+03 2.295403958939060018e+00
5.936000000000040018e+03 2.300089516724415972e+00
5.936800000000040200e+03 2.249219597546484373e+00
5.937600000000040382e+03 2.207581124807073358e+00
5.938400000000040563e+03 2.228263173990745916e+00
5.939200000000040745e+03 2.289024444498550359e+00
5.940000000000040927e+03 2.270091278079064523e+00
5.940800000000041109e+03 2.170405128493130942e+00
5.941600000000041291e+03 2.139824757517250653e+00
5.942400000000041473e+03 2.199827062004940714e+00
5.943200000000041655e+03 2.220564241850700782e+00
5.944000000000041837e+03 2.255989571982524033e+00
5.944800000000042019e+03 2.220663342010846364e+00
5.945600000000042201e+03 2.136256259875303876e+00
5.946400000000042382e+03 2.132278498423278101e+00
5.947200000000042564e+03 2.106871473290297558e+00
5.948000000000042746e+03 2.033565711034449830e+00
5.948800000000042928e+03 2.006329231328331630e+00
5.949600000000043110e+03 1.995273534615112920e+00
5.950400000000043292e+03 2.002129653180689139e+00
5.951200000000043474e+03 2.159663370358592349e+00
5.952000000000043656e+03 2.243952243816616843e+00
5.952800000000043838e+03 2.112442373478536251e+00
5.953600000000044020e+03 1.996140526914509383e+00
5.954400000000044201e+03 1.962562268500925633e+00
5.955200000000044383e+03 1.862744309663987519e+00
5.956000000000044565e+03 1.707501601355940757e+00
5.956800000000044747e+03 1.704920967141573040e+00
5.957600000000044929e+03 1.784095982721686680e+00
5.958400000000045111e+03 1.767128074626712841e+00
5.959200000000045293e+03 1.809688975023232782e+00
5.960000000000045475e+03 1.890728015452723287e+00
5.960800000000045657e+03 1.935648790016647247e+00
5.961600000000045839e+03 1.893376009770725510e+00
5.962400000000046020e+03 1.855395071145877095e+00
5.963200000000046202e+03 1.866635597312521266e+00
5.964000000000046384e+03 1.832202831598009674e+00
5.964800000000046566e+03 1.722666150635340010e+00
5.965600000000046748e+03 1.653410715220696048e+00
5.966400000000046930e+03 1.644749441345262575e+00
5.967200000000047112e+03 1.651316900686940592e+00
5.968000000000047294e+03 1.692588770071083104e+00
5.968800000000047476e+03 1.677982397202814724e+00
5.969600000000047658e+03 1.547076914935548997e+00
5.970400000000047839e+03 1.407039651102834243e+00
5.971200000000048021e+03 1.351370133709146604e+00
5.972000000000048203e+03 1.351311450250544111e+00
5.972800000000048385e+03 1.453649003440504295e+00
5.973600000000048567e+03 1.615549196930900600e+00
5.974400000000048749e+03 1.641792347653413531e+00
5.975200000000048931e+03 1.640355987703372653e+00
5.976000000000049113e+03 1.679684733877068403e+00
5.976800000000049295e+03 1.634312452220512579e+00
5.977600000000049477e+03 1.570488319600364058e+00
5.978400000000049658e+03 1.596788825614851248e+00
5.979200000000049840e+03 1.586521418920516346e+00
5.980000000000050022e+03 1.536750711283777049e+00
5.980800000000050204e+03 1.516299337675132364e+00
5.981600000000050386e+03 1.522673171123343661e+00
5.982400000000050568e+03 1.562472125447107452e+00
5.983200000000050750e+03 1.596288372484724327e+00
5.984000000000050932e+03 1.564111728740082086e+00
5.984800000000051114e+03 1.526872598711227713e+00
5.985600000000051296e+03 1.510383766977481113e+00
5.986400000000051477e+03 1.461616212741836174e+00
5.987200000000051659e+03 1.419393242677845723e+00
5.988000000000051841e+03 1.405278711626769317e+00
5.988800000000052023e+03 1.360760299411460927e+00
5.989600000000052205e+03 1.361799671067651651e+00
5.990400000000052387e+03 1.460960337500995854e+00
5.991200000000052569e+03 1.599635592321020816e+00
5.992000000000052751e+03 1.643235566178558482e+00
5.992800000000052933e+03 1.585763264747266144e+00
5.993600000000053114e+03 1.534493552386016813e+00
5.994400000000053296e+03 1.513383353760348493e+00
5.995200000000053478e+03 1.534197928380202303e+00
5.996000000000053660e+03 1.521853634365500696e+00
5.996800000000053842e+03 1.505233638948889840e+00
5.997600000000054024e+03 1.549591355799622594e+00
5.998400000000054206e+03 1.558236355090436120e+00
5.999200000000054388e+03 1.548273541125866348e+00
6.000000000000054570e+03 1.585206494776169928e+00
6.000800000000054752e+03 1.614850828334638111e+00
6.001600000000054933e+03 1.578221417851018993e+00
6.002400000000055115e+03 1.508582098477754929e+00
6.003200000000055297e+03 1.523122691915120175e+00
6.004000000000055479e+03 1.573810719759188181e+00
6.004800000000055661e+03 1.547316637346205059e+00
6.005600000000055843e+03 1.441978074700034140e+00
6.006400000000056025e+03 1.326365230563294251e+00
6.007200000000056207e+03 1.279438240301032703e+00
6.008000000000056389e+03 1.330179533828415028e+00
6.008800000000056571e+03 1.461168105353683133e+00
6.009600000000056752e+03 1.608563950189208391e+00
6.010400000000056934e+03 1.601659961257385856e+00
6.011200000000057116e+03 1.457140226603475863e+00
6.012000000000057298e+03 1.386992141066210049e+00
6.012800000000057480e+03 1.396811205220101382e+00
6.013600000000057662e+03 1.340830931848016938e+00
6.014400000000057844e+03 1.216107439525923262e+00
6.015200000000058026e+03 1.200065498034693867e+00
6.016000000000058208e+03 1.290389386548597139e+00
6.016800000000058390e+03 1.319247929128853469e+00
6.017600000000058571e+03 1.308457744613035434e+00
6.018400000000058753e+03 1.388378073788105738e+00
6.019200000000058935e+03 1.481457760063078499e+00
6.020000000000059117e+03 1.476202867923502637e+00
6.020800000000059299e+03 1.482038343436161476e+00
6.021600000000059481e+03 1.509282488320975224e+00
6.022400000000059663e+03 1.528042671419674203e+00
6.023200000000059845e+03 1.563375598829691793e+00
6.024000000000060027e+03 1.523520215648532128e+00
6.024800000000060209e+03 1.391591373139853705e+00
6.025600000000060390e+03 1.337444786081724235e+00
6.026400000000060572e+03 1.410670163388307419e+00
6.027200000000060754e+03 1.486923630177852562e+00
6.028000000000060936e+03 1.484686853843711907e+00
6.028800000000061118e+03 1.495195116820332348e+00
6.029600000000061300e+03 1.524737494798341420e+00
6.030400000000061482e+03 1.537555254481201672e+00
6.031200000000061664e+03 1.572632397334574605e+00
6.032000000000061846e+03 1.549684478149017774e+00
6.032800000000062028e+03 1.506064284462242941e+00
6.033600000000062209e+03 1.516551493238663451e+00
6.034400000000062391e+03 1.508489822370277622e+00
6.035200000000062573e+03 1.518194822439108194e+00
6.036000000000062755e+03 1.568949340439731666e+00
6.036800000000062937e+03 1.577225680847260225e+00
6.037600000000063119e+03 1.457255248912592727e+00
6.038400000000063301e+03 1.355601715678995900e+00
6.039200000000063483e+03 1.321852872156729308e+00
6.040000000000063665e+03 1.293630025430587693e+00
6.040800000000063847e+03 1.387757826273896544e+00
6.041600000000064028e+03 1.506816627724653301e+00
6.042400000000064210e+03 1.510863453454718286e+00
6.043200000000064392e+03 1.550776072885587942e+00
6.044000000000064574e+03 1.676131995834187371e+00
6.044800000000064756e+03 1.650240285757345493e+00
6.045600000000064938e+03 1.393263823549824920e+00
6.046400000000065120e+03 1.248776405254715449e+00
6.047200000000065302e+03 1.279109426470171229e+00
6.048000000000065484e+03 1.340966503945250743e+00
6.048800000000065666e+03 1.445299536148822783e+00
6.049600000000065847e+03 1.497088426993674171e+00
6.050400000000066029e+03 1.452465164879126025e+00
6.051200000000066211e+03 1.378177149670357871e+00
6.052000000000066393e+03 1.397249426451490528e+00
6.052800000000066575e+03 1.498475419157344612e+00
6.053600000000066757e+03 1.552477843703538252e+00
6.054400000000066939e+03 1.517472975839882388e+00
6.055200000000067121e+03 1.477306195387815713e+00
6.056000000000067303e+03 1.450434959541993418e+00
6.056800000000067485e+03 1.429824358164478060e+00
6.057600000000067666e+03 1.413060744060067320e+00
6.058400000000067848e+03 1.463704824951912897e+00
6.059200000000068030e+03 1.556904814863583120e+00
6.060000000000068212e+03 1.534808296659424087e+00
6.060800000000068394e+03 1.440200500215141677e+00
6.061600000000068576e+03 1.377153748103231656e+00
6.062400000000068758e+03 1.341644589358077955e+00
6.063200000000068940e+03 1.327481845756313117e+00
6.064000000000069122e+03 1.331675912175036336e+00
6.064800000000069303e+03 1.315212904105863334e+00
6.065600000000069485e+03 1.308082950084390905e+00
6.066400000000069667e+03 1.366890644338649485e+00
6.067200000000069849e+03 1.468949777754676056e+00
6.068000000000070031e+03 1.496512869609279317e+00
6.068800000000070213e+03 1.452960798739653114e+00
6.069600000000070395e+03 1.392992889896635056e+00
6.070400000000070577e+03 1.381835131547960227e+00
6.071200000000070759e+03 1.483951549314239671e+00
6.072000000000070941e+03 1.525316513692739795e+00
6.072800000000071122e+03 1.451875256833890404e+00
6.073600000000071304e+03 1.327121990352206460e+00
6.074400000000071486e+03 1.225643761368444995e+00
6.075200000000071668e+03 1.215384857353124737e+00
6.076000000000071850e+03 1.294421360639545382e+00
6.076800000000072032e+03 1.397093435667201344e+00
6.077600000000072214e+03 1.447240263442260311e+00
6.078400000000072396e+03 1.470156924654602904e+00
6.079200000000072578e+03 1.476423947326379604e+00
6.080000000000072760e+03 1.460739121662456785e+00
6.080800000000072941e+03 1.492373265524558956e+00
6.081600000000073123e+03 1.581033033567659896e+00
6.082400000000073305e+03 1.641214227464479203e+00
6.083200000000073487e+03 1.608896132467787066e+00
6.084000000000073669e+03 1.529227341193959422e+00
6.084800000000073851e+03 1.530882985342731040e+00
6.085600000000074033e+03 1.578711606241329335e+00
6.086400000000074215e+03 1.552520706922100757e+00
6.087200000000074397e+03 1.460044518252257673e+00
6.088000000000074579e+03 1.423614157551530646e+00
6.088800000000074760e+03 1.522060832468843827e+00
6.089600000000074942e+03 1.601508751588137880e+00
6.090400000000075124e+03 1.553334513318707533e+00
6.091200000000075306e+03 1.441710887284848752e+00
6.092000000000075488e+03 1.434986640560241833e+00
6.092800000000075670e+03 1.531743866106242358e+00
6.093600000000075852e+03 1.622656096756844413e+00
6.094400000000076034e+03 1.612117919638884178e+00
6.095200000000076216e+03 1.615676553667854787e+00
6.096000000000076398e+03 1.744054002041595552e+00
6.096800000000076579e+03 1.831521700511091977e+00
6.097600000000076761e+03 1.793813899683885937e+00
6.098400000000076943e+03 1.801176672940174583e+00
6.099200000000077125e+03 1.806718682564976364e+00
6.100000000000077307e+03 1.750076001645774149e+00
6.100800000000077489e+03 1.735824848372186757e+00
6.101600000000077671e+03 1.739374490873448309e+00
6.102400000000077853e+03 1.669701063626262583e+00
6.103200000000078035e+03 1.628990541578695384e+00
6.104000000000078217e+03 1.575940112238312540e+00
6.104800000000078398e+03 1.525429893945681403e+00
6.105600000000078580e+03 1.606742944901104142e+00
6.106400000000078762e+03 1.656906036629380630e+00
6.107200000000078944e+03 1.671150243587166795e+00
6.108000000000079126e+03 1.715369330322424446e+00
6.108800000000079308e+03 1.682627496084430074e+00
6.109600000000079490e+03 1.536346531709736452e+00
6.110400000000079672e+03 1.416390811841673258e+00
6.111200000000079854e+03 1.507225242845843916e+00
6.112000000000080036e+03 1.633493703973615263e+00
6.112800000000080217e+03 1.636144055779730211e+00
6.113600000000080399e+03 1.601167163257922521e+00
6.114400000000080581e+03 1.651817264950457442e+00
6.115200000000080763e+03 1.775002974021846480e+00
6.116000000000080945e+03 1.772409411931026746e+00
6.116800000000081127e+03 1.673683129093020971e+00
6.117600000000081309e+03 1.686262260806605795e+00
6.118400000000081491e+03 1.770933474804918806e+00
6.119200000000081673e+03 1.841866220972576684e+00
6.120000000000081855e+03 1.881657898548511731e+00
6.120800000000082036e+03 1.839964981572517866e+00
6.121600000000082218e+03 1.812289419140177493e+00
6.122400000000082400e+03 1.799677712807926655e+00
6.123200000000082582e+03 1.823971680410162222e+00
6.124000000000082764e+03 1.844025517682881699e+00
6.124800000000082946e+03 1.775020648915444088e+00
6.125600000000083128e+03 1.718095677402294852e+00
6.126400000000083310e+03 1.816906273097671498e+00
6.127200000000083492e+03 1.996418105526943432e+00
6.128000000000083674e+03 2.121143599786163847e+00
6.128800000000083855e+03 2.107271729047775377e+00
6.129600000000084037e+03 1.954742524316167351e+00
6.130400000000084219e+03 1.844659528312069252e+00
6.131200000000084401e+03 1.807415854382803388e+00
6.132000000000084583e+03 1.816730661856799989e+00
6.132800000000084765e+03 1.855228058235432353e+00
6.133600000000084947e+03 1.909844850148744833e+00
6.134400000000085129e+03 1.932402401518452439e+00
6.135200000000085311e+03 1.823524744896667382e+00
6.136000000000085493e+03 1.714318046307297116e+00
6.136800000000085674e+03 1.719959364252600986e+00
6.137600000000085856e+03 1.816214881849574247e+00
6.138400000000086038e+03 1.893440230312831485e+00
6.139200000000086220e+03 1.965298044518217324e+00
6.140000000000086402e+03 2.005513910730607474e+00
6.140800000000086584e+03 1.916802355848505002e+00
6.141600000000086766e+03 1.854146252971728970e+00
6.142400000000086948e+03 1.846374521578636463e+00
6.143200000000087130e+03 1.782571820026917164e+00
6.144000000000087311e+03 1.722661425380227929e+00
6.144800000000087493e+03 1.719834756725716840e+00
6.145600000000087675e+03 1.784071132001220361e+00
6.146400000000087857e+03 1.891924792118397924e+00
6.147200000000088039e+03 1.882904918870639044e+00
6.148000000000088221e+03 1.779251371140064153e+00
6.148800000000088403e+03 1.770502268403279622e+00
6.149600000000088585e+03 1.855233045347066234e+00
6.150400000000088767e+03 1.900101768508423383e+00
6.151200000000088949e+03 1.857159616463333940e+00
6.152000000000089130e+03 1.802626318597161159e+00
6.152800000000089312e+03 1.777982053534020501e+00
6.153600000000089494e+03 1.778774218853593769e+00
6.154400000000089676e+03 1.727481925711363164e+00
6.155200000000089858e+03 1.634608113679132391e+00
6.156000000000090040e+03 1.651318609780521696e+00
6.156800000000090222e+03 1.719365947279585249e+00
6.157600000000090404e+03 1.734848155687663152e+00
6.158400000000090586e+03 1.706173251468591889e+00
6.159200000000090768e+03 1.663876592957630240e+00
6.160000000000090949e+03 1.650118821150714066e+00
6.160800000000091131e+03 1.604591776824415783e+00
6.161600000000091313e+03 1.498391564747684868e+00
6.162400000000091495e+03 1.425776848858854917e+00
6.163200000000091677e+03 1.414318570402761210e+00
6.164000000000091859e+03 1.457313358201501874e+00
6.164800000000092041e+03 1.532511914162154376e+00
6.165600000000092223e+03 1.572136522396495373e+00
6.166400000000092405e+03 1.546404424357589402e+00
6.167200000000092587e+03 1.462868889141919038e+00
6.168000000000092768e+03 1.333990786572405884e+00
6.168800000000092950e+03 1.306853770044687391e+00
6.169600000000093132e+03 1.422182105749073333e+00
6.170400000000093314e+03 1.556153289637849380e+00
6.171200000000093496e+03 1.626513832343788879e+00
6.172000000000093678e+03 1.627139876534138718e+00
6.172800000000093860e+03 1.635559417782588731e+00
6.173600000000094042e+03 1.679740969641820625e+00
6.174400000000094224e+03 1.714278678942000367e+00
6.175200000000094406e+03 1.738999554052471197e+00
6.176000000000094587e+03 1.800142617547904500e+00
6.176800000000094769e+03 1.794999707692128021e+00
6.177600000000094951e+03 1.601667649567938501e+00
6.178400000000095133e+03 1.381716844398745980e+00
6.179200000000095315e+03 1.347067508994914231e+00
6.180000000000095497e+03 1.465277572839326581e+00
6.180800000000095679e+03 1.473621870271618617e+00
6.181600000000095861e+03 1.318550724826406784e+00
6.182400000000096043e+03 1.229554983908626831e+00
6.183200000000096225e+03 1.285686853825553477e+00
6.184000000000096406e+03 1.329596966479432707e+00
6.184800000000096588e+03 1.427823990625093353e+00
6.185600000000096770e+03 1.581408626830004494e+00
6.186400000000096952e+03 1.546267426453739491e+00
6.187200000000097134e+03 1.362024617751632638e+00
6.188000000000097316e+03 1.246933177832666217e+00
6.188800000000097498e+03 1.199415147759600009e+00
6.189600000000097680e+03 1.212107436653135917e+00
6.190400000000097862e+03 1.311810308792157098e+00
6.191200000000098044e+03 1.423155803845141509e+00
6.192000000000098225e+03 1.471059213662791798e+00
6.192800000000098407e+03 1.407540949360484905e+00
6.193600000000098589e+03 1.273290076361041079e+00
6.194400000000098771e+03 1.229530612235792519e+00
6.195200000000098953e+03 1.233537156378844202e+00
6.196000000000099135e+03 1.239868082199887755e+00
6.196800000000099317e+03 1.286778668222257727e+00
6.197600000000099499e+03 1.317394091757413399e+00
6.198400000000099681e+03 1.285571645773445404e+00
6.199200000000099863e+03 1.319846634242847871e+00
6.200000000000100044e+03 1.397979225363661371e+00
6.200800000000100226e+03 1.356890097674703810e+00
6.201600000000100408e+03 1.238866275833993225e+00
6.202400000000100590e+03 1.195728661425229378e+00
6.203200000000100772e+03 1.189381875789919718e+00
6.204000000000100954e+03 1.205265799540582439e+00
6.204800000000101136e+03 1.275782566285862840e+00
6.205600000000101318e+03 1.346009917764237507e+00
6.206400000000101500e+03 1.408961944197349769e+00
6.207200000000101682e+03 1.436037284401610714e+00
6.208000000000101863e+03 1.399827205609896597e+00
6.208800000000102045e+03 1.416163106734485533e+00
6.209600000000102227e+03 1.393903399650295860e+00
6.210400000000102409e+03 1.307901789185033081e+00
6.211200000000102591e+03 1.312192349301435357e+00
6.212000000000102773e+03 1.307016514540912056e+00
6.212800000000102955e+03 1.225522969632352854e+00
6.213600000000103137e+03 1.182085470369083735e+00
6.214400000000103319e+03 1.179939179343232780e+00
6.215200000000103500e+03 1.206464440684521966e+00
6.216000000000103682e+03 1.256238002216951699e+00
6.216800000000103864e+03 1.266703128248691801e+00
6.217600000000104046e+03 1.258475753861711954e+00
6.218400000000104228e+03 1.262102182702800723e+00
6.219200000000104410e+03 1.242767652090091435e+00
6.220000000000104592e+03 1.287533854637131103e+00
6.220800000000104774e+03 1.393926875312128999e+00
6.221600000000104956e+03 1.398245015540870995e+00
6.222400000000105138e+03 1.348200165112821258e+00
6.223200000000105319e+03 1.391541895427976794e+00
6.224000000000105501e+03 1.473609601428966798e+00
6.224800000000105683e+03 1.470409547831738717e+00
6.225600000000105865e+03 1.390887859604845733e+00
6.226400000000106047e+03 1.336045533175332256e+00
6.227200000000106229e+03 1.340936820066320312e+00
6.228000000000106411e+03 1.362768022352206509e+00
6.228800000000106593e+03 1.374787757873542127e+00
6.229600000000106775e+03 1.357768798441586711e+00
6.230400000000106957e+03 1.361787209553026123e+00
6.231200000000107138e+03 1.395890626418672564e+00
6.232000000000107320e+03 1.359665857236754150e+00
6.232800000000107502e+03 1.288259996992076495e+00
6.233600000000107684e+03 1.316095874212563244e+00
6.234400000000107866e+03 1.407269433777119882e+00
6.235200000000108048e+03 1.450459718101572815e+00
6.236000000000108230e+03 1.426200716198665619e+00
6.236800000000108412e+03 1.431023054900746327e+00
6.237600000000108594e+03 1.508318700922095079e+00
6.238400000000108776e+03 1.528800470789944521e+00
6.239200000000108957e+03 1.410735204134019982e+00
6.240000000000109139e+03 1.345231582524717417e+00
6.240800000000109321e+03 1.349507189038235744e+00
6.241600000000109503e+03 1.308575497698438284e+00
6.242400000000109685e+03 1.256418157474200825e+00
6.243200000000109867e+03 1.230548705387346953e+00
6.244000000000110049e+03 1.197475261542452429e+00
6.244800000000110231e+03 1.174510559943882537e+00
6.245600000000110413e+03 1.289266453467356133e+00
6.246400000000110595e+03 1.459202191395631676e+00
6.247200000000110776e+03 1.490558906569074971e+00
6.248000000000110958e+03 1.449475915140369331e+00
6.248800000000111140e+03 1.400119900165473386e+00
6.249600000000111322e+03 1.388361487972767705e+00
6.250400000000111504e+03 1.367903809888785904e+00
6.251200000000111686e+03 1.313481098935765701e+00
6.252000000000111868e+03 1.283991891831686161e+00
6.252800000000112050e+03 1.307466524271828634e+00
6.253600000000112232e+03 1.350316398387155115e+00
6.254400000000112414e+03 1.386813402602918188e+00
6.255200000000112595e+03 1.409564822788949900e+00
6.256000000000112777e+03 1.429588175060367838e+00
6.256800000000112959e+03 1.437778384728266357e+00
6.257600000000113141e+03 1.434818903343633822e+00
6.258400000000113323e+03 1.436220761301087556e+00
6.259200000000113505e+03 1.426772154631420264e+00
6.260000000000113687e+03 1.494585177918416274e+00
6.260800000000113869e+03 1.535669538838904336e+00
6.261600000000114051e+03 1.442031235634124720e+00
6.262400000000114233e+03 1.354511309957144416e+00
6.263200000000114414e+03 1.335952324330011320e+00
6.264000000000114596e+03 1.370331853028049718e+00
6.264800000000114778e+03 1.430606540342976185e+00
6.265600000000114960e+03 1.440126280772203726e+00
6.266400000000115142e+03 1.368086449830162810e+00
6.267200000000115324e+03 1.321828829851097620e+00
6.268000000000115506e+03 1.301485236814490687e+00
6.268800000000115688e+03 1.193285452608019881e+00
6.269600000000115870e+03 1.187119180639763183e+00
6.270400000000116052e+03 1.391679758518579169e+00
6.271200000000116233e+03 1.605642078053607813e+00
6.272000000000116415e+03 1.654199204272337020e+00
6.272800000000116597e+03 1.537733558052002625e+00
6.273600000000116779e+03 1.417803914584587544e+00
6.274400000000116961e+03 1.401466529592375831e+00
6.275200000000117143e+03 1.437409019496688867e+00
6.276000000000117325e+03 1.467785983200144528e+00
6.276800000000117507e+03 1.534138306652506945e+00
6.277600000000117689e+03 1.533833792407435226e+00
6.278400000000117871e+03 1.495801122257015114e+00
6.279200000000118052e+03 1.469904497660615039e+00
6.280000000000118234e+03 1.440600260707220137e+00
6.280800000000118416e+03 1.438075901718719019e+00
6.281600000000118598e+03 1.453594377992844855e+00
6.282400000000118780e+03 1.446921811234081812e+00
6.283200000000118962e+03 1.444466845986470904e+00
6.284000000000119144e+03 1.456317235790038911e+00
6.284800000000119326e+03 1.459833554739653927e+00
6.285600000000119508e+03 1.525456785288118677e+00
6.286400000000119690e+03 1.530366842908718716e+00
6.287200000000119871e+03 1.402069577775511000e+00
6.288000000000120053e+03 1.288078016870144005e+00
6.288800000000120235e+03 1.270369478098132499e+00
6.289600000000120417e+03 1.296151532916686389e+00
6.290400000000120599e+03 1.349710443721104269e+00
6.291200000000120781e+03 1.332058167512282898e+00
6.292000000000120963e+03 1.321007857829275434e+00
6.292800000000121145e+03 1.385172700925291434e+00
6.293600000000121327e+03 1.471081848454380614e+00
6.294400000000121508e+03 1.495715065163826907e+00
6.295200000000121690e+03 1.432718310584008892e+00
6.296000000000121872e+03 1.404233337609588350e+00
6.296800000000122054e+03 1.392662703191854146e+00
6.297600000000122236e+03 1.287849672339900220e+00
6.298400000000122418e+03 1.178279036607510211e+00
6.299200000000122600e+03 1.225243841216485663e+00
6.300000000000122782e+03 1.351430105620943678e+00
6.300800000000122964e+03 1.397188458781715159e+00
6.301600000000123146e+03 1.356834537273997388e+00
6.302400000000123327e+03 1.223546182731954701e+00
6.303200000000123509e+03 1.212487502760956293e+00
6.304000000000123691e+03 1.338410584223394428e+00
6.304800000000123873e+03 1.406391903692679080e+00
6.305600000000124055e+03 1.359969523671638258e+00
6.306400000000124237e+03 1.300086563330454359e+00
6.307200000000124419e+03 1.306533180249961790e+00
6.308000000000124601e+03 1.371035096827910138e+00
6.308800000000124783e+03 1.483537887964207602e+00
6.309600000000124965e+03 1.471140094096340833e+00
6.310400000000125146e+03 1.331728292568216343e+00
6.311200000000125328e+03 1.201345229199739517e+00
6.312000000000125510e+03 1.204746107793761123e+00
6.312800000000125692e+03 1.346827107156475023e+00
6.313600000000125874e+03 1.451501803428040027e+00
6.314400000000126056e+03 1.442439575462403756e+00
6.315200000000126238e+03 1.405966835439944607e+00
6.316000000000126420e+03 1.388663503993906589e+00
6.316800000000126602e+03 1.339081431948075718e+00
6.317600000000126784e+03 1.274771845463236630e+00
6.318400000000126965e+03 1.247314573423702111e+00
6.319200000000127147e+03 1.272125040757444037e+00
6.320000000000127329e+03 1.250744299384047631e+00
6.320800000000127511e+03 1.200361705850819360e+00
6.321600000000127693e+03 1.256683161204505295e+00
6.322400000000127875e+03 1.351468559598006935e+00
6.323200000000128057e+03 1.437286009226070638e+00
6.324000000000128239e+03 1.508253001670940341e+00
6.324800000000128421e+03 1.462231522601210365e+00
6.325600000000128603e+03 1.332852609485091655e+00
6.326400000000128784e+03 1.233343699257952952e+00
6.327200000000128966e+03 1.218982475191452863e+00
6.328000000000129148e+03 1.213219368631925921e+00
6.328800000000129330e+03 1.247111492824693801e+00
6.329600000000129512e+03 1.435040992396706905e+00
6.330400000000129694e+03 1.595486330327617885e+00
6.331200000000129876e+03 1.568938059695601073e+00
6.332000000000130058e+03 1.465474756441675241e+00
6.332800000000130240e+03 1.433714412965272578e+00
6.333600000000130422e+03 1.439220985656758156e+00
6.334400000000130603e+03 1.375733887472682548e+00
6.335200000000130785e+03 1.334615850611590826e+00
6.336000000000130967e+03 1.410615656537169915e+00
6.336800000000131149e+03 1.488913562459448503e+00
6.337600000000131331e+03 1.515939238662191713e+00
6.338400000000131513e+03 1.405034560047232262e+00
6.339200000000131695e+03 1.099559743788850241e+00
6.340000000000131877e+03 7.748381366376988488e-01
6.340800000000132059e+03 6.621398495738595180e-01
6.341600000000132241e+03 7.938703552056379786e-01
6.342400000000132422e+03 1.004007471677372143e+00
6.343200000000132604e+03 1.111594150657807534e+00
6.344000000000132786e+03 1.093386945455291137e+00
6.344800000000132968e+03 1.109191024493142219e+00
6.345600000000133150e+03 1.183643139910528053e+00
6.346400000000133332e+03 1.288087050523604837e+00
6.347200000000133514e+03 1.416713226413173654e+00
6.348000000000133696e+03 1.436123744285294990e+00
6.348800000000133878e+03 1.336013566697866306e+00
6.349600000000134060e+03 1.142433626971830485e+00
6.350400000000134241e+03 9.077167325868291670e-01
6.351200000000134423e+03 8.148627482671593203e-01
6.352000000000134605e+03 9.160204690503794822e-01
6.352800000000134787e+03 1.103365994249811077e+00
6.353600000000134969e+03 1.224826899650458323e+00
6.354400000000135151e+03 1.281307368730089991e+00
6.355200000000135333e+03 1.285326073252393453e+00
6.356000000000135515e+03 1.285356127101328072e+00
6.356800000000135697e+03 1.305686883732865011e+00
6.357600000000135879e+03 1.344727050379413980e+00
6.358400000000136060e+03 1.388921274330428890e+00
6.359200000000136242e+03 1.379699593573580962e+00
6.360000000000136424e+03 1.265315637086461775e+00
6.360800000000136606e+03 1.195432303055823375e+00
6.361600000000136788e+03 1.192445448324029655e+00
6.362400000000136970e+03 1.170990194751016622e+00
6.363200000000137152e+03 1.140291530623257277e+00
6.364000000000137334e+03 1.165649034580368948e+00
6.364800000000137516e+03 1.271758304586900756e+00
6.365600000000137697e+03 1.262501633701075932e+00
6.366400000000137879e+03 1.101399595068686121e+00
6.367200000000138061e+03 1.130066975323972933e+00
6.368000000000138243e+03 1.264090486582453821e+00
6.368800000000138425e+03 1.290406944392584743e+00
6.369600000000138607e+03 1.254825355421526956e+00
6.370400000000138789e+03 1.203236021842804426e+00
6.371200000000138971e+03 1.145191586676738593e+00
6.372000000000139153e+03 1.056914317304808337e+00
6.372800000000139335e+03 9.951494446156147200e-01
6.373600000000139516e+03 1.084345981984807583e+00
6.374400000000139698e+03 1.275040992302267195e+00
6.375200000000139880e+03 1.327261727167293071e+00
6.376000000000140062e+03 1.226971362991484460e+00
6.376800000000140244e+03 1.161546106168200865e+00
6.377600000000140426e+03 1.186454742826413833e+00
6.378400000000140608e+03 1.207209917823157674e+00
6.379200000000140790e+03 1.144995424142034590e+00
6.380000000000140972e+03 1.127695300035195247e+00
6.380800000000141154e+03 1.179460599020532463e+00
6.381600000000141335e+03 1.219169173700546338e+00
6.382400000000141517e+03 1.225545037334424547e+00
6.383200000000141699e+03 1.184420314906321270e+00
6.384000000000141881e+03 1.161145870103577060e+00
6.384800000000142063e+03 1.160711200495078810e+00
6.385600000000142245e+03 1.180415508934155255e+00
6.386400000000142427e+03 1.213442131859923556e+00
6.387200000000142609e+03 1.177626492587813045e+00
6.388000000000142791e+03 1.213429688812015517e+00
6.388800000000142973e+03 1.340045806110482074e+00
6.389600000000143154e+03 1.367124189545314117e+00
6.390400000000143336e+03 1.340471926099909172e+00
6.391200000000143518e+03 1.312338811754411694e+00
6.392000000000143700e+03 1.260002813403431343e+00
6.392800000000143882e+03 1.282521956879061342e+00
6.393600000000144064e+03 1.343066627338413976e+00
6.394400000000144246e+03 1.294613082962738027e+00
6.395200000000144428e+03 1.290317437779921139e+00
6.396000000000144610e+03 1.412383912561354649e+00
6.396800000000144792e+03 1.480359997362870272e+00
6.397600000000144973e+03 1.418807696783919381e+00
6.398400000000145155e+03 1.354198206309138008e+00
6.399200000000145337e+03 1.352561390271712405e+00
6.400000000000145519e+03 1.350918801806065828e+00
6.400800000000145701e+03 1.337015951666012281e+00
6.401600000000145883e+03 1.365384520403783775e+00
6.402400000000146065e+03 1.429467373670180841e+00
6.403200000000146247e+03 1.490459819116767726e+00
6.404000000000146429e+03 1.450529325842292661e+00
6.404800000000146611e+03 1.276440297272215307e+00
6.405600000000146792e+03 1.168779583167448788e+00
6.406400000000146974e+03 1.221650320698389081e+00
6.407200000000147156e+03 1.305745020311485316e+00
6.408000000000147338e+03 1.310616027574822429e+00
6.408800000000147520e+03 1.304102208433911336e+00
6.409600000000147702e+03 1.281859951920906848e+00
6.410400000000147884e+03 1.249837907413669846e+00
6.411200000000148066e+03 1.252356846509616872e+00
6.412000000000148248e+03 1.270238358505295428e+00
6.412800000000148430e+03 1.256218526954934855e+00
6.413600000000148611e+03 1.205559117440674122e+00
6.414400000000148793e+03 1.229508485275023100e+00
6.415200000000148975e+03 1.359877184857588350e+00
6.416000000000149157e+03 1.472464119702471042e+00
6.416800000000149339e+03 1.456319861118204884e+00
6.417600000000149521e+03 1.335635442948427176e+00
6.418400000000149703e+03 1.268375097721492928e+00
6.419200000000149885e+03 1.309506166341126043e+00
6.420000000000150067e+03 1.372018353968537774e+00
6.420800000000150249e+03 1.370135557275463878e+00
6.421600000000150430e+03 1.357052962200209656e+00
6.422400000000150612e+03 1.361053162431693941e+00
6.423200000000150794e+03 1.358019565880418833e+00
6.424000000000150976e+03 1.381545359884563950e+00
6.424800000000151158e+03 1.396560377321619306e+00
6.425600000000151340e+03 1.376770126052960119e+00
6.426400000000151522e+03 1.348578694673167933e+00
6.427200000000151704e+03 1.372443279248282355e+00
6.428000000000151886e+03 1.412693429222998898e+00
6.428800000000152068e+03 1.360147496405143208e+00
6.429600000000152249e+03 1.237343315013575307e+00
6.430400000000152431e+03 1.236399780422134942e+00
6.431200000000152613e+03 1.367644068543340641e+00
6.432000000000152795e+03 1.474363581679944746e+00
6.432800000000152977e+03 1.481850866472221639e+00
6.433600000000153159e+03 1.457484505834854005e+00
6.434400000000153341e+03 1.435622265915607265e+00
6.435200000000153523e+03 1.463322918086663371e+00
6.436000000000153705e+03 1.502048133542185582e+00
6.436800000000153887e+03 1.470898512497362809e+00
6.437600000000154068e+03 1.445156520482989926e+00
6.438400000000154250e+03 1.480743063084974498e+00
6.439200000000154432e+03 1.546768570981844837e+00
6.440000000000154614e+03 1.560638140248061578e+00
6.440800000000154796e+03 1.505123564721738250e+00
6.441600000000154978e+03 1.454466836674068730e+00
6.442400000000155160e+03 1.504128351563539301e+00
6.443200000000155342e+03 1.564082612478997714e+00
6.444000000000155524e+03 1.489346050055937010e+00
6.444800000000155705e+03 1.395359150531384707e+00
6.445600000000155887e+03 1.369079414377136095e+00
6.446400000000156069e+03 1.370213098467443658e+00
6.447200000000156251e+03 1.367744062553597040e+00
6.448000000000156433e+03 1.445440215012228746e+00
6.448800000000156615e+03 1.530566838364718629e+00
6.449600000000156797e+03 1.511200891337504570e+00
6.450400000000156979e+03 1.443678079328299724e+00
6.451200000000157161e+03 1.433797818306268956e+00
6.452000000000157343e+03 1.452840409360289797e+00
6.452800000000157524e+03 1.436299659834658904e+00
6.453600000000157706e+03 1.409506041164502177e+00
6.454400000000157888e+03 1.424362255648448317e+00
6.455200000000158070e+03 1.502852822346343320e+00
6.456000000000158252e+03 1.519359480902024107e+00
6.456800000000158434e+03 1.453494963550577168e+00
6.457600000000158616e+03 1.380611862290190173e+00
6.458400000000158798e+03 1.391040959490860374e+00
6.459200000000158980e+03 1.434839966974338576e+00
6.460000000000159162e+03 1.455891088906967834e+00
6.460800000000159343e+03 1.474466971712063312e+00
6.461600000000159525e+03 1.498257404853736485e+00
6.462400000000159707e+03 1.523886987701808859e+00
6.463200000000159889e+03 1.502848002908992342e+00
6.464000000000160071e+03 1.438741210935346349e+00
6.464800000000160253e+03 1.382062153200460441e+00
6.465600000000160435e+03 1.297316094322774394e+00
6.466400000000160617e+03 1.255508014460853472e+00
6.467200000000160799e+03 1.275886209394800908e+00
6.468000000000160981e+03 1.338453835390897240e+00
6.468800000000161162e+03 1.467271701371165138e+00
6.469600000000161344e+03 1.575239371323505555e+00
6.470400000000161526e+03 1.571386915618808722e+00
6.471200000000161708e+03 1.535787448183068449e+00
6.472000000000161890e+03 1.516259195395108783e+00
6.472800000000162072e+03 1.422152454379686848e+00
6.473600000000162254e+03 1.288096432440500427e+00
6.474400000000162436e+03 1.280498601827167793e+00
6.475200000000162618e+03 1.277000125825736854e+00
6.476000000000162800e+03 1.277763128730509568e+00
6.476800000000162981e+03 1.338182071108161120e+00
6.477600000000163163e+03 1.389591931126284985e+00
6.478400000000163345e+03 1.382433879421357759e+00
6.479200000000163527e+03 1.372235007338120649e+00
6.480000000000163709e+03 1.359637466836387754e+00
6.480800000000163891e+03 1.352033434678927781e+00
6.481600000000164073e+03 1.401983153970641993e+00
6.482400000000164255e+03 1.448106236231760935e+00
6.483200000000164437e+03 1.443575616948035822e+00
6.484000000000164619e+03 1.403279144269118817e+00
6.484800000000164800e+03 1.392956214794902614e+00
6.485600000000164982e+03 1.474273487778621661e+00
6.486400000000165164e+03 1.460619345138972847e+00
6.487200000000165346e+03 1.321446036042236649e+00
6.488000000000165528e+03 1.295754634561833818e+00
6.488800000000165710e+03 1.430863733008434391e+00
6.489600000000165892e+03 1.546734712504938880e+00
6.490400000000166074e+03 1.585616385788347404e+00
6.491200000000166256e+03 1.582066196248486323e+00
6.492000000000166438e+03 1.552591413390482789e+00
6.492800000000166619e+03 1.470181641672644535e+00
6.493600000000166801e+03 1.352718638326520839e+00
6.494400000000166983e+03 1.356042027538063577e+00
6.495200000000167165e+03 1.438282651944222668e+00
6.496000000000167347e+03 1.504505531156381526e+00
6.496800000000167529e+03 1.588248459801334445e+00
6.497600000000167711e+03 1.565662428361786596e+00
6.498400000000167893e+03 1.472658368319438749e+00
6.499200000000168075e+03 1.418903086723875440e+00
6.500000000000168257e+03 1.437262348680650614e+00
6.500800000000168438e+03 1.534087267847864755e+00
6.501600000000168620e+03 1.518930094807178222e+00
6.502400000000168802e+03 1.402428327812372366e+00
6.503200000000168984e+03 1.409701124575706732e+00
6.504000000000169166e+03 1.499201619687259290e+00
6.504800000000169348e+03 1.519615655571089796e+00
6.505600000000169530e+03 1.478703681143963111e+00
6.506400000000169712e+03 1.433585302477710766e+00
6.507200000000169894e+03 1.448819594452064319e+00
6.508000000000170076e+03 1.509229800026866908e+00
6.508800000000170257e+03 1.532704873203741824e+00
6.509600000000170439e+03 1.526759473183310734e+00
6.510400000000170621e+03 1.539982383882704031e+00
6.511200000000170803e+03 1.574704809063315558e+00
6.512000000000170985e+03 1.597977574004471935e+00
6.512800000000171167e+03 1.656647983306836824e+00
6.513600000000171349e+03 1.726018496317027529e+00
6.514400000000171531e+03 1.706007903394848979e+00
6.515200000000171713e+03 1.658037522289885102e+00
6.516000000000171894e+03 1.674976381564476924e+00
6.516800000000172076e+03 1.696285006055389788e+00
6.517600000000172258e+03 1.664850168478751335e+00
6.518400000000172440e+03 1.637129570021455427e+00
6.519200000000172622e+03 1.611953289446041993e+00
6.520000000000172804e+03 1.628488107037618704e+00
6.520800000000172986e+03 1.737726075682171523e+00
6.521600000000173168e+03 1.748351949819921813e+00
6.522400000000173350e+03 1.682567016361190770e+00
6.523200000000173532e+03 1.666472660171385733e+00
6.524000000000173713e+03 1.714598431102164700e+00
6.524800000000173895e+03 1.724052680324744680e+00
6.525600000000174077e+03 1.637302436498629499e+00
6.526400000000174259e+03 1.503852634329192028e+00
6.527200000000174441e+03 1.430806138757840351e+00
6.528000000000174623e+03 1.479489845834739636e+00
6.528800000000174805e+03 1.551270217665587037e+00
6.529600000000174987e+03 1.577158071611021839e+00
6.530400000000175169e+03 1.569800461423904725e+00
6.531200000000175351e+03 1.623703973649048837e+00
6.532000000000175532e+03 1.710556533176542438e+00
6.532800000000175714e+03 1.681126893317578919e+00
6.533600000000175896e+03 1.625050892470846442e+00
6.534400000000176078e+03 1.642369882498865508e+00
6.535200000000176260e+03 1.655162333875945357e+00
6.536000000000176442e+03 1.628652550212785322e+00
6.536800000000176624e+03 1.653684874165196383e+00
6.537600000000176806e+03 1.718802293807268899e+00
6.538400000000176988e+03 1.708616539368007725e+00
6.539200000000177170e+03 1.699517509214026667e+00
6.540000000000177351e+03 1.741992372291645053e+00
6.540800000000177533e+03 1.715157815286755261e+00
6.541600000000177715e+03 1.671301311404492118e+00
6.542400000000177897e+03 1.719864975312697108e+00
6.543200000000178079e+03 1.751541939958060068e+00
6.544000000000178261e+03 1.723356081766078907e+00
6.544800000000178443e+03 1.727263405279343633e+00
6.545600000000178625e+03 1.672718098197040870e+00
6.546400000000178807e+03 1.567930085075031510e+00
6.547200000000178989e+03 1.565593252336015873e+00
6.548000000000179170e+03 1.576429131203854084e+00
6.548800000000179352e+03 1.659927305268087849e+00
6.549600000000179534e+03 1.766058746192736173e+00
6.550400000000179716e+03 1.762287127168509659e+00
6.551200000000179898e+03 1.736801681592700097e+00
6.552000000000180080e+03 1.808585443904729528e+00
6.552800000000180262e+03 1.892779613028098940e+00
6.553600000000180444e+03 1.867581791976657746e+00
6.554400000000180626e+03 1.789721478033230229e+00
6.555200000000180808e+03 1.766329806130671365e+00
6.556000000000180989e+03 1.804467063501294266e+00
6.556800000000181171e+03 1.789917048241267850e+00
6.557600000000181353e+03 1.808425298759005484e+00
6.558400000000181535e+03 1.848093930126663231e+00
6.559200000000181717e+03 1.799286752555413926e+00
6.560000000000181899e+03 1.740138843451707995e+00
6.560800000000182081e+03 1.738585240641274288e+00
6.561600000000182263e+03 1.761125734017441324e+00
6.562400000000182445e+03 1.739865775893613575e+00
6.563200000000182627e+03 1.727246948580919872e+00
6.564000000000182808e+03 1.735260699516577354e+00
6.564800000000182990e+03 1.647465641703556916e+00
6.565600000000183172e+03 1.547649098117884314e+00
6.566400000000183354e+03 1.579525802053694861e+00
6.567200000000183536e+03 1.722093653940671043e+00
6.568000000000183718e+03 1.826091786927989347e+00
6.568800000000183900e+03 1.804444930252020907e+00
6.569600000000184082e+03 1.748441272911824607e+00
6.570400000000184264e+03 1.750135282783175761e+00
6.571200000000184446e+03 1.814211988919780527e+00
6.572000000000184627e+03 1.797778107434843342e+00
6.572800000000184809e+03 1.752523768456049513e+00
6.573600000000184991e+03 1.808177815597240556e+00
6.574400000000185173e+03 1.813361420494075116e+00
6.575200000000185355e+03 1.736197216116807107e+00
6.576000000000185537e+03 1.670384452972787592e+00
6.576800000000185719e+03 1.714254016142823467e+00
6.577600000000185901e+03 1.805958499955333751e+00
6.578400000000186083e+03 1.888546078524111049e+00
6.579200000000186265e+03 1.910440688877977689e+00
6.580000000000186446e+03 1.844552933885355461e+00
6.580800000000186628e+03 1.836317111724706574e+00
6.581600000000186810e+03 1.864799286186897387e+00
6.582400000000186992e+03 1.788790113250426472e+00
6.583200000000187174e+03 1.589882788927184043e+00
6.584000000000187356e+03 1.409236769914833598e+00
6.584800000000187538e+03 1.335426844102941324e+00
6.585600000000187720e+03 1.327216682066333586e+00
6.586400000000187902e+03 1.200169552872609735e+00
6.587200000000188084e+03 9.575336081724117321e-01
6.588000000000188265e+03 9.040974391236051844e-01
6.588800000000188447e+03 1.141471268315978227e+00
6.589600000000188629e+03 1.401556175251945202e+00
6.590400000000188811e+03 1.524037177397165488e+00
6.591200000000188993e+03 1.549648266271641095e+00
6.592000000000189175e+03 1.562395845596298738e+00
6.592800000000189357e+03 1.636151841036399102e+00
6.593600000000189539e+03 1.760033609204223026e+00
6.594400000000189721e+03 1.808984612620221366e+00
6.595200000000189902e+03 1.729349015684416235e+00
6.596000000000190084e+03 1.648648330496611081e+00
6.596800000000190266e+03 1.635747153550109800e+00
6.597600000000190448e+03 1.673240615600322112e+00
6.598400000000190630e+03 1.716120337941683616e+00
6.599200000000190812e+03 1.689577053935306550e+00
6.600000000000190994e+03 1.711157621770154513e+00
6.600800000000191176e+03 1.752044998983928181e+00
6.601600000000191358e+03 1.591171828173674196e+00
6.602400000000191540e+03 1.386782870607084828e+00
6.603200000000191721e+03 1.204969043752531332e+00
6.604000000000191903e+03 1.013074867773503751e+00
6.604800000000192085e+03 9.604750168630270535e-01
6.605600000000192267e+03 1.160251605485572268e+00
6.606400000000192449e+03 1.490942612951691171e+00
6.607200000000192631e+03 1.772553097243068976e+00
6.608000000000192813e+03 1.842832919910589506e+00
6.608800000000192995e+03 1.732921283509274435e+00
6.609600000000193177e+03 1.598816193017445153e+00
6.610400000000193359e+03 1.551594723021390898e+00
6.611200000000193540e+03 1.504888836655307927e+00
6.612000000000193722e+03 1.496569979908645820e+00
6.612800000000193904e+03 1.557579526803355208e+00
6.613600000000194086e+03 1.579474175578233774e+00
6.614400000000194268e+03 1.548019684228595594e+00
6.615200000000194450e+03 1.449404533932803663e+00
6.616000000000194632e+03 1.466226725051099855e+00
6.616800000000194814e+03 1.572816539888468590e+00
6.617600000000194996e+03 1.538578297087598745e+00
6.618400000000195178e+03 1.429623278691942279e+00
6.619200000000195359e+03 1.426714549031278256e+00
6.620000000000195541e+03 1.472403468908362711e+00
6.620800000000195723e+03 1.492732270663942984e+00
6.621600000000195905e+03 1.511855135536635419e+00
6.622400000000196087e+03 1.474003512707656727e+00
6.623200000000196269e+03 1.450558971413167253e+00
6.624000000000196451e+03 1.479192755176026663e+00
6.624800000000196633e+03 1.488125022782454288e+00
6.625600000000196815e+03 1.448388401129194092e+00
6.626400000000196997e+03 1.405570671156613827e+00
6.627200000000197178e+03 1.416409995649989373e+00
6.628000000000197360e+03 1.499882064364378875e+00
6.628800000000197542e+03 1.597429524806336820e+00
6.629600000000197724e+03 1.559792638079717131e+00
6.630400000000197906e+03 1.454177098636357579e+00
6.631200000000198088e+03 1.369879700856804661e+00
6.632000000000198270e+03 1.253218099353920145e+00
6.632800000000198452e+03 1.168429542628032003e+00
6.633600000000198634e+03 1.147589746461423976e+00
6.634400000000198816e+03 1.214775970932512550e+00
6.635200000000198997e+03 1.281304921401247743e+00
6.636000000000199179e+03 1.353272964735709571e+00
6.636800000000199361e+03 1.424976008649386117e+00
6.637600000000199543e+03 1.452373079593357597e+00
6.638400000000199725e+03 1.432077271942921337e+00
6.639200000000199907e+03 1.400430576463780552e+00
6.640000000000200089e+03 1.352023103827569184e+00
6.640800000000200271e+03 1.291865987033719243e+00
6.641600000000200453e+03 1.317281793437127035e+00
6.642400000000200635e+03 1.364960194674201599e+00
6.643200000000200816e+03 1.364374130022270482e+00
6.644000000000200998e+03 1.360340969917382292e+00
6.644800000000201180e+03 1.356407645323524536e+00
6.645600000000201362e+03 1.318179296630370700e+00
6.646400000000201544e+03 1.267765526186504621e+00
6.647200000000201726e+03 1.275137273979967567e+00
6.648000000000201908e+03 1.301523396446947700e+00
6.648800000000202090e+03 1.283439744276125616e+00
6.649600000000202272e+03 1.292147933798871051e+00
6.650400000000202454e+03 1.380976073653986003e+00
6.651200000000202635e+03 1.462102722697591561e+00
6.652000000000202817e+03 1.481305625268047654e+00
6.652800000000202999e+03 1.475263479313140058e+00
6.653600000000203181e+03 1.419636037537304940e+00
6.654400000000203363e+03 1.379705305932485082e+00
6.655200000000203545e+03 1.444445955853632224e+00
6.656000000000203727e+03 1.487806821188828232e+00
6.656800000000203909e+03 1.452642395163832312e+00
6.657600000000204091e+03 1.426807953913684646e+00
6.658400000000204273e+03 1.433767971325583090e+00
6.659200000000204454e+03 1.396949389171126654e+00
6.660000000000204636e+03 1.299748457161297166e+00
6.660800000000204818e+03 1.229927421641699770e+00
6.661600000000205000e+03 1.232870942672217751e+00
6.662400000000205182e+03 1.318562738263875600e+00
6.663200000000205364e+03 1.412164795835986641e+00
6.664000000000205546e+03 1.396574148739233134e+00
6.664800000000205728e+03 1.360519493477236219e+00
6.665600000000205910e+03 1.409178466882496927e+00
6.666400000000206091e+03 1.336015353281874152e+00
6.667200000000206273e+03 1.232247275864571057e+00
6.668000000000206455e+03 1.249167284925527976e+00
6.668800000000206637e+03 1.284451475297285761e+00
6.669600000000206819e+03 1.326977136830422399e+00
6.670400000000207001e+03 1.319280215163709968e+00
6.671200000000207183e+03 1.146492739966104013e+00
6.672000000000207365e+03 8.814102762810271940e-01
6.672800000000207547e+03 7.117164172494727659e-01
6.673600000000207729e+03 7.369706443863144329e-01
6.674400000000207910e+03 8.475834125418696408e-01
6.675200000000208092e+03 1.054496425517876146e+00
6.676000000000208274e+03 1.216802380066773992e+00
6.676800000000208456e+03 1.243170765447758619e+00
6.677600000000208638e+03 1.248781222643443822e+00
6.678400000000208820e+03 1.264993082611217456e+00
6.679200000000209002e+03 1.274685491261250636e+00
6.680000000000209184e+03 1.319665920408063187e+00
6.680800000000209366e+03 1.386552797236965340e+00
6.681600000000209548e+03 1.379910388083158690e+00
6.682400000000209729e+03 1.204466082154900919e+00
6.683200000000209911e+03 1.017316783375648681e+00
6.684000000000210093e+03 9.902466573967582120e-01
6.684800000000210275e+03 1.022338825870519052e+00
6.685600000000210457e+03 1.092384559168876113e+00
6.686400000000210639e+03 1.177037474336094958e+00
6.687200000000210821e+03 1.233067752127118055e+00
6.688000000000211003e+03 1.281478652392790130e+00
6.688800000000211185e+03 1.280066417529143630e+00
6.689600000000211367e+03 1.266424515487019731e+00
6.690400000000211548e+03 1.264739692325372422e+00
6.691200000000211730e+03 1.218712174400076842e+00
6.692000000000211912e+03 1.198642800332464287e+00
6.692800000000212094e+03 1.248834030356501312e+00
6.693600000000212276e+03 1.323991680627831791e+00
6.694400000000212458e+03 1.445003015150093217e+00
6.695200000000212640e+03 1.476526003063493242e+00
6.696000000000212822e+03 1.370931646903126744e+00
6.696800000000213004e+03 1.315676511338083721e+00
6.697600000000213186e+03 1.272681538437471449e+00
6.698400000000213367e+03 1.276580251200240212e+00
6.699200000000213549e+03 1.378549302087958228e+00
6.700000000000213731e+03 1.412958026085319396e+00
6.700800000000213913e+03 1.361124945304020173e+00
6.701600000000214095e+03 1.297016744739363681e+00
6.702400000000214277e+03 1.222149860405573829e+00
6.703200000000214459e+03 1.192898764653702592e+00
6.704000000000214641e+03 1.171969930510119884e+00
6.704800000000214823e+03 1.155884918585768251e+00
6.705600000000215005e+03 1.207386712392654937e+00
6.706400000000215186e+03 1.304038412167872529e+00
6.707200000000215368e+03 1.366992950177105204e+00
6.708000000000215550e+03 1.372620043834556380e+00
6.708800000000215732e+03 1.308480130339312986e+00
6.709600000000215914e+03 1.224760858619768022e+00
6.710400000000216096e+03 1.221723514440871794e+00
6.711200000000216278e+03 1.269001714237293799e+00
6.712000000000216460e+03 1.326725577772534859e+00
6.712800000000216642e+03 1.342928084000852618e+00
6.713600000000216824e+03 1.310243548045344708e+00
6.714400000000217005e+03 1.256912549939725121e+00
6.715200000000217187e+03 1.195010306534062483e+00
6.716000000000217369e+03 1.174609832738069848e+00
6.716800000000217551e+03 1.233394703550626748e+00
6.717600000000217733e+03 1.271594020584161822e+00
6.718400000000217915e+03 1.293327598947437540e+00
6.719200000000218097e+03 1.281483392987274872e+00
6.720000000000218279e+03 1.241948318416885133e+00
6.720800000000218461e+03 1.228858428587646934e+00
6.721600000000218643e+03 1.215203814325654941e+00
6.722400000000218824e+03 1.201464001873129961e+00
6.723200000000219006e+03 1.229665437294968466e+00
6.724000000000219188e+03 1.273811039034203896e+00
6.724800000000219370e+03 1.288388681431200444e+00
6.725600000000219552e+03 1.253881298338198835e+00
6.726400000000219734e+03 1.154107080817471376e+00
6.727200000000219916e+03 1.105415634048124041e+00
6.728000000000220098e+03 1.139616423546071289e+00
6.728800000000220280e+03 1.138897905904737051e+00
6.729600000000220462e+03 1.136258739669313345e+00
6.730400000000220643e+03 1.185799796043893739e+00
6.731200000000220825e+03 1.250353814168428501e+00
6.732000000000221007e+03 1.228095093567201701e+00
6.732800000000221189e+03 1.139607460941969297e+00
6.733600000000221371e+03 1.092153802931444373e+00
6.734400000000221553e+03 1.072060414074996970e+00
6.735200000000221735e+03 1.109792235651462455e+00
6.736000000000221917e+03 1.215693170639609466e+00
6.736800000000222099e+03 1.301361974407025279e+00
6.737600000000222281e+03 1.286644660452420652e+00
6.738400000000222462e+03 1.306794458345218679e+00
6.739200000000222644e+03 1.318264978174138014e+00
6.740000000000222826e+03 1.225525388527446413e+00
6.740800000000223008e+03 1.104322708433617128e+00
6.741600000000223190e+03 1.128702377173578686e+00
6.742400000000223372e+03 1.193782795885301784e+00
6.743200000000223554e+03 1.210134680031278442e+00
6.744000000000223736e+03 1.228924246217839578e+00
6.744800000000223918e+03 1.240636381902524787e+00
6.745600000000224099e+03 1.220563279524614853e+00
6.746400000000224281e+03 1.173999398489935952e+00
6.747200000000224463e+03 1.137951645782285137e+00
6.748000000000224645e+03 1.171753979999062834e+00
6.748800000000224827e+03 1.229210037159150115e+00
6.749600000000225009e+03 1.211455668071997671e+00
6.750400000000225191e+03 1.122794908848603779e+00
6.751200000000225373e+03 1.116993440450489983e+00
6.752000000000225555e+03 1.195893320919424241e+00
6.752800000000225737e+03 1.271906623308233009e+00
6.753600000000225918e+03 1.252700036764493374e+00
6.754400000000226100e+03 1.185593200439248429e+00
6.755200000000226282e+03 1.185171661575760815e+00
6.756000000000226464e+03 1.224508434583030603e+00
6.756800000000226646e+03 1.218471374125870366e+00
6.757600000000226828e+03 1.190225421939228756e+00
6.758400000000227010e+03 1.155183422435078988e+00
6.759200000000227192e+03 1.144947326855721315e+00
6.760000000000227374e+03 1.159874639982831912e+00
6.760800000000227556e+03 1.177070014666259379e+00
6.761600000000227737e+03 1.177836812112397435e+00
6.762400000000227919e+03 1.173613862764427695e+00
6.763200000000228101e+03 1.183101218254187348e+00
6.764000000000228283e+03 1.198396673855737671e+00
6.764800000000228465e+03 1.147289148166501072e+00
6.765600000000228647e+03 1.101081024287028365e+00
6.766400000000228829e+03 1.129425627250987940e+00
6.767200000000229011e+03 1.198042091460837621e+00
6.768000000000229193e+03 1.265874192600173309e+00
6.768800000000229375e+03 1.269435056735286116e+00
6.769600000000229556e+03 1.201701485991419904e+00
6.770400000000229738e+03 1.139860291243750989e+00
6.771200000000229920e+03 1.148744640450248156e+00
6.772000000000230102e+03 1.175201084421875208e+00
6.772800000000230284e+03 1.136743013344447828e+00
6.773600000000230466e+03 1.129636345317872159e+00
6.774400000000230648e+03 1.204216441039344332e+00
6.775200000000230830e+03 1.243092142949685730e+00
6.776000000000231012e+03 1.208778686489984544e+00
6.776800000000231194e+03 1.205295056427470257e+00
6.777600000000231375e+03 1.226025766467544909e+00
6.778400000000231557e+03 1.247079618420382285e+00
6.779200000000231739e+03 1.217331246034823344e+00
6.780000000000231921e+03 1.139962850625295676e+00
6.780800000000232103e+03 1.166310021047463064e+00
6.781600000000232285e+03 1.239456698057503026e+00
6.782400000000232467e+03 1.273620108886452496e+00
6.783200000000232649e+03 1.271646869576744887e+00
6.784000000000232831e+03 1.290100389003948855e+00
6.784800000000233013e+03 1.294343812463547128e+00
6.785600000000233194e+03 1.219782827862140984e+00
6.786400000000233376e+03 1.132893248303876721e+00
6.787200000000233558e+03 1.162649284902469882e+00
6.788000000000233740e+03 1.242632518568737687e+00
6.788800000000233922e+03 1.260684055292406125e+00
6.789600000000234104e+03 1.183074658691126047e+00
6.790400000000234286e+03 1.071911987795116872e+00
6.791200000000234468e+03 1.075477706179308601e+00
6.792000000000234650e+03 1.135992585687425560e+00
6.792800000000234832e+03 1.168824279695733104e+00
6.793600000000235013e+03 1.157524179241181894e+00
6.794400000000235195e+03 1.106891214240438792e+00
6.795200000000235377e+03 1.062097307283796921e+00
6.796000000000235559e+03 1.068517743984592538e+00
6.796800000000235741e+03 1.096710389815114262e+00
6.797600000000235923e+03 1.126285517122678881e+00
6.798400000000236105e+03 1.205985877953615004e+00
6.799200000000236287e+03 1.276986992018150247e+00
6.800000000000236469e+03 1.270121408233136906e+00
6.800800000000236651e+03 1.252709348178912219e+00
6.801600000000236832e+03 1.250653083375980357e+00
6.802400000000237014e+03 1.249662274649151028e+00
6.803200000000237196e+03 1.222480963481069383e+00
6.804000000000237378e+03 1.202875174743869291e+00
6.804800000000237560e+03 1.217598520780811988e+00
6.805600000000237742e+03 1.210242730744772954e+00
6.806400000000237924e+03 1.175285530976525106e+00
6.807200000000238106e+03 1.159346607509665894e+00
6.808000000000238288e+03 1.176752673062519072e+00
6.808800000000238470e+03 1.217238991714113761e+00
6.809600000000238651e+03 1.232281941542383130e+00
6.810400000000238833e+03 1.249101554524786106e+00
6.811200000000239015e+03 1.342951222414005219e+00
6.812000000000239197e+03 1.392433540703640338e+00
6.812800000000239379e+03 1.309748249251545982e+00
6.813600000000239561e+03 1.204426708318953043e+00
6.814400000000239743e+03 1.149209954093885377e+00
6.815200000000239925e+03 1.120410681382701723e+00
6.816000000000240107e+03 1.142854766280430701e+00
6.816800000000240289e+03 1.231042664632962413e+00
6.817600000000240470e+03 1.293945690376566926e+00
6.818400000000240652e+03 1.335293417687875905e+00
6.819200000000240834e+03 1.354543438332861394e+00
6.820000000000241016e+03 1.341032412335678270e+00
6.820800000000241198e+03 1.343226969869879772e+00
6.821600000000241380e+03 1.293040528489438845e+00
6.822400000000241562e+03 1.218395584236854345e+00
6.823200000000241744e+03 1.250384625014317130e+00
6.824000000000241926e+03 1.305746727153755948e+00
6.824800000000242107e+03 1.296941218675086827e+00
6.825600000000242289e+03 1.305034217137021058e+00
6.826400000000242471e+03 1.335506760180136698e+00
6.827200000000242653e+03 1.328432378360476118e+00
6.828000000000242835e+03 1.284826109978756570e+00
6.828800000000243017e+03 1.254579612340925188e+00
6.829600000000243199e+03 1.242302373320476772e+00
6.830400000000243381e+03 1.244335316195073871e+00
6.831200000000243563e+03 1.292512245225509115e+00
6.832000000000243745e+03 1.262659329102635564e+00
6.832800000000243926e+03 1.255434993508473429e+00
6.833600000000244108e+03 1.330514476984004268e+00
6.834400000000244290e+03 1.361037912242410108e+00
6.835200000000244472e+03 1.315905827869283895e+00
6.836000000000244654e+03 1.160447474019905556e+00
6.836800000000244836e+03 9.536559062375519202e-01
6.837600000000245018e+03 1.022858449079495191e+00
6.838400000000245200e+03 1.195119928450314450e+00
6.839200000000245382e+03 1.190614102918808204e+00
6.840000000000245564e+03 1.163650848144590189e+00
6.840800000000245745e+03 1.200934724870057924e+00
6.841600000000245927e+03 1.230255143037009891e+00
6.842400000000246109e+03 1.279131991295614501e+00
6.843200000000246291e+03 1.353831876113971822e+00
6.844000000000246473e+03 1.395874962219073145e+00
6.844800000000246655e+03 1.336502212337188134e+00
6.845600000000246837e+03 1.244974678619436670e+00
6.846400000000247019e+03 1.252865209075302966e+00
6.847200000000247201e+03 1.315711270444269942e+00
6.848000000000247383e+03 1.288011146040967336e+00
6.848800000000247564e+03 1.262271547558352136e+00
6.849600000000247746e+03 1.279522884057645804e+00
6.850400000000247928e+03 1.225713180255025403e+00
6.851200000000248110e+03 1.132257842257529346e+00
6.852000000000248292e+03 1.090031249707122063e+00
6.852800000000248474e+03 1.124072288505416406e+00
6.853600000000248656e+03 1.173461023099259481e+00
6.854400000000248838e+03 1.193145277972494034e+00
6.855200000000249020e+03 1.241228691151230246e+00
6.856000000000249202e+03 1.297660789922137958e+00
6.856800000000249383e+03 1.313878436452089016e+00
6.857600000000249565e+03 1.282342807328290091e+00
6.858400000000249747e+03 1.248742683843866219e+00
6.859200000000249929e+03 1.252041145876545691e+00
6.860000000000250111e+03 1.266888895583234032e+00
6.860800000000250293e+03 1.221616936267304609e+00
6.861600000000250475e+03 1.123534506217532369e+00
6.862400000000250657e+03 1.084282072358115023e+00
6.863200000000250839e+03 1.119555959686474367e+00
6.864000000000251021e+03 1.110433880888746394e+00
6.864800000000251202e+03 1.004713603942132050e+00
6.865600000000251384e+03 9.503464594344184224e-01
6.866400000000251566e+03 1.104186861389615748e+00
6.867200000000251748e+03 1.253529646008071374e+00
6.868000000000251930e+03 1.248553058539973559e+00
6.868800000000252112e+03 1.255404476883151377e+00
6.869600000000252294e+03 1.336714848245500242e+00
6.870400000000252476e+03 1.326732009286957226e+00
6.871200000000252658e+03 1.226814502143184438e+00
6.872000000000252840e+03 1.161286046789605120e+00
6.872800000000253021e+03 1.141088632305141015e+00
6.873600000000253203e+03 1.213769761589440277e+00
6.874400000000253385e+03 1.227854212658846311e+00
6.875200000000253567e+03 1.139070383520214058e+00
6.876000000000253749e+03 1.147263496989783249e+00
6.876800000000253931e+03 1.246744180031510218e+00
6.877600000000254113e+03 1.282028254365083164e+00
6.878400000000254295e+03 1.233051478594131556e+00
6.879200000000254477e+03 1.193882151422956062e+00
6.880000000000254659e+03 1.161410438634326026e+00
6.880800000000254840e+03 1.160446687972877644e+00
6.881600000000255022e+03 1.179599467131986490e+00
6.882400000000255204e+03 1.238493029127953005e+00
6.883200000000255386e+03 1.330161882081658309e+00
6.884000000000255568e+03 1.320833598508715179e+00
6.884800000000255750e+03 1.195806580229865634e+00
6.885600000000255932e+03 1.074256501613182202e+00
6.886400000000256114e+03 1.049491090462995491e+00
6.887200000000256296e+03 1.051612207036319191e+00
6.888000000000256478e+03 1.070502118454215612e+00
6.888800000000256659e+03 1.135754778271901744e+00
6.889600000000256841e+03 1.156689888780563447e+00
6.890400000000257023e+03 1.169839359179736693e+00
6.891200000000257205e+03 1.146003988089864256e+00
6.892000000000257387e+03 1.077771437685459688e+00
6.892800000000257569e+03 1.128768085339595828e+00
6.893600000000257751e+03 1.205071829977379494e+00
6.894400000000257933e+03 1.160534236256973939e+00
6.895200000000258115e+03 1.102216757387414869e+00
6.896000000000258296e+03 1.143953715603136079e+00
6.896800000000258478e+03 1.185463963674661780e+00
6.897600000000258660e+03 1.156570605282898789e+00
6.898400000000258842e+03 1.175013066604117640e+00
6.899200000000259024e+03 1.235502282991271183e+00
6.900000000000259206e+03 1.193423974570003043e+00
6.900800000000259388e+03 1.081891498108228156e+00
6.901600000000259570e+03 1.038402036793929728e+00
6.902400000000259752e+03 1.101731894376007048e+00
6.903200000000259934e+03 1.228829329557270977e+00
6.904000000000260115e+03 1.416040963534070940e+00
6.904800000000260297e+03 1.469761975282402044e+00
6.905600000000260479e+03 1.368399356688187574e+00
6.906400000000260661e+03 1.311120434496115816e+00
6.907200000000260843e+03 1.322468906612629613e+00
6.908000000000261025e+03 1.341603255211889945e+00
6.908800000000261207e+03 1.344203450631636487e+00
6.909600000000261389e+03 1.295300932507015723e+00
6.910400000000261571e+03 1.184140297037377554e+00
6.911200000000261753e+03 1.089009542812515274e+00
6.912000000000261934e+03 1.035234768908769976e+00
6.912800000000262116e+03 1.055448868421517972e+00
6.913600000000262298e+03 1.100413028461168397e+00
6.914400000000262480e+03 1.081883914556699633e+00
6.915200000000262662e+03 1.120246561412675090e+00
6.916000000000262844e+03 1.225490681930350378e+00
6.916800000000263026e+03 1.217853819255158232e+00
6.917600000000263208e+03 1.135281201074716417e+00
6.918400000000263390e+03 1.071998746932950164e+00
6.919200000000263572e+03 1.076845443627647558e+00
6.920000000000263753e+03 1.163976280070775582e+00
6.920800000000263935e+03 1.228846367739871770e+00
6.921600000000264117e+03 1.198659665326294199e+00
6.922400000000264299e+03 1.147451480309388927e+00
6.923200000000264481e+03 1.195395983334718970e+00
6.924000000000264663e+03 1.303113292375416954e+00
6.924800000000264845e+03 1.290980686248589082e+00
6.925600000000265027e+03 1.216790359084760631e+00
6.926400000000265209e+03 1.190212942644860439e+00
6.927200000000265391e+03 1.224767279591199021e+00
6.928000000000265572e+03 1.234462853435196683e+00
6.928800000000265754e+03 1.213608684779050817e+00
6.929600000000265936e+03 1.213379666235926191e+00
6.930400000000266118e+03 1.263692903042603621e+00
6.931200000000266300e+03 1.322886203961134655e+00
6.932000000000266482e+03 1.361879210443575294e+00
6.932800000000266664e+03 1.348772055346950882e+00
6.933600000000266846e+03 1.306735740344903585e+00
6.934400000000267028e+03 1.257408621385630587e+00
6.935200000000267210e+03 1.182254912433838179e+00
6.936000000000267391e+03 1.137490702460117742e+00
6.936800000000267573e+03 1.164797145971352643e+00
6.937600000000267755e+03 1.209907692184811534e+00
6.938400000000267937e+03 1.217075313626295507e+00
6.939200000000268119e+03 1.219349970595887234e+00
6.940000000000268301e+03 1.169763999084732831e+00
6.940800000000268483e+03 1.053124419618378660e+00
6.941600000000268665e+03 9.709217849994913330e-01
6.942400000000268847e+03 9.842747487551577468e-01
6.943200000000269029e+03 1.047614970762426267e+00
6.944000000000269210e+03 1.116097668212583827e+00
6.944800000000269392e+03 1.211073941067458914e+00
6.945600000000269574e+03 1.278489269862975952e+00
6.946400000000269756e+03 1.245169021877434279e+00
6.947200000000269938e+03 1.196085378944679478e+00
6.948000000000270120e+03 1.224998054516370782e+00
6.948800000000270302e+03 1.242365261002594590e+00
6.949600000000270484e+03 1.247517658520506112e+00
6.950400000000270666e+03 1.252212965852548709e+00
6.951200000000270848e+03 1.182241459242135306e+00
6.952000000000271029e+03 1.124331183234669407e+00
6.952800000000271211e+03 1.054164366083555571e+00
6.953600000000271393e+03 8.734702572053103520e-01
6.954400000000271575e+03 8.178781756652973023e-01
6.955200000000271757e+03 1.031540848447992653e+00
6.956000000000271939e+03 1.288425523939499717e+00
6.956800000000272121e+03 1.400246486968195203e+00
6.957600000000272303e+03 1.361850244362504458e+00
6.958400000000272485e+03 1.305517654380529358e+00
6.959200000000272667e+03 1.303625767200490726e+00
6.960000000000272848e+03 1.271688757498806055e+00
6.960800000000273030e+03 1.155272840795736666e+00
6.961600000000273212e+03 1.084086412679743594e+00
6.962400000000273394e+03 1.093023936454626366e+00
6.963200000000273576e+03 1.157738531564043161e+00
6.964000000000273758e+03 1.199810532349708359e+00
6.964800000000273940e+03 1.218447802661053903e+00
6.965600000000274122e+03 1.225259281613808593e+00
6.966400000000274304e+03 1.213868902011314255e+00
6.967200000000274486e+03 1.170637854661336075e+00
6.968000000000274667e+03 1.111055169388876607e+00
6.968800000000274849e+03 1.113778277282465368e+00
6.969600000000275031e+03 1.155350035235549466e+00
6.970400000000275213e+03 1.123528347435274632e+00
6.971200000000275395e+03 1.120437412800889376e+00
6.972000000000275577e+03 1.132351024728388111e+00
6.972800000000275759e+03 1.090744363349238188e+00
6.973600000000275941e+03 1.066569778146356118e+00
6.974400000000276123e+03 1.103647233438477482e+00
6.975200000000276304e+03 1.122375732642490354e+00
6.976000000000276486e+03 1.097862609045343607e+00
6.976800000000276668e+03 1.134672788415084455e+00
6.977600000000276850e+03 1.217505870257695078e+00
6.978400000000277032e+03 1.258611045190138444e+00
6.979200000000277214e+03 1.202418155362290797e+00
6.980000000000277396e+03 1.127750723624862728e+00
6.980800000000277578e+03 1.159383857880843305e+00
6.981600000000277760e+03 1.270828803954070718e+00
6.982400000000277942e+03 1.319970932954838361e+00
6.983200000000278123e+03 1.333766604467553130e+00
6.984000000000278305e+03 1.372377008439863211e+00
6.984800000000278487e+03 1.420136645190775093e+00
6.985600000000278669e+03 1.401681852042233833e+00
6.986400000000278851e+03 1.313950085975572168e+00
6.987200000000279033e+03 1.228100484055399955e+00
6.988000000000279215e+03 1.182465692351323705e+00
6.988800000000279397e+03 1.191100937269844451e+00
6.989600000000279579e+03 1.247085581767808815e+00
6.990400000000279761e+03 1.286002091862610497e+00
6.991200000000279942e+03 1.232313180143324916e+00
6.992000000000280124e+03 1.204939945210678598e+00
6.992800000000280306e+03 1.235946628092328137e+00
6.993600000000280488e+03 1.271696476766039918e+00
6.994400000000280670e+03 1.281781330694154564e+00
6.995200000000280852e+03 1.250432639577871985e+00
6.996000000000281034e+03 1.169561611273816748e+00
6.996800000000281216e+03 1.102783670103685054e+00
6.997600000000281398e+03 1.127094247507584468e+00
6.998400000000281580e+03 1.210192378498070376e+00
6.999200000000281761e+03 1.227139201655534251e+00
7.000000000000281943e+03 1.159652644634471486e+00
7.000800000000282125e+03 1.205236714671313880e+00
7.001600000000282307e+03 1.349563704570050593e+00
7.002400000000282489e+03 1.419219492592773246e+00
7.003200000000282671e+03 1.357561946954981780e+00
7.004000000000282853e+03 1.279651131174905476e+00
7.004800000000283035e+03 1.229624991780686738e+00
7.005600000000283217e+03 1.152944800168698603e+00
7.006400000000283399e+03 1.097640706763587160e+00
7.007200000000283580e+03 1.140411935244983965e+00
7.008000000000283762e+03 1.252204863333530760e+00
7.008800000000283944e+03 1.346668624976814055e+00
7.009600000000284126e+03 1.373575873322876895e+00
7.010400000000284308e+03 1.335759801335157704e+00
7.011200000000284490e+03 1.247323589104013530e+00
7.012000000000284672e+03 1.164874047230275211e+00
7.012800000000284854e+03 1.087310597951635316e+00
7.013600000000285036e+03 1.024374457486948442e+00
7.014400000000285218e+03 1.046617102862308801e+00
7.015200000000285399e+03 1.201288795620101046e+00
7.016000000000285581e+03 1.358900918499739818e+00
7.016800000000285763e+03 1.381569562812398289e+00
7.017600000000285945e+03 1.321890386525779171e+00
7.018400000000286127e+03 1.271692709281826428e+00
7.019200000000286309e+03 1.268475703186834558e+00
7.020000000000286491e+03 1.275529472842380940e+00
7.020800000000286673e+03 1.227099199123685702e+00
7.021600000000286855e+03 1.186753880157358054e+00
7.022400000000287037e+03 1.181244800980287391e+00
7.023200000000287218e+03 1.195902743947724556e+00
7.024000000000287400e+03 1.258090728898055843e+00
7.024800000000287582e+03 1.298045621335353950e+00
7.025600000000287764e+03 1.292090196237402511e+00
7.026400000000287946e+03 1.271648275041450615e+00
7.027200000000288128e+03 1.315985081540754997e+00
7.028000000000288310e+03 1.421593616338650667e+00
7.028800000000288492e+03 1.446311126731488539e+00
7.029600000000288674e+03 1.367430049049555008e+00
7.030400000000288856e+03 1.310553300932445264e+00
7.031200000000289037e+03 1.308344713033555706e+00
7.032000000000289219e+03 1.299840123340037623e+00
7.032800000000289401e+03 1.298224239074832642e+00
7.033600000000289583e+03 1.300149672014609958e+00
7.034400000000289765e+03 1.288953619872336587e+00
7.035200000000289947e+03 1.314532518315569387e+00
7.036000000000290129e+03 1.358225949094556739e+00
7.036800000000290311e+03 1.317343025189521288e+00
7.037600000000290493e+03 1.210433702949951673e+00
7.038400000000290675e+03 1.167468459568740791e+00
7.039200000000290856e+03 1.225572033477636547e+00
7.040000000000291038e+03 1.286933767780216620e+00
7.040800000000291220e+03 1.270797447115704637e+00
7.041600000000291402e+03 1.217992338635662808e+00
7.042400000000291584e+03 1.148975713122465603e+00
7.043200000000291766e+03 1.101983165378358276e+00
7.044000000000291948e+03 1.126178397903376815e+00
7.044800000000292130e+03 1.200473729400585610e+00
7.045600000000292312e+03 1.255594324187836008e+00
7.046400000000292493e+03 1.300238765420381082e+00
7.047200000000292675e+03 1.343019365541954890e+00
7.048000000000292857e+03 1.348730277523149113e+00
7.048800000000293039e+03 1.333956696612426551e+00
7.049600000000293221e+03 1.353727868233395082e+00
7.050400000000293403e+03 1.454077824619188553e+00
7.051200000000293585e+03 1.468248779223707334e+00
7.052000000000293767e+03 1.332941196188127009e+00
7.052800000000293949e+03 1.221984942550484066e+00
7.053600000000294131e+03 1.257896408279548961e+00
7.054400000000294312e+03 1.325686162041207705e+00
7.055200000000294494e+03 1.334128873192930165e+00
7.056000000000294676e+03 1.283318993218295567e+00
7.056800000000294858e+03 1.248303789960560239e+00
7.057600000000295040e+03 1.278985123266024093e+00
7.058400000000295222e+03 1.313687730770008777e+00
7.059200000000295404e+03 1.351733720481445022e+00
7.060000000000295586e+03 1.378855007936806931e+00
7.060800000000295768e+03 1.354227245624506804e+00
7.061600000000295950e+03 1.326880964051735390e+00
7.062400000000296131e+03 1.316380803547570810e+00
7.063200000000296313e+03 1.312109729624227450e+00
7.064000000000296495e+03 1.356216492981633825e+00
7.064800000000296677e+03 1.407435214623558473e+00
7.065600000000296859e+03 1.399818792648557686e+00
7.066400000000297041e+03 1.377328583914182669e+00
7.067200000000297223e+03 1.399479604520843967e+00
7.068000000000297405e+03 1.459765010958071763e+00
7.068800000000297587e+03 1.544121213286939742e+00
7.069600000000297769e+03 1.548813223469442946e+00
7.070400000000297950e+03 1.518179350784250037e+00
7.071200000000298132e+03 1.524451583596027060e+00
7.072000000000298314e+03 1.497230410432965897e+00
7.072800000000298496e+03 1.399763297602905965e+00
7.073600000000298678e+03 1.326284722255121062e+00
7.074400000000298860e+03 1.304502139015946138e+00
7.075200000000299042e+03 1.297413346022794123e+00
7.076000000000299224e+03 1.358832053026405973e+00
7.076800000000299406e+03 1.459331915632440468e+00
7.077600000000299588e+03 1.486968520903216184e+00
7.078400000000299769e+03 1.397997728500894432e+00
7.079200000000299951e+03 1.277462770552239890e+00
7.080000000000300133e+03 1.259313429688841079e+00
7.080800000000300315e+03 1.369316773969565970e+00
7.081600000000300497e+03 1.442845021304804742e+00
7.082400000000300679e+03 1.377458307789452885e+00
7.083200000000300861e+03 1.320454739833494706e+00
7.084000000000301043e+03 1.368897940042144157e+00
7.084800000000301225e+03 1.443800382627272061e+00
7.085600000000301407e+03 1.471319502558404935e+00
7.086400000000301588e+03 1.455793220319565595e+00
7.087200000000301770e+03 1.400204375640871746e+00
7.088000000000301952e+03 1.375914562359850324e+00
7.088800000000302134e+03 1.423614687240227994e+00
7.089600000000302316e+03 1.439913099721706669e+00
7.090400000000302498e+03 1.428317993475272107e+00
7.091200000000302680e+03 1.425045828774069712e+00
7.092000000000302862e+03 1.380639677373224350e+00
7.092800000000303044e+03 1.314710812550938801e+00
7.093600000000303226e+03 1.299810695606989253e+00
7.094400000000303407e+03 1.341511402012291576e+00
7.095200000000303589e+03 1.394301852307049394e+00
7.096000000000303771e+03 1.450556056203208488e+00
7.096800000000303953e+03 1.433824336226513285e+00
7.097600000000304135e+03 1.410343375461933668e+00
7.098400000000304317e+03 1.426989025518475174e+00
7.099200000000304499e+03 1.404276068375667652e+00
7.100000000000304681e+03 1.339374529730352315e+00
7.100800000000304863e+03 1.312141001339986346e+00
7.101600000000305045e+03 1.362366642329457367e+00
7.102400000000305226e+03 1.418801852457482138e+00
7.103200000000305408e+03 1.445282292335671404e+00
7.104000000000305590e+03 1.447482640190588921e+00
7.104800000000305772e+03 1.452369027868837925e+00
7.105600000000305954e+03 1.490455542604468997e+00
7.106400000000306136e+03 1.572294189118387031e+00
7.107200000000306318e+03 1.618361053855934539e+00
7.108000000000306500e+03 1.533857191801505593e+00
7.108800000000306682e+03 1.419940541914999965e+00
7.109600000000306864e+03 1.396336583998752490e+00
7.110400000000307045e+03 1.464918522330602269e+00
7.111200000000307227e+03 1.531988097988401964e+00
7.112000000000307409e+03 1.515602632460377297e+00
7.112800000000307591e+03 1.460488185449758003e+00
7.113600000000307773e+03 1.475422063032016951e+00
7.114400000000307955e+03 1.536616336707260722e+00
7.115200000000308137e+03 1.558642076822404743e+00
7.116000000000308319e+03 1.487059287886449255e+00
7.116800000000308501e+03 1.406712099379623382e+00
7.117600000000308683e+03 1.368428651745084546e+00
7.118400000000308864e+03 1.338449462837409065e+00
7.119200000000309046e+03 1.377773009736817933e+00
7.120000000000309228e+03 1.474007384184243818e+00
7.120800000000309410e+03 1.493968497578196164e+00
7.121600000000309592e+03 1.431667678100525087e+00
7.122400000000309774e+03 1.373201934815442726e+00
7.123200000000309956e+03 1.388647374391004163e+00
7.124000000000310138e+03 1.467884042065901617e+00
7.124800000000310320e+03 1.532980838602955309e+00
7.125600000000310501e+03 1.508496770933400732e+00
7.126400000000310683e+03 1.463606925208725151e+00
7.127200000000310865e+03 1.449391927203675268e+00
7.128000000000311047e+03 1.450613162044626758e+00
7.128800000000311229e+03 1.455042130807620016e+00
7.129600000000311411e+03 1.472134820232941177e+00
7.130400000000311593e+03 1.558579768674998922e+00
7.131200000000311775e+03 1.690809927931760326e+00
7.132000000000311957e+03 1.722826718478263519e+00
7.132800000000312139e+03 1.611912672267615365e+00
7.133600000000312320e+03 1.508779984220056880e+00
7.134400000000312502e+03 1.476798930103091045e+00
7.135200000000312684e+03 1.462961146760181297e+00
7.136000000000312866e+03 1.460408437251561109e+00
7.136800000000313048e+03 1.502281198050085198e+00
7.137600000000313230e+03 1.551557936650940661e+00
7.138400000000313412e+03 1.595403747045211373e+00
7.139200000000313594e+03 1.601129415341313367e+00
7.140000000000313776e+03 1.547972936444085734e+00
7.140800000000313958e+03 1.471222334583845548e+00
7.141600000000314139e+03 1.349755118955775490e+00
7.142400000000314321e+03 1.228297965227434618e+00
7.143200000000314503e+03 1.221009565873419245e+00
7.144000000000314685e+03 1.318892541001213115e+00
7.144800000000314867e+03 1.458363615210124919e+00
7.145600000000315049e+03 1.503172261856192016e+00
7.146400000000315231e+03 1.420987078691301919e+00
7.147200000000315413e+03 1.297605539876805603e+00
7.148000000000315595e+03 1.159168505317552222e+00
7.148800000000315777e+03 1.198638981192470476e+00
7.149600000000315958e+03 1.418728769191483607e+00
7.150400000000316140e+03 1.536289721671858954e+00
7.151200000000316322e+03 1.517037950334081176e+00
7.152000000000316504e+03 1.494091581016764980e+00
7.152800000000316686e+03 1.484543819645890217e+00
7.153600000000316868e+03 1.441785458071899173e+00
7.154400000000317050e+03 1.438207442018881288e+00
7.155200000000317232e+03 1.456320035116539513e+00
7.156000000000317414e+03 1.467605652653346970e+00
7.156800000000317596e+03 1.520976974182834063e+00
7.157600000000317777e+03 1.565849180611621261e+00
7.158400000000317959e+03 1.536684400488748103e+00
7.159200000000318141e+03 1.492181027628824097e+00
7.160000000000318323e+03 1.501964030334135503e+00
7.160800000000318505e+03 1.618608875328994001e+00
7.161600000000318687e+03 1.732815298512243807e+00
7.162400000000318869e+03 1.750111121208581810e+00
7.163200000000319051e+03 1.678324499211717225e+00
7.164000000000319233e+03 1.619333709147328992e+00
7.164800000000319415e+03 1.653231282545148950e+00
7.165600000000319596e+03 1.709954273896526100e+00
7.166400000000319778e+03 1.714210552715157210e+00
7.167200000000319960e+03 1.719561324122388157e+00
7.168000000000320142e+03 1.761891946846136259e+00
7.168800000000320324e+03 1.729921115686889443e+00
7.169600000000320506e+03 1.653553167810814628e+00
7.170400000000320688e+03 1.653084327659041453e+00
7.171200000000320870e+03 1.704207651384238353e+00
7.172000000000321052e+03 1.715791952766863249e+00
7.172800000000321234e+03 1.701525842024108837e+00
7.173600000000321415e+03 1.762969485227888544e+00
7.174400000000321597e+03 1.886500458910452593e+00
7.175200000000321779e+03 1.956602726347854482e+00
7.176000000000321961e+03 1.946813942975095024e+00
7.176800000000322143e+03 1.926353074542933808e+00
7.177600000000322325e+03 1.882821781150724849e+00
7.178400000000322507e+03 1.801045500294584434e+00
7.179200000000322689e+03 1.742908883720362567e+00
7.180000000000322871e+03 1.795276089759565430e+00
7.180800000000323053e+03 1.879773702312811601e+00
7.181600000000323234e+03 1.916663690825566757e+00
7.182400000000323416e+03 1.882957106554781657e+00
7.183200000000323598e+03 1.864493328717932163e+00
7.184000000000323780e+03 1.883486168774411551e+00
7.184800000000323962e+03 1.903801536321514387e+00
7.185600000000324144e+03 1.910246825521837444e+00
7.186400000000324326e+03 1.878809376524432473e+00
7.187200000000324508e+03 1.868886517552980076e+00
7.188000000000324690e+03 1.892096806000734155e+00
7.188800000000324872e+03 1.961118001506384267e+00
7.189600000000325053e+03 2.015842447543415794e+00
7.190400000000325235e+03 2.020110799311503058e+00
7.191200000000325417e+03 2.020594147082304559e+00
7.192000000000325599e+03 1.941937305271490555e+00
7.192800000000325781e+03 1.849514350270935026e+00
7.193600000000325963e+03 1.869022588361878068e+00
7.194400000000326145e+03 1.897275399833596499e+00
7.195200000000326327e+03 1.933998163049537311e+00
7.196000000000326509e+03 1.944437057037097016e+00
7.196800000000326690e+03 1.824289598207755825e+00
7.197600000000326872e+03 1.736862621662123018e+00
7.198400000000327054e+03 1.773393628535650635e+00
7.199200000000327236e+03 1.890272014662343292e+00
7.200000000000327418e+03 2.078157657260260027e+00
7.200800000000327600e+03 2.167956675555657853e+00
7.201600000000327782e+03 2.040250363979148052e+00
7.202400000000327964e+03 1.899906193293225964e+00
7.203200000000328146e+03 1.865648251949803438e+00
7.204000000000328328e+03 1.873624045872868571e+00
7.204800000000328509e+03 1.874609440057624532e+00
7.205600000000328691e+03 1.884852807129387520e+00
7.206400000000328873e+03 1.909016849823143902e+00
7.207200000000329055e+03 1.938082534733305939e+00
7.208000000000329237e+03 1.974248635408113683e+00
7.208800000000329419e+03 1.998233554922085986e+00
7.209600000000329601e+03 1.948218790984738824e+00
7.210400000000329783e+03 1.837907118630226488e+00
7.211200000000329965e+03 1.856360431357812590e+00
7.212000000000330147e+03 1.961997419802909537e+00
7.212800000000330328e+03 1.950013526762606642e+00
7.213600000000330510e+03 1.870037292546511631e+00
7.214400000000330692e+03 1.837903675420471838e+00
7.215200000000330874e+03 1.866626753446118947e+00
7.216000000000331056e+03 1.926281192639733852e+00
7.216800000000331238e+03 1.972147468933306502e+00
7.217600000000331420e+03 1.981003765207566047e+00
7.218400000000331602e+03 2.028467440316040982e+00
7.219200000000331784e+03 2.061646117200256256e+00
7.220000000000331966e+03 1.968474557700799155e+00
7.220800000000332147e+03 1.848465853369895884e+00
7.221600000000332329e+03 1.842952274882557306e+00
7.222400000000332511e+03 1.887020160983139183e+00
7.223200000000332693e+03 1.877633793502802462e+00
7.224000000000332875e+03 1.895192201403635757e+00
7.224800000000333057e+03 1.949767699219791872e+00
7.225600000000333239e+03 1.834596256021762350e+00
7.226400000000333421e+03 1.558918015714892302e+00
7.227200000000333603e+03 1.370423896444335377e+00
7.228000000000333785e+03 1.417003512413084199e+00
7.228800000000333966e+03 1.587189479540221271e+00
7.229600000000334148e+03 1.704421331804476747e+00
7.230400000000334330e+03 1.791876814372812099e+00
7.231200000000334512e+03 1.886845340690620709e+00
7.232000000000334694e+03 1.949514718654547840e+00
7.232800000000334876e+03 1.960103195399611309e+00
7.233600000000335058e+03 1.921564332771906747e+00
7.234400000000335240e+03 1.866567879002546171e+00
7.235200000000335422e+03 1.848903046877946155e+00
7.236000000000335604e+03 1.891330241870600837e+00
7.236800000000335785e+03 1.914176343790274348e+00
7.237600000000335967e+03 1.857973326172499773e+00
7.238400000000336149e+03 1.711570837876442708e+00
7.239200000000336331e+03 1.585304407370456303e+00
7.240000000000336513e+03 1.611425125131429326e+00
7.240800000000336695e+03 1.719668715997072272e+00
7.241600000000336877e+03 1.743686409150187355e+00
7.242400000000337059e+03 1.727672510972518394e+00
7.243200000000337241e+03 1.882885584925038103e+00
7.244000000000337423e+03 2.023924848595881176e+00
7.244800000000337604e+03 2.072089467982954680e+00
7.245600000000337786e+03 2.156192500931893186e+00
7.246400000000337968e+03 2.280717198340693308e+00
7.247200000000338150e+03 2.409659539013074614e+00
7.248000000000338332e+03 2.544946422017094534e+00
7.248800000000338514e+03 2.464936702479881614e+00
7.249600000000338696e+03 2.183341499253914630e+00
7.250400000000338878e+03 1.929408168738637297e+00
7.251200000000339060e+03 1.775281101556626329e+00
7.252000000000339242e+03 1.701124849875586431e+00
7.252800000000339423e+03 1.746514853822740410e+00
7.253600000000339605e+03 1.849431944469773104e+00
7.254400000000339787e+03 1.930742795402088152e+00
7.255200000000339969e+03 1.987078146441939808e+00
7.256000000000340151e+03 1.977229355054159754e+00
7.256800000000340333e+03 1.949088972053307334e+00
7.257600000000340515e+03 1.890885890274733638e+00
7.258400000000340697e+03 1.801096844383207385e+00
7.259200000000340879e+03 1.815897079458826058e+00
7.260000000000341061e+03 1.905555883676254947e+00
7.260800000000341242e+03 1.873801254342445821e+00
7.261600000000341424e+03 1.821265225676970800e+00
7.262400000000341606e+03 1.817592553395648736e+00
7.263200000000341788e+03 1.766932885200740877e+00
7.264000000000341970e+03 1.706882922248989187e+00
7.264800000000342152e+03 1.740180307683433014e+00
7.265600000000342334e+03 1.838391567141829164e+00
7.266400000000342516e+03 1.823229319970192330e+00
7.267200000000342698e+03 1.722980518763158830e+00
7.268000000000342880e+03 1.669496961076178509e+00
7.268800000000343061e+03 1.653669008506186699e+00
7.269600000000343243e+03 1.670221131244400636e+00
7.270400000000343425e+03 1.712772024365918133e+00
7.271200000000343607e+03 1.761200487341530563e+00
7.272000000000343789e+03 1.778881322037338730e+00
7.272800000000343971e+03 1.796693159027074049e+00
7.273600000000344153e+03 1.838972287496524860e+00
7.274400000000344335e+03 1.863410772048233355e+00
7.275200000000344517e+03 1.884513401678263644e+00
7.276000000000344698e+03 1.900715913589868578e+00
7.276800000000344880e+03 1.884269971658889098e+00
7.277600000000345062e+03 1.780753458142244616e+00
7.278400000000345244e+03 1.640749096189388689e+00
7.279200000000345426e+03 1.567836079822093831e+00
7.280000000000345608e+03 1.501882597541284614e+00
7.280800000000345790e+03 1.589715601289023228e+00
7.281600000000345972e+03 1.646053596182111223e+00
7.282400000000346154e+03 1.616650837969933807e+00
7.283200000000346336e+03 1.669270272150945367e+00
7.284000000000346517e+03 1.759713380076730838e+00
7.284800000000346699e+03 1.793814211169698858e+00
7.285600000000346881e+03 1.763030956823471218e+00
7.286400000000347063e+03 1.714719239767940273e+00
7.287200000000347245e+03 1.771154180219463914e+00
7.288000000000347427e+03 1.829286106542978185e+00
7.288800000000347609e+03 1.838791727241777751e+00
7.289600000000347791e+03 1.839091136002128035e+00
7.290400000000347973e+03 1.778315938300659704e+00
7.291200000000348155e+03 1.720826270865466245e+00
7.292000000000348336e+03 1.789906481131809723e+00
7.292800000000348518e+03 1.864537473574245485e+00
7.293600000000348700e+03 1.769066603703194129e+00
7.294400000000348882e+03 1.639365779183026062e+00
7.295200000000349064e+03 1.613658937494843126e+00
7.296000000000349246e+03 1.658391661148037599e+00
7.296800000000349428e+03 1.710080592164520130e+00
7.297600000000349610e+03 1.757113816499260128e+00
7.298400000000349792e+03 1.759759442423124653e+00
7.299200000000349974e+03 1.700117130821406697e+00
7.300000000000350155e+03 1.662261105047392107e+00
7.300800000000350337e+03 1.675691898580115247e+00
7.301600000000350519e+03 1.684058628755655151e+00
7.302400000000350701e+03 1.692252529037751474e+00
7.303200000000350883e+03 1.665096821736922639e+00
7.304000000000351065e+03 1.582834108974551235e+00
7.304800000000351247e+03 1.533225721499110072e+00
7.305600000000351429e+03 1.497491927795863154e+00
7.306400000000351611e+03 1.450225763439791704e+00
7.307200000000351793e+03 1.462215385045174898e+00
7.308000000000351974e+03 1.501768566064121568e+00
7.308800000000352156e+03 1.508369455687667449e+00
7.309600000000352338e+03 1.563252058719615700e+00
7.310400000000352520e+03 1.602991217995565210e+00
7.311200000000352702e+03 1.588422129225945501e+00
7.312000000000352884e+03 1.566135004955177434e+00
7.312800000000353066e+03 1.600480196041645709e+00
7.313600000000353248e+03 1.677546447816706809e+00
7.314400000000353430e+03 1.693261890123655800e+00
7.315200000000353612e+03 1.553201743186837902e+00
7.316000000000353793e+03 1.442172935207636009e+00
7.316800000000353975e+03 1.464795082679237526e+00
7.317600000000354157e+03 1.476891536011007755e+00
7.318400000000354339e+03 1.516950518313458840e+00
7.319200000000354521e+03 1.545551548942778020e+00
7.320000000000354703e+03 1.437894254731762800e+00
7.320800000000354885e+03 1.331837882866654610e+00
7.321600000000355067e+03 1.340637340469452266e+00
7.322400000000355249e+03 1.344737571003224552e+00
7.323200000000355431e+03 1.325909918781562613e+00
7.324000000000355612e+03 1.351988026685425837e+00
7.324800000000355794e+03 1.386273049902143395e+00
7.325600000000355976e+03 1.395867969102909223e+00
7.326400000000356158e+03 1.398514741518073201e+00
7.327200000000356340e+03 1.395327639301245704e+00
7.328000000000356522e+03 1.402633840013202349e+00
7.328800000000356704e+03 1.340876172641256359e+00
7.329600000000356886e+03 1.304322962593523316e+00
7.330400000000357068e+03 1.413652124332133608e+00
7.331200000000357250e+03 1.526612553227741920e+00
7.332000000000357431e+03 1.463771719255643200e+00
7.332800000000357613e+03 1.348542359235377130e+00
7.333600000000357795e+03 1.296298799459752793e+00
7.334400000000357977e+03 1.284456280385453342e+00
7.335200000000358159e+03 1.334909630996348628e+00
7.336000000000358341e+03 1.403988147393743002e+00
7.336800000000358523e+03 1.480939545558105142e+00
7.337600000000358705e+03 1.510434721818499471e+00
7.338400000000358887e+03 1.439230097961498700e+00
7.339200000000359069e+03 1.377567234415605357e+00
7.340000000000359250e+03 1.388458305937911419e+00
7.340800000000359432e+03 1.416977195895005037e+00
7.341600000000359614e+03 1.380413463300271593e+00
7.342400000000359796e+03 1.161808520926274735e+00
7.343200000000359978e+03 9.980618993939557315e-01
7.344000000000360160e+03 1.107656389178522272e+00
7.344800000000360342e+03 1.220518402242611433e+00
7.345600000000360524e+03 1.229305761744652781e+00
7.346400000000360706e+03 1.245561592168451526e+00
7.347200000000360887e+03 1.271123776182233378e+00
7.348000000000361069e+03 1.321807384711090272e+00
7.348800000000361251e+03 1.336026890098822140e+00
7.349600000000361433e+03 1.286693759939618875e+00
7.350400000000361615e+03 1.255944448626467036e+00
7.351200000000361797e+03 1.258561815779843052e+00
7.352000000000361979e+03 1.298548700848960458e+00
7.352800000000362161e+03 1.345943767137865343e+00
7.353600000000362343e+03 1.330336197426878808e+00
7.354400000000362525e+03 1.302420735144935726e+00
7.355200000000362706e+03 1.360604380936990321e+00
7.356000000000362888e+03 1.450348921284120962e+00
7.356800000000363070e+03 1.485887312975097352e+00
7.357600000000363252e+03 1.464036291769755804e+00
7.358400000000363434e+03 1.423755695142689293e+00
7.359200000000363616e+03 1.383720339593565107e+00
7.360000000000363798e+03 1.405991039211098359e+00
7.360800000000363980e+03 1.395395846288630892e+00
7.361600000000364162e+03 1.227046963222945042e+00
7.362400000000364344e+03 1.177176004291295985e+00
7.363200000000364525e+03 1.299359837780563076e+00
7.364000000000364707e+03 1.395580800521289966e+00
7.364800000000364889e+03 1.417926000693461308e+00
7.365600000000365071e+03 1.393645273108066185e+00
7.366400000000365253e+03 1.336808051255569119e+00
7.367200000000365435e+03 1.334596265651834646e+00
7.368000000000365617e+03 1.326291326875517651e+00
7.368800000000365799e+03 1.300628544076028348e+00
7.369600000000365981e+03 1.313277854961810709e+00
7.370400000000366163e+03 1.321452057579783901e+00
7.371200000000366344e+03 1.345894263701913562e+00
7.372000000000366526e+03 1.288359028137770368e+00
7.372800000000366708e+03 1.168187125298893125e+00
7.373600000000366890e+03 1.196572667906361742e+00
7.374400000000367072e+03 1.301143553551168175e+00
7.375200000000367254e+03 1.349991018386901054e+00
7.376000000000367436e+03 1.351826767477638969e+00
7.376800000000367618e+03 1.379436887166265890e+00
7.377600000000367800e+03 1.377210918746391677e+00
7.378400000000367982e+03 1.354053301309400936e+00
7.379200000000368163e+03 1.347030768189151129e+00
7.380000000000368345e+03 1.339879094970940265e+00
7.380800000000368527e+03 1.374815553018504666e+00
7.381600000000368709e+03 1.433527659134377519e+00
7.382400000000368891e+03 1.446557109079176229e+00
7.383200000000369073e+03 1.388209767880714152e+00
7.384000000000369255e+03 1.319789206989166352e+00
7.384800000000369437e+03 1.247590372775014833e+00
7.385600000000369619e+03 1.228721486665863782e+00
7.386400000000369801e+03 1.291431926270304675e+00
7.387200000000369982e+03 1.306503516877765669e+00
7.388000000000370164e+03 1.223188250885796968e+00
7.388800000000370346e+03 1.198499761359179683e+00
7.389600000000370528e+03 1.253594145552334727e+00
7.390400000000370710e+03 1.273358225894480444e+00
7.391200000000370892e+03 1.270701723067117372e+00
7.392000000000371074e+03 1.279607866442575848e+00
7.392800000000371256e+03 1.293894850851597500e+00
7.393600000000371438e+03 1.366095099243171518e+00
7.394400000000371620e+03 1.489334121188875759e+00
7.395200000000371801e+03 1.484112941783726658e+00
7.396000000000371983e+03 1.357665983427670531e+00
7.396800000000372165e+03 1.246486149081989847e+00
7.397600000000372347e+03 1.201637382889929606e+00
7.398400000000372529e+03 1.221374726802805899e+00
7.399200000000372711e+03 1.259643784804916233e+00
7.400000000000372893e+03 1.261489978152195768e+00
7.400800000000373075e+03 1.182124289030975550e+00
7.401600000000373257e+03 1.101333677678635548e+00
7.402400000000373439e+03 1.140356011653365975e+00
7.403200000000373620e+03 1.158006886967528626e+00
7.404000000000373802e+03 1.078917928261978298e+00
7.404800000000373984e+03 1.107250235565068852e+00
7.405600000000374166e+03 1.195665925599082247e+00
7.406400000000374348e+03 1.195543777046975453e+00
7.407200000000374530e+03 1.138008650422935641e+00
7.408000000000374712e+03 1.120474770629251271e+00
7.408800000000374894e+03 1.137029972403181155e+00
7.409600000000375076e+03 1.171076900295707102e+00
7.410400000000375258e+03 1.226431817041892858e+00
7.411200000000375439e+03 1.239378642858485202e+00
7.412000000000375621e+03 1.225251395238140528e+00
7.412800000000375803e+03 1.248668504292531622e+00
7.413600000000375985e+03 1.301822399304268796e+00
7.414400000000376167e+03 1.367410813794996738e+00
7.415200000000376349e+03 1.327754842626859499e+00
7.416000000000376531e+03 1.247935035854632169e+00
7.416800000000376713e+03 1.243382550264447328e+00
7.417600000000376895e+03 1.264879440982489722e+00
7.418400000000377077e+03 1.253807194636071376e+00
7.419200000000377258e+03 1.167749958230908991e+00
7.420000000000377440e+03 1.079520125993391089e+00
7.420800000000377622e+03 1.070135035118231714e+00
7.421600000000377804e+03 1.102086968453423577e+00
7.422400000000377986e+03 1.140827127079063752e+00
7.423200000000378168e+03 1.160176950452284084e+00
7.424000000000378350e+03 1.143229509943005429e+00
7.424800000000378532e+03 1.165804945167052686e+00
7.425600000000378714e+03 1.224772431401991657e+00
7.426400000000378895e+03 1.223633840379524163e+00
7.427200000000379077e+03 1.212585999177024032e+00
7.428000000000379259e+03 1.278112350185470092e+00
7.428800000000379441e+03 1.373240588119759797e+00
7.429600000000379623e+03 1.397048557902955901e+00
7.430400000000379805e+03 1.307111726900249682e+00
7.431200000000379987e+03 1.203594521309871990e+00
7.432000000000380169e+03 1.165632614118569776e+00
7.432800000000380351e+03 1.183781181424092166e+00
7.433600000000380533e+03 1.197479447003159780e+00
7.434400000000380714e+03 1.214467537031194810e+00
7.435200000000380896e+03 1.238728883108195067e+00
7.436000000000381078e+03 1.274761137978534409e+00
7.436800000000381260e+03 1.239835790068790855e+00
7.437600000000381442e+03 1.147437020624485493e+00
7.438400000000381624e+03 1.106807713887606237e+00
7.439200000000381806e+03 1.121465341226968171e+00
7.440000000000381988e+03 1.161367165757349884e+00
7.440800000000382170e+03 1.296044272248495055e+00
7.441600000000382352e+03 1.368426312677365697e+00
7.442400000000382533e+03 1.302354934418353816e+00
7.443200000000382715e+03 1.296288193126214461e+00
7.444000000000382897e+03 1.325419340016051883e+00
7.444800000000383079e+03 1.316077075595153856e+00
7.445600000000383261e+03 1.303952119354327532e+00
7.446400000000383443e+03 1.293436624121514500e+00
7.447200000000383625e+03 1.295276651438049154e+00
7.448000000000383807e+03 1.210182384506711006e+00
7.448800000000383989e+03 1.134210166805935893e+00
7.449600000000384171e+03 1.200862024699143271e+00
7.450400000000384352e+03 1.296262896199666059e+00
7.451200000000384534e+03 1.328406229578202424e+00
7.452000000000384716e+03 1.290380497387006553e+00
7.452800000000384898e+03 1.241612195567141086e+00
7.453600000000385080e+03 1.252404133721486623e+00
7.454400000000385262e+03 1.282115698768755863e+00
7.455200000000385444e+03 1.234602561369559481e+00
7.456000000000385626e+03 1.173818131598015180e+00
7.456800000000385808e+03 1.201833003374041642e+00
7.457600000000385990e+03 1.256938857458366865e+00
7.458400000000386171e+03 1.283590145371736213e+00
7.459200000000386353e+03 1.276688756428771221e+00
7.460000000000386535e+03 1.219267144896626576e+00
7.460800000000386717e+03 1.174040949304085313e+00
7.461600000000386899e+03 1.157433876987957078e+00
7.462400000000387081e+03 1.163695260792150465e+00
7.463200000000387263e+03 1.241863090106618106e+00
7.464000000000387445e+03 1.294678772563093716e+00
7.464800000000387627e+03 1.273057702712244055e+00
7.465600000000387809e+03 1.235815287478156055e+00
7.466400000000387990e+03 1.184941182239989566e+00
7.467200000000388172e+03 1.191176506186758965e+00
7.468000000000388354e+03 1.268443570387737029e+00
7.468800000000388536e+03 1.286746601228014208e+00
7.469600000000388718e+03 1.215543138211813812e+00
7.470400000000388900e+03 1.212693431261944621e+00
7.471200000000389082e+03 1.292460468018320707e+00
7.472000000000389264e+03 1.322929943731002034e+00
7.472800000000389446e+03 1.318746714282248433e+00
7.473600000000389628e+03 1.257744568371760074e+00
7.474400000000389809e+03 1.079803864135331137e+00
7.475200000000389991e+03 9.620003898312725621e-01
7.476000000000390173e+03 8.773904574168995829e-01
7.476800000000390355e+03 7.118592855752778892e-01
7.477600000000390537e+03 4.450827131507333334e-01
7.478400000000390719e+03 2.675327735615784519e-01
7.479200000000390901e+03 4.201796200142519089e-01
7.480000000000391083e+03 7.466609760612759050e-01
7.480800000000391265e+03 9.180498918558595012e-01
7.481600000000391447e+03 9.959967802426040739e-01
7.482400000000391628e+03 1.207754321899839667e+00
7.483200000000391810e+03 1.391919819385864621e+00
7.484000000000391992e+03 1.360658792515544668e+00
7.484800000000392174e+03 1.272163203406268206e+00
7.485600000000392356e+03 1.303929705070240308e+00
7.486400000000392538e+03 1.284437368430011883e+00
7.487200000000392720e+03 1.172544031936336939e+00
7.488000000000392902e+03 1.187638883372311494e+00
7.488800000000393084e+03 1.249184288218459837e+00
7.489600000000393266e+03 1.247137975925536990e+00
7.490400000000393447e+03 1.242943394406051727e+00
7.491200000000393629e+03 1.237750519445286690e+00
7.492000000000393811e+03 1.217366134931801902e+00
7.492800000000393993e+03 1.196136121005339614e+00
7.493600000000394175e+03 1.204456917142669337e+00
7.494400000000394357e+03 1.291321951345413943e+00
7.495200000000394539e+03 1.313594135422377462e+00
7.496000000000394721e+03 1.074918721540937483e+00
7.496800000000394903e+03 6.857409637417448689e-01
7.497600000000395084e+03 4.208275204575033790e-01
7.498400000000395266e+03 4.672414957729852381e-01
7.499200000000395448e+03 7.667497480415650379e-01
7.500000000000395630e+03 1.046310381434203185e+00
7.500800000000395812e+03 1.125701398866458147e+00
7.501600000000395994e+03 1.107393770009306166e+00
7.502400000000396176e+03 1.141066411147813930e+00
7.503200000000396358e+03 1.197596511311723511e+00
7.504000000000396540e+03 1.225076341871005781e+00
7.504800000000396722e+03 1.232799154259187624e+00
7.505600000000396903e+03 1.217363334134249353e+00
7.506400000000397085e+03 1.218502681079811190e+00
7.507200000000397267e+03 1.220062356188742037e+00
7.508000000000397449e+03 1.185190650819232250e+00
7.508800000000397631e+03 1.125720715017993756e+00
7.509600000000397813e+03 1.104390289786761459e+00
7.510400000000397995e+03 1.155146550229988689e+00
7.511200000000398177e+03 1.210701674954792306e+00
7.512000000000398359e+03 1.204212538279156863e+00
7.512800000000398541e+03 1.133375418112733568e+00
7.513600000000398722e+03 1.130422833891449930e+00
7.514400000000398904e+03 1.224446851454234153e+00
7.515200000000399086e+03 1.322376047845523761e+00
7.516000000000399268e+03 1.306958824205034508e+00
7.516800000000399450e+03 1.285752924774623107e+00
7.517600000000399632e+03 1.354769902389578728e+00
7.518400000000399814e+03 1.334666174054722099e+00
7.519200000000399996e+03 1.241383379335448067e+00
7.520000000000400178e+03 1.220168892406675365e+00
7.520800000000400360e+03 1.240044722549241474e+00
7.521600000000400541e+03 1.205976817610070251e+00
7.522400000000400723e+03 1.165368191913214169e+00
7.523200000000400905e+03 1.123580227108915253e+00
7.524000000000401087e+03 1.079153098167473290e+00
7.524800000000401269e+03 1.058561585535081839e+00
7.525600000000401451e+03 1.078074806163433097e+00
7.526400000000401633e+03 1.092406607682980368e+00
7.527200000000401815e+03 1.161220827105260867e+00
7.528000000000401997e+03 1.241204971582737571e+00
7.528800000000402179e+03 1.231057557029517024e+00
7.529600000000402360e+03 1.198866849339271123e+00
7.530400000000402542e+03 1.192256952306747664e+00
7.531200000000402724e+03 1.129600917660834369e+00
7.532000000000402906e+03 1.047743620385703345e+00
7.532800000000403088e+03 1.029383508964825999e+00
7.533600000000403270e+03 1.084658543171392653e+00
7.534400000000403452e+03 1.145141050957079187e+00
7.535200000000403634e+03 1.139529707108854595e+00
7.536000000000403816e+03 1.127036551488648231e+00
7.536800000000403998e+03 1.206676703969134623e+00
7.537600000000404179e+03 1.359782039933974396e+00
7.538400000000404361e+03 1.397882186559145090e+00
7.539200000000404543e+03 1.280022112442955162e+00
7.540000000000404725e+03 1.155661120040139433e+00
7.540800000000404907e+03 1.147999810730650161e+00
7.541600000000405089e+03 1.153339121072715967e+00
7.542400000000405271e+03 1.139102125207429594e+00
7.543200000000405453e+03 1.177039281639507662e+00
7.544000000000405635e+03 1.241781255398857198e+00
7.544800000000405817e+03 1.262740774400653576e+00
7.545600000000405998e+03 1.297653519160445468e+00
7.546400000000406180e+03 1.332753713965406206e+00
7.547200000000406362e+03 1.317025916783445050e+00
7.548000000000406544e+03 1.267305941409489378e+00
7.548800000000406726e+03 1.209019473391509170e+00
7.549600000000406908e+03 1.165720092009767006e+00
7.550400000000407090e+03 1.138948621735561328e+00
7.551200000000407272e+03 1.158190802351736215e+00
7.552000000000407454e+03 1.211674325180690959e+00
7.552800000000407636e+03 1.256936212799367070e+00
7.553600000000407817e+03 1.224470178653184194e+00
7.554400000000407999e+03 1.198146700888411686e+00
7.555200000000408181e+03 1.268704757872650912e+00
7.556000000000408363e+03 1.320263442085201078e+00
7.556800000000408545e+03 1.306525431615206845e+00
7.557600000000408727e+03 1.269162678412763867e+00
7.558400000000408909e+03 1.301311478274217226e+00
7.559200000000409091e+03 1.345216157986492078e+00
7.560000000000409273e+03 1.330097071922938357e+00
7.560800000000409455e+03 1.271806438913330783e+00
7.561600000000409636e+03 1.228235494442261544e+00
7.562400000000409818e+03 1.232280217541469547e+00
7.563200000000410000e+03 1.295753861493991188e+00
7.564000000000410182e+03 1.336375439676066978e+00
7.564800000000410364e+03 1.309898932318637410e+00
7.565600000000410546e+03 1.251738818326096236e+00
7.566400000000410728e+03 1.221051736825583101e+00
7.567200000000410910e+03 1.269224816346926410e+00
7.568000000000411092e+03 1.321687271016376730e+00
7.568800000000411274e+03 1.313754375558397580e+00
7.569600000000411455e+03 1.312600688389685910e+00
7.570400000000411637e+03 1.333835549103079554e+00
7.571200000000411819e+03 1.318270085725977481e+00
7.572000000000412001e+03 1.328389020253313291e+00
7.572800000000412183e+03 1.258729381324964258e+00
7.573600000000412365e+03 1.071011667119488031e+00
7.574400000000412547e+03 9.988393099607784098e-01
7.575200000000412729e+03 1.069288998818850089e+00
7.576000000000412911e+03 1.166690845657329945e+00
7.576800000000413092e+03 1.253680297628690710e+00
7.577600000000413274e+03 1.317611463779893910e+00
7.578400000000413456e+03 1.291185730148006305e+00
7.579200000000413638e+03 1.229422617226826109e+00
7.580000000000413820e+03 1.238371612447419556e+00
7.580800000000414002e+03 1.299109394003071793e+00
7.581600000000414184e+03 1.343569496228104398e+00
7.582400000000414366e+03 1.356349544306866495e+00
7.583200000000414548e+03 1.365597641786560956e+00
7.584000000000414730e+03 1.379633132148147645e+00
7.584800000000414911e+03 1.391394220327690334e+00
7.585600000000415093e+03 1.377035531888265218e+00
7.586400000000415275e+03 1.381384780049113470e+00
7.587200000000415457e+03 1.390956791333425535e+00
7.588000000000415639e+03 1.452905793047226890e+00
7.588800000000415821e+03 1.583402860617821428e+00
7.589600000000416003e+03 1.561197338104868937e+00
7.590400000000416185e+03 1.432092872282635376e+00
7.591200000000416367e+03 1.354150992085799032e+00
7.592000000000416549e+03 1.344667822952671177e+00
7.592800000000416730e+03 1.324016424348211540e+00
7.593600000000416912e+03 1.303172635806436830e+00
7.594400000000417094e+03 1.345802697617045851e+00
7.595200000000417276e+03 1.336503871140253263e+00
7.596000000000417458e+03 1.239248342438463268e+00
7.596800000000417640e+03 1.180397536904921996e+00
7.597600000000417822e+03 1.243324767359948346e+00
7.598400000000418004e+03 1.305464472024370659e+00
7.599200000000418186e+03 1.175599388453971494e+00
7.600000000000418368e+03 1.024284171304362445e+00
7.600800000000418549e+03 1.157889939737708929e+00
7.601600000000418731e+03 1.380302335116559087e+00
7.602400000000418913e+03 1.468738752212716880e+00
7.603200000000419095e+03 1.360540396304021460e+00
7.604000000000419277e+03 1.175112876413826113e+00
7.604800000000419459e+03 1.157270492323557498e+00
7.605600000000419641e+03 1.066806445319859353e+00
7.606400000000419823e+03 8.536076282524328596e-01
7.607200000000420005e+03 8.754825164191515352e-01
7.608000000000420187e+03 1.100512553067976240e+00
7.608800000000420368e+03 1.257613088906120336e+00
7.609600000000420550e+03 1.204501280305493527e+00
7.610400000000420732e+03 1.077556470407101008e+00
7.611200000000420914e+03 9.719053677750696396e-01
7.612000000000421096e+03 9.834830117935438043e-01
7.612800000000421278e+03 1.030990710675093958e+00
7.613600000000421460e+03 1.052655134317255436e+00
7.614400000000421642e+03 1.136150165204220741e+00
7.615200000000421824e+03 1.216577860117990184e+00
7.616000000000422006e+03 1.221509856841387798e+00
7.616800000000422187e+03 1.197011095844830786e+00
7.617600000000422369e+03 1.147300941413112563e+00
7.618400000000422551e+03 1.077333519816268126e+00
7.619200000000422733e+03 1.075752058081571150e+00
7.620000000000422915e+03 1.144109244587574681e+00
7.620800000000022919e+03 1.125009026995639871e+00
7.621600000000023101e+03 1.066580441277730218e+00
7.622400000000023283e+03 1.095316111837893125e+00
7.623200000000023465e+03 1.184453754537099890e+00
7.624000000000023647e+03 1.272616895079679900e+00
7.624800000000023829e+03 1.265808903976501920e+00
7.625600000000024011e+03 1.186032332815196710e+00
7.626400000000024193e+03 1.154104751322527100e+00
7.627200000000024374e+03 1.145752631775854180e+00
7.628000000000024556e+03 1.113915748218930357e+00
7.628800000000024738e+03 1.132219750978027850e+00
7.629600000000024920e+03 1.218016875575593350e+00
7.630400000000025102e+03 1.434473742558354692e+00
7.631200000000025284e+03 1.573471142120943744e+00
7.632000000000025466e+03 1.422624267640561602e+00
7.632800000000025648e+03 1.267897919948289598e+00
7.633600000000025830e+03 1.238326462288962482e+00
7.634400000000026012e+03 1.256559964972327137e+00
7.635200000000026193e+03 1.241833517751880889e+00
7.636000000000026375e+03 1.320504345154964732e+00
7.636800000000026557e+03 1.381887911713290951e+00
7.637600000000026739e+03 1.308353139583793290e+00
7.638400000000026921e+03 1.276861054558903863e+00
7.639200000000027103e+03 1.302413769132093613e+00
7.640000000000027285e+03 1.242220590490560994e+00
7.640800000000027467e+03 1.218485920250283794e+00
7.641600000000027649e+03 1.271917693473118671e+00
7.642400000000027831e+03 1.271424570545504729e+00
7.643200000000028012e+03 1.248439190374289742e+00
7.644000000000028194e+03 1.274188022490686301e+00
7.644800000000028376e+03 1.290026555710669154e+00
7.645600000000028558e+03 1.240123542339454099e+00
7.646400000000028740e+03 1.160623152741540043e+00
7.647200000000028922e+03 1.155628376438143867e+00
7.648000000000029104e+03 1.219058181846272682e+00
7.648800000000029286e+03 1.243572522920195489e+00
7.649600000000029468e+03 1.257816084079088848e+00
7.650400000000029650e+03 1.249984563769899637e+00
7.651200000000029831e+03 1.254448416658701326e+00
7.652000000000030013e+03 1.344160931081916033e+00
7.652800000000030195e+03 1.422781843779787447e+00
7.653600000000030377e+03 1.352757198687524642e+00
7.654400000000030559e+03 1.308466623247752647e+00
7.655200000000030741e+03 1.376118684190099417e+00
7.656000000000030923e+03 1.413844248945890447e+00
7.656800000000031105e+03 1.357237598135687229e+00
7.657600000000031287e+03 1.296079261933869686e+00
7.658400000000031469e+03 1.242162806261759123e+00
7.659200000000031650e+03 1.170934595690548141e+00
7.660000000000031832e+03 1.140592995957305344e+00
7.660800000000032014e+03 1.178901281885123664e+00
7.661600000000032196e+03 1.228884649682612462e+00
7.662400000000032378e+03 1.222091177505267634e+00
7.663200000000032560e+03 1.138923092589338326e+00
7.664000000000032742e+03 1.153204468603686861e+00
7.664800000000032924e+03 1.367297854552726122e+00
7.665600000000033106e+03 1.478425086452982207e+00
7.666400000000033288e+03 1.389535972226949134e+00
7.667200000000033469e+03 1.240891151506307688e+00
7.668000000000033651e+03 1.201186064117003793e+00
7.668800000000033833e+03 1.238133433985622478e+00
7.669600000000034015e+03 1.254780226111116725e+00
7.670400000000034197e+03 1.241827587897192942e+00
7.671200000000034379e+03 1.239587754968152655e+00
7.672000000000034561e+03 1.249701249863436114e+00
7.672800000000034743e+03 1.273290719577663488e+00
7.673600000000034925e+03 1.298457661156538823e+00
7.674400000000035106e+03 1.301712587429111778e+00
7.675200000000035288e+03 1.280663589992573792e+00
7.676000000000035470e+03 1.262999289718361506e+00
7.676800000000035652e+03 1.243608472955277655e+00
7.677600000000035834e+03 1.234356198016987705e+00
7.678400000000036016e+03 1.258987761849234666e+00
7.679200000000036198e+03 1.240217718910753053e+00
7.680000000000036380e+03 1.208833758328647034e+00
7.680800000000036562e+03 1.211930503568559025e+00
7.681600000000036744e+03 1.225031333294281044e+00
7.682400000000036925e+03 1.223447175145576882e+00
7.683200000000037107e+03 1.217526650229594054e+00
7.684000000000037289e+03 1.193491513597226383e+00
7.684800000000037471e+03 1.132879220582672097e+00
7.685600000000037653e+03 1.076673215645939985e+00
7.686400000000037835e+03 1.114140257481717411e+00
7.687200000000038017e+03 1.216193362033247460e+00
7.688000000000038199e+03 1.293622214782207624e+00
7.688800000000038381e+03 1.256003012771091054e+00
7.689600000000038563e+03 1.211982047054811940e+00
7.690400000000038744e+03 1.253920097024103120e+00
7.691200000000038926e+03 1.247996626054349356e+00
7.692000000000039108e+03 1.223233112803887357e+00
7.692800000000039290e+03 1.260479222240267427e+00
7.693600000000039472e+03 1.299085054110390658e+00
7.694400000000039654e+03 1.251626141278594950e+00
7.695200000000039836e+03 1.192850792172130525e+00
7.696000000000040018e+03 1.178771978440922741e+00
7.696800000000040200e+03 1.155324777240403389e+00
7.697600000000040382e+03 1.130955589522214311e+00
7.698400000000040563e+03 1.153321127301480065e+00
7.699200000000040745e+03 1.224328900416911114e+00
7.700000000000040927e+03 1.281312452639175037e+00
7.700800000000041109e+03 1.268996938408762043e+00
7.701600000000041291e+03 1.284507277073847709e+00
7.702400000000041473e+03 1.382668803240923117e+00
7.703200000000041655e+03 1.394762308015933261e+00
7.704000000000041837e+03 1.271699851201572473e+00
7.704800000000042019e+03 1.173131508240358167e+00
7.705600000000042201e+03 1.148097364899563377e+00
7.706400000000042382e+03 1.170229569982216278e+00
7.707200000000042564e+03 1.158887920518664405e+00
7.708000000000042746e+03 1.123093419513620184e+00
7.708800000000042928e+03 1.141735943148961763e+00
7.709600000000043110e+03 1.208774105604704996e+00
7.710400000000043292e+03 1.239741694521251159e+00
7.711200000000043474e+03 1.209657411646579916e+00
7.712000000000043656e+03 1.161520182442685734e+00
7.712800000000043838e+03 1.133276390203557193e+00
7.713600000000044020e+03 1.183800203000792806e+00
7.714400000000044201e+03 1.292851352140960586e+00
7.715200000000044383e+03 1.260002629542679387e+00
7.716000000000044565e+03 1.126466501680855270e+00
7.716800000000044747e+03 1.097309576451171331e+00
7.717600000000044929e+03 1.133597239382831745e+00
7.718400000000045111e+03 1.131267040967618431e+00
7.719200000000045293e+03 1.088470517408116622e+00
7.720000000000045475e+03 1.071263668274781367e+00
7.720800000000045657e+03 1.068409570047533119e+00
7.721600000000045839e+03 1.082108350265105656e+00
7.722400000000046020e+03 1.169457023648572402e+00
7.723200000000046202e+03 1.239385020717862940e+00
7.724000000000046384e+03 1.224468912875587900e+00
7.724800000000046566e+03 1.215692807319606716e+00
7.725600000000046748e+03 1.302455252102400873e+00
7.726400000000046930e+03 1.394247004052491468e+00
7.727200000000047112e+03 1.319330371248923495e+00
7.728000000000047294e+03 1.242206153709606742e+00
7.728800000000047476e+03 1.298871588860490922e+00
7.729600000000047658e+03 1.291823751788501173e+00
7.730400000000047839e+03 1.239511894744654175e+00
7.731200000000048021e+03 1.183728481286828504e+00
7.732000000000048203e+03 1.161736127944799968e+00
7.732800000000048385e+03 1.149752615711258974e+00
7.733600000000048567e+03 1.126516054974297854e+00
7.734400000000048749e+03 1.180783044405736115e+00
7.735200000000048931e+03 1.261448415273758172e+00
7.736000000000049113e+03 1.228129174758211928e+00
7.736800000000049295e+03 1.145524778110615483e+00
7.737600000000049477e+03 1.130709626378397115e+00
7.738400000000049658e+03 1.136113630824998832e+00
7.739200000000049840e+03 1.110012422229037732e+00
7.740000000000050022e+03 1.126244546888919729e+00
7.740800000000050204e+03 1.153942552232683383e+00
7.741600000000050386e+03 1.148450398430111985e+00
7.742400000000050568e+03 1.157464754273801466e+00
7.743200000000050750e+03 1.176274785636684417e+00
7.744000000000050932e+03 1.151793449529082469e+00
7.744800000000051114e+03 1.146612022794526897e+00
7.745600000000051296e+03 1.157334184343458139e+00
7.746400000000051477e+03 1.138941302500037445e+00
7.747200000000051659e+03 1.122176217919606422e+00
7.748000000000051841e+03 1.156046314650565066e+00
7.748800000000052023e+03 1.172323111259820916e+00
7.749600000000052205e+03 1.134196426920993206e+00
7.750400000000052387e+03 1.175891932383449356e+00
7.751200000000052569e+03 1.327000728244918548e+00
7.752000000000052751e+03 1.394543226402856995e+00
7.752800000000052933e+03 1.302920625236398511e+00
7.753600000000053114e+03 1.100925419658991267e+00
7.754400000000053296e+03 9.184858434729726850e-01
7.755200000000053478e+03 9.894065785486538811e-01
7.756000000000053660e+03 1.113545342859523224e+00
7.756800000000053842e+03 1.145432909628311569e+00
7.757600000000054024e+03 1.154979764976477696e+00
7.758400000000054206e+03 1.162903359906838130e+00
7.759200000000054388e+03 1.180207667324348675e+00
7.760000000000054570e+03 1.238579039995960862e+00
7.760800000000054752e+03 1.232092477319393975e+00
7.761600000000054933e+03 1.082198228479900770e+00
7.762400000000055115e+03 9.583431437345466541e-01
7.763200000000055297e+03 9.963958977587034083e-01
7.764000000000055479e+03 1.101651813984167561e+00
7.764800000000055661e+03 1.170409041351416768e+00
7.765600000000055843e+03 1.181297559345207304e+00
7.766400000000056025e+03 1.141650504301373825e+00
7.767200000000056207e+03 1.095619133493112463e+00
7.768000000000056389e+03 1.109046868769416161e+00
7.768800000000056571e+03 1.186717727835818526e+00
7.769600000000056752e+03 1.239405047152307038e+00
7.770400000000056934e+03 1.273443782973084915e+00
7.771200000000057116e+03 1.269561923387129587e+00
7.772000000000057298e+03 1.248734122815562841e+00
7.772800000000057480e+03 1.231569736018175654e+00
7.773600000000057662e+03 1.218707706165705229e+00
7.774400000000057844e+03 1.194558455219042248e+00
7.775200000000058026e+03 1.209258508188794767e+00
7.776000000000058208e+03 1.226713352141173274e+00
7.776800000000058390e+03 1.254893217501636737e+00
7.777600000000058571e+03 1.243889234739054661e+00
7.778400000000058753e+03 1.218047955917909597e+00
7.779200000000058935e+03 1.223297120250452341e+00
7.780000000000059117e+03 1.249589674354053770e+00
7.780800000000059299e+03 1.233588961887821966e+00
7.781600000000059481e+03 1.204892903824727801e+00
7.782400000000059663e+03 1.265559892796793262e+00
7.783200000000059845e+03 1.358813517866573672e+00
7.784000000000060027e+03 1.322231955490510869e+00
7.784800000000060209e+03 1.201073623815148927e+00
7.785600000000060390e+03 1.178107869101386873e+00
7.786400000000060572e+03 1.257605552889825118e+00
7.787200000000060754e+03 1.272571260777002333e+00
7.788000000000060936e+03 1.239306159500364490e+00
7.788800000000061118e+03 1.233987041156987319e+00
7.789600000000061300e+03 1.259723749629103384e+00
7.790400000000061482e+03 1.270064417176740790e+00
7.791200000000061664e+03 1.235298794752363705e+00
7.792000000000061846e+03 1.217081225433924940e+00
7.792800000000062028e+03 1.195829848368738624e+00
7.793600000000062209e+03 1.146048594917361996e+00
7.794400000000062391e+03 1.121358891676811576e+00
7.795200000000062573e+03 1.168994436254700453e+00
7.796000000000062755e+03 1.218485238071146393e+00
7.796800000000062937e+03 1.273364749955790298e+00
7.797600000000063119e+03 1.358278615772973819e+00
7.798400000000063301e+03 1.291148618089887457e+00
7.799200000000063483e+03 1.182307483946539950e+00
7.800000000000063665e+03 1.175590412100295801e+00
7.800800000000063847e+03 1.219787745173497306e+00
7.801600000000064028e+03 1.238392360317200236e+00
7.802400000000064210e+03 1.209172967469027471e+00
7.803200000000064392e+03 1.147053612170695569e+00
7.804000000000064574e+03 1.075744418377345912e+00
7.804800000000064756e+03 1.074283098782243595e+00
7.805600000000064938e+03 1.124233496272395882e+00
7.806400000000065120e+03 1.183230402591322505e+00
7.807200000000065302e+03 1.264410750931956873e+00
7.808000000000065484e+03 1.304054613251143468e+00
7.808800000000065666e+03 1.249442438904117658e+00
7.809600000000065847e+03 1.091206881436705523e+00
7.810400000000066029e+03 9.063535918526951507e-01
7.811200000000066211e+03 8.636818989852117490e-01
7.812000000000066393e+03 9.991919824601975808e-01
7.812800000000066575e+03 1.104052427302249839e+00
7.813600000000066757e+03 1.176368368834055600e+00
7.814400000000066939e+03 1.253557678731685554e+00
7.815200000000067121e+03 1.267969471487139010e+00
7.816000000000067303e+03 1.249828628740012437e+00
7.816800000000067485e+03 1.231799793696027656e+00
7.817600000000067666e+03 1.224226373003920454e+00
7.818400000000067848e+03 1.160189715909727859e+00
7.819200000000068030e+03 1.067731806277768314e+00
7.820000000000068212e+03 1.047798053435441634e+00
7.820800000000068394e+03 1.065925421108808280e+00
7.821600000000068576e+03 1.041594977639332065e+00
7.822400000000068758e+03 9.025314004974902549e-01
7.823200000000068940e+03 7.154144427605397816e-01
7.824000000000069122e+03 7.622366023525544154e-01
7.824800000000069303e+03 1.036796230065363478e+00
7.825600000000069485e+03 1.146283962920881194e+00
7.826400000000069667e+03 1.168928427199543929e+00
7.827200000000069849e+03 1.227801865814073690e+00
7.828000000000070031e+03 1.258946427412580782e+00
7.828800000000070213e+03 1.249189079148916637e+00
7.829600000000070395e+03 1.207874620223794437e+00
7.830400000000070577e+03 1.163781403514762891e+00
7.831200000000070759e+03 1.157947941068509179e+00
7.832000000000070941e+03 1.172507387055759853e+00
7.832800000000071122e+03 1.166722925587269089e+00
7.833600000000071304e+03 1.155607442613372893e+00
7.834400000000071486e+03 1.162267203438714924e+00
7.835200000000071668e+03 1.204626630121090836e+00
7.836000000000071850e+03 1.249022374632015264e+00
7.836800000000072032e+03 1.253869942757811717e+00
7.837600000000072214e+03 1.222952660349974074e+00
7.838400000000072396e+03 1.212454478127666935e+00
7.839200000000072578e+03 1.255468462090100878e+00
7.840000000000072760e+03 1.292371348837742184e+00
7.840800000000072941e+03 1.286174962454063708e+00
7.841600000000073123e+03 1.249849669509147887e+00
7.842400000000073305e+03 1.177025726310175102e+00
7.843200000000073487e+03 1.189658754771076410e+00
7.844000000000073669e+03 1.258445619436639351e+00
7.844800000000073851e+03 1.272922172069247626e+00
7.845600000000074033e+03 1.230468342064640730e+00
7.846400000000074215e+03 1.202874767037673376e+00
7.847200000000074397e+03 1.224663217254522873e+00
7.848000000000074579e+03 1.234005535220483729e+00
7.848800000000074760e+03 1.251038358093254255e+00
7.849600000000074942e+03 1.242971885677000898e+00
7.850400000000075124e+03 1.212907478662001770e+00
7.851200000000075306e+03 1.230358479782930559e+00
7.852000000000075488e+03 1.202787774589000325e+00
7.852800000000075670e+03 1.090002185406606650e+00
7.853600000000075852e+03 1.038766879760058659e+00
7.854400000000076034e+03 1.131208317436350974e+00
7.855200000000076216e+03 1.272019677333546372e+00
7.856000000000076398e+03 1.313306134958136528e+00
7.856800000000076579e+03 1.155261619722220523e+00
7.857600000000076761e+03 1.053295330966386834e+00
7.858400000000076943e+03 1.078854251923151208e+00
7.859200000000077125e+03 1.157042969879968464e+00
7.860000000000077307e+03 1.206766958781758436e+00
7.860800000000077489e+03 1.200912589200757941e+00
7.861600000000077671e+03 1.156097591555264703e+00
7.862400000000077853e+03 1.153705450017437517e+00
7.863200000000078035e+03 1.191074336898359842e+00
7.864000000000078217e+03 1.184207782762953132e+00
7.864800000000078398e+03 1.187837492844688647e+00
7.865600000000078580e+03 1.190065493604560931e+00
7.866400000000078762e+03 1.206167026642896545e+00
7.867200000000078944e+03 1.179078123919771848e+00
7.868000000000079126e+03 1.100988500337948484e+00
7.868800000000079308e+03 1.052674052867680565e+00
7.869600000000079490e+03 1.033870105559490549e+00
7.870400000000079672e+03 1.078352230411304236e+00
7.871200000000079854e+03 1.097991168177143262e+00
7.872000000000080036e+03 1.090349676327369455e+00
7.872800000000080217e+03 1.103921108762783154e+00
7.873600000000080399e+03 1.121982701421757822e+00
7.874400000000080581e+03 1.139130837756732628e+00
7.875200000000080763e+03 1.154284331828218768e+00
7.876000000000080945e+03 1.104986737860678581e+00
7.876800000000081127e+03 1.046393543882509825e+00
7.877600000000081309e+03 1.068995600349367248e+00
7.878400000000081491e+03 1.086558642783395534e+00
7.879200000000081673e+03 1.043429831041276401e+00
7.880000000000081855e+03 9.802885128080471855e-01
7.880800000000082036e+03 9.698267375024263171e-01
7.881600000000082218e+03 1.077365675033470582e+00
7.882400000000082400e+03 1.213889260966209527e+00
7.883200000000082582e+03 1.191827588335877319e+00
7.884000000000082764e+03 1.044136031986312663e+00
7.884800000000082946e+03 9.598032890286493091e-01
7.885600000000083128e+03 1.005979342441130742e+00
7.886400000000083310e+03 1.050194136620014707e+00
7.887200000000083492e+03 1.054909028118291570e+00
7.888000000000083674e+03 1.070273507549371672e+00
7.888800000000083855e+03 1.077635875541829158e+00
7.889600000000084037e+03 1.064827848938584065e+00
7.890400000000084219e+03 9.843414259535896438e-01
7.891200000000084401e+03 8.421800769417009391e-01
7.892000000000084583e+03 8.532687372031975137e-01
7.892800000000084765e+03 1.107004248831273241e+00
7.893600000000084947e+03 1.253661840880198941e+00
7.894400000000085129e+03 1.190305139466194095e+00
7.895200000000085311e+03 1.112039766640664284e+00
7.896000000000085493e+03 1.093221613765535949e+00
7.896800000000085674e+03 1.093581599335685883e+00
7.897600000000085856e+03 1.077883549926921924e+00
7.898400000000086038e+03 1.037543042191369613e+00
7.899200000000086220e+03 1.011603881995988941e+00
7.900000000000086402e+03 1.039094893565321920e+00
7.900800000000086584e+03 1.032430647764098097e+00
7.901600000000086766e+03 9.962073676140443812e-01
7.902400000000086948e+03 1.024459699215162667e+00
7.903200000000087130e+03 1.079089489693084492e+00
7.904000000000087311e+03 1.112688777535245865e+00
7.904800000000087493e+03 1.105563341817925815e+00
7.905600000000087675e+03 1.079359671023647049e+00
7.906400000000087857e+03 1.052636387924384964e+00
7.907200000000088039e+03 1.043275623259532825e+00
7.908000000000088221e+03 1.036770505116789254e+00
7.908800000000088403e+03 1.024256982115036907e+00
7.909600000000088585e+03 1.034368199092805529e+00
7.910400000000088767e+03 1.061957593428954905e+00
7.911200000000088949e+03 1.043282345865971905e+00
7.912000000000089130e+03 1.052061432297651145e+00
7.912800000000089312e+03 1.112653320816143765e+00
7.913600000000089494e+03 1.105324115533171003e+00
7.914400000000089676e+03 1.015897826290796058e+00
7.915200000000089858e+03 1.036974546057272573e+00
7.916000000000090040e+03 1.246697053224294027e+00
7.916800000000090222e+03 1.246204449248813351e+00
7.917600000000090404e+03 1.057442104239613379e+00
7.918400000000090586e+03 1.077225033945867549e+00
7.919200000000090768e+03 1.140039823315109668e+00
7.920000000000090949e+03 1.082379540241618754e+00
7.920800000000091131e+03 1.037798414861702989e+00
7.921600000000091313e+03 1.076183981419781333e+00
7.922400000000091495e+03 1.243106133991605855e+00
7.923200000000091677e+03 1.373901900039466550e+00
7.924000000000091859e+03 1.269629721043019188e+00
7.924800000000092041e+03 1.096118358166494833e+00
7.925600000000092223e+03 1.053164649068602188e+00
7.926400000000092405e+03 1.101663651231524987e+00
7.927200000000092587e+03 1.113429464298682392e+00
7.928000000000092768e+03 1.093813518041262256e+00
7.928800000000092950e+03 1.056807331303709407e+00
7.929600000000093132e+03 1.037536164638147129e+00
7.930400000000093314e+03 1.031465650417745517e+00
7.931200000000093496e+03 1.017189712148990122e+00
7.932000000000093678e+03 1.055144484559655149e+00
7.932800000000093860e+03 1.127971160038755416e+00
7.933600000000094042e+03 1.117024533502823047e+00
7.934400000000094224e+03 1.044685697876530428e+00
7.935200000000094406e+03 1.051523937676033471e+00
7.936000000000094587e+03 1.098155656594311136e+00
7.936800000000094769e+03 1.119552694287644146e+00
7.937600000000094951e+03 1.121791312476577929e+00
7.938400000000095133e+03 1.098411835945004134e+00
7.939200000000095315e+03 1.027252181386075325e+00
7.940000000000095497e+03 9.785994323206158585e-01
7.940800000000095679e+03 1.036113491099779349e+00
7.941600000000095861e+03 1.110314556229785365e+00
7.942400000000096043e+03 1.133361634812559249e+00
7.943200000000096225e+03 1.110086220588866635e+00
7.944000000000096406e+03 1.060544634748713300e+00
7.944800000000096588e+03 1.031830344305669112e+00
7.945600000000096770e+03 1.042560802375306128e+00
7.946400000000096952e+03 1.061474820010231301e+00
7.947200000000097134e+03 1.056907600916741075e+00
7.948000000000097316e+03 1.085138335945307286e+00
7.948800000000097498e+03 1.160589774795869555e+00
7.949600000000097680e+03 1.189703185344693104e+00
7.950400000000097862e+03 1.191637509729216227e+00
7.951200000000098044e+03 1.242612336951341767e+00
7.952000000000098225e+03 1.224874139658256977e+00
7.952800000000098407e+03 1.071930013962541839e+00
7.953600000000098589e+03 1.006829107563006698e+00
7.954400000000098771e+03 1.007841136221858003e+00
7.955200000000098953e+03 9.972693021292706739e-01
7.956000000000099135e+03 9.612989728206446927e-01
7.956800000000099317e+03 9.723450787479389623e-01
7.957600000000099499e+03 1.027020979714403426e+00
7.958400000000099681e+03 1.081456361424668167e+00
7.959200000000099863e+03 1.135279814035782930e+00
7.960000000000100044e+03 1.170311726348225445e+00
7.960800000000100226e+03 1.193992632707481905e+00
7.961600000000100408e+03 1.170195078036835756e+00
7.962400000000100590e+03 1.118787008387584159e+00
7.963200000000100772e+03 1.104250584713929006e+00
7.964000000000100954e+03 1.113040993771516440e+00
7.964800000000101136e+03 1.101785643891501465e+00
7.965600000000101318e+03 9.773707275107101911e-01
7.966400000000101500e+03 8.247507878706406004e-01
7.967200000000101682e+03 8.971658485091228430e-01
7.968000000000101863e+03 1.139600458598069244e+00
7.968800000000102045e+03 1.153615226445744213e+00
7.969600000000102227e+03 1.067254645723498818e+00
7.970400000000102409e+03 1.071259592338130284e+00
7.971200000000102591e+03 1.064429504368886947e+00
7.972000000000102773e+03 1.020368593306288929e+00
7.972800000000102955e+03 1.039874301511978461e+00
7.973600000000103137e+03 1.062189429273837860e+00
7.974400000000103319e+03 1.089808415069230652e+00
7.975200000000103500e+03 1.122666718000962183e+00
7.976000000000103682e+03 1.077384904197826065e+00
7.976800000000103864e+03 1.012444035259413067e+00
7.977600000000104046e+03 1.018132946792912108e+00
7.978400000000104228e+03 1.029096960707177821e+00
7.979200000000104410e+03 9.856610239845464694e-01
7.980000000000104592e+03 9.516225312459684060e-01
7.980800000000104774e+03 9.640550682225199619e-01
7.981600000000104956e+03 9.995585460078987294e-01
7.982400000000105138e+03 1.021442526910279369e+00
7.983200000000105319e+03 1.024334533313654205e+00
7.984000000000105501e+03 1.053764739340213863e+00
7.984800000000105683e+03 1.096036253092334212e+00
7.985600000000105865e+03 1.114573049472105337e+00
7.986400000000106047e+03 1.090993251238923101e+00
7.987200000000106229e+03 1.047406193708192212e+00
7.988000000000106411e+03 9.758859766084355680e-01
7.988800000000106593e+03 9.635194900964709763e-01
7.989600000000106775e+03 1.003550557132035337e+00
7.990400000000106957e+03 1.015152997722994277e+00
7.991200000000107138e+03 1.013031217105182069e+00
7.992000000000107320e+03 1.010072807590212118e+00
7.992800000000107502e+03 1.036495574267367825e+00
7.993600000000107684e+03 1.084039427600755445e+00
7.994400000000107866e+03 1.081766585690158378e+00
7.995200000000108048e+03 1.101812889338679824e+00
7.996000000000108230e+03 1.279298298483101171e+00
7.996800000000108412e+03 1.409351879364458160e+00
7.997600000000108594e+03 1.344280541655220595e+00
7.998400000000108776e+03 1.234955006459950155e+00
7.999200000000108957e+03 1.199671101216591262e+00
8.000000000000109139e+03 1.157476119237561552e+00
8.000800000000109321e+03 1.100304799519454590e+00
8.001600000000109503e+03 1.053022275250396378e+00
8.002400000000109685e+03 1.022356809827912105e+00
8.003200000000109867e+03 1.049464935418357392e+00
8.004000000000110049e+03 1.122766638597034516e+00
8.004800000000110231e+03 1.147223673321326132e+00
8.005600000000110413e+03 1.104364687331825134e+00
8.006400000000110595e+03 1.107087891836307403e+00
8.007200000000110776e+03 1.138469601391167707e+00
8.008000000000110958e+03 1.107604326804185968e+00
8.008800000000111140e+03 1.017503304282735721e+00
8.009600000000111322e+03 9.290644221531126901e-01
8.010400000000111504e+03 9.355739544167301913e-01
8.011200000000111686e+03 1.003437871643837687e+00
8.012000000000111868e+03 1.037565393008919035e+00
8.012800000000112050e+03 1.066832411812205228e+00
8.013600000000112232e+03 1.093225167050020374e+00
8.014400000000112414e+03 1.082965781700731434e+00
8.015200000000112595e+03 1.065720716468878670e+00
8.016000000000112777e+03 1.110076537304683253e+00
8.016800000000112959e+03 1.171244558735035302e+00
8.017600000000113141e+03 1.155731240527423376e+00
8.018400000000113323e+03 1.147118653601336469e+00
8.019200000000113505e+03 1.152292086530837034e+00
8.020000000000113687e+03 1.104919808565338002e+00
8.020800000000113869e+03 1.072858403830768470e+00
8.021600000000114051e+03 1.150638566220202996e+00
8.022400000000114233e+03 1.219837642046462500e+00
8.023200000000114414e+03 1.147342334536683994e+00
8.024000000000114596e+03 1.083265523742786396e+00
8.024800000000114778e+03 1.099992416961209640e+00
8.025600000000114960e+03 1.104105509978615673e+00
8.026400000000115142e+03 1.095757627124729350e+00
8.027200000000115324e+03 1.076915470902782834e+00
8.028000000000115506e+03 1.025987538715728009e+00
8.028800000000115688e+03 9.683823382845606620e-01
8.029600000000115870e+03 9.246674313763452169e-01
8.030400000000116052e+03 8.890184768817412930e-01
8.031200000000116233e+03 9.393065077891717962e-01
8.032000000000116415e+03 1.097938005121491534e+00
8.032800000000116597e+03 1.214896660647417193e+00
8.033600000000116779e+03 1.230074257543675609e+00
8.034400000000116961e+03 1.219938554256794871e+00
8.035200000000117143e+03 1.207257756385128777e+00
8.036000000000117325e+03 1.184598428336848253e+00
8.036800000000117507e+03 1.194216970279474488e+00
8.037600000000117689e+03 1.233506251745734694e+00
8.038400000000117871e+03 1.247878044266741426e+00
8.039200000000118052e+03 1.227170445130673970e+00
8.040000000000118234e+03 1.152098459073651826e+00
8.040800000000118416e+03 1.108039349997759659e+00
8.041600000000118598e+03 1.184871789471465764e+00
8.042400000000118780e+03 1.257252337777892137e+00
8.043200000000118962e+03 1.197200663599089054e+00
8.044000000000119144e+03 1.127057323879606665e+00
8.044800000000119326e+03 1.108836484826174029e+00
8.045600000000119508e+03 1.103487271162912897e+00
8.046400000000119690e+03 1.097934330057842578e+00
8.047200000000119871e+03 1.076328793482364432e+00
8.048000000000120053e+03 1.046752196638943699e+00
8.048800000000120235e+03 1.076090447997325894e+00
8.049600000000120417e+03 1.165763618751012753e+00
8.050400000000120599e+03 1.233823491021635022e+00
8.051200000000120781e+03 1.249612619051692075e+00
8.052000000000120963e+03 1.255437127019065624e+00
8.052800000000121145e+03 1.289386481395037531e+00
8.053600000000121327e+03 1.291762299471175712e+00
8.054400000000121508e+03 1.190160246445716163e+00
8.055200000000121690e+03 1.125480068271987211e+00
8.056000000000121872e+03 1.145882730921033543e+00
8.056800000000122054e+03 1.111666940393734038e+00
8.057600000000122236e+03 1.062385441661121366e+00
8.058400000000122418e+03 1.079811422412892297e+00
8.059200000000122600e+03 1.147837758463706725e+00
8.060000000000122782e+03 1.188884909501987330e+00
8.060800000000122964e+03 1.171855553160146668e+00
8.061600000000123146e+03 1.139229419856683911e+00
8.062400000000123327e+03 1.088506309175624409e+00
8.063200000000123509e+03 9.863702360336770170e-01
8.064000000000123691e+03 9.408707484803215948e-01
8.064800000000123873e+03 1.055674989973021338e+00
8.065600000000124055e+03 1.204609429979829116e+00
8.066400000000124237e+03 1.223440929765191143e+00
8.067200000000124419e+03 1.193595406924604863e+00
8.068000000000124601e+03 1.143957555162273598e+00
8.068800000000124783e+03 1.060562970149622419e+00
8.069600000000124965e+03 1.024442170106616423e+00
8.070400000000125146e+03 1.056626664475524224e+00
8.071200000000125328e+03 1.093418255212018186e+00
8.072000000000125510e+03 1.141127072130903031e+00
8.072800000000125692e+03 1.209833825267508267e+00
8.073600000000125874e+03 1.221979873961594798e+00
8.074400000000126056e+03 1.160333052081895744e+00
8.075200000000126238e+03 1.109170158630886416e+00
8.076000000000126420e+03 1.122545245415966786e+00
8.076800000000126602e+03 1.152715942821573414e+00
8.077600000000126784e+03 1.183026070358298210e+00
8.078400000000126965e+03 1.212070992576497641e+00
8.079200000000127147e+03 1.186287726423297606e+00
8.080000000000127329e+03 1.114783341177920661e+00
8.080800000000127511e+03 1.031062589146498842e+00
8.081600000000127693e+03 9.801088387086080989e-01
8.082400000000127875e+03 1.021244411086597470e+00
8.083200000000128057e+03 1.066651066273710313e+00
8.084000000000128239e+03 1.099693647830216392e+00
8.084800000000128421e+03 1.150443161515576795e+00
8.085600000000128603e+03 1.193282320818360720e+00
8.086400000000128784e+03 1.233975544678512559e+00
8.087200000000128966e+03 1.277013946459572225e+00
8.088000000000129148e+03 1.290926158314953609e+00
8.088800000000129330e+03 1.233694465160328768e+00
8.089600000000129512e+03 1.172289170607489162e+00
8.090400000000129694e+03 1.149161890143941323e+00
8.091200000000129876e+03 1.172752481872768371e+00
8.092000000000130058e+03 1.165561059582755910e+00
8.092800000000130240e+03 1.138910790927361472e+00
8.093600000000130422e+03 1.167078345277743789e+00
8.094400000000130603e+03 1.208386718865967380e+00
8.095200000000130785e+03 1.222178479979239896e+00
8.096000000000130967e+03 1.244901926872632458e+00
8.096800000000131149e+03 1.223111430521677034e+00
8.097600000000131331e+03 1.184391271116517652e+00
8.098400000000131513e+03 1.165028990350720939e+00
8.099200000000131695e+03 1.137248795712139104e+00
8.100000000000131877e+03 1.150848463882498951e+00
8.100800000000132059e+03 1.186086713712161789e+00
8.101600000000132241e+03 1.201906041519303692e+00
8.102400000000132422e+03 1.199188089584173778e+00
8.103200000000132604e+03 1.184699109108161785e+00
8.104000000000132786e+03 1.127799532345075129e+00
8.104800000000132968e+03 1.054883300467172269e+00
8.105600000000133150e+03 9.997614017556937238e-01
8.106400000000133332e+03 1.002638489202003713e+00
8.107200000000133514e+03 1.069640252726624441e+00
8.108000000000133696e+03 1.159978746097981350e+00
8.108800000000133878e+03 1.209120222279746582e+00
8.109600000000134060e+03 1.168541687998733369e+00
8.110400000000134241e+03 1.149960327120952197e+00
8.111200000000134423e+03 1.170922373978731779e+00
8.112000000000134605e+03 1.137229829066865650e+00
8.112800000000134787e+03 1.120505646239482456e+00
8.113600000000134969e+03 1.192322947786835563e+00
8.114400000000135151e+03 1.234069198672690826e+00
8.115200000000135333e+03 1.198494564646754412e+00
8.116000000000135515e+03 1.174665587872127936e+00
8.116800000000135697e+03 1.190176081232173999e+00
8.117600000000135879e+03 1.185254569212830456e+00
8.118400000000136060e+03 1.178102389447795106e+00
8.119200000000136242e+03 1.160992229618994731e+00
8.120000000000136424e+03 1.118164971493693205e+00
8.120800000000136606e+03 1.123850468507026079e+00
8.121600000000136788e+03 1.170285305475858406e+00
8.122400000000136970e+03 1.169699092238185134e+00
8.123200000000137152e+03 1.149571606467338691e+00
8.124000000000137334e+03 1.184076939655088978e+00
8.124800000000137516e+03 1.246564656005733074e+00
8.125600000000137697e+03 1.228945544488246888e+00
8.126400000000137879e+03 1.186449655294064209e+00
8.127200000000138061e+03 1.185577968119320813e+00
8.128000000000138243e+03 1.197573402495140105e+00
8.128800000000138425e+03 1.219719103490867429e+00
8.129600000000138607e+03 1.228425553027063799e+00
8.130400000000138789e+03 1.182471909475967475e+00
8.131200000000138971e+03 1.160437989900532596e+00
8.132000000000139153e+03 1.173659611385138524e+00
8.132800000000139335e+03 1.207721188391895240e+00
8.133600000000139516e+03 1.254224236730556719e+00
8.134400000000139698e+03 1.247015325630703497e+00
8.135200000000139880e+03 1.201394868385921910e+00
8.136000000000140062e+03 1.166176137049344419e+00
8.136800000000140244e+03 1.140758777034353688e+00
8.137600000000140426e+03 1.097996954203569020e+00
8.138400000000140608e+03 1.064542373617569204e+00
8.139200000000140790e+03 1.092444952001382807e+00
8.140000000000140972e+03 1.193018556755442994e+00
8.140800000000141154e+03 1.299730630755456140e+00
8.141600000000141335e+03 1.347899509562707987e+00
8.142400000000141517e+03 1.278047231656691540e+00
8.143200000000141699e+03 1.193723759570052945e+00
8.144000000000141881e+03 1.203768466606323084e+00
8.144800000000142063e+03 1.242419934616395549e+00
8.145600000000142245e+03 1.220660612233166020e+00
8.146400000000142427e+03 1.165438008547865056e+00
8.147200000000142609e+03 1.132196230528120129e+00
8.148000000000142791e+03 1.152728800069096282e+00
8.148800000000142973e+03 1.162892416998878353e+00
8.149600000000143154e+03 1.162008314854284574e+00
8.150400000000143336e+03 1.228608030538674178e+00
8.151200000000143518e+03 1.232039527737013973e+00
8.152000000000143700e+03 1.155842922406756568e+00
8.152800000000143882e+03 1.123643740052661322e+00
8.153600000000144064e+03 1.128954821772715444e+00
8.154400000000144246e+03 1.140647430141960461e+00
8.155200000000144428e+03 1.150996647939404038e+00
8.156000000000144610e+03 1.131319070695143258e+00
8.156800000000144792e+03 1.104658378013339437e+00
8.157600000000144973e+03 1.108648059920110729e+00
8.158400000000145155e+03 1.117788192476258935e+00
8.159200000000145337e+03 1.125101371107105397e+00
8.160000000000145519e+03 1.127174486955074828e+00
8.160800000000145701e+03 1.133044366814348614e+00
8.161600000000145883e+03 1.138303888240247197e+00
8.162400000000146065e+03 1.142472201819559885e+00
8.163200000000146247e+03 1.157995140764545017e+00
8.164000000000146429e+03 1.166083284534068287e+00
8.164800000000146611e+03 1.166584048221388947e+00
8.165600000000146792e+03 1.185944788874363720e+00
8.166400000000146974e+03 1.192951169018241053e+00
8.167200000000147156e+03 1.202897503338754337e+00
8.168000000000147338e+03 1.243159337385340457e+00
8.168800000000147520e+03 1.227706246310394711e+00
8.169600000000147702e+03 1.185624605247780794e+00
8.170400000000147884e+03 1.228389521433975284e+00
8.171200000000148066e+03 1.292383939499092804e+00
8.172000000000148248e+03 1.297204194986192993e+00
8.172800000000148430e+03 1.274694286815787558e+00
8.173600000000148611e+03 1.257708506979846819e+00
8.174400000000148793e+03 1.260435436739807624e+00
8.175200000000148975e+03 1.251897394469323910e+00
8.176000000000149157e+03 1.192544185440378879e+00
8.176800000000149339e+03 1.160178388383990455e+00
8.177600000000149521e+03 1.182418260322559478e+00
8.178400000000149703e+03 1.244891517731793407e+00
8.179200000000149885e+03 1.305752449904039381e+00
8.180000000000150067e+03 1.288972108965097174e+00
8.180800000000150249e+03 1.249291249841697038e+00
8.181600000000150430e+03 1.219706605334109017e+00
8.182400000000150612e+03 1.183506479566083236e+00
8.183200000000150794e+03 1.207651776961270018e+00
8.184000000000150976e+03 1.260172496003830744e+00
8.184800000000151158e+03 1.286954979218612571e+00
8.185600000000151340e+03 1.298000456943538161e+00
8.186400000000151522e+03 1.317619591062787698e+00
8.187200000000151704e+03 1.308295513973914748e+00
8.188000000000151886e+03 1.240823781664903258e+00
8.188800000000152068e+03 1.162520114294007145e+00
8.189600000000152249e+03 1.090859305337861684e+00
8.190400000000152431e+03 1.104316281999444094e+00
8.191200000000152613e+03 1.211853667313046445e+00
8.192000000000152795e+03 1.257949595598688575e+00
8.192800000000152068e+03 1.221569590151491802e+00
8.193600000000153159e+03 1.198763256703827995e+00
8.194400000000154250e+03 1.221438099377141873e+00
8.195200000000153523e+03 1.264593590432670389e+00
8.196000000000152795e+03 1.305587155555421486e+00
8.196800000000153887e+03 1.288886938603067911e+00
8.197600000000154978e+03 1.257793444598446442e+00
8.198400000000154250e+03 1.217382218146039197e+00
8.199200000000153523e+03 1.188492281666560402e+00
8.200000000000154614e+03 1.195777180816953500e+00
8.200800000000155705e+03 1.183619011808191734e+00
8.201600000000154978e+03 1.193339388885803931e+00
8.202400000000154250e+03 1.188489335040242345e+00
8.203200000000155342e+03 1.176221988166272769e+00
8.204000000000156433e+03 1.203898762193712280e+00
8.204800000000155705e+03 1.203569853729180572e+00
8.205600000000154978e+03 1.186043572942924396e+00
8.206400000000156069e+03 1.185683463911622493e+00
8.207200000000157161e+03 1.182298271290487257e+00
8.208000000000156433e+03 1.222277087988079991e+00
8.208800000000155705e+03 1.268196422967801329e+00
8.209600000000156797e+03 1.270402258765335413e+00
8.210400000000157888e+03 1.263970740721758190e+00
8.211200000000157161e+03 1.234727008648692781e+00
8.212000000000156433e+03 1.218463841657725588e+00
8.212800000000157524e+03 1.263164299214775133e+00
8.213600000000158616e+03 1.251648112120980594e+00
8.214400000000157888e+03 1.174894066573234142e+00
8.215200000000157161e+03 1.151089777613343523e+00
8.216000000000158252e+03 1.205017310418255772e+00
8.216800000000159343e+03 1.239310942903681712e+00
8.217600000000158616e+03 1.212951260728074132e+00
8.218400000000157888e+03 1.197811361908067029e+00
8.219200000000158980e+03 1.190928028773252878e+00
8.220000000000160071e+03 1.193024742533535409e+00
8.220800000000159343e+03 1.236462233850582626e+00
8.221600000000158616e+03 1.290536868773328294e+00
8.222400000000159707e+03 1.291387019690585003e+00
8.223200000000160799e+03 1.278303636302785318e+00
8.224000000000160071e+03 1.290060957149401055e+00
8.224800000000159343e+03 1.310271444936676133e+00
8.225600000000160435e+03 1.346261059572848140e+00
8.226400000000161526e+03 1.360021564828806540e+00
8.227200000000160799e+03 1.322651712325753959e+00
8.228000000000160071e+03 1.253422653829185940e+00
8.228800000000161162e+03 1.183272669823453249e+00
8.229600000000162254e+03 1.155505961686719818e+00
8.230400000000161526e+03 1.166241129831274925e+00
8.231200000000160799e+03 1.186512730226018331e+00
8.232000000000161890e+03 1.215267030074502097e+00
8.232800000000162981e+03 1.236922282629450809e+00
8.233600000000162254e+03 1.258379462950768524e+00
8.234400000000161526e+03 1.230989652781738997e+00
8.235200000000162618e+03 1.194858459473856271e+00
8.236000000000163709e+03 1.187278217375440814e+00
8.236800000000162981e+03 1.153471457342283291e+00
8.237600000000162254e+03 1.116688143521824550e+00
8.238400000000163345e+03 1.146953324616651226e+00
8.239200000000164437e+03 1.187537542462024920e+00
8.240000000000163709e+03 1.188833533909992912e+00
8.240800000000162981e+03 1.200656405654644487e+00
8.241600000000164073e+03 1.192038632358392469e+00
8.242400000000165164e+03 1.182442226001770180e+00
8.243200000000164437e+03 1.209129005619026032e+00
8.244000000000163709e+03 1.232616857953089617e+00
8.244800000000164800e+03 1.258519277127023273e+00
8.245600000000165892e+03 1.288514758820130002e+00
8.246400000000165164e+03 1.270086285467291631e+00
8.247200000000164437e+03 1.224109937459013420e+00
8.248000000000165528e+03 1.197559600525363255e+00
8.248800000000166619e+03 1.171725764825576555e+00
8.249600000000165892e+03 1.140762304939233029e+00
8.250400000000165164e+03 1.111695873321222994e+00
8.251200000000166256e+03 1.116085202508536600e+00
8.252000000000167347e+03 1.135012538337156762e+00
8.252800000000166619e+03 1.119747394411642505e+00
8.253600000000165892e+03 1.074050874366294650e+00
8.254400000000166983e+03 1.088116386722703499e+00
8.255200000000168075e+03 1.137160768364541941e+00
8.256000000000167347e+03 1.147556806571906840e+00
8.256800000000166619e+03 1.102904312823000055e+00
8.257600000000167711e+03 1.064107011431465022e+00
8.258400000000168802e+03 1.075629133035956642e+00
8.259200000000168075e+03 1.101184018719972624e+00
8.260000000000167347e+03 1.119502312142946820e+00
8.260800000000168438e+03 1.122351401657885717e+00
8.261600000000169530e+03 1.110174547946100265e+00
8.262400000000168802e+03 1.113042563318720646e+00
8.263200000000168075e+03 1.147934366234248493e+00
8.264000000000169166e+03 1.166194093785844821e+00
8.264800000000170257e+03 1.145715237464957958e+00
8.265600000000169530e+03 1.111533020891010803e+00
8.266400000000168802e+03 1.074771677244073409e+00
8.267200000000169894e+03 1.067382172953254882e+00
8.268000000000170985e+03 1.109386013035191132e+00
8.268800000000170257e+03 1.158576831020341924e+00
8.269600000000169530e+03 1.172261383998564055e+00
8.270400000000170621e+03 1.116412212394041426e+00
8.271200000000171713e+03 1.066722402323973640e+00
8.272000000000170985e+03 1.094882111504926758e+00
8.272800000000170257e+03 1.124052676520550742e+00
8.273600000000171349e+03 1.112212823526651961e+00
8.274400000000172440e+03 1.075294197067954816e+00
8.275200000000171713e+03 1.039739071823888361e+00
8.276000000000170985e+03 1.041725066744480177e+00
8.276800000000172076e+03 1.051842918172759767e+00
8.277600000000173168e+03 1.059299829848249441e+00
8.278400000000172440e+03 1.036481990965541389e+00
8.279200000000171713e+03 9.862085121502777163e-01
8.280000000000172804e+03 1.011306759407050171e+00
8.280800000000173895e+03 1.059431359405244688e+00
8.281600000000173168e+03 1.098184998875034069e+00
8.282400000000172440e+03 1.112506404043116071e+00
8.283200000000173532e+03 1.092746262689467507e+00
8.284000000000174623e+03 1.034242799127664370e+00
8.284800000000173895e+03 9.011321573868836809e-01
8.285600000000173168e+03 8.954624850836926386e-01
8.286400000000174259e+03 1.008201858927821881e+00
8.287200000000175351e+03 1.031257163759568662e+00
8.288000000000174623e+03 1.010210915713594781e+00
8.288800000000173895e+03 1.049786606180441728e+00
8.289600000000174987e+03 1.023993131007443935e+00
8.290400000000176078e+03 9.807934567072369436e-01
8.291200000000175351e+03 1.078289294075855720e+00
8.292000000000174623e+03 1.201205197304879402e+00
8.292800000000175714e+03 1.130124599362372084e+00
8.293600000000176806e+03 1.017055687402296904e+00
8.294400000000176078e+03 9.893102850313896246e-01
8.295200000000175351e+03 1.000550715314554973e+00
8.296000000000176442e+03 1.010295367487093809e+00
8.296800000000177533e+03 1.019924509081539865e+00
8.297600000000176806e+03 1.064467607527690429e+00
8.298400000000176078e+03 1.075670119710595118e+00
8.299200000000177170e+03 9.229870192621141278e-01
8.300000000000178261e+03 7.560434298614285842e-01
8.300800000000177533e+03 7.127681097911959807e-01
8.301600000000176806e+03 9.178742435051414628e-01
8.302400000000177897e+03 1.065849608673942850e+00
8.303200000000178989e+03 1.068052611065458235e+00
8.304000000000178261e+03 1.123781463681435833e+00
8.304800000000177533e+03 1.159315552195166354e+00
8.305600000000178625e+03 1.082740477841249049e+00
8.306400000000179716e+03 1.033594443887964065e+00
8.307200000000178989e+03 1.075378608192198548e+00
8.308000000000178261e+03 1.085668312870891494e+00
8.308800000000179352e+03 1.036311527983794001e+00
8.309600000000180444e+03 1.017236335986926310e+00
8.310400000000179716e+03 1.066530813199626504e+00
8.311200000000178989e+03 1.096804078180406261e+00
8.312000000000180080e+03 1.064364847523493918e+00
8.312800000000181171e+03 9.938377555679140940e-01
8.313600000000180444e+03 9.771666773151437280e-01
8.314400000000179716e+03 1.049206703208914515e+00
8.315200000000180808e+03 1.021565233400960837e+00
8.316000000000181899e+03 9.608570623596704996e-01
8.316800000000181171e+03 9.548091979336914559e-01
8.317600000000180444e+03 9.888368421407707221e-01
8.318400000000181535e+03 1.027905072580675983e+00
8.319200000000182627e+03 1.037240060832572253e+00
8.320000000000181899e+03 1.025637917693448919e+00
8.320800000000181171e+03 9.974796110221866297e-01
8.321600000000182263e+03 9.992594926981982484e-01
8.322400000000183354e+03 1.038161903607866421e+00
8.323200000000182627e+03 1.113559733630440141e+00
8.324000000000181899e+03 1.143213230863635133e+00
8.324800000000182990e+03 1.089916523555793937e+00
8.325600000000184082e+03 1.043910673201218220e+00
8.326400000000183354e+03 1.044379623664078327e+00
8.327200000000182627e+03 1.072748306513618743e+00
8.328000000000183718e+03 1.098823257326918101e+00
8.328800000000184809e+03 1.084364513289150178e+00
8.329600000000184082e+03 1.043626054363990141e+00
8.330400000000183354e+03 1.044277293402787521e+00
8.331200000000184446e+03 1.118666840890263803e+00
8.332000000000185537e+03 1.175769740800261864e+00
8.332800000000184809e+03 1.160992990865945984e+00
8.333600000000184082e+03 1.089555114031727445e+00
8.334400000000185173e+03 1.027429352405230478e+00
8.335200000000186265e+03 1.027902531592463475e+00
8.336000000000185537e+03 1.089043145206501251e+00
8.336800000000184809e+03 1.122720614439671305e+00
8.337600000000185901e+03 1.117423234487325612e+00
8.338400000000186992e+03 1.080858402861532674e+00
8.339200000000186265e+03 1.030075824311190491e+00
8.340000000000185537e+03 1.025530010250925050e+00
8.340800000000186628e+03 1.033650612831210180e+00
8.341600000000187720e+03 1.026755324703454875e+00
8.342400000000186992e+03 9.910862094593309024e-01
8.343200000000186265e+03 9.462401744877317888e-01
8.344000000000187356e+03 9.521468648384974198e-01
8.344800000000188447e+03 1.064005452922947237e+00
8.345600000000187720e+03 1.147365566168095707e+00
8.346400000000186992e+03 9.946380383378211620e-01
8.347200000000188084e+03 7.388401365081840311e-01
8.348000000000189175e+03 6.797413788818842395e-01
8.348800000000188447e+03 8.179265371217825376e-01
8.349600000000187720e+03 9.502971924862469999e-01
8.350400000000188811e+03 9.882364877911677947e-01
8.351200000000189902e+03 9.080157276460649740e-01
8.352000000000189175e+03 8.902308535582017512e-01
8.352800000000188447e+03 9.889206567683872517e-01
8.353600000000189539e+03 1.089699633445561089e+00
8.354400000000190630e+03 1.199687349031147487e+00
8.355200000000189902e+03 1.241974351627682438e+00
8.356000000000189175e+03 1.083402790712784336e+00
8.356800000000190266e+03 9.386490192152388001e-01
8.357600000000191358e+03 1.015940401504276336e+00
8.358400000000190630e+03 1.077582241063950841e+00
8.359200000000189902e+03 1.064217467266358241e+00
8.360000000000190994e+03 1.045532984853689618e+00
8.360800000000192085e+03 1.016374717025720464e+00
8.361600000000191358e+03 1.022852786588278384e+00
8.362400000000190630e+03 1.039860003258689103e+00
8.363200000000191721e+03 1.026573318153895631e+00
8.364000000000192813e+03 1.020314451300075254e+00
8.364800000000192085e+03 1.042180713945202619e+00
8.365600000000191358e+03 1.032598206283546594e+00
8.366400000000192449e+03 1.031929110293146490e+00
8.367200000000193540e+03 1.113729891417418294e+00
8.368000000000192813e+03 1.100361380917681542e+00
8.368800000000192085e+03 1.093660701308344141e+00
8.369600000000193177e+03 1.146910217370453733e+00
8.370400000000194268e+03 1.158598565260542834e+00
8.371200000000193540e+03 1.113735404679472296e+00
8.372000000000192813e+03 1.050473799605344372e+00
8.372800000000193904e+03 1.024757435505999847e+00
8.373600000000194996e+03 1.052998302805133957e+00
8.374400000000194268e+03 1.077599077111275339e+00
8.375200000000193540e+03 1.076518409749144922e+00
8.376000000000194632e+03 1.054098908141286151e+00
8.376800000000195723e+03 1.035949559881351512e+00
8.377600000000194996e+03 1.036958432817333797e+00
8.378400000000194268e+03 1.029885069733875058e+00
8.379200000000195359e+03 1.012194179532793337e+00
8.380000000000196451e+03 9.956387308246654744e-01
8.380800000000195723e+03 9.668182070346595935e-01
8.381600000000194996e+03 9.719522747381510452e-01
8.382400000000196087e+03 1.062235766669970882e+00
8.383200000000197178e+03 1.109276192760135338e+00
8.384000000000196451e+03 1.027989569082656818e+00
8.384800000000195723e+03 9.126348296940949290e-01
8.385600000000196815e+03 8.939846875702358586e-01
8.386400000000197906e+03 1.025437432787001057e+00
8.387200000000197178e+03 1.169489121296188205e+00
8.388000000000196451e+03 1.192983787721159761e+00
8.388800000000197542e+03 1.127245472141807481e+00
8.389600000000198634e+03 1.072998667527139016e+00
8.390400000000197906e+03 1.070692973857498842e+00
8.391200000000197178e+03 1.086736638233150476e+00
8.392000000000198270e+03 1.096933636777519760e+00
8.392800000000199361e+03 1.107076928947429373e+00
8.393600000000198634e+03 1.128643629079305377e+00
8.394400000000197906e+03 1.126490882622960488e+00
8.395200000000198997e+03 1.095484705872345366e+00
8.396000000000200089e+03 1.070352347313950236e+00
8.396800000000199361e+03 1.066525348119977012e+00
8.397600000000198634e+03 1.114700337937940766e+00
8.398400000000199725e+03 1.162730582441062532e+00
8.399200000000200816e+03 1.174361762980334234e+00
8.400000000000200089e+03 1.201808445839572581e+00
8.400800000000199361e+03 1.228260441737824005e+00
8.401600000000200453e+03 1.285470084396608037e+00
8.402400000000201544e+03 1.468640693429824395e+00
8.403200000000200816e+03 1.331707779028290517e+00
8.404000000000200089e+03 1.082734959231151040e+00
8.404800000000201180e+03 1.032621177871209550e+00
8.405600000000202272e+03 1.091394896538764092e+00
8.406400000000201544e+03 1.143950418007428249e+00
8.407200000000200816e+03 1.178829241856551580e+00
8.408000000000201908e+03 1.191527970126601721e+00
8.408800000000202999e+03 1.170582632293085013e+00
8.409600000000202272e+03 1.158105414952010470e+00
8.410400000000201544e+03 1.152616464465130885e+00
8.411200000000202635e+03 1.151916645979362608e+00
8.412000000000203727e+03 1.148226357451041846e+00
8.412800000000202999e+03 1.138703310544671776e+00
8.413600000000202272e+03 1.140760795242821146e+00
8.414400000000203363e+03 1.172869317118226284e+00
8.415200000000204454e+03 1.167916653563105811e+00
8.416000000000203727e+03 1.130824282225277866e+00
8.416800000000202999e+03 1.128702109432066836e+00
8.417600000000204091e+03 1.196394179820289505e+00
8.418400000000205182e+03 1.280208306512057970e+00
8.419200000000204454e+03 1.230674437276390920e+00
8.420000000000203727e+03 1.143561352316202706e+00
8.420800000000204818e+03 1.092773524189619261e+00
8.421600000000205910e+03 1.081931393227053562e+00
8.422400000000205182e+03 1.102598345412372005e+00
8.423200000000204454e+03 1.112762981601192358e+00
8.424000000000205546e+03 1.092526029562800538e+00
8.424800000000206637e+03 1.076246270127706905e+00
8.425600000000205910e+03 1.066583543037203929e+00
8.426400000000205182e+03 1.053767472854969078e+00
8.427200000000206273e+03 1.080774589577547129e+00
8.428000000000207365e+03 1.105706807321331420e+00
8.428800000000206637e+03 1.087676494784591386e+00
8.429600000000205910e+03 1.047942913088965700e+00
8.430400000000207001e+03 1.037833108102905300e+00
8.431200000000208092e+03 1.057671711900979972e+00
8.432000000000207365e+03 1.186148935037980801e+00
8.432800000000206637e+03 1.349067206753528536e+00
8.433600000000207729e+03 1.353093251877313552e+00
8.434400000000208820e+03 1.370948351999916603e+00
8.435200000000208092e+03 1.254930580970216036e+00
8.436000000000207365e+03 1.099800099151913013e+00
8.436800000000208456e+03 9.968019177191727032e-01
8.437600000000209548e+03 9.411673084329207351e-01
8.438400000000208820e+03 9.227267872877316091e-01
8.439200000000208092e+03 9.769104403096732225e-01
8.440000000000209184e+03 1.039718282438860220e+00
8.440800000000210275e+03 1.043208144335240561e+00
8.441600000000209548e+03 1.017892781858360962e+00
8.442400000000208820e+03 9.648948707684228410e-01
8.443200000000209911e+03 9.035826362893089048e-01
8.444000000000211003e+03 8.991309393466632160e-01
8.444800000000210275e+03 9.557567238304920387e-01
8.445600000000209548e+03 1.020230344980960879e+00
8.446400000000210639e+03 1.047451404888118276e+00
8.447200000000211730e+03 1.047280606713730355e+00
8.448000000000211003e+03 1.010088928502702377e+00
8.448800000000210275e+03 1.015130886419013834e+00
8.449600000000211367e+03 1.085767960199202076e+00
8.450400000000212458e+03 1.137877036921283835e+00
8.451200000000211730e+03 1.119488072668793244e+00
8.452000000000211003e+03 1.044242647988327111e+00
8.452800000000212094e+03 9.436518957691577558e-01
8.453600000000213186e+03 9.166409854585333417e-01
8.454400000000212458e+03 9.693977501311229483e-01
8.455200000000211730e+03 1.014214448440969196e+00
8.456000000000212822e+03 1.057995718972822408e+00
8.456800000000213913e+03 1.092256927028202096e+00
8.457600000000213186e+03 1.096394844910470567e+00
8.458400000000212458e+03 1.067670784828884223e+00
8.459200000000213549e+03 1.066701349444282521e+00
8.460000000000214641e+03 1.102877431314135848e+00
8.460800000000213913e+03 1.067084024807392284e+00
8.461600000000213186e+03 9.940697387093565540e-01
8.462400000000214277e+03 9.686016662300818147e-01
8.463200000000215368e+03 9.551455047963258727e-01
8.464000000000214641e+03 9.794359923430586701e-01
8.464800000000213913e+03 1.049066395458074785e+00
8.465600000000215005e+03 1.071055614759724772e+00
8.466400000000216096e+03 9.756981904046315712e-01
8.467200000000215368e+03 8.043373175539432207e-01
8.468000000000214641e+03 6.802256723361465029e-01
8.468800000000215732e+03 7.686765798947949868e-01
8.469600000000216824e+03 8.668241986576756819e-01
8.470400000000216096e+03 8.871711467391754091e-01
8.471200000000215368e+03 9.001650769178601852e-01
8.472000000000216460e+03 9.311689079611518149e-01
8.472800000000217551e+03 9.660096130135455983e-01
8.473600000000216824e+03 9.602457540580495721e-01
8.474400000000216096e+03 9.220776846983734787e-01
8.475200000000217187e+03 9.208159041282694135e-01
8.476000000000218279e+03 9.522351680865719370e-01
8.476800000000217551e+03 9.485105993185927176e-01
8.477600000000216824e+03 9.527130195956663439e-01
8.478400000000217915e+03 9.969979665070366481e-01
8.479200000000219006e+03 1.024907376490478583e+00
8.480000000000218279e+03 9.939207089375750037e-01
8.480800000000217551e+03 9.673707242551605745e-01
8.481600000000218643e+03 1.013377067007136034e+00
8.482400000000219734e+03 1.067411870081585779e+00
8.483200000000219006e+03 1.069556766458547470e+00
8.484000000000218279e+03 1.066507850945154878e+00
8.484800000000219370e+03 1.040915404793208543e+00
8.485600000000220462e+03 1.003737294964835769e+00
8.486400000000219734e+03 1.014890886873086595e+00
8.487200000000219006e+03 1.024492560903975669e+00
8.488000000000220098e+03 9.967780533431631618e-01
8.488800000000221189e+03 9.958560029722554052e-01
8.489600000000220462e+03 1.012766562157424444e+00
8.490400000000219734e+03 9.834089129638934335e-01
8.491200000000220825e+03 9.670596751047988437e-01
8.492000000000221917e+03 1.004155445245244138e+00
8.492800000000221189e+03 1.043207014308814795e+00
8.493600000000220462e+03 1.038473714298463246e+00
8.494400000000221553e+03 1.043017415817434568e+00
8.495200000000222644e+03 1.106713286526004758e+00
8.496000000000221917e+03 1.151149123588293133e+00
8.496800000000221189e+03 1.118424119466985278e+00
8.497600000000222281e+03 1.037287068352707564e+00
8.498400000000223372e+03 9.950220296719204383e-01
8.499200000000222644e+03 9.932434965956282724e-01
8.500000000000221917e+03 9.987113358641542815e-01
8.500800000000223008e+03 1.023841333003016718e+00
8.501600000000224099e+03 1.044812464259991858e+00
8.502400000000223372e+03 1.018523685640716936e+00
8.503200000000222644e+03 1.004755510400446639e+00
8.504000000000223736e+03 1.002378780527394264e+00
8.504800000000224827e+03 1.026519423475329429e+00
8.505600000000224099e+03 1.125623635426865388e+00
8.506400000000223372e+03 1.148933431383807768e+00
8.507200000000224463e+03 1.034524991419518258e+00
8.508000000000225555e+03 9.346022213692375402e-01
8.508800000000224827e+03 9.532863330437477689e-01
8.509600000000224099e+03 1.049511376657885187e+00
8.510400000000225191e+03 1.098258509406536465e+00
8.511200000000226282e+03 1.083817961880114478e+00
8.512000000000225555e+03 1.045881556419590463e+00
8.512800000000224827e+03 1.004574855571466419e+00
8.513600000000225918e+03 9.665357224014683446e-01
8.514400000000227010e+03 9.726319103459597493e-01
8.515200000000226282e+03 1.032526475481956529e+00
8.516000000000225555e+03 1.081842333715014481e+00
8.516800000000226646e+03 1.075179891661132814e+00
8.517600000000227737e+03 1.029025601276688295e+00
8.518400000000227010e+03 9.761369271790841795e-01
8.519200000000226282e+03 9.548403104351013138e-01
8.520000000000227374e+03 9.618601217158257999e-01
8.520800000000228465e+03 9.651530973237414379e-01
8.521600000000227737e+03 9.593610946277866258e-01
8.522400000000227010e+03 9.641201669223159465e-01
8.523200000000228101e+03 9.704405003966023457e-01
8.524000000000229193e+03 9.712759961622069449e-01
8.524800000000228465e+03 9.636376508235888760e-01
8.525600000000227737e+03 9.512928365507299366e-01
8.526400000000228829e+03 9.616289565951647855e-01
8.527200000000229920e+03 9.674159954181823506e-01
8.528000000000229193e+03 9.549615484233668905e-01
8.528800000000228465e+03 9.729779327390677413e-01
8.529600000000229556e+03 1.037611008147409919e+00
8.530400000000230648e+03 1.104779599964439196e+00
8.531200000000229920e+03 1.105550068454301149e+00
8.532000000000229193e+03 1.057142109465018853e+00
8.532800000000230284e+03 1.019659509481835702e+00
8.533600000000231375e+03 1.024114540776969617e+00
8.534400000000230648e+03 1.019933887860585475e+00
8.535200000000229920e+03 1.019243125211264811e+00
8.536000000000231012e+03 1.061125457657396076e+00
8.536800000000232103e+03 1.074981975236637854e+00
8.537600000000231375e+03 1.048591280058755348e+00
8.538400000000230648e+03 1.045776937320535005e+00
8.539200000000231739e+03 1.080777563560061161e+00
8.540000000000232831e+03 1.083569176905652576e+00
8.540800000000232103e+03 1.025484197273235809e+00
8.541600000000231375e+03 9.701855963506734737e-01
8.542400000000232467e+03 9.605374315683119502e-01
8.543200000000233558e+03 9.636882715363925822e-01
8.544000000000232831e+03 9.835531417183018821e-01
8.544800000000232103e+03 1.047933419902019159e+00
8.545600000000233194e+03 1.095681781520233766e+00
8.546400000000234286e+03 1.108934974995560374e+00
8.547200000000233558e+03 1.080766801375881325e+00
8.548000000000232831e+03 1.025128771693198493e+00
8.548800000000233922e+03 9.853731080934263753e-01
8.549600000000235013e+03 1.015988723932812920e+00
8.550400000000234286e+03 1.047282014510043879e+00
8.551200000000233558e+03 1.028994855877007897e+00
8.552000000000234650e+03 1.075651911824171414e+00
8.552800000000235741e+03 1.143591554264193011e+00
8.553600000000235013e+03 1.126046981408154846e+00
8.554400000000234286e+03 1.104527110640577847e+00
8.555200000000235377e+03 1.091034696013357452e+00
8.556000000000236469e+03 1.096486181254623826e+00
8.556800000000235741e+03 1.118586404291065151e+00
8.557600000000235013e+03 1.092694478222437482e+00
8.558400000000236105e+03 1.008771338068488399e+00
8.559200000000237196e+03 9.650448857414022363e-01
8.560000000000236469e+03 9.723163435266888310e-01
8.560800000000235741e+03 9.803246237500693461e-01
8.561600000000236832e+03 1.006942104675866201e+00
8.562400000000237924e+03 1.059663157697408042e+00
8.563200000000237196e+03 1.078299219165421707e+00
8.564000000000236469e+03 1.048370766098328133e+00
8.564800000000237560e+03 1.018810925299756365e+00
8.565600000000238651e+03 1.015220538639380443e+00
8.566400000000237924e+03 1.018855837206919634e+00
8.567200000000237196e+03 1.019957882204855615e+00
8.568000000000238288e+03 1.053844974849470706e+00
8.568800000000239379e+03 1.058270047573907968e+00
8.569600000000238651e+03 1.006306101440819223e+00
8.570400000000237924e+03 1.000338381899655182e+00
8.571200000000239015e+03 1.038030948159341493e+00
8.572000000000240107e+03 1.053350736198253923e+00
8.572800000000239379e+03 1.046973353868424272e+00
8.573600000000238651e+03 1.027760141038596586e+00
8.574400000000239743e+03 1.014936557845966147e+00
8.575200000000240834e+03 1.010523254882706556e+00
8.576000000000240107e+03 1.026595189093876481e+00
8.576800000000239379e+03 1.068776036825829889e+00
8.577600000000240470e+03 1.057377640491042214e+00
8.578400000000241562e+03 9.921712045695993965e-01
8.579200000000240834e+03 9.661713512322227526e-01
8.580000000000240107e+03 9.615982468422288321e-01
8.580800000000241198e+03 9.338558255669131558e-01
8.581600000000242289e+03 9.569815020682480577e-01
8.582400000000241562e+03 1.023112146544268075e+00
8.583200000000240834e+03 1.054835000985092863e+00
8.584000000000241926e+03 1.052452242725343989e+00
8.584800000000243017e+03 1.029942893854590480e+00
8.585600000000242289e+03 9.977260049958691646e-01
8.586400000000241562e+03 9.765032423963770913e-01
8.587200000000242653e+03 9.536946180176119059e-01
8.588000000000243745e+03 9.643360756356313956e-01
8.588800000000243017e+03 9.996438235051435806e-01
8.589600000000242289e+03 9.896969961308447195e-01
8.590400000000243381e+03 9.467833810560490893e-01
8.591200000000244472e+03 9.108818726822723866e-01
8.592000000000243745e+03 9.100804572037033413e-01
8.592800000000243017e+03 9.120443144469718710e-01
8.593600000000244108e+03 9.193300923916236655e-01
8.594400000000245200e+03 1.007317906796751927e+00
8.595200000000244472e+03 1.086771837449318046e+00
8.596000000000243745e+03 1.081318679385704140e+00
8.596800000000244836e+03 1.037787584754379822e+00
8.597600000000245927e+03 1.007253984509209666e+00
8.598400000000245200e+03 9.439258043152022326e-01
8.599200000000244472e+03 8.681847033085725585e-01
8.600000000000245564e+03 8.967929403374377273e-01
8.600800000000246655e+03 9.839601438351800455e-01
8.601600000000245927e+03 1.003744686283919663e+00
8.602400000000245200e+03 9.830138295766859269e-01
8.603200000000246291e+03 9.914965463516943744e-01
8.604000000000247383e+03 9.961190802303410141e-01
8.604800000000246655e+03 9.778750288039155247e-01
8.605600000000245927e+03 9.689045541242595760e-01
8.606400000000247019e+03 9.704867257570786165e-01
8.607200000000248110e+03 9.732523809470681186e-01
8.608000000000247383e+03 9.867867667977525681e-01
8.608800000000246655e+03 9.885293232836864785e-01
8.609600000000247746e+03 9.642184447884600829e-01
8.610400000000248838e+03 9.521219016568307492e-01
8.611200000000248110e+03 9.881005200413506273e-01
8.612000000000247383e+03 1.015186199958905577e+00
8.612800000000248474e+03 1.023646215160986639e+00
8.613600000000249565e+03 9.986452513486333560e-01
8.614400000000248838e+03 9.642037741681466212e-01
8.615200000000248110e+03 9.307734039241952750e-01
8.616000000000249202e+03 9.232090309088245572e-01
8.616800000000250293e+03 9.298330620887501619e-01
8.617600000000249565e+03 9.018160899563498756e-01
8.618400000000248838e+03 8.603826973572069603e-01
8.619200000000249929e+03 8.913618512185847997e-01
8.620000000000251021e+03 9.536599693276524015e-01
8.620800000000250293e+03 1.047978411934347820e+00
8.621600000000249565e+03 1.064793828786585905e+00
8.622400000000250657e+03 9.724146004076353877e-01
8.623200000000251748e+03 9.340760994362117264e-01
8.624000000000251021e+03 9.408261791060856805e-01
8.624800000000250293e+03 9.256590676779685722e-01
8.625600000000251384e+03 9.001300706863637480e-01
8.626400000000252476e+03 8.651615015592981628e-01
8.627200000000251748e+03 8.390222414203194479e-01
8.628000000000251021e+03 8.351651104492501254e-01
8.628800000000252112e+03 8.769018698547729196e-01
8.629600000000253203e+03 9.399773888291500512e-01
8.630400000000252476e+03 9.420796298816452863e-01
8.631200000000251748e+03 8.655793337370659701e-01
8.632000000000252840e+03 9.032213092739733717e-01
8.632800000000253931e+03 9.030400546139174534e-01
8.633600000000253203e+03 8.202705695229719485e-01
8.634400000000252476e+03 8.299338260055162397e-01
8.635200000000253567e+03 9.697732426814194007e-01
8.636000000000254659e+03 1.065869832314465304e+00
8.636800000000253931e+03 1.006096200912102834e+00
8.637600000000253203e+03 9.159725260217814746e-01
8.638400000000254295e+03 9.430749863010556844e-01
8.639200000000255386e+03 9.609462867828318933e-01
8.640000000000254659e+03 9.564953735029328996e-01
8.640800000000253931e+03 1.023910392666427249e+00
8.641600000000255022e+03 1.038482818470243263e+00
8.642400000000256114e+03 9.664215733342713666e-01
8.643200000000255386e+03 9.643447173647442527e-01
8.644000000000254659e+03 1.090105087796067185e+00
8.644800000000255750e+03 1.168273992359230462e+00
8.645600000000256841e+03 1.105977840563403980e+00
8.646400000000256114e+03 1.051969384082045433e+00
8.647200000000255386e+03 1.064590717498047567e+00
8.648000000000256478e+03 1.092648710150399438e+00
8.648800000000257569e+03 1.035759752187200622e+00
8.649600000000256841e+03 8.928545624727866059e-01
8.650400000000256114e+03 8.822836261365178956e-01
8.651200000000257205e+03 9.943170081060421772e-01
8.652000000000258296e+03 1.094773050917665858e+00
8.652800000000257569e+03 1.116120043551748431e+00
8.653600000000256841e+03 1.069519109251904521e+00
8.654400000000257933e+03 1.059431303372013744e+00
8.655200000000259024e+03 1.128376459473958482e+00
8.656000000000258296e+03 1.218224223928116245e+00
8.656800000000257569e+03 1.229763288941040589e+00
8.657600000000258660e+03 1.141438088822983588e+00
8.658400000000259752e+03 1.032639609281388093e+00
8.659200000000259024e+03 9.309602813551184353e-01
8.660000000000258296e+03 9.087049850515382943e-01
8.660800000000259388e+03 9.409996779306686321e-01
8.661600000000260479e+03 1.019535698051738493e+00
8.662400000000259752e+03 1.165145261591179260e+00
8.663200000000259024e+03 1.266191876257350302e+00
8.664000000000260115e+03 1.242690512461597230e+00
8.664800000000261207e+03 1.110093493285356336e+00
8.665600000000260479e+03 1.061731126456546992e+00
8.666400000000259752e+03 1.050403449673192213e+00
8.667200000000260843e+03 1.022587309568486313e+00
8.668000000000261934e+03 1.070870427466662500e+00
8.668800000000261207e+03 1.158155927077860303e+00
8.669600000000260479e+03 1.155920312825249319e+00
8.670400000000261571e+03 1.089898068126592179e+00
8.671200000000262662e+03 1.031789858902913304e+00
8.672000000000261934e+03 9.960278011860319580e-01
8.672800000000261207e+03 1.023284047305667244e+00
8.673600000000262298e+03 1.075545684315804884e+00
8.674400000000263390e+03 1.101832225835717383e+00
8.675200000000262662e+03 1.140996024797794384e+00
8.676000000000261934e+03 1.181332678893734833e+00
8.676800000000263026e+03 1.202795203968074489e+00
8.677600000000264117e+03 1.157148030819105777e+00
8.678400000000263390e+03 1.122252160139848964e+00
8.679200000000262662e+03 1.118844606220283922e+00
8.680000000000263753e+03 1.102808227491128390e+00
8.680800000000264845e+03 1.085006271975461623e+00
8.681600000000264117e+03 1.070562204863923839e+00
8.682400000000263390e+03 1.091415898411991936e+00
8.683200000000264481e+03 1.123768588414791880e+00
8.684000000000265572e+03 1.115594215300111491e+00
8.684800000000264845e+03 1.122294838620115698e+00
8.685600000000264117e+03 1.144367468203945748e+00
8.686400000000265209e+03 1.139518891965324743e+00
8.687200000000266300e+03 1.168693399343590844e+00
8.688000000000265572e+03 1.217067079024312104e+00
8.688800000000264845e+03 1.205235384310193947e+00
8.689600000000265936e+03 1.147870285474133611e+00
8.690400000000267028e+03 1.100763728741075642e+00
8.691200000000266300e+03 1.048997162687980822e+00
8.692000000000265572e+03 1.053654671515627861e+00
8.692800000000266664e+03 1.129172632279214383e+00
8.693600000000267755e+03 1.216227055793923650e+00
8.694400000000267028e+03 1.221454790098120968e+00
8.695200000000266300e+03 1.158228652518183299e+00
8.696000000000267391e+03 1.113092042068891230e+00
8.696800000000268483e+03 1.082193325120500926e+00
8.697600000000267755e+03 1.026271808161144827e+00
8.698400000000267028e+03 9.777984131438557380e-01
8.699200000000268119e+03 1.013340955697390688e+00
8.700000000000269210e+03 1.067698777218220041e+00
8.700800000000268483e+03 1.077535891466857798e+00
8.701600000000267755e+03 1.105531964194333083e+00
8.702400000000268847e+03 1.191109146357869575e+00
8.703200000000269938e+03 1.222599612392153645e+00
8.704000000000269210e+03 1.143830198355338945e+00
8.704800000000268483e+03 1.064802940369932616e+00
8.705600000000269574e+03 1.059070925060763280e+00
8.706400000000270666e+03 1.083827661835738532e+00
8.707200000000269938e+03 1.092620189420185461e+00
8.708000000000269210e+03 1.079368483309109950e+00
8.708800000000270302e+03 1.028436037202763664e+00
8.709600000000271393e+03 9.705284881538499553e-01
8.710400000000270666e+03 1.043507436414577771e+00
8.711200000000269938e+03 1.158272383763323310e+00
8.712000000000271029e+03 1.162863113304726470e+00
8.712800000000272121e+03 1.115684534366208513e+00
8.713600000000271393e+03 1.113198584324097684e+00
8.714400000000270666e+03 1.118082998124001026e+00
8.715200000000271757e+03 1.129914263536070163e+00
8.716000000000272848e+03 1.183173785483003781e+00
8.716800000000272121e+03 1.272130869175887025e+00
8.717600000000271393e+03 1.320604922848265916e+00
8.718400000000272485e+03 1.284120347750359104e+00
8.719200000000273576e+03 1.215345887534411640e+00
8.720000000000272848e+03 1.178764170444922321e+00
8.720800000000272121e+03 1.163961940744015156e+00
8.721600000000273212e+03 1.148779854170880022e+00
8.722400000000274304e+03 1.179952180923210303e+00
8.723200000000273576e+03 1.215685069023482612e+00
8.724000000000272848e+03 1.211944887390270953e+00
8.724800000000273940e+03 1.193790006664026571e+00
8.725600000000275031e+03 1.145577204445880737e+00
8.726400000000274304e+03 1.117065831549940214e+00
8.727200000000273576e+03 1.122600096611419129e+00
8.728000000000274667e+03 1.175057868922412263e+00
8.728800000000275759e+03 1.230190682898147481e+00
8.729600000000275031e+03 1.227586613672960958e+00
8.730400000000274304e+03 1.225400352666024872e+00
8.731200000000275395e+03 1.261715000296928624e+00
8.732000000000276486e+03 1.297248506423491765e+00
8.732800000000275759e+03 1.308987648846865248e+00
8.733600000000275031e+03 1.283539311915290249e+00
8.734400000000276123e+03 1.209672621633258949e+00
8.735200000000277214e+03 1.165453321753960658e+00
8.736000000000276486e+03 1.183826945417970844e+00
8.736800000000275759e+03 1.222994866805619196e+00
8.737600000000276850e+03 1.237443327892810085e+00
8.738400000000277942e+03 1.243223400602891715e+00
8.739200000000277214e+03 1.227333558479287046e+00
8.740000000000276486e+03 1.177314131831527222e+00
8.740800000000277578e+03 1.157814873917273779e+00
8.741600000000278669e+03 1.202736657121996844e+00
8.742400000000277942e+03 1.232030436948467589e+00
8.743200000000277214e+03 1.218710763192826674e+00
8.744000000000278305e+03 1.211317164548205039e+00
8.744800000000279397e+03 1.228718902537080160e+00
8.745600000000278669e+03 1.220147057659168865e+00
8.746400000000277942e+03 1.199828806325916819e+00
8.747200000000279033e+03 1.214748979962536390e+00
8.748000000000280124e+03 1.239952528185844116e+00
8.748800000000279397e+03 1.231551241150403708e+00
8.749600000000278669e+03 1.180535480492966194e+00
8.750400000000279761e+03 1.135358055439147140e+00
8.751200000000280852e+03 1.157017036101253726e+00
8.752000000000280124e+03 1.155207602438697911e+00
8.752800000000279397e+03 1.101727497040693393e+00
8.753600000000280488e+03 1.105585515800987295e+00
8.754400000000281580e+03 1.170808673983720016e+00
8.755200000000280852e+03 1.203014390615735785e+00
8.756000000000280124e+03 1.215814108298880036e+00
8.756800000000281216e+03 1.246219249343279323e+00
8.757600000000282307e+03 1.255108696924430944e+00
8.758400000000281580e+03 1.207149425203159598e+00
8.759200000000280852e+03 1.172477157468734488e+00
8.760000000000281943e+03 1.184847682512597089e+00
8.760800000000283035e+03 1.189246935377933578e+00
8.761600000000282307e+03 1.171844378581477608e+00
8.762400000000281580e+03 1.134404649420438727e+00
8.763200000000282671e+03 1.046125518926925180e+00
8.764000000000283762e+03 9.945436736370432129e-01
8.764800000000283035e+03 9.872564972216902879e-01
8.765600000000282307e+03 1.075250872498675569e+00
8.766400000000283399e+03 1.175903854501004542e+00
8.767200000000284490e+03 1.231827429826357845e+00
8.768000000000283762e+03 1.230630820612894416e+00
8.768800000000283035e+03 1.054026930243790794e+00
8.769600000000284126e+03 8.990415310154833417e-01
8.770400000000285218e+03 9.749419152711281678e-01
8.771200000000284490e+03 1.126896897407753118e+00
8.772000000000283762e+03 1.266765471465840065e+00
8.772800000000284854e+03 1.303707374458142665e+00
8.773600000000285945e+03 1.251965806441798890e+00
8.774400000000285218e+03 1.157031789156225621e+00
8.775200000000284490e+03 1.109980706290162322e+00
8.776000000000285581e+03 1.128560483673910930e+00
8.776800000000286673e+03 1.103403606639437484e+00
8.777600000000285945e+03 9.950820575684227176e-01
8.778400000000285218e+03 8.989796546512723863e-01
8.779200000000286309e+03 9.354904302905326929e-01
8.780000000000287400e+03 9.110103553812867183e-01
8.780800000000286673e+03 8.293535322485519057e-01
8.781600000000285945e+03 8.387977293597996820e-01
8.782400000000287037e+03 1.016992672319603219e+00
8.783200000000288128e+03 1.136632586931611399e+00
8.784000000000287400e+03 1.128100018562363527e+00
8.784800000000286673e+03 1.078370899566605257e+00
8.785600000000287764e+03 1.043303184351280999e+00
8.786400000000288856e+03 1.078951836548221355e+00
8.787200000000288128e+03 1.125149437446668399e+00
8.788000000000287400e+03 1.151236451789068749e+00
8.788800000000288492e+03 1.129472826560658838e+00
8.789600000000289583e+03 1.091072543652965132e+00
8.790400000000288856e+03 1.087808567388420133e+00
8.791200000000288128e+03 1.099528583196612397e+00
8.792000000000289219e+03 1.111750733782740586e+00
8.792800000000290311e+03 1.133386760394593296e+00
8.793600000000289583e+03 1.145503010544618228e+00
8.794400000000288856e+03 1.117383194367910448e+00
8.795200000000289947e+03 1.032008019766117446e+00
8.796000000000291038e+03 1.002090787518525206e+00
8.796800000000290311e+03 1.015795989504855168e+00
8.797600000000289583e+03 1.027307204861924506e+00
8.798400000000290675e+03 1.058722075894845238e+00
8.799200000000291766e+03 1.109837714014041854e+00
8.800000000000291038e+03 1.147586723941047993e+00
8.800800000000290311e+03 1.145907035572055754e+00
8.801600000000291402e+03 1.110387870312860237e+00
8.802400000000292493e+03 1.096103452976999293e+00
8.803200000000291766e+03 1.110268791873204375e+00
8.804000000000291038e+03 1.124966644156546902e+00
8.804800000000292130e+03 1.119475020433714718e+00
8.805600000000293221e+03 1.099510560130855019e+00
8.806400000000292493e+03 1.086298924905050090e+00
8.807200000000291766e+03 1.102483288112651616e+00
8.808000000000292857e+03 1.104994353463192525e+00
8.808800000000293949e+03 1.112284173956038957e+00
8.809600000000293221e+03 1.160351640786893013e+00
8.810400000000292493e+03 1.197786988033318956e+00
8.811200000000293585e+03 1.185686168549017871e+00
8.812000000000294676e+03 1.121207626294657977e+00
8.812800000000293949e+03 1.043226363122440992e+00
8.813600000000293221e+03 1.031827086102495850e+00
8.814400000000294312e+03 1.077139450542689225e+00
8.815200000000295404e+03 1.102250049931613907e+00
8.816000000000294676e+03 1.131456081961864868e+00
8.816800000000293949e+03 1.183235404578518501e+00
8.817600000000295040e+03 1.191993435586021999e+00
8.818400000000296131e+03 1.153056604613553304e+00
8.819200000000295404e+03 1.070973774898020592e+00
8.820000000000294676e+03 9.943376944540487372e-01
8.820800000000295768e+03 1.005865420999185966e+00
8.821600000000296859e+03 1.082579040410546867e+00
8.822400000000296131e+03 1.130659453093593392e+00
8.823200000000295404e+03 1.127333645729663214e+00
8.824000000000296495e+03 1.116487667978394160e+00
8.824800000000297587e+03 1.138619039229662455e+00
8.825600000000296859e+03 1.173492170185788330e+00
8.826400000000296131e+03 1.184311877537360225e+00
8.827200000000297223e+03 1.241514363122076858e+00
8.828000000000298314e+03 1.348846797038897982e+00
8.828800000000297587e+03 1.362913319343296070e+00
8.829600000000296859e+03 1.039940971082524701e+00
8.830400000000297950e+03 6.066239393558329196e-01
8.831200000000299042e+03 8.334856913624533181e-01
8.832000000000298314e+03 1.131430439879000049e+00
8.832800000000297587e+03 1.094391743407945761e+00
8.833600000000298678e+03 1.058491053848565899e+00
8.834400000000299769e+03 1.132185335749141819e+00
8.835200000000299042e+03 1.210762319951881327e+00
8.836000000000298314e+03 1.203960716044786494e+00
8.836800000000299406e+03 1.169910179656893146e+00
8.837600000000300497e+03 1.206825546414059147e+00
8.838400000000299769e+03 1.350095403692488816e+00
8.839200000000299042e+03 1.501338960281058288e+00
8.840000000000300133e+03 1.448092035525561982e+00
8.840800000000301225e+03 1.285395544777730770e+00
8.841600000000300497e+03 1.199310332903847698e+00
8.842400000000299769e+03 1.193731562639064103e+00
8.843200000000300861e+03 1.231257798834044070e+00
8.844000000000301952e+03 1.282190165237078183e+00
8.844800000000301225e+03 1.286863953482871636e+00
8.845600000000300497e+03 1.258576009645557603e+00
8.846400000000301588e+03 1.215475546846131571e+00
8.847200000000302680e+03 1.216065737724086437e+00
8.848000000000301952e+03 1.271201630529868343e+00
8.848800000000301225e+03 1.316212760278732352e+00
8.849600000000302316e+03 1.315511441885721222e+00
8.850400000000303407e+03 1.315717029111334035e+00
8.851200000000302680e+03 1.273797937441329964e+00
8.852000000000301952e+03 1.171622644086210085e+00
8.852800000000303044e+03 1.197450528169988537e+00
8.853600000000304135e+03 1.284315304258556001e+00
8.854400000000303407e+03 1.305675462595489389e+00
8.855200000000302680e+03 1.331513347075396370e+00
8.856000000000303771e+03 1.336121821154176104e+00
8.856800000000304863e+03 1.293988259626487114e+00
8.857600000000304135e+03 1.259377042418990289e+00
8.858400000000303407e+03 1.274250718892957490e+00
8.859200000000304499e+03 1.316612499341081932e+00
8.860000000000305590e+03 1.315127588945144588e+00
8.860800000000304863e+03 1.307613100530138350e+00
8.861600000000304135e+03 1.328182512605184495e+00
8.862400000000305226e+03 1.318609518900592192e+00
8.863200000000306318e+03 1.314195937361625877e+00
8.864000000000305590e+03 1.360435852147060309e+00
8.864800000000304863e+03 1.397320645773455272e+00
8.865600000000305954e+03 1.391685475185779897e+00
8.866400000000307045e+03 1.368485028547576476e+00
8.867200000000306318e+03 1.314943559347953705e+00
8.868000000000305590e+03 1.272201643476048805e+00
8.868800000000306682e+03 1.309028895398476999e+00
8.869600000000307773e+03 1.443187551824474557e+00
8.870400000000307045e+03 1.516346097379674296e+00
8.871200000000306318e+03 1.378857631503728864e+00
8.872000000000307409e+03 1.256962553637304136e+00
8.872800000000308501e+03 1.268435871146259997e+00
8.873600000000307773e+03 1.330635072304655164e+00
8.874400000000307045e+03 1.376944002294427261e+00
8.875200000000308137e+03 1.420019581510928219e+00
8.876000000000309228e+03 1.451707838441559151e+00
8.876800000000308501e+03 1.464510499456897374e+00
8.877600000000307773e+03 1.431220998307076275e+00
8.878400000000308864e+03 1.374792387058470622e+00
8.879200000000309956e+03 1.380014195992397719e+00
8.880000000000309228e+03 1.414898644189114485e+00
8.880800000000308501e+03 1.405011026580950784e+00
8.881600000000309592e+03 1.393443040866803928e+00
8.882400000000310683e+03 1.408933300913759012e+00
8.883200000000309956e+03 1.389701986626573404e+00
8.884000000000309228e+03 1.344740685992463991e+00
8.884800000000310320e+03 1.362364548915917073e+00
8.885600000000311411e+03 1.425633882471564640e+00
8.886400000000310683e+03 1.431475151238294607e+00
8.887200000000309956e+03 1.389689465141298985e+00
8.888000000000311047e+03 1.346785675411179994e+00
8.888800000000312139e+03 1.415245461620327383e+00
8.889600000000311411e+03 1.535609734386746306e+00
8.890400000000310683e+03 1.544149447596948610e+00
8.891200000000311775e+03 1.459150955632850355e+00
8.892000000000312866e+03 1.423420013016857499e+00
8.892800000000312139e+03 1.488858585935334045e+00
8.893600000000311411e+03 1.519622083848765959e+00
8.894400000000312502e+03 1.469280333581427955e+00
8.895200000000313594e+03 1.424181014251775235e+00
8.896000000000312866e+03 1.393351349708711329e+00
8.896800000000312139e+03 1.372386896725185323e+00
8.897600000000313230e+03 1.397601439420874225e+00
8.898400000000314321e+03 1.404503611901451343e+00
8.899200000000313594e+03 1.378999871906097852e+00
8.900000000000312866e+03 1.376822839630031492e+00
8.900800000000313958e+03 1.393620975043687871e+00
8.901600000000315049e+03 1.427799678956334972e+00
8.902400000000314321e+03 1.472615068879050471e+00
8.903200000000313594e+03 1.496282030689605858e+00
8.904000000000314685e+03 1.470655668852563380e+00
8.904800000000315777e+03 1.425340139357385461e+00
8.905600000000315049e+03 1.396948791303493032e+00
8.906400000000314321e+03 1.363917370816451591e+00
8.907200000000315413e+03 1.364418893851029324e+00
8.908000000000316504e+03 1.405283996653023948e+00
8.908800000000315777e+03 1.442121881824091290e+00
8.909600000000315049e+03 1.468643395939885909e+00
8.910400000000316140e+03 1.494760359779402359e+00
8.911200000000317232e+03 1.526234372877758094e+00
8.912000000000316504e+03 1.571370799822145781e+00
8.912800000000315777e+03 1.554397052017804093e+00
8.913600000000316868e+03 1.537323992661268512e+00
8.914400000000317959e+03 1.579318864017788204e+00
8.915200000000317232e+03 1.587751599602893027e+00
8.916000000000316504e+03 1.526501355543414817e+00
8.916800000000317596e+03 1.482691265901454170e+00
8.917600000000318687e+03 1.472816975913300297e+00
8.918400000000317959e+03 1.474139407959103920e+00
8.919200000000317232e+03 1.487278333921091544e+00
8.920000000000318323e+03 1.442261482084706170e+00
8.920800000000319415e+03 1.348060581053328599e+00
8.921600000000318687e+03 1.357007328783257361e+00
8.922400000000317959e+03 1.695570903228845960e+00
8.923200000000319051e+03 1.975096717946656311e+00
8.924000000000320142e+03 1.630195428346389752e+00
8.924800000000319415e+03 1.379200510455998785e+00
8.925600000000318687e+03 1.411236638272116650e+00
8.926400000000319778e+03 1.440810354074433697e+00
8.927200000000320870e+03 1.454875668785426512e+00
8.928000000000320142e+03 1.428167770115716051e+00
8.928800000000319415e+03 1.405149401830616540e+00
8.929600000000320506e+03 1.487222441575999587e+00
8.930400000000321597e+03 1.584413217557672393e+00
8.931200000000320870e+03 1.608924211641669988e+00
8.932000000000320142e+03 1.562350539623001966e+00
8.932800000000321234e+03 1.485755411287280392e+00
8.933600000000322325e+03 1.416894394784217415e+00
8.934400000000321597e+03 1.355893813436901629e+00
8.935200000000320870e+03 1.363256511583990527e+00
8.936000000000321961e+03 1.392203562475291534e+00
8.936800000000323053e+03 1.375532373925713259e+00
8.937600000000322325e+03 1.395231442320233217e+00
8.938400000000321597e+03 1.468020948794276581e+00
8.939200000000322689e+03 1.473101170872581189e+00
8.940000000000323780e+03 1.389812832857498126e+00
8.940800000000323053e+03 1.332663488660251083e+00
8.941600000000322325e+03 1.348566837216748748e+00
8.942400000000323416e+03 1.376711338378824312e+00
8.943200000000324508e+03 1.385102070125273421e+00
8.944000000000323780e+03 1.420745767485323885e+00
8.944800000000323053e+03 1.475301730158638192e+00
8.945600000000324144e+03 1.445329451397322718e+00
8.946400000000325235e+03 1.275299637336733349e+00
8.947200000000324508e+03 1.223506443169791957e+00
8.948000000000323780e+03 1.326158247907022414e+00
8.948800000000324872e+03 1.378030656461331160e+00
8.949600000000325963e+03 1.377935805936713498e+00
8.950400000000325235e+03 1.369697295396933967e+00
8.951200000000324508e+03 1.373551738169243475e+00
8.952000000000325599e+03 1.379916495289079892e+00
8.952800000000326690e+03 1.368723665604467676e+00
8.953600000000325963e+03 1.376912950987646989e+00
8.954400000000325235e+03 1.406418024471667305e+00
8.955200000000326327e+03 1.402587737574774396e+00
8.956000000000327418e+03 1.389458571217574878e+00
8.956800000000326690e+03 1.408295976061810562e+00
8.957600000000325963e+03 1.424360105188165360e+00
8.958400000000327054e+03 1.425597759978447288e+00
8.959200000000328146e+03 1.357821638739022951e+00
8.960000000000327418e+03 1.366867594639011863e+00
8.960800000000326690e+03 1.615798050177670087e+00
8.961600000000327782e+03 1.598302795270927223e+00
8.962400000000328873e+03 1.328417004145546532e+00
8.963200000000328146e+03 1.272796630023596665e+00
8.964000000000327418e+03 1.336009777966783663e+00
8.964800000000328509e+03 1.366995925502416220e+00
8.965600000000329601e+03 1.333928949709384248e+00
8.966400000000328873e+03 1.310926552375926590e+00
8.967200000000328146e+03 1.376846828379930887e+00
8.968000000000329237e+03 1.459587628896983125e+00
8.968800000000330328e+03 1.461048187048624936e+00
8.969600000000329601e+03 1.398704769461863284e+00
8.970400000000328873e+03 1.371292861857602574e+00
8.971200000000329965e+03 1.415981540737681899e+00
8.972000000000331056e+03 1.480339297234103846e+00
8.972800000000330328e+03 1.492505179840355467e+00
8.973600000000329601e+03 1.514113823391884051e+00
8.974400000000330692e+03 1.541074578686386864e+00
8.975200000000331784e+03 1.486005439905419223e+00
8.976000000000331056e+03 1.450688398849221183e+00
8.976800000000330328e+03 1.458049871863155378e+00
8.977600000000331420e+03 1.493480898094033060e+00
8.978400000000332511e+03 1.499555683871661049e+00
8.979200000000331784e+03 1.431286540046275313e+00
8.980000000000331056e+03 1.384673976532791340e+00
8.980800000000332147e+03 1.416672377967713725e+00
8.981600000000333239e+03 1.456208912777129161e+00
8.982400000000332511e+03 1.442790747759129966e+00
8.983200000000331784e+03 1.417109354628322659e+00
8.984000000000332875e+03 1.451223739993612316e+00
8.984800000000333966e+03 1.472957392865988480e+00
8.985600000000333239e+03 1.432759454259862508e+00
8.986400000000332511e+03 1.384396605198860541e+00
8.987200000000333603e+03 1.367194366685560381e+00
8.988000000000334694e+03 1.339085232944634329e+00
8.988800000000333966e+03 1.331133044968397350e+00
8.989600000000333239e+03 1.469539669584822628e+00
8.990400000000334330e+03 1.619666631863007078e+00
8.991200000000335422e+03 1.632699610252636546e+00
8.992000000000334694e+03 1.543495931488697792e+00
8.992800000000333966e+03 1.488260854637047714e+00
8.993600000000335058e+03 1.486923311702770922e+00
8.994400000000336149e+03 1.456037217685229646e+00
8.995200000000335422e+03 1.455659678449178873e+00
8.996000000000334694e+03 1.478008770764782209e+00
8.996800000000335785e+03 1.462901546926232754e+00
8.997600000000336877e+03 1.426991133464545980e+00
8.998400000000336149e+03 1.392712263745598422e+00
8.999200000000335422e+03 1.387313849869979965e+00
9.000000000000336513e+03 1.404623690730673946e+00
9.000800000000337604e+03 1.407716968634936450e+00
9.001600000000336877e+03 1.443414220237462686e+00
9.002400000000336149e+03 1.481649891536072960e+00
9.003200000000337241e+03 1.459142982333931027e+00
9.004000000000338332e+03 1.304227341273608509e+00
9.004800000000337604e+03 1.156455356780590193e+00
9.005600000000336877e+03 1.263208632214733562e+00
9.006400000000337968e+03 1.382808820448503173e+00
9.007200000000339060e+03 1.336874610533619556e+00
9.008000000000338332e+03 1.328839994170718741e+00
9.008800000000337604e+03 1.400284045736704286e+00
9.009600000000338696e+03 1.422914879112883169e+00
9.010400000000339787e+03 1.431775237123704470e+00
9.011200000000339060e+03 1.456094735540486074e+00
9.012000000000338332e+03 1.421374190000785021e+00
9.012800000000339423e+03 1.387622571563983165e+00
9.013600000000340515e+03 1.414032807230318767e+00
9.014400000000339787e+03 1.437201995748863759e+00
9.015200000000339060e+03 1.379649713748347661e+00
9.016000000000340151e+03 1.317090055561926709e+00
9.016800000000341242e+03 1.323891044631984926e+00
9.017600000000340515e+03 1.353482956147100680e+00
9.018400000000339787e+03 1.382040732194325106e+00
9.019200000000340879e+03 1.373881539115505923e+00
9.020000000000341970e+03 1.304873721961563815e+00
9.020800000000341242e+03 1.220822131139101208e+00
9.021600000000340515e+03 1.224685989802232644e+00
9.022400000000341606e+03 1.285977500178817401e+00
9.023200000000342698e+03 1.344956423377663635e+00
9.024000000000341970e+03 1.386154030854451991e+00
9.024800000000341242e+03 1.369139415032742058e+00
9.025600000000342334e+03 1.275540669351078904e+00
9.026400000000343425e+03 1.190915310912439962e+00
9.027200000000342698e+03 1.168881415665167678e+00
9.028000000000341970e+03 1.156724354682647782e+00
9.028800000000343061e+03 1.150334798617517862e+00
9.029600000000344153e+03 1.066811591353509892e+00
9.030400000000343425e+03 9.238163194921917842e-01
9.031200000000342698e+03 9.402393559874482332e-01
9.032000000000343789e+03 1.081282699159776595e+00
9.032800000000344880e+03 1.122026904168838657e+00
9.033600000000344153e+03 1.052511842897176475e+00
9.034400000000343425e+03 9.978778008313111680e-01
9.035200000000344517e+03 9.957539229938473513e-01
9.036000000000345608e+03 1.026206601553065978e+00
9.036800000000344880e+03 1.076536065767674799e+00
9.037600000000344153e+03 1.096598894765065335e+00
9.038400000000345244e+03 1.125742765859268912e+00
9.039200000000346336e+03 1.205612182513118968e+00
9.040000000000345608e+03 1.289487289459380293e+00
9.040800000000344880e+03 1.360075538958014363e+00
9.041600000000345972e+03 1.368137301100702974e+00
9.042400000000347063e+03 1.318253833317103219e+00
9.043200000000346336e+03 1.279177564304120107e+00
9.044000000000345608e+03 1.222205617736999539e+00
9.044800000000346699e+03 1.130262711070905368e+00
9.045600000000347791e+03 1.085719669663531839e+00
9.046400000000347063e+03 1.123196644652602938e+00
9.047200000000346336e+03 1.177089113027256939e+00
9.048000000000347427e+03 1.166611800225713313e+00
9.048800000000348518e+03 1.109512938065523979e+00
9.049600000000347791e+03 1.056356971381209764e+00
9.050400000000347063e+03 1.048795717824707596e+00
9.051200000000348155e+03 1.094576408262559752e+00
9.052000000000349246e+03 1.073538253720825786e+00
9.052800000000348518e+03 1.024451329242680453e+00
9.053600000000347791e+03 1.035754232117929163e+00
9.054400000000348882e+03 1.089801897651384799e+00
9.055200000000349974e+03 1.117370296858956724e+00
9.056000000000349246e+03 1.088247251970455132e+00
9.056800000000348518e+03 1.050058494385382124e+00
9.057600000000349610e+03 1.024221320079759634e+00
9.058400000000350701e+03 1.038316783331661552e+00
9.059200000000349974e+03 1.070926443164131880e+00
9.060000000000349246e+03 1.077131447705841794e+00
9.060800000000350337e+03 1.097759554430122630e+00
9.061600000000351429e+03 1.132706690734508026e+00
9.062400000000350701e+03 1.133428275781064754e+00
9.063200000000349974e+03 1.117658061169348738e+00
9.064000000000351065e+03 1.083575390885273215e+00
9.064800000000352156e+03 1.043670360933465213e+00
9.065600000000351429e+03 1.098148085665887841e+00
9.066400000000350701e+03 1.197034526305426061e+00
9.067200000000351793e+03 1.194983133401635644e+00
9.068000000000352884e+03 1.144868731513123850e+00
9.068800000000352156e+03 1.107784849931077620e+00
9.069600000000351429e+03 1.090700491318005172e+00
9.070400000000352520e+03 1.102584553092069042e+00
9.071200000000353612e+03 1.114169464838737467e+00
9.072000000000352884e+03 1.119916110221567340e+00
9.072800000000352156e+03 1.129001758799650368e+00
9.073600000000353248e+03 1.125597485907605666e+00
9.074400000000354339e+03 1.096174685598688026e+00
9.075200000000353612e+03 1.103627404466420270e+00
9.076000000000352884e+03 1.149682516346454575e+00
9.076800000000353975e+03 1.184361850223700774e+00
9.077600000000355067e+03 1.169764466859763763e+00
9.078400000000354339e+03 1.144459987334423001e+00
9.079200000000353612e+03 1.146460587895940408e+00
9.080000000000354703e+03 1.131726811659067522e+00
9.080800000000355794e+03 1.123232008286614070e+00
9.081600000000355067e+03 1.129466666516279361e+00
9.082400000000354339e+03 1.091768056540007859e+00
9.083200000000355431e+03 1.060045217171642129e+00
9.084000000000356522e+03 1.066953794341206629e+00
9.084800000000355794e+03 1.062908448213186308e+00
9.085600000000355067e+03 1.088958792288258870e+00
9.086400000000356158e+03 1.147426469070584432e+00
9.087200000000357250e+03 1.172907732461151653e+00
9.088000000000356522e+03 1.168158731617629842e+00
9.088800000000355794e+03 1.090928463121105363e+00
9.089600000000356886e+03 9.801604492036146699e-01
9.090400000000357977e+03 9.556373051475772762e-01
9.091200000000357250e+03 9.837555879581798557e-01
9.092000000000356522e+03 1.013000782151042278e+00
9.092800000000357613e+03 1.033237092042202487e+00
9.093600000000358705e+03 9.968227612368150137e-01
9.094400000000357977e+03 9.628887290445784508e-01
9.095200000000357250e+03 9.912205946029488679e-01
9.096000000000358341e+03 1.017107473410122198e+00
9.096800000000359432e+03 1.018672862344841112e+00
9.097600000000358705e+03 1.044796943266519840e+00
9.098400000000357977e+03 1.075347443745509279e+00
9.099200000000359069e+03 1.075544764072135395e+00
9.100000000000360160e+03 1.037745522969867995e+00
9.100800000000359432e+03 9.950399347471557965e-01
9.101600000000358705e+03 9.535621737571616796e-01
9.102400000000359796e+03 9.485554691023694307e-01
9.103200000000360887e+03 9.307525897321085040e-01
9.104000000000360160e+03 8.725082481743497986e-01
9.104800000000359432e+03 8.638844632433761994e-01
9.105600000000360524e+03 9.475711126745501867e-01
9.106400000000361615e+03 1.048142032303102988e+00
9.107200000000360887e+03 1.021845370418951404e+00
9.108000000000360160e+03 9.250855945687683768e-01
9.108800000000361251e+03 8.689612855713804151e-01
9.109600000000362343e+03 8.868286093051058749e-01
9.110400000000361615e+03 9.305722406974641370e-01
9.111200000000360887e+03 9.732553601542124344e-01
9.112000000000361979e+03 9.778063522006175123e-01
9.112800000000363070e+03 9.250260753054997398e-01
9.113600000000362343e+03 8.984703734876546832e-01
9.114400000000361615e+03 9.378552928688701495e-01
9.115200000000362706e+03 9.810262308483399529e-01
9.116000000000363798e+03 1.005200578556616708e+00
9.116800000000363070e+03 1.033264205620960663e+00
9.117600000000362343e+03 1.068615504236557490e+00
9.118400000000363434e+03 1.051744909159741059e+00
9.119200000000364525e+03 9.858184045693219044e-01
9.120000000000363798e+03 9.490652927148361950e-01
9.120800000000363070e+03 9.952728466896128001e-01
9.121600000000364162e+03 1.065937034954479667e+00
9.122400000000365253e+03 1.043339484649926874e+00
9.123200000000364525e+03 1.003386771692274859e+00
9.124000000000363798e+03 1.003763298676371152e+00
9.124800000000364889e+03 1.002306581093219018e+00
9.125600000000365981e+03 1.000288334362194220e+00
9.126400000000365253e+03 9.859541285541810751e-01
9.127200000000364525e+03 9.801235850471299305e-01
9.128000000000365617e+03 1.008030173662484819e+00
9.128800000000366708e+03 1.026713191559960991e+00
9.129600000000365981e+03 9.972640798155576469e-01
9.130400000000365253e+03 9.529414198456648277e-01
9.131200000000366344e+03 9.374416436249882745e-01
9.132000000000367436e+03 9.620531747602762973e-01
9.132800000000366708e+03 9.805897058798771493e-01
9.133600000000365981e+03 9.321517642862322539e-01
9.134400000000367072e+03 8.631394410174506593e-01
9.135200000000368163e+03 8.536664417337564981e-01
9.136000000000367436e+03 8.613593009186830685e-01
9.136800000000366708e+03 8.635133251216395855e-01
9.137600000000367800e+03 8.853889850115891358e-01
9.138400000000368891e+03 8.879787708870556795e-01
9.139200000000368163e+03 9.008398996695667904e-01
9.140000000000367436e+03 9.351716285936466644e-01
9.140800000000368527e+03 9.463993168091444641e-01
9.141600000000369619e+03 9.474603371662155826e-01
9.142400000000368891e+03 9.655400729748537803e-01
9.143200000000368163e+03 9.691660216548347861e-01
9.144000000000369255e+03 9.423573895138064316e-01
9.144800000000370346e+03 9.073545701806742247e-01
9.145600000000369619e+03 8.890866811618027832e-01
9.146400000000368891e+03 9.074943086014577442e-01
9.147200000000369982e+03 9.408771522281225153e-01
9.148000000000371074e+03 9.584171935900165362e-01
9.148800000000370346e+03 9.646022120894488516e-01
9.149600000000369619e+03 9.285544879063102330e-01
9.150400000000370710e+03 9.159854425974445213e-01
9.151200000000371801e+03 9.417464438294460560e-01
9.152000000000371074e+03 9.153588049161738294e-01
9.152800000000370346e+03 8.677294765874734583e-01
9.153600000000371438e+03 8.499942587079996059e-01
9.154400000000372529e+03 8.674410394193723395e-01
9.155200000000371801e+03 9.275139493265052160e-01
9.156000000000371074e+03 9.907794428573157841e-01
9.156800000000372165e+03 1.030861840895592518e+00
9.157600000000373257e+03 1.079273391370978663e+00
9.158400000000372529e+03 1.108718345181402665e+00
9.159200000000371801e+03 1.053685039945676527e+00
9.160000000000372893e+03 9.879150751208598535e-01
9.160800000000373984e+03 9.619000351175894803e-01
9.161600000000373257e+03 9.237749663040100145e-01
9.162400000000372529e+03 8.908537684655709610e-01
9.163200000000373620e+03 9.324518558359058407e-01
9.164000000000374712e+03 9.983220050739912699e-01
9.164800000000373984e+03 1.036760333942986723e+00
9.165600000000373257e+03 1.020351725307014457e+00
9.166400000000374348e+03 9.306046995362781127e-01
9.167200000000375439e+03 8.661325084126697549e-01
9.168000000000374712e+03 8.580955042836597713e-01
9.168800000000373984e+03 8.680319581647060190e-01
9.169600000000375076e+03 8.563470928462144638e-01
9.170400000000376167e+03 8.316695550471536746e-01
9.171200000000375439e+03 8.748658830678093246e-01
9.172000000000374712e+03 9.421616925298450518e-01
9.172800000000375803e+03 9.632049926634188575e-01
9.173600000000376895e+03 9.705343933966293912e-01
9.174400000000376167e+03 9.574429425809098948e-01
9.175200000000375439e+03 9.663874696391034913e-01
9.176000000000376531e+03 1.005105274687652095e+00
9.176800000000377622e+03 1.023682481766562624e+00
9.177600000000376895e+03 1.006047486502041455e+00
9.178400000000376167e+03 9.626742201642133345e-01
9.179200000000377258e+03 9.349464369269805397e-01
9.180000000000378350e+03 9.425768106187136786e-01
9.180800000000377622e+03 9.567824452701318982e-01
9.181600000000376895e+03 9.887488823627172962e-01
9.182400000000377986e+03 1.040385919252778679e+00
9.183200000000379077e+03 1.056973121481596278e+00
9.184000000000378350e+03 1.048497720096576380e+00
9.184800000000377622e+03 1.056542869762409298e+00
9.185600000000378714e+03 1.087960503702201098e+00
9.186400000000379805e+03 1.071351542998856932e+00
9.187200000000379077e+03 9.985732010700100192e-01
9.188000000000378350e+03 9.446994501490928453e-01
9.188800000000379441e+03 9.390043916569774662e-01
9.189600000000380533e+03 1.005601772217841638e+00
9.190400000000379805e+03 1.047310222993766082e+00
9.191200000000379077e+03 9.605238068344053026e-01
9.192000000000380169e+03 8.674914685199253128e-01
9.192800000000381260e+03 8.769686052515701657e-01
9.193600000000380533e+03 9.315563400197809374e-01
9.194400000000379805e+03 9.324975319273236529e-01
9.195200000000380896e+03 9.278474838934251956e-01
9.196000000000381988e+03 9.104522450305416736e-01
9.196800000000381260e+03 8.698214201405045642e-01
9.197600000000380533e+03 8.419880341150405290e-01
9.198400000000381624e+03 8.163331902945258900e-01
9.199200000000382715e+03 8.351225515076443617e-01
9.200000000000381988e+03 8.918353782689456555e-01
9.200800000000381260e+03 9.386448405292238117e-01
9.201600000000382352e+03 9.568908508622704367e-01
9.202400000000383443e+03 9.354450197887129725e-01
9.203200000000382715e+03 8.954406073030936053e-01
9.204000000000381988e+03 9.077849411094978116e-01
9.204800000000383079e+03 9.431604918940006410e-01
9.205600000000384171e+03 9.404921639086238905e-01
9.206400000000383443e+03 9.729746402579808606e-01
9.207200000000382715e+03 1.025442984894528786e+00
9.208000000000383807e+03 1.017931276096878390e+00
9.208800000000384898e+03 1.007237454245493158e+00
9.209600000000384171e+03 1.000084917413805341e+00
9.210400000000383443e+03 9.473910793484394688e-01
9.211200000000384534e+03 8.952881767730687113e-01
9.212000000000385626e+03 9.052050067630323937e-01
9.212800000000384898e+03 9.250262973573892822e-01
9.213600000000384171e+03 9.059582765408400462e-01
9.214400000000385262e+03 8.635925187344956067e-01
9.215200000000386353e+03 8.326885199625809753e-01
9.216000000000385626e+03 8.785141766374781058e-01
9.216800000000384898e+03 9.260266468731681577e-01
9.217600000000385990e+03 9.068970898036090578e-01
9.218400000000387081e+03 8.591146500478561432e-01
9.219200000000386353e+03 8.413416405426248357e-01
9.220000000000385626e+03 9.131722996806626025e-01
9.220800000000386717e+03 9.896502180879548360e-01
9.221600000000387809e+03 9.831527709978195029e-01
9.222400000000387081e+03 9.356204479487360004e-01
9.223200000000386353e+03 9.074894138500299023e-01
9.224000000000387445e+03 9.171487235777266989e-01
9.224800000000388536e+03 8.892872319669646863e-01
9.225600000000387809e+03 8.445708927638131414e-01
9.226400000000387081e+03 8.636034371104426288e-01
9.227200000000388172e+03 9.488534141828761648e-01
9.228000000000389264e+03 9.983696371375225809e-01
9.228800000000388536e+03 9.483902073414713918e-01
9.229600000000387809e+03 8.869279344861196179e-01
9.230400000000388900e+03 8.923251575034344407e-01
9.231200000000389991e+03 9.066379661006569446e-01
9.232000000000389264e+03 9.050535247433508790e-01
9.232800000000388536e+03 8.777799382598470146e-01
9.233600000000389628e+03 8.567068902372161343e-01
9.234400000000390719e+03 8.613195185750783800e-01
9.235200000000389991e+03 8.371259152314718399e-01
9.236000000000389264e+03 8.074810263838789748e-01
9.236800000000390355e+03 8.176956714306917728e-01
9.237600000000391447e+03 8.438341366192989579e-01
9.238400000000390719e+03 8.443430907198212765e-01
9.239200000000389991e+03 8.230445173264220315e-01
9.240000000000391083e+03 8.189270184528933960e-01
9.240800000000392174e+03 8.571271288395387877e-01
9.241600000000391447e+03 8.978870635378976006e-01
9.242400000000390719e+03 9.042253962727371253e-01
9.243200000000391810e+03 8.810287967015349997e-01
9.244000000000392902e+03 8.647549767923583541e-01
9.244800000000392174e+03 8.756621586312274275e-01
9.245600000000391447e+03 9.203927631432473611e-01
9.246400000000392538e+03 9.753771472453245384e-01
9.247200000000393629e+03 9.715140654366331008e-01
9.248000000000392902e+03 9.474440571588238491e-01
9.248800000000392174e+03 9.056698678084107446e-01
9.249600000000393266e+03 8.301798313079853386e-01
9.250400000000394357e+03 7.903158812472151906e-01
9.251200000000393629e+03 8.100497354139069017e-01
9.252000000000392902e+03 8.414535540650540657e-01
9.252800000000393993e+03 8.358445029862817677e-01
9.253600000000395084e+03 8.545339726266849567e-01
9.254400000000394357e+03 9.237223460834336208e-01
9.255200000000393629e+03 9.207855847949629746e-01
9.256000000000394721e+03 8.536230433394601524e-01
9.256800000000395812e+03 8.194383046387684333e-01
9.257600000000395084e+03 8.228396629845026178e-01
9.258400000000394357e+03 8.157985647427341558e-01
9.259200000000395448e+03 8.144197557430792322e-01
9.260000000000396540e+03 8.330305915104381231e-01
9.260800000000395812e+03 8.604026568004111697e-01
9.261600000000395084e+03 8.947052925158882619e-01
9.262400000000396176e+03 9.586446183584043101e-01
9.263200000000397267e+03 9.975935825389015132e-01
9.264000000000396540e+03 9.284105764550949491e-01
9.264800000000395812e+03 8.421874327360835411e-01
9.265600000000396903e+03 8.347443302494557127e-01
9.266400000000397995e+03 8.481362614048435500e-01
9.267200000000397267e+03 8.077028144248488140e-01
9.268000000000396540e+03 7.830628394606995446e-01
9.268800000000397631e+03 7.943254857296280225e-01
9.269600000000398722e+03 8.355488810521927157e-01
9.270400000000397995e+03 8.671116021530504980e-01
9.271200000000397267e+03 8.598600173395023472e-01
9.272000000000398359e+03 8.479242794972214892e-01
9.272800000000399450e+03 8.562108406341508715e-01
9.273600000000398722e+03 8.879553429356781269e-01
9.274400000000397995e+03 8.892555682789348159e-01
9.275200000000399086e+03 8.703197875910959613e-01
9.276000000000400178e+03 8.679087492568139384e-01
9.276800000000399450e+03 8.620975198875187040e-01
9.277600000000398722e+03 8.636010217813591128e-01
9.278400000000399814e+03 8.706837211831293111e-01
9.279200000000400905e+03 9.129103295566922682e-01
9.280000000000400178e+03 9.518792471108443731e-01
9.280800000000399450e+03 9.260806445618152694e-01
9.281600000000400541e+03 8.832349123122799073e-01
9.282400000000401633e+03 8.592435507669309303e-01
9.283200000000400905e+03 8.738104064749518951e-01
9.284000000000400178e+03 9.150883769488410424e-01
9.284800000000401269e+03 9.104743384586007071e-01
9.285600000000402360e+03 8.928108127488598722e-01
9.286400000000401633e+03 9.013725446947343789e-01
9.287200000000400905e+03 8.689315248997133700e-01
9.288000000000401997e+03 7.989465166229275939e-01
9.288800000000403088e+03 8.155519247284239714e-01
9.289600000000402360e+03 8.982768141127832617e-01
9.290400000000401633e+03 9.188486474347002941e-01
9.291200000000402724e+03 8.547568798894635833e-01
9.292000000000403816e+03 8.413883363692109540e-01
9.292800000000403088e+03 8.806545624434093389e-01
9.293600000000402360e+03 8.949195604362727430e-01
9.294400000000403452e+03 8.556089494269957241e-01
9.295200000000404543e+03 8.200863401010713982e-01
9.296000000000403816e+03 7.843333436787319757e-01
9.296800000000403088e+03 7.279721098532838663e-01
9.297600000000404179e+03 7.145698136197838890e-01
9.298400000000405271e+03 7.947968654262579369e-01
9.299200000000404543e+03 8.750431082892933254e-01
9.300000000000403816e+03 8.486536296483788711e-01
9.300800000000404907e+03 8.010185745823272807e-01
9.301600000000405998e+03 7.945002247435930531e-01
9.302400000000405271e+03 8.277322720361072195e-01
9.303200000000404543e+03 8.873407881944039843e-01
9.304000000000405635e+03 9.122656053072764060e-01
9.304800000000406726e+03 9.008716820701707650e-01
9.305600000000405998e+03 8.991276982117956118e-01
9.306400000000405271e+03 8.851723273244866963e-01
9.307200000000406362e+03 7.933526324618126457e-01
9.308000000000407454e+03 7.035087269347826133e-01
9.308800000000406726e+03 7.255266594976078620e-01
9.309600000000405998e+03 7.027641040926608795e-01
9.310400000000407090e+03 4.347901448729908913e-01
9.311200000000408181e+03 3.623173450977290044e-01
9.312000000000407454e+03 7.878945894562152663e-01
9.312800000000406726e+03 1.060426624962254927e+00
9.313600000000407817e+03 1.032549793427183005e+00
9.314400000000408909e+03 9.335570756164273121e-01
9.315200000000408181e+03 7.480307671317942830e-01
9.316000000000407454e+03 6.407724172845881139e-01
9.316800000000408545e+03 7.559271491717757252e-01
9.317600000000409636e+03 6.185322868133168450e-01
9.318400000000408909e+03 6.303684117889365446e-01
9.319200000000408181e+03 8.004164123806152276e-01
9.320000000000409273e+03 7.857238048192636271e-01
9.320800000000410364e+03 7.348215346112174640e-01
9.321600000000409636e+03 7.314181617319022166e-01
9.322400000000408909e+03 7.567471295238745732e-01
9.323200000000410000e+03 8.111690761178580455e-01
9.324000000000411092e+03 8.537850292146176301e-01
9.324800000000410364e+03 9.052293788544920616e-01
9.325600000000409636e+03 1.071309658760325023e+00
9.326400000000410728e+03 1.335021460023619433e+00
9.327200000000411819e+03 1.367916699410088643e+00
9.328000000000411092e+03 9.714961780158120064e-01
9.328800000000410364e+03 7.881435390640467720e-01
9.329600000000411455e+03 8.684666258577850018e-01
9.330400000000412547e+03 9.210104784483706952e-01
9.331200000000411819e+03 9.115896738826192447e-01
9.332000000000411092e+03 8.780948854051132679e-01
9.332800000000412183e+03 8.450642773148679954e-01
9.333600000000413274e+03 8.583051970495051419e-01
9.334400000000412547e+03 8.806057139628775676e-01
9.335200000000411819e+03 8.521882770591190370e-01
9.336000000000412911e+03 8.241668165167638227e-01
9.336800000000414002e+03 8.326165951306583324e-01
9.337600000000413274e+03 7.827534652162033701e-01
9.338400000000412547e+03 7.158584843128676933e-01
9.339200000000413638e+03 6.731910596813101000e-01
9.340000000000414730e+03 5.975978126360252940e-01
9.340800000000414002e+03 6.781026217760564023e-01
9.341600000000413274e+03 9.364560919686444329e-01
9.342400000000414366e+03 1.000225781413523141e+00
9.343200000000415457e+03 9.132643664460963207e-01
9.344000000000414730e+03 8.732930664631256557e-01
9.344800000000414002e+03 9.401530427720619087e-01
9.345600000000415093e+03 1.016633270693708013e+00
9.346400000000416185e+03 1.008985514782888337e+00
9.347200000000415457e+03 9.279796800130117873e-01
9.348000000000414730e+03 9.287929938848571432e-01
9.348800000000415821e+03 9.516531884817578391e-01
9.349600000000416912e+03 9.219770574744680092e-01
9.350400000000416185e+03 9.013148475897263534e-01
9.351200000000415457e+03 8.201356245436716152e-01
9.352000000000416549e+03 7.658855711023075941e-01
9.352800000000417640e+03 8.578944275925087792e-01
9.353600000000416912e+03 9.504528899290383137e-01
9.354400000000416185e+03 9.607831718250143815e-01
9.355200000000417276e+03 9.490151628677372386e-01
9.356000000000418368e+03 8.911050412744542237e-01
9.356800000000417640e+03 7.893229398612874315e-01
9.357600000000416912e+03 7.287258432018210996e-01
9.358400000000418004e+03 7.660716972380663403e-01
9.359200000000419095e+03 8.095393147133203016e-01
9.360000000000418368e+03 8.103986085554171215e-01
9.360800000000417640e+03 8.150465659625318882e-01
9.361600000000418731e+03 8.132371367385624605e-01
9.362400000000419823e+03 8.031527080006748420e-01
9.363200000000419095e+03 7.849269369345944769e-01
9.364000000000418368e+03 8.270958708170019769e-01
9.364800000000419459e+03 9.254579915235665588e-01
9.365600000000420550e+03 9.899832878208818521e-01
9.366400000000419823e+03 9.841394031688972532e-01
9.367200000000419095e+03 9.561686135167501988e-01
9.368000000000420187e+03 8.912014116693882659e-01
9.368800000000421278e+03 8.096223031004976534e-01
9.369600000000420550e+03 8.168783714293479381e-01
9.370400000000419823e+03 8.975704631316506754e-01
9.371200000000420914e+03 9.507149677107413765e-01
9.372000000000422006e+03 9.335399081155840717e-01
9.372800000000421278e+03 9.082756084463692314e-01
9.373600000000420550e+03 8.736947010335105457e-01
9.374400000000421642e+03 8.392075600353473552e-01
9.375200000000422733e+03 7.874356006481944004e-01
9.376000000000422006e+03 6.845594352525444792e-01
9.376800000000421278e+03 6.240486677623906520e-01
9.377600000000422369e+03 7.622512936782357418e-01
9.378400000000423461e+03 1.060499991559637145e+00
9.379200000000422733e+03 9.988565705655966243e-01
9.380000000000422006e+03 6.641657614895495332e-01
9.380800000000423097e+03 7.088226962221249039e-01
9.381600000000424188e+03 8.446066388958396454e-01
9.382400000000423461e+03 8.796519887014161432e-01
9.383200000000422733e+03 8.706292851017192191e-01
9.384000000000423825e+03 9.288306818612901417e-01
9.384800000000424916e+03 1.081787696329114201e+00
9.385600000000424188e+03 1.098141447935366166e+00
9.386400000000423461e+03 1.003496692808589774e+00
9.387200000000424552e+03 9.535130583500850410e-01
9.388000000000425644e+03 9.750471736394750177e-01
9.388800000000424916e+03 9.362257960831144032e-01
9.389600000000424188e+03 8.165984285124979758e-01
9.390400000000425280e+03 7.919295947888205234e-01
9.391200000000426371e+03 8.877507510455309170e-01
9.392000000000425644e+03 9.303576636307149261e-01
9.392800000000424916e+03 8.991258985605589116e-01
9.393600000000426007e+03 8.726783622241711669e-01
9.394400000000427099e+03 8.800169514614962774e-01
9.395200000000426371e+03 8.915741839765662924e-01
9.396000000000425644e+03 9.133508816838562527e-01
9.396800000000426735e+03 9.389938666473107709e-01
9.397600000000427826e+03 9.023172207145844226e-01
9.398400000000427099e+03 7.978464234856695869e-01
9.399200000000426371e+03 7.168762304961490139e-01
9.400000000000427463e+03 7.384581442721269706e-01
9.400800000000428554e+03 8.136489754864832946e-01
9.401600000000427826e+03 9.262157848925673953e-01
9.402400000000427099e+03 9.457501436802711048e-01
9.403200000000428190e+03 8.752182664605658857e-01
9.404000000000429281e+03 7.959879188664691352e-01
9.404800000000428554e+03 6.069019333754206436e-01
9.405600000000427826e+03 4.782758041680548189e-01
9.406400000000428918e+03 6.034178226287130187e-01
9.407200000000430009e+03 7.604947194170952329e-01
9.408000000000429281e+03 8.293876023335116088e-01
9.408800000000428554e+03 9.008212487032009053e-01
9.409600000000429645e+03 9.634419160339819932e-01
9.410400000000430737e+03 9.602338168279413999e-01
9.411200000000430009e+03 9.392704549539654391e-01
9.412000000000429281e+03 9.142964298563005521e-01
9.412800000000430373e+03 9.153562396166750048e-01
9.413600000000431464e+03 9.275365407087056147e-01
9.414400000000430737e+03 9.518781970787477675e-01
9.415200000000430009e+03 9.578996609593388722e-01
9.416000000000431100e+03 9.181161118821701272e-01
9.416800000000432192e+03 8.980664371576273508e-01
9.417600000000431464e+03 9.090966576581438474e-01
9.418400000000430737e+03 9.041407493844042520e-01
9.419200000000431828e+03 8.355223271174097022e-01
9.420000000000432919e+03 7.265394017254844794e-01
9.420800000000432192e+03 6.142638540934501901e-01
9.421600000000431464e+03 3.982673464249594231e-01
9.422400000000432556e+03 2.026557429819142997e-01
9.423200000000433647e+03 3.118220498596291357e-01
9.424000000000432919e+03 7.065785718782131575e-01
9.424800000000432192e+03 9.712228745532158758e-01
9.425600000000433283e+03 9.829950154979874011e-01
9.426400000000434375e+03 9.432301711224948537e-01
9.427200000000433647e+03 9.199882714110279025e-01
9.428000000000432919e+03 8.970918815335586771e-01
9.428800000000434011e+03 8.524354850693767194e-01
9.429600000000435102e+03 8.591745436929963953e-01
9.430400000000434375e+03 9.441474096335518151e-01
9.431200000000433647e+03 1.000228405497422424e+00
9.432000000000434738e+03 9.749679682799614611e-01
9.432800000000435830e+03 9.244759221624913037e-01
9.433600000000435102e+03 9.533786593253710251e-01
9.434400000000434375e+03 9.472165595617356715e-01
9.435200000000435466e+03 8.819865392120764813e-01
9.436000000000436557e+03 8.716861839102567622e-01
9.436800000000435830e+03 8.684270782299887692e-01
9.437600000000435102e+03 8.658390454562379102e-01
9.438400000000436194e+03 9.130114458649267739e-01
9.439200000000437285e+03 9.447860000605823316e-01
9.440000000000436557e+03 8.146062377800866727e-01
9.440800000000435830e+03 4.603041616089108556e-01
9.441600000000436921e+03 1.542009551152215829e-01
9.442400000000438013e+03 5.744767205006284794e-01
9.443200000000437285e+03 1.326514636512651890e+00
9.444000000000436557e+03 1.099361293429371944e+00
9.444800000000437649e+03 6.581298118135701092e-01
9.445600000000438740e+03 6.397270880813197280e-01
9.446400000000438013e+03 7.112343979816417860e-01
9.447200000000437285e+03 7.505370517646550166e-01
9.448000000000438376e+03 7.671704487768464809e-01
9.448800000000439468e+03 8.006065693217394585e-01
9.449600000000438740e+03 8.827477961848154697e-01
9.450400000000438013e+03 8.995679526912767621e-01
9.451200000000439104e+03 8.625051137959440783e-01
9.452000000000440195e+03 8.301850604222704710e-01
9.452800000000439468e+03 8.072211266042669253e-01
9.453600000000438740e+03 8.575777499217416278e-01
9.454400000000439832e+03 9.029125045067842859e-01
9.455200000000440923e+03 9.099544630846588822e-01
9.456000000000440195e+03 9.010031756065195463e-01
9.456800000000439468e+03 9.032543244295829776e-01
9.457600000000440559e+03 9.555413376734409603e-01
9.458400000000441651e+03 9.920077492775756234e-01
9.459200000000440923e+03 8.707151125313856710e-01
9.460000000000440195e+03 6.764653974090673039e-01
9.460800000000441287e+03 7.840066024782476051e-01
9.461600000000442378e+03 1.236880190357176890e+00
9.462400000000441651e+03 1.332559383075589299e+00
9.463200000000440923e+03 9.193338978273231099e-01
9.464000000000442014e+03 6.465131139564483931e-01
9.464800000000443106e+03 6.919688970635391456e-01
9.465600000000442378e+03 7.642622823461839854e-01
9.466400000000441651e+03 7.774864602217392839e-01
9.467200000000442742e+03 8.163678087987775722e-01
9.468000000000443833e+03 8.552286702647016181e-01
9.468800000000443106e+03 8.436997591130135365e-01
9.469600000000442378e+03 8.415983271638589613e-01
9.470400000000443470e+03 8.342433398009703183e-01
9.471200000000444561e+03 7.945361787664733111e-01
9.472000000000443833e+03 8.162001940186136562e-01
9.472800000000443106e+03 9.023805451435358282e-01
9.473600000000444197e+03 9.208962064000864034e-01
9.474400000000445289e+03 9.049293056032716720e-01
9.475200000000444561e+03 9.087523280406560877e-01
9.476000000000443833e+03 9.000425145505447366e-01
9.476800000000444925e+03 8.980162742738950765e-01
9.477600000000446016e+03 8.853607391029885143e-01
9.478400000000445289e+03 8.577462360916285888e-01
9.479200000000444561e+03 1.145054116590052962e+00
9.480000000000445652e+03 1.514518773006034102e+00
9.480800000000446744e+03 1.260992875024227855e+00
9.481600000000446016e+03 9.990566764329027460e-01
9.482400000000445289e+03 9.784096997656517303e-01
9.483200000000446380e+03 9.096953103649398908e-01
9.484000000000447471e+03 8.429769019042611111e-01
9.484800000000446744e+03 8.679007289308194872e-01
9.485600000000446016e+03 9.346091600657773224e-01
9.486400000000447108e+03 9.686569444016885910e-01
9.487200000000448199e+03 9.200236939817543202e-01
9.488000000000447471e+03 8.499947680871308142e-01
9.488800000000446744e+03 7.997108576679277103e-01
9.489600000000447835e+03 7.515525321309126650e-01
9.490400000000448927e+03 7.407983536160452909e-01
9.491200000000448199e+03 7.888895968337377163e-01
9.492000000000447471e+03 8.419945314445431706e-01
9.492800000000448563e+03 8.884617287658602702e-01
9.493600000000449654e+03 9.210416005809975992e-01
9.494400000000448927e+03 9.221764786101418476e-01
9.495200000000448199e+03 8.991630856080502499e-01
9.496000000000449290e+03 9.129953320865711319e-01
9.496800000000450382e+03 9.242297211050377603e-01
9.497600000000449654e+03 8.765013299800143987e-01
9.498400000000448927e+03 8.768073008966195125e-01
9.499200000000450018e+03 8.832443010102949410e-01
9.500000000000451109e+03 8.843653273237745971e-01
9.500800000000450382e+03 9.244653373691247289e-01
9.501600000000449654e+03 9.376607359754423054e-01
9.502400000000450746e+03 9.163108210689261401e-01
9.503200000000451837e+03 8.391574475432426183e-01
9.504000000000451109e+03 6.952077536886407394e-01
9.504800000000450382e+03 6.455279413414511946e-01
9.505600000000451473e+03 8.038213078407572265e-01
9.506400000000452565e+03 1.006784223052380245e+00
9.507200000000451837e+03 8.386931369709496042e-01
9.508000000000451109e+03 6.890127959905298916e-01
9.508800000000452201e+03 6.981899845606529542e-01
9.509600000000453292e+03 7.683180129343043507e-01
9.510400000000452565e+03 8.560423094402958011e-01
9.511200000000451837e+03 9.046803632217829128e-01
9.512000000000452928e+03 8.892873784147379279e-01
9.512800000000454020e+03 8.672522816580965355e-01
9.513600000000453292e+03 8.735589376198045208e-01
9.514400000000452565e+03 9.087354247586429956e-01
9.515200000000453656e+03 9.105222880411423247e-01
9.516000000000454747e+03 8.691316207755828138e-01
9.516800000000454020e+03 8.769503011495212164e-01
9.517600000000453292e+03 9.374146509632033109e-01
9.518400000000454384e+03 9.469513403190836787e-01
9.519200000000455475e+03 9.127838533889116590e-01
9.520000000000454747e+03 9.384197237972330408e-01
9.520800000000454020e+03 8.524860515975709596e-01
9.521600000000455111e+03 6.388160490052807727e-01
9.522400000000456203e+03 5.389549106776095888e-01
9.523200000000455475e+03 4.043592815954459851e-01
9.524000000000454747e+03 3.698771784266944862e-01
9.524800000000455839e+03 5.135296207240485078e-01
9.525600000000456930e+03 6.531671758569965736e-01
9.526400000000456203e+03 7.552508803307801388e-01
9.527200000000455475e+03 8.701218045391656553e-01
9.528000000000456566e+03 9.268152177903052902e-01
9.528800000000457658e+03 9.166408864403714496e-01
9.529600000000456930e+03 9.239388249395610320e-01
9.530400000000456203e+03 9.385654155337220805e-01
9.531200000000457294e+03 1.017768676331844091e+00
9.532000000000458385e+03 1.124154048228819258e+00
9.532800000000457658e+03 1.064780925330932160e+00
9.533600000000456930e+03 8.912955174095310573e-01
9.534400000000458022e+03 7.991627530568603532e-01
9.535200000000459113e+03 7.924652542542087730e-01
9.536000000000458385e+03 7.988443150593349529e-01
9.536800000000457658e+03 8.288901043565252147e-01
9.537600000000458749e+03 8.102060815637369684e-01
9.538400000000459841e+03 7.658560640493263794e-01
9.539200000000459113e+03 8.546181532336025732e-01
9.540000000000458385e+03 1.101894000359574743e+00
9.540800000000459477e+03 1.167879872351884618e+00
9.541600000000460568e+03 9.980672791052814796e-01
9.542400000000459841e+03 8.705668148794294403e-01
9.543200000000459113e+03 8.776993687892836737e-01
9.544000000000460204e+03 8.943894048708073141e-01
9.544800000000461296e+03 8.618145987698886401e-01
9.545600000000460568e+03 8.560011350686549392e-01
9.546400000000459841e+03 8.812733814842498292e-01
9.547200000000460932e+03 9.010352653777017329e-01
9.548000000000462023e+03 8.778293587270382670e-01
9.548800000000461296e+03 8.376342641737314354e-01
9.549600000000460568e+03 7.887112534736264724e-01
9.550400000000461660e+03 7.480393455679494874e-01
9.551200000000462751e+03 7.753779902639672539e-01
9.552000000000462023e+03 8.181844415458306985e-01
9.552800000000461296e+03 8.235851583149109700e-01
9.553600000000462387e+03 8.444881706202240768e-01
9.554400000000463479e+03 7.975309036387696615e-01
9.555200000000462751e+03 6.770100849345006555e-01
9.556000000000462023e+03 6.428565173832665458e-01
9.556800000000463115e+03 6.329100158895530903e-01
9.557600000000464206e+03 6.593932474171066982e-01
9.558400000000463479e+03 8.365713857401948506e-01
9.559200000000462751e+03 9.774833036362553518e-01
9.560000000000463842e+03 9.600321546934151851e-01
9.560800000000464934e+03 9.066314839050533259e-01
9.561600000000464206e+03 8.743660615873238839e-01
9.562400000000463479e+03 8.106701300325716009e-01
9.563200000000464570e+03 7.631234433699718434e-01
9.564000000000465661e+03 7.536925284378289680e-01
9.564800000000464934e+03 7.688840605805939976e-01
9.565600000000464206e+03 8.369994576672148412e-01
9.566400000000465297e+03 9.370270920939264281e-01
9.567200000000466389e+03 1.004604042873729508e+00
9.568000000000465661e+03 8.922835447565262701e-01
9.568800000000464934e+03 4.923599812381697083e-01
9.569600000000466025e+03 2.354260663935869857e-01
9.570400000000467116e+03 5.260622569515506219e-01
9.571200000000466389e+03 8.961239785873872377e-01
9.572000000000465661e+03 8.417993253054705249e-01
9.572800000000466753e+03 6.894730576913294939e-01
9.573600000000467844e+03 6.865932506415102221e-01
9.574400000000467116e+03 7.867144322006931478e-01
9.575200000000466389e+03 8.166969370877890100e-01
9.576000000000467480e+03 7.568793679529334240e-01
9.576800000000468572e+03 7.618740432636595949e-01
9.577600000000467844e+03 8.200455020780710313e-01
9.578400000000467116e+03 8.495562426272522671e-01
9.579200000000468208e+03 8.330354173629050951e-01
9.580000000000469299e+03 7.581048038565187941e-01
9.580800000000468572e+03 7.060643601835110417e-01
9.581600000000467844e+03 7.347348601237925214e-01
9.582400000000468935e+03 8.058775277993638353e-01
9.583200000000470027e+03 8.496438791616387487e-01
9.584000000000469299e+03 8.841175684932613965e-01
9.584800000000468572e+03 9.082185958281179250e-01
9.585600000000469663e+03 8.660885080272238135e-01
9.586400000000470754e+03 8.317406114285947893e-01
9.587200000000470027e+03 8.551071964870740061e-01
9.588000000000469299e+03 8.404725988786050372e-01
9.588800000000470391e+03 7.869257701993590537e-01
9.589600000000471482e+03 7.808187244422859496e-01
9.590400000000470754e+03 7.830140869643584800e-01
9.591200000000470027e+03 7.896526805701226115e-01
9.592000000000471118e+03 8.582109230349317386e-01
9.592800000000472210e+03 9.461763358792881773e-01
9.593600000000471482e+03 1.005285716339912261e+00
9.594400000000470754e+03 1.031370693552861706e+00
9.595200000000471846e+03 9.996635376555271790e-01
9.596000000000472937e+03 9.065144992776230648e-01
9.596800000000472210e+03 8.263431234543534565e-01
9.597600000000471482e+03 8.426673004431861624e-01
9.598400000000472573e+03 8.520236498008809667e-01
9.599200000000473665e+03 7.748061171325717478e-01
9.600000000000472937e+03 7.217853947856943675e-01
9.600800000000472210e+03 7.575389340607858735e-01
9.601600000000473301e+03 8.384283689733499356e-01
9.602400000000474392e+03 8.686675387093896195e-01
9.603200000000473665e+03 8.419467115852886652e-01
9.604000000000472937e+03 8.307577213843334585e-01
9.604800000000474029e+03 8.732014852661386106e-01
9.605600000000475120e+03 9.490637237536259097e-01
9.606400000000474392e+03 1.010076257921691090e+00
9.607200000000473665e+03 1.006171403095316608e+00
9.608000000000474756e+03 9.199666866753735128e-01
9.608800000000475848e+03 8.071158489951957282e-01
9.609600000000475120e+03 7.344080465570131944e-01
9.610400000000474392e+03 7.912895474437982024e-01
9.611200000000475484e+03 9.294381680117345113e-01
9.612000000000476575e+03 8.984260902887715172e-01
9.612800000000475848e+03 7.447647730321436121e-01
9.613600000000475120e+03 6.806971109326797054e-01
9.614400000000476211e+03 7.246771589733941310e-01
9.615200000000477303e+03 8.206241257704385283e-01
9.616000000000476575e+03 8.581209407370431475e-01
9.616800000000475848e+03 8.593829928599224788e-01
9.617600000000476939e+03 8.828219171099211948e-01
9.618400000000478030e+03 8.699167650387882311e-01
9.619200000000477303e+03 8.653410998363841866e-01
9.620000000000476575e+03 8.722074665814724126e-01
9.620800000000477667e+03 8.774568488633467389e-01
9.621600000000478758e+03 8.839061481439878243e-01
9.622400000000478030e+03 9.033314852904616998e-01
9.623200000000477303e+03 9.589856612652299939e-01
9.624000000000478394e+03 9.654199768699882611e-01
9.624800000000479486e+03 8.804664115633928922e-01
9.625600000000478758e+03 7.593318775304251922e-01
9.626400000000478030e+03 7.183314838731014174e-01
9.627200000000479122e+03 7.722476517449956557e-01
9.628000000000480213e+03 8.520296475086481802e-01
9.628800000000479486e+03 8.671852801812545142e-01
9.629600000000478758e+03 8.498095078420897508e-01
9.630400000000479849e+03 8.735582191683881614e-01
9.631200000000480941e+03 8.550188247052907808e-01
9.632000000000480213e+03 7.660494970801239312e-01
9.632800000000479486e+03 7.307032539252278358e-01
9.633600000000480577e+03 7.719651818029473755e-01
9.634400000000481668e+03 8.160285692355535581e-01
9.635200000000480941e+03 8.155021870643848203e-01
9.636000000000480213e+03 7.686137119365376025e-01
9.636800000000481305e+03 7.327016818015807953e-01
9.637600000000482396e+03 7.641165191922163480e-01
9.638400000000481668e+03 8.323433032806316634e-01
9.639200000000480941e+03 9.052779592441198009e-01
9.640000000000482032e+03 9.546873097820014475e-01
9.640800000000483124e+03 9.647665560362626014e-01
9.641600000000482396e+03 9.579733081070875844e-01
9.642400000000481668e+03 9.879134969405667377e-01
9.643200000000482760e+03 9.779286469398029702e-01
9.644000000000483851e+03 9.477464500624885879e-01
9.644800000000483124e+03 9.291358684366908260e-01
9.645600000000482396e+03 8.818431878999828388e-01
9.646400000000483487e+03 8.370715071547469854e-01
9.647200000000484579e+03 8.506860327989850257e-01
9.648000000000483851e+03 8.992700702235585375e-01
9.648800000000483124e+03 9.080132173202853929e-01
9.649600000000484215e+03 8.789135169489082910e-01
9.650400000000485306e+03 8.637815153687684600e-01
9.651200000000484579e+03 8.767423823979894060e-01
9.652000000000483851e+03 8.735694962156439480e-01
9.652800000000484943e+03 8.184120049303169608e-01
9.653600000000486034e+03 7.658461368369018363e-01
9.654400000000485306e+03 8.031535688053882405e-01
9.655200000000484579e+03 8.684249955764486995e-01
9.656000000000485670e+03 8.952457281857371107e-01
9.656800000000486762e+03 8.791465575638922614e-01
9.657600000000486034e+03 8.064426441570041737e-01
9.658400000000485306e+03 7.468527339238958396e-01
9.659200000000486398e+03 7.868330138716259636e-01
9.660000000000487489e+03 8.782410507528728427e-01
9.660800000000486762e+03 8.991666355681932066e-01
9.661600000000486034e+03 8.508479627750860086e-01
9.662400000000487125e+03 8.550262190888064939e-01
9.663200000000488217e+03 9.400640526417201048e-01
9.664000000000487489e+03 9.491908113979202755e-01
9.664800000000486762e+03 9.246766983621093061e-01
9.665600000000487853e+03 9.396631092443090694e-01
9.666400000000488944e+03 9.168186243450444639e-01
9.667200000000488217e+03 8.814536793648777291e-01
9.668000000000487489e+03 8.503548530346757284e-01
9.668800000000488581e+03 8.381521745989671812e-01
9.669600000000489672e+03 8.736182197355789603e-01
9.670400000000488944e+03 8.912431494805573839e-01
9.671200000000488217e+03 8.938667971402888268e-01
9.672000000000489308e+03 9.362535518150473246e-01
9.672800000000490400e+03 1.018771918526837350e+00
9.673600000000489672e+03 1.033101253412416209e+00
9.674400000000488944e+03 9.016669247300141965e-01
9.675200000000490036e+03 7.635640794694273925e-01
9.676000000000491127e+03 7.118385209936731739e-01
9.676800000000490400e+03 7.825413456728064210e-01
9.677600000000489672e+03 8.794758797474644396e-01
9.678400000000490763e+03 8.906861075922335447e-01
9.679200000000491855e+03 8.517005997746205370e-01
9.680000000000491127e+03 8.223686425333356365e-01
9.680800000000490400e+03 8.772760736556151073e-01
9.681600000000491491e+03 1.005913321397928772e+00
9.682400000000492582e+03 1.163080590829945749e+00
9.683200000000491855e+03 1.404801106454489634e+00
9.684000000000491127e+03 1.511571869756400899e+00
9.684800000000492219e+03 1.408056508733303902e+00
9.685600000000493310e+03 1.287389608966833965e+00
9.686400000000492582e+03 1.075667353822975958e+00
9.687200000000491855e+03 8.980132472241054709e-01
9.688000000000492946e+03 8.844708859579304416e-01
9.688800000000494038e+03 8.540347743705296590e-01
9.689600000000493310e+03 7.884387706778368532e-01
9.690400000000492582e+03 7.717246860117552565e-01
9.691200000000493674e+03 8.366133039686957096e-01
9.692000000000494765e+03 9.386009518150862929e-01
9.692800000000494038e+03 9.741822842331531174e-01
9.693600000000493310e+03 9.539125448130123530e-01
9.694400000000494401e+03 9.447169854992181204e-01
9.695200000000495493e+03 9.334640222213405059e-01
9.696000000000494765e+03 9.518756537449223343e-01
9.696800000000494038e+03 1.009587427878443577e+00
9.697600000000495129e+03 1.001981153986489348e+00
9.698400000000496220e+03 9.333168052286520133e-01
9.699200000000495493e+03 8.734971309344339296e-01
9.700000000000494765e+03 7.861994382899502032e-01
9.700800000000495857e+03 6.904956295660038545e-01
9.701600000000496948e+03 8.644047488463199036e-01
9.702400000000496220e+03 1.248913096959253011e+00
9.703200000000495493e+03 1.261469970301064114e+00
9.704000000000496584e+03 9.884199592137107304e-01
9.704800000000497676e+03 8.992811679423546867e-01
9.705600000000496948e+03 9.453498336377668121e-01
9.706400000000496220e+03 9.265270252178415822e-01
9.707200000000497312e+03 8.822565265937671874e-01
9.708000000000498403e+03 8.648619775135362175e-01
9.708800000000497676e+03 9.008360686949685725e-01
9.709600000000496948e+03 9.666198576535901532e-01
9.710400000000498039e+03 1.020097460748578433e+00
9.711200000000499131e+03 1.003962076404152359e+00
9.712000000000498403e+03 9.406730830386871300e-01
9.712800000000497676e+03 9.339796321464615136e-01
9.713600000000498767e+03 1.022999545554763801e+00
9.714400000000499858e+03 1.081852179496595401e+00
9.715200000000499131e+03 1.025611724458065366e+00
9.716000000000498403e+03 8.723709585681860279e-01
9.716800000000499494e+03 8.283013417935773948e-01
9.717600000000500586e+03 8.657574504132201643e-01
9.718400000000499858e+03 8.345937303609803903e-01
9.719200000000499131e+03 8.818904360088969385e-01
9.720000000000500222e+03 1.009679765646927185e+00
9.720800000000501313e+03 1.091023200483411060e+00
9.721600000000500586e+03 1.183242758565901109e+00
9.722400000000499858e+03 1.403876968314475615e+00
9.723200000000500950e+03 1.562364743486017504e+00
9.724000000000502041e+03 1.340753878350609662e+00
9.724800000000501313e+03 1.071806483117731634e+00
9.725600000000500586e+03 9.722946725878076624e-01
9.726400000000501677e+03 9.230513582135578821e-01
9.727200000000502769e+03 8.953269002740195104e-01
9.728000000000502041e+03 9.128363001151469369e-01
9.728800000000501313e+03 9.279165014674642942e-01
9.729600000000502405e+03 8.655898734765485880e-01
9.730400000000503496e+03 8.007962870151343893e-01
9.731200000000502769e+03 7.957289556580894319e-01
9.732000000000502041e+03 7.956204377723921084e-01
9.732800000000503132e+03 8.071280571623531408e-01
9.733600000000504224e+03 8.620346991640073231e-01
9.734400000000503496e+03 9.257045912133512466e-01
9.735200000000502769e+03 9.510513057862820530e-01
9.736000000000503860e+03 8.972425678330069321e-01
9.736800000000504951e+03 7.548515190447036005e-01
9.737600000000504224e+03 6.658025257691428944e-01
9.738400000000503496e+03 7.438738769778789894e-01
9.739200000000504588e+03 7.567257076281650452e-01
9.740000000000505679e+03 6.350845012999302153e-01
9.740800000000504951e+03 6.374245411816564788e-01
9.741600000000504224e+03 8.915712178796455500e-01
9.742400000000505315e+03 1.095794251537939301e+00
9.743200000000506407e+03 1.055845536854798761e+00
9.744000000000505679e+03 9.851144318108819853e-01
9.744800000000504951e+03 1.000221833204134603e+00
9.745600000000506043e+03 9.918288999346860368e-01
9.746400000000507134e+03 9.589430286349305277e-01
9.747200000000506407e+03 9.467614540375750565e-01
9.748000000000505679e+03 9.565379536372515812e-01
9.748800000000506770e+03 9.974631531421824793e-01
9.749600000000507862e+03 1.052618150699316635e+00
9.750400000000507134e+03 1.050065118052940782e+00
9.751200000000506407e+03 1.036510507122378577e+00
9.752000000000507498e+03 1.048959428873241562e+00
9.752800000000508589e+03 9.874971780952440659e-01
9.753600000000507862e+03 9.271506355466250238e-01
9.754400000000507134e+03 9.342377739525082880e-01
9.755200000000508226e+03 9.115713634852939951e-01
9.756000000000509317e+03 8.799710806062064350e-01
9.756800000000508589e+03 8.865430118817577698e-01
9.757600000000507862e+03 9.747084146454996212e-01
9.758400000000508953e+03 1.040673695728343340e+00
9.759200000000510045e+03 9.976578622557463749e-01
9.760000000000509317e+03 9.201816761058521088e-01
9.760800000000508589e+03 8.415559941769497065e-01
9.761600000000509681e+03 8.115876154267509524e-01
9.762400000000510772e+03 8.251962990140699894e-01
9.763200000000510045e+03 7.639257820269553800e-01
9.764000000000509317e+03 6.671119414809886239e-01
9.764800000000510408e+03 7.107439224633631536e-01
9.765600000000511500e+03 8.437056707419803292e-01
9.766400000000510772e+03 8.528283815530457446e-01
9.767200000000510045e+03 8.022170857147831180e-01
9.768000000000511136e+03 8.328376574386413544e-01
9.768800000000512227e+03 8.848432186236129260e-01
9.769600000000511500e+03 8.799606689705032903e-01
9.770400000000510772e+03 8.171171080738586223e-01
9.771200000000511864e+03 8.142061142437649890e-01
9.772000000000512955e+03 8.638175590005363613e-01
9.772800000000512227e+03 8.801553124857836030e-01
9.773600000000511500e+03 8.474735048576518270e-01
9.774400000000512591e+03 8.289427346058723112e-01
9.775200000000513683e+03 8.233192448558919185e-01
9.776000000000512955e+03 8.283666190449379130e-01
9.776800000000512227e+03 8.945044285097210057e-01
9.777600000000513319e+03 9.274030542874989180e-01
9.778400000000514410e+03 8.736736601963221993e-01
9.779200000000513683e+03 8.611028138033893775e-01
9.780000000000512955e+03 8.787657800219214055e-01
9.780800000000514046e+03 8.531804359257674220e-01
9.781600000000515138e+03 8.891622831748372535e-01
9.782400000000514410e+03 9.460029682847774790e-01
9.783200000000513683e+03 9.662712399274366870e-01
9.784000000000514774e+03 9.469393001460479908e-01
9.784800000000515865e+03 8.974518437668936865e-01
9.785600000000515138e+03 8.391154276059985540e-01
9.786400000000514410e+03 8.743286273636203809e-01
9.787200000000515502e+03 9.547421744410908850e-01
9.788000000000516593e+03 9.751609813169404006e-01
9.788800000000515865e+03 9.366574011350038420e-01
9.789600000000515138e+03 9.243442117582767459e-01
9.790400000000516229e+03 9.544944592323978405e-01
9.791200000000517321e+03 9.119017893604797198e-01
9.792000000000516593e+03 8.150127142567542560e-01
9.792800000000515865e+03 1.009916686172008582e+00
9.793600000000516957e+03 1.349430861563367445e+00
9.794400000000518048e+03 1.149403301048294024e+00
9.795200000000517321e+03 6.589156894752570270e-01
9.796000000000516593e+03 5.533877478349060741e-01
9.796800000000517684e+03 7.025109201300934192e-01
9.797600000000518776e+03 8.266807991503344333e-01
9.798400000000518048e+03 8.868933249588277778e-01
9.799200000000517321e+03 8.987566141213869653e-01
9.800000000000518412e+03 9.096443469798504156e-01
9.800800000000519503e+03 9.646555107096730364e-01
9.801600000000518776e+03 1.056492412453389207e+00
9.802400000000518048e+03 1.091800723263795847e+00
9.803200000000519140e+03 1.066993736197804798e+00
9.804000000000520231e+03 9.680004504708428215e-01
9.804800000000519503e+03 8.579509613833324888e-01
9.805600000000518776e+03 7.960332107938518087e-01
9.806400000000519867e+03 8.092729429980406453e-01
9.807200000000520959e+03 8.274491488627975233e-01
9.808000000000520231e+03 8.723674882530596530e-01
9.808800000000519503e+03 9.101488706615823432e-01
9.809600000000520595e+03 8.834900586193353833e-01
9.810400000000521686e+03 8.451755384261430137e-01
9.811200000000520959e+03 7.713961225717322900e-01
9.812000000000520231e+03 7.716720156257896868e-01
9.812800000000521322e+03 9.159026888303056779e-01
9.813600000000522414e+03 1.009482683067175035e+00
9.814400000000521686e+03 9.261787568573218721e-01
9.815200000000520959e+03 7.978972056488087272e-01
9.816000000000522050e+03 8.128035329385242536e-01
9.816800000000523141e+03 9.176228514753811405e-01
9.817600000000522414e+03 1.023802839084681615e+00
9.818400000000521686e+03 1.034080114766824599e+00
9.819200000000522778e+03 9.884588910424365604e-01
9.820000000000523869e+03 9.627332782996413929e-01
9.820800000000523141e+03 9.287389296258068416e-01
9.821600000000522414e+03 8.296385635973423378e-01
9.822400000000523505e+03 7.985928979102023817e-01
9.823200000000524597e+03 9.102356413059103923e-01
9.824000000000523869e+03 1.024977347926975701e+00
