# TARGETID=39627860595443189, Z=0.595, SPECTYPE=GALAXY, SUBTYPE=, smoothing=1.0
# wave_A flux
# 
3.600000000000000000e+03 -1.970465229336128221e+00
3.600800000000000182e+03 -5.041131085047894089e-01
3.601600000000000364e+03 -1.140766967038246704e-01
3.602400000000000546e+03 -1.192301763472848108e+00
3.603200000000000728e+03 -2.288994905558700665e+00
3.604000000000000909e+03 -2.396565669919328734e+00
3.604800000000001091e+03 -1.193958994489505265e+00
3.605600000000001273e+03 5.449415794274913294e-01
3.606400000000001455e+03 2.537003691546795281e+00
3.607200000000001637e+03 3.244573846697341502e+00
3.608000000000001819e+03 2.162432627972458832e+00
3.608800000000002001e+03 1.763930046884618852e+00
3.609600000000002183e+03 1.704646690148112764e+00
3.610400000000002365e+03 1.198437389393625985e+00
3.611200000000002547e+03 1.935587433248797118e-01
3.612000000000002728e+03 -1.038763939525307878e+00
3.612800000000002910e+03 -1.425190413678994572e+00
3.613600000000003092e+03 -1.689566862533124603e+00
3.614400000000003274e+03 -2.029932068156727443e+00
3.615200000000003456e+03 -7.992659286183096956e-01
3.616000000000003638e+03 8.266375672406740538e-01
3.616800000000003820e+03 8.301611377434219285e-01
3.617600000000004002e+03 9.988364643344552762e-01
3.618400000000004184e+03 1.744405245524646153e+00
3.619200000000004366e+03 1.720985001837114226e-01
3.620000000000004547e+03 -1.028843464137215502e+00
3.620800000000004729e+03 3.134481618204816300e-01
3.621600000000004911e+03 4.974466983601177894e-01
3.622400000000005093e+03 -7.877300043551420661e-01
3.623200000000005275e+03 -1.521104146709157279e+00
3.624000000000005457e+03 -5.713830912610233792e-01
3.624800000000005639e+03 -1.078166624445472399e-01
3.625600000000005821e+03 -8.168068719394189214e-02
3.626400000000006003e+03 -2.470728704453208358e-01
3.627200000000006185e+03 -1.088738082950510666e+00
3.628000000000006366e+03 -2.103124847330620106e+00
3.628800000000006548e+03 -1.953482680358155088e+00
3.629600000000006730e+03 -1.074234981831897029e+00
3.630400000000006912e+03 -5.362161567172741838e-01
3.631200000000007094e+03 -2.716102826066635334e-01
3.632000000000007276e+03 5.336061661487717656e-01
3.632800000000007458e+03 5.632375800874267480e-01
3.633600000000007640e+03 2.535198048792770553e-01
3.634400000000007822e+03 5.414278281246293067e-01
3.635200000000008004e+03 5.087823445260712951e-01
3.636000000000008185e+03 1.137914640969640845e-02
3.636800000000008367e+03 -1.531455819265392648e-02
3.637600000000008549e+03 1.439724307170151540e-01
3.638400000000008731e+03 -4.712130000546422837e-01
3.639200000000008913e+03 -1.007055435903521756e+00
3.640000000000009095e+03 -1.038931876080543049e+00
3.640800000000009277e+03 -9.647463467639249002e-01
3.641600000000009459e+03 -2.001782387279749997e+00
3.642400000000009641e+03 -3.469918004149624480e+00
3.643200000000009823e+03 -2.459865503951895072e+00
3.644000000000010004e+03 4.337157713024244465e-01
3.644800000000010186e+03 -2.325437244223897970e-01
3.645600000000010368e+03 -1.479288951876587710e+00
3.646400000000010550e+03 -1.670229226285551816e+00
3.647200000000010732e+03 -2.148118608594429269e+00
3.648000000000010914e+03 -2.196066124890479809e+00
3.648800000000011096e+03 -1.052475262702256664e+00
3.649600000000011278e+03 -9.277827013465465011e-01
3.650400000000011460e+03 -2.071749675635218502e+00
3.651200000000011642e+03 -2.345277145125070906e+00
3.652000000000011823e+03 -1.551566612769643916e+00
3.652800000000012005e+03 -1.381644317584666881e+00
3.653600000000012187e+03 -1.511512262655189121e+00
3.654400000000012369e+03 -9.666752444452046955e-01
3.655200000000012551e+03 5.021138278646112285e-01
3.656000000000012733e+03 1.448319342633910489e+00
3.656800000000012915e+03 1.966909817078550615e+00
3.657600000000013097e+03 1.949169168949205666e+00
3.658400000000013279e+03 1.261329882162994132e+00
3.659200000000013461e+03 6.227759617700203698e-01
3.660000000000013642e+03 8.379752951465571087e-01
3.660800000000013824e+03 1.507339880836686463e+00
3.661600000000014006e+03 8.628085828954329406e-01
3.662400000000014188e+03 -6.486869529663180645e-01
3.663200000000014370e+03 -1.116164132152936750e+00
3.664000000000014552e+03 -9.060293883866066267e-02
3.664800000000014734e+03 2.051810535882476305e+00
3.665600000000014916e+03 2.985304486560976134e+00
3.666400000000015098e+03 2.406263981740618174e+00
3.667200000000015280e+03 1.806656771785307036e+00
3.668000000000015461e+03 6.930348980248691726e-01
3.668800000000015643e+03 1.916039550856126761e-01
3.669600000000015825e+03 5.521798873081602554e-01
3.670400000000016007e+03 2.040714460638967664e-01
3.671200000000016189e+03 -1.820238831403308000e-01
3.672000000000016371e+03 8.651913522492063469e-02
3.672800000000016553e+03 3.195871021779605470e-01
3.673600000000016735e+03 1.987399690183792034e-01
3.674400000000016917e+03 5.916970527209656217e-01
3.675200000000017099e+03 5.697108133008306208e-01
3.676000000000017280e+03 -5.504116341115146138e-01
3.676800000000017462e+03 -1.005274862067288666e+00
3.677600000000017644e+03 -3.093001244901993907e-01
3.678400000000017826e+03 1.389578801399683261e+00
3.679200000000018008e+03 3.233119401103348167e+00
3.680000000000018190e+03 2.823497495148487246e+00
3.680800000000018372e+03 8.988592554940614265e-01
3.681600000000018554e+03 -3.274295815547895172e-01
3.682400000000018736e+03 -7.234598574163402240e-01
3.683200000000018917e+03 -2.208044373310339425e-01
3.684000000000019099e+03 6.266776485150932219e-01
3.684800000000019281e+03 6.958170525673953444e-01
3.685600000000019463e+03 5.523987246290228414e-01
3.686400000000019645e+03 -2.913932684474293544e-01
3.687200000000019827e+03 -1.315982213747566298e+00
3.688000000000020009e+03 -1.398445098969220313e+00
3.688800000000020191e+03 -1.534223660842901626e-01
3.689600000000020373e+03 1.310369395037883411e+00
3.690400000000020555e+03 9.301485704732279647e-01
3.691200000000020736e+03 -6.002164392888911237e-01
3.692000000000020918e+03 -1.292023969249500137e+00
3.692800000000021100e+03 -8.282198563992559937e-01
3.693600000000021282e+03 9.220093787250371875e-02
3.694400000000021464e+03 6.876570309870072562e-01
3.695200000000021646e+03 1.050546739656852413e-01
3.696000000000021828e+03 -1.057780888474025849e+00
3.696800000000022010e+03 -1.520634239628829931e+00
3.697600000000022192e+03 -1.258844545124535363e+00
3.698400000000022374e+03 -9.113778881885503669e-01
3.699200000000022555e+03 -4.517379932167739365e-01
3.700000000000022737e+03 -3.476169471592827076e-02
3.700800000000022919e+03 -2.672839160136947223e-02
3.701600000000023101e+03 -3.474211671518744327e-01
3.702400000000023283e+03 -8.628186485377427051e-01
3.703200000000023465e+03 -8.074847708896024656e-01
3.704000000000023647e+03 -2.489539822703270566e-01
3.704800000000023829e+03 1.682108628652533577e-01
3.705600000000024011e+03 5.912392115252990132e-01
3.706400000000024193e+03 6.753639907673163467e-01
3.707200000000024374e+03 -1.455575814740896479e-01
3.708000000000024556e+03 -8.298523297231685802e-01
3.708800000000024738e+03 -9.817772142699543458e-02
3.709600000000024920e+03 1.361675417191549053e+00
3.710400000000025102e+03 1.251149150562430368e+00
3.711200000000025284e+03 4.629645118144767313e-01
3.712000000000025466e+03 7.643957462497101840e-01
3.712800000000025648e+03 1.205937079886749697e+00
3.713600000000025830e+03 1.538380329481884079e+00
3.714400000000026012e+03 1.722109678270331790e+00
3.715200000000026193e+03 1.551518387099343421e+00
3.716000000000026375e+03 1.353035105034002594e+00
3.716800000000026557e+03 1.199795171655367421e+00
3.717600000000026739e+03 7.801443616374836854e-01
3.718400000000026921e+03 -9.960002550216603967e-02
3.719200000000027103e+03 -6.266198757526852958e-02
3.720000000000027285e+03 8.830120945637984775e-01
3.720800000000027467e+03 4.324655520221074578e-01
3.721600000000027649e+03 -6.015276231050877831e-01
3.722400000000027831e+03 -3.166097940401435551e-01
3.723200000000028012e+03 -3.080528778548419222e-02
3.724000000000028194e+03 -1.051805415347529582e+00
3.724800000000028376e+03 -1.932699454256321836e+00
3.725600000000028558e+03 -1.250984421105311606e+00
3.726400000000028740e+03 5.716445068650011230e-02
3.727200000000028922e+03 -1.041399036377520515e-01
3.728000000000029104e+03 -6.907051738347698144e-01
3.728800000000029286e+03 -5.546963745509712052e-01
3.729600000000029468e+03 -1.233487828779351592e-01
3.730400000000029650e+03 6.682240081180551572e-02
3.731200000000029831e+03 1.272590294137930789e-01
3.732000000000030013e+03 -1.321546027001436474e-01
3.732800000000030195e+03 -5.476344882432793160e-01
3.733600000000030377e+03 -5.390062720027067877e-01
3.734400000000030559e+03 -6.886341267366350438e-01
3.735200000000030741e+03 -6.830152884906010025e-01
3.736000000000030923e+03 5.561115567651964131e-02
3.736800000000031105e+03 5.338232021610236355e-01
3.737600000000031287e+03 3.526793859763858729e-01
3.738400000000031469e+03 -2.701983501604559579e-01
3.739200000000031650e+03 -4.506237933693316156e-01
3.740000000000031832e+03 -4.009678336940381005e-01
3.740800000000032014e+03 -4.149193087228320587e-01
3.741600000000032196e+03 -6.181646420861145463e-01
3.742400000000032378e+03 -6.851761482315316121e-01
3.743200000000032560e+03 3.645340135074974230e-01
3.744000000000032742e+03 1.623405767446564063e+00
3.744800000000032924e+03 1.537568843938602825e+00
3.745600000000033106e+03 5.949431847122311767e-01
3.746400000000033288e+03 2.695051398416636879e-01
3.747200000000033469e+03 -1.149655193891586380e-01
3.748000000000033651e+03 -4.013149261136933488e-01
3.748800000000033833e+03 -1.448865679414446106e-01
3.749600000000034015e+03 -8.463564361114461754e-02
3.750400000000034197e+03 3.821338089076992683e-01
3.751200000000034379e+03 4.500407018770468670e-01
3.752000000000034561e+03 -7.058794219736083120e-01
3.752800000000034743e+03 -1.802733579530782171e+00
3.753600000000034925e+03 -1.758002049112876719e+00
3.754400000000035106e+03 -1.631786785380687999e+00
3.755200000000035288e+03 -1.841719919063916855e+00
3.756000000000035470e+03 -1.348976823429876681e+00
3.756800000000035652e+03 -3.909688545212797184e-02
3.757600000000035834e+03 4.587553923349060869e-01
3.758400000000036016e+03 2.094218942078056589e-01
3.759200000000036198e+03 2.692674185898956685e-01
3.760000000000036380e+03 4.761394855399340709e-01
3.760800000000036562e+03 3.174784411844988607e-01
3.761600000000036744e+03 -1.860713221260742734e-01
3.762400000000036925e+03 -5.981731720680401043e-01
3.763200000000037107e+03 -3.056822264597901517e-01
3.764000000000037289e+03 7.617981934464115312e-01
3.764800000000037471e+03 1.687230861008741867e+00
3.765600000000037653e+03 1.218203747417935467e+00
3.766400000000037835e+03 2.391472023109655343e-01
3.767200000000038017e+03 3.016373584887406256e-01
3.768000000000038199e+03 4.637444437065806335e-01
3.768800000000038381e+03 9.191391523041758660e-02
3.769600000000038563e+03 -7.749011770230097851e-02
3.770400000000038744e+03 -2.696283547567010497e-01
3.771200000000038926e+03 -6.502548407564698874e-01
3.772000000000039108e+03 -1.331572140759449407e-01
3.772800000000039290e+03 9.321429135278068712e-01
3.773600000000039472e+03 4.228353041676610191e-01
3.774400000000039654e+03 -5.591973254337754273e-01
3.775200000000039836e+03 -4.800607096909959015e-01
3.776000000000040018e+03 -1.076751515938578346e-01
3.776800000000040200e+03 -2.277606401013928528e-01
3.777600000000040382e+03 -6.522344567539517524e-01
3.778400000000040563e+03 -5.172460421764943916e-01
3.779200000000040745e+03 -1.096726221793875578e-02
3.780000000000040927e+03 -5.028251297783841167e-01
3.780800000000041109e+03 -1.598141082425663217e+00
3.781600000000041291e+03 -1.837681019936409754e+00
3.782400000000041473e+03 -1.484942104501130178e+00
3.783200000000041655e+03 -8.697497092287727050e-01
3.784000000000041837e+03 5.217226195532116417e-01
3.784800000000042019e+03 1.249229772701326624e+00
3.785600000000042201e+03 8.129696188664004008e-01
3.786400000000042382e+03 2.525794761534144173e-01
3.787200000000042564e+03 1.262890050550713461e-01
3.788000000000042746e+03 1.060814174269532062e-01
3.788800000000042928e+03 -2.061793905041990893e-01
3.789600000000043110e+03 -5.844705310467287473e-01
3.790400000000043292e+03 -6.331307316169112465e-01
3.791200000000043474e+03 -5.050827204478278709e-01
3.792000000000043656e+03 -3.476651399550818589e-01
3.792800000000043838e+03 -1.796067680940155176e-01
3.793600000000044020e+03 2.445000584936840027e-01
3.794400000000044201e+03 6.207092369655403674e-01
3.795200000000044383e+03 7.240116246636083552e-01
3.796000000000044565e+03 8.973134385710005434e-01
3.796800000000044747e+03 9.447096002900974288e-01
3.797600000000044929e+03 1.087319970667149249e+00
3.798400000000045111e+03 9.205960779380528702e-01
3.799200000000045293e+03 2.611948792521409102e-01
3.800000000000045475e+03 3.572034992020538535e-01
3.800800000000045657e+03 9.608203557872350142e-01
3.801600000000045839e+03 9.161135998269906988e-01
3.802400000000046020e+03 5.295768426140730067e-01
3.803200000000046202e+03 7.058725792003599508e-01
3.804000000000046384e+03 1.158155657052811094e+00
3.804800000000046566e+03 9.225681834856926944e-01
3.805600000000046748e+03 1.544679850605487625e-01
3.806400000000046930e+03 5.596133538089595461e-02
3.807200000000047112e+03 1.851121729031595109e-01
3.808000000000047294e+03 -2.772103431234813203e-02
3.808800000000047476e+03 -1.236964933697319857e-01
3.809600000000047658e+03 -2.596472818410935912e-02
3.810400000000047839e+03 -4.966115076318918797e-01
3.811200000000048021e+03 -1.387450551210303029e+00
3.812000000000048203e+03 -1.471116914649575058e+00
3.812800000000048385e+03 -1.105514957065630854e+00
3.813600000000048567e+03 -7.738009877213148924e-01
3.814400000000048749e+03 -5.532521878789729008e-01
3.815200000000048931e+03 -5.832270635891619870e-01
3.816000000000049113e+03 -8.621379142325412692e-01
3.816800000000049295e+03 -8.704627754574664200e-01
3.817600000000049477e+03 -5.562433070708340255e-01
3.818400000000049658e+03 -1.673695745853417405e-01
3.819200000000049840e+03 -4.012443929551076649e-01
3.820000000000050022e+03 -1.115627642415981891e+00
3.820800000000050204e+03 -1.335486323502161676e+00
3.821600000000050386e+03 -1.076748524960563280e+00
3.822400000000050568e+03 -6.535687219293251360e-01
3.823200000000050750e+03 -2.515480386287296533e-01
3.824000000000050932e+03 -1.271440111648141080e-01
3.824800000000051114e+03 3.399524136470010172e-01
3.825600000000051296e+03 7.802059655385852333e-01
3.826400000000051477e+03 9.206310008854552418e-01
3.827200000000051659e+03 1.036264743455311610e+00
3.828000000000051841e+03 9.629336263826999698e-01
3.828800000000052023e+03 6.393769602520389395e-01
3.829600000000052205e+03 4.185960362095085818e-01
3.830400000000052387e+03 3.273219087093375279e-01
3.831200000000052569e+03 3.688986422791626918e-01
3.832000000000052751e+03 2.095365063027887220e-01
3.832800000000052933e+03 -1.271950367735956156e-01
3.833600000000053114e+03 -2.311250563091962751e-01
3.834400000000053296e+03 -2.488427353958554411e-01
3.835200000000053478e+03 -5.000986440301065095e-01
3.836000000000053660e+03 -1.297422950179333290e-01
3.836800000000053842e+03 2.654751033303295871e-01
3.837600000000054024e+03 1.799664564913659170e-01
3.838400000000054206e+03 -1.656245777479862236e-01
3.839200000000054388e+03 -6.310163246392334058e-01
3.840000000000054570e+03 -9.762900969521043359e-01
3.840800000000054752e+03 -9.245885452439583929e-01
3.841600000000054933e+03 -5.744150585557781241e-01
3.842400000000055115e+03 4.373034471631614961e-02
3.843200000000055297e+03 3.015914622260303934e-01
3.844000000000055479e+03 -3.671775063973470310e-02
3.844800000000055661e+03 -6.858359566435372479e-01
3.845600000000055843e+03 -7.461952636810182948e-01
3.846400000000056025e+03 -2.570260127069883271e-01
3.847200000000056207e+03 1.971388474118864753e-01
3.848000000000056389e+03 2.346447625146827198e-01
3.848800000000056571e+03 2.415890849115973071e-02
3.849600000000056752e+03 -3.308722752789217125e-02
3.850400000000056934e+03 2.205707751698877117e-01
3.851200000000057116e+03 4.138193862243195187e-01
3.852000000000057298e+03 3.579594176445656251e-01
3.852800000000057480e+03 -1.167848185813507578e-01
3.853600000000057662e+03 -5.883254879713546437e-01
3.854400000000057844e+03 -8.954328258720822831e-01
3.855200000000058026e+03 -9.477888145155753952e-01
3.856000000000058208e+03 -9.059589127711160650e-01
3.856800000000058390e+03 -1.064360332622504846e+00
3.857600000000058571e+03 -9.087840708985607252e-01
3.858400000000058753e+03 -1.859429530319375024e-01
3.859200000000058935e+03 2.542932588881899325e-01
3.860000000000059117e+03 3.520330596294501957e-03
3.860800000000059299e+03 -6.416794295724340680e-01
3.861600000000059481e+03 -1.027546700664855983e+00
3.862400000000059663e+03 -7.794927677602936367e-01
3.863200000000059845e+03 -2.538334215759502355e-01
3.864000000000060027e+03 -1.302029166209641708e-01
3.864800000000060209e+03 -7.680306241090417707e-02
3.865600000000060390e+03 1.933605409977767753e-01
3.866400000000060572e+03 4.164875505158472380e-01
3.867200000000060754e+03 5.899308124070157255e-02
3.868000000000060936e+03 -1.479559035408869461e-01
3.868800000000061118e+03 3.487256342350411042e-01
3.869600000000061300e+03 8.251260471579611178e-01
3.870400000000061482e+03 3.151047494421193029e-01
3.871200000000061664e+03 -3.207342964773681748e-01
3.872000000000061846e+03 -3.841859243455756356e-01
3.872800000000062028e+03 -1.768320651298547208e-01
3.873600000000062209e+03 1.013940259047408921e-01
3.874400000000062391e+03 6.749201965789242141e-01
3.875200000000062573e+03 1.024687238317125271e+00
3.876000000000062755e+03 4.406603443746056614e-01
3.876800000000062937e+03 -5.130039316895532719e-01
3.877600000000063119e+03 -9.725023789397474472e-01
3.878400000000063301e+03 -6.834675347265519729e-01
3.879200000000063483e+03 -2.720230719146137788e-01
3.880000000000063665e+03 2.383796746815088907e-01
3.880800000000063847e+03 4.829600683084097068e-01
3.881600000000064028e+03 1.152534993767342641e-01
3.882400000000064210e+03 -5.881079860419520244e-01
3.883200000000064392e+03 -9.317417427093033222e-01
3.884000000000064574e+03 -6.711055791248916602e-01
3.884800000000064756e+03 -3.032472341946105265e-01
3.885600000000064938e+03 -1.890817142687430119e-02
3.886400000000065120e+03 6.544111822482047147e-01
3.887200000000065302e+03 1.322949402364070659e+00
3.888000000000065484e+03 1.139207875070424869e+00
3.888800000000065666e+03 5.355070412706280925e-01
3.889600000000065847e+03 8.312987575258629080e-02
3.890400000000066029e+03 1.758023147499873651e-02
3.891200000000066211e+03 4.347949581994922097e-01
3.892000000000066393e+03 6.055078757095682107e-01
3.892800000000066575e+03 1.845303690814487085e-01
3.893600000000066757e+03 -1.368100983921419211e-01
3.894400000000066939e+03 4.883936449803605306e-02
3.895200000000067121e+03 4.390244257719757015e-01
3.896000000000067303e+03 8.255529814625477414e-01
3.896800000000067485e+03 9.664888345779203416e-01
3.897600000000067666e+03 6.624195564044808027e-01
3.898400000000067848e+03 3.016402236732245723e-01
3.899200000000068030e+03 2.587729997441337026e-01
3.900000000000068212e+03 3.953864923767191342e-01
3.900800000000068394e+03 4.840412841342010553e-01
3.901600000000068576e+03 3.263032193060712571e-01
3.902400000000068758e+03 -1.235538011525255109e-01
3.903200000000068940e+03 -3.323471292015540701e-01
3.904000000000069122e+03 -5.315005526483885800e-01
3.904800000000069303e+03 -6.799988255800163417e-01
3.905600000000069485e+03 -3.400137349383972607e-01
3.906400000000069667e+03 -1.404550060940280287e-01
3.907200000000069849e+03 -2.225802081412079914e-01
3.908000000000070031e+03 -2.308258404700000432e-02
3.908800000000070213e+03 5.616697386355617994e-03
3.909600000000070395e+03 -3.125357260399098114e-01
3.910400000000070577e+03 -2.380683779698513081e-01
3.911200000000070759e+03 -9.388626995263217589e-02
3.912000000000070941e+03 7.141934015924900070e-02
3.912800000000071122e+03 2.656363888317284094e-01
3.913600000000071304e+03 2.022663449011685155e-01
3.914400000000071486e+03 3.476077715343866004e-01
3.915200000000071668e+03 4.727312124828081386e-01
3.916000000000071850e+03 1.855891291231268059e-01
3.916800000000072032e+03 -2.506135383785788040e-01
3.917600000000072214e+03 -1.770702011914870866e-01
3.918400000000072396e+03 5.231806036112712777e-01
3.919200000000072578e+03 4.822081666861583460e-01
3.920000000000072760e+03 -2.530663107355396457e-01
3.920800000000072941e+03 -3.282978727646451711e-01
3.921600000000073123e+03 2.720401898528989060e-01
3.922400000000073305e+03 4.196256978010962091e-01
3.923200000000073487e+03 1.491043454727607465e-01
3.924000000000073669e+03 -3.253825876217130153e-01
3.924800000000073851e+03 -6.598929059023381782e-01
3.925600000000074033e+03 -2.246910609388755864e-01
3.926400000000074215e+03 3.344687182999358521e-01
3.927200000000074397e+03 -4.481153252260922093e-02
3.928000000000074579e+03 -2.974286526200090597e-01
3.928800000000074760e+03 -8.149183861870257228e-02
3.929600000000074942e+03 -5.256107305953419684e-02
3.930400000000075124e+03 6.392124911271095111e-02
3.931200000000075306e+03 2.603679540785744928e-01
3.932000000000075488e+03 1.600335610949498999e-01
3.932800000000075670e+03 1.506236814789144174e-01
3.933600000000075852e+03 4.571738328513724192e-01
3.934400000000076034e+03 3.931749456111998109e-01
3.935200000000076216e+03 -1.882102462186445724e-01
3.936000000000076398e+03 -6.026187081526097611e-01
3.936800000000076579e+03 -5.177044094158356202e-01
3.937600000000076761e+03 -3.963610421913598136e-01
3.938400000000076943e+03 -4.734540932744206176e-01
3.939200000000077125e+03 -6.992774153562952844e-01
3.940000000000077307e+03 -7.878397206929411700e-01
3.940800000000077489e+03 -6.627604903605622821e-01
3.941600000000077671e+03 -6.348546153599851083e-01
3.942400000000077853e+03 -4.212341841158240285e-01
3.943200000000078035e+03 -2.783823400142351190e-01
3.944000000000078217e+03 -4.647150161765771781e-01
3.944800000000078398e+03 -6.312052754194041881e-01
3.945600000000078580e+03 -1.443596471135942250e-01
3.946400000000078762e+03 3.586759643878177362e-01
3.947200000000078944e+03 1.201434820410533927e-01
3.948000000000079126e+03 -4.600764791838805046e-01
3.948800000000079308e+03 -5.744270451534189137e-01
3.949600000000079490e+03 -1.942635449075107990e-01
3.950400000000079672e+03 7.809413407080578740e-02
3.951200000000079854e+03 -1.561529445161763674e-01
3.952000000000080036e+03 -2.759035432316548353e-01
3.952800000000080217e+03 -5.104027236257527300e-02
3.953600000000080399e+03 2.005105728403998588e-01
3.954400000000080581e+03 3.138697986507575366e-01
3.955200000000080763e+03 5.402935399353363533e-01
3.956000000000080945e+03 1.240720630869115659e+00
3.956800000000081127e+03 1.563411721712658853e+00
3.957600000000081309e+03 1.288451877746632057e+00
3.958400000000081491e+03 8.229681498209892032e-01
3.959200000000081673e+03 2.969345162863937237e-01
3.960000000000081855e+03 1.649903637183219862e-02
3.960800000000082036e+03 1.592150954031991972e-01
3.961600000000082218e+03 3.911683770419842610e-01
3.962400000000082400e+03 3.414934965039605475e-01
3.963200000000082582e+03 1.443387566749687045e-01
3.964000000000082764e+03 -9.904302085802438316e-02
3.964800000000082946e+03 -6.671689161407616808e-01
3.965600000000083128e+03 -9.101322887047245125e-01
3.966400000000083310e+03 -4.028645779980191688e-01
3.967200000000083492e+03 -2.080959439280711809e-01
3.968000000000083674e+03 -4.246919301083352249e-01
3.968800000000083855e+03 -8.490801894510369152e-02
3.969600000000084037e+03 1.294396467929944672e-01
3.970400000000084219e+03 -2.471745731854438910e-01
3.971200000000084401e+03 -5.417835880544081828e-01
3.972000000000084583e+03 -2.907312625340874868e-01
3.972800000000084765e+03 7.082719513315446913e-04
3.973600000000084947e+03 1.115253724848712380e-01
3.974400000000085129e+03 2.205945513514384060e-01
3.975200000000085311e+03 3.443908986175413522e-01
3.976000000000085493e+03 3.061945979888989200e-01
3.976800000000085674e+03 2.730142994199062922e-01
3.977600000000085856e+03 2.763401122616359618e-01
3.978400000000086038e+03 -1.236741233923812355e-01
3.979200000000086220e+03 -1.172057839323260436e-01
3.980000000000086402e+03 2.899728262521592548e-01
3.980800000000086584e+03 1.431899838303791195e-01
3.981600000000086766e+03 -2.043971042571298691e-01
3.982400000000086948e+03 -2.958025131160764154e-01
3.983200000000087130e+03 5.931692684653488978e-03
3.984000000000087311e+03 4.540578003443039301e-01
3.984800000000087493e+03 2.694899615443741570e-01
3.985600000000087675e+03 -1.358463981503149065e-01
3.986400000000087857e+03 -2.846979883651956644e-02
3.987200000000088039e+03 5.937690826803829758e-01
3.988000000000088221e+03 6.286308765141679356e-01
3.988800000000088403e+03 2.363577216593565622e-01
3.989600000000088585e+03 2.323307070985028422e-01
3.990400000000088767e+03 3.815192031448822463e-01
3.991200000000088949e+03 3.336659049609649319e-01
3.992000000000089130e+03 2.857741656891377158e-01
3.992800000000089312e+03 2.063920382220588157e-01
3.993600000000089494e+03 7.726716894366027211e-02
3.994400000000089676e+03 -2.643218590790288522e-02
3.995200000000089858e+03 -1.580482691384310356e-01
3.996000000000090040e+03 -1.784751203750697401e-01
3.996800000000090222e+03 -3.026896294872180593e-02
3.997600000000090404e+03 -6.305822846565993511e-02
3.998400000000090586e+03 -3.401159721431720739e-01
3.999200000000090768e+03 -5.974103783674298285e-01
4.000000000000090949e+03 -4.280273055089153789e-01
4.000800000000091131e+03 -1.553566767866257914e-01
4.001600000000091313e+03 -2.563571464145221190e-01
4.002400000000091495e+03 -2.429789402933833775e-01
4.003200000000091677e+03 9.764670946147380182e-02
4.004000000000091859e+03 2.895769941119785695e-01
4.004800000000092041e+03 2.154626244595301832e-01
4.005600000000092223e+03 -1.618178464086960089e-01
4.006400000000092405e+03 -2.159287227546274057e-01
4.007200000000092587e+03 -1.020635733534055734e-01
4.008000000000092768e+03 1.414199390074974971e-01
4.008800000000092950e+03 7.158798725744787150e-01
4.009600000000093132e+03 8.428347836602625431e-01
4.010400000000093314e+03 6.272916367335549248e-01
4.011200000000093496e+03 7.218860507088608047e-01
4.012000000000093678e+03 6.967216473301921509e-01
4.012800000000093860e+03 1.123189518517630492e-01
4.013600000000094042e+03 -2.111488944503178700e-01
4.014400000000094224e+03 -2.992068517646938597e-01
4.015200000000094406e+03 -3.207397536907606872e-01
4.016000000000094587e+03 -2.274501442793915307e-01
4.016800000000094769e+03 -4.470705979065495717e-01
4.017600000000094951e+03 -4.333862570359203747e-01
4.018400000000095133e+03 5.037132096825913674e-02
4.019200000000095315e+03 6.722176548552838415e-02
4.020000000000095497e+03 -3.177047849178742944e-01
4.020800000000095679e+03 -3.968055829941766754e-01
4.021600000000095861e+03 -5.714431163720682522e-02
4.022400000000096043e+03 5.118151402267639982e-01
4.023200000000096225e+03 6.865037131887262722e-01
4.024000000000096406e+03 2.518902340710867938e-01
4.024800000000096588e+03 1.090391130019126575e-01
4.025600000000096770e+03 3.217198318358086562e-01
4.026400000000096952e+03 2.051777397566273420e-01
4.027200000000097134e+03 -3.623829048882867832e-01
4.028000000000097316e+03 -5.992066128409502257e-01
4.028800000000097498e+03 -4.225648362559001336e-01
4.029600000000097680e+03 -1.211428654179820263e-01
4.030400000000097862e+03 4.581363645410518881e-02
4.031200000000098044e+03 3.153136531163384104e-01
4.032000000000098225e+03 3.145284429482972932e-01
4.032800000000098407e+03 -1.875455235800538301e-02
4.033600000000098589e+03 -2.116660594435900988e-01
4.034400000000098771e+03 -4.890184732327398920e-01
4.035200000000098953e+03 -8.522341603831913304e-01
4.036000000000099135e+03 -7.997328778924137627e-01
4.036800000000099317e+03 -2.361225725535392450e-01
4.037600000000099499e+03 6.611984907422532309e-01
4.038400000000099681e+03 1.088086999385441622e+00
4.039200000000099863e+03 8.500973876190227596e-01
4.040000000000100044e+03 8.364616746819916182e-01
4.040800000000100226e+03 9.754772799351030255e-01
4.041600000000100408e+03 9.160433692934262240e-01
4.042400000000100590e+03 1.837287460753077029e-01
4.043200000000100772e+03 -2.773694716719488640e-01
4.044000000000100954e+03 7.186669426812830608e-02
4.044800000000101136e+03 2.849123269397522695e-01
4.045600000000101318e+03 4.928063461952039703e-01
4.046400000000101500e+03 7.004666038003813933e-01
4.047200000000101682e+03 6.975270710412949660e-01
4.048000000000101863e+03 4.801362014193993888e-01
4.048800000000102045e+03 1.536037955064993576e-01
4.049600000000102227e+03 -1.998284131138123032e-01
4.050400000000102409e+03 -1.409065702636740913e-01
4.051200000000102591e+03 3.124390780863844919e-01
4.052000000000102773e+03 6.179206134229455749e-01
4.052800000000102955e+03 3.771921375470691506e-01
4.053600000000103137e+03 2.367506094580501541e-03
4.054400000000103319e+03 -1.061500240137920881e-01
4.055200000000103500e+03 -6.253328507810795855e-03
4.056000000000103682e+03 -2.301697212627120959e-01
4.056800000000103864e+03 -4.116897129084232110e-01
4.057600000000104046e+03 -1.145000112416734439e-01
4.058400000000104228e+03 2.077832592545443835e-01
4.059200000000104410e+03 1.857121908796073861e-01
4.060000000000104592e+03 -6.148008663532143758e-02
4.060800000000104774e+03 -1.619186134625221762e-01
4.061600000000104956e+03 5.860254587124219539e-03
4.062400000000105138e+03 2.650544975147949844e-01
4.063200000000105319e+03 7.480729182553915724e-01
4.064000000000105501e+03 1.215010308187269183e+00
4.064800000000105683e+03 1.172544661558728940e+00
4.065600000000105865e+03 6.758993335356637822e-01
4.066400000000106047e+03 -1.859920947465406871e-01
4.067200000000106229e+03 -9.463015427923042733e-01
4.068000000000106411e+03 -1.022196162465657920e+00
4.068800000000106593e+03 -5.532058923120444227e-01
4.069600000000106775e+03 -1.501759659658416513e-01
4.070400000000106957e+03 -2.923374886019571850e-01
4.071200000000107138e+03 -7.553000866832743077e-01
4.072000000000107320e+03 -1.139993108022307133e+00
4.072800000000107502e+03 -8.200703928173395107e-01
4.073600000000107684e+03 -2.901550064853731792e-01
4.074400000000107866e+03 -5.332954343762523475e-02
4.075200000000108048e+03 -1.743803081115925802e-02
4.076000000000108230e+03 8.932575059807249321e-03
4.076800000000108412e+03 1.039785605500528065e-01
4.077600000000108594e+03 2.479708869137122185e-01
4.078400000000108776e+03 3.557791257733948775e-01
4.079200000000108957e+03 2.873120693007225057e-01
4.080000000000109139e+03 4.217875217830797940e-02
4.080800000000109321e+03 -1.375425736862139203e-01
4.081600000000109503e+03 -1.181973571022853498e-01
4.082400000000109685e+03 -5.738994160774807396e-02
4.083200000000109867e+03 -2.504256005352625825e-01
4.084000000000110049e+03 -3.021097467511281165e-01
4.084800000000110231e+03 -1.215810048049404679e-01
4.085600000000110413e+03 7.790450118165118121e-02
4.086400000000110595e+03 -5.568468985264585225e-03
4.087200000000110776e+03 -3.971579202884607529e-01
4.088000000000110958e+03 -3.741577460826452928e-01
4.088800000000111140e+03 -2.850021366735938089e-01
4.089600000000111322e+03 -4.701105555502494426e-01
4.090400000000111504e+03 -1.566577102964873125e-01
4.091200000000111686e+03 4.628349779845207790e-01
4.092000000000111868e+03 7.322867590869697185e-01
4.092800000000112050e+03 7.796069216197631935e-01
4.093600000000112232e+03 6.182530128266066072e-01
4.094400000000112414e+03 5.151687062013994289e-01
4.095200000000112595e+03 4.159576194880970634e-01
4.096000000000112777e+03 1.416555442531209075e-01
4.096800000000112959e+03 1.154309335244163050e-02
4.097600000000113141e+03 -1.794029627265125715e-02
4.098400000000113323e+03 -1.275682499336475428e-01
4.099200000000113505e+03 -1.502472894352505917e-01
4.100000000000113687e+03 -1.242930422410870872e-01
4.100800000000113869e+03 -2.922487722199075266e-01
4.101600000000114051e+03 -4.554535698826694401e-01
4.102400000000114233e+03 -3.396275396104720956e-01
4.103200000000114414e+03 -1.395820353973466488e-01
4.104000000000114596e+03 4.052553269495522137e-02
4.104800000000114778e+03 5.180621568886766282e-01
4.105600000000114960e+03 1.007068724355993705e+00
4.106400000000115142e+03 9.893238228329994666e-01
4.107200000000115324e+03 8.461907594487335649e-01
4.108000000000115506e+03 5.593093545569491898e-01
4.108800000000115688e+03 1.359498516680940905e-01
4.109600000000115870e+03 -1.997979121443477224e-01
4.110400000000116052e+03 -3.634968635398453385e-01
4.111200000000116233e+03 -8.966659245661001698e-02
4.112000000000116415e+03 2.290037377692422105e-01
4.112800000000116597e+03 4.052632837028191659e-02
4.113600000000116779e+03 1.629370777822257421e-02
4.114400000000116961e+03 1.608836855000196353e-01
4.115200000000117143e+03 5.380220165930463261e-02
4.116000000000117325e+03 2.355783413654835567e-02
4.116800000000117507e+03 1.683177938911940286e-01
4.117600000000117689e+03 1.286862879683018379e-01
4.118400000000117871e+03 1.033963127361143541e-01
4.119200000000118052e+03 -1.359678109964694848e-01
4.120000000000118234e+03 -6.127652277212863874e-01
4.120800000000118416e+03 -3.216121383016314894e-01
4.121600000000118598e+03 3.673941702223190164e-01
4.122400000000118780e+03 6.024233086099004542e-01
4.123200000000118962e+03 3.784541026255038298e-01
4.124000000000119144e+03 -1.094912465325544870e-01
4.124800000000119326e+03 -3.421081144882472946e-01
4.125600000000119508e+03 -1.134751959388237696e-01
4.126400000000119690e+03 8.240301151200646324e-02
4.127200000000119871e+03 6.842196244204749866e-02
4.128000000000120053e+03 -8.374540656095821878e-02
4.128800000000120235e+03 -3.983147133324459466e-01
4.129600000000120417e+03 -5.858907651557500040e-01
4.130400000000120599e+03 -3.478590056264567743e-01
4.131200000000120781e+03 -3.514747378991556204e-02
4.132000000000120963e+03 1.031514159396715868e-01
4.132800000000121145e+03 5.774553692783661596e-01
4.133600000000121327e+03 7.671905707488040349e-01
4.134400000000121508e+03 4.036542443209615305e-01
4.135200000000121690e+03 1.570704213200936894e-01
4.136000000000121872e+03 2.565380358935749339e-01
4.136800000000122054e+03 4.265033595781039799e-01
4.137600000000122236e+03 7.145872858654899185e-01
4.138400000000122418e+03 7.447666050904815371e-01
4.139200000000122600e+03 4.206303265815705128e-01
4.140000000000122782e+03 2.314431122039965205e-01
4.140800000000122964e+03 1.058341633001289028e-01
4.141600000000123146e+03 4.149476255308731654e-02
4.142400000000123327e+03 2.585391889898878692e-01
4.143200000000123509e+03 4.634953251800850160e-01
4.144000000000123691e+03 4.704093508958200331e-01
4.144800000000123873e+03 1.718969650769215374e-01
4.145600000000124055e+03 2.717801642117480959e-02
4.146400000000124237e+03 1.995664122896389225e-01
4.147200000000124419e+03 3.070254598215446107e-01
4.148000000000124601e+03 1.892638616165935039e-01
4.148800000000124783e+03 2.795984410965539346e-02
4.149600000000124965e+03 3.051439964592657372e-02
4.150400000000125146e+03 1.308367290422672857e-01
4.151200000000125328e+03 2.343143459551930985e-01
4.152000000000125510e+03 1.023890209142592905e-01
4.152800000000125692e+03 -2.107284081700024903e-01
4.153600000000125874e+03 -3.197038164865556031e-01
4.154400000000126056e+03 -3.473266465763131805e-01
4.155200000000126238e+03 -5.002904491749160520e-01
4.156000000000126420e+03 -7.405550144923837008e-01
4.156800000000126602e+03 -6.263341140587683764e-01
4.157600000000126784e+03 -1.567043344476756472e-01
4.158400000000126965e+03 1.071131991342675893e-01
4.159200000000127147e+03 5.016607636705594508e-02
4.160000000000127329e+03 9.325551375371504692e-02
4.160800000000127511e+03 -3.049958194576429804e-04
4.161600000000127693e+03 -2.228861473136836691e-02
4.162400000000127875e+03 -6.307083778434918742e-03
4.163200000000128057e+03 -1.720221476058678145e-01
4.164000000000128239e+03 1.240368082274991707e-01
4.164800000000128421e+03 1.573162818125541929e-01
4.165600000000128603e+03 -4.046535967740840789e-01
4.166400000000128784e+03 -4.168973160185777682e-01
4.167200000000128966e+03 -2.643471303490698698e-01
4.168000000000129148e+03 -2.939314679892073290e-01
4.168800000000129330e+03 -4.154839862270247042e-01
4.169600000000129512e+03 -3.492565230274583543e-01
4.170400000000129694e+03 -1.719301735870899794e-01
4.171200000000129876e+03 -3.697918824148151429e-01
4.172000000000130058e+03 -7.752902626688173982e-01
4.172800000000130240e+03 -9.527086334713052995e-01
4.173600000000130422e+03 -6.150974665841270062e-01
4.174400000000130603e+03 1.217945345730557238e-01
4.175200000000130785e+03 5.485272834213124060e-01
4.176000000000130967e+03 3.962881267974742161e-01
4.176800000000131149e+03 2.375917992119420119e-01
4.177600000000131331e+03 1.066570446726939625e-01
4.178400000000131513e+03 2.463248256303534056e-01
4.179200000000131695e+03 4.373370223813167756e-01
4.180000000000131877e+03 1.193450344076477376e-01
4.180800000000132059e+03 -3.879041672930849116e-01
4.181600000000132241e+03 -4.894215913815664343e-01
4.182400000000132422e+03 -2.491883028924676280e-01
4.183200000000132604e+03 -2.346266389758711046e-01
4.184000000000132786e+03 -4.589177570776508674e-01
4.184800000000132968e+03 -2.041795199152691698e-01
4.185600000000133150e+03 1.196558941776419971e-01
4.186400000000133332e+03 2.878751936975766923e-01
4.187200000000133514e+03 2.935597374959311168e-01
4.188000000000133696e+03 2.694445653314267441e-01
4.188800000000133878e+03 1.335676472010621785e-01
4.189600000000134060e+03 -2.631580405580521975e-01
4.190400000000134241e+03 -3.638655484915345184e-01
4.191200000000134423e+03 -1.074250513797910256e-01
4.192000000000134605e+03 2.862717296216503171e-01
4.192800000000134787e+03 3.763562719728196226e-01
4.193600000000134969e+03 4.063233352788297448e-01
4.194400000000135151e+03 6.775185866418145242e-01
4.195200000000135333e+03 8.224107536434337451e-01
4.196000000000135515e+03 4.648070102834219730e-01
4.196800000000135697e+03 -3.411346927367481241e-01
4.197600000000135879e+03 -7.952827545167269196e-01
4.198400000000136060e+03 -3.779810172655346800e-01
4.199200000000136242e+03 2.831083148743196443e-01
4.200000000000136424e+03 5.326333080089220573e-01
4.200800000000136606e+03 5.969246178001061942e-01
4.201600000000136788e+03 6.081439812331380645e-01
4.202400000000136970e+03 2.430426059039088038e-01
4.203200000000137152e+03 -1.194463425233439346e-01
4.204000000000137334e+03 -2.644047201725352458e-01
4.204800000000137516e+03 -4.002538257938200172e-01
4.205600000000137697e+03 -5.123251411793601218e-01
4.206400000000137879e+03 -2.846135524790093241e-01
4.207200000000138061e+03 -9.062395464864522743e-03
4.208000000000138243e+03 2.018467439211640846e-02
4.208800000000138425e+03 -7.065147806476965164e-02
4.209600000000138607e+03 -5.394483704709371330e-02
4.210400000000138789e+03 -8.176929072492117312e-02
4.211200000000138971e+03 -2.060353686915473437e-01
4.212000000000139153e+03 -4.574049677051926777e-01
4.212800000000139335e+03 -4.759193171480267104e-01
4.213600000000139516e+03 -2.898414079187363046e-01
4.214400000000139698e+03 8.279977548800951381e-02
4.215200000000139880e+03 5.977565357444268868e-01
4.216000000000140062e+03 6.014274042643743545e-01
4.216800000000140244e+03 2.385970749677867042e-01
4.217600000000140426e+03 7.597448147138795294e-02
4.218400000000140608e+03 5.851996247849579336e-02
4.219200000000140790e+03 -6.089242086043283875e-02
4.220000000000140972e+03 -2.440379994949853915e-02
4.220800000000141154e+03 4.352768738678966520e-01
4.221600000000141335e+03 5.461503406281932316e-01
4.222400000000141517e+03 2.957920218495401210e-01
4.223200000000141699e+03 4.176620677833292605e-01
4.224000000000141881e+03 6.453129823511030150e-01
4.224800000000142063e+03 4.972420525954230341e-01
4.225600000000142245e+03 3.312486739183240769e-01
4.226400000000142427e+03 5.114119379132590071e-01
4.227200000000142609e+03 5.983196727311701490e-01
4.228000000000142791e+03 5.649963677288715180e-01
4.228800000000142973e+03 6.565733414438854609e-01
4.229600000000143154e+03 8.090319830683734281e-01
4.230400000000143336e+03 7.321203641461651035e-01
4.231200000000143518e+03 5.461290217515305523e-01
4.232000000000143700e+03 4.383301290157051722e-01
4.232800000000143882e+03 4.113418112996684584e-01
4.233600000000144064e+03 3.255559308384808892e-01
4.234400000000144246e+03 2.848440867573940327e-01
4.235200000000144428e+03 3.023306231113090381e-01
4.236000000000144610e+03 4.122549118562276460e-01
4.236800000000144792e+03 6.291255751494063686e-01
4.237600000000144973e+03 6.247129885716780073e-01
4.238400000000145155e+03 3.078281329502068342e-01
4.239200000000145337e+03 -4.007718575508301129e-02
4.240000000000145519e+03 4.233837882485085718e-02
4.240800000000145701e+03 1.178479085469695542e-01
4.241600000000145883e+03 -3.618830745841144503e-01
4.242400000000146065e+03 -7.926452249028617114e-01
4.243200000000146247e+03 -4.400938613172037939e-01
4.244000000000146429e+03 9.758315354282376397e-02
4.244800000000146611e+03 9.186815353998636913e-02
4.245600000000146792e+03 1.017262492343625202e-01
4.246400000000146974e+03 3.200944462328723095e-01
4.247200000000147156e+03 2.774110835121534335e-01
4.248000000000147338e+03 3.709323147102304707e-01
4.248800000000147520e+03 6.909016925269668707e-01
4.249600000000147702e+03 9.163261221946246149e-01
4.250400000000147884e+03 7.784146914176984788e-01
4.251200000000148066e+03 3.687902848348676432e-01
4.252000000000148248e+03 1.952835710162310612e-01
4.252800000000148430e+03 2.242244340819292692e-01
4.253600000000148611e+03 6.257432354106720607e-02
4.254400000000148793e+03 -1.253287789300872590e-01
4.255200000000148975e+03 8.831384920032131491e-02
4.256000000000149157e+03 2.023383104256077925e-01
4.256800000000149339e+03 -1.468965940618734423e-01
4.257600000000149521e+03 -2.491879356933088541e-01
4.258400000000149703e+03 -1.649234177418127667e-01
4.259200000000149885e+03 -2.228776567664747521e-02
4.260000000000150067e+03 3.220017235781125753e-01
4.260800000000150249e+03 5.702432523501029804e-01
4.261600000000150430e+03 5.418836216336679890e-01
4.262400000000150612e+03 2.355684688802498761e-01
4.263200000000150794e+03 7.568638568954411117e-02
4.264000000000150976e+03 9.971977653711106004e-02
4.264800000000151158e+03 1.368211641979446280e-01
4.265600000000151340e+03 -1.878426275578901072e-01
4.266400000000151522e+03 -5.826869921107343808e-01
4.267200000000151704e+03 -5.421267770411235531e-01
4.268000000000151886e+03 -1.988176522926960454e-01
4.268800000000152068e+03 4.476792560461132497e-01
4.269600000000152249e+03 8.287661111444057926e-01
4.270400000000152431e+03 7.501958339570959922e-01
4.271200000000152613e+03 4.917737434380262118e-01
4.272000000000152795e+03 3.788203910775275185e-01
4.272800000000152977e+03 6.483142242778130448e-01
4.273600000000153159e+03 8.326581780453871096e-01
4.274400000000153341e+03 4.402372792772323296e-01
4.275200000000153523e+03 -2.008576573805108401e-01
4.276000000000153705e+03 -5.461736124545677473e-01
4.276800000000153887e+03 -4.445771721101797747e-01
4.277600000000154068e+03 -1.520212545793266368e-01
4.278400000000154250e+03 2.742439169335964683e-02
4.279200000000154432e+03 2.850715521497979577e-01
4.280000000000154614e+03 4.672998763074093787e-01
4.280800000000154796e+03 1.528776511366863877e-01
4.281600000000154978e+03 -1.361186319147633106e-01
4.282400000000155160e+03 2.481326212479144366e-03
4.283200000000155342e+03 2.076177550395784110e-01
4.284000000000155524e+03 2.864010884870896168e-01
4.284800000000155705e+03 3.886327130157904985e-01
4.285600000000155887e+03 5.563139258580299673e-01
4.286400000000156069e+03 6.210521614147075375e-01
4.287200000000156251e+03 2.852559854105072290e-01
4.288000000000156433e+03 -1.431698593078174764e-01
4.288800000000156615e+03 3.203786165700042710e-02
4.289600000000156797e+03 6.055579558237692561e-01
4.290400000000156979e+03 1.032826228802821156e+00
4.291200000000157161e+03 8.221317214045857913e-01
4.292000000000157343e+03 2.933857152784046241e-01
4.292800000000157524e+03 8.980733450567618403e-02
4.293600000000157706e+03 3.070089793617606921e-01
4.294400000000157888e+03 5.848164091425285260e-01
4.295200000000158070e+03 6.467463211893975661e-01
4.296000000000158252e+03 3.220467482826039896e-01
4.296800000000158434e+03 -2.114922751202643336e-01
4.297600000000158616e+03 -5.052467281106278740e-01
4.298400000000158798e+03 -4.949994216454761675e-01
4.299200000000158980e+03 -2.725183396778048661e-01
4.300000000000159162e+03 8.958513384201058360e-02
4.300800000000159343e+03 2.842154389203048193e-01
4.301600000000159525e+03 2.989116113763083948e-01
4.302400000000159707e+03 2.139464996972483268e-01
4.303200000000159889e+03 2.928827666873767832e-01
4.304000000000160071e+03 3.955561140365227435e-01
4.304800000000160253e+03 1.512178968735841122e-01
4.305600000000160435e+03 -1.019444527277465484e-01
4.306400000000160617e+03 -1.688202287318737449e-01
4.307200000000160799e+03 -2.863418610919894469e-01
4.308000000000160981e+03 -1.936202372002029937e-01
4.308800000000161162e+03 1.358944957983151680e-01
4.309600000000161344e+03 1.591331972594218769e-01
4.310400000000161526e+03 -1.503633307476021086e-01
4.311200000000161708e+03 -2.803506494539000915e-01
4.312000000000161890e+03 -2.621659190987411514e-01
4.312800000000162072e+03 -3.277753392348815575e-01
4.313600000000162254e+03 -4.244752165661703214e-01
4.314400000000162436e+03 -4.419638011411001766e-01
4.315200000000162618e+03 -1.715301750764970379e-01
4.316000000000162800e+03 5.183526782607875694e-01
4.316800000000162981e+03 7.216591739068473066e-01
4.317600000000163163e+03 2.500788153332342834e-01
4.318400000000163345e+03 -9.754654864999001695e-02
4.319200000000163527e+03 1.341455632646703644e-01
4.320000000000163709e+03 3.016826806899509106e-01
4.320800000000163891e+03 -1.367221883101895630e-01
4.321600000000164073e+03 -2.140727538669864316e-01
4.322400000000164255e+03 3.799000221072439398e-01
4.323200000000164437e+03 9.689501821866929321e-01
4.324000000000164619e+03 6.845177626873173438e-01
4.324800000000164800e+03 3.461911259176841948e-02
4.325600000000164982e+03 -4.759107616831309007e-01
4.326400000000165164e+03 -5.301818738404210363e-01
4.327200000000165346e+03 -4.525744276071790861e-01
4.328000000000165528e+03 -4.209754481080564270e-01
4.328800000000165710e+03 -1.621857430436929315e-01
4.329600000000165892e+03 1.401690032808310393e-01
4.330400000000166074e+03 6.656855400597978534e-01
4.331200000000166256e+03 9.970195580225670318e-01
4.332000000000166438e+03 8.082038857177993307e-01
4.332800000000166619e+03 6.559402696850608061e-01
4.333600000000166801e+03 5.231790810541864234e-01
4.334400000000166983e+03 4.507448349336279914e-01
4.335200000000167165e+03 7.459136885172603648e-01
4.336000000000167347e+03 9.638399624981998093e-01
4.336800000000167529e+03 5.571781873218001335e-01
4.337600000000167711e+03 -3.877530881599501600e-02
4.338400000000167893e+03 -4.390189855440621569e-01
4.339200000000168075e+03 -5.449539899444424407e-01
4.340000000000168257e+03 -4.348730074825774006e-01
4.340800000000168438e+03 -3.947481457438989372e-01
4.341600000000168620e+03 -8.117751706693077107e-02
4.342400000000168802e+03 4.161037600994635377e-01
4.343200000000168984e+03 3.548768680113383311e-01
4.344000000000169166e+03 1.149671846329297364e-01
4.344800000000169348e+03 -8.770521581601864458e-02
4.345600000000169530e+03 -3.252263397628004649e-01
4.346400000000169712e+03 -4.690698974803146903e-01
4.347200000000169894e+03 -5.129538278048687006e-02
4.348000000000170076e+03 4.529701381818413974e-01
4.348800000000170257e+03 6.382753209579532516e-01
4.349600000000170439e+03 6.413172984039283708e-01
4.350400000000170621e+03 5.003300398478949251e-01
4.351200000000170803e+03 2.115138722489463274e-01
4.352000000000170985e+03 1.537270873639179358e-01
4.352800000000171167e+03 2.598941171967379948e-01
4.353600000000171349e+03 3.149670117423439275e-01
4.354400000000171531e+03 4.670707078718785432e-01
4.355200000000171713e+03 5.088299448293016614e-01
4.356000000000171894e+03 3.030032362952990721e-01
4.356800000000172076e+03 -4.311891708159369674e-02
4.357600000000172258e+03 -8.089443460228759597e-02
4.358400000000172440e+03 6.040576073470129703e-01
4.359200000000172622e+03 1.000616586575640676e+00
4.360000000000172804e+03 4.819542871036106568e-01
4.360800000000172986e+03 4.241864627589113645e-01
4.361600000000173168e+03 6.704216735206396383e-01
4.362400000000173350e+03 2.671703507580641679e-01
4.363200000000173532e+03 -2.118132345359403090e-01
4.364000000000173713e+03 -5.532566661613841363e-02
4.364800000000173895e+03 2.182455321255608038e-01
4.365600000000174077e+03 3.805822776491992188e-01
4.366400000000174259e+03 3.712583321281966442e-01
4.367200000000174441e+03 2.820206556381353868e-01
4.368000000000174623e+03 6.148886818734814463e-01
4.368800000000174805e+03 1.029793880000499762e+00
4.369600000000174987e+03 1.145421882630751842e+00
4.370400000000175169e+03 9.693139914892644482e-01
4.371200000000175351e+03 3.627624764105519817e-01
4.372000000000175532e+03 -7.371395053918000650e-02
4.372800000000175714e+03 -6.128866664688385063e-02
4.373600000000175896e+03 3.301535268827773817e-02
4.374400000000176078e+03 -1.507398925714845683e-01
4.375200000000176260e+03 -3.085890273896272351e-01
4.376000000000176442e+03 4.034991773811402727e-02
4.376800000000176624e+03 3.111277029008688300e-01
4.377600000000176806e+03 1.658931435032251489e-01
4.378400000000176988e+03 1.495154568214463464e-01
4.379200000000177170e+03 -1.185705907912978918e-02
4.380000000000177351e+03 -5.081295712585114366e-01
4.380800000000177533e+03 -7.035382009808942572e-01
4.381600000000177715e+03 -5.584106285379096812e-01
4.382400000000177897e+03 -2.837349622322042353e-01
4.383200000000178079e+03 -9.938963611897638772e-02
4.384000000000178261e+03 -3.036966588825044666e-01
4.384800000000178443e+03 -6.226822038528763148e-01
4.385600000000178625e+03 -4.895809399494894798e-01
4.386400000000178807e+03 8.551072652799585061e-03
4.387200000000178989e+03 1.918016267542871911e-01
4.388000000000179170e+03 3.005812739483639251e-01
4.388800000000179352e+03 6.134013529798070241e-01
4.389600000000179534e+03 5.644623920844257237e-01
4.390400000000179716e+03 2.808817336505952666e-01
4.391200000000179898e+03 1.700736442775193646e-01
4.392000000000180080e+03 2.428671240454035041e-01
4.392800000000180262e+03 2.107606021525829654e-01
4.393600000000180444e+03 1.146546127403491877e-01
4.394400000000180626e+03 -1.753536202061239946e-01
4.395200000000180808e+03 -3.976768451830889894e-01
4.396000000000180989e+03 -2.830282415731492085e-01
4.396800000000181171e+03 -1.536932209027364882e-01
4.397600000000181353e+03 -2.978535483054584043e-01
4.398400000000181535e+03 -5.477592464033903541e-01
4.399200000000181717e+03 -6.197513624422279488e-01
4.400000000000181899e+03 -5.440620425617316291e-01
4.400800000000182081e+03 -1.997079498222963378e-01
4.401600000000182263e+03 2.836178189955624873e-01
4.402400000000182445e+03 3.515569818494073129e-01
4.403200000000182627e+03 -1.732982945068094194e-02
4.404000000000182808e+03 -1.031452220593433167e-01
4.404800000000182990e+03 2.116609141452511500e-01
4.405600000000183172e+03 2.461131600995979385e-01
4.406400000000183354e+03 3.373401837086681399e-02
4.407200000000183536e+03 1.368550564910134826e-01
4.408000000000183718e+03 2.734664672811408237e-01
4.408800000000183900e+03 1.468657493428531247e-01
4.409600000000184082e+03 -1.444643735181974642e-02
4.410400000000184264e+03 7.371832247608223199e-02
4.411200000000184446e+03 6.477894186089970530e-02
4.412000000000184627e+03 7.990303828926595409e-02
4.412800000000184809e+03 3.280472348018719786e-01
4.413600000000184991e+03 1.937191811955703558e-01
4.414400000000185173e+03 -2.244202530411760488e-01
4.415200000000185355e+03 -2.489106783858725525e-01
4.416000000000185537e+03 4.939667670519839321e-02
4.416800000000185719e+03 1.720600268537507416e-01
4.417600000000185901e+03 1.146439396835211011e-01
4.418400000000186083e+03 1.654632129238484128e-01
4.419200000000186265e+03 2.824245153781696493e-01
4.420000000000186446e+03 4.989345341065930528e-01
4.420800000000186628e+03 2.644754770171390268e-01
4.421600000000186810e+03 -2.522482474193362689e-01
4.422400000000186992e+03 -3.030036662904327383e-01
4.423200000000187174e+03 -2.314513727726863757e-01
4.424000000000187356e+03 -2.022149417813803862e-01
4.424800000000187538e+03 -2.219544386765787969e-01
4.425600000000187720e+03 -1.915981463601161283e-01
4.426400000000187902e+03 2.240255207685764582e-01
4.427200000000188084e+03 4.716439356265265115e-01
4.428000000000188265e+03 2.669267292397425329e-01
4.428800000000188447e+03 -3.100505414071585975e-02
4.429600000000188629e+03 -2.066891766883917902e-01
4.430400000000188811e+03 -2.249631780302969175e-01
4.431200000000188993e+03 -3.833095297584394601e-01
4.432000000000189175e+03 -4.211101777616078068e-01
4.432800000000189357e+03 -3.134275361124837511e-01
4.433600000000189539e+03 -1.705744164729187662e-01
4.434400000000189721e+03 7.594723961319063688e-03
4.435200000000189902e+03 1.825861064751845564e-01
4.436000000000190084e+03 2.494675543523671712e-01
4.436800000000190266e+03 2.250451238691314471e-01
4.437600000000190448e+03 2.329802741482522865e-01
4.438400000000190630e+03 1.190809633253888111e-01
4.439200000000190812e+03 1.165481713027636257e-01
4.440000000000190994e+03 4.362617074900985714e-01
4.440800000000191176e+03 2.765195074181975854e-01
4.441600000000191358e+03 -1.286132984526533463e-01
4.442400000000191540e+03 -2.712777001757952222e-01
4.443200000000191721e+03 -2.676625030749718581e-01
4.444000000000191903e+03 -3.242840381795151772e-01
4.444800000000192085e+03 -2.666287582052481175e-01
4.445600000000192267e+03 -2.265800939103204126e-01
4.446400000000192449e+03 -1.381685974661773231e-01
4.447200000000192631e+03 3.708977843048333334e-01
4.448000000000192813e+03 7.392575669777086134e-01
4.448800000000192995e+03 3.224921614056123209e-01
4.449600000000193177e+03 -2.981703512149789237e-01
4.450400000000193359e+03 -3.510520260656991853e-01
4.451200000000193540e+03 -1.659292927351551095e-01
4.452000000000193722e+03 -1.574445297572294455e-01
4.452800000000193904e+03 -1.824888781743432276e-01
4.453600000000194086e+03 -4.258858096634291490e-01
4.454400000000194268e+03 -7.155959067321877587e-01
4.455200000000194450e+03 -5.400798625015997834e-01
4.456000000000194632e+03 -2.369291204300088549e-01
4.456800000000194814e+03 3.353506252466519066e-02
4.457600000000194996e+03 4.479447382294887148e-01
4.458400000000195178e+03 5.577040193986109173e-01
4.459200000000195359e+03 2.781244384777568079e-01
4.460000000000195541e+03 1.271242378266246864e-01
4.460800000000195723e+03 -6.657988925534158442e-02
4.461600000000195905e+03 -5.890509808316801710e-02
4.462400000000196087e+03 2.746177550355093921e-01
4.463200000000196269e+03 2.013219401013477405e-01
4.464000000000196451e+03 2.094525377859235427e-02
4.464800000000196633e+03 -1.013430284122438518e-01
4.465600000000196815e+03 -2.255640890826000611e-01
4.466400000000196997e+03 -3.273972925546467794e-01
4.467200000000197178e+03 -2.039555692109182861e-01
4.468000000000197360e+03 -7.418111830057591560e-02
4.468800000000197542e+03 -1.718696031219242859e-01
4.469600000000197724e+03 -1.701167152253173775e-01
4.470400000000197906e+03 1.211091890842060925e-01
4.471200000000198088e+03 2.472782159753838804e-01
4.472000000000198270e+03 2.219840221086263055e-01
4.472800000000198452e+03 2.784384573171229116e-01
4.473600000000198634e+03 1.421780050711048127e-01
4.474400000000198816e+03 -1.519126997614377306e-01
4.475200000000198997e+03 -2.582331668539522007e-01
4.476000000000199179e+03 -5.235990884468895434e-02
4.476800000000199361e+03 3.375970589836130298e-01
4.477600000000199543e+03 4.329577394899531972e-01
4.478400000000199725e+03 1.501116062527245443e-01
4.479200000000199907e+03 -7.996630026241055567e-02
4.480000000000200089e+03 -1.301370419574668091e-01
4.480800000000200271e+03 -2.343659290623281710e-01
4.481600000000200453e+03 -3.577034597640695313e-01
4.482400000000200635e+03 -2.577470915979860333e-01
4.483200000000200816e+03 1.546611512630888252e-02
4.484000000000200998e+03 1.662886059709166031e-01
4.484800000000201180e+03 1.626221177568798748e-01
4.485600000000201362e+03 -4.734442436300274892e-02
4.486400000000201544e+03 5.939030251998717036e-02
4.487200000000201726e+03 3.753458027046182588e-01
4.488000000000201908e+03 3.666917677317257929e-01
4.488800000000202090e+03 4.415218441094846957e-01
4.489600000000202272e+03 5.716159273898679949e-01
4.490400000000202454e+03 5.381162346922756523e-01
4.491200000000202635e+03 4.882927577317615064e-01
4.492000000000202817e+03 3.291151557003019756e-01
4.492800000000202999e+03 2.204612374120527574e-01
4.493600000000203181e+03 3.002583906403628045e-01
4.494400000000203363e+03 2.648236527920357353e-01
4.495200000000203545e+03 3.381326424602849046e-01
4.496000000000203727e+03 5.438019505219363614e-01
4.496800000000203909e+03 4.376466069972614892e-01
4.497600000000204091e+03 2.815732326637313543e-01
4.498400000000204273e+03 1.587080955639798563e-01
4.499200000000204454e+03 3.346150054687319075e-02
4.500000000000204636e+03 3.293128109789485447e-01
4.500800000000204818e+03 7.620078254076817492e-01
4.501600000000205000e+03 6.968567999638179966e-01
4.502400000000205182e+03 1.959475917318344029e-01
4.503200000000205364e+03 5.522396701339471470e-03
4.504000000000205546e+03 1.403191969053226296e-01
4.504800000000205728e+03 2.913334240400231590e-01
4.505600000000205910e+03 3.167499432104203261e-01
4.506400000000206091e+03 1.945857646401139007e-01
4.507200000000206273e+03 8.700398973716141904e-02
4.508000000000206455e+03 1.157792861728143274e-01
4.508800000000206637e+03 2.918449042620063771e-02
4.509600000000206819e+03 -1.394463444681401654e-01
4.510400000000207001e+03 -3.741675307174770482e-01
4.511200000000207183e+03 -5.974005329475448045e-01
4.512000000000207365e+03 -7.327872722265265093e-01
4.512800000000207547e+03 -4.724160096465094272e-01
4.513600000000207729e+03 4.766937016807377275e-03
4.514400000000207910e+03 3.097531483965723087e-01
4.515200000000208092e+03 2.038511244578319337e-01
4.516000000000208274e+03 -1.510301573455858082e-01
4.516800000000208456e+03 -1.890583172937198575e-01
4.517600000000208638e+03 4.535019639580744472e-02
4.518400000000208820e+03 8.111148336680573667e-02
4.519200000000209002e+03 -1.241786081390031105e-02
4.520000000000209184e+03 1.824591156203950182e-01
4.520800000000209366e+03 3.734764304517159128e-01
4.521600000000209548e+03 3.492046755754006360e-01
4.522400000000209729e+03 4.353804497173905386e-01
4.523200000000209911e+03 4.254769644551701369e-01
4.524000000000210093e+03 2.801788210964521464e-01
4.524800000000210275e+03 7.244625681973973497e-02
4.525600000000210457e+03 -5.190871292981352747e-02
4.526400000000210639e+03 -1.701100074510006610e-01
4.527200000000210821e+03 -4.008752795099039812e-01
4.528000000000211003e+03 -3.692881378511422841e-01
4.528800000000211185e+03 4.546044631970519445e-02
4.529600000000211367e+03 2.617200415954100690e-01
4.530400000000211548e+03 3.522070550252383025e-01
4.531200000000211730e+03 4.713942137054147885e-01
4.532000000000211912e+03 3.902891444752325523e-01
4.532800000000212094e+03 6.897009560510422577e-02
4.533600000000212276e+03 -6.757649987652541990e-02
4.534400000000212458e+03 1.717085747756335046e-01
4.535200000000212640e+03 2.192778583784465440e-01
4.536000000000212822e+03 -5.512942109521259959e-02
4.536800000000213004e+03 -2.707452771615089793e-01
4.537600000000213186e+03 -2.038967491468407500e-01
4.538400000000213367e+03 -1.598641044710613635e-01
4.539200000000213549e+03 -4.663815379778992742e-01
4.540000000000213731e+03 -7.054884150567440892e-01
4.540800000000213913e+03 -5.234478165938020178e-01
4.541600000000214095e+03 -2.084901334565394393e-01
4.542400000000214277e+03 2.247527446405955809e-01
4.543200000000214459e+03 6.096622441427075323e-01
4.544000000000214641e+03 4.728475942636384821e-01
4.544800000000214823e+03 2.799129968650940214e-01
4.545600000000215005e+03 3.548736093323338059e-01
4.546400000000215186e+03 2.154639814782866869e-01
4.547200000000215368e+03 -3.467647155046510443e-01
4.548000000000215550e+03 -6.348361930457532276e-01
4.548800000000215732e+03 -4.193894133118579171e-01
4.549600000000215914e+03 -3.668117421149635349e-01
4.550400000000216096e+03 -2.952722370317217848e-01
4.551200000000216278e+03 1.012016576148464658e-01
4.552000000000216460e+03 5.741573113381741589e-01
4.552800000000216642e+03 6.263659188372894260e-01
4.553600000000216824e+03 1.263380336913904889e-01
4.554400000000217005e+03 -1.809310784519543025e-01
4.555200000000217187e+03 -9.908795723102438446e-02
4.556000000000217369e+03 2.674833564721695867e-02
4.556800000000217551e+03 3.192451483945871193e-02
4.557600000000217733e+03 -1.740229788136908873e-01
4.558400000000217915e+03 -1.562995746344995884e-01
4.559200000000218097e+03 1.806034026341412080e-01
4.560000000000218279e+03 3.832333982635036107e-01
4.560800000000218461e+03 4.830702078123318977e-01
4.561600000000218643e+03 6.564001812716169226e-01
4.562400000000218824e+03 7.584266339311123151e-01
4.563200000000219006e+03 5.110315947599942676e-01
4.564000000000219188e+03 2.441252267235974327e-01
4.564800000000219370e+03 3.935093401175847050e-01
4.565600000000219552e+03 7.026374536266113413e-01
4.566400000000219734e+03 7.440431723528737606e-01
4.567200000000219916e+03 3.208038342908503537e-01
4.568000000000220098e+03 1.358167161156799245e-02
4.568800000000220280e+03 1.490838259124354637e-01
4.569600000000220462e+03 3.194929909981825134e-01
4.570400000000220643e+03 2.739215153073729647e-01
4.571200000000220825e+03 1.542849994671615654e-01
4.572000000000221007e+03 2.143569900007571971e-02
4.572800000000221189e+03 2.114453784280922455e-01
4.573600000000221371e+03 5.217244252204618071e-01
4.574400000000221553e+03 5.894022859183748464e-01
4.575200000000221735e+03 5.310330529146344292e-01
4.576000000000221917e+03 4.725658265353197551e-01
4.576800000000222099e+03 3.002019124574627496e-01
4.577600000000222281e+03 8.587949063315269971e-02
4.578400000000222462e+03 2.952786944839479455e-01
4.579200000000222644e+03 8.041170343122748809e-01
4.580000000000222826e+03 1.071399859062783122e+00
4.580800000000223008e+03 6.421710774390344545e-01
4.581600000000223190e+03 -5.001160444680868844e-02
4.582400000000223372e+03 -3.014859171393006743e-01
4.583200000000223554e+03 -4.665266622332970847e-01
4.584000000000223736e+03 -4.532046343027258395e-01
4.584800000000223918e+03 -4.345580324533826477e-02
4.585600000000224099e+03 1.981535447374903058e-01
4.586400000000224281e+03 7.552988618462171122e-02
4.587200000000224463e+03 -1.431108011663975443e-01
4.588000000000224645e+03 -1.390610134149363186e-01
4.588800000000224827e+03 8.261511269417752545e-02
4.589600000000225009e+03 2.461232866125166452e-01
4.590400000000225191e+03 3.781178862418017594e-01
4.591200000000225373e+03 4.927740519069691016e-01
4.592000000000225555e+03 4.276184721010027334e-01
4.592800000000225737e+03 2.622320359918122179e-01
4.593600000000225918e+03 -3.785718685011295326e-02
4.594400000000226100e+03 -9.930721194583347344e-02
4.595200000000226282e+03 2.160446244080264366e-01
4.596000000000226464e+03 3.721351481568294650e-01
4.596800000000226646e+03 1.215846420487344398e-01
4.597600000000226828e+03 -1.979613791411483636e-01
4.598400000000227010e+03 -1.751124256806540214e-01
4.599200000000227192e+03 1.621210630718766255e-01
4.600000000000227374e+03 2.541618562142560211e-01
4.600800000000227556e+03 -4.413943913472484493e-02
4.601600000000227737e+03 -1.753163800461422506e-01
4.602400000000227919e+03 2.657277512073272230e-01
4.603200000000228101e+03 6.895223542583739373e-01
4.604000000000228283e+03 6.879719383555037426e-01
4.604800000000228465e+03 2.705193659894583047e-01
4.605600000000228647e+03 -2.395413066597030516e-01
4.606400000000228829e+03 -3.354567473183297510e-01
4.607200000000229011e+03 -2.801251790004750664e-01
4.608000000000229193e+03 -1.545479327344975173e-01
4.608800000000229375e+03 1.103087595433416834e-01
4.609600000000229556e+03 2.746753054609218370e-01
4.610400000000229738e+03 3.216480801340694251e-01
4.611200000000229920e+03 2.044462434474149937e-01
4.612000000000230102e+03 2.037041938399914986e-01
4.612800000000230284e+03 4.287537484643274555e-01
4.613600000000230466e+03 5.481647480293962982e-01
4.614400000000230648e+03 3.524515979953459777e-01
4.615200000000230830e+03 -7.884273108992830015e-02
4.616000000000231012e+03 -2.392235395343754456e-01
4.616800000000231194e+03 2.866727670050173149e-02
4.617600000000231375e+03 3.307742084864996879e-01
4.618400000000231557e+03 5.373870809866737597e-01
4.619200000000231739e+03 5.066546380664254112e-01
4.620000000000231921e+03 2.349672729238869162e-01
4.620800000000232103e+03 1.885372692922479554e-02
4.621600000000232285e+03 5.299985483490510241e-02
4.622400000000232467e+03 6.085335681696212029e-02
4.623200000000232649e+03 1.249455806882095038e-01
4.624000000000232831e+03 4.916742954111119612e-01
4.624800000000233013e+03 7.987732116512572533e-01
4.625600000000233194e+03 5.948959677218143005e-01
4.626400000000233376e+03 1.053760345784804930e-01
4.627200000000233558e+03 -3.115928744709851594e-01
4.628000000000233740e+03 -1.783585598540780859e-01
4.628800000000233922e+03 1.024460052909716423e-01
4.629600000000234104e+03 2.713272021128409484e-01
4.630400000000234286e+03 6.040193945096400396e-01
4.631200000000234468e+03 6.189202430220328566e-01
4.632000000000234650e+03 2.466544970975705076e-01
4.632800000000234832e+03 3.943737160101670747e-03
4.633600000000235013e+03 -9.667374371245085474e-02
4.634400000000235195e+03 -2.007127018487129544e-01
4.635200000000235377e+03 -3.098475869081966927e-01
4.636000000000235559e+03 -2.266559988400472236e-01
4.636800000000235741e+03 4.262836398117691994e-02
4.637600000000235923e+03 2.022656420338682370e-01
4.638400000000236105e+03 2.411769288323535876e-01
4.639200000000236287e+03 2.211987211608400505e-01
4.640000000000236469e+03 1.535570709822131341e-01
4.640800000000236651e+03 3.643211479237173922e-02
4.641600000000236832e+03 -1.592034102540951512e-01
4.642400000000237014e+03 -8.216728684151484996e-03
4.643200000000237196e+03 3.882231421587905018e-01
4.644000000000237378e+03 5.950147975808595113e-01
4.644800000000237560e+03 5.091114023648513065e-01
4.645600000000237742e+03 3.118030569223282922e-01
4.646400000000237924e+03 1.840632014428278396e-01
4.647200000000238106e+03 1.541209528233102033e-02
4.648000000000238288e+03 -1.333253889226268529e-01
4.648800000000238470e+03 -1.942054679723734245e-03
4.649600000000238651e+03 1.744753578400187743e-01
4.650400000000238833e+03 2.946220419185981432e-01
4.651200000000239015e+03 4.455908073970237249e-01
4.652000000000239197e+03 4.263982220510845744e-01
4.652800000000239379e+03 3.289331256449061769e-01
4.653600000000239561e+03 2.024661014653033331e-01
4.654400000000239743e+03 1.089772188153418642e-01
4.655200000000239925e+03 2.969361721803816523e-01
4.656000000000240107e+03 5.064190240817998401e-01
4.656800000000240289e+03 4.445444722318486752e-01
4.657600000000240470e+03 1.255041327517223693e-01
4.658400000000240652e+03 -2.655143070525164961e-02
4.659200000000240834e+03 -1.816834687488820543e-02
4.660000000000241016e+03 2.099146020486815367e-01
4.660800000000241198e+03 6.263148260831161718e-01
4.661600000000241380e+03 6.267170640370349766e-01
4.662400000000241562e+03 8.438890870063331384e-02
4.663200000000241744e+03 -2.316302455931153192e-01
4.664000000000241926e+03 -9.611823879906186696e-02
4.664800000000242107e+03 6.361539449063990936e-02
4.665600000000242289e+03 1.752808846669487441e-01
4.666400000000242471e+03 2.459103273104321433e-02
4.667200000000242653e+03 -2.917621533985294002e-01
4.668000000000242835e+03 -4.527274124674705025e-01
4.668800000000243017e+03 -3.902548865061383210e-01
4.669600000000243199e+03 -2.977544489992741128e-01
4.670400000000243381e+03 -2.553682595987477599e-01
4.671200000000243563e+03 9.805100698709094675e-02
4.672000000000243745e+03 5.228509019408573710e-01
4.672800000000243926e+03 3.823904135477225186e-01
4.673600000000244108e+03 -2.049828986734545944e-01
4.674400000000244290e+03 -3.120376920884483929e-01
4.675200000000244472e+03 1.241101212437236700e-01
4.676000000000244654e+03 4.189896402704140210e-01
4.676800000000244836e+03 5.266898439567413437e-01
4.677600000000245018e+03 5.427664350840465390e-01
4.678400000000245200e+03 5.340526138080843310e-01
4.679200000000245382e+03 4.715842671693816213e-01
4.680000000000245564e+03 3.922563158128919980e-01
4.680800000000245745e+03 4.289773500408695650e-01
4.681600000000245927e+03 4.767672905130502792e-01
4.682400000000246109e+03 3.499898821582941855e-01
4.683200000000246291e+03 2.705008064389988753e-01
4.684000000000246473e+03 3.781499928101133001e-01
4.684800000000246655e+03 5.617663490352328148e-01
4.685600000000246837e+03 6.971959610710782851e-01
4.686400000000247019e+03 6.196702225633923256e-01
4.687200000000247201e+03 5.635189049742438394e-01
4.688000000000247383e+03 5.791930490354284533e-01
4.688800000000247564e+03 5.012162874874781515e-01
4.689600000000247746e+03 2.323257697294260349e-01
4.690400000000247928e+03 5.671744386290870910e-02
4.691200000000248110e+03 2.772381910550483219e-01
4.692000000000248292e+03 5.200182039004999091e-01
4.692800000000248474e+03 5.062161418517633349e-01
4.693600000000248656e+03 3.951188684966831510e-01
4.694400000000248838e+03 2.101628096793900502e-01
4.695200000000249020e+03 -4.860292190507120580e-02
4.696000000000249202e+03 -1.786843977540388262e-01
4.696800000000249383e+03 1.791703742681787781e-01
4.697600000000249565e+03 5.144441353311381970e-01
4.698400000000249747e+03 5.305132167509287733e-01
4.699200000000249929e+03 4.530551640779494904e-01
4.700000000000250111e+03 3.567322056248694584e-01
4.700800000000250293e+03 2.012011417318826101e-01
4.701600000000250475e+03 -6.439815530199889844e-03
4.702400000000250657e+03 -1.136913493050855650e-01
4.703200000000250839e+03 -1.181741175683589801e-01
4.704000000000251021e+03 -1.631807992133645913e-01
4.704800000000251202e+03 -2.611877965417864766e-01
4.705600000000251384e+03 -4.554482568534126696e-01
4.706400000000251566e+03 -3.987054693980653930e-01
4.707200000000251748e+03 5.318645835377923403e-02
4.708000000000251930e+03 4.238488648535381764e-01
4.708800000000252112e+03 3.415852518011633920e-01
4.709600000000252294e+03 1.107921276823504719e-01
4.710400000000252476e+03 2.474996633863791873e-01
4.711200000000252658e+03 4.758629459429244979e-01
4.712000000000252840e+03 4.041762406635056037e-01
4.712800000000253021e+03 1.865285798240698401e-01
4.713600000000253203e+03 5.172209118503803826e-02
4.714400000000253385e+03 -9.085473406635882765e-02
4.715200000000253567e+03 2.291843044685670100e-03
4.716000000000253749e+03 3.093583815451879659e-01
4.716800000000253931e+03 3.681319066493702330e-01
4.717600000000254113e+03 2.300969219815751088e-01
4.718400000000254295e+03 4.095200684004390856e-01
4.719200000000254477e+03 7.174085245569721270e-01
4.720000000000254659e+03 5.711780685569556315e-01
4.720800000000254840e+03 1.603305108970737025e-01
4.721600000000255022e+03 -2.843368995956713219e-02
4.722400000000255204e+03 -1.424940911433096868e-01
4.723200000000255386e+03 3.238529015473236988e-02
4.724000000000255568e+03 4.879888098391544915e-01
4.724800000000255750e+03 8.229769774129593873e-01
4.725600000000255932e+03 7.859059493086644199e-01
4.726400000000256114e+03 4.971865958518982831e-01
4.727200000000256296e+03 2.013989096115377797e-01
4.728000000000256478e+03 2.506487423327655173e-01
4.728800000000256659e+03 5.748354462787235164e-01
4.729600000000256841e+03 5.559178255911290112e-01
4.730400000000257023e+03 1.596218613786238583e-01
4.731200000000257205e+03 -1.929156658669253233e-01
4.732000000000257387e+03 -2.092088968318598086e-01
4.732800000000257569e+03 1.928841289180763252e-01
4.733600000000257751e+03 5.661611017094589915e-01
4.734400000000257933e+03 4.914097335544078682e-01
4.735200000000258115e+03 1.374299693235503383e-01
4.736000000000258296e+03 1.077811406131271021e-01
4.736800000000258478e+03 1.800318225359847091e-01
4.737600000000258660e+03 -3.959438078358076818e-02
4.738400000000258842e+03 -1.179932008092560020e-01
4.739200000000259024e+03 -5.052502820320584065e-02
4.740000000000259206e+03 6.100996594388397032e-04
4.740800000000259388e+03 1.040768998277946111e-01
4.741600000000259570e+03 1.883131786552527664e-01
4.742400000000259752e+03 4.894465670993146111e-01
4.743200000000259934e+03 9.215096119554633258e-01
4.744000000000260115e+03 9.208918246976780519e-01
4.744800000000260297e+03 4.485671083683574478e-01
4.745600000000260479e+03 8.271720480570064760e-02
4.746400000000260661e+03 6.961074950959612873e-02
4.747200000000260843e+03 1.503285598046774918e-01
4.748000000000261025e+03 2.421434806829649011e-01
4.748800000000261207e+03 4.667066624442447464e-01
4.749600000000261389e+03 5.486343273123523989e-01
4.750400000000261571e+03 3.647310849169301816e-01
4.751200000000261753e+03 3.338720140913482570e-01
4.752000000000261934e+03 4.865789071415550504e-01
4.752800000000262116e+03 5.094847791146634997e-01
4.753600000000262298e+03 2.982928051698902627e-01
4.754400000000262480e+03 1.725183562860476416e-01
4.755200000000262662e+03 2.110173400461048676e-01
4.756000000000262844e+03 2.190009597419923515e-01
4.756800000000263026e+03 2.361375564733831089e-01
4.757600000000263208e+03 3.316656316773967106e-01
4.758400000000263390e+03 3.653890141073624087e-01
4.759200000000263572e+03 4.623939527552869966e-01
4.760000000000263753e+03 5.326091029469419702e-01
4.760800000000263935e+03 5.232153660918346105e-01
4.761600000000264117e+03 5.630844039917553001e-01
4.762400000000264299e+03 5.631300888332020360e-01
4.763200000000264481e+03 2.616633369558629130e-01
4.764000000000264663e+03 -9.622512643069658367e-02
4.764800000000264845e+03 -2.169709885398675708e-01
4.765600000000265027e+03 -5.524092132806687760e-02
4.766400000000265209e+03 1.512960120087836202e-03
4.767200000000265391e+03 -1.669111736799981927e-01
4.768000000000265572e+03 -7.475303282131487426e-02
4.768800000000265754e+03 1.779755802632156103e-02
4.769600000000265936e+03 -5.046500657159462555e-02
4.770400000000266118e+03 4.199144524726878408e-03
4.771200000000266300e+03 2.681133060851247363e-01
4.772000000000266482e+03 6.148992479576070869e-01
4.772800000000266664e+03 8.228258848891529809e-01
4.773600000000266846e+03 6.722749565025470941e-01
4.774400000000267028e+03 4.526813855342280424e-01
4.775200000000267210e+03 5.119801117493827380e-01
4.776000000000267391e+03 4.461620218061743137e-01
4.776800000000267573e+03 6.174704921778244315e-02
4.777600000000267755e+03 -3.619522929975917958e-01
4.778400000000267937e+03 -4.287085918475778135e-01
4.779200000000268119e+03 -1.125211009522274763e-01
4.780000000000268301e+03 6.206210681222409237e-02
4.780800000000268483e+03 -1.254701594548207622e-02
4.781600000000268665e+03 7.519240794013268281e-03
4.782400000000268847e+03 9.809678180991414365e-02
4.783200000000269029e+03 3.306581488520782264e-03
4.784000000000269210e+03 -2.482562603383920430e-01
4.784800000000269392e+03 -2.513718746471965693e-01
4.785600000000269574e+03 -8.698088160961514603e-03
4.786400000000269756e+03 1.919334886821125186e-01
4.787200000000269938e+03 3.113066076759097855e-01
4.788000000000270120e+03 4.597523206531373141e-01
4.788800000000270302e+03 4.916602420323018530e-01
4.789600000000270484e+03 3.148637418175567193e-01
4.790400000000270666e+03 3.305299837574998678e-01
4.791200000000270848e+03 6.176605481220579508e-01
4.792000000000271029e+03 7.773377160924844764e-01
4.792800000000271211e+03 7.106223879094767382e-01
4.793600000000271393e+03 4.893037362516328703e-01
4.794400000000271575e+03 3.825772703002845720e-02
4.795200000000271757e+03 -2.646682461779112372e-01
4.796000000000271939e+03 -2.512600582485425837e-01
4.796800000000272121e+03 -2.172362897615155997e-01
4.797600000000272303e+03 -1.484880277702254614e-01
4.798400000000272485e+03 1.541776035046085180e-01
4.799200000000272667e+03 4.374641385901189006e-01
4.800000000000272848e+03 4.924103075400170226e-01
4.800800000000273030e+03 5.119109066580626033e-01
4.801600000000273212e+03 5.224183536515135673e-01
4.802400000000273394e+03 3.450602896463633718e-01
4.803200000000273576e+03 4.454908388796752217e-02
4.804000000000273758e+03 -5.103719836461503151e-02
4.804800000000273940e+03 -1.526472664655061373e-01
4.805600000000274122e+03 -3.482976765334527269e-01
4.806400000000274304e+03 -1.675056418342013576e-01
4.807200000000274486e+03 3.858825160972795265e-01
4.808000000000274667e+03 7.700750657129062926e-01
4.808800000000274849e+03 6.837541718714365002e-01
4.809600000000275031e+03 4.551479975281865764e-01
4.810400000000275213e+03 3.010145493918258697e-01
4.811200000000275395e+03 4.076867285847459721e-01
4.812000000000275577e+03 6.416315701280806971e-01
4.812800000000275759e+03 5.396552290988234635e-01
4.813600000000275941e+03 5.139204504357006709e-01
4.814400000000276123e+03 6.678284649262449246e-01
4.815200000000276304e+03 3.825140812132736823e-01
4.816000000000276486e+03 9.770982803384099802e-02
4.816800000000276668e+03 2.326058764130469192e-01
4.817600000000276850e+03 2.156813813916327871e-01
4.818400000000277032e+03 -1.390202706616969486e-01
4.819200000000277214e+03 -4.059067126038214957e-01
4.820000000000277396e+03 -3.782784982130869000e-01
4.820800000000277578e+03 -1.391217177561565599e-01
4.821600000000277760e+03 2.584732061644496454e-02
4.822400000000277942e+03 2.503661976470883399e-02
4.823200000000278123e+03 -1.539285044910842226e-01
4.824000000000278305e+03 -2.329200496679661447e-01
4.824800000000278487e+03 2.141402860719579804e-01
4.825600000000278669e+03 6.044441271709115604e-01
4.826400000000278851e+03 6.888084906785333361e-01
4.827200000000279033e+03 5.687983766847697353e-01
4.828000000000279215e+03 3.745076093972814490e-01
4.828800000000279397e+03 2.361694321413165543e-01
4.829600000000279579e+03 2.045311650887417787e-01
4.830400000000279761e+03 2.391530842631955922e-01
4.831200000000279942e+03 2.480712419742187036e-01
4.832000000000280124e+03 2.649236332732208821e-01
4.832800000000280306e+03 5.517066268207015955e-01
4.833600000000280488e+03 6.014250743532075782e-01
4.834400000000280670e+03 2.265613886882347772e-01
4.835200000000280852e+03 3.244511217207222964e-02
4.836000000000281034e+03 1.896062847836829657e-01
4.836800000000281216e+03 3.453188494382964380e-01
4.837600000000281398e+03 4.059596348131808141e-01
4.838400000000281580e+03 4.893889954084698068e-01
4.839200000000281761e+03 4.885057032197773763e-01
4.840000000000281943e+03 1.487326278861162698e-01
4.840800000000282125e+03 -2.839657625767066929e-01
4.841600000000282307e+03 -3.454813451486861142e-01
4.842400000000282489e+03 -1.399450858313465718e-01
4.843200000000282671e+03 2.823272234608537046e-02
4.844000000000282853e+03 1.150873194108398556e-01
4.844800000000283035e+03 2.657026664676314653e-01
4.845600000000283217e+03 1.785978914947274065e-01
4.846400000000283399e+03 -7.831536825237350730e-02
4.847200000000283580e+03 -8.491454554709521041e-02
4.848000000000283762e+03 3.426501241308512191e-01
4.848800000000283944e+03 7.622220787580387125e-01
4.849600000000284126e+03 4.733125456355176675e-01
4.850400000000284308e+03 2.651369661474223260e-03
4.851200000000284490e+03 6.351409978233309161e-02
4.852000000000284672e+03 2.088316293788336497e-01
4.852800000000284854e+03 1.464765441721503358e-01
4.853600000000285036e+03 2.895936506119658471e-01
4.854400000000285218e+03 4.037808717333033481e-01
4.855200000000285399e+03 2.878869210212835483e-01
4.856000000000285581e+03 3.726229632993825480e-01
4.856800000000285763e+03 4.702857235488375753e-01
4.857600000000285945e+03 4.057330964980004895e-01
4.858400000000286127e+03 3.551873541577538207e-01
4.859200000000286309e+03 2.548073727752714346e-01
4.860000000000286491e+03 2.173978744239662975e-01
4.860800000000286673e+03 1.726132565292479715e-01
4.861600000000286855e+03 7.553009614171031505e-02
4.862400000000287037e+03 7.745934645845925504e-02
4.863200000000287218e+03 3.288494679454630198e-02
4.864000000000287400e+03 -1.005601365509594947e-01
4.864800000000287582e+03 -1.053170969323297401e-01
4.865600000000287764e+03 1.258453818089660670e-01
4.866400000000287946e+03 2.564550087502287523e-01
4.867200000000288128e+03 2.534800490059919698e-01
4.868000000000288310e+03 1.945622652135892972e-01
4.868800000000288492e+03 2.118043956173412123e-01
4.869600000000288674e+03 4.371740923958175040e-01
4.870400000000288856e+03 7.287178844267724331e-01
4.871200000000289037e+03 7.242899473188584292e-01
4.872000000000289219e+03 5.879997917607342472e-01
4.872800000000289401e+03 4.563466860239205891e-01
4.873600000000289583e+03 3.507213826428520198e-01
4.874400000000289765e+03 3.399515596545961138e-01
4.875200000000289947e+03 1.733110389602197099e-01
4.876000000000290129e+03 1.555547959588865492e-02
4.876800000000290311e+03 -3.467415114877295257e-02
4.877600000000290493e+03 -1.036933936099218856e-01
4.878400000000290675e+03 -2.235484377707449843e-01
4.879200000000290856e+03 -7.805006814931600423e-02
4.880000000000291038e+03 1.706123140979923791e-01
4.880800000000291220e+03 3.249426304126700193e-01
4.881600000000291402e+03 4.166092810796625523e-01
4.882400000000291584e+03 4.958109013341960858e-01
4.883200000000291766e+03 6.343191494816321496e-01
4.884000000000291948e+03 8.286610310081006237e-01
4.884800000000292130e+03 8.711006982227234019e-01
4.885600000000292312e+03 4.027029128312168416e-01
4.886400000000292493e+03 -1.114778273793482627e-01
4.887200000000292675e+03 -1.229473693213006258e-01
4.888000000000292857e+03 8.780156394017105126e-02
4.888800000000293039e+03 1.080772301403850055e-01
4.889600000000293221e+03 -3.236294277900564342e-03
4.890400000000293403e+03 1.053272911082197005e-01
4.891200000000293585e+03 2.051338453463003586e-01
4.892000000000293767e+03 2.650243603584517271e-01
4.892800000000293949e+03 2.953827455463176599e-01
4.893600000000294131e+03 3.150268566639822243e-01
4.894400000000294312e+03 4.888608468270507768e-01
4.895200000000294494e+03 4.454144095363083977e-01
4.896000000000294676e+03 3.511339929641932867e-01
4.896800000000294858e+03 4.122348498064419275e-01
4.897600000000295040e+03 4.740945858806799307e-01
4.898400000000295222e+03 4.578705546184183017e-01
4.899200000000295404e+03 5.609812337984723118e-01
4.900000000000295586e+03 5.428547288169177643e-01
4.900800000000295768e+03 2.629928875599096272e-01
4.901600000000295950e+03 1.178856565330311523e-01
4.902400000000296131e+03 2.316999980062429965e-01
4.903200000000296313e+03 4.044995924470306536e-01
4.904000000000296495e+03 2.831255996285061416e-01
4.904800000000296677e+03 3.894803743833535892e-02
4.905600000000296859e+03 -4.088508976696969555e-02
4.906400000000297041e+03 6.291822134533900379e-02
4.907200000000297223e+03 4.814994481922960645e-01
4.908000000000297405e+03 7.694446654107012229e-01
4.908800000000297587e+03 6.751734510952671631e-01
4.909600000000297769e+03 5.445287331774031347e-01
4.910400000000297950e+03 5.214018343200529371e-01
4.911200000000298132e+03 5.987887771658940705e-01
4.912000000000298314e+03 6.562122630487756680e-01
4.912800000000298496e+03 5.777980962723724412e-01
4.913600000000298678e+03 4.172038271563186518e-01
4.914400000000298860e+03 3.901326690049862211e-01
4.915200000000299042e+03 5.728077586205900795e-01
4.916000000000299224e+03 7.129769144977495809e-01
4.916800000000299406e+03 7.665805525755391425e-01
4.917600000000299588e+03 6.465156845739925551e-01
4.918400000000299769e+03 5.345267835868718898e-01
4.919200000000299951e+03 5.587289906603035705e-01
4.920000000000300133e+03 5.020633535874780007e-01
4.920800000000300315e+03 4.641367982105744638e-01
4.921600000000300497e+03 6.226223800483747794e-01
4.922400000000300679e+03 7.850833783100934493e-01
4.923200000000300861e+03 6.857157117535001012e-01
4.924000000000301043e+03 6.380671323661756267e-01
4.924800000000301225e+03 6.036837036975073456e-01
4.925600000000301407e+03 4.429483945535772627e-01
4.926400000000301588e+03 3.629459714039702245e-01
4.927200000000301770e+03 4.468608430641762830e-01
4.928000000000301952e+03 3.911677825794458441e-01
4.928800000000302134e+03 2.461704325728560350e-01
4.929600000000302316e+03 1.830261306856241776e-01
4.930400000000302498e+03 1.615869249516226902e-01
4.931200000000302680e+03 2.003067504885407968e-01
4.932000000000302862e+03 2.742621175223935448e-01
4.932800000000303044e+03 4.386558156026053035e-01
4.933600000000303226e+03 6.993746273433257832e-01
4.934400000000303407e+03 6.860621318265633928e-01
4.935200000000303589e+03 4.327816396878447214e-01
4.936000000000303771e+03 1.547868881140566644e-01
4.936800000000303953e+03 -4.440571431945407321e-02
4.937600000000304135e+03 -1.281783388239305377e-01
4.938400000000304317e+03 -4.800734541943360578e-02
4.939200000000304499e+03 3.072222525703743878e-03
4.940000000000304681e+03 -1.801089442471064950e-01
4.940800000000304863e+03 -1.173987560378586814e-01
4.941600000000305045e+03 2.945687149569293228e-01
4.942400000000305226e+03 3.982248633556839668e-01
4.943200000000305408e+03 2.718887423713519658e-01
4.944000000000305590e+03 1.896170190207204231e-01
4.944800000000305772e+03 -3.186396162379948049e-02
4.945600000000305954e+03 -7.926553843590536386e-02
4.946400000000306136e+03 1.750098416153318681e-02
4.947200000000306318e+03 1.659176228467500180e-02
4.948000000000306500e+03 5.055047558515098072e-02
4.948800000000306682e+03 1.945403215461025959e-01
4.949600000000306864e+03 3.470264138944436083e-01
4.950400000000307045e+03 3.717477243849018897e-01
4.951200000000307227e+03 1.568685218883363042e-01
4.952000000000307409e+03 -4.794297646541691160e-03
4.952800000000307591e+03 6.555699204005385750e-02
4.953600000000307773e+03 2.517128557154967861e-01
4.954400000000307955e+03 3.261795462830897607e-01
4.955200000000308137e+03 3.079850318445184199e-01
4.956000000000308319e+03 4.018635537762847432e-01
4.956800000000308501e+03 5.400237095914289798e-01
4.957600000000308683e+03 6.428172805009810808e-01
4.958400000000308864e+03 6.156483880650317486e-01
4.959200000000309046e+03 5.298279761548699840e-01
4.960000000000309228e+03 5.681597714695814094e-01
4.960800000000309410e+03 7.830356501185726792e-01
4.961600000000309592e+03 8.105520265907685262e-01
4.962400000000309774e+03 5.478252364931374130e-01
4.963200000000309956e+03 2.011671442200990700e-01
4.964000000000310138e+03 8.467866662836187608e-02
4.964800000000310320e+03 3.684471070455399566e-01
4.965600000000310501e+03 3.844743234345029959e-01
4.966400000000310683e+03 9.493897032285703030e-02
4.967200000000310865e+03 -2.572360516646704509e-02
4.968000000000311047e+03 -1.039573899979125415e-01
4.968800000000311229e+03 -2.937973795470152916e-02
4.969600000000311411e+03 2.195627002457597177e-01
4.970400000000311593e+03 3.148395175506195631e-01
4.971200000000311775e+03 2.936337069426775415e-01
4.972000000000311957e+03 2.140890364152657210e-01
4.972800000000312139e+03 1.768704210214856465e-01
4.973600000000312320e+03 2.562390799429494770e-01
4.974400000000312502e+03 4.103503710262428328e-01
4.975200000000312684e+03 3.970405040648897765e-01
4.976000000000312866e+03 3.696938054144160435e-01
4.976800000000313048e+03 4.969741872540258676e-01
4.977600000000313230e+03 6.607096597851117581e-01
4.978400000000313412e+03 6.676664583720670620e-01
4.979200000000313594e+03 5.642517873599427469e-01
4.980000000000313776e+03 4.082017338637266013e-01
4.980800000000313958e+03 2.327987588363713001e-01
4.981600000000314139e+03 2.713680530402814983e-01
4.982400000000314321e+03 5.427428861811244287e-01
4.983200000000314503e+03 7.974267667391716774e-01
4.984000000000314685e+03 8.210275527057649958e-01
4.984800000000314867e+03 6.735597524788532464e-01
4.985600000000315049e+03 5.038284986677361577e-01
4.986400000000315231e+03 2.652378319744090329e-01
4.987200000000315413e+03 9.863873751495337572e-02
4.988000000000315595e+03 1.935129096043526342e-01
4.988800000000315777e+03 2.418055941000721298e-01
4.989600000000315958e+03 1.954847585339538063e-01
4.990400000000316140e+03 1.401182808201728858e-01
4.991200000000316322e+03 2.530400447874195380e-02
4.992000000000316504e+03 9.568659692355015178e-02
4.992800000000316686e+03 2.687395740225678176e-01
4.993600000000316868e+03 4.491668670199307489e-01
4.994400000000317050e+03 5.034657957367114633e-01
4.995200000000317232e+03 3.064723460458240734e-01
4.996000000000317414e+03 1.584787601785800082e-01
4.996800000000317596e+03 5.399884487219466789e-02
4.997600000000317777e+03 2.300241077004916423e-01
4.998400000000317959e+03 5.335990118690663309e-01
4.999200000000318141e+03 6.586550038886387348e-01
5.000000000000318323e+03 7.209450171750568792e-01
5.000800000000318505e+03 5.895309747898506147e-01
5.001600000000318687e+03 2.247791423920360021e-01
5.002400000000318869e+03 1.921457332656598682e-01
5.003200000000319051e+03 4.605464773530967282e-01
5.004000000000319233e+03 4.925946986478412226e-01
5.004800000000319415e+03 2.357826631586150690e-01
5.005600000000319596e+03 1.176585209115841163e-01
5.006400000000319778e+03 1.433926858209530752e-01
5.007200000000319960e+03 2.625772912583474589e-02
5.008000000000320142e+03 -6.663356728671589180e-02
5.008800000000320324e+03 3.806307265302470710e-02
5.009600000000320506e+03 1.040891409828687969e-01
5.010400000000320688e+03 1.634050564871835642e-01
5.011200000000320870e+03 3.390328050778607660e-01
5.012000000000321052e+03 5.163634467452717924e-01
5.012800000000321234e+03 6.350214957630961887e-01
5.013600000000321415e+03 7.495715530576411156e-01
5.014400000000321597e+03 8.185608263657433437e-01
5.015200000000321779e+03 8.046392062461819039e-01
5.016000000000321961e+03 5.959980864235170372e-01
5.016800000000322143e+03 9.969359405256886242e-02
5.017600000000322325e+03 -2.499590302565019850e-01
5.018400000000322507e+03 -2.816245936635429215e-01
5.019200000000322689e+03 7.700293503244559634e-02
5.020000000000322871e+03 4.383958070589109024e-01
5.020800000000323053e+03 3.411803789873739112e-01
5.021600000000323234e+03 2.716652337251398430e-01
5.022400000000323416e+03 4.710534716217370521e-01
5.023200000000323598e+03 6.757533453023863990e-01
5.024000000000323780e+03 6.298165575431973195e-01
5.024800000000323962e+03 4.636260578372972119e-01
5.025600000000324144e+03 4.065342224194220533e-01
5.026400000000324326e+03 3.107327039620111364e-01
5.027200000000324508e+03 3.313095296848624915e-01
5.028000000000324690e+03 4.992890578560456594e-01
5.028800000000324872e+03 4.186115814282718173e-01
5.029600000000325053e+03 1.769366617636459749e-01
5.030400000000325235e+03 1.404952681168997741e-01
5.031200000000325417e+03 2.089294627939647375e-01
5.032000000000325599e+03 2.524346206819092497e-01
5.032800000000325781e+03 3.378515487200498546e-01
5.033600000000325963e+03 2.808603849096296123e-01
5.034400000000326145e+03 3.072923781752170957e-02
5.035200000000326327e+03 5.412023267318548381e-02
5.036000000000326509e+03 2.819285848402208750e-01
5.036800000000326690e+03 5.394085043651654088e-01
5.037600000000326872e+03 7.987595656451791371e-01
5.038400000000327054e+03 9.512066724059051737e-01
5.039200000000327236e+03 8.083728842367180478e-01
5.040000000000327418e+03 4.684818993491579597e-01
5.040800000000327600e+03 1.868297911328270500e-01
5.041600000000327782e+03 9.103204895671622443e-02
5.042400000000327964e+03 1.252678580293576927e-01
5.043200000000328146e+03 1.811291397304853890e-01
5.044000000000328328e+03 3.437351252188403650e-01
5.044800000000328509e+03 3.566713310171499285e-01
5.045600000000328691e+03 3.033384469350139945e-01
5.046400000000328873e+03 4.154100317383348506e-01
5.047200000000329055e+03 5.752509203512299329e-01
5.048000000000329237e+03 5.095759641522392691e-01
5.048800000000329419e+03 2.747998515896298843e-01
5.049600000000329601e+03 7.276796393723306000e-03
5.050400000000329783e+03 -1.471607263782715447e-01
5.051200000000329965e+03 -1.119511372246615732e-01
5.052000000000330147e+03 -2.802783258615362816e-02
5.052800000000330328e+03 6.525449254402557187e-02
5.053600000000330510e+03 9.637229560877752510e-02
5.054400000000330692e+03 9.338694181924081517e-02
5.055200000000330874e+03 2.249376147336057119e-01
5.056000000000331056e+03 4.885811247292055626e-01
5.056800000000331238e+03 5.377608377358629177e-01
5.057600000000331420e+03 2.515071425289115981e-01
5.058400000000331602e+03 2.188301032995389195e-02
5.059200000000331784e+03 -4.925032763285035198e-03
5.060000000000331966e+03 2.242273000827947893e-01
5.060800000000332147e+03 7.105263515355575432e-01
5.061600000000332329e+03 1.021644358987980894e+00
5.062400000000332511e+03 8.005136891102904162e-01
5.063200000000332693e+03 5.337621802747253286e-01
5.064000000000332875e+03 3.737711743583494450e-01
5.064800000000333057e+03 3.726432414372939927e-01
5.065600000000333239e+03 6.734699350098701798e-01
5.066400000000333421e+03 8.196539957967627910e-01
5.067200000000333603e+03 7.268007067536550458e-01
5.068000000000333785e+03 4.290719343886921777e-01
5.068800000000333966e+03 1.087500094800546990e-01
5.069600000000334148e+03 2.101090658019924839e-01
5.070400000000334330e+03 5.563178690898630263e-01
5.071200000000334512e+03 7.019409789750123974e-01
5.072000000000334694e+03 4.926046198971611445e-01
5.072800000000334876e+03 3.809417158600346687e-01
5.073600000000335058e+03 5.344257159681733427e-01
5.074400000000335240e+03 5.572335236852546947e-01
5.075200000000335422e+03 4.995755987769435746e-01
5.076000000000335604e+03 3.559522541594638545e-01
5.076800000000335785e+03 1.168227653241289965e-01
5.077600000000335967e+03 1.922814793345736795e-02
5.078400000000336149e+03 2.765219939969927598e-02
5.079200000000336331e+03 1.459070823204978717e-01
5.080000000000336513e+03 2.440042606262884384e-01
5.080800000000336695e+03 2.334349462119236773e-01
5.081600000000336877e+03 2.493155057306288003e-01
5.082400000000337059e+03 3.275113731899834679e-01
5.083200000000337241e+03 3.374703129762675613e-01
5.084000000000337423e+03 2.201719040793224114e-01
5.084800000000337604e+03 1.195670846127946108e-01
5.085600000000337786e+03 3.853527156843450374e-02
5.086400000000337968e+03 1.363780956999003924e-01
5.087200000000338150e+03 1.969513880287356300e-01
5.088000000000338332e+03 1.751037888541782939e-01
5.088800000000338514e+03 1.072619847243767577e-01
5.089600000000338696e+03 4.703509624018221980e-02
5.090400000000338878e+03 2.267321847915602928e-02
5.091200000000339060e+03 2.235485862793902545e-01
5.092000000000339242e+03 5.629238814573095384e-01
5.092800000000339423e+03 6.612880363453337296e-01
5.093600000000339605e+03 5.175693163518133577e-01
5.094400000000339787e+03 4.701115621045588999e-01
5.095200000000339969e+03 5.519411806519113339e-01
5.096000000000340151e+03 6.273123253535278776e-01
5.096800000000340333e+03 7.710382539916096345e-01
5.097600000000340515e+03 8.118608820774575463e-01
5.098400000000340697e+03 7.295601688973480936e-01
5.099200000000340879e+03 6.450084696157150077e-01
5.100000000000341061e+03 5.129337906168270900e-01
5.100800000000341242e+03 3.544794848716641966e-01
5.101600000000341424e+03 3.326994346100484723e-01
5.102400000000341606e+03 5.335263509638665802e-01
5.103200000000341788e+03 6.623733532202942254e-01
5.104000000000341970e+03 4.841463605918213675e-01
5.104800000000342152e+03 3.234246291328375378e-01
5.105600000000342334e+03 2.793747455540923075e-01
5.106400000000342516e+03 3.925150781842299264e-01
5.107200000000342698e+03 5.505542398101402890e-01
5.108000000000342880e+03 5.302108273831662721e-01
5.108800000000343061e+03 2.111388783155144777e-01
5.109600000000343243e+03 4.115793663274230907e-02
5.110400000000343425e+03 3.118935678090919983e-01
5.111200000000343607e+03 6.381213930109013166e-01
5.112000000000343789e+03 7.734197330755419042e-01
5.112800000000343971e+03 7.153375153078076476e-01
5.113600000000344153e+03 6.648744545834890385e-01
5.114400000000344335e+03 7.710424652705486492e-01
5.115200000000344517e+03 7.727456581039671146e-01
5.116000000000344698e+03 6.340626577019881083e-01
5.116800000000344880e+03 2.390512104040146690e-01
5.117600000000345062e+03 -2.594520850629376124e-02
5.118400000000345244e+03 3.286396556776379763e-01
5.119200000000345426e+03 8.875244612411679057e-01
5.120000000000345608e+03 9.796131463335449041e-01
5.120800000000345790e+03 7.386250336005356631e-01
5.121600000000345972e+03 3.407118216061352234e-01
5.122400000000346154e+03 1.178984526349354800e-01
5.123200000000346336e+03 2.243545064652300025e-01
5.124000000000346517e+03 3.134034027904819553e-01
5.124800000000346699e+03 2.749064450249029123e-01
5.125600000000346881e+03 1.723873394716784191e-01
5.126400000000347063e+03 1.935447455301116948e-01
5.127200000000347245e+03 3.620993463878429131e-01
5.128000000000347427e+03 3.897277762806819479e-01
5.128800000000347609e+03 4.211244192987509960e-01
5.129600000000347791e+03 5.422404690941092786e-01
5.130400000000347973e+03 5.163565014267288422e-01
5.131200000000348155e+03 3.525391743078600815e-01
5.132000000000348336e+03 4.524879072668451796e-01
5.132800000000348518e+03 6.015226191999012428e-01
5.133600000000348700e+03 5.291793679077865242e-01
5.134400000000348882e+03 5.603564904016358206e-01
5.135200000000349064e+03 6.080757027693897143e-01
5.136000000000349246e+03 3.836502691846084834e-01
5.136800000000349428e+03 7.692138980809673510e-02
5.137600000000349610e+03 -5.780192309613434165e-02
5.138400000000349792e+03 1.815133557130736361e-02
5.139200000000349974e+03 2.693103184023254992e-01
5.140000000000350155e+03 4.605185974028866980e-01
5.140800000000350337e+03 3.402510170701191772e-01
5.141600000000350519e+03 5.138864612005333843e-02
5.142400000000350701e+03 -1.468155790027545760e-01
5.143200000000350883e+03 -3.579934080507266025e-02
5.144000000000351065e+03 2.364241987006844015e-01
5.144800000000351247e+03 4.206685275297124549e-01
5.145600000000351429e+03 3.323208687253852989e-01
5.146400000000351611e+03 2.141801492831394982e-01
5.147200000000351793e+03 4.334487371318008209e-01
5.148000000000351974e+03 5.892368891809012243e-01
5.148800000000352156e+03 4.774374652287531329e-01
5.149600000000352338e+03 2.252573988513657532e-01
5.150400000000352520e+03 -7.214484936768780776e-03
5.151200000000352702e+03 -9.794342130791007517e-02
5.152000000000352884e+03 -8.427766239263249914e-02
5.152800000000353066e+03 5.401503364164887688e-02
5.153600000000353248e+03 2.303972321104043042e-01
5.154400000000353430e+03 3.322783302843626552e-01
5.155200000000353612e+03 4.843840560111115634e-01
5.156000000000353793e+03 3.823758395163417978e-01
5.156800000000353975e+03 4.358515940371023023e-02
5.157600000000354157e+03 -7.166045573982621208e-02
5.158400000000354339e+03 -1.327960962922989513e-02
5.159200000000354521e+03 7.952519785188039148e-02
5.160000000000354703e+03 1.447765409265177605e-01
5.160800000000354885e+03 1.755911958525147726e-02
5.161600000000355067e+03 -8.085363738985452964e-02
5.162400000000355249e+03 1.535667930034113615e-01
5.163200000000355431e+03 4.981990608321944514e-01
5.164000000000355612e+03 5.698823067769318573e-01
5.164800000000355794e+03 4.242789004041796486e-01
5.165600000000355976e+03 3.079500897556468608e-01
5.166400000000356158e+03 1.660275570958770763e-01
5.167200000000356340e+03 6.251524577801034765e-02
5.168000000000356522e+03 2.729828678502954631e-01
5.168800000000356704e+03 5.369030850046492276e-01
5.169600000000356886e+03 5.506846932337066125e-01
5.170400000000357068e+03 4.318481683196085941e-01
5.171200000000357250e+03 4.045757010154111266e-01
5.172000000000357431e+03 4.328096724565016484e-01
5.172800000000357613e+03 5.926103866266088094e-01
5.173600000000357795e+03 7.315781937085364950e-01
5.174400000000357977e+03 7.449375410665248776e-01
5.175200000000358159e+03 8.864827973245233972e-01
5.176000000000358341e+03 8.763106165387852808e-01
5.176800000000358523e+03 5.660663218489642157e-01
5.177600000000358705e+03 3.275549098523902747e-01
5.178400000000358887e+03 3.385513086714999065e-01
5.179200000000359069e+03 3.745742432684264767e-01
5.180000000000359250e+03 3.776142252727957560e-01
5.180800000000359432e+03 2.011402357394984908e-01
5.181600000000359614e+03 4.845548142182576346e-03
5.182400000000359796e+03 3.134132955211185179e-01
5.183200000000359978e+03 7.405685994573001363e-01
5.184000000000360160e+03 8.448608756316227097e-01
5.184800000000360342e+03 6.570776720570949969e-01
5.185600000000360524e+03 4.924892028764544794e-01
5.186400000000360706e+03 4.631950710673135019e-01
5.187200000000360887e+03 5.009974097898576284e-01
5.188000000000361069e+03 4.901163546544418104e-01
5.188800000000361251e+03 3.940388182618030366e-01
5.189600000000361433e+03 3.485280260623236370e-01
5.190400000000361615e+03 4.821782751893860519e-01
5.191200000000361797e+03 7.235164911209353011e-01
5.192000000000361979e+03 7.900151596871995974e-01
5.192800000000362161e+03 5.616108890053667091e-01
5.193600000000362343e+03 2.024549651888710167e-01
5.194400000000362525e+03 2.052983732289831442e-02
5.195200000000362706e+03 1.303269902035333605e-01
5.196000000000362888e+03 2.012106217496262284e-01
5.196800000000363070e+03 1.763701921935534600e-01
5.197600000000363252e+03 3.184000561206459801e-01
5.198400000000363434e+03 4.472303353450678420e-01
5.199200000000363616e+03 3.509468482555297975e-01
5.200000000000363798e+03 3.093094999547637558e-01
5.200800000000363980e+03 4.103399613053905770e-01
5.201600000000364162e+03 5.328537640863280078e-01
5.202400000000364344e+03 7.155151385896783012e-01
5.203200000000364525e+03 8.169371192890724220e-01
5.204000000000364707e+03 7.906955878720440811e-01
5.204800000000364889e+03 6.356746529906709409e-01
5.205600000000365071e+03 3.206691824558178250e-01
5.206400000000365253e+03 1.708155058849788188e-01
5.207200000000365435e+03 4.758485491574179216e-01
5.208000000000365617e+03 8.007070448840404309e-01
5.208800000000365799e+03 6.194989170767003506e-01
5.209600000000365981e+03 4.898841469666163073e-01
5.210400000000366163e+03 5.027364988934925893e-01
5.211200000000366344e+03 5.576848935424366660e-01
5.212000000000366526e+03 7.828448861953634097e-01
5.212800000000366708e+03 9.202557296936166864e-01
5.213600000000366890e+03 9.098783969721775389e-01
5.214400000000367072e+03 6.712524106493620302e-01
5.215200000000367254e+03 3.432657161567390647e-01
5.216000000000367436e+03 1.607975104548127199e-01
5.216800000000367618e+03 2.911681939387816831e-01
5.217600000000367800e+03 5.591068712774186489e-01
5.218400000000367982e+03 6.364532147110095739e-01
5.219200000000368163e+03 4.533970595750431709e-01
5.220000000000368345e+03 4.394708705525131598e-01
5.220800000000368527e+03 8.207314152052376244e-01
5.221600000000368709e+03 1.021499290889278821e+00
5.222400000000368891e+03 6.320820275758224360e-01
5.223200000000369073e+03 4.296677614631920217e-01
5.224000000000369255e+03 3.431929044104415905e-01
5.224800000000369437e+03 1.799245627857887220e-01
5.225600000000369619e+03 4.237209659820484475e-01
5.226400000000369801e+03 7.040865447392152809e-01
5.227200000000369982e+03 5.619079364388458453e-01
5.228000000000370164e+03 3.392022809209464529e-01
5.228800000000370346e+03 3.933133892187706815e-01
5.229600000000370528e+03 5.558010570712630383e-01
5.230400000000370710e+03 6.189419602827022082e-01
5.231200000000370892e+03 6.273376785153537138e-01
5.232000000000371074e+03 6.516339336384674441e-01
5.232800000000371256e+03 5.700524318434410098e-01
5.233600000000371438e+03 2.928171737893722204e-01
5.234400000000371620e+03 2.456740212717481442e-02
5.235200000000371801e+03 2.060918555097064064e-01
5.236000000000371983e+03 4.700577233341399208e-01
5.236800000000372165e+03 4.522403417143755489e-01
5.237600000000372347e+03 5.784359790726016914e-01
5.238400000000372529e+03 7.467379412046903919e-01
5.239200000000372711e+03 5.316411879617761738e-01
5.240000000000372893e+03 3.098039897582747781e-01
5.240800000000373075e+03 3.551884477519542949e-01
5.241600000000373257e+03 4.388748754644093975e-01
5.242400000000373439e+03 5.182356708081847785e-01
5.243200000000373620e+03 6.043584312339641551e-01
5.244000000000373802e+03 5.749737307927385022e-01
5.244800000000373984e+03 2.295821709590676885e-01
5.245600000000374166e+03 -3.727330512217306296e-02
5.246400000000374348e+03 -5.304811259906078158e-02
5.247200000000374530e+03 -2.164208953887891695e-02
5.248000000000374712e+03 1.698256445453095453e-01
5.248800000000374894e+03 4.390535895947650924e-01
5.249600000000375076e+03 5.426727623683116342e-01
5.250400000000375258e+03 4.270472677182933774e-01
5.251200000000375439e+03 3.471960292876806187e-01
5.252000000000375621e+03 5.502781490296231315e-01
5.252800000000375803e+03 7.943058025235079089e-01
5.253600000000375985e+03 8.419184220938582541e-01
5.254400000000376167e+03 7.574244478903555677e-01
5.255200000000376349e+03 5.352901435748008696e-01
5.256000000000376531e+03 3.582613106950220949e-01
5.256800000000376713e+03 4.547880782566143809e-01
5.257600000000376895e+03 7.509281871385644624e-01
5.258400000000377077e+03 8.041112562884698001e-01
5.259200000000377258e+03 6.688589684604216989e-01
5.260000000000377440e+03 5.095713998232811459e-01
5.260800000000377622e+03 3.042244464887464694e-01
5.261600000000377804e+03 2.861073165893866510e-01
5.262400000000377986e+03 3.931874187222101913e-01
5.263200000000378168e+03 4.836272421806852018e-01
5.264000000000378350e+03 5.506616823045616949e-01
5.264800000000378532e+03 5.916830463057680678e-01
5.265600000000378714e+03 5.424761817438998879e-01
5.266400000000378895e+03 5.098411704474862249e-01
5.267200000000379077e+03 4.780346280909600898e-01
5.268000000000379259e+03 3.319477961197548899e-01
5.268800000000379441e+03 2.310078478950266800e-01
5.269600000000379623e+03 1.256236421247095281e-01
5.270400000000379805e+03 -1.324808967933030490e-02
5.271200000000379987e+03 4.706588258947480563e-02
5.272000000000380169e+03 2.346342266620955741e-01
5.272800000000380351e+03 3.813001947591575513e-01
5.273600000000380533e+03 3.456862433012997116e-01
5.274400000000380714e+03 3.421056637760446772e-01
5.275200000000380896e+03 4.548204380800018320e-01
5.276000000000381078e+03 4.464100759230502646e-01
5.276800000000381260e+03 2.201881738042322789e-01
5.277600000000381442e+03 1.545028245210865459e-01
5.278400000000381624e+03 4.675374556463778863e-01
5.279200000000381806e+03 8.150669666558647553e-01
5.280000000000381988e+03 7.183758338356194262e-01
5.280800000000382170e+03 4.656389309543066957e-01
5.281600000000382352e+03 3.746523683730497711e-01
5.282400000000382533e+03 3.013034674436445570e-01
5.283200000000382715e+03 3.014145514484337651e-01
5.284000000000382897e+03 2.892853393607451862e-01
5.284800000000383079e+03 2.087885107670777174e-01
5.285600000000383261e+03 1.081319132808798711e-01
5.286400000000383443e+03 1.785323267816670278e-01
5.287200000000383625e+03 3.396779804882915088e-01
5.288000000000383807e+03 2.025393999832454661e-01
5.288800000000383989e+03 6.058721355033146877e-02
5.289600000000384171e+03 2.831016302583097000e-01
5.290400000000384352e+03 5.923635575974306455e-01
5.291200000000384534e+03 5.227881100759924626e-01
5.292000000000384716e+03 3.079674990740701723e-01
5.292800000000384898e+03 3.011321123281910372e-01
5.293600000000385080e+03 4.446123995541755858e-01
5.294400000000385262e+03 4.447843619633233825e-01
5.295200000000385444e+03 3.439254761067235266e-01
5.296000000000385626e+03 2.661641626009967898e-01
5.296800000000385808e+03 2.895579554945008072e-01
5.297600000000385990e+03 5.104641793310463749e-01
5.298400000000386171e+03 4.217779544647273782e-01
5.299200000000386353e+03 1.172406249834812980e-01
5.300000000000386535e+03 1.141068854040073466e-01
5.300800000000386717e+03 2.267152552829594936e-01
5.301600000000386899e+03 1.939485135192718368e-01
5.302400000000387081e+03 3.201410188194958595e-01
5.303200000000387263e+03 5.028485143202031660e-01
5.304000000000387445e+03 4.864585223722506235e-01
5.304800000000387627e+03 4.847492410618161052e-01
5.305600000000387809e+03 5.858342819975692617e-01
5.306400000000387990e+03 5.110426574162889590e-01
5.307200000000388172e+03 4.100153979005939364e-01
5.308000000000388354e+03 3.504903498969157427e-01
5.308800000000388536e+03 2.799816723285702413e-01
5.309600000000388718e+03 2.970465007283335512e-01
5.310400000000388900e+03 3.722321727688701620e-01
5.311200000000389082e+03 4.297480753311764268e-01
5.312000000000389264e+03 4.391292981134650719e-01
5.312800000000389446e+03 6.235415017122138970e-01
5.313600000000389628e+03 5.313148299824644871e-01
5.314400000000389809e+03 1.506312114578818862e-01
5.315200000000389991e+03 1.782642560765535233e-01
5.316000000000390173e+03 5.190065034894230100e-01
5.316800000000390355e+03 6.430024752067389215e-01
5.317600000000390537e+03 4.972983020424006084e-01
5.318400000000390719e+03 4.570294398062439978e-01
5.319200000000390901e+03 5.444635737304952539e-01
5.320000000000391083e+03 7.174786295874229225e-01
5.320800000000391265e+03 9.277416693583093732e-01
5.321600000000391447e+03 9.449889257464021419e-01
5.322400000000391628e+03 8.182988530436376973e-01
5.323200000000391810e+03 7.118244526400759886e-01
5.324000000000391992e+03 6.954203932880655969e-01
5.324800000000392174e+03 7.283135191090932548e-01
5.325600000000392356e+03 7.105236373624326252e-01
5.326400000000392538e+03 7.134329017407761153e-01
5.327200000000392720e+03 7.395352479343466623e-01
5.328000000000392902e+03 6.588401357826495497e-01
5.328800000000393084e+03 6.333565846317025239e-01
5.329600000000393266e+03 6.225821475753922085e-01
5.330400000000393447e+03 6.648232646543916768e-01
5.331200000000393629e+03 7.659086650263960960e-01
5.332000000000393811e+03 8.068681184342728629e-01
5.332800000000393993e+03 6.758231050658913830e-01
5.333600000000394175e+03 4.539687216865181396e-01
5.334400000000394357e+03 3.249087684159187583e-01
5.335200000000394539e+03 3.511688347893827666e-01
5.336000000000394721e+03 3.862514978078643302e-01
5.336800000000394903e+03 4.364047396078818419e-01
5.337600000000395084e+03 5.666098700097371710e-01
5.338400000000395266e+03 6.046499709870496453e-01
5.339200000000395448e+03 5.204637759937686958e-01
5.340000000000395630e+03 3.229177139196076629e-01
5.340800000000395812e+03 3.506756470373941226e-01
5.341600000000395994e+03 3.868499226911726874e-01
5.342400000000396176e+03 1.872286740505902380e-01
5.343200000000396358e+03 1.632243143275425024e-01
5.344000000000396540e+03 1.105294553361336196e-01
5.344800000000396722e+03 8.670634100727431237e-02
5.345600000000396903e+03 2.073537009695355648e-01
5.346400000000397085e+03 1.660136931121690418e-01
5.347200000000397267e+03 1.327876366735769031e-01
5.348000000000397449e+03 1.775350400629312486e-01
5.348800000000397631e+03 1.641751237056399970e-01
5.349600000000397813e+03 1.792287331618137858e-01
5.350400000000397995e+03 2.359144973435749471e-01
5.351200000000398177e+03 3.703117315307354329e-01
5.352000000000398359e+03 5.681537036723962597e-01
5.352800000000398541e+03 7.234674862617009872e-01
5.353600000000398722e+03 7.183032756335406832e-01
5.354400000000398904e+03 4.255752974627934337e-01
5.355200000000399086e+03 7.698128292137795814e-02
5.356000000000399268e+03 4.740255871009398103e-02
5.356800000000399450e+03 3.513820582291382610e-01
5.357600000000399632e+03 5.633802612838201274e-01
5.358400000000399814e+03 6.439494792091331465e-01
5.359200000000399996e+03 7.756707909849229754e-01
5.360000000000400178e+03 8.262274095748787239e-01
5.360800000000400360e+03 6.444139473848189414e-01
5.361600000000400541e+03 3.877393200343381974e-01
5.362400000000400723e+03 2.758096941115621981e-01
5.363200000000400905e+03 2.023734060080305819e-01
5.364000000000401087e+03 2.142914547721567198e-01
5.364800000000401269e+03 4.049686589696581684e-01
5.365600000000401451e+03 5.227508811259689026e-01
5.366400000000401633e+03 2.887623277088225970e-01
5.367200000000401815e+03 5.924796225320153042e-02
5.368000000000401997e+03 1.491854557703237438e-01
5.368800000000402179e+03 3.539521714467249724e-01
5.369600000000402360e+03 4.372225857700969276e-01
5.370400000000402542e+03 5.899419495168244376e-01
5.371200000000402724e+03 6.857201550920671851e-01
5.372000000000402906e+03 6.557644528786197302e-01
5.372800000000403088e+03 5.677411751761738401e-01
5.373600000000403270e+03 4.955748786568864861e-01
5.374400000000403452e+03 5.199710762679063958e-01
5.375200000000403634e+03 5.801730646291766158e-01
5.376000000000403816e+03 5.951802875912606261e-01
5.376800000000403998e+03 4.910740316182763965e-01
5.377600000000404179e+03 6.018994702057908208e-01
5.378400000000404361e+03 7.017889676350828054e-01
5.379200000000404543e+03 4.240202096220481165e-01
5.380000000000404725e+03 2.717699841286476750e-03
5.380800000000404907e+03 -9.544794284216512326e-02
5.381600000000405089e+03 2.508237106735963784e-01
5.382400000000405271e+03 6.911953135546143878e-01
5.383200000000405453e+03 9.815561898623199610e-01
5.384000000000405635e+03 9.845382789493410947e-01
5.384800000000405817e+03 7.172783137536766773e-01
5.385600000000405998e+03 5.743347940323448864e-01
5.386400000000406180e+03 5.080689185568230126e-01
5.387200000000406362e+03 3.702577567280234128e-01
5.388000000000406544e+03 4.330479083778268068e-01
5.388800000000406726e+03 3.550715813635078599e-01
5.389600000000406908e+03 2.297894196094746877e-01
5.390400000000407090e+03 2.963979776851265457e-01
5.391200000000407272e+03 3.897452386991562823e-01
5.392000000000407454e+03 4.115253242684046020e-01
5.392800000000407636e+03 4.249522694400955647e-01
5.393600000000407817e+03 4.212186350420196734e-01
5.394400000000407999e+03 4.517662117247063236e-01
5.395200000000408181e+03 4.798423130838402884e-01
5.396000000000408363e+03 5.084615938293971515e-01
5.396800000000408545e+03 4.639356945900118268e-01
5.397600000000408727e+03 3.550899534998241958e-01
5.398400000000408909e+03 3.198578771457056269e-01
5.399200000000409091e+03 4.466795884012279005e-01
5.400000000000409273e+03 4.168302854876463348e-01
5.400800000000409455e+03 2.637513788937238535e-01
5.401600000000409636e+03 1.734488160236805632e-01
5.402400000000409818e+03 2.207345893825591043e-01
5.403200000000410000e+03 1.971175729299185497e-01
5.404000000000410182e+03 1.115640836972971867e-01
5.404800000000410364e+03 1.401083300983284319e-01
5.405600000000410546e+03 2.024934021226146297e-01
5.406400000000410728e+03 2.289320644663985493e-01
5.407200000000410910e+03 1.448514438160855566e-01
5.408000000000411092e+03 1.081262873497990940e-01
5.408800000000411274e+03 3.172889340463345698e-01
5.409600000000411455e+03 6.680160241979771207e-01
5.410400000000411637e+03 8.584212176424590446e-01
5.411200000000411819e+03 8.795774315564521828e-01
5.412000000000412001e+03 7.037412905067741420e-01
5.412800000000412183e+03 5.076725586655340683e-01
5.413600000000412365e+03 3.646015408412461856e-01
5.414400000000412547e+03 3.126688459490574168e-01
5.415200000000412729e+03 4.802494542867284943e-01
5.416000000000412911e+03 4.431950646568130203e-01
5.416800000000413092e+03 3.378531097739242428e-01
5.417600000000413274e+03 3.812969149628733234e-01
5.418400000000413456e+03 3.801687957215976743e-01
5.419200000000413638e+03 5.006230520292092034e-01
5.420000000000413820e+03 6.851454052468708422e-01
5.420800000000414002e+03 7.693287036029390347e-01
5.421600000000414184e+03 8.712289048371543165e-01
5.422400000000414366e+03 9.135048404665344624e-01
5.423200000000414548e+03 9.424402299775138658e-01
5.424000000000414730e+03 1.097595768828465435e+00
5.424800000000414911e+03 9.913812087760001113e-01
5.425600000000415093e+03 4.370865301397222069e-01
5.426400000000415275e+03 1.105175015288558105e-01
5.427200000000415457e+03 3.179447857582751169e-01
5.428000000000415639e+03 3.864835567402769012e-01
5.428800000000415821e+03 1.577295074391860674e-01
5.429600000000416003e+03 3.060704353263723337e-02
5.430400000000416185e+03 1.568441296317407974e-01
5.431200000000416367e+03 3.810708981260557682e-01
5.432000000000416549e+03 4.489545531111468479e-01
5.432800000000416730e+03 3.498879680714140350e-01
5.433600000000416912e+03 2.602391680951129938e-01
5.434400000000417094e+03 2.376263130861561712e-01
5.435200000000417276e+03 2.063439746763172655e-01
5.436000000000417458e+03 2.680587213339586383e-01
5.436800000000417640e+03 3.499039339534080750e-01
5.437600000000417822e+03 5.297832834162694571e-01
5.438400000000418004e+03 8.027420053859033455e-01
5.439200000000418186e+03 9.079957816207917531e-01
5.440000000000418368e+03 8.476792923977348737e-01
5.440800000000418549e+03 8.417047359938526485e-01
5.441600000000418731e+03 6.812521635068891079e-01
5.442400000000418913e+03 3.915079050755106982e-01
5.443200000000419095e+03 2.698401720646024793e-01
5.444000000000419277e+03 3.223776858491810282e-01
5.444800000000419459e+03 3.551835190205928638e-01
5.445600000000419641e+03 6.772314904539137315e-01
5.446400000000419823e+03 9.665784809879162109e-01
5.447200000000420005e+03 9.719248246457521390e-01
5.448000000000420187e+03 8.279368423802480059e-01
5.448800000000420368e+03 5.679804206580921777e-01
5.449600000000420550e+03 3.823807839226703309e-01
5.450400000000420732e+03 3.915091431826131507e-01
5.451200000000420914e+03 3.738472786170841111e-01
5.452000000000421096e+03 4.733934076794463763e-01
5.452800000000421278e+03 6.464011456480254214e-01
5.453600000000421460e+03 6.451604301898159477e-01
5.454400000000421642e+03 5.607666893875100644e-01
5.455200000000421824e+03 6.583300405741070449e-01
5.456000000000422006e+03 9.237235264613944397e-01
5.456800000000422187e+03 1.067895830668964319e+00
5.457600000000422369e+03 9.779506260977031129e-01
5.458400000000422551e+03 7.399019331403994260e-01
5.459200000000422733e+03 5.537567598079542464e-01
5.460000000000422915e+03 5.576396549131055203e-01
5.460800000000423097e+03 6.021937367493639393e-01
5.461600000000423279e+03 4.825075106052748031e-01
5.462400000000423461e+03 4.209398769600328216e-01
5.463200000000423643e+03 5.553700517594114539e-01
5.464000000000423825e+03 5.435280572913777641e-01
5.464800000000424006e+03 2.564389505262335556e-01
5.465600000000424188e+03 1.218060715930054105e-01
5.466400000000424370e+03 2.311927817251204220e-01
5.467200000000424552e+03 2.684605713985506736e-01
5.468000000000424734e+03 3.193797188010900068e-01
5.468800000000424916e+03 5.571396235260458463e-01
5.469600000000425098e+03 6.589412102219363021e-01
5.470400000000425280e+03 4.732567923565847989e-01
5.471200000000425462e+03 3.900239482519406997e-01
5.472000000000425644e+03 4.826010768716044730e-01
5.472800000000425825e+03 4.889629854804084519e-01
5.473600000000426007e+03 5.692802432969579218e-01
5.474400000000426189e+03 7.648490875560640667e-01
5.475200000000426371e+03 9.336549526142293720e-01
5.476000000000426553e+03 8.826627874514030303e-01
5.476800000000426735e+03 8.227338193202434757e-01
5.477600000000426917e+03 7.253799882167710766e-01
5.478400000000427099e+03 6.709170897082772367e-01
5.479200000000427281e+03 6.837436219404822157e-01
5.480000000000427463e+03 5.762441220094900451e-01
5.480800000000427644e+03 4.109017634993535339e-01
5.481600000000427826e+03 4.337290898115916393e-01
5.482400000000428008e+03 3.723777155321666976e-01
5.483200000000428190e+03 1.492897990972409383e-01
5.484000000000428372e+03 1.894229907734755192e-01
5.484800000000428554e+03 5.297281377286375825e-01
5.485600000000428736e+03 8.363854062802199563e-01
5.486400000000428918e+03 9.396023339744541403e-01
5.487200000000429100e+03 7.783533402889597497e-01
5.488000000000429281e+03 5.445298522027819388e-01
5.488800000000429463e+03 7.006393300550921577e-01
5.489600000000429645e+03 8.806553365828955204e-01
5.490400000000429827e+03 7.409014652177674520e-01
5.491200000000430009e+03 6.016285301113672990e-01
5.492000000000430191e+03 6.332351775022642126e-01
5.492800000000430373e+03 8.277885936428425184e-01
5.493600000000430555e+03 7.882209346433193264e-01
5.494400000000430737e+03 5.426962596723559074e-01
5.495200000000430919e+03 2.986935799784312118e-01
5.496000000000431100e+03 2.532240910453114058e-01
5.496800000000431282e+03 3.264560352417856803e-01
5.497600000000431464e+03 2.932241623379905904e-01
5.498400000000431646e+03 4.298633356191615684e-01
5.499200000000431828e+03 4.988592356565149100e-01
5.500000000000432010e+03 2.748200636573105426e-01
5.500800000000432192e+03 2.568342042438619410e-01
5.501600000000432374e+03 4.137322287282590993e-01
5.502400000000432556e+03 3.880322989396559619e-01
5.503200000000432738e+03 4.051678287624015384e-01
5.504000000000432919e+03 6.114987193648944164e-01
5.504800000000433101e+03 7.939194811157104237e-01
5.505600000000433283e+03 8.559098094359451903e-01
5.506400000000433465e+03 7.789359833675044698e-01
5.507200000000433647e+03 6.582001457950864554e-01
5.508000000000433829e+03 5.385961881234071491e-01
5.508800000000434011e+03 5.385767332375517302e-01
5.509600000000434193e+03 4.868904563769229643e-01
5.510400000000434375e+03 2.790517737677693511e-01
5.511200000000434557e+03 2.389133764637976498e-01
5.512000000000434738e+03 5.244454107846358015e-01
5.512800000000434920e+03 6.329390898771095619e-01
5.513600000000435102e+03 3.464105421038585209e-01
5.514400000000435284e+03 3.228223440091093632e-01
5.515200000000435466e+03 4.167474286246490855e-01
5.516000000000435648e+03 1.974216516708009461e-01
5.516800000000435830e+03 6.499751049634786004e-02
5.517600000000436012e+03 4.786466945666020267e-01
5.518400000000436194e+03 8.751651360403207569e-01
5.519200000000436376e+03 7.440760765091691820e-01
5.520000000000436557e+03 2.956076858336864621e-01
5.520800000000436739e+03 -4.387132229427964658e-02
5.521600000000436921e+03 2.420304261458339212e-02
5.522400000000437103e+03 2.668247711450898452e-01
5.523200000000437285e+03 4.940224278613437603e-01
5.524000000000437467e+03 4.464349102652522827e-01
5.524800000000437649e+03 2.462348585972158332e-01
5.525600000000437831e+03 1.443092963743139168e-01
5.526400000000438013e+03 9.592082031611393056e-02
5.527200000000438195e+03 1.280256748309515635e-01
5.528000000000438376e+03 1.216962752233081008e-01
5.528800000000438558e+03 6.971748120333577659e-02
5.529600000000438740e+03 2.596679105160737966e-01
5.530400000000438922e+03 6.281368609836912587e-01
5.531200000000439104e+03 6.671790075065158199e-01
5.532000000000439286e+03 5.229300319177270229e-01
5.532800000000439468e+03 5.269324012763969556e-01
5.533600000000439650e+03 5.633385662443792796e-01
5.534400000000439832e+03 6.024145127021773849e-01
5.535200000000440014e+03 6.706096843769395743e-01
5.536000000000440195e+03 6.333415580979748771e-01
5.536800000000440377e+03 4.056850716371780963e-01
5.537600000000440559e+03 3.557916606476733135e-01
5.538400000000440741e+03 4.984453812319536437e-01
5.539200000000440923e+03 5.327810020544750946e-01
5.540000000000441105e+03 4.780165659253611254e-01
5.540800000000441287e+03 5.680689012141401095e-01
5.541600000000441469e+03 6.924446434836180053e-01
5.542400000000441651e+03 7.689167296585275313e-01
5.543200000000441833e+03 7.329978196058313245e-01
5.544000000000442014e+03 6.831924054576854477e-01
5.544800000000442196e+03 7.255409337148287507e-01
5.545600000000442378e+03 6.859892355463916847e-01
5.546400000000442560e+03 4.222418211097008767e-01
5.547200000000442742e+03 2.120377919271545231e-01
5.548000000000442924e+03 3.287014097267278445e-01
5.548800000000443106e+03 5.024427285354784445e-01
5.549600000000443288e+03 3.472187619851681006e-01
5.550400000000443470e+03 2.584753186149212345e-01
5.551200000000443652e+03 5.102177546092783178e-01
5.552000000000443833e+03 4.969734334751048088e-01
5.552800000000444015e+03 2.542192804793159677e-01
5.553600000000444197e+03 2.844983852276359859e-01
5.554400000000444379e+03 4.671415590104150972e-01
5.555200000000444561e+03 4.638795715868928582e-01
5.556000000000444743e+03 3.459745330452776990e-01
5.556800000000444925e+03 3.691885729030999763e-01
5.557600000000445107e+03 5.699116049693135899e-01
5.558400000000445289e+03 6.513618524323425696e-01
5.559200000000445471e+03 5.443716680696675247e-01
5.560000000000445652e+03 5.196251122053070493e-01
5.560800000000445834e+03 5.861724300975610369e-01
5.561600000000446016e+03 7.186510747087537787e-01
5.562400000000446198e+03 7.853878960123474862e-01
5.563200000000446380e+03 7.047730078140784782e-01
5.564000000000446562e+03 6.250619229554892353e-01
5.564800000000446744e+03 6.162889699510808450e-01
5.565600000000446926e+03 7.981601209476150149e-01
5.566400000000447108e+03 1.111650286195888793e+00
5.567200000000447289e+03 1.164261365739622578e+00
5.568000000000447471e+03 8.696094520349825219e-01
5.568800000000447653e+03 6.327880419843545656e-01
5.569600000000447835e+03 3.754499062519683905e-01
5.570400000000448017e+03 1.800087239881865142e-01
5.571200000000448199e+03 3.717483252280856520e-01
5.572000000000448381e+03 4.538716410514168631e-01
5.572800000000448563e+03 3.257965401765736679e-01
5.573600000000448745e+03 2.777032494669131601e-01
5.574400000000448927e+03 3.324109190625987864e-01
5.575200000000449108e+03 5.037070153125720040e-01
5.576000000000449290e+03 7.116384360416843080e-01
5.576800000000449472e+03 8.035870246564444930e-01
5.577600000000449654e+03 1.043175468394507810e+00
5.578400000000449836e+03 1.153076076073876077e+00
5.579200000000450018e+03 1.922919004583667490e-01
5.580000000000450200e+03 -1.085338268033341436e+00
5.580800000000450382e+03 -5.970058266174476103e-01
5.581600000000450564e+03 3.972128846636816535e-01
5.582400000000450746e+03 6.561831945471482408e-01
5.583200000000450927e+03 5.548443022959808069e-01
5.584000000000451109e+03 7.458862500334733081e-01
5.584800000000451291e+03 1.111957134196235319e+00
5.585600000000451473e+03 9.052671182678843076e-01
5.586400000000451655e+03 4.684295671472941680e-01
5.587200000000451837e+03 3.026005992894690300e-01
5.588000000000452019e+03 3.244415940502038409e-01
5.588800000000452201e+03 3.062774806104819891e-01
5.589600000000452383e+03 4.085403277503701913e-01
5.590400000000452565e+03 5.361644479681491049e-01
5.591200000000452746e+03 5.329875955908776053e-01
5.592000000000452928e+03 5.663990264387147588e-01
5.592800000000453110e+03 4.394625088403967816e-01
5.593600000000453292e+03 2.359369495644824677e-01
5.594400000000453474e+03 3.360361956552440077e-01
5.595200000000453656e+03 5.822473708985038687e-01
5.596000000000453838e+03 5.316867062616157380e-01
5.596800000000454020e+03 3.757598500029178390e-01
5.597600000000454202e+03 3.172643340762131836e-01
5.598400000000454384e+03 2.070547761250811636e-01
5.599200000000454565e+03 3.752390918751510318e-01
5.600000000000454747e+03 6.028893373463011240e-01
5.600800000000454929e+03 4.881061798339895175e-01
5.601600000000455111e+03 3.749388249263605477e-01
5.602400000000455293e+03 4.732376993811525656e-01
5.603200000000455475e+03 5.326969377283602425e-01
5.604000000000455657e+03 3.106160617439051586e-01
5.604800000000455839e+03 1.736228751318137364e-01
5.605600000000456021e+03 2.964978977569953655e-01
5.606400000000456203e+03 2.320989094561352051e-01
5.607200000000456384e+03 1.723579622624084595e-01
5.608000000000456566e+03 4.594061303166123156e-01
5.608800000000456748e+03 7.070076214214888743e-01
5.609600000000456930e+03 7.783026823077799916e-01
5.610400000000457112e+03 8.328905025464906631e-01
5.611200000000457294e+03 7.972048277019418983e-01
5.612000000000457476e+03 7.356921466824776212e-01
5.612800000000457658e+03 7.103700281215648005e-01
5.613600000000457840e+03 5.333999688896943203e-01
5.614400000000458022e+03 1.438246643715533901e-01
5.615200000000458203e+03 -1.740591883129639916e-02
5.616000000000458385e+03 2.587454467468975339e-01
5.616800000000458567e+03 5.659801648583441258e-01
5.617600000000458749e+03 7.716426780617664516e-01
5.618400000000458931e+03 9.886245212369441093e-01
5.619200000000459113e+03 9.621621754601756837e-01
5.620000000000459295e+03 5.780035786757898864e-01
5.620800000000459477e+03 2.550726356930111960e-01
5.621600000000459659e+03 2.435433005739276180e-01
5.622400000000459841e+03 4.599808423713852568e-01
5.623200000000460022e+03 6.188597110210760643e-01
5.624000000000460204e+03 6.273552556866356378e-01
5.624800000000460386e+03 6.221362444046633078e-01
5.625600000000460568e+03 4.479571872850378056e-01
5.626400000000460750e+03 2.983172050106064899e-01
5.627200000000460932e+03 3.918430864618518972e-01
5.628000000000461114e+03 4.893661155404608887e-01
5.628800000000461296e+03 5.125628671373640977e-01
5.629600000000461478e+03 5.401646992831800054e-01
5.630400000000461660e+03 5.998100460232549391e-01
5.631200000000461841e+03 7.667071571000196872e-01
5.632000000000462023e+03 8.137470649887224017e-01
5.632800000000462205e+03 6.864350640204746057e-01
5.633600000000462387e+03 4.347803004913597391e-01
5.634400000000462569e+03 2.508681651164217374e-01
5.635200000000462751e+03 3.248603469190176618e-01
5.636000000000462933e+03 4.831425965492360808e-01
5.636800000000463115e+03 6.231765532036209754e-01
5.637600000000463297e+03 7.374828973845444224e-01
5.638400000000463479e+03 7.885443575198849420e-01
5.639200000000463660e+03 7.970419354948967694e-01
5.640000000000463842e+03 7.410928268978844713e-01
5.640800000000464024e+03 6.783980985048747581e-01
5.641600000000464206e+03 6.185085573873286835e-01
5.642400000000464388e+03 5.402785287893658861e-01
5.643200000000464570e+03 5.459512957386397636e-01
5.644000000000464752e+03 5.838079379145914016e-01
5.644800000000464934e+03 6.279339210422929529e-01
5.645600000000465116e+03 6.291123482117838561e-01
5.646400000000465297e+03 3.328083197634916224e-01
5.647200000000465479e+03 2.075427240537274787e-01
5.648000000000465661e+03 4.069404066384691987e-01
5.648800000000465843e+03 6.325371339117105141e-01
5.649600000000466025e+03 6.787821716019970530e-01
5.650400000000466207e+03 2.763059209126689786e-01
5.651200000000466389e+03 7.452257814056606477e-02
5.652000000000466571e+03 3.221341644796364423e-01
5.652800000000466753e+03 6.222621255424594100e-01
5.653600000000466935e+03 8.167101009988202431e-01
5.654400000000467116e+03 8.737119945445347424e-01
5.655200000000467298e+03 7.749740410093800547e-01
5.656000000000467480e+03 5.634741312939077762e-01
5.656800000000467662e+03 4.756114080267391797e-01
5.657600000000467844e+03 4.195595451189915726e-01
5.658400000000468026e+03 2.897176498667329847e-01
5.659200000000468208e+03 2.283873504464346005e-01
5.660000000000468390e+03 1.829096245806477450e-01
5.660800000000468572e+03 2.367988178079765971e-01
5.661600000000468754e+03 4.288405506332184092e-01
5.662400000000468935e+03 6.117425351151473123e-01
5.663200000000469117e+03 7.704255047370797138e-01
5.664000000000469299e+03 8.286977984318839585e-01
5.664800000000469481e+03 7.278767320323502599e-01
5.665600000000469663e+03 6.681523091292727035e-01
5.666400000000469845e+03 8.827920131371025381e-01
5.667200000000470027e+03 9.973617422290796952e-01
5.668000000000470209e+03 8.870765598945051789e-01
5.668800000000470391e+03 8.905668228062788572e-01
5.669600000000470573e+03 9.819932824935444504e-01
5.670400000000470754e+03 1.056860739694409190e+00
5.671200000000470936e+03 1.073540655436331370e+00
5.672000000000471118e+03 9.044397673379365177e-01
5.672800000000471300e+03 6.440528096867135233e-01
5.673600000000471482e+03 6.875260651969299364e-01
5.674400000000471664e+03 8.367785266839669056e-01
5.675200000000471846e+03 7.124730953513870313e-01
5.676000000000472028e+03 4.773881290387771981e-01
5.676800000000472210e+03 4.652651535681539552e-01
5.677600000000472392e+03 3.851865901700359807e-01
5.678400000000472573e+03 1.845820895488926028e-01
5.679200000000472755e+03 2.294444031418465257e-01
5.680000000000472937e+03 4.891447529603342725e-01
5.680800000000473119e+03 4.829803979700783012e-01
5.681600000000473301e+03 2.449784320875947607e-01
5.682400000000473483e+03 2.466859480677431882e-01
5.683200000000473665e+03 3.737171348684846239e-01
5.684000000000473847e+03 3.894013691726274651e-01
5.684800000000474029e+03 3.147106389815479410e-01
5.685600000000474211e+03 2.573625074017463765e-01
5.686400000000474392e+03 3.709634265807580933e-01
5.687200000000474574e+03 4.216338226480117468e-01
5.688000000000474756e+03 4.656615442169279584e-01
5.688800000000474938e+03 6.710447931695043833e-01
5.689600000000475120e+03 6.704469130425282364e-01
5.690400000000475302e+03 5.814897696137453220e-01
5.691200000000475484e+03 4.848856417520365225e-01
5.692000000000475666e+03 2.328672823249469670e-01
5.692800000000475848e+03 -1.840826959360490345e-01
5.693600000000476030e+03 -1.102413496145529387e-01
5.694400000000476211e+03 4.000074593116803578e-01
5.695200000000476393e+03 6.658873067740072038e-01
5.696000000000476575e+03 6.750689765341324478e-01
5.696800000000476757e+03 4.939388148831942993e-01
5.697600000000476939e+03 5.240411405642614318e-02
5.698400000000477121e+03 -7.381264236332800432e-02
5.699200000000477303e+03 2.025522853582921723e-01
5.700000000000477485e+03 4.023418611513481791e-01
5.700800000000477667e+03 4.375056522338411913e-01
5.701600000000477849e+03 4.085204799234259943e-01
5.702400000000478030e+03 3.846009868756549155e-01
5.703200000000478212e+03 2.808683573389221255e-01
5.704000000000478394e+03 9.774256480903396882e-02
5.704800000000478576e+03 7.414874425430605098e-02
5.705600000000478758e+03 1.398076076263821965e-01
5.706400000000478940e+03 2.650567117749559332e-01
5.707200000000479122e+03 3.755191415066826410e-01
5.708000000000479304e+03 4.035208264729934213e-01
5.708800000000479486e+03 4.535490022510209607e-01
5.709600000000479668e+03 4.712085387704777473e-01
5.710400000000479849e+03 3.472104179984401018e-01
5.711200000000480031e+03 1.116855449797368449e-01
5.712000000000480213e+03 -2.643066724528014833e-02
5.712800000000480395e+03 2.442372572369228834e-01
5.713600000000480577e+03 5.440063285492535705e-01
5.714400000000480759e+03 5.061159801929693280e-01
5.715200000000480941e+03 3.282766565603822406e-01
5.716000000000481123e+03 2.950700707043064641e-01
5.716800000000481305e+03 2.607393177945045992e-01
5.717600000000481486e+03 3.153179508711396739e-01
5.718400000000481668e+03 4.809576767840342826e-01
5.719200000000481850e+03 4.810216073383973279e-01
5.720000000000482032e+03 4.980824324241502898e-01
5.720800000000482214e+03 5.350569250307377622e-01
5.721600000000482396e+03 4.215986194002012688e-01
5.722400000000482578e+03 2.588580116651340024e-01
5.723200000000482760e+03 1.863828243034393317e-01
5.724000000000482942e+03 -1.760086396335167613e-01
5.724800000000483124e+03 -4.923493062548114363e-01
5.725600000000483305e+03 -1.078399679703531400e-01
5.726400000000483487e+03 2.422397949008492368e-01
5.727200000000483669e+03 1.633816328031457155e-01
5.728000000000483851e+03 2.752837746495787608e-01
5.728800000000484033e+03 6.407840261792321357e-01
5.729600000000484215e+03 7.414985776474419810e-01
5.730400000000484397e+03 6.312301061782820133e-01
5.731200000000484579e+03 5.281807533629798712e-01
5.732000000000484761e+03 5.889076120096937705e-01
5.732800000000484943e+03 6.990390747616443967e-01
5.733600000000485124e+03 6.844348087107130496e-01
5.734400000000485306e+03 5.485991425835947677e-01
5.735200000000485488e+03 3.178458002876712873e-01
5.736000000000485670e+03 4.038937374248023904e-01
5.736800000000485852e+03 7.637196149623128871e-01
5.737600000000486034e+03 9.337973647907076291e-01
5.738400000000486216e+03 9.611620987412000661e-01
5.739200000000486398e+03 7.207831807290543402e-01
5.740000000000486580e+03 3.798474007372885097e-01
5.740800000000486762e+03 3.394345869603035415e-01
5.741600000000486943e+03 3.968055176025386821e-01
5.742400000000487125e+03 4.090782812232620635e-01
5.743200000000487307e+03 5.557650929440348664e-01
5.744000000000487489e+03 6.881884333434101775e-01
5.744800000000487671e+03 5.703881684145327702e-01
5.745600000000487853e+03 3.551127101892747051e-01
5.746400000000488035e+03 2.599362943106430235e-01
5.747200000000488217e+03 3.511092418455522557e-01
5.748000000000488399e+03 7.454576620612594073e-01
5.748800000000488581e+03 1.252032204059599696e+00
5.749600000000488762e+03 1.411776170299652300e+00
5.750400000000488944e+03 1.302977840266000609e+00
5.751200000000489126e+03 1.115764345318813744e+00
5.752000000000489308e+03 7.496460225854488790e-01
5.752800000000489490e+03 1.766648161652726312e-01
5.753600000000489672e+03 -1.212397653191670810e-01
5.754400000000489854e+03 1.529296197410584535e-02
5.755200000000490036e+03 3.858158596552790920e-01
5.756000000000490218e+03 5.359231518956106832e-01
5.756800000000490400e+03 4.068915907614026328e-01
5.757600000000490581e+03 4.435991811317706590e-01
5.758400000000490763e+03 5.104881268536947125e-01
5.759200000000490945e+03 4.745937797540029646e-01
5.760000000000491127e+03 5.277135579129719201e-01
5.760800000000491309e+03 3.923030990491792602e-01
5.761600000000491491e+03 -2.063026434010775678e-02
5.762400000000491673e+03 -2.092623627587172908e-01
5.763200000000491855e+03 -2.025878656639759634e-02
5.764000000000492037e+03 3.048640729706935115e-01
5.764800000000492219e+03 4.513971214316769842e-01
5.765600000000492400e+03 5.509927149061710772e-01
5.766400000000492582e+03 6.836839954927227403e-01
5.767200000000492764e+03 7.811432807039373483e-01
5.768000000000492946e+03 6.720921640033464817e-01
5.768800000000493128e+03 2.648786445188865968e-01
5.769600000000493310e+03 -1.867575491066646165e-02
5.770400000000493492e+03 1.339377077668770510e-01
5.771200000000493674e+03 4.813391119920655825e-01
5.772000000000493856e+03 6.536597122749880917e-01
5.772800000000494038e+03 5.677917071891623868e-01
5.773600000000494219e+03 5.062323123523048141e-01
5.774400000000494401e+03 5.422379828535536239e-01
5.775200000000494583e+03 7.482398297913132046e-01
5.776000000000494765e+03 8.992488937597212795e-01
5.776800000000494947e+03 8.479536172477203371e-01
5.777600000000495129e+03 6.090588128700216153e-01
5.778400000000495311e+03 4.992511208807399736e-01
5.779200000000495493e+03 4.689413572082509196e-01
5.780000000000495675e+03 3.485450978214266748e-01
5.780800000000495857e+03 4.526692988465012557e-01
5.781600000000496038e+03 8.564680712245089644e-01
5.782400000000496220e+03 1.121505962964246983e+00
5.783200000000496402e+03 1.051807342937799428e+00
5.784000000000496584e+03 8.783759772260466558e-01
5.784800000000496766e+03 8.381754416948705710e-01
5.785600000000496948e+03 9.363814289954810466e-01
5.786400000000497130e+03 7.338744330773083746e-01
5.787200000000497312e+03 2.212446054794690309e-01
5.788000000000497494e+03 -4.157879063839770017e-02
5.788800000000497676e+03 3.523145215746786851e-01
5.789600000000497857e+03 9.566973425190943292e-01
5.790400000000498039e+03 1.327673900155011522e+00
5.791200000000498221e+03 1.231907485585292505e+00
5.792000000000498403e+03 9.639616148471079615e-01
5.792800000000498585e+03 8.848341934395336228e-01
5.793600000000498767e+03 8.593284573693118489e-01
5.794400000000498949e+03 7.175367096026290525e-01
5.795200000000499131e+03 5.994812599920036345e-01
5.796000000000499313e+03 4.095600566962647182e-01
5.796800000000499494e+03 3.853779725270376488e-01
5.797600000000499676e+03 4.266504133564897883e-01
5.798400000000499858e+03 2.014332988228481613e-01
5.799200000000500040e+03 2.378266438206220190e-01
5.800000000000500222e+03 9.850126549489683914e-01
5.800800000000009277e+03 2.009024152389216500e+00
5.801600000000009459e+03 2.092707354695594102e+00
5.802400000000009641e+03 9.710007347425875235e-01
5.803200000000009823e+03 -1.509027883078724042e-01
5.804000000000010004e+03 -6.993134918606385142e-01
5.804800000000010186e+03 -1.106912703961460576e+00
5.805600000000010368e+03 -1.761944195671018676e+00
5.806400000000010550e+03 -1.080387914623371026e+00
5.807200000000010732e+03 -4.306771090103161947e-02
5.808000000000010914e+03 -7.500460736648062454e-03
5.808800000000011096e+03 -2.737551797349702110e-01
5.809600000000011278e+03 -6.458099876863413469e-01
5.810400000000011460e+03 -6.660763956656664542e-01
5.811200000000011642e+03 -1.161705988058265859e-01
5.812000000000011823e+03 4.733429836273078117e-01
5.812800000000012005e+03 8.797760024259679845e-01
5.813600000000012187e+03 5.589196693272001637e-01
5.814400000000012369e+03 2.478903695796065842e-01
5.815200000000012551e+03 6.406247286684016995e-01
5.816000000000012733e+03 1.049610843798332027e+00
5.816800000000012915e+03 1.075384877174900611e+00
5.817600000000013097e+03 8.993852616120255883e-01
5.818400000000013279e+03 5.031727172056374986e-01
5.819200000000013461e+03 5.302606571042811634e-01
5.820000000000013642e+03 9.691994158991638075e-01
5.820800000000013824e+03 6.677947319146406713e-01
5.821600000000014006e+03 -3.625436900901824466e-01
5.822400000000014188e+03 -6.304863281655032070e-01
5.823200000000014370e+03 4.742056451736926803e-01
5.824000000000014552e+03 7.939898109010217198e-01
5.824800000000014734e+03 2.384828050077065220e-01
5.825600000000014916e+03 1.719643121476517322e-01
5.826400000000015098e+03 8.346940896603507465e-01
5.827200000000015280e+03 1.554858621307137145e+00
5.828000000000015461e+03 1.966472395298118681e+00
5.828800000000015643e+03 1.784321669185453985e+00
5.829600000000015825e+03 1.138121759452391579e+00
5.830400000000016007e+03 6.312322107048263797e-01
5.831200000000016189e+03 6.140984504206612460e-01
5.832000000000016371e+03 1.264307960471775516e+00
5.832800000000016553e+03 1.672402235513615221e+00
5.833600000000016735e+03 1.511480319857146704e+00
5.834400000000016917e+03 1.157393273452840043e+00
5.835200000000017099e+03 7.913746392439416910e-01
5.836000000000017280e+03 8.805383716913124381e-01
5.836800000000017462e+03 1.074891111813106592e+00
5.837600000000017644e+03 1.207348869332616426e+00
5.838400000000017826e+03 1.185552806239702273e+00
5.839200000000018008e+03 1.372155960013152765e+00
5.840000000000018190e+03 1.607625068016398817e+00
5.840800000000018372e+03 1.577541446903957922e+00
5.841600000000018554e+03 1.422485771571157187e+00
5.842400000000018736e+03 9.931060884725382287e-01
5.843200000000018917e+03 4.304334136620783235e-01
5.844000000000019099e+03 1.546294240412464660e-01
5.844800000000019281e+03 2.706203277861976564e-01
5.845600000000019463e+03 4.935493319018009473e-01
5.846400000000019645e+03 5.894165960999792064e-01
5.847200000000019827e+03 4.537565272919479309e-01
5.848000000000020009e+03 1.980832557634268076e-01
5.848800000000020191e+03 3.294841866466477476e-02
5.849600000000020373e+03 1.182725438804363705e-01
5.850400000000020555e+03 3.262608477956310260e-01
5.851200000000020736e+03 6.638475970717346852e-01
5.852000000000020918e+03 9.670972495558667337e-01
5.852800000000021100e+03 9.078986279432743611e-01
5.853600000000021282e+03 6.381913869527147121e-01
5.854400000000021464e+03 6.180428952355738748e-01
5.855200000000021646e+03 7.022427221258062957e-01
5.856000000000021828e+03 7.236678937057012817e-01
5.856800000000022010e+03 8.128329415002866210e-01
5.857600000000022192e+03 6.674655085424668899e-01
5.858400000000022374e+03 4.342537094748099014e-01
5.859200000000022555e+03 5.006785525269342729e-01
5.860000000000022737e+03 6.362305345638530341e-01
5.860800000000022919e+03 6.684109023068971478e-01
5.861600000000023101e+03 6.586106058664222829e-01
5.862400000000023283e+03 7.922582965952984502e-01
5.863200000000023465e+03 8.682029052679289816e-01
5.864000000000023647e+03 7.227099665082972191e-01
5.864800000000023829e+03 4.404630399896903858e-01
5.865600000000024011e+03 2.887378530035017432e-01
5.866400000000024193e+03 2.881324956900211953e-01
5.867200000000024374e+03 3.691343330378565879e-01
5.868000000000024556e+03 4.124119290916523628e-01
5.868800000000024738e+03 3.427695324018143475e-01
5.869600000000024920e+03 3.484039385407511347e-01
5.870400000000025102e+03 5.429251836610996529e-01
5.871200000000025284e+03 5.829241912017213423e-01
5.872000000000025466e+03 5.717945700320556934e-01
5.872800000000025648e+03 6.926882438452389712e-01
5.873600000000025830e+03 8.598629723799904312e-01
5.874400000000026012e+03 8.767607723914363493e-01
5.875200000000026193e+03 5.402673611469926973e-01
5.876000000000026375e+03 -4.447489970052832808e-02
5.876800000000026557e+03 -1.504111511043848548e-01
5.877600000000026739e+03 1.792051613643436403e-01
5.878400000000026921e+03 1.627601396562933234e-01
5.879200000000027103e+03 4.437413226817778222e-02
5.880000000000027285e+03 4.023402363763842193e-01
5.880800000000027467e+03 8.153016434589279715e-01
5.881600000000027649e+03 7.835959726723638052e-01
5.882400000000027831e+03 6.510493128787959716e-01
5.883200000000028012e+03 4.613784216733466392e-01
5.884000000000028194e+03 2.868802182167061732e-01
5.884800000000028376e+03 4.829511655749633148e-01
5.885600000000028558e+03 1.192265863532180559e+00
5.886400000000028740e+03 1.598774482545205267e+00
5.887200000000028922e+03 1.422398686110035726e+00
5.888000000000029104e+03 1.026887693027020765e+00
5.888800000000029286e+03 8.616300685879932919e-01
5.889600000000029468e+03 8.314149118800070459e-01
5.890400000000029650e+03 7.393765941837444622e-01
5.891200000000029831e+03 7.373928154146679459e-01
5.892000000000030013e+03 7.455733110977166289e-01
5.892800000000030195e+03 6.305373186223838244e-01
5.893600000000030377e+03 4.374101256468277965e-01
5.894400000000030559e+03 5.113247558910936075e-01
5.895200000000030741e+03 6.275447312387548715e-01
5.896000000000030923e+03 4.740497353613680187e-01
5.896800000000031105e+03 7.566722029833639063e-02
5.897600000000031287e+03 -3.579285641629332826e-01
5.898400000000031469e+03 -1.732854029042596167e-01
5.899200000000031650e+03 3.454655926818079870e-01
5.900000000000031832e+03 6.347384475478370369e-01
5.900800000000032014e+03 7.721507939144005572e-01
5.901600000000032196e+03 7.019862810242690765e-01
5.902400000000032378e+03 7.097547022278811735e-01
5.903200000000032560e+03 7.676574653468648535e-01
5.904000000000032742e+03 5.073079972106078195e-01
5.904800000000032924e+03 2.875411942273601307e-01
5.905600000000033106e+03 4.327781181833815216e-01
5.906400000000033288e+03 6.756492082234475394e-01
5.907200000000033469e+03 6.797835490510235612e-01
5.908000000000033651e+03 4.410320973122207611e-01
5.908800000000033833e+03 2.569379599134871683e-01
5.909600000000034015e+03 3.036327442694969347e-01
5.910400000000034197e+03 4.599430279700594260e-01
5.911200000000034379e+03 3.674327554758312075e-01
5.912000000000034561e+03 2.796835624536523346e-01
5.912800000000034743e+03 3.940965290031499535e-01
5.913600000000034925e+03 4.429263622856363658e-01
5.914400000000035106e+03 3.566292071527258911e-01
5.915200000000035288e+03 3.355513360419664082e-01
5.916000000000035470e+03 4.660528684730709248e-01
5.916800000000035652e+03 4.952819526101066572e-01
5.917600000000035834e+03 4.955429428399845682e-01
5.918400000000036016e+03 6.325793423549995742e-01
5.919200000000036198e+03 7.214849238736609216e-01
5.920000000000036380e+03 7.722131934110447737e-01
5.920800000000036562e+03 7.435728808947351665e-01
5.921600000000036744e+03 6.180786300654098619e-01
5.922400000000036925e+03 8.190809380255403838e-01
5.923200000000037107e+03 1.206795546271780761e+00
5.924000000000037289e+03 1.174839373517025054e+00
5.924800000000037471e+03 7.800479071269172948e-01
5.925600000000037653e+03 5.604674098260106208e-01
5.926400000000037835e+03 6.136599366880132189e-01
5.927200000000038017e+03 5.420633411369972787e-01
5.928000000000038199e+03 4.366702742868170950e-01
5.928800000000038381e+03 4.960709676057724615e-01
5.929600000000038563e+03 6.363203424144350251e-01
5.930400000000038744e+03 8.596941362736764125e-01
5.931200000000038926e+03 8.511706445319335845e-01
5.932000000000039108e+03 6.046548823697690533e-01
5.932800000000039290e+03 6.767602565620720600e-01
5.933600000000039472e+03 1.010937415893001345e+00
5.934400000000039654e+03 1.070094969320919409e+00
5.935200000000039836e+03 1.013065216311496597e+00
5.936000000000040018e+03 9.418464713874005190e-01
5.936800000000040200e+03 6.770171616671172288e-01
5.937600000000040382e+03 4.404853671814459304e-01
5.938400000000040563e+03 5.387039480577989758e-01
5.939200000000040745e+03 7.079161150677822922e-01
5.940000000000040927e+03 7.542159412179538780e-01
5.940800000000041109e+03 6.680680852822000748e-01
5.941600000000041291e+03 5.478440238123142292e-01
5.942400000000041473e+03 4.258200243783787364e-01
5.943200000000041655e+03 5.506408612623915344e-01
5.944000000000041837e+03 7.605643220967841511e-01
5.944800000000042019e+03 8.108868487196810859e-01
5.945600000000042201e+03 7.742292948218357784e-01
5.946400000000042382e+03 7.137913093974496137e-01
5.947200000000042564e+03 6.710871780729309455e-01
5.948000000000042746e+03 7.968456201576626929e-01
5.948800000000042928e+03 7.139163104687412664e-01
5.949600000000043110e+03 6.323229413130975196e-01
5.950400000000043292e+03 8.128902730879877803e-01
5.951200000000043474e+03 7.676297066888158049e-01
5.952000000000043656e+03 5.715348508046275144e-01
5.952800000000043838e+03 5.873471204595721584e-01
5.953600000000044020e+03 7.867690732762504524e-01
5.954400000000044201e+03 1.033257063318042235e+00
5.955200000000044383e+03 1.043667114700757015e+00
5.956000000000044565e+03 8.338245443695632142e-01
5.956800000000044747e+03 5.751656475191370133e-01
5.957600000000044929e+03 4.743492700568221476e-01
5.958400000000045111e+03 5.741397020252578809e-01
5.959200000000045293e+03 5.880516567698640396e-01
5.960000000000045475e+03 3.604455117406703546e-01
5.960800000000045657e+03 1.764723662818907801e-01
5.961600000000045839e+03 1.233607626081162784e-01
5.962400000000046020e+03 9.883750253445126865e-02
5.963200000000046202e+03 2.503125778171573224e-01
5.964000000000046384e+03 5.816547766008705045e-01
5.964800000000046566e+03 7.366877245364855664e-01
5.965600000000046748e+03 4.781748383644183198e-01
5.966400000000046930e+03 1.432968989024601403e-01
5.967200000000047112e+03 2.348434343403004443e-01
5.968000000000047294e+03 5.826760402207223910e-01
5.968800000000047476e+03 7.767156624755627847e-01
5.969600000000047658e+03 5.823531942486982471e-01
5.970400000000047839e+03 3.706524135246931362e-01
5.971200000000048021e+03 3.764120415427515409e-01
5.972000000000048203e+03 4.860112648576292438e-01
5.972800000000048385e+03 5.567113920585883280e-01
5.973600000000048567e+03 8.230282343571038162e-01
5.974400000000048749e+03 1.095926323147209169e+00
5.975200000000048931e+03 1.137739950487989038e+00
5.976000000000049113e+03 1.107964291695785253e+00
5.976800000000049295e+03 1.016146876842445756e+00
5.977600000000049477e+03 1.054910846741716757e+00
5.978400000000049658e+03 9.993415810762079632e-01
5.979200000000049840e+03 7.108601382919456091e-01
5.980000000000050022e+03 3.574887222747971660e-01
5.980800000000050204e+03 2.929055207400103056e-01
5.981600000000050386e+03 3.700909904918046056e-01
5.982400000000050568e+03 3.257934381755164255e-01
5.983200000000050750e+03 1.747186522057830871e-01
5.984000000000050932e+03 1.565083179280148673e-01
5.984800000000051114e+03 3.165927870433864477e-01
5.985600000000051296e+03 5.953014717397588917e-01
5.986400000000051477e+03 7.839926701005017762e-01
5.987200000000051659e+03 5.565645620640958802e-01
5.988000000000051841e+03 4.307762153392091786e-01
5.988800000000052023e+03 8.166586052750978153e-01
5.989600000000052205e+03 1.104907071830545373e+00
5.990400000000052387e+03 1.109408664289583069e+00
5.991200000000052569e+03 9.698330900523381981e-01
5.992000000000052751e+03 6.284524951788721392e-01
5.992800000000052933e+03 4.225113108485183400e-01
5.993600000000053114e+03 6.337318489162195867e-01
5.994400000000053296e+03 9.588216600099053188e-01
5.995200000000053478e+03 8.818356257214552407e-01
5.996000000000053660e+03 4.936703964738472505e-01
5.996800000000053842e+03 3.064462173437737524e-01
5.997600000000054024e+03 2.970182081832967169e-01
5.998400000000054206e+03 2.981894471837243654e-01
5.999200000000054388e+03 4.079482761448651185e-01
6.000000000000054570e+03 7.313018212499355908e-01
6.000800000000054752e+03 1.049171217003515233e+00
6.001600000000054933e+03 8.789302678241610600e-01
6.002400000000055115e+03 3.988381635333916875e-01
6.003200000000055297e+03 2.866182701847210801e-01
6.004000000000055479e+03 4.944532343373614358e-01
6.004800000000055661e+03 6.140942036986070107e-01
6.005600000000055843e+03 5.899879610561733490e-01
6.006400000000056025e+03 5.285553872581624235e-01
6.007200000000056207e+03 6.209868771384217112e-01
6.008000000000056389e+03 9.156063092311875762e-01
6.008800000000056571e+03 9.888504188442179821e-01
6.009600000000056752e+03 6.061458269838528867e-01
6.010400000000056934e+03 3.402724753185587536e-01
6.011200000000057116e+03 5.078382512588910380e-01
6.012000000000057298e+03 7.048993201005502307e-01
6.012800000000057480e+03 7.289990966435972997e-01
6.013600000000057662e+03 5.568230707383846623e-01
6.014400000000057844e+03 3.665516901399964445e-01
6.015200000000058026e+03 4.610388955088764451e-01
6.016000000000058208e+03 7.239986106293336832e-01
6.016800000000058390e+03 9.257346315300616357e-01
6.017600000000058571e+03 9.535463751169709345e-01
6.018400000000058753e+03 9.272889736453944209e-01
6.019200000000058935e+03 9.923179541976356877e-01
6.020000000000059117e+03 1.069616058801141190e+00
6.020800000000059299e+03 8.801909786455162088e-01
6.021600000000059481e+03 6.458243318651876175e-01
6.022400000000059663e+03 3.605665678499416771e-01
6.023200000000059845e+03 2.706621465074056099e-01
6.024000000000060027e+03 5.555343585886833857e-01
6.024800000000060209e+03 9.165835222077448607e-01
6.025600000000060390e+03 1.050812587599632586e+00
6.026400000000060572e+03 9.308758288501826073e-01
6.027200000000060754e+03 8.464225390486335154e-01
6.028000000000060936e+03 9.357417527682425629e-01
6.028800000000061118e+03 9.134325702310850392e-01
6.029600000000061300e+03 8.186515660657316396e-01
6.030400000000061482e+03 8.846729438425713354e-01
6.031200000000061664e+03 1.068500524198709778e+00
6.032000000000061846e+03 8.915480816575201972e-01
6.032800000000062028e+03 3.761041827248357561e-01
6.033600000000062209e+03 1.193961521625548916e-01
6.034400000000062391e+03 2.955029251205295027e-01
6.035200000000062573e+03 3.706423796532969939e-01
6.036000000000062755e+03 3.395289489818389961e-01
6.036800000000062937e+03 5.270520447922425467e-01
6.037600000000063119e+03 8.492871664586119085e-01
6.038400000000063301e+03 9.469527727938416017e-01
6.039200000000063483e+03 8.868572291766725346e-01
6.040000000000063665e+03 7.421972454902221461e-01
6.040800000000063847e+03 4.063181683939227629e-01
6.041600000000064028e+03 2.586636574705549751e-01
6.042400000000064210e+03 5.332880957137866584e-01
6.043200000000064392e+03 8.099070616322410210e-01
6.044000000000064574e+03 8.765669629715604483e-01
6.044800000000064756e+03 7.917311484821432099e-01
6.045600000000064938e+03 6.924608380394799978e-01
6.046400000000065120e+03 6.575520371421275101e-01
6.047200000000065302e+03 6.281146616855870501e-01
6.048000000000065484e+03 5.925144798023314063e-01
6.048800000000065666e+03 6.281743278716289680e-01
6.049600000000065847e+03 7.111545841390735090e-01
6.050400000000066029e+03 7.645696094773748452e-01
6.051200000000066211e+03 8.120146175820062151e-01
6.052000000000066393e+03 8.774143890316463690e-01
6.052800000000066575e+03 8.352663835867302211e-01
6.053600000000066757e+03 6.736863765155597372e-01
6.054400000000066939e+03 6.627486555370853960e-01
6.055200000000067121e+03 8.554534718900423940e-01
6.056000000000067303e+03 9.685199467227255665e-01
6.056800000000067485e+03 9.157183103963342230e-01
6.057600000000067666e+03 7.146745397501768071e-01
6.058400000000067848e+03 4.880058565281393257e-01
6.059200000000068030e+03 4.381966557087550451e-01
6.060000000000068212e+03 5.799405087852466112e-01
6.060800000000068394e+03 5.359157709944941672e-01
6.061600000000068576e+03 3.898578928010909550e-01
6.062400000000068758e+03 3.407799884528491252e-01
6.063200000000068940e+03 5.243073973483201033e-01
6.064000000000069122e+03 9.108393831813899055e-01
6.064800000000069303e+03 1.044013979312344631e+00
6.065600000000069485e+03 9.208862120943539509e-01
6.066400000000069667e+03 7.175277449166947985e-01
6.067200000000069849e+03 6.268949904114038407e-01
6.068000000000070031e+03 7.883610057701815332e-01
6.068800000000070213e+03 8.756016968157215308e-01
6.069600000000070395e+03 7.416640100611660014e-01
6.070400000000070577e+03 5.352753905605788232e-01
6.071200000000070759e+03 3.096462733162037018e-01
6.072000000000070941e+03 3.001548303882060065e-01
6.072800000000071122e+03 5.893071684738554472e-01
6.073600000000071304e+03 8.613653212702196971e-01
6.074400000000071486e+03 7.103349977942777782e-01
6.075200000000071668e+03 4.318438214648773199e-01
6.076000000000071850e+03 4.853023054701186556e-01
6.076800000000072032e+03 6.456435758980014761e-01
6.077600000000072214e+03 7.076107337778433370e-01
6.078400000000072396e+03 6.294104054168914164e-01
6.079200000000072578e+03 5.508500902504096519e-01
6.080000000000072760e+03 4.203061987536984012e-01
6.080800000000072941e+03 2.958131666617325184e-01
6.081600000000073123e+03 3.967410901867105544e-01
6.082400000000073305e+03 5.390368943538650370e-01
6.083200000000073487e+03 4.198088419256470472e-01
6.084000000000073669e+03 2.204638737318335151e-01
6.084800000000073851e+03 3.457768035278740437e-01
6.085600000000074033e+03 5.752675873483362734e-01
6.086400000000074215e+03 7.720914100449618456e-01
6.087200000000074397e+03 7.875879801165475147e-01
6.088000000000074579e+03 6.098190047733474950e-01
6.088800000000074760e+03 5.265569054204990440e-01
6.089600000000074942e+03 5.726566737881970681e-01
6.090400000000075124e+03 5.990255045325125760e-01
6.091200000000075306e+03 6.588065187335944151e-01
6.092000000000075488e+03 7.244465170113927321e-01
6.092800000000075670e+03 6.268085210713164601e-01
6.093600000000075852e+03 4.504773051726471689e-01
6.094400000000076034e+03 4.398002086707848424e-01
6.095200000000076216e+03 6.161727382337965908e-01
6.096000000000076398e+03 6.246914157547198698e-01
6.096800000000076579e+03 6.016597500746595495e-01
6.097600000000076761e+03 5.684372866688688353e-01
6.098400000000076943e+03 4.261702299847717201e-01
6.099200000000077125e+03 3.326254034237646207e-01
6.100000000000077307e+03 2.142251958960565972e-01
6.100800000000077489e+03 2.205305506974203078e-01
6.101600000000077671e+03 3.191189580229357170e-01
6.102400000000077853e+03 2.080653024938083073e-01
6.103200000000078035e+03 1.502985839169133087e-01
6.104000000000078217e+03 2.956773207389735703e-01
6.104800000000078398e+03 3.438890309126193534e-01
6.105600000000078580e+03 3.915038230701195499e-01
6.106400000000078762e+03 4.983166430386910539e-01
6.107200000000078944e+03 4.530926429227372654e-01
6.108000000000079126e+03 3.430525658714380643e-01
6.108800000000079308e+03 4.592427852366125496e-01
6.109600000000079490e+03 7.814047315256149595e-01
6.110400000000079672e+03 9.863639698274122569e-01
6.111200000000079854e+03 6.658219659825221903e-01
6.112000000000080036e+03 3.239304409507846039e-01
6.112800000000080217e+03 3.967538274570405754e-01
6.113600000000080399e+03 4.414067223274108498e-01
6.114400000000080581e+03 4.197981979463047408e-01
6.115200000000080763e+03 4.490223366017517814e-01
6.116000000000080945e+03 3.450610640371873927e-01
6.116800000000081127e+03 2.399803889423053060e-01
6.117600000000081309e+03 3.137187958291107748e-01
6.118400000000081491e+03 3.412374729628355752e-01
6.119200000000081673e+03 1.110568197648197780e-01
6.120000000000081855e+03 1.062265477901702948e-01
6.120800000000082036e+03 3.378352892709061694e-01
6.121600000000082218e+03 4.034484677502946370e-01
6.122400000000082400e+03 4.194423393557589197e-01
6.123200000000082582e+03 5.738587120209690529e-01
6.124000000000082764e+03 7.054333695604584342e-01
6.124800000000082946e+03 6.162673178600607260e-01
6.125600000000083128e+03 4.685531139878748030e-01
6.126400000000083310e+03 2.998916902158046405e-01
6.127200000000083492e+03 1.409948271912850049e-01
6.128000000000083674e+03 2.116133582809923419e-01
6.128800000000083855e+03 5.374916123085395903e-01
6.129600000000084037e+03 7.257749188486659619e-01
6.130400000000084219e+03 7.388951851119608394e-01
6.131200000000084401e+03 6.783350300418652390e-01
6.132000000000084583e+03 5.919774325888896849e-01
6.132800000000084765e+03 5.675861391758350027e-01
6.133600000000084947e+03 5.602779620214075607e-01
6.134400000000085129e+03 4.531960520180686181e-01
6.135200000000085311e+03 4.040554691501627160e-01
6.136000000000085493e+03 5.314944371106310461e-01
6.136800000000085674e+03 5.434609685913160959e-01
6.137600000000085856e+03 3.967501719148439632e-01
6.138400000000086038e+03 3.940337265282124468e-01
6.139200000000086220e+03 5.215412137397926751e-01
6.140000000000086402e+03 4.773816282376027731e-01
6.140800000000086584e+03 4.833575401176253283e-01
6.141600000000086766e+03 6.620690269171430886e-01
6.142400000000086948e+03 7.632052121780840137e-01
6.143200000000087130e+03 6.350276262618175238e-01
6.144000000000087311e+03 4.619040750342652268e-01
6.144800000000087493e+03 3.007677428340133075e-01
6.145600000000087675e+03 1.558217736178033053e-01
6.146400000000087857e+03 1.467232673453711667e-01
6.147200000000088039e+03 1.481608210945687398e-01
6.148000000000088221e+03 9.872728604459565793e-02
6.148800000000088403e+03 2.189080758161532636e-01
6.149600000000088585e+03 4.857415357577656856e-01
6.150400000000088767e+03 6.817500854938156607e-01
6.151200000000088949e+03 7.770876248132079223e-01
6.152000000000089130e+03 6.780558990138544351e-01
6.152800000000089312e+03 6.099986294225545613e-01
6.153600000000089494e+03 6.804802526201538804e-01
6.154400000000089676e+03 7.564682490511556168e-01
6.155200000000089858e+03 7.128531097759746027e-01
6.156000000000090040e+03 6.583809309574810698e-01
6.156800000000090222e+03 8.444870877862891145e-01
6.157600000000090404e+03 9.792208479138142518e-01
6.158400000000090586e+03 9.498657330795059472e-01
6.159200000000090768e+03 1.023697722699357326e+00
6.160000000000090949e+03 1.207973366748201993e+00
6.160800000000091131e+03 1.304492548275013819e+00
6.161600000000091313e+03 1.368009838249331089e+00
6.162400000000091495e+03 1.258139161720270405e+00
6.163200000000091677e+03 6.527033225211036349e-01
6.164000000000091859e+03 2.398765138139190845e-01
6.164800000000092041e+03 2.666813020602253337e-01
6.165600000000092223e+03 4.727395427072570988e-01
6.166400000000092405e+03 7.227792053751089796e-01
6.167200000000092587e+03 8.853585918869946170e-01
6.168000000000092768e+03 1.029671657306656662e+00
6.168800000000092950e+03 1.035151456043473583e+00
6.169600000000093132e+03 7.263023256525120708e-01
6.170400000000093314e+03 4.995743957958267423e-01
6.171200000000093496e+03 6.269867340101267228e-01
6.172000000000093678e+03 9.794471762143865945e-01
6.172800000000093860e+03 1.226675110415409220e+00
6.173600000000094042e+03 1.101820009161274649e+00
6.174400000000094224e+03 8.246777741811570639e-01
6.175200000000094406e+03 4.965616874176634887e-01
6.176000000000094587e+03 3.530611221226924723e-01
6.176800000000094769e+03 4.676355307706265840e-01
6.177600000000094951e+03 5.378979605768552386e-01
6.178400000000095133e+03 6.298003786594559283e-01
6.179200000000095315e+03 7.266603132151479016e-01
6.180000000000095497e+03 9.009485901409950426e-01
6.180800000000095679e+03 1.062673889981827768e+00
6.181600000000095861e+03 8.293365593670528613e-01
6.182400000000096043e+03 5.303803975223122524e-01
6.183200000000096225e+03 4.621050549257785800e-01
6.184000000000096406e+03 4.544674316809166892e-01
6.184800000000096588e+03 5.747743959885831533e-01
6.185600000000096770e+03 8.631517438459452851e-01
6.186400000000096952e+03 1.048175497202786133e+00
6.187200000000097134e+03 8.389937274237375675e-01
6.188000000000097316e+03 6.842950296093666118e-01
6.188800000000097498e+03 7.002105389444256422e-01
6.189600000000097680e+03 7.588140773063758449e-01
6.190400000000097862e+03 7.979332845585525025e-01
6.191200000000098044e+03 6.668952475799249102e-01
6.192000000000098225e+03 4.920869334591898570e-01
6.192800000000098407e+03 5.877808310269984071e-01
6.193600000000098589e+03 6.659453571946738482e-01
6.194400000000098771e+03 5.739423736814738275e-01
6.195200000000098953e+03 3.667873255112021891e-01
6.196000000000099135e+03 2.365358667744084653e-01
6.196800000000099317e+03 2.882293201495441659e-01
6.197600000000099499e+03 3.529436143538674520e-01
6.198400000000099681e+03 4.092745920420443051e-01
6.199200000000099863e+03 4.645963499935987229e-01
6.200000000000100044e+03 5.512187267948028824e-01
6.200800000000100226e+03 7.742965656915843375e-01
6.201600000000100408e+03 9.255128355198313228e-01
6.202400000000100590e+03 1.032509293611242107e+00
6.203200000000100772e+03 9.742376168262347758e-01
6.204000000000100954e+03 7.901031896591179660e-01
6.204800000000101136e+03 6.710948116109725081e-01
6.205600000000101318e+03 6.385323265539557536e-01
6.206400000000101500e+03 5.897463470697859034e-01
6.207200000000101682e+03 6.241666407920234416e-01
6.208000000000101863e+03 5.885328851790282423e-01
6.208800000000102045e+03 4.327704896776932708e-01
6.209600000000102227e+03 4.678748695262896495e-01
6.210400000000102409e+03 6.134863909370824597e-01
6.211200000000102591e+03 5.948761544683373037e-01
6.212000000000102773e+03 5.415780089017614429e-01
6.212800000000102955e+03 5.903902777091192267e-01
6.213600000000103137e+03 6.683358064490123596e-01
6.214400000000103319e+03 6.833293401644442433e-01
6.215200000000103500e+03 7.097419569329781464e-01
6.216000000000103682e+03 7.204480972144835516e-01
6.216800000000103864e+03 6.187671630987300331e-01
6.217600000000104046e+03 5.791418448243812467e-01
6.218400000000104228e+03 7.424719584213156365e-01
6.219200000000104410e+03 7.813924061056898296e-01
6.220000000000104592e+03 7.401871716894581343e-01
6.220800000000104774e+03 7.001592908988927277e-01
6.221600000000104956e+03 7.284392172814054822e-01
6.222400000000105138e+03 8.825957023447833505e-01
6.223200000000105319e+03 1.042322594832404414e+00
6.224000000000105501e+03 9.302923263417752775e-01
6.224800000000105683e+03 6.960895941656932706e-01
6.225600000000105865e+03 7.257088781328500104e-01
6.226400000000106047e+03 8.589140287465990564e-01
6.227200000000106229e+03 8.148246773400198428e-01
6.228000000000106411e+03 6.207364584712667943e-01
6.228800000000106593e+03 6.135998731581565613e-01
6.229600000000106775e+03 8.471115667893861501e-01
6.230400000000106957e+03 8.822181395705879225e-01
6.231200000000107138e+03 5.719410973867860015e-01
6.232000000000107320e+03 3.847623684389643861e-01
6.232800000000107502e+03 5.618741815261747430e-01
6.233600000000107684e+03 8.728825906706352278e-01
6.234400000000107866e+03 1.066020035313852699e+00
6.235200000000108048e+03 1.096050891065377453e+00
6.236000000000108230e+03 8.994977241780547361e-01
6.236800000000108412e+03 6.851409010730368232e-01
6.237600000000108594e+03 8.304931552114778182e-01
6.238400000000108776e+03 1.047648241742052955e+00
6.239200000000108957e+03 1.123496444910201397e+00
6.240000000000109139e+03 1.178393786650792530e+00
6.240800000000109321e+03 9.891950997044914873e-01
6.241600000000109503e+03 7.074331417108050690e-01
6.242400000000109685e+03 6.980250418221702891e-01
6.243200000000109867e+03 8.978035537653994425e-01
6.244000000000110049e+03 1.076275502011440954e+00
6.244800000000110231e+03 9.952778255016683229e-01
6.245600000000110413e+03 9.624617171039560048e-01
6.246400000000110595e+03 1.069065289637746829e+00
6.247200000000110776e+03 9.814495580528883600e-01
6.248000000000110958e+03 7.415273110971811743e-01
6.248800000000111140e+03 5.328172432224923538e-01
6.249600000000111322e+03 6.231994001764490365e-01
6.250400000000111504e+03 8.726780515228609314e-01
6.251200000000111686e+03 1.056706927828328535e+00
6.252000000000111868e+03 1.184179339376809192e+00
6.252800000000112050e+03 1.292897760444172484e+00
6.253600000000112232e+03 1.274315483355475287e+00
6.254400000000112414e+03 1.036430529372271980e+00
6.255200000000112595e+03 8.546785006260917417e-01
6.256000000000112777e+03 8.119681043210326132e-01
6.256800000000112959e+03 7.029697928291491760e-01
6.257600000000113141e+03 7.447631919434538617e-01
6.258400000000113323e+03 1.085430224954494705e+00
6.259200000000113505e+03 1.444181382161664251e+00
6.260000000000113687e+03 1.592917852507060417e+00
6.260800000000113869e+03 1.386894590827644436e+00
6.261600000000114051e+03 8.486249658649591687e-01
6.262400000000114233e+03 3.867515956835652635e-01
6.263200000000114414e+03 1.632733934450513735e-01
6.264000000000114596e+03 3.114803690920252555e-01
6.264800000000114778e+03 6.192510657739862534e-01
6.265600000000114960e+03 6.204690926200538970e-01
6.266400000000115142e+03 4.073070378879521392e-01
6.267200000000115324e+03 2.681135593989794064e-01
6.268000000000115506e+03 2.485794667749069153e-01
6.268800000000115688e+03 3.874689335805754364e-01
6.269600000000115870e+03 4.268949524851257671e-01
6.270400000000116052e+03 2.278464703417718840e-01
6.271200000000116233e+03 4.452926913305603474e-02
6.272000000000116415e+03 1.028120914142417741e-02
6.272800000000116597e+03 7.184944290428649238e-02
6.273600000000116779e+03 2.225723505185225534e-02
6.274400000000116961e+03 -4.386098907355527599e-02
6.275200000000117143e+03 1.829484951321599384e-01
6.276000000000117325e+03 5.765636463104151233e-01
6.276800000000117507e+03 6.570947565356179965e-01
6.277600000000117689e+03 4.705889709645061370e-01
6.278400000000117871e+03 1.908513764164024018e-01
6.279200000000118052e+03 3.349219630491492850e-02
6.280000000000118234e+03 1.683355638096785956e-01
6.280800000000118416e+03 3.176573001291451703e-01
6.281600000000118598e+03 3.470863178639195246e-01
6.282400000000118780e+03 4.450662050431447025e-01
6.283200000000118962e+03 5.281060853188979110e-01
6.284000000000119144e+03 3.429454381059761636e-01
6.284800000000119326e+03 2.669131157240600127e-01
6.285600000000119508e+03 4.806762921949643275e-01
6.286400000000119690e+03 4.576408511787479205e-01
6.287200000000119871e+03 5.095882293465807678e-01
6.288000000000120053e+03 8.313637117916929942e-01
6.288800000000120235e+03 1.129294026644991344e+00
6.289600000000120417e+03 1.201028934688804339e+00
6.290400000000120599e+03 8.957171672825774422e-01
6.291200000000120781e+03 4.292502808711419759e-01
6.292000000000120963e+03 3.282613233976508504e-01
6.292800000000121145e+03 5.602770560714891435e-01
6.293600000000121327e+03 7.628655166288681455e-01
6.294400000000121508e+03 7.080048094670238212e-01
6.295200000000121690e+03 5.137816706801636712e-01
6.296000000000121872e+03 3.887765135224480195e-01
6.296800000000122054e+03 4.398332453651736529e-01
6.297600000000122236e+03 5.905318895655362610e-01
6.298400000000122418e+03 8.052742551597944498e-01
6.299200000000122600e+03 9.272231573595207665e-01
6.300000000000122782e+03 1.016161888632712396e+00
6.300800000000122964e+03 1.221914253640056014e+00
6.301600000000123146e+03 9.323955216744534980e-01
6.302400000000123327e+03 2.425204651060900440e-01
6.303200000000123509e+03 4.217760808017907703e-02
6.304000000000123691e+03 2.822278324688758944e-01
6.304800000000123873e+03 5.408933920362499759e-01
6.305600000000124055e+03 6.173367547269656974e-01
6.306400000000124237e+03 5.915977446374786064e-01
6.307200000000124419e+03 6.459867157814032090e-01
6.308000000000124601e+03 7.658581776912452010e-01
6.308800000000124783e+03 9.348464423373641363e-01
6.309600000000124965e+03 1.055078238338936547e+00
6.310400000000125146e+03 9.707191565832222757e-01
6.311200000000125328e+03 7.589746298840078786e-01
6.312000000000125510e+03 6.667604003807936497e-01
6.312800000000125692e+03 7.559877633423898180e-01
6.313600000000125874e+03 8.002964172627888839e-01
6.314400000000126056e+03 7.358712028910399106e-01
6.315200000000126238e+03 7.048622565357395287e-01
6.316000000000126420e+03 6.538829021406407094e-01
6.316800000000126602e+03 6.768265534303062880e-01
6.317600000000126784e+03 6.532193802996990595e-01
6.318400000000126965e+03 6.969937604956828459e-01
6.319200000000127147e+03 8.319990573863429439e-01
6.320000000000127329e+03 8.335099435466595263e-01
6.320800000000127511e+03 6.363263646105906668e-01
6.321600000000127693e+03 4.039738439559434902e-01
6.322400000000127875e+03 2.483306618824394629e-01
6.323200000000128057e+03 2.911787410674996357e-01
6.324000000000128239e+03 5.190827214876676532e-01
6.324800000000128421e+03 5.830417377095340470e-01
6.325600000000128603e+03 6.082663700119830263e-01
6.326400000000128784e+03 7.997234410629996404e-01
6.327200000000128966e+03 8.637554255505659473e-01
6.328000000000129148e+03 8.073723778159860309e-01
6.328800000000129330e+03 7.786740388316677475e-01
6.329600000000129512e+03 8.198329350829824946e-01
6.330400000000129694e+03 9.850907305510732126e-01
6.331200000000129876e+03 1.016094674195335390e+00
6.332000000000130058e+03 6.862200610516921984e-01
6.332800000000130240e+03 2.413487525988142202e-01
6.333600000000130422e+03 2.941871668245124583e-01
6.334400000000130603e+03 6.277900968132534842e-01
6.335200000000130785e+03 6.941385903673591429e-01
6.336000000000130967e+03 4.496423171908471850e-01
6.336800000000131149e+03 2.203173053354657296e-01
6.337600000000131331e+03 2.986912373984284552e-01
6.338400000000131513e+03 5.410902505859734868e-01
6.339200000000131695e+03 7.916558208152163489e-01
6.340000000000131877e+03 8.647295842035838120e-01
6.340800000000132059e+03 8.008857265775793932e-01
6.341600000000132241e+03 7.074055577587096133e-01
6.342400000000132422e+03 7.515835223048366043e-01
6.343200000000132604e+03 8.497204930515525056e-01
6.344000000000132786e+03 8.124006472541240864e-01
6.344800000000132968e+03 7.883264561489813360e-01
6.345600000000133150e+03 8.925734281846176010e-01
6.346400000000133332e+03 8.721104246512952907e-01
6.347200000000133514e+03 7.580562659793821378e-01
6.348000000000133696e+03 7.961646368661421391e-01
6.348800000000133878e+03 9.648892375538149491e-01
6.349600000000134060e+03 1.081996730074447521e+00
6.350400000000134241e+03 1.233745258923536703e+00
6.351200000000134423e+03 1.350614036436728727e+00
6.352000000000134605e+03 1.299272613371110552e+00
6.352800000000134787e+03 1.113005229208529956e+00
6.353600000000134969e+03 9.634901788329334194e-01
6.354400000000135151e+03 8.475176543556928177e-01
6.355200000000135333e+03 6.430432652002657790e-01
6.356000000000135515e+03 5.999150371034578377e-01
6.356800000000135697e+03 8.322062691045644112e-01
6.357600000000135879e+03 9.919082479379668360e-01
6.358400000000136060e+03 9.882346173261161715e-01
6.359200000000136242e+03 9.760649572310324817e-01
6.360000000000136424e+03 8.868281031977658380e-01
6.360800000000136606e+03 7.704346450153221060e-01
6.361600000000136788e+03 7.297900230633669327e-01
6.362400000000136970e+03 7.933982626508537805e-01
6.363200000000137152e+03 7.852532361139280548e-01
6.364000000000137334e+03 8.910512052803909455e-01
6.364800000000137516e+03 1.366544049003559191e+00
6.365600000000137697e+03 1.784689464942328385e+00
6.366400000000137879e+03 1.682738592708605152e+00
6.367200000000138061e+03 1.286123284824096213e+00
6.368000000000138243e+03 9.113418549289902248e-01
6.368800000000138425e+03 7.562748124412064232e-01
6.369600000000138607e+03 8.177087786094703326e-01
6.370400000000138789e+03 8.958407932587538758e-01
6.371200000000138971e+03 9.447389508628201149e-01
6.372000000000139153e+03 1.123361011533508647e+00
6.372800000000139335e+03 1.324332614899825566e+00
6.373600000000139516e+03 1.379089361855645013e+00
6.374400000000139698e+03 1.257397901402098395e+00
6.375200000000139880e+03 1.015907415892761900e+00
6.376000000000140062e+03 8.756532489369377448e-01
6.376800000000140244e+03 8.654812406351308773e-01
6.377600000000140426e+03 9.098794139787249602e-01
6.378400000000140608e+03 9.585277942850175537e-01
6.379200000000140790e+03 9.713610913017631798e-01
6.380000000000140972e+03 1.091008804551699463e+00
6.380800000000141154e+03 1.046645439643715036e+00
6.381600000000141335e+03 8.671417685238822504e-01
6.382400000000141517e+03 1.003846472450375060e+00
6.383200000000141699e+03 1.239807778931377502e+00
6.384000000000141881e+03 1.177720964159866934e+00
6.384800000000142063e+03 9.770289017305221480e-01
6.385600000000142245e+03 9.413463837073408058e-01
6.386400000000142427e+03 1.054254324892123673e+00
6.387200000000142609e+03 1.201751552578725901e+00
6.388000000000142791e+03 1.351928772015519309e+00
6.388800000000142973e+03 1.370752420947950689e+00
6.389600000000143154e+03 1.188642542415785375e+00
6.390400000000143336e+03 1.022777348533191688e+00
6.391200000000143518e+03 1.137094510381468915e+00
6.392000000000143700e+03 1.110850549144943855e+00
6.392800000000143882e+03 9.571191960579492619e-01
6.393600000000144064e+03 9.370770074714944720e-01
6.394400000000144246e+03 9.923486388208955233e-01
6.395200000000144428e+03 1.158751860105796672e+00
6.396000000000144610e+03 1.336119137506645904e+00
6.396800000000144792e+03 1.347719048987818802e+00
6.397600000000144973e+03 1.309917312531236444e+00
6.398400000000145155e+03 1.315815140194793731e+00
6.399200000000145337e+03 1.414156986735407795e+00
6.400000000000145519e+03 1.457321600924210259e+00
6.400800000000145701e+03 1.374858687613836228e+00
6.401600000000145883e+03 1.283773689309474220e+00
6.402400000000146065e+03 1.237038227343886909e+00
6.403200000000146247e+03 1.154323448827603960e+00
6.404000000000146429e+03 1.133878768888138655e+00
6.404800000000146611e+03 1.085511084876902288e+00
6.405600000000146792e+03 9.188957387274476751e-01
6.406400000000146974e+03 9.533377223122343480e-01
6.407200000000147156e+03 1.275349385070013941e+00
6.408000000000147338e+03 1.320307069272342648e+00
6.408800000000147520e+03 1.144129478663941546e+00
6.409600000000147702e+03 9.895170611573598229e-01
6.410400000000147884e+03 9.026142258171141464e-01
6.411200000000148066e+03 9.259789763394159490e-01
6.412000000000148248e+03 9.409905559504543326e-01
6.412800000000148430e+03 8.906703902682642227e-01
6.413600000000148611e+03 9.292488525989437420e-01
6.414400000000148793e+03 1.146261362535763384e+00
6.415200000000148975e+03 1.322338743608379552e+00
6.416000000000149157e+03 1.192186946878044385e+00
6.416800000000149339e+03 1.034703019826642922e+00
6.417600000000149521e+03 1.096454532470068521e+00
6.418400000000149703e+03 1.031820786292461989e+00
6.419200000000149885e+03 8.791875462699612065e-01
6.420000000000150067e+03 8.434616139474678809e-01
6.420800000000150249e+03 8.705421780297577516e-01
6.421600000000150430e+03 1.012801672282025223e+00
6.422400000000150612e+03 1.360153803403644446e+00
6.423200000000150794e+03 1.521813227363733478e+00
6.424000000000150976e+03 1.401077318252377690e+00
6.424800000000151158e+03 1.243777355961520836e+00
6.425600000000151340e+03 1.145319599067138761e+00
6.426400000000151522e+03 1.229789853502434749e+00
6.427200000000151704e+03 1.577461095985943418e+00
6.428000000000151886e+03 1.795325412153243816e+00
6.428800000000152068e+03 1.428120529117532067e+00
6.429600000000152249e+03 1.122211162411144603e+00
6.430400000000152431e+03 1.126704057497073475e+00
6.431200000000152613e+03 1.271607057008882435e+00
6.432000000000152795e+03 1.326354526908057441e+00
6.432800000000152977e+03 1.279675618651745950e+00
6.433600000000153159e+03 1.116640680834802835e+00
6.434400000000153341e+03 9.974229092883202252e-01
6.435200000000153523e+03 9.149783022460568072e-01
6.436000000000153705e+03 7.791797836928295862e-01
6.436800000000153887e+03 6.515033338653639650e-01
6.437600000000154068e+03 6.727946736948910988e-01
6.438400000000154250e+03 8.110463561752844219e-01
6.439200000000154432e+03 8.662680390174399836e-01
6.440000000000154614e+03 8.629837330636855874e-01
6.440800000000154796e+03 8.659183383309130289e-01
6.441600000000154978e+03 9.480679735920385376e-01
6.442400000000155160e+03 1.157659522298069898e+00
6.443200000000155342e+03 1.361024282886283299e+00
6.444000000000155524e+03 1.474822146031950165e+00
6.444800000000155705e+03 1.576332722064487601e+00
6.445600000000155887e+03 1.555987596817432816e+00
6.446400000000156069e+03 1.398889585948807301e+00
6.447200000000156251e+03 1.398590552564453304e+00
6.448000000000156433e+03 1.494608201519254109e+00
6.448800000000156615e+03 1.347768503173577104e+00
6.449600000000156797e+03 1.057545188997506269e+00
6.450400000000156979e+03 7.298620196456039322e-01
6.451200000000157161e+03 5.835792394397087968e-01
6.452000000000157343e+03 9.154769925963679444e-01
6.452800000000157524e+03 1.394837140491618221e+00
6.453600000000157706e+03 1.569142009856919984e+00
6.454400000000157888e+03 1.212202346320330637e+00
6.455200000000158070e+03 8.860064480765775796e-01
6.456000000000158252e+03 9.150410793603949156e-01
6.456800000000158434e+03 1.086610787647632970e+00
6.457600000000158616e+03 1.197977054726059976e+00
6.458400000000158798e+03 1.290736485067149220e+00
6.459200000000158980e+03 1.361138306051045355e+00
6.460000000000159162e+03 1.362206856040322656e+00
6.460800000000159343e+03 1.235800669795138251e+00
6.461600000000159525e+03 9.932995386929845960e-01
6.462400000000159707e+03 9.217749523058804684e-01
6.463200000000159889e+03 1.095290226031872205e+00
6.464000000000160071e+03 1.202118957550772471e+00
6.464800000000160253e+03 1.059752947001994183e+00
6.465600000000160435e+03 9.564650767545376242e-01
6.466400000000160617e+03 1.162260552667036873e+00
6.467200000000160799e+03 1.272093623654677597e+00
6.468000000000160981e+03 1.194214580259149505e+00
6.468800000000161162e+03 1.068188914462868899e+00
6.469600000000161344e+03 9.555051099286140381e-01
6.470400000000161526e+03 1.003663685541996919e+00
6.471200000000161708e+03 1.202840158825641659e+00
6.472000000000161890e+03 1.393264218102313379e+00
6.472800000000162072e+03 1.370071790656395949e+00
6.473600000000162254e+03 1.139447612715556613e+00
6.474400000000162436e+03 8.526839774527024129e-01
6.475200000000162618e+03 8.892772756858500216e-01
6.476000000000162800e+03 1.171336918580559550e+00
6.476800000000162981e+03 1.319773942025180835e+00
6.477600000000163163e+03 1.242917756113677719e+00
6.478400000000163345e+03 1.139923075261906504e+00
6.479200000000163527e+03 1.192398520144117624e+00
6.480000000000163709e+03 1.251570954184201501e+00
6.480800000000163891e+03 1.292193646196250434e+00
6.481600000000164073e+03 1.334839570902546679e+00
6.482400000000164255e+03 1.216005455988725892e+00
6.483200000000164437e+03 1.012273219178595252e+00
6.484000000000164619e+03 8.861585877425468549e-01
6.484800000000164800e+03 8.927720869788706715e-01
6.485600000000164982e+03 1.037247269912258574e+00
6.486400000000165164e+03 1.187818461844119877e+00
6.487200000000165346e+03 1.274181820255779751e+00
6.488000000000165528e+03 1.265086666256579395e+00
6.488800000000165710e+03 1.126976167173177501e+00
6.489600000000165892e+03 1.051233277088111651e+00
6.490400000000166074e+03 1.179980293174996975e+00
6.491200000000166256e+03 1.183893700140842942e+00
6.492000000000166438e+03 1.138480373895675246e+00
6.492800000000166619e+03 1.265308960007245132e+00
6.493600000000166801e+03 1.331576654665010295e+00
6.494400000000166983e+03 1.364329838261292505e+00
6.495200000000167165e+03 1.322034717334068299e+00
6.496000000000167347e+03 1.181943731680148435e+00
6.496800000000167529e+03 1.137534323288942328e+00
6.497600000000167711e+03 1.187763415974476988e+00
6.498400000000167893e+03 1.206286364478194040e+00
6.499200000000168075e+03 1.113603038178268001e+00
6.500000000000168257e+03 1.037713506740844949e+00
6.500800000000168438e+03 1.121102360058037428e+00
6.501600000000168620e+03 1.258334903936057181e+00
6.502400000000168802e+03 1.203144224496362824e+00
6.503200000000168984e+03 1.072524540693171158e+00
6.504000000000169166e+03 1.058599516769675342e+00
6.504800000000169348e+03 9.154979183972249412e-01
6.505600000000169530e+03 7.167465874153144956e-01
6.506400000000169712e+03 7.891972832085960565e-01
6.507200000000169894e+03 9.203739817395986123e-01
6.508000000000170076e+03 8.656722293111999145e-01
6.508800000000170257e+03 8.230107261540776653e-01
6.509600000000170439e+03 9.996567818763436586e-01
6.510400000000170621e+03 1.175019758901008959e+00
6.511200000000170803e+03 1.172309641389599699e+00
6.512000000000170985e+03 1.139620988927802836e+00
6.512800000000171167e+03 1.177587903184424523e+00
6.513600000000171349e+03 1.165876934005639853e+00
6.514400000000171531e+03 1.257314151206163411e+00
6.515200000000171713e+03 1.395589380641532706e+00
6.516000000000171894e+03 1.358512449755003626e+00
6.516800000000172076e+03 1.194894161070277683e+00
6.517600000000172258e+03 1.139186230145373457e+00
6.518400000000172440e+03 1.196840898922672647e+00
6.519200000000172622e+03 1.212113985389600135e+00
6.520000000000172804e+03 1.200155202311825597e+00
6.520800000000172986e+03 1.279279015639868788e+00
6.521600000000173168e+03 1.359839033416033738e+00
6.522400000000173350e+03 1.355518499454110293e+00
6.523200000000173532e+03 1.318543670576409088e+00
6.524000000000173713e+03 1.159902489064112530e+00
6.524800000000173895e+03 9.197726403743782253e-01
6.525600000000174077e+03 8.363135245309980537e-01
6.526400000000174259e+03 8.754460011967938327e-01
6.527200000000174441e+03 8.144458378830270462e-01
6.528000000000174623e+03 7.975731362106240896e-01
6.528800000000174805e+03 9.566286557060794671e-01
6.529600000000174987e+03 1.052859841596462287e+00
6.530400000000175169e+03 1.057305705242606475e+00
6.531200000000175351e+03 9.177166682842694545e-01
6.532000000000175532e+03 6.951516262837619253e-01
6.532800000000175714e+03 6.890589978741110677e-01
6.533600000000175896e+03 1.033712736322178527e+00
6.534400000000176078e+03 1.366479438215946196e+00
6.535200000000176260e+03 1.341166434157543330e+00
6.536000000000176442e+03 1.304579839481944781e+00
6.536800000000176624e+03 1.364667021154941651e+00
6.537600000000176806e+03 1.338004028392404621e+00
6.538400000000176988e+03 1.261110568773325724e+00
6.539200000000177170e+03 1.175771521064028935e+00
6.540000000000177351e+03 1.074946588124276570e+00
6.540800000000177533e+03 1.117483803969912426e+00
6.541600000000177715e+03 1.155533857866411607e+00
6.542400000000177897e+03 9.532809860077998687e-01
6.543200000000178079e+03 8.124135318485470325e-01
6.544000000000178261e+03 7.546483147501805711e-01
6.544800000000178443e+03 7.446096923833072090e-01
6.545600000000178625e+03 8.351211264094433595e-01
6.546400000000178807e+03 9.985889496873339155e-01
6.547200000000178989e+03 1.065756075923693702e+00
6.548000000000179170e+03 9.603410699106725845e-01
6.548800000000179352e+03 8.099828074204009631e-01
6.549600000000179534e+03 6.606973683945585041e-01
6.550400000000179716e+03 5.718353519311438760e-01
6.551200000000179898e+03 6.872231644362993830e-01
6.552000000000180080e+03 1.022241613273413563e+00
6.552800000000180262e+03 1.275526007927994865e+00
6.553600000000180444e+03 1.338742530383837614e+00
6.554400000000180626e+03 1.209760701131413541e+00
6.555200000000180808e+03 1.041706949010459571e+00
6.556000000000180989e+03 9.255906296229986507e-01
6.556800000000181171e+03 9.110186802735921185e-01
6.557600000000181353e+03 1.170714296534612675e+00
6.558400000000181535e+03 1.406627148375673375e+00
6.559200000000181717e+03 1.256873225504402836e+00
6.560000000000181899e+03 1.168502290344759498e+00
6.560800000000182081e+03 1.210049100473740813e+00
6.561600000000182263e+03 1.273791897435388343e+00
6.562400000000182445e+03 1.586937148610403803e+00
6.563200000000182627e+03 1.656144372886725114e+00
6.564000000000182808e+03 1.253474777637509918e+00
6.564800000000182990e+03 8.797777025912072446e-01
6.565600000000183172e+03 8.743883330118742414e-01
6.566400000000183354e+03 9.578809418752816107e-01
6.567200000000183536e+03 1.006033239615818253e+00
6.568000000000183718e+03 1.024615165197359845e+00
6.568800000000183900e+03 1.068699514372195125e+00
6.569600000000184082e+03 1.150858876439168288e+00
6.570400000000184264e+03 1.066837000956188941e+00
6.571200000000184446e+03 1.019693035591897612e+00
6.572000000000184627e+03 1.220317173803586730e+00
6.572800000000184809e+03 1.326040615688699464e+00
6.573600000000184991e+03 1.288528377528192603e+00
6.574400000000185173e+03 1.269134410424842763e+00
6.575200000000185355e+03 1.177894406497187685e+00
6.576000000000185537e+03 1.055415961442527140e+00
6.576800000000185719e+03 1.091254366880341387e+00
6.577600000000185901e+03 1.182704512190427160e+00
6.578400000000186083e+03 1.189337366190963863e+00
6.579200000000186265e+03 1.157337412641612051e+00
6.580000000000186446e+03 1.183212875368797379e+00
6.580800000000186628e+03 1.164012854577483269e+00
6.581600000000186810e+03 1.191627468116902788e+00
6.582400000000186992e+03 1.202789041132957149e+00
6.583200000000187174e+03 1.217425349690694159e+00
6.584000000000187356e+03 1.190511551873902230e+00
6.584800000000187538e+03 1.006896823243055739e+00
6.585600000000187720e+03 9.106060242738378552e-01
6.586400000000187902e+03 9.004629004761701694e-01
6.587200000000188084e+03 9.012729317357688341e-01
6.588000000000188265e+03 9.397287003291994179e-01
6.588800000000188447e+03 9.202868268736419388e-01
6.589600000000188629e+03 1.083793949431127057e+00
6.590400000000188811e+03 1.344557423005636299e+00
6.591200000000188993e+03 1.415365849389838449e+00
6.592000000000189175e+03 1.401709159402242166e+00
6.592800000000189357e+03 1.283498365073780789e+00
6.593600000000189539e+03 1.091771769419988214e+00
6.594400000000189721e+03 1.001469559995592284e+00
6.595200000000189902e+03 9.873403931123383437e-01
6.596000000000190084e+03 1.029297235491098306e+00
6.596800000000190266e+03 1.090875770679738732e+00
6.597600000000190448e+03 1.069920744324388329e+00
6.598400000000190630e+03 9.604234942433612643e-01
6.599200000000190812e+03 8.749582088267711111e-01
6.600000000000190994e+03 8.967753747940506726e-01
6.600800000000191176e+03 1.006629515158164567e+00
6.601600000000191358e+03 1.117686484582321560e+00
6.602400000000191540e+03 1.041201766308814003e+00
6.603200000000191721e+03 8.470600226896622953e-01
6.604000000000191903e+03 8.017117943675730052e-01
6.604800000000192085e+03 9.995245638808443189e-01
6.605600000000192267e+03 1.224842945653570769e+00
6.606400000000192449e+03 1.109590056836376126e+00
6.607200000000192631e+03 8.801143606680366105e-01
6.608000000000192813e+03 8.311512338362698760e-01
6.608800000000192995e+03 7.990822439557150325e-01
6.609600000000193177e+03 7.243256802142173933e-01
6.610400000000193359e+03 9.460291008034904525e-01
6.611200000000193540e+03 1.269866649971050698e+00
6.612000000000193722e+03 1.387406901879153498e+00
6.612800000000193904e+03 1.273987577465282905e+00
6.613600000000194086e+03 1.162017682173475119e+00
6.614400000000194268e+03 1.000264997899622310e+00
6.615200000000194450e+03 9.315812732238326621e-01
6.616000000000194632e+03 9.639872524561770017e-01
6.616800000000194814e+03 9.949407856608171175e-01
6.617600000000194996e+03 1.124054324055647314e+00
6.618400000000195178e+03 1.123903673094659217e+00
6.619200000000195359e+03 1.039129942311167287e+00
6.620000000000195541e+03 9.047992986306467866e-01
6.620800000000195723e+03 7.304412014096550720e-01
6.621600000000195905e+03 7.249505684007495621e-01
6.622400000000196087e+03 8.189309958890946817e-01
6.623200000000196269e+03 8.125140929547958191e-01
6.624000000000196451e+03 7.387194569916940567e-01
6.624800000000196633e+03 7.904011684771796720e-01
6.625600000000196815e+03 1.000728424631488256e+00
6.626400000000196997e+03 1.116251944740730639e+00
6.627200000000197178e+03 1.068463269531329418e+00
6.628000000000197360e+03 9.418267915039708615e-01
6.628800000000197542e+03 8.511413073315701183e-01
6.629600000000197724e+03 9.446617246049022754e-01
6.630400000000197906e+03 1.185383531860271233e+00
6.631200000000198088e+03 1.290889725221385120e+00
6.632000000000198270e+03 1.217262390635901026e+00
6.632800000000198452e+03 1.182001977814326921e+00
6.633600000000198634e+03 1.048427941678656605e+00
6.634400000000198816e+03 8.728822880906812465e-01
6.635200000000198997e+03 9.424459703943748323e-01
6.636000000000199179e+03 1.047704506236859068e+00
6.636800000000199361e+03 1.081407119853721177e+00
6.637600000000199543e+03 1.090645330115402434e+00
6.638400000000199725e+03 1.068494578668153672e+00
6.639200000000199907e+03 1.129117047407246055e+00
6.640000000000200089e+03 1.177545221674008102e+00
6.640800000000200271e+03 1.210811174353653819e+00
6.641600000000200453e+03 1.387895057196984805e+00
6.642400000000200635e+03 1.616545270879836238e+00
6.643200000000200816e+03 1.671343503414909781e+00
6.644000000000200998e+03 1.493835905364690131e+00
6.644800000000201180e+03 1.162675849394988914e+00
6.645600000000201362e+03 8.074923671100650013e-01
6.646400000000201544e+03 5.724104313533555644e-01
6.647200000000201726e+03 6.519656657914159048e-01
6.648000000000201908e+03 9.231708760318859674e-01
6.648800000000202090e+03 1.023916238804222001e+00
6.649600000000202272e+03 1.018113513980200224e+00
6.650400000000202454e+03 1.032410541506529444e+00
6.651200000000202635e+03 9.989304607669329261e-01
6.652000000000202817e+03 8.888639207419654076e-01
6.652800000000202999e+03 8.373935000890118108e-01
6.653600000000203181e+03 8.951994900787330067e-01
6.654400000000203363e+03 1.099090889912624824e+00
6.655200000000203545e+03 1.302155418978506507e+00
6.656000000000203727e+03 1.400554332919253797e+00
6.656800000000203909e+03 1.437157676571068521e+00
6.657600000000204091e+03 1.332529738757401105e+00
6.658400000000204273e+03 1.141398334396861447e+00
6.659200000000204454e+03 1.031279738678853697e+00
6.660000000000204636e+03 9.814030176245024384e-01
6.660800000000204818e+03 8.756554870876387398e-01
6.661600000000205000e+03 8.221242542831013189e-01
6.662400000000205182e+03 8.472604984653613336e-01
6.663200000000205364e+03 8.319784689314659865e-01
6.664000000000205546e+03 8.983488097297711583e-01
6.664800000000205728e+03 9.820161891504751717e-01
6.665600000000205910e+03 9.944936958028056662e-01
6.666400000000206091e+03 1.058006198900958150e+00
6.667200000000206273e+03 1.138217095023795089e+00
6.668000000000206455e+03 1.107784918436518717e+00
6.668800000000206637e+03 1.029797602753820707e+00
6.669600000000206819e+03 1.033119904928419208e+00
6.670400000000207001e+03 1.091880948126550344e+00
6.671200000000207183e+03 1.037526520270647623e+00
6.672000000000207365e+03 9.584309660442473788e-01
6.672800000000207547e+03 9.769139435534639482e-01
6.673600000000207729e+03 1.086129986376852541e+00
6.674400000000207910e+03 1.238733815818197304e+00
6.675200000000208092e+03 1.318690742467202526e+00
6.676000000000208274e+03 1.376365895805400807e+00
6.676800000000208456e+03 1.488116147220127861e+00
6.677600000000208638e+03 1.476924465964023936e+00
6.678400000000208820e+03 1.315415439364252093e+00
6.679200000000209002e+03 1.183642858150236066e+00
6.680000000000209184e+03 1.046432845972234960e+00
6.680800000000209366e+03 1.042781516688012999e+00
6.681600000000209548e+03 1.247168222081684874e+00
6.682400000000209729e+03 1.328205963299183168e+00
6.683200000000209911e+03 1.215917994999109464e+00
6.684000000000210093e+03 1.093966695693859625e+00
6.684800000000210275e+03 1.033564813830055940e+00
6.685600000000210457e+03 9.995795437519228166e-01
6.686400000000210639e+03 1.003073042615787003e+00
6.687200000000210821e+03 9.528491926404401013e-01
6.688000000000211003e+03 8.411537736418555067e-01
6.688800000000211185e+03 8.960734989420775509e-01
6.689600000000211367e+03 1.117891683183293683e+00
6.690400000000211548e+03 1.262838742433728623e+00
6.691200000000211730e+03 1.311272344903928078e+00
6.692000000000211912e+03 1.397437058416721722e+00
6.692800000000212094e+03 1.380794607703181853e+00
6.693600000000212276e+03 1.096569638306371663e+00
6.694400000000212458e+03 8.712022509274817139e-01
6.695200000000212640e+03 9.228876127842423616e-01
6.696000000000212822e+03 1.075153990351494393e+00
6.696800000000213004e+03 1.234723526878864774e+00
6.697600000000213186e+03 1.371451474789721292e+00
6.698400000000213367e+03 1.323213955338880643e+00
6.699200000000213549e+03 1.175344366938574359e+00
6.700000000000213731e+03 1.065470266044715952e+00
6.700800000000213913e+03 9.524318141605008226e-01
6.701600000000214095e+03 9.119150114132212881e-01
6.702400000000214277e+03 9.730821993522668079e-01
6.703200000000214459e+03 1.036040117771309887e+00
6.704000000000214641e+03 1.085080910975531943e+00
6.704800000000214823e+03 1.203474461277624252e+00
6.705600000000215005e+03 1.278017844725104712e+00
6.706400000000215186e+03 1.343642331911953480e+00
6.707200000000215368e+03 1.436538345006122874e+00
6.708000000000215550e+03 1.550960579207018020e+00
6.708800000000215732e+03 1.573316438348965729e+00
6.709600000000215914e+03 1.405738108382138751e+00
6.710400000000216096e+03 1.221101562553599251e+00
6.711200000000216278e+03 1.172202631632442760e+00
6.712000000000216460e+03 1.212957044739110035e+00
6.712800000000216642e+03 1.255275710196076311e+00
6.713600000000216824e+03 1.357350609489770266e+00
6.714400000000217005e+03 1.358823351853599704e+00
6.715200000000217187e+03 1.173634341461609276e+00
6.716000000000217369e+03 1.069723466110184873e+00
6.716800000000217551e+03 1.103545601931254838e+00
6.717600000000217733e+03 1.130206742536156606e+00
6.718400000000217915e+03 1.170372026787704689e+00
6.719200000000218097e+03 1.175296370073880547e+00
6.720000000000218279e+03 1.169879429612654897e+00
6.720800000000218461e+03 1.150813965658831428e+00
6.721600000000218643e+03 1.099255716875689348e+00
6.722400000000218824e+03 1.171831261414152836e+00
6.723200000000219006e+03 1.249156682443888444e+00
6.724000000000219188e+03 1.246104831381833700e+00
6.724800000000219370e+03 1.240358701839519906e+00
6.725600000000219552e+03 1.151251990137931447e+00
6.726400000000219734e+03 1.033096579780710567e+00
6.727200000000219916e+03 1.088353617989881617e+00
6.728000000000220098e+03 1.182454968128998418e+00
6.728800000000220280e+03 1.155001417427076627e+00
6.729600000000220462e+03 1.181035422672528146e+00
6.730400000000220643e+03 1.258171584351709171e+00
6.731200000000220825e+03 1.205897083802707659e+00
6.732000000000221007e+03 9.642305023420684185e-01
6.732800000000221189e+03 8.006424795990747523e-01
6.733600000000221371e+03 8.141685459505855205e-01
6.734400000000221553e+03 9.346176250352736803e-01
6.735200000000221735e+03 1.079146370205830596e+00
6.736000000000221917e+03 1.059642940638746644e+00
6.736800000000222099e+03 9.060449038560380863e-01
6.737600000000222281e+03 8.878130311230889582e-01
6.738400000000222462e+03 8.931875657498178356e-01
6.739200000000222644e+03 9.906227118608592619e-01
6.740000000000222826e+03 1.112284358062922029e+00
6.740800000000223008e+03 1.010589445273533560e+00
6.741600000000223190e+03 1.065808171070788291e+00
6.742400000000223372e+03 1.325844177133897350e+00
6.743200000000223554e+03 1.372229055599655245e+00
6.744000000000223736e+03 1.305533361322717134e+00
6.744800000000223918e+03 1.215881041192852896e+00
6.745600000000224099e+03 1.075515432726418696e+00
6.746400000000224281e+03 1.160616267134439994e+00
6.747200000000224463e+03 1.245598911236638351e+00
6.748000000000224645e+03 1.041978216493668175e+00
6.748800000000224827e+03 8.611780408477611726e-01
6.749600000000225009e+03 9.512260662126728050e-01
6.750400000000225191e+03 1.054763790986903871e+00
6.751200000000225373e+03 1.056079905334952551e+00
6.752000000000225555e+03 1.045283341825560264e+00
6.752800000000225737e+03 1.024344222454920850e+00
6.753600000000225918e+03 1.053587308048143711e+00
6.754400000000226100e+03 1.115589295388375923e+00
6.755200000000226282e+03 1.139929942414935393e+00
6.756000000000226464e+03 1.143545607018172650e+00
6.756800000000226646e+03 1.207100915229409877e+00
6.757600000000226828e+03 1.293531141982525945e+00
6.758400000000227010e+03 1.276697940822806299e+00
6.759200000000227192e+03 1.206732962339952087e+00
6.760000000000227374e+03 1.243642275036702660e+00
6.760800000000227556e+03 1.215869486291319967e+00
6.761600000000227737e+03 1.054897196364874556e+00
6.762400000000227919e+03 1.119793081636779597e+00
6.763200000000228101e+03 1.285750773732619479e+00
6.764000000000228283e+03 1.270980591395337811e+00
6.764800000000228465e+03 1.294302397241767988e+00
6.765600000000228647e+03 1.278968305584702758e+00
6.766400000000228829e+03 1.060587924859389020e+00
6.767200000000229011e+03 8.333214017062233747e-01
6.768000000000229193e+03 8.287190514716087364e-01
6.768800000000229375e+03 1.008419718691099920e+00
6.769600000000229556e+03 1.138701569209040976e+00
6.770400000000229738e+03 1.115276135308178818e+00
6.771200000000229920e+03 1.125152763928401800e+00
6.772000000000230102e+03 1.312321258870037699e+00
6.772800000000230284e+03 1.567586040714222584e+00
6.773600000000230466e+03 1.644322358900070391e+00
6.774400000000230648e+03 1.586963360483976571e+00
6.775200000000230830e+03 1.502599227372101609e+00
6.776000000000231012e+03 1.405202236505504354e+00
6.776800000000231194e+03 1.216632711136388600e+00
6.777600000000231375e+03 1.053639994068183539e+00
6.778400000000231557e+03 1.063004921663528224e+00
6.779200000000231739e+03 1.121293322953583083e+00
6.780000000000231921e+03 1.171703678130180837e+00
6.780800000000232103e+03 1.311488791486252747e+00
6.781600000000232285e+03 1.406704077421885746e+00
6.782400000000232467e+03 1.226471757489468573e+00
6.783200000000232649e+03 9.980247323630123679e-01
6.784000000000232831e+03 1.041642388460668922e+00
6.784800000000233013e+03 1.184492613540410133e+00
6.785600000000233194e+03 1.125345176318403695e+00
6.786400000000233376e+03 1.024589883839434501e+00
6.787200000000233558e+03 9.197870894968352973e-01
6.788000000000233740e+03 8.822511016085419211e-01
6.788800000000233922e+03 9.697926589384928686e-01
6.789600000000234104e+03 9.367659003440673704e-01
6.790400000000234286e+03 8.755441497753229108e-01
6.791200000000234468e+03 9.820024327020429045e-01
6.792000000000234650e+03 1.131078965364445743e+00
6.792800000000234832e+03 1.208845785769375958e+00
6.793600000000235013e+03 1.166922767826824803e+00
6.794400000000235195e+03 1.032339772789859111e+00
6.795200000000235377e+03 1.008060527750718194e+00
6.796000000000235559e+03 1.089972737674536507e+00
6.796800000000235741e+03 1.196436379740281053e+00
6.797600000000235923e+03 1.225284755314457463e+00
6.798400000000236105e+03 1.198935960818278135e+00
6.799200000000236287e+03 1.139294187219196175e+00
6.800000000000236469e+03 1.058714968874516327e+00
6.800800000000236651e+03 1.051876878109565983e+00
6.801600000000236832e+03 1.125844164496997424e+00
6.802400000000237014e+03 1.160152107609090821e+00
6.803200000000237196e+03 1.185688137339688364e+00
6.804000000000237378e+03 1.141646920663853315e+00
6.804800000000237560e+03 1.132141727622413940e+00
6.805600000000237742e+03 1.255976018023474472e+00
6.806400000000237924e+03 1.369871495568285802e+00
6.807200000000238106e+03 1.447684305485238632e+00
6.808000000000238288e+03 1.431959288781160300e+00
6.808800000000238470e+03 1.357709186967280601e+00
6.809600000000238651e+03 1.194587338373259033e+00
6.810400000000238833e+03 1.003827509274441976e+00
6.811200000000239015e+03 8.773124810554255859e-01
6.812000000000239197e+03 8.816317288768362737e-01
6.812800000000239379e+03 1.041828821096576707e+00
6.813600000000239561e+03 1.278243730691683844e+00
6.814400000000239743e+03 1.351773780383542123e+00
6.815200000000239925e+03 1.261088764762547498e+00
6.816000000000240107e+03 1.176215476043775965e+00
6.816800000000240289e+03 9.975884660695366613e-01
6.817600000000240470e+03 8.857483302239147482e-01
6.818400000000240652e+03 1.053095568572719465e+00
6.819200000000240834e+03 1.254749710780449501e+00
6.820000000000241016e+03 1.302666345507843992e+00
6.820800000000241198e+03 1.351474870760558389e+00
6.821600000000241380e+03 1.405574793882043538e+00
6.822400000000241562e+03 1.378519314911935911e+00
6.823200000000241744e+03 1.272906941575344675e+00
6.824000000000241926e+03 1.023951519299333590e+00
6.824800000000242107e+03 8.005164997012024219e-01
6.825600000000242289e+03 7.976825019936394368e-01
6.826400000000242471e+03 9.130856788508772137e-01
6.827200000000242653e+03 1.089326090813159009e+00
6.828000000000242835e+03 1.143063732991874026e+00
6.828800000000243017e+03 1.021524532333318414e+00
6.829600000000243199e+03 9.231737259259115147e-01
6.830400000000243381e+03 9.534934341288325843e-01
6.831200000000243563e+03 1.125426193761953853e+00
6.832000000000243745e+03 1.296971777836559481e+00
6.832800000000243926e+03 1.292340358037278314e+00
6.833600000000244108e+03 1.306029547413168457e+00
6.834400000000244290e+03 1.338805453215587971e+00
6.835200000000244472e+03 1.303863276303587337e+00
6.836000000000244654e+03 1.219116125158192121e+00
6.836800000000244836e+03 1.077822653727664282e+00
6.837600000000245018e+03 9.657658310016707937e-01
6.838400000000245200e+03 9.360255346384060982e-01
6.839200000000245382e+03 9.132445951321674915e-01
6.840000000000245564e+03 8.868024471166593425e-01
6.840800000000245745e+03 8.888288709069154248e-01
6.841600000000245927e+03 9.529017076702894773e-01
6.842400000000246109e+03 9.820549026972320572e-01
6.843200000000246291e+03 1.023180131972830864e+00
6.844000000000246473e+03 1.110218725734330114e+00
6.844800000000246655e+03 1.024978856695626384e+00
6.845600000000246837e+03 9.013453398257756932e-01
6.846400000000247019e+03 9.765856888674749881e-01
6.847200000000247201e+03 1.116328487382041601e+00
6.848000000000247383e+03 1.062631269313394800e+00
6.848800000000247564e+03 9.526594502326261038e-01
6.849600000000247746e+03 9.735501813841930252e-01
6.850400000000247928e+03 1.034391737182190241e+00
6.851200000000248110e+03 1.205526899817720210e+00
6.852000000000248292e+03 1.371008424616510180e+00
6.852800000000248474e+03 1.428995619483221180e+00
6.853600000000248656e+03 1.474630715812307535e+00
6.854400000000248838e+03 1.338213752409113999e+00
6.855200000000249020e+03 1.014700111161952023e+00
6.856000000000249202e+03 8.134628516057662573e-01
6.856800000000249383e+03 7.686899579631985002e-01
6.857600000000249565e+03 8.396995993064919617e-01
6.858400000000249747e+03 9.773973382959790790e-01
6.859200000000249929e+03 1.102574199282331247e+00
6.860000000000250111e+03 1.134281595051872316e+00
6.860800000000250293e+03 1.085157175280948127e+00
6.861600000000250475e+03 1.040250960687515658e+00
6.862400000000250657e+03 9.596344893653515618e-01
6.863200000000250839e+03 8.476736197403147433e-01
6.864000000000251021e+03 9.539337248889430132e-01
6.864800000000251202e+03 1.386059356901701900e+00
6.865600000000251384e+03 1.661413670211474791e+00
6.866400000000251566e+03 1.394989200836568077e+00
6.867200000000251748e+03 9.716986279831878459e-01
6.868000000000251930e+03 6.938522127090138714e-01
6.868800000000252112e+03 6.967263988264756902e-01
6.869600000000252294e+03 8.131045005350832078e-01
6.870400000000252476e+03 7.126991307150397637e-01
6.871200000000252658e+03 5.023206695203503713e-01
6.872000000000252840e+03 5.204863408974927941e-01
6.872800000000253021e+03 5.659647081945472502e-01
6.873600000000253203e+03 6.067621470274905393e-01
6.874400000000253385e+03 8.554152420575031890e-01
6.875200000000253567e+03 1.088787385736751157e+00
6.876000000000253749e+03 1.135923557443483833e+00
6.876800000000253931e+03 1.215826816195828108e+00
6.877600000000254113e+03 1.302223563384659499e+00
6.878400000000254295e+03 1.189517053802518820e+00
6.879200000000254477e+03 1.099943543466476381e+00
6.880000000000254659e+03 1.202445091833234558e+00
6.880800000000254840e+03 1.298301352252583030e+00
6.881600000000255022e+03 1.211615297073847852e+00
6.882400000000255204e+03 1.078425252067432227e+00
6.883200000000255386e+03 1.254174592330850491e+00
6.884000000000255568e+03 1.516920001279344454e+00
6.884800000000255750e+03 1.550122680975018596e+00
6.885600000000255932e+03 1.410437230128398500e+00
6.886400000000256114e+03 1.374581045666141144e+00
6.887200000000256296e+03 1.511453648008464823e+00
6.888000000000256478e+03 1.684293679759859330e+00
6.888800000000256659e+03 1.642602249804003156e+00
6.889600000000256841e+03 1.384121040562421801e+00
6.890400000000257023e+03 1.046530164905789650e+00
6.891200000000257205e+03 8.192552008632493221e-01
6.892000000000257387e+03 9.604321455960502796e-01
6.892800000000257569e+03 1.130305113152896723e+00
6.893600000000257751e+03 1.039607546097480295e+00
6.894400000000257933e+03 1.074788398824460867e+00
6.895200000000258115e+03 1.244157780896966603e+00
6.896000000000258296e+03 1.229859349219013964e+00
6.896800000000258478e+03 1.049548328567988742e+00
6.897600000000258660e+03 1.018801029776873701e+00
6.898400000000258842e+03 1.103992465706300274e+00
6.899200000000259024e+03 1.042411806253077389e+00
6.900000000000259206e+03 8.901453553896263582e-01
6.900800000000259388e+03 8.855287973693560799e-01
6.901600000000259570e+03 1.082209450596427036e+00
6.902400000000259752e+03 1.229412137511475711e+00
6.903200000000259934e+03 1.187930078016386171e+00
6.904000000000260115e+03 1.118567619704848415e+00
6.904800000000260297e+03 1.067420735012219124e+00
6.905600000000260479e+03 1.184071932161340879e+00
6.906400000000260661e+03 1.413734094272492081e+00
6.907200000000260843e+03 1.561326590388981028e+00
6.908000000000261025e+03 1.444338279703716310e+00
6.908800000000261207e+03 1.251956654443400208e+00
6.909600000000261389e+03 1.200206869548948285e+00
6.910400000000261571e+03 1.263772009524160467e+00
6.911200000000261753e+03 1.396035399054307957e+00
6.912000000000261934e+03 1.361308062607433422e+00
6.912800000000262116e+03 1.204339469090701886e+00
6.913600000000262298e+03 1.326588057755861305e+00
6.914400000000262480e+03 1.630191626685683293e+00
6.915200000000262662e+03 1.506371763662599950e+00
6.916000000000262844e+03 1.023284590066865452e+00
6.916800000000263026e+03 9.217760883069581190e-01
6.917600000000263208e+03 1.150328317956326174e+00
6.918400000000263390e+03 1.192581561601933737e+00
6.919200000000263572e+03 1.090213296482148930e+00
6.920000000000263753e+03 9.899639091184069262e-01
6.920800000000263935e+03 9.651348924808298424e-01
6.921600000000264117e+03 1.066982430495089229e+00
6.922400000000264299e+03 1.143999793000608278e+00
6.923200000000264481e+03 1.325287371261568925e+00
6.924000000000264663e+03 1.468041016613225391e+00
6.924800000000264845e+03 1.226747854768494683e+00
6.925600000000265027e+03 8.012155119812800486e-01
6.926400000000265209e+03 6.733783974922652460e-01
6.927200000000265391e+03 8.220404536461834999e-01
6.928000000000265572e+03 1.019223051352002418e+00
6.928800000000265754e+03 1.080109584806568490e+00
6.929600000000265936e+03 1.008314336254263033e+00
6.930400000000266118e+03 9.549788014128892666e-01
6.931200000000266300e+03 9.579460720413436325e-01
6.932000000000266482e+03 1.086146841363753612e+00
6.932800000000266664e+03 1.164000069966610429e+00
6.933600000000266846e+03 1.188484969121825330e+00
6.934400000000267028e+03 1.158814937279754709e+00
6.935200000000267210e+03 1.104721357672106219e+00
6.936000000000267391e+03 1.148475501461706738e+00
6.936800000000267573e+03 1.243174275081913915e+00
6.937600000000267755e+03 1.174602954032532232e+00
6.938400000000267937e+03 1.067745664698605657e+00
6.939200000000268119e+03 1.126508884657538623e+00
6.940000000000268301e+03 1.174787509769703586e+00
6.940800000000268483e+03 1.244307627943654904e+00
6.941600000000268665e+03 1.370724295662355541e+00
6.942400000000268847e+03 1.342536326458815488e+00
6.943200000000269029e+03 1.187933624838449997e+00
6.944000000000269210e+03 1.166844117234781653e+00
6.944800000000269392e+03 1.257738943669254095e+00
6.945600000000269574e+03 1.299413797468231824e+00
6.946400000000269756e+03 1.322219227429038080e+00
6.947200000000269938e+03 1.345878422205191161e+00
6.948000000000270120e+03 1.395580393474849412e+00
6.948800000000270302e+03 1.335134662345651035e+00
6.949600000000270484e+03 1.117032047077325174e+00
6.950400000000270666e+03 1.216512787555747099e+00
6.951200000000270848e+03 1.405683173421154786e+00
6.952000000000271029e+03 1.261093363955272384e+00
6.952800000000271211e+03 1.269091586126785298e+00
6.953600000000271393e+03 1.380252576613714366e+00
6.954400000000271575e+03 1.348591653953018721e+00
6.955200000000271757e+03 1.240675492879017572e+00
6.956000000000271939e+03 1.200939923486943783e+00
6.956800000000272121e+03 1.175571231741874723e+00
6.957600000000272303e+03 1.154487167405066295e+00
6.958400000000272485e+03 1.217893878129473695e+00
6.959200000000272667e+03 1.335596957603888413e+00
6.960000000000272848e+03 1.388888128178041192e+00
6.960800000000273030e+03 1.349871112179336752e+00
6.961600000000273212e+03 1.300937031816299605e+00
6.962400000000273394e+03 1.291001031859702719e+00
6.963200000000273576e+03 1.299300380377824471e+00
6.964000000000273758e+03 1.319315583678653869e+00
6.964800000000273940e+03 1.383993835712373777e+00
6.965600000000274122e+03 1.360281765528798870e+00
6.966400000000274304e+03 1.284738144010403538e+00
6.967200000000274486e+03 1.243431098571533999e+00
6.968000000000274667e+03 1.218100425730528347e+00
6.968800000000274849e+03 1.093992035976236954e+00
6.969600000000275031e+03 1.100647949712556972e+00
6.970400000000275213e+03 1.258190846634426929e+00
6.971200000000275395e+03 1.274364294919071661e+00
6.972000000000275577e+03 1.294501533419712525e+00
6.972800000000275759e+03 1.401158449231862724e+00
6.973600000000275941e+03 1.373812895369041165e+00
6.974400000000276123e+03 1.212860405107716533e+00
6.975200000000276304e+03 1.037119072410733533e+00
6.976000000000276486e+03 1.100969414776210797e+00
6.976800000000276668e+03 1.384853528791960109e+00
6.977600000000276850e+03 1.400912372333178890e+00
6.978400000000277032e+03 1.242782284315817609e+00
6.979200000000277214e+03 1.307538823005114814e+00
6.980000000000277396e+03 1.328938808381858738e+00
6.980800000000277578e+03 1.156250757921623240e+00
6.981600000000277760e+03 1.076033572457272047e+00
6.982400000000277942e+03 1.113794365581225021e+00
6.983200000000278123e+03 1.180798143391310617e+00
6.984000000000278305e+03 1.183415587986624828e+00
6.984800000000278487e+03 1.239798190085991347e+00
6.985600000000278669e+03 1.392332470435826197e+00
6.986400000000278851e+03 1.359560697825153097e+00
6.987200000000279033e+03 1.144439669225282064e+00
6.988000000000279215e+03 1.042218312573985006e+00
6.988800000000279397e+03 1.166928761774307821e+00
6.989600000000279579e+03 1.315317169072212300e+00
6.990400000000279761e+03 1.400887710597066960e+00
6.991200000000279942e+03 1.457018351485611429e+00
6.992000000000280124e+03 1.417589511475061403e+00
6.992800000000280306e+03 1.291243335107371326e+00
6.993600000000280488e+03 1.060391271325654028e+00
6.994400000000280670e+03 9.373203312676188226e-01
6.995200000000280852e+03 9.970484435395137179e-01
6.996000000000281034e+03 1.104850654097478291e+00
6.996800000000281216e+03 1.155690615847237535e+00
6.997600000000281398e+03 1.130828378722696481e+00
6.998400000000281580e+03 1.038292251812446665e+00
6.999200000000281761e+03 1.039827990489754939e+00
7.000000000000281943e+03 1.167242412993379386e+00
7.000800000000282125e+03 1.236197935282537408e+00
7.001600000000282307e+03 1.302238842949694941e+00
7.002400000000282489e+03 1.349723055362935575e+00
7.003200000000282671e+03 1.269075171627270571e+00
7.004000000000282853e+03 1.192649732492576220e+00
7.004800000000283035e+03 1.104152625735181914e+00
7.005600000000283217e+03 9.854494889318388129e-01
7.006400000000283399e+03 1.072125754483775228e+00
7.007200000000283580e+03 1.328527510556414715e+00
7.008000000000283762e+03 1.488469445614312381e+00
7.008800000000283944e+03 1.439621786419371663e+00
7.009600000000284126e+03 1.295291317623183058e+00
7.010400000000284308e+03 1.140807750926500663e+00
7.011200000000284490e+03 1.055854924025396491e+00
7.012000000000284672e+03 1.253350174109833404e+00
7.012800000000284854e+03 1.499225630411241461e+00
7.013600000000285036e+03 1.370239446754200729e+00
7.014400000000285218e+03 1.133594658718349635e+00
7.015200000000285399e+03 1.137989321299710310e+00
7.016000000000285581e+03 1.207389691697509981e+00
7.016800000000285763e+03 1.222812459456085410e+00
7.017600000000285945e+03 1.200946907262757435e+00
7.018400000000286127e+03 1.181187367474470395e+00
7.019200000000286309e+03 1.175595653294502885e+00
7.020000000000286491e+03 1.198191444979296527e+00
7.020800000000286673e+03 1.378723122964980341e+00
7.021600000000286855e+03 1.557187180359626222e+00
7.022400000000287037e+03 1.388843190884963663e+00
7.023200000000287218e+03 1.072583557605886639e+00
7.024000000000287400e+03 1.023530579424793752e+00
7.024800000000287582e+03 1.159702575979050465e+00
7.025600000000287764e+03 1.226887208320382339e+00
7.026400000000287946e+03 1.134785379315422782e+00
7.027200000000288128e+03 9.709715286049638294e-01
7.028000000000288310e+03 9.793194887740521715e-01
7.028800000000288492e+03 1.087211609589464612e+00
7.029600000000288674e+03 1.176761264795572082e+00
7.030400000000288856e+03 1.220315694625748515e+00
7.031200000000289037e+03 1.244094030662258099e+00
7.032000000000289219e+03 1.265637578433307819e+00
7.032800000000289401e+03 1.339441402931617731e+00
7.033600000000289583e+03 1.374157053846387200e+00
7.034400000000289765e+03 1.284860269110435826e+00
7.035200000000289947e+03 1.239206338223048931e+00
7.036000000000290129e+03 1.204635820044379413e+00
7.036800000000290311e+03 1.168605039122334599e+00
7.037600000000290493e+03 1.300326373603901464e+00
7.038400000000290675e+03 1.378518116104448854e+00
7.039200000000290856e+03 1.450611591504258557e+00
7.040000000000291038e+03 1.579713144671309744e+00
7.040800000000291220e+03 1.644121912584387779e+00
7.041600000000291402e+03 1.688567952632132219e+00
7.042400000000291584e+03 1.707691328308140744e+00
7.043200000000291766e+03 1.515412381387315932e+00
7.044000000000291948e+03 1.398159398749013071e+00
7.044800000000292130e+03 1.534140517476597854e+00
7.045600000000292312e+03 1.556115445474124614e+00
7.046400000000292493e+03 1.470223332337934785e+00
7.047200000000292675e+03 1.522578636531195739e+00
7.048000000000292857e+03 1.456378697289576252e+00
7.048800000000293039e+03 1.221372778834602713e+00
7.049600000000293221e+03 1.124227195389305267e+00
7.050400000000293403e+03 1.265426400928643780e+00
7.051200000000293585e+03 1.467443984753372010e+00
7.052000000000293767e+03 1.478596809451621308e+00
7.052800000000293949e+03 1.244381634943998227e+00
7.053600000000294131e+03 1.291133529184488538e+00
7.054400000000294312e+03 1.452572032066143048e+00
7.055200000000294494e+03 1.371836359002298167e+00
7.056000000000294676e+03 1.292436348493245735e+00
7.056800000000294858e+03 1.320024569451518470e+00
7.057600000000295040e+03 1.335446355703761245e+00
7.058400000000295222e+03 1.334127705447327727e+00
7.059200000000295404e+03 1.335420487627222208e+00
7.060000000000295586e+03 1.367295248537139685e+00
7.060800000000295768e+03 1.440758162185033608e+00
7.061600000000295950e+03 1.373251350102128399e+00
7.062400000000296131e+03 1.293496511158139795e+00
7.063200000000296313e+03 1.351749905492789949e+00
7.064000000000296495e+03 1.368425987755998552e+00
7.064800000000296677e+03 1.271281237212396498e+00
7.065600000000296859e+03 1.180850722693588040e+00
7.066400000000297041e+03 1.198345248311739830e+00
7.067200000000297223e+03 1.263942101875358270e+00
7.068000000000297405e+03 1.361931004464761230e+00
7.068800000000297587e+03 1.413208094618002342e+00
7.069600000000297769e+03 1.342170075995065215e+00
7.070400000000297950e+03 1.242480371535541028e+00
7.071200000000298132e+03 1.254945684157787067e+00
7.072000000000298314e+03 1.296772334227287882e+00
7.072800000000298496e+03 1.314997640034155868e+00
7.073600000000298678e+03 1.233461070086686373e+00
7.074400000000298860e+03 1.158176863160676362e+00
7.075200000000299042e+03 1.161775556636567508e+00
7.076000000000299224e+03 1.137950640717881656e+00
7.076800000000299406e+03 1.122388624879851582e+00
7.077600000000299588e+03 1.176639057544766498e+00
7.078400000000299769e+03 1.368116573137813763e+00
7.079200000000299951e+03 1.447822883778946856e+00
7.080000000000300133e+03 1.401530581430339373e+00
7.080800000000300315e+03 1.403288663436013994e+00
7.081600000000300497e+03 1.279379174304516198e+00
7.082400000000300679e+03 1.112003312131367494e+00
7.083200000000300861e+03 1.168905300418870308e+00
7.084000000000301043e+03 1.384048547685026831e+00
7.084800000000301225e+03 1.444591714682006423e+00
7.085600000000301407e+03 1.340084813143380238e+00
7.086400000000301588e+03 1.220694536157043153e+00
7.087200000000301770e+03 1.131284002324230542e+00
7.088000000000301952e+03 1.246949576589305053e+00
7.088800000000302134e+03 1.372033556182249647e+00
7.089600000000302316e+03 1.392256552096801769e+00
7.090400000000302498e+03 1.487263189350490400e+00
7.091200000000302680e+03 1.580927237825042742e+00
7.092000000000302862e+03 1.574281799587021080e+00
7.092800000000303044e+03 1.467061843927593756e+00
7.093600000000303226e+03 1.370284576884192251e+00
7.094400000000303407e+03 1.351490920463210177e+00
7.095200000000303589e+03 1.466133834135183500e+00
7.096000000000303771e+03 1.451811037401388838e+00
7.096800000000303953e+03 1.254603378694070903e+00
7.097600000000304135e+03 1.190308750583733310e+00
7.098400000000304317e+03 1.263407845361232518e+00
7.099200000000304499e+03 1.292860018166258396e+00
7.100000000000304681e+03 1.239328624583131422e+00
7.100800000000304863e+03 1.247839070060984046e+00
7.101600000000305045e+03 1.302343530099312030e+00
7.102400000000305226e+03 1.285740518262431520e+00
7.103200000000305408e+03 1.369000127222995022e+00
7.104000000000305590e+03 1.491368234624872890e+00
7.104800000000305772e+03 1.513589831547516917e+00
7.105600000000305954e+03 1.492773311710851036e+00
7.106400000000306136e+03 1.462574727292207388e+00
7.107200000000306318e+03 1.290544840406919969e+00
7.108000000000306500e+03 1.125912379282713482e+00
7.108800000000306682e+03 1.183723143931036947e+00
7.109600000000306864e+03 1.295633804780446763e+00
7.110400000000307045e+03 1.365696051916879483e+00
7.111200000000307227e+03 1.408592886698790680e+00
7.112000000000307409e+03 1.416736743092064321e+00
7.112800000000307591e+03 1.488751377792496999e+00
7.113600000000307773e+03 1.509481439119811697e+00
7.114400000000307955e+03 1.426056667393611477e+00
7.115200000000308137e+03 1.339787611745056228e+00
7.116000000000308319e+03 1.265587325923773321e+00
7.116800000000308501e+03 1.238395469471069488e+00
7.117600000000308683e+03 1.190322318481681130e+00
7.118400000000308864e+03 1.149116049800193773e+00
7.119200000000309046e+03 1.138641171807414310e+00
7.120000000000309228e+03 1.023638210943750959e+00
7.120800000000309410e+03 1.072306015704830306e+00
7.121600000000309592e+03 1.287820795243108662e+00
7.122400000000309774e+03 1.425902828072797224e+00
7.123200000000309956e+03 1.544244928840131426e+00
7.124000000000310138e+03 1.554943585771849435e+00
7.124800000000310320e+03 1.435569123724602436e+00
7.125600000000310501e+03 1.411401670773381856e+00
7.126400000000310683e+03 1.458399660620988803e+00
7.127200000000310865e+03 1.421762147615648120e+00
7.128000000000311047e+03 1.290201158837871898e+00
7.128800000000311229e+03 1.213392515636929403e+00
7.129600000000311411e+03 1.278579065901017220e+00
7.130400000000311593e+03 1.450744354789048174e+00
7.131200000000311775e+03 1.635803548429853205e+00
7.132000000000311957e+03 1.670866452238051636e+00
7.132800000000312139e+03 1.609595394701632820e+00
7.133600000000312320e+03 1.578290392915493445e+00
7.134400000000312502e+03 1.560209002437544568e+00
7.135200000000312684e+03 1.579217565148013591e+00
7.136000000000312866e+03 1.583574693008972023e+00
7.136800000000313048e+03 1.476316170535001859e+00
7.137600000000313230e+03 1.473444144129773203e+00
7.138400000000313412e+03 1.541858336635571813e+00
7.139200000000313594e+03 1.496416873993429153e+00
7.140000000000313776e+03 1.315355774683525381e+00
7.140800000000313958e+03 1.157331848216185843e+00
7.141600000000314139e+03 1.227956849968967479e+00
7.142400000000314321e+03 1.418346278779339276e+00
7.143200000000314503e+03 1.434300255388416101e+00
7.144000000000314685e+03 1.309338010911574202e+00
7.144800000000314867e+03 1.257941359833630646e+00
7.145600000000315049e+03 1.487314431294242123e+00
7.146400000000315231e+03 1.831673250384272311e+00
7.147200000000315413e+03 1.791133310451981764e+00
7.148000000000315595e+03 1.515309798104709671e+00
7.148800000000315777e+03 1.409062577976202046e+00
7.149600000000315958e+03 1.342810869921043704e+00
7.150400000000316140e+03 1.219624632182460644e+00
7.151200000000316322e+03 1.210863862706825111e+00
7.152000000000316504e+03 1.290102645547835269e+00
7.152800000000316686e+03 1.279428637871137919e+00
7.153600000000316868e+03 1.232206790632830451e+00
7.154400000000317050e+03 1.327294821408737668e+00
7.155200000000317232e+03 1.437957639260688536e+00
7.156000000000317414e+03 1.517947117584698802e+00
7.156800000000317596e+03 1.443770462946388555e+00
7.157600000000317777e+03 1.234516497116972866e+00
7.158400000000317959e+03 1.242987449111492726e+00
7.159200000000318141e+03 1.348377845537765296e+00
7.160000000000318323e+03 1.431743999115958177e+00
7.160800000000318505e+03 1.476364714979032655e+00
7.161600000000318687e+03 1.423450330724760571e+00
7.162400000000318869e+03 1.469603353355376063e+00
7.163200000000319051e+03 1.607975273067264066e+00
7.164000000000319233e+03 1.651834575390883186e+00
7.164800000000319415e+03 1.560902819397795405e+00
7.165600000000319596e+03 1.481263324215321253e+00
7.166400000000319778e+03 1.420443403664625848e+00
7.167200000000319960e+03 1.384708792411101452e+00
7.168000000000320142e+03 1.378956942784949735e+00
7.168800000000320324e+03 1.523171320171562204e+00
7.169600000000320506e+03 1.726381224642462797e+00
7.170400000000320688e+03 1.812932504964689606e+00
7.171200000000320870e+03 1.744047469626065494e+00
7.172000000000321052e+03 1.594798491182328082e+00
7.172800000000321234e+03 1.452640813912198681e+00
7.173600000000321415e+03 1.451241171870235824e+00
7.174400000000321597e+03 1.496576772300262315e+00
7.175200000000321779e+03 1.438972267473071387e+00
7.176000000000321961e+03 1.397725232535486306e+00
7.176800000000322143e+03 1.429352667291284407e+00
7.177600000000322325e+03 1.494165166159958424e+00
7.178400000000322507e+03 1.454517380749426936e+00
7.179200000000322689e+03 1.483468871854714877e+00
7.180000000000322871e+03 1.589411294024931198e+00
7.180800000000323053e+03 1.629618539940038913e+00
7.181600000000323234e+03 1.639188242038459364e+00
7.182400000000323416e+03 1.642215012406480490e+00
7.183200000000323598e+03 1.617012225531828440e+00
7.184000000000323780e+03 1.564310176899522231e+00
7.184800000000323962e+03 1.489598821060500455e+00
7.185600000000324144e+03 1.501062114956194238e+00
7.186400000000324326e+03 1.624571740854903412e+00
7.187200000000324508e+03 1.676284689914753656e+00
7.188000000000324690e+03 1.683934698068551672e+00
7.188800000000324872e+03 1.642160197191687265e+00
7.189600000000325053e+03 1.558285825167456284e+00
7.190400000000325235e+03 1.468824632770525440e+00
7.191200000000325417e+03 1.446944885491272315e+00
7.192000000000325599e+03 1.588177021027735059e+00
7.192800000000325781e+03 1.797355531429469355e+00
7.193600000000325963e+03 1.724456887302187935e+00
7.194400000000326145e+03 1.426514681155639508e+00
7.195200000000326327e+03 1.312345421372095977e+00
7.196000000000326509e+03 1.412663131180324605e+00
7.196800000000326690e+03 1.677810251989267698e+00
7.197600000000326872e+03 1.824710349170569845e+00
7.198400000000327054e+03 1.665339822613819853e+00
7.199200000000327236e+03 1.522766203386688666e+00
7.200000000000327418e+03 1.526166917913599486e+00
7.200800000000327600e+03 1.518630572434885195e+00
7.201600000000327782e+03 1.500486789572296864e+00
7.202400000000327964e+03 1.388806350849620674e+00
7.203200000000328146e+03 1.329053509604723793e+00
7.204000000000328328e+03 1.418023595752976762e+00
7.204800000000328509e+03 1.542328956574742449e+00
7.205600000000328691e+03 1.599728855006341099e+00
7.206400000000328873e+03 1.650042345142896050e+00
7.207200000000329055e+03 1.714528171263190570e+00
7.208000000000329237e+03 1.643032723297730202e+00
7.208800000000329419e+03 1.506899359416545847e+00
7.209600000000329601e+03 1.526035629501041324e+00
7.210400000000329783e+03 1.471158493149463453e+00
7.211200000000329965e+03 1.328184035529536455e+00
7.212000000000330147e+03 1.393654800716108699e+00
7.212800000000330328e+03 1.436032548884958349e+00
7.213600000000330510e+03 1.304457132081480175e+00
7.214400000000330692e+03 1.298928677579240354e+00
7.215200000000330874e+03 1.570231463315852061e+00
7.216000000000331056e+03 1.799316155197873357e+00
7.216800000000331238e+03 1.772297878035399066e+00
7.217600000000331420e+03 1.622802592971786417e+00
7.218400000000331602e+03 1.464910655113192739e+00
7.219200000000331784e+03 1.371591196129037904e+00
7.220000000000331966e+03 1.282097361482811504e+00
7.220800000000332147e+03 1.153578784376291244e+00
7.221600000000332329e+03 1.177590483337150440e+00
7.222400000000332511e+03 1.390933670295594116e+00
7.223200000000332693e+03 1.578277045002971501e+00
7.224000000000332875e+03 1.526756353251499831e+00
7.224800000000333057e+03 1.342833956277432517e+00
7.225600000000333239e+03 1.197847424446460751e+00
7.226400000000333421e+03 1.153668246422446364e+00
7.227200000000333603e+03 1.216323362741522418e+00
7.228000000000333785e+03 1.304972248691973702e+00
7.228800000000333966e+03 1.416941319101407970e+00
7.229600000000334148e+03 1.438443404586157603e+00
7.230400000000334330e+03 1.368745607568565781e+00
7.231200000000334512e+03 1.382783343447746116e+00
7.232000000000334694e+03 1.595861793390268346e+00
7.232800000000334876e+03 1.714882021618489016e+00
7.233600000000335058e+03 1.565928346754908995e+00
7.234400000000335240e+03 1.418614928582935697e+00
7.235200000000335422e+03 1.416501864288924661e+00
7.236000000000335604e+03 1.593775408747582389e+00
7.236800000000335785e+03 1.794063606128355470e+00
7.237600000000335967e+03 1.753518165543623830e+00
7.238400000000336149e+03 1.631506182569642416e+00
7.239200000000336331e+03 1.605760214632403038e+00
7.240000000000336513e+03 1.516776306585880363e+00
7.240800000000336695e+03 1.325175575439428766e+00
7.241600000000336877e+03 1.233728446293933301e+00
7.242400000000337059e+03 1.296124350157080940e+00
7.243200000000337241e+03 1.565429637512239847e+00
7.244000000000337423e+03 1.794800780762881409e+00
7.244800000000337604e+03 1.732436351604677016e+00
7.245600000000337786e+03 1.696422957942884668e+00
7.246400000000337968e+03 1.948215736733487358e+00
7.247200000000338150e+03 2.048249522679417733e+00
7.248000000000338332e+03 1.669227896295373270e+00
7.248800000000338514e+03 1.528838109584305105e+00
7.249600000000338696e+03 1.468197095766635929e+00
7.250400000000338878e+03 1.228945804223811500e+00
7.251200000000339060e+03 1.104211899222249382e+00
7.252000000000339242e+03 1.274178277013930494e+00
7.252800000000339423e+03 1.418281429187508769e+00
7.253600000000339605e+03 1.361118842698198383e+00
7.254400000000339787e+03 1.238038204602752934e+00
7.255200000000339969e+03 1.063677660441949113e+00
7.256000000000340151e+03 9.541498290207490740e-01
7.256800000000340333e+03 1.153883062224123401e+00
7.257600000000340515e+03 1.251541190568054018e+00
7.258400000000340697e+03 1.300086159158900134e+00
7.259200000000340879e+03 1.434701159556601491e+00
7.260000000000341061e+03 1.476314343970662746e+00
7.260800000000341242e+03 1.467651805648421792e+00
7.261600000000341424e+03 1.546572793020994929e+00
7.262400000000341606e+03 1.674586594950196350e+00
7.263200000000341788e+03 1.633124928413329346e+00
7.264000000000341970e+03 1.578443427706082147e+00
7.264800000000342152e+03 1.566448159746944402e+00
7.265600000000342334e+03 1.484250278040590398e+00
7.266400000000342516e+03 1.363832307144617895e+00
7.267200000000342698e+03 1.261826963338340768e+00
7.268000000000342880e+03 1.233974104688752460e+00
7.268800000000343061e+03 1.204066663902686907e+00
7.269600000000343243e+03 1.260460666690303322e+00
7.270400000000343425e+03 1.460528162047785905e+00
7.271200000000343607e+03 1.582623814063435663e+00
7.272000000000343789e+03 1.635284266943758169e+00
7.272800000000343971e+03 1.667911532204594316e+00
7.273600000000344153e+03 1.527805503391290287e+00
7.274400000000344335e+03 1.332579507713540945e+00
7.275200000000344517e+03 1.335554861763967205e+00
7.276000000000344698e+03 1.560406635738587511e+00
7.276800000000344880e+03 1.828615236873423866e+00
7.277600000000345062e+03 2.035241275082681156e+00
7.278400000000345244e+03 2.007044780678141294e+00
7.279200000000345426e+03 1.803650354509049869e+00
7.280000000000345608e+03 1.878552602860762866e+00
7.280800000000345790e+03 1.840774292794538525e+00
7.281600000000345972e+03 1.693720936444383707e+00
7.282400000000346154e+03 1.698909448994506910e+00
7.283200000000346336e+03 1.852199546151523712e+00
7.284000000000346517e+03 2.112269984744273188e+00
7.284800000000346699e+03 2.066130867238480828e+00
7.285600000000346881e+03 1.801086941210939152e+00
7.286400000000347063e+03 1.671038189689512121e+00
7.287200000000347245e+03 1.535665198862997016e+00
7.288000000000347427e+03 1.447589979091055801e+00
7.288800000000347609e+03 1.444574520977830456e+00
7.289600000000347791e+03 1.525178855504325082e+00
7.290400000000347973e+03 1.556712023293078673e+00
7.291200000000348155e+03 1.674476061575995933e+00
7.292000000000348336e+03 1.851376947238283943e+00
7.292800000000348518e+03 1.881317264003913969e+00
7.293600000000348700e+03 1.935389382123634316e+00
7.294400000000348882e+03 1.938385026339416450e+00
7.295200000000349064e+03 1.826683970062909390e+00
7.296000000000349246e+03 1.685208942350332695e+00
7.296800000000349428e+03 1.549661715999884448e+00
7.297600000000349610e+03 1.594404062905685926e+00
7.298400000000349792e+03 1.731831278888772863e+00
7.299200000000349974e+03 1.662000937129530787e+00
7.300000000000350155e+03 1.458416321113560343e+00
7.300800000000350337e+03 1.291511162152685355e+00
7.301600000000350519e+03 1.241420378912353684e+00
7.302400000000350701e+03 1.290847723749762199e+00
7.303200000000350883e+03 1.318724146412818765e+00
7.304000000000351065e+03 1.464723193386476163e+00
7.304800000000351247e+03 1.532663490308726617e+00
7.305600000000351429e+03 1.240898596599153914e+00
7.306400000000351611e+03 9.728254804063789507e-01
7.307200000000351793e+03 9.936242366860511543e-01
7.308000000000351974e+03 1.288913733016592289e+00
7.308800000000352156e+03 1.564104707890990875e+00
7.309600000000352338e+03 1.490103094209957346e+00
7.310400000000352520e+03 1.303286111678886305e+00
7.311200000000352702e+03 1.272621822605961572e+00
7.312000000000352884e+03 1.370387536234791037e+00
7.312800000000353066e+03 1.536632481599000677e+00
7.313600000000353248e+03 1.572426032483662528e+00
7.314400000000353430e+03 1.456829523949138672e+00
7.315200000000353612e+03 1.475669470140005934e+00
7.316000000000353793e+03 1.530471053122831826e+00
7.316800000000353975e+03 1.611923250370906224e+00
7.317600000000354157e+03 1.655872185420937281e+00
7.318400000000354339e+03 1.840698908642681264e+00
7.319200000000354521e+03 2.171174751933077296e+00
7.320000000000354703e+03 2.146088961408077367e+00
7.320800000000354885e+03 1.815950783437680460e+00
7.321600000000355067e+03 1.542689252193190086e+00
7.322400000000355249e+03 1.383898179073590917e+00
7.323200000000355431e+03 1.299666320724642166e+00
7.324000000000355612e+03 1.408955678718658566e+00
7.324800000000355794e+03 1.503210911844115927e+00
7.325600000000355976e+03 1.481835795401078126e+00
7.326400000000356158e+03 1.472592920943257333e+00
7.327200000000356340e+03 1.517565932370483983e+00
7.328000000000356522e+03 1.605068010199481865e+00
7.328800000000356704e+03 1.698650209502098551e+00
7.329600000000356886e+03 1.648647449621681194e+00
7.330400000000357068e+03 1.400373854545394092e+00
7.331200000000357250e+03 1.274631491393054539e+00
7.332000000000357431e+03 1.435740458764031668e+00
7.332800000000357613e+03 1.556700702446839335e+00
7.333600000000357795e+03 1.653506148902451844e+00
7.334400000000357977e+03 1.746651957872236816e+00
7.335200000000358159e+03 1.764898506844358339e+00
7.336000000000358341e+03 1.635166709151691933e+00
7.336800000000358523e+03 1.403513747095569197e+00
7.337600000000358705e+03 1.372494589800600906e+00
7.338400000000358887e+03 1.447815233338073604e+00
7.339200000000359069e+03 1.434057911357939918e+00
7.340000000000359250e+03 1.403447204543139204e+00
7.340800000000359432e+03 1.293497082728106040e+00
7.341600000000359614e+03 1.179290464007691774e+00
7.342400000000359796e+03 1.203958038750866377e+00
7.343200000000359978e+03 1.359413194096908750e+00
7.344000000000360160e+03 1.359458986806130198e+00
7.344800000000360342e+03 1.321838055800296896e+00
7.345600000000360524e+03 1.445950262945419507e+00
7.346400000000360706e+03 1.591709092573064588e+00
7.347200000000360887e+03 1.561034393062869619e+00
7.348000000000361069e+03 1.404511404971627853e+00
7.348800000000361251e+03 1.293727502044177191e+00
7.349600000000361433e+03 1.236405409629408370e+00
7.350400000000361615e+03 1.275667252314713451e+00
7.351200000000361797e+03 1.446548192468238625e+00
7.352000000000361979e+03 1.448526434431008703e+00
7.352800000000362161e+03 1.310241441196160039e+00
7.353600000000362343e+03 1.195982540269788119e+00
7.354400000000362525e+03 1.249376816747927332e+00
7.355200000000362706e+03 1.530284256464482073e+00
7.356000000000362888e+03 1.854942130275004430e+00
7.356800000000363070e+03 2.006199606538046964e+00
7.357600000000363252e+03 1.917788069122245309e+00
7.358400000000363434e+03 1.753572163635874981e+00
7.359200000000363616e+03 1.628961626957341036e+00
7.360000000000363798e+03 1.536088988881844530e+00
7.360800000000363980e+03 1.388574420107827390e+00
7.361600000000364162e+03 1.375413150522166283e+00
7.362400000000364344e+03 1.701825986135375945e+00
7.363200000000364525e+03 1.909095167363465073e+00
7.364000000000364707e+03 1.869492759671069315e+00
7.364800000000364889e+03 1.728097741424236666e+00
7.365600000000365071e+03 1.688380423042922018e+00
7.366400000000365253e+03 1.645717851766460127e+00
7.367200000000365435e+03 1.483475539336264859e+00
7.368000000000365617e+03 1.469519295519209123e+00
7.368800000000365799e+03 1.525512752546354989e+00
7.369600000000365981e+03 1.402363655718103841e+00
7.370400000000366163e+03 1.455687829023435409e+00
7.371200000000366344e+03 1.854054913458529352e+00
7.372000000000366526e+03 2.066938933540480416e+00
7.372800000000366708e+03 1.774557137825852671e+00
7.373600000000366890e+03 1.594186978438944635e+00
7.374400000000367072e+03 1.625799334788626149e+00
7.375200000000367254e+03 1.580739668715136048e+00
7.376000000000367436e+03 1.511492215916949267e+00
7.376800000000367618e+03 1.508752527060632787e+00
7.377600000000367800e+03 1.501067299008708611e+00
7.378400000000367982e+03 1.486309853272059112e+00
7.379200000000368163e+03 1.466481312857251584e+00
7.380000000000368345e+03 1.375006189658233735e+00
7.380800000000368527e+03 1.341430298739735516e+00
7.381600000000368709e+03 1.427075238583688455e+00
7.382400000000368891e+03 1.507440879784330168e+00
7.383200000000369073e+03 1.547704662701590017e+00
7.384000000000369255e+03 1.563246676547996650e+00
7.384800000000369437e+03 1.564366705217193676e+00
7.385600000000369619e+03 1.627797355916934308e+00
7.386400000000369801e+03 1.689993584217717393e+00
7.387200000000369982e+03 1.633352454148162991e+00
7.388000000000370164e+03 1.484474707750108369e+00
7.388800000000370346e+03 1.481913429063491883e+00
7.389600000000370528e+03 1.566971920580207511e+00
7.390400000000370710e+03 1.676711014133262623e+00
7.391200000000370892e+03 1.746116373117203580e+00
7.392000000000371074e+03 1.748528120099681615e+00
7.392800000000371256e+03 1.712617294062731776e+00
7.393600000000371438e+03 1.640334804355005893e+00
7.394400000000371620e+03 1.619445241484027243e+00
7.395200000000371801e+03 1.690960546987912094e+00
7.396000000000371983e+03 1.650264960498900368e+00
7.396800000000372165e+03 1.518754637298672439e+00
7.397600000000372347e+03 1.510832868321655642e+00
7.398400000000372529e+03 1.699733914749551378e+00
7.399200000000372711e+03 1.803135119880078019e+00
7.400000000000372893e+03 1.619164678531356927e+00
7.400800000000373075e+03 1.421368224910072087e+00
7.401600000000373257e+03 1.380101441461754508e+00
7.402400000000373439e+03 1.444425584579114741e+00
7.403200000000373620e+03 1.538556818595838038e+00
7.404000000000373802e+03 1.709503153600280712e+00
7.404800000000373984e+03 1.870579989791370412e+00
7.405600000000374166e+03 1.759621218278646815e+00
7.406400000000374348e+03 1.434296654975278695e+00
7.407200000000374530e+03 1.424694035453145657e+00
7.408000000000374712e+03 1.586070156540837717e+00
7.408800000000374894e+03 1.609993791126983265e+00
7.409600000000375076e+03 1.563777840178188772e+00
7.410400000000375258e+03 1.487212468352297146e+00
7.411200000000375439e+03 1.447949244421008252e+00
7.412000000000375621e+03 1.361146159369088782e+00
7.412800000000375803e+03 1.225854833264569343e+00
7.413600000000375985e+03 1.299993687352063443e+00
7.414400000000376167e+03 1.520593441932263978e+00
7.415200000000376349e+03 1.724042691850343090e+00
7.416000000000376531e+03 1.765209537235245207e+00
7.416800000000376713e+03 1.640712296042923013e+00
7.417600000000376895e+03 1.438763200306029333e+00
7.418400000000377077e+03 1.255759499747586938e+00
7.419200000000377258e+03 1.238530769823331656e+00
7.420000000000377440e+03 1.379570261383827212e+00
7.420800000000377622e+03 1.550698283682845346e+00
7.421600000000377804e+03 1.652216765813733446e+00
7.422400000000377986e+03 1.720581785923836593e+00
7.423200000000378168e+03 1.736049195999131545e+00
7.424000000000378350e+03 1.631722872399705038e+00
7.424800000000378532e+03 1.520121083379185833e+00
7.425600000000378714e+03 1.359763155833813020e+00
7.426400000000378895e+03 1.164665383128235643e+00
7.427200000000379077e+03 1.110740197765275994e+00
7.428000000000379259e+03 1.306456355675899683e+00
7.428800000000379441e+03 1.497348105532996021e+00
7.429600000000379623e+03 1.577443263923780536e+00
7.430400000000379805e+03 1.614399898059698746e+00
7.431200000000379987e+03 1.677288153119861125e+00
7.432000000000380169e+03 1.696359358303078935e+00
7.432800000000380351e+03 1.641322290729970046e+00
7.433600000000380533e+03 1.641129540867207970e+00
7.434400000000380714e+03 1.655709368747911636e+00
7.435200000000380896e+03 1.696125606920812823e+00
7.436000000000381078e+03 1.703024204860822399e+00
7.436800000000381260e+03 1.713175780116195535e+00
7.437600000000381442e+03 1.676082609084873720e+00
7.438400000000381624e+03 1.494532054463569626e+00
7.439200000000381806e+03 1.275350402690864193e+00
7.440000000000381988e+03 1.270075670560397274e+00
7.440800000000382170e+03 1.326413963963104070e+00
7.441600000000382352e+03 1.257020156278868761e+00
7.442400000000382533e+03 1.253886544514650314e+00
7.443200000000382715e+03 1.456455874624851266e+00
7.444000000000382897e+03 1.569126046577799194e+00
7.444800000000383079e+03 1.526268635303589249e+00
7.445600000000383261e+03 1.475668000538786107e+00
7.446400000000383443e+03 1.514205372045056563e+00
7.447200000000383625e+03 1.535781728095131804e+00
7.448000000000383807e+03 1.514119227367387577e+00
7.448800000000383989e+03 1.464048818398080876e+00
7.449600000000384171e+03 1.434750887914877815e+00
7.450400000000384352e+03 1.476416913638100681e+00
7.451200000000384534e+03 1.502169080088527675e+00
7.452000000000384716e+03 1.474311852950233703e+00
7.452800000000384898e+03 1.356003782806468827e+00
7.453600000000385080e+03 1.239619576191643091e+00
7.454400000000385262e+03 1.258270429360542897e+00
7.455200000000385444e+03 1.272006711859500427e+00
7.456000000000385626e+03 1.246703893697362897e+00
7.456800000000385808e+03 1.315639284263858011e+00
7.457600000000385990e+03 1.498256031819682033e+00
7.458400000000386171e+03 1.563152375495270974e+00
7.459200000000386353e+03 1.435275050883364933e+00
7.460000000000386535e+03 1.409468399302015396e+00
7.460800000000386717e+03 1.500021455362666734e+00
7.461600000000386899e+03 1.612598100121688471e+00
7.462400000000387081e+03 1.630814208111084129e+00
7.463200000000387263e+03 1.651593607747717352e+00
7.464000000000387445e+03 1.717139063719866465e+00
7.464800000000387627e+03 1.661550127638029561e+00
7.465600000000387809e+03 1.502508205871539992e+00
7.466400000000387990e+03 1.452698353337976922e+00
7.467200000000388172e+03 1.466067583458078305e+00
7.468000000000388354e+03 1.494252554156996426e+00
7.468800000000388536e+03 1.601466530280922118e+00
7.469600000000388718e+03 1.755219549299048332e+00
7.470400000000388900e+03 1.893352648420561390e+00
7.471200000000389082e+03 1.731544634848996456e+00
7.472000000000389264e+03 1.366987794112235255e+00
7.472800000000389446e+03 1.169342155698987806e+00
7.473600000000389628e+03 1.217983397946120316e+00
7.474400000000389809e+03 1.551084556334444198e+00
7.475200000000389991e+03 1.939685039920276743e+00
7.476000000000390173e+03 1.853812134299702929e+00
7.476800000000390355e+03 1.503406244552514703e+00
7.477600000000390537e+03 1.471494605498071540e+00
7.478400000000390719e+03 1.504396733003604991e+00
7.479200000000390901e+03 1.424624709677755785e+00
7.480000000000391083e+03 1.387784160322549365e+00
7.480800000000391265e+03 1.393745626107012470e+00
7.481600000000391447e+03 1.456261463680965651e+00
7.482400000000391628e+03 1.616270952928661409e+00
7.483200000000391810e+03 1.732929676992770673e+00
7.484000000000391992e+03 1.746590404381602735e+00
7.484800000000392174e+03 1.719797643007068721e+00
7.485600000000392356e+03 1.554622507834648282e+00
7.486400000000392538e+03 1.340241812169268965e+00
7.487200000000392720e+03 1.398893601603809822e+00
7.488000000000392902e+03 1.458401587273580269e+00
7.488800000000393084e+03 1.514707103919067155e+00
7.489600000000393266e+03 1.611873855868820371e+00
7.490400000000393447e+03 1.536805946099503606e+00
7.491200000000393629e+03 1.338945900155143143e+00
7.492000000000393811e+03 1.293759877931463187e+00
7.492800000000393993e+03 1.423119251770637916e+00
7.493600000000394175e+03 1.479517962266699627e+00
7.494400000000394357e+03 1.474239101048603118e+00
7.495200000000394539e+03 1.500377578507476883e+00
7.496000000000394721e+03 1.538026384179819184e+00
7.496800000000394903e+03 1.505814259475787953e+00
7.497600000000395084e+03 1.497345570704417428e+00
7.498400000000395266e+03 1.230098031428774608e+00
7.499200000000395448e+03 9.961957441608528807e-01
7.500000000000395630e+03 1.057033561758387474e+00
7.500800000000395812e+03 1.162840222864952811e+00
7.501600000000395994e+03 1.316374229577388588e+00
7.502400000000396176e+03 1.491919551342136829e+00
7.503200000000396358e+03 1.592110890542233648e+00
7.504000000000396540e+03 1.577189814418864078e+00
7.504800000000396722e+03 1.492658245098215541e+00
7.505600000000396903e+03 1.351354376133076851e+00
7.506400000000397085e+03 1.214331185084360554e+00
7.507200000000397267e+03 1.197900646145352965e+00
7.508000000000397449e+03 1.362940151744437056e+00
7.508800000000397631e+03 1.577715005724645625e+00
7.509600000000397813e+03 1.646228925669186438e+00
7.510400000000397995e+03 1.442293245460082751e+00
7.511200000000398177e+03 1.272702492738070124e+00
7.512000000000398359e+03 1.412450551674141241e+00
7.512800000000398541e+03 1.531701020135415536e+00
7.513600000000398722e+03 1.595011781358123049e+00
7.514400000000398904e+03 1.551734237203953981e+00
7.515200000000399086e+03 1.469937845857050007e+00
7.516000000000399268e+03 1.480902434195855655e+00
7.516800000000399450e+03 1.433867119160170178e+00
7.517600000000399632e+03 1.336276936865721243e+00
7.518400000000399814e+03 1.392203023985314925e+00
7.519200000000399996e+03 1.384316090537069055e+00
7.520000000000400178e+03 1.268360918904420931e+00
7.520800000000400360e+03 1.336418034059270621e+00
7.521600000000400541e+03 1.539168928934734559e+00
7.522400000000400723e+03 1.615432614273269785e+00
7.523200000000400905e+03 1.656581497371896194e+00
7.524000000000401087e+03 1.778871022394480361e+00
7.524800000000401269e+03 1.751102375879271644e+00
7.525600000000401451e+03 1.331970033685595967e+00
7.526400000000401633e+03 8.650182860890147651e-01
7.527200000000401815e+03 1.066625336983287653e+00
7.528000000000401997e+03 1.509318211811466970e+00
7.528800000000402179e+03 1.531909534495005332e+00
7.529600000000402360e+03 1.489076520022769134e+00
7.530400000000402542e+03 1.446393733763823519e+00
7.531200000000402724e+03 1.375824682458291370e+00
7.532000000000402906e+03 1.335264503167782779e+00
7.532800000000403088e+03 1.421551869890445907e+00
7.533600000000403270e+03 1.538550590302305121e+00
7.534400000000403452e+03 1.529556512501436760e+00
7.535200000000403634e+03 1.531610236902804179e+00
7.536000000000403816e+03 1.586408952943670236e+00
7.536800000000403998e+03 1.549005873342155670e+00
7.537600000000404179e+03 1.471159907410546808e+00
7.538400000000404361e+03 1.495594623186794259e+00
7.539200000000404543e+03 1.564357602171236650e+00
7.540000000000404725e+03 1.632396662618745165e+00
7.540800000000404907e+03 1.749042714027674084e+00
7.541600000000405089e+03 1.762891337721458118e+00
7.542400000000405271e+03 1.449596333616861354e+00
7.543200000000405453e+03 1.106779733403196575e+00
7.544000000000405635e+03 1.007256481298446360e+00
7.544800000000405817e+03 1.209954454137587954e+00
7.545600000000405998e+03 1.432249680994471808e+00
7.546400000000406180e+03 1.443210665979357321e+00
7.547200000000406362e+03 1.525271271926480932e+00
7.548000000000406544e+03 1.614910291009939325e+00
7.548800000000406726e+03 1.523053282271242370e+00
7.549600000000406908e+03 1.493358602833016358e+00
7.550400000000407090e+03 1.654414313008206072e+00
7.551200000000407272e+03 1.712944073616565532e+00
7.552000000000407454e+03 1.595766760196076550e+00
7.552800000000407636e+03 1.434663252940930445e+00
7.553600000000407817e+03 1.300876129626051370e+00
7.554400000000407999e+03 1.238378195682011462e+00
7.555200000000408181e+03 1.274657987379336443e+00
7.556000000000408363e+03 1.403753919698867758e+00
7.556800000000408545e+03 1.544653498128025104e+00
7.557600000000408727e+03 1.534242921124890469e+00
7.558400000000408909e+03 1.377713537211978423e+00
7.559200000000409091e+03 1.399718178191409423e+00
7.560000000000409273e+03 1.495915852580740779e+00
7.560800000000409455e+03 1.369809536744663436e+00
7.561600000000409636e+03 1.235660476626982973e+00
7.562400000000409818e+03 1.381202794575928650e+00
7.563200000000410000e+03 1.653165005801594534e+00
7.564000000000410182e+03 1.700039411567976444e+00
7.564800000000410364e+03 1.432677625820949707e+00
7.565600000000410546e+03 1.169981983718329843e+00
7.566400000000410728e+03 1.113098247810076158e+00
7.567200000000410910e+03 1.274312031574802884e+00
7.568000000000411092e+03 1.563550907412452506e+00
7.568800000000411274e+03 1.767907892000753378e+00
7.569600000000411455e+03 1.740065136797103840e+00
7.570400000000411637e+03 1.551164656068638514e+00
7.571200000000411819e+03 1.523721384995485373e+00
7.572000000000412001e+03 1.667036919257502525e+00
7.572800000000412183e+03 1.932867417897079942e+00
7.573600000000412365e+03 2.101145275833280923e+00
7.574400000000412547e+03 1.957308100944568086e+00
7.575200000000412729e+03 1.737556536540896479e+00
7.576000000000412911e+03 1.736293137814337806e+00
7.576800000000413092e+03 1.900275366050654169e+00
7.577600000000413274e+03 2.017647004084610174e+00
7.578400000000413456e+03 1.963169308923782719e+00
7.579200000000413638e+03 1.742661323521419892e+00
7.580000000000413820e+03 1.566681290238100210e+00
7.580800000000414002e+03 1.485683264049540764e+00
7.581600000000414184e+03 1.474755329674339421e+00
7.582400000000414366e+03 1.553078232018920701e+00
7.583200000000414548e+03 1.576163454199731806e+00
7.584000000000414730e+03 1.495458281330166006e+00
7.584800000000414911e+03 1.471664240311246763e+00
7.585600000000415093e+03 1.466821338208876391e+00
7.586400000000415275e+03 1.412311725048244870e+00
7.587200000000415457e+03 1.432830831235531122e+00
7.588000000000415639e+03 1.576298328927379089e+00
7.588800000000415821e+03 1.647744351901011983e+00
7.589600000000416003e+03 1.728266552166940695e+00
7.590400000000416185e+03 1.746041136396914828e+00
7.591200000000416367e+03 1.632980247548251107e+00
7.592000000000416549e+03 1.627610373830523205e+00
7.592800000000416730e+03 1.672644668114364741e+00
7.593600000000416912e+03 1.623902090815710464e+00
7.594400000000417094e+03 1.533722629222628697e+00
7.595200000000417276e+03 1.580750076191049347e+00
7.596000000000417458e+03 1.619264165357324092e+00
7.596800000000417640e+03 1.418301362786183795e+00
7.597600000000417822e+03 1.249385422429722725e+00
7.598400000000418004e+03 1.309874212893252343e+00
7.599200000000418186e+03 1.438511987955108928e+00
7.600000000000418368e+03 1.564228469984752845e+00
7.600800000000418549e+03 1.636975686769952087e+00
7.601600000000418731e+03 1.637780027765155744e+00
7.602400000000418913e+03 1.788034503889850413e+00
7.603200000000419095e+03 1.874462422364531866e+00
7.604000000000419277e+03 1.722322842185176839e+00
7.604800000000419459e+03 1.770791025853788891e+00
7.605600000000419641e+03 1.894663699421784031e+00
7.606400000000419823e+03 1.791953636397581651e+00
7.607200000000420005e+03 1.539649115801977608e+00
7.608000000000420187e+03 1.261842452698768158e+00
7.608800000000420368e+03 1.000778884339396102e+00
7.609600000000420550e+03 1.019260365725747741e+00
7.610400000000420732e+03 1.184293250607157066e+00
7.611200000000420914e+03 1.156784874427872589e+00
7.612000000000421096e+03 1.023056110658567164e+00
7.612800000000421278e+03 1.136309018962741835e+00
7.613600000000421460e+03 1.639589752245410592e+00
7.614400000000421642e+03 1.986682551633212945e+00
7.615200000000421824e+03 1.912497981873690911e+00
7.616000000000422006e+03 1.689621095131792927e+00
7.616800000000422187e+03 1.395930924463396394e+00
7.617600000000422369e+03 1.223486224643464793e+00
7.618400000000422551e+03 1.304596333420526832e+00
7.619200000000422733e+03 1.363661653571601740e+00
7.620000000000422915e+03 1.428411335002964133e+00
7.620800000000022919e+03 1.651781042680172895e+00
7.621600000000023101e+03 1.874219457321007587e+00
7.622400000000023283e+03 1.746768240642872616e+00
7.623200000000023465e+03 1.536028599419047680e+00
7.624000000000023647e+03 1.574146408351435600e+00
7.624800000000023829e+03 1.612432049628729880e+00
7.625600000000024011e+03 1.493821455563505207e+00
7.626400000000024193e+03 1.447543692727833786e+00
7.627200000000024374e+03 1.485788788830622043e+00
7.628000000000024556e+03 1.431349829499357185e+00
7.628800000000024738e+03 1.237941787448195052e+00
7.629600000000024920e+03 8.673937496072072761e-01
7.630400000000025102e+03 7.597574214516862323e-01
7.631200000000025284e+03 1.324267263842746178e+00
7.632000000000025466e+03 1.781390738688068964e+00
7.632800000000025648e+03 1.832357520058740086e+00
7.633600000000025830e+03 1.741598930047763449e+00
7.634400000000026012e+03 1.647463557028508552e+00
7.635200000000026193e+03 1.583967002892822773e+00
7.636000000000026375e+03 1.526518241595638647e+00
7.636800000000026557e+03 1.409387834685230212e+00
7.637600000000026739e+03 1.301139528293434822e+00
7.638400000000026921e+03 1.358179097981007777e+00
7.639200000000027103e+03 1.630219157598284507e+00
7.640000000000027285e+03 1.687916175867679947e+00
7.640800000000027467e+03 1.556736801492826228e+00
7.641600000000027649e+03 1.538440882493828488e+00
7.642400000000027831e+03 1.519087217652120847e+00
7.643200000000028012e+03 1.508448638415859744e+00
7.644000000000028194e+03 1.536187374098635816e+00
7.644800000000028376e+03 1.690018402245385909e+00
7.645600000000028558e+03 1.697112379977112617e+00
7.646400000000028740e+03 1.491487752612810302e+00
7.647200000000028922e+03 1.358626445753252199e+00
7.648000000000029104e+03 1.420340550785634370e+00
7.648800000000029286e+03 1.618474292759280786e+00
7.649600000000029468e+03 1.759308480125129304e+00
7.650400000000029650e+03 1.871133951202687218e+00
7.651200000000029831e+03 1.931338923025968768e+00
7.652000000000030013e+03 1.811029280512327588e+00
7.652800000000030195e+03 1.658280110851529709e+00
7.653600000000030377e+03 1.762277884045673204e+00
7.654400000000030559e+03 1.773636150647311283e+00
7.655200000000030741e+03 1.580621709489700599e+00
7.656000000000030923e+03 1.468650673680202079e+00
7.656800000000031105e+03 1.491244630452917441e+00
7.657600000000031287e+03 1.521352849589626466e+00
7.658400000000031469e+03 1.614962666420168613e+00
7.659200000000031650e+03 1.735750873698263863e+00
7.660000000000031832e+03 1.771064902853515921e+00
7.660800000000032014e+03 1.741029533461342593e+00
7.661600000000032196e+03 1.682589674068364793e+00
7.662400000000032378e+03 1.627325783464310005e+00
7.663200000000032560e+03 1.610855334955191065e+00
7.664000000000032742e+03 1.780069661990540730e+00
7.664800000000032924e+03 1.883167955786296144e+00
7.665600000000033106e+03 1.722529413312369417e+00
7.666400000000033288e+03 1.593336030856743690e+00
7.667200000000033469e+03 1.604544474978575774e+00
7.668000000000033651e+03 1.586824903008599907e+00
7.668800000000033833e+03 1.589899012712839621e+00
7.669600000000034015e+03 1.672291332375668738e+00
7.670400000000034197e+03 1.654677839203860135e+00
7.671200000000034379e+03 1.711019861788808383e+00
7.672000000000034561e+03 1.813943673729415673e+00
7.672800000000034743e+03 1.735950963749047338e+00
7.673600000000034925e+03 1.533592025664912484e+00
7.674400000000035106e+03 1.406662806901326057e+00
7.675200000000035288e+03 1.513129130456787319e+00
7.676000000000035470e+03 1.691107402278173133e+00
7.676800000000035652e+03 1.692177956693693197e+00
7.677600000000035834e+03 1.572261891859332961e+00
7.678400000000036016e+03 1.577483327340698072e+00
7.679200000000036198e+03 1.562189797607187014e+00
7.680000000000036380e+03 1.540834117539198189e+00
7.680800000000036562e+03 1.592348949625802756e+00
7.681600000000036744e+03 1.623257961159765728e+00
7.682400000000036925e+03 1.556527040074138668e+00
7.683200000000037107e+03 1.475804237763291837e+00
7.684000000000037289e+03 1.429757088782404706e+00
7.684800000000037471e+03 1.520234811738417458e+00
7.685600000000037653e+03 1.516639080526622774e+00
7.686400000000037835e+03 1.483527636575261432e+00
7.687200000000038017e+03 1.682063309811124618e+00
7.688000000000038199e+03 1.790091264277130279e+00
7.688800000000038381e+03 1.646101403281228226e+00
7.689600000000038563e+03 1.508205063636571808e+00
7.690400000000038744e+03 1.447543945415556532e+00
7.691200000000038926e+03 1.506183158659432308e+00
7.692000000000039108e+03 1.547226424705200998e+00
7.692800000000039290e+03 1.500210014728349028e+00
7.693600000000039472e+03 1.465488490309486913e+00
7.694400000000039654e+03 1.503385784314359430e+00
7.695200000000039836e+03 1.644114628286452051e+00
7.696000000000040018e+03 1.767540241590683792e+00
7.696800000000040200e+03 1.823793854042749629e+00
7.697600000000040382e+03 1.779013116764494917e+00
7.698400000000040563e+03 1.700007720750484452e+00
7.699200000000040745e+03 1.656575416046440097e+00
7.700000000000040927e+03 1.693712126550018793e+00
7.700800000000041109e+03 1.780706089405974080e+00
7.701600000000041291e+03 1.768816452958665852e+00
7.702400000000041473e+03 1.703255019669012160e+00
7.703200000000041655e+03 1.697565250535580272e+00
7.704000000000041837e+03 1.592130707646243870e+00
7.704800000000042019e+03 1.395474009239779489e+00
7.705600000000042201e+03 1.233068053367218475e+00
7.706400000000042382e+03 1.234206922553697794e+00
7.707200000000042564e+03 1.426337091282659397e+00
7.708000000000042746e+03 1.558306952865706974e+00
7.708800000000042928e+03 1.572791187059303430e+00
7.709600000000043110e+03 1.604571540548298092e+00
7.710400000000043292e+03 1.599116952517062096e+00
7.711200000000043474e+03 1.529161512509223053e+00
7.712000000000043656e+03 1.419658653404890281e+00
7.712800000000043838e+03 1.382241717030610495e+00
7.713600000000044020e+03 1.467060229962851015e+00
7.714400000000044201e+03 1.475755856491645979e+00
7.715200000000044383e+03 1.606034191173884906e+00
7.716000000000044565e+03 1.953889837542305274e+00
7.716800000000044747e+03 2.063942696161380930e+00
7.717600000000044929e+03 1.968246969484810815e+00
7.718400000000045111e+03 1.385935600681371449e+00
7.719200000000045293e+03 7.927402151142380893e-01
7.720000000000045475e+03 8.031374907468135094e-01
7.720800000000045657e+03 1.117799141427230580e+00
7.721600000000045839e+03 1.466121225575180986e+00
7.722400000000046020e+03 1.636944102767475151e+00
7.723200000000046202e+03 1.557902282860944787e+00
7.724000000000046384e+03 1.517046026740489273e+00
7.724800000000046566e+03 1.680100743280520170e+00
7.725600000000046748e+03 1.658787182928545878e+00
7.726400000000046930e+03 1.468928354184724672e+00
7.727200000000047112e+03 1.391326469979701663e+00
7.728000000000047294e+03 1.277004094105901544e+00
7.728800000000047476e+03 1.397438650122260206e+00
7.729600000000047658e+03 1.669464212625032529e+00
7.730400000000047839e+03 1.698607308088338819e+00
7.731200000000048021e+03 1.554644374563366238e+00
7.732000000000048203e+03 1.472386186294844412e+00
7.732800000000048385e+03 1.531880113285239098e+00
7.733600000000048567e+03 1.642132448412145784e+00
7.734400000000048749e+03 1.693270352359316222e+00
7.735200000000048931e+03 1.727688859621943962e+00
7.736000000000049113e+03 1.720943932203927051e+00
7.736800000000049295e+03 1.577648941906507840e+00
7.737600000000049477e+03 1.474355633190464143e+00
7.738400000000049658e+03 1.599551101270038966e+00
7.739200000000049840e+03 1.683398442996637545e+00
7.740000000000050022e+03 1.562267885840064485e+00
7.740800000000050204e+03 1.463306356139711273e+00
7.741600000000050386e+03 1.469910013439090335e+00
7.742400000000050568e+03 1.453103174975012735e+00
7.743200000000050750e+03 1.421190554723572586e+00
7.744000000000050932e+03 1.381426499931836638e+00
7.744800000000051114e+03 1.292422868438123373e+00
7.745600000000051296e+03 1.210198202432132941e+00
7.746400000000051477e+03 1.161932612308095969e+00
7.747200000000051659e+03 1.184520576507892997e+00
7.748000000000051841e+03 1.271121263320872163e+00
7.748800000000052023e+03 1.394401416314314801e+00
7.749600000000052205e+03 1.467963392442955595e+00
7.750400000000052387e+03 1.456787887356819855e+00
7.751200000000052569e+03 1.370963307478116899e+00
7.752000000000052751e+03 1.281954525780985010e+00
7.752800000000052933e+03 1.371422527523157520e+00
7.753600000000053114e+03 1.401490620636576923e+00
7.754400000000053296e+03 1.281083137682297091e+00
7.755200000000053478e+03 1.153907950430570040e+00
7.756000000000053660e+03 1.178456482817432427e+00
7.756800000000053842e+03 1.286275095887539965e+00
7.757600000000054024e+03 1.305783003903217221e+00
7.758400000000054206e+03 1.242100756491748781e+00
7.759200000000054388e+03 1.254699027993986693e+00
7.760000000000054570e+03 1.217093167578831459e+00
7.760800000000054752e+03 1.080661356186225941e+00
7.761600000000054933e+03 1.070149570466628175e+00
7.762400000000055115e+03 1.138798241595583516e+00
7.763200000000055297e+03 1.098012404271434317e+00
7.764000000000055479e+03 1.140165567560323501e+00
7.764800000000055661e+03 1.218229709544695449e+00
7.765600000000055843e+03 1.329427371822884174e+00
7.766400000000056025e+03 1.573455024173095129e+00
7.767200000000056207e+03 1.699706641238248217e+00
7.768000000000056389e+03 1.627918144154634206e+00
7.768800000000056571e+03 1.527123777122620929e+00
7.769600000000056752e+03 1.456222519504764445e+00
7.770400000000056934e+03 1.329427973605298074e+00
7.771200000000057116e+03 1.243084739541340245e+00
7.772000000000057298e+03 1.397504105377474382e+00
7.772800000000057480e+03 1.603582383441395809e+00
7.773600000000057662e+03 1.673510303454067927e+00
7.774400000000057844e+03 1.635346815457833447e+00
7.775200000000058026e+03 1.415980258043189721e+00
7.776000000000058208e+03 1.298153390168388377e+00
7.776800000000058390e+03 1.487927507728091792e+00
7.777600000000058571e+03 1.607810577440099031e+00
7.778400000000058753e+03 1.642864022395233103e+00
7.779200000000058935e+03 1.751486044814236420e+00
7.780000000000059117e+03 1.763720499158519139e+00
7.780800000000059299e+03 1.598092877085312669e+00
7.781600000000059481e+03 1.459270155497973676e+00
7.782400000000059663e+03 1.300298290406202595e+00
7.783200000000059845e+03 1.128172830018422612e+00
7.784000000000060027e+03 1.108798849235133055e+00
7.784800000000060209e+03 1.325515869652582612e+00
7.785600000000060390e+03 1.595610494999788020e+00
7.786400000000060572e+03 1.637213981329165069e+00
7.787200000000060754e+03 1.571035053276359283e+00
7.788000000000060936e+03 1.597491195094050020e+00
7.788800000000061118e+03 1.587385787843240692e+00
7.789600000000061300e+03 1.570534825692584624e+00
7.790400000000061482e+03 1.596330995576497269e+00
7.791200000000061664e+03 1.577735830967432529e+00
7.792000000000061846e+03 1.669393604970520251e+00
7.792800000000062028e+03 1.619058672273407939e+00
7.793600000000062209e+03 1.329374138072610734e+00
7.794400000000062391e+03 1.135355997537182526e+00
7.795200000000062573e+03 1.034019048626685144e+00
7.796000000000062755e+03 7.981481466688707949e-01
7.796800000000062937e+03 6.978247539857700410e-01
7.797600000000063119e+03 1.067557755054069135e+00
7.798400000000063301e+03 1.386742865666430236e+00
7.799200000000063483e+03 1.521685025374157174e+00
7.800000000000063665e+03 1.592390293877092855e+00
7.800800000000063847e+03 1.642573936986722938e+00
7.801600000000064028e+03 1.678802359322698390e+00
7.802400000000064210e+03 1.739666836432783636e+00
7.803200000000064392e+03 1.814582273630495290e+00
7.804000000000064574e+03 1.798805571640674561e+00
7.804800000000064756e+03 1.644263230613768112e+00
7.805600000000064938e+03 1.448949892264160599e+00
7.806400000000065120e+03 1.377924923525208456e+00
7.807200000000065302e+03 1.444981351331994457e+00
7.808000000000065484e+03 1.571924343623189335e+00
7.808800000000065666e+03 1.659521417308421620e+00
7.809600000000065847e+03 1.627785136952232925e+00
7.810400000000066029e+03 1.494273904224377558e+00
7.811200000000066211e+03 1.330910969837391100e+00
7.812000000000066393e+03 1.433208190537184290e+00
7.812800000000066575e+03 1.685120548709095001e+00
7.813600000000066757e+03 1.770353051528320787e+00
7.814400000000066939e+03 1.760227832330653275e+00
7.815200000000067121e+03 1.704701500735050335e+00
7.816000000000067303e+03 1.571807784403198127e+00
7.816800000000067485e+03 1.534612623189055558e+00
7.817600000000067666e+03 1.556536202603655550e+00
7.818400000000067848e+03 1.486616201920306635e+00
7.819200000000068030e+03 1.496929725320255145e+00
7.820000000000068212e+03 1.495913321075036384e+00
7.820800000000068394e+03 1.432130362739754581e+00
7.821600000000068576e+03 1.374941679676706663e+00
7.822400000000068758e+03 1.448233964247776173e+00
7.823200000000068940e+03 1.611472141368845090e+00
7.824000000000069122e+03 1.768510781382391706e+00
7.824800000000069303e+03 1.788402839435919267e+00
7.825600000000069485e+03 1.743465739945766479e+00
7.826400000000069667e+03 1.807263196667647787e+00
7.827200000000069849e+03 1.772522821680588390e+00
7.828000000000070031e+03 1.755033941628698191e+00
7.828800000000070213e+03 1.791864595545648253e+00
7.829600000000070395e+03 1.764145120075783391e+00
7.830400000000070577e+03 1.680083370207494653e+00
7.831200000000070759e+03 1.632080069162781477e+00
7.832000000000070941e+03 1.631520089550245745e+00
7.832800000000071122e+03 1.642052878759303169e+00
7.833600000000071304e+03 1.710981890266300987e+00
7.834400000000071486e+03 1.766007998648775779e+00
7.835200000000071668e+03 1.760828121223244391e+00
7.836000000000071850e+03 1.659973807603306373e+00
7.836800000000072032e+03 1.550417200174783350e+00
7.837600000000072214e+03 1.498894181998783548e+00
7.838400000000072396e+03 1.479813907361286152e+00
7.839200000000072578e+03 1.462195832128500683e+00
7.840000000000072760e+03 1.436544699779307876e+00
7.840800000000072941e+03 1.373435492056643614e+00
7.841600000000073123e+03 1.370591756509589754e+00
7.842400000000073305e+03 1.401019385400927852e+00
7.843200000000073487e+03 1.401363517387559821e+00
7.844000000000073669e+03 1.467049482031148155e+00
7.844800000000073851e+03 1.521169959176583486e+00
7.845600000000074033e+03 1.540852116110793535e+00
7.846400000000074215e+03 1.520521540408418693e+00
7.847200000000074397e+03 1.547695384444370159e+00
7.848000000000074579e+03 1.667606049310796923e+00
7.848800000000074760e+03 1.858825142126805163e+00
7.849600000000074942e+03 2.020720584658175056e+00
7.850400000000075124e+03 2.184676013787310467e+00
7.851200000000075306e+03 2.233516026097690954e+00
7.852000000000075488e+03 1.915113942476647235e+00
7.852800000000075670e+03 1.487472780690922702e+00
7.853600000000075852e+03 1.319725725778655878e+00
7.854400000000076034e+03 1.542791277681932804e+00
7.855200000000076216e+03 2.143644458704192512e+00
7.856000000000076398e+03 2.387906479847496488e+00
7.856800000000076579e+03 1.642538963600112867e+00
7.857600000000076761e+03 1.283661566348757610e+00
7.858400000000076943e+03 1.561716526444355324e+00
7.859200000000077125e+03 1.678497488474610888e+00
7.860000000000077307e+03 1.617375207636372991e+00
7.860800000000077489e+03 1.595803968845875165e+00
7.861600000000077671e+03 1.762633624941503552e+00
7.862400000000077853e+03 2.321152348067008653e+00
7.863200000000078035e+03 2.628092918281833335e+00
7.864000000000078217e+03 2.283407606452593885e+00
7.864800000000078398e+03 1.822237662123983526e+00
7.865600000000078580e+03 1.582170622402548243e+00
7.866400000000078762e+03 1.590011898439075422e+00
7.867200000000078944e+03 1.679744492055189387e+00
7.868000000000079126e+03 1.635526846005203927e+00
7.868800000000079308e+03 1.535382834995784318e+00
7.869600000000079490e+03 1.411945776498003013e+00
7.870400000000079672e+03 1.291500588195170440e+00
7.871200000000079854e+03 1.154545762444510348e+00
7.872000000000080036e+03 8.640341075926041281e-01
7.872800000000080217e+03 7.237365078251802863e-01
7.873600000000080399e+03 1.199659178393201797e+00
7.874400000000080581e+03 1.821780528154788525e+00
7.875200000000080763e+03 1.922045032106940221e+00
7.876000000000080945e+03 1.787146405705273278e+00
7.876800000000081127e+03 1.598160236697199865e+00
7.877600000000081309e+03 1.511243074202335057e+00
7.878400000000081491e+03 1.578365127474211871e+00
7.879200000000081673e+03 1.658543403686751239e+00
7.880000000000081855e+03 1.710106785998490864e+00
7.880800000000082036e+03 1.708337884973525789e+00
7.881600000000082218e+03 1.651633015385210346e+00
7.882400000000082400e+03 1.540259682046561052e+00
7.883200000000082582e+03 1.538569229710035957e+00
7.884000000000082764e+03 1.604233305404286769e+00
7.884800000000082946e+03 1.553324520878375692e+00
7.885600000000083128e+03 1.552828602409789038e+00
7.886400000000083310e+03 1.624863452583648504e+00
7.887200000000083492e+03 1.699667179735539602e+00
7.888000000000083674e+03 1.762238994248333412e+00
7.888800000000083855e+03 1.786405540291397198e+00
7.889600000000084037e+03 1.670743038267189728e+00
7.890400000000084219e+03 1.491821198346398702e+00
7.891200000000084401e+03 1.474080772211784573e+00
7.892000000000084583e+03 1.689261060389535496e+00
7.892800000000084765e+03 1.872801322244204592e+00
7.893600000000084947e+03 1.823185620289913267e+00
7.894400000000085129e+03 1.795736751911549467e+00
7.895200000000085311e+03 1.773733901582686290e+00
7.896000000000085493e+03 1.692973209797427714e+00
7.896800000000085674e+03 1.732734603685007979e+00
7.897600000000085856e+03 1.849917106190515304e+00
7.898400000000086038e+03 1.829072539343464143e+00
7.899200000000086220e+03 1.794035538932682528e+00
7.900000000000086402e+03 1.826114452538448951e+00
7.900800000000086584e+03 1.866741667224990131e+00
7.901600000000086766e+03 1.932528653046031941e+00
7.902400000000086948e+03 1.952741361674839915e+00
7.903200000000087130e+03 1.846305807529554865e+00
7.904000000000087311e+03 1.711031861374082474e+00
7.904800000000087493e+03 1.676530315090483780e+00
7.905600000000087675e+03 1.682826306697633001e+00
7.906400000000087857e+03 1.636445421222397334e+00
7.907200000000088039e+03 1.639804638459412045e+00
7.908000000000088221e+03 1.662736945730233451e+00
7.908800000000088403e+03 1.587498524945191836e+00
7.909600000000088585e+03 1.422018707446893293e+00
7.910400000000088767e+03 1.340223996973654685e+00
7.911200000000088949e+03 1.397906845156034805e+00
7.912000000000089130e+03 1.453702823092205332e+00
7.912800000000089312e+03 1.522149794091155917e+00
7.913600000000089494e+03 1.546712010762013811e+00
7.914400000000089676e+03 1.539677082572452615e+00
7.915200000000089858e+03 1.846926201751585950e+00
7.916000000000090040e+03 2.117115375016053402e+00
7.916800000000090222e+03 1.871450738962172400e+00
7.917600000000090404e+03 1.643008557851701967e+00
7.918400000000090586e+03 1.497655789284108252e+00
7.919200000000090768e+03 1.627259741899393486e+00
7.920000000000090949e+03 1.934838008669401255e+00
7.920800000000091131e+03 1.984011865036080291e+00
7.921600000000091313e+03 1.671889501055977778e+00
7.922400000000091495e+03 1.291035578040572895e+00
7.923200000000091677e+03 1.372055353698221847e+00
7.924000000000091859e+03 1.718009269981354503e+00
7.924800000000092041e+03 1.692332445965250898e+00
7.925600000000092223e+03 1.605568632874093460e+00
7.926400000000092405e+03 1.700724410007826481e+00
7.927200000000092587e+03 1.680393145008189926e+00
7.928000000000092768e+03 1.525822582997629961e+00
7.928800000000092950e+03 1.474267182330125214e+00
7.929600000000093132e+03 1.495230073543542648e+00
7.930400000000093314e+03 1.496992779701631804e+00
7.931200000000093496e+03 1.529497318133694606e+00
7.932000000000093678e+03 1.630499242403124605e+00
7.932800000000093860e+03 1.711421061763823026e+00
7.933600000000094042e+03 1.574819972002293289e+00
7.934400000000094224e+03 1.274633400800559979e+00
7.935200000000094406e+03 1.137489893192916490e+00
7.936000000000094587e+03 1.245525225738667530e+00
7.936800000000094769e+03 1.381457325833172822e+00
7.937600000000094951e+03 1.395753601988114045e+00
7.938400000000095133e+03 1.416306691623725911e+00
7.939200000000095315e+03 1.490121619010371878e+00
7.940000000000095497e+03 1.500129899104969189e+00
7.940800000000095679e+03 1.512660263893603307e+00
7.941600000000095861e+03 1.615281106268588784e+00
7.942400000000096043e+03 1.681460571118306824e+00
7.943200000000096225e+03 1.718289509921088865e+00
7.944000000000096406e+03 1.716540948927575361e+00
7.944800000000096588e+03 1.572793535593257408e+00
7.945600000000096770e+03 1.443122834517998276e+00
7.946400000000096952e+03 1.471174275903057049e+00
7.947200000000097134e+03 1.578420035037069402e+00
7.948000000000097316e+03 1.645961670997131643e+00
7.948800000000097498e+03 1.591367588177952763e+00
7.949600000000097680e+03 1.511486877535740403e+00
7.950400000000097862e+03 1.391764494228215465e+00
7.951200000000098044e+03 1.413258763622654346e+00
7.952000000000098225e+03 1.612089771755577772e+00
7.952800000000098407e+03 1.627908836122201164e+00
7.953600000000098589e+03 1.602341293811493372e+00
7.954400000000098771e+03 1.608091042243459778e+00
7.955200000000098953e+03 1.519570194589531908e+00
7.956000000000099135e+03 1.351578492711854818e+00
7.956800000000099317e+03 1.237247301213828532e+00
7.957600000000099499e+03 1.288845525837695405e+00
7.958400000000099681e+03 1.421172128609188956e+00
7.959200000000099863e+03 1.412032677689283755e+00
7.960000000000100044e+03 1.339175562010058940e+00
7.960800000000100226e+03 1.411132488993840139e+00
7.961600000000100408e+03 1.534215137823842001e+00
7.962400000000100590e+03 1.555224465621924068e+00
7.963200000000100772e+03 1.525636742594659090e+00
7.964000000000100954e+03 1.569181183393096646e+00
7.964800000000101136e+03 1.546973558189614462e+00
7.965600000000101318e+03 1.326883263164251536e+00
7.966400000000101500e+03 1.315498296686813839e+00
7.967200000000101682e+03 1.648851226318781782e+00
7.968000000000101863e+03 1.633814561791873121e+00
7.968800000000102045e+03 1.521351682653258042e+00
7.969600000000102227e+03 1.523260063423043320e+00
7.970400000000102409e+03 1.572504171195725053e+00
7.971200000000102591e+03 1.589825474057959598e+00
7.972000000000102773e+03 1.579508009968437321e+00
7.972800000000102955e+03 1.558354055365704927e+00
7.973600000000103137e+03 1.444119233142703074e+00
7.974400000000103319e+03 1.249670919705285099e+00
7.975200000000103500e+03 1.167952176241910278e+00
7.976000000000103682e+03 1.252024047854374267e+00
7.976800000000103864e+03 1.353081914071258440e+00
7.977600000000104046e+03 1.484293880917616271e+00
7.978400000000104228e+03 1.521495893679149169e+00
7.979200000000104410e+03 1.438331249121917566e+00
7.980000000000104592e+03 1.344646311390717663e+00
7.980800000000104774e+03 1.225332540947661641e+00
7.981600000000104956e+03 1.353083109848238319e+00
7.982400000000105138e+03 1.695003150351626964e+00
7.983200000000105319e+03 1.720202278540277074e+00
7.984000000000105501e+03 1.513557683785499375e+00
7.984800000000105683e+03 1.477168934269342815e+00
7.985600000000105865e+03 1.502125482800765077e+00
7.986400000000106047e+03 1.438086971814581227e+00
7.987200000000106229e+03 1.490362065294541294e+00
7.988000000000106411e+03 1.611524774713531283e+00
7.988800000000106593e+03 1.571657340191464858e+00
7.989600000000106775e+03 1.438240702356839762e+00
7.990400000000106957e+03 1.414687945682611137e+00
7.991200000000107138e+03 1.485948424817716829e+00
7.992000000000107320e+03 1.486998581210907222e+00
7.992800000000107502e+03 1.518526370100915290e+00
7.993600000000107684e+03 1.536444276524422392e+00
7.994400000000107866e+03 1.448471826211562341e+00
7.995200000000108048e+03 1.661619103811879938e+00
7.996000000000108230e+03 2.038165280230054943e+00
7.996800000000108412e+03 1.769246390140323033e+00
7.997600000000108594e+03 1.330066884887482814e+00
7.998400000000108776e+03 1.252319007890419167e+00
7.999200000000108957e+03 1.369152483536162146e+00
8.000000000000109139e+03 1.508635339770554307e+00
8.000800000000109321e+03 1.661128733638068233e+00
8.001600000000109503e+03 1.716187828687175010e+00
8.002400000000109685e+03 1.519694664597784239e+00
8.003200000000109867e+03 1.328537031119537914e+00
8.004000000000110049e+03 1.413996465315371598e+00
8.004800000000110231e+03 1.563789966416587962e+00
8.005600000000110413e+03 1.603857316181829251e+00
8.006400000000110595e+03 1.566184937863925875e+00
8.007200000000110776e+03 1.526434418091275891e+00
8.008000000000110958e+03 1.502011790429683913e+00
8.008800000000111140e+03 1.453099266451810756e+00
8.009600000000111322e+03 1.476121275356280460e+00
8.010400000000111504e+03 1.412169413364779968e+00
8.011200000000111686e+03 1.337303915860626802e+00
8.012000000000111868e+03 1.450583438686560811e+00
8.012800000000112050e+03 1.583222816726741033e+00
8.013600000000112232e+03 1.633439645764441117e+00
8.014400000000112414e+03 1.708841541810254716e+00
8.015200000000112595e+03 1.915858414061632375e+00
8.016000000000112777e+03 1.998496013904541346e+00
8.016800000000112959e+03 1.692313308036678787e+00
8.017600000000113141e+03 1.363474236692827413e+00
8.018400000000113323e+03 1.590865730086729490e+00
8.019200000000113505e+03 1.810378070639763193e+00
8.020000000000113687e+03 1.777407118220152960e+00
8.020800000000113869e+03 1.738966137596912098e+00
8.021600000000114051e+03 1.677462884469288706e+00
8.022400000000114233e+03 1.608370409960589997e+00
8.023200000000114414e+03 1.590558846870111953e+00
8.024000000000114596e+03 1.628100111544077855e+00
8.024800000000114778e+03 1.722038945136546317e+00
8.025600000000114960e+03 1.703500156855789927e+00
8.026400000000115142e+03 1.509488030043700801e+00
8.027200000000115324e+03 1.163818436957204661e+00
8.028000000000115506e+03 8.510589741703225020e-01
8.028800000000115688e+03 6.474241153519867398e-01
8.029600000000115870e+03 6.645141310628538411e-01
8.030400000000116052e+03 9.746256650283882106e-01
8.031200000000116233e+03 1.172704756617283239e+00
8.032000000000116415e+03 1.303975775752165722e+00
8.032800000000116597e+03 1.406201459613227733e+00
8.033600000000116779e+03 1.374949729982132052e+00
8.034400000000116961e+03 1.304577406241672399e+00
8.035200000000117143e+03 1.307588782643430481e+00
8.036000000000117325e+03 1.314059616106490580e+00
8.036800000000117507e+03 1.333835027850375443e+00
8.037600000000117689e+03 1.442258305734831936e+00
8.038400000000117871e+03 1.577173195834647990e+00
8.039200000000118052e+03 1.590782202984559301e+00
8.040000000000118234e+03 1.525607099488778484e+00
8.040800000000118416e+03 1.490847105589649502e+00
8.041600000000118598e+03 1.432957092443690961e+00
8.042400000000118780e+03 1.359419513874119412e+00
8.043200000000118962e+03 1.427168653496607487e+00
8.044000000000119144e+03 1.531721168722777637e+00
8.044800000000119326e+03 1.529282814203194008e+00
8.045600000000119508e+03 1.435774902940591513e+00
8.046400000000119690e+03 1.381260292098958953e+00
8.047200000000119871e+03 1.402099911538732702e+00
8.048000000000120053e+03 1.465615009961302340e+00
8.048800000000120235e+03 1.661299431764430068e+00
8.049600000000120417e+03 1.760550215218987802e+00
8.050400000000120599e+03 1.628107928821884043e+00
8.051200000000120781e+03 1.533372215633922231e+00
8.052000000000120963e+03 1.595340444360865195e+00
8.052800000000121145e+03 1.587593789124485566e+00
8.053600000000121327e+03 1.548529516948599749e+00
8.054400000000121508e+03 1.547564767105339190e+00
8.055200000000121690e+03 1.548662293313640248e+00
8.056000000000121872e+03 1.599755854915731801e+00
8.056800000000122054e+03 1.613952936213645994e+00
8.057600000000122236e+03 1.581793598268554257e+00
8.058400000000122418e+03 1.582466537503431470e+00
8.059200000000122600e+03 1.572450706128464937e+00
8.060000000000122782e+03 1.480740275969436581e+00
8.060800000000122964e+03 1.407458961948222509e+00
8.061600000000123146e+03 1.401765969916867416e+00
8.062400000000123327e+03 1.467067103010978535e+00
8.063200000000123509e+03 1.559201468001571111e+00
8.064000000000123691e+03 1.475836545338331085e+00
8.064800000000123873e+03 1.240862235347185205e+00
8.065600000000124055e+03 1.084338914635252893e+00
8.066400000000124237e+03 1.125231190809381498e+00
8.067200000000124419e+03 1.415883018195638776e+00
8.068000000000124601e+03 1.668698586618132751e+00
8.068800000000124783e+03 1.654249027156877494e+00
8.069600000000124965e+03 1.477302562425610866e+00
8.070400000000125146e+03 1.438314975367990467e+00
8.071200000000125328e+03 1.549689315563287373e+00
8.072000000000125510e+03 1.662434281375159140e+00
8.072800000000125692e+03 1.708594692784862756e+00
8.073600000000125874e+03 1.702444659634287927e+00
8.074400000000126056e+03 1.719836220496649304e+00
8.075200000000126238e+03 1.709770549043752697e+00
8.076000000000126420e+03 1.660240975578016975e+00
8.076800000000126602e+03 1.625763564937283245e+00
8.077600000000126784e+03 1.596415358977854915e+00
8.078400000000126965e+03 1.564761857068553752e+00
8.079200000000127147e+03 1.669495144213386517e+00
8.080000000000127329e+03 1.797374059937628221e+00
8.080800000000127511e+03 1.713325749851438262e+00
8.081600000000127693e+03 1.580804161058132706e+00
8.082400000000127875e+03 1.603788001214543346e+00
8.083200000000128057e+03 1.667502288069612426e+00
8.084000000000128239e+03 1.643986019232944962e+00
8.084800000000128421e+03 1.576103067132841318e+00
8.085600000000128603e+03 1.593824648364986718e+00
8.086400000000128784e+03 1.719517570325261202e+00
8.087200000000128966e+03 1.816371418381470093e+00
8.088000000000129148e+03 1.792358956812704296e+00
8.088800000000129330e+03 1.713393652839732884e+00
8.089600000000129512e+03 1.641944582218898052e+00
8.090400000000129694e+03 1.644208213626554116e+00
8.091200000000129876e+03 1.673823320763973665e+00
8.092000000000130058e+03 1.737593572244251261e+00
8.092800000000130240e+03 1.743173880106004159e+00
8.093600000000130422e+03 1.609151347101072993e+00
8.094400000000130603e+03 1.522193874049437401e+00
8.095200000000130785e+03 1.615856295076171900e+00
8.096000000000130967e+03 1.573416052138832510e+00
8.096800000000131149e+03 1.475271326188962284e+00
8.097600000000131331e+03 1.570554321545135856e+00
8.098400000000131513e+03 1.611100694197278083e+00
8.099200000000131695e+03 1.496343092691880594e+00
8.100000000000131877e+03 1.335648636445232462e+00
8.100800000000132059e+03 1.324118464966985043e+00
8.101600000000132241e+03 1.413945573731260730e+00
8.102400000000132422e+03 1.524487103846013270e+00
8.103200000000132604e+03 1.715333132813667394e+00
8.104000000000132786e+03 1.848278513311360616e+00
8.104800000000132968e+03 1.585346747737881312e+00
8.105600000000133150e+03 1.177369410275265427e+00
8.106400000000133332e+03 1.124546778177947237e+00
8.107200000000133514e+03 1.257175856483616183e+00
8.108000000000133696e+03 1.371688131105444741e+00
8.108800000000133878e+03 1.505174681023298877e+00
8.109600000000134060e+03 1.577760415615474976e+00
8.110400000000134241e+03 1.633283551849951332e+00
8.111200000000134423e+03 1.665028117182469458e+00
8.112000000000134605e+03 1.605296206649474700e+00
8.112800000000134787e+03 1.513282126382050841e+00
8.113600000000134969e+03 1.460332497647400363e+00
8.114400000000135151e+03 1.488380800644524715e+00
8.115200000000135333e+03 1.536393160397053759e+00
8.116000000000135515e+03 1.467389111260364087e+00
8.116800000000135697e+03 1.332874319671600638e+00
8.117600000000135879e+03 1.263739097709970061e+00
8.118400000000136060e+03 1.325999317328685034e+00
8.119200000000136242e+03 1.399314446231227249e+00
8.120000000000136424e+03 1.441553635147333257e+00
8.120800000000136606e+03 1.529337483315885038e+00
8.121600000000136788e+03 1.518542836568943954e+00
8.122400000000136970e+03 1.461474447044858849e+00
8.123200000000137152e+03 1.447304561394110456e+00
8.124000000000137334e+03 1.427234284964716382e+00
8.124800000000137516e+03 1.473264285734400048e+00
8.125600000000137697e+03 1.612372619423656728e+00
8.126400000000137879e+03 1.749495230344179530e+00
8.127200000000138061e+03 1.828950372968598082e+00
8.128000000000138243e+03 1.727431197480921332e+00
8.128800000000138425e+03 1.606948906339815242e+00
8.129600000000138607e+03 1.559734641984271253e+00
8.130400000000138789e+03 1.536273020769020725e+00
8.131200000000138971e+03 1.532750219863967089e+00
8.132000000000139153e+03 1.606510220440345194e+00
8.132800000000139335e+03 1.571593761882488227e+00
8.133600000000139516e+03 1.470967693262240861e+00
8.134400000000139698e+03 1.505648049477205763e+00
8.135200000000139880e+03 1.552256406759696006e+00
8.136000000000140062e+03 1.496038597437186812e+00
8.136800000000140244e+03 1.608117001004263358e+00
8.137600000000140426e+03 1.809668061471915390e+00
8.138400000000140608e+03 1.765770216774125601e+00
8.139200000000140790e+03 1.602629739086724348e+00
8.140000000000140972e+03 1.522148760541756962e+00
8.140800000000141154e+03 1.449214292925038672e+00
8.141600000000141335e+03 1.427640334899912045e+00
8.142400000000141517e+03 1.477371497370999709e+00
8.143200000000141699e+03 1.548411891045555100e+00
8.144000000000141881e+03 1.511293093881305394e+00
8.144800000000142063e+03 1.460280800444159421e+00
8.145600000000142245e+03 1.454536661459991498e+00
8.146400000000142427e+03 1.379745885942363914e+00
8.147200000000142609e+03 1.349365160023824117e+00
8.148000000000142791e+03 1.396467699758957792e+00
8.148800000000142973e+03 1.418185583025309171e+00
8.149600000000143154e+03 1.428423306100133683e+00
8.150400000000143336e+03 1.404862515454068372e+00
8.151200000000143518e+03 1.306667524785431356e+00
8.152000000000143700e+03 1.297935240748540719e+00
8.152800000000143882e+03 1.398013792375309539e+00
8.153600000000144064e+03 1.515717899582869510e+00
8.154400000000144246e+03 1.573465495974832207e+00
8.155200000000144428e+03 1.585125943235669022e+00
8.156000000000144610e+03 1.499888561369673079e+00
8.156800000000144792e+03 1.461225527737169738e+00
8.157600000000144973e+03 1.532986659311195154e+00
8.158400000000145155e+03 1.623406965882170150e+00
8.159200000000145337e+03 1.707219545757132195e+00
8.160000000000145519e+03 1.711089517446742647e+00
8.160800000000145701e+03 1.597363117256210163e+00
8.161600000000145883e+03 1.459338890905953257e+00
8.162400000000146065e+03 1.418989663628512421e+00
8.163200000000146247e+03 1.431234792717431814e+00
8.164000000000146429e+03 1.457467975773516056e+00
8.164800000000146611e+03 1.524019911986259856e+00
8.165600000000146792e+03 1.550351178004241604e+00
8.166400000000146974e+03 1.460825809729224378e+00
8.167200000000147156e+03 1.404405642916017882e+00
8.168000000000147338e+03 1.470107815390363948e+00
8.168800000000147520e+03 1.581792952576947187e+00
8.169600000000147702e+03 1.605163575665079279e+00
8.170400000000147884e+03 1.573732811971475076e+00
8.171200000000148066e+03 1.602680113428156305e+00
8.172000000000148248e+03 1.579834679850900869e+00
8.172800000000148430e+03 1.555995800164105214e+00
8.173600000000148611e+03 1.672512052092120172e+00
8.174400000000148793e+03 1.758678496923151258e+00
8.175200000000148975e+03 1.635371570932289131e+00
8.176000000000149157e+03 1.481772152678130894e+00
8.176800000000149339e+03 1.478558836738872451e+00
8.177600000000149521e+03 1.492789450924008943e+00
8.178400000000149703e+03 1.479215569365980087e+00
8.179200000000149885e+03 1.420859510124386826e+00
8.180000000000150067e+03 1.370755376979061468e+00
8.180800000000150249e+03 1.452966778066973053e+00
8.181600000000150430e+03 1.534722240082961431e+00
8.182400000000150612e+03 1.562501724196620589e+00
8.183200000000150794e+03 1.532448493803860945e+00
8.184000000000150976e+03 1.411436177625876809e+00
8.184800000000151158e+03 1.236015029353040084e+00
8.185600000000151340e+03 1.179406636138559339e+00
8.186400000000151522e+03 1.321796819164434478e+00
8.187200000000151704e+03 1.490025129467510201e+00
8.188000000000151886e+03 1.541227012704284860e+00
8.188800000000152068e+03 1.535070527475440372e+00
8.189600000000152249e+03 1.537635284591747364e+00
8.190400000000152431e+03 1.579648279512629205e+00
8.191200000000152613e+03 1.603418996541287722e+00
8.192000000000152795e+03 1.614752014575700834e+00
8.192800000000152068e+03 1.639731511447012124e+00
8.193600000000153159e+03 1.639627716445643202e+00
8.194400000000154250e+03 1.670820650205633084e+00
8.195200000000153523e+03 1.656182241773676456e+00
8.196000000000152795e+03 1.674417456257408565e+00
8.196800000000153887e+03 1.725946850086118367e+00
8.197600000000154978e+03 1.688321279485154314e+00
8.198400000000154250e+03 1.602449469519461545e+00
8.199200000000153523e+03 1.569710576948478931e+00
8.200000000000154614e+03 1.531143492494169145e+00
8.200800000000155705e+03 1.460500662542479455e+00
8.201600000000154978e+03 1.509226329394389055e+00
8.202400000000154250e+03 1.623023722029512284e+00
8.203200000000155342e+03 1.564443291391675928e+00
8.204000000000156433e+03 1.423753782495836617e+00
8.204800000000155705e+03 1.390459000759328934e+00
8.205600000000154978e+03 1.449133457271302161e+00
8.206400000000156069e+03 1.638078290143976989e+00
8.207200000000157161e+03 1.712273842537026081e+00
8.208000000000156433e+03 1.651237861769746296e+00
8.208800000000155705e+03 1.642483196173472271e+00
8.209600000000156797e+03 1.678289428710773468e+00
8.210400000000157888e+03 1.672010352277807144e+00
8.211200000000157161e+03 1.530482891818733648e+00
8.212000000000156433e+03 1.394643609248705118e+00
8.212800000000157524e+03 1.449301677795356458e+00
8.213600000000158616e+03 1.555070586030081525e+00
8.214400000000157888e+03 1.602674696703636048e+00
8.215200000000157161e+03 1.714757681771097442e+00
8.216000000000158252e+03 1.748194912052810412e+00
8.216800000000159343e+03 1.668739334953325049e+00
8.217600000000158616e+03 1.640684839799298356e+00
8.218400000000157888e+03 1.633329955873240369e+00
8.219200000000158980e+03 1.649697267901471420e+00
8.220000000000160071e+03 1.629255433805021802e+00
8.220800000000159343e+03 1.547059375814211712e+00
8.221600000000158616e+03 1.529556616922841172e+00
8.222400000000159707e+03 1.588725436097193633e+00
8.223200000000160799e+03 1.681149578943442302e+00
8.224000000000160071e+03 1.724407893383698820e+00
8.224800000000159343e+03 1.679335707989313864e+00
8.225600000000160435e+03 1.608214236807529840e+00
8.226400000000161526e+03 1.559896878881817273e+00
8.227200000000160799e+03 1.555945716212327801e+00
8.228000000000160071e+03 1.504438453216695670e+00
8.228800000000161162e+03 1.502469696919071840e+00
8.229600000000162254e+03 1.532244206905062800e+00
8.230400000000161526e+03 1.475086905216380195e+00
8.231200000000160799e+03 1.437664009600827963e+00
8.232000000000161890e+03 1.432410886500323777e+00
8.232800000000162981e+03 1.391886235307232544e+00
8.233600000000162254e+03 1.416076530937941502e+00
8.234400000000161526e+03 1.473965772331071067e+00
8.235200000000162618e+03 1.473625994134759143e+00
8.236000000000163709e+03 1.435944766440298448e+00
8.236800000000162981e+03 1.366958120056462445e+00
8.237600000000162254e+03 1.349847333008094230e+00
8.238400000000163345e+03 1.391335888218155681e+00
8.239200000000164437e+03 1.382863781498641753e+00
8.240000000000163709e+03 1.338269812836022421e+00
8.240800000000162981e+03 1.259136854107440584e+00
8.241600000000164073e+03 1.207186888435782368e+00
8.242400000000165164e+03 1.231434796738683168e+00
8.243200000000164437e+03 1.359184794352532144e+00
8.244000000000163709e+03 1.428924238752339093e+00
8.244800000000164800e+03 1.366516269401576444e+00
8.245600000000165892e+03 1.180612505439615934e+00
8.246400000000165164e+03 1.129633626917050382e+00
8.247200000000164437e+03 1.188104803551344846e+00
8.248000000000165528e+03 1.139344300910245966e+00
8.248800000000166619e+03 1.114194654218888747e+00
8.249600000000165892e+03 1.224506096386237530e+00
8.250400000000165164e+03 1.266003725936880819e+00
8.251200000000166256e+03 1.187191282190936725e+00
8.252000000000167347e+03 1.144960009451553518e+00
8.252800000000166619e+03 1.179491259309908946e+00
8.253600000000165892e+03 1.223433231635333129e+00
8.254400000000166983e+03 1.247682148223276499e+00
8.255200000000168075e+03 1.315463015379247480e+00
8.256000000000167347e+03 1.307860788636332927e+00
8.256800000000166619e+03 1.217653553036146974e+00
8.257600000000167711e+03 1.217067480600757090e+00
8.258400000000168802e+03 1.289165015165651296e+00
8.259200000000168075e+03 1.289338906287057274e+00
8.260000000000167347e+03 1.260449491728507621e+00
8.260800000000168438e+03 1.303285913308718680e+00
8.261600000000169530e+03 1.344713190073532960e+00
8.262400000000168802e+03 1.354810079110278620e+00
8.263200000000168075e+03 1.302502454189851555e+00
8.264000000000169166e+03 1.297079513625009284e+00
8.264800000000170257e+03 1.370369681019008690e+00
8.265600000000169530e+03 1.334630615297807354e+00
8.266400000000168802e+03 1.242789065193782072e+00
8.267200000000169894e+03 1.151780130123775781e+00
8.268000000000170985e+03 1.126169750843430961e+00
8.268800000000170257e+03 1.227278408981126390e+00
8.269600000000169530e+03 1.314526093646589455e+00
8.270400000000170621e+03 1.348165927288639487e+00
8.271200000000171713e+03 1.373180612654228305e+00
8.272000000000170985e+03 1.391606267860118651e+00
8.272800000000170257e+03 1.360516173549918495e+00
8.273600000000171349e+03 1.309487589604855007e+00
8.274400000000172440e+03 1.315638467400063849e+00
8.275200000000171713e+03 1.355216947375089909e+00
8.276000000000170985e+03 1.349894820570920029e+00
8.276800000000172076e+03 1.347987516370477978e+00
8.277600000000173168e+03 1.343391760658739331e+00
8.278400000000172440e+03 1.250974861113098635e+00
8.279200000000171713e+03 1.181586394019380926e+00
8.280000000000172804e+03 1.131188985920509316e+00
8.280800000000173895e+03 1.144018859544462252e+00
8.281600000000173168e+03 1.232692545916289628e+00
8.282400000000172440e+03 1.317679423221441937e+00
8.283200000000173532e+03 1.433193992051755572e+00
8.284000000000174623e+03 1.338000079068809578e+00
8.284800000000173895e+03 1.057636728780980473e+00
8.285600000000173168e+03 9.849750296068091604e-01
8.286400000000174259e+03 1.128122592549483105e+00
8.287200000000175351e+03 1.223060159334038000e+00
8.288000000000174623e+03 1.140526174514623126e+00
8.288800000000173895e+03 1.024478033646638364e+00
8.289600000000174987e+03 1.100442982164183459e+00
8.290400000000176078e+03 1.101856295777646544e+00
8.291200000000175351e+03 9.891469112966190247e-01
8.292000000000174623e+03 1.064514687916664037e+00
8.292800000000175714e+03 1.064888286910917081e+00
8.293600000000176806e+03 1.136740329040776931e+00
8.294400000000176078e+03 1.283752070089068109e+00
8.295200000000175351e+03 1.432675206539550050e+00
8.296000000000176442e+03 1.531935441575766221e+00
8.296800000000177533e+03 1.692538001911267687e+00
8.297600000000176806e+03 1.760336915708208272e+00
8.298400000000176078e+03 1.620171928083434576e+00
8.299200000000177170e+03 1.657397339531404334e+00
8.300000000000178261e+03 2.044423258237914709e+00
8.300800000000177533e+03 2.315382577476797987e+00
8.301600000000176806e+03 1.976480662738860250e+00
8.302400000000177897e+03 1.228129782770157385e+00
8.303200000000178989e+03 9.753357855526783027e-01
8.304000000000178261e+03 1.213705927471831147e+00
8.304800000000177533e+03 1.382673403252412836e+00
8.305600000000178625e+03 1.372903615142580414e+00
8.306400000000179716e+03 1.428039552941255952e+00
8.307200000000178989e+03 1.554842814821197905e+00
8.308000000000178261e+03 1.545300890109449821e+00
8.308800000000179352e+03 1.408742667740701116e+00
8.309600000000180444e+03 1.323135859453345553e+00
8.310400000000179716e+03 1.370192191132112436e+00
8.311200000000178989e+03 1.558038389318647354e+00
8.312000000000180080e+03 1.719043930294657407e+00
8.312800000000181171e+03 1.816401115100930497e+00
8.313600000000180444e+03 1.673278384024850851e+00
8.314400000000179716e+03 1.322026454289127129e+00
8.315200000000180808e+03 1.222036687026073043e+00
8.316000000000181899e+03 1.324560764146511804e+00
8.316800000000181171e+03 1.484378579564348044e+00
8.317600000000180444e+03 1.604681045349149127e+00
8.318400000000181535e+03 1.585018209258899580e+00
8.319200000000182627e+03 1.565061224485899682e+00
8.320000000000181899e+03 1.615116688175354920e+00
8.320800000000181171e+03 1.631833792924728410e+00
8.321600000000182263e+03 1.628538788438060880e+00
8.322400000000183354e+03 1.640285234662482550e+00
8.323200000000182627e+03 1.656619559206117476e+00
8.324000000000181899e+03 1.611730107460961348e+00
8.324800000000182990e+03 1.580005133170640397e+00
8.325600000000184082e+03 1.652620145913978877e+00
8.326400000000183354e+03 1.616649926519231784e+00
8.327200000000182627e+03 1.434549407281076494e+00
8.328000000000183718e+03 1.258384911792148619e+00
8.328800000000184809e+03 1.285140203410062520e+00
8.329600000000184082e+03 1.377663398111006909e+00
8.330400000000183354e+03 1.388315577107255949e+00
8.331200000000184446e+03 1.351838017090216670e+00
8.332000000000185537e+03 1.371318221294231865e+00
8.332800000000184809e+03 1.530938941703704037e+00
8.333600000000184082e+03 1.679048259574341451e+00
8.334400000000185173e+03 1.726568886514113998e+00
8.335200000000186265e+03 1.696330599873105527e+00
8.336000000000185537e+03 1.587896016416822764e+00
8.336800000000184809e+03 1.520064722173459337e+00
8.337600000000185901e+03 1.477192072413137547e+00
8.338400000000186992e+03 1.385966238474692247e+00
8.339200000000186265e+03 1.373849332228688880e+00
8.340000000000185537e+03 1.437905748286809615e+00
8.340800000000186628e+03 1.418780569054957974e+00
8.341600000000187720e+03 1.357188218424330461e+00
8.342400000000186992e+03 1.362245604322993131e+00
8.343200000000186265e+03 1.475737911413882220e+00
8.344000000000187356e+03 1.647128660069836048e+00
8.344800000000188447e+03 1.834428777595364490e+00
8.345600000000187720e+03 1.825162462859162282e+00
8.346400000000186992e+03 1.815549949366908500e+00
8.347200000000188084e+03 2.025286646359853115e+00
8.348000000000189175e+03 1.754106846341431547e+00
8.348800000000188447e+03 1.692815079127332645e+00
8.349600000000187720e+03 1.827209075682820760e+00
8.350400000000188811e+03 1.799385831482540166e+00
8.351200000000189902e+03 1.724303087835105330e+00
8.352000000000189175e+03 1.696447479530675428e+00
8.352800000000188447e+03 1.721872051174202500e+00
8.353600000000189539e+03 1.617241844465334921e+00
8.354400000000190630e+03 1.373549905191608023e+00
8.355200000000189902e+03 1.265325117387658738e+00
8.356000000000189175e+03 1.411289236841246630e+00
8.356800000000190266e+03 1.533650353195940896e+00
8.357600000000191358e+03 1.537950285134581874e+00
8.358400000000190630e+03 1.579107889075978877e+00
8.359200000000189902e+03 1.669390451832363897e+00
8.360000000000190994e+03 1.627995617325825650e+00
8.360800000000192085e+03 1.600039349992107285e+00
8.361600000000191358e+03 1.717134013095626077e+00
8.362400000000190630e+03 1.771630044337480392e+00
8.363200000000191721e+03 1.787925558548778104e+00
8.364000000000192813e+03 1.822771089192579019e+00
8.364800000000192085e+03 1.822623377545526058e+00
8.365600000000191358e+03 1.877115279825988914e+00
8.366400000000192449e+03 1.906610497732788012e+00
8.367200000000193540e+03 1.714565726708843219e+00
8.368000000000192813e+03 1.540972444226719862e+00
8.368800000000192085e+03 1.601004594528152802e+00
8.369600000000193177e+03 1.650843615246023965e+00
8.370400000000194268e+03 1.768631467538069657e+00
8.371200000000193540e+03 1.847795271520898286e+00
8.372000000000192813e+03 1.724106330134727028e+00
8.372800000000193904e+03 1.510134450934867090e+00
8.373600000000194996e+03 1.385261519494708660e+00
8.374400000000194268e+03 1.473759392751252673e+00
8.375200000000193540e+03 1.597096438582042754e+00
8.376000000000194632e+03 1.539642687596387782e+00
8.376800000000195723e+03 1.481938326482458823e+00
8.377600000000194996e+03 1.452711942784102428e+00
8.378400000000194268e+03 1.393559790354640171e+00
8.379200000000195359e+03 1.418815575623252556e+00
8.380000000000196451e+03 1.533352015453441242e+00
8.380800000000195723e+03 1.644740229779210861e+00
8.381600000000194996e+03 1.727013164345033047e+00
8.382400000000196087e+03 1.763121228205029478e+00
8.383200000000197178e+03 1.704559484092983190e+00
8.384000000000196451e+03 1.615961557522473946e+00
8.384800000000195723e+03 1.429135023971955354e+00
8.385600000000196815e+03 1.087653728424307964e+00
8.386400000000197906e+03 1.038457633699815474e+00
8.387200000000197178e+03 1.356176220227927720e+00
8.388000000000196451e+03 1.662029333094095174e+00
8.388800000000197542e+03 1.731620139234008260e+00
8.389600000000198634e+03 1.682288109495996054e+00
8.390400000000197906e+03 1.598228184326221379e+00
8.391200000000197178e+03 1.525713515770560580e+00
8.392000000000198270e+03 1.500314698616203479e+00
8.392800000000199361e+03 1.492241768780244948e+00
8.393600000000198634e+03 1.539526845358454743e+00
8.394400000000197906e+03 1.661290779999602840e+00
8.395200000000198997e+03 1.649929530715960491e+00
8.396000000000200089e+03 1.521065981000583989e+00
8.396800000000199361e+03 1.451767762423881614e+00
8.397600000000198634e+03 1.480433848072022496e+00
8.398400000000199725e+03 1.522159641157980969e+00
8.399200000000200816e+03 1.489523961644773076e+00
8.400000000000200089e+03 1.399712123094364546e+00
8.400800000000199361e+03 1.338122605119256736e+00
8.401600000000200453e+03 1.598393065056354700e+00
8.402400000000201544e+03 1.823661745584108429e+00
8.403200000000200816e+03 1.407783419125825830e+00
8.404000000000200089e+03 1.114539821103544215e+00
8.404800000000201180e+03 1.260183400388938058e+00
8.405600000000202272e+03 1.433954509111770914e+00
8.406400000000201544e+03 1.530567872687445430e+00
8.407200000000200816e+03 1.610918840935368745e+00
8.408000000000201908e+03 1.642812983145023331e+00
8.408800000000202999e+03 1.561400554567939025e+00
8.409600000000202272e+03 1.503460892587064501e+00
8.410400000000201544e+03 1.503144187792256448e+00
8.411200000000202635e+03 1.491386050773312100e+00
8.412000000000203727e+03 1.544297405396594991e+00
8.412800000000202999e+03 1.605397730806564116e+00
8.413600000000202272e+03 1.614513168401085164e+00
8.414400000000203363e+03 1.688577143658684054e+00
8.415200000000204454e+03 1.826239198952477771e+00
8.416000000000203727e+03 1.935426216274193312e+00
8.416800000000202999e+03 1.848531676246780497e+00
8.417600000000204091e+03 1.451855422608306911e+00
8.418400000000205182e+03 1.222334308122996926e+00
8.419200000000204454e+03 1.375086857118580141e+00
8.420000000000203727e+03 1.525649606714400086e+00
8.420800000000204818e+03 1.541049451747087851e+00
8.421600000000205910e+03 1.549750831248377425e+00
8.422400000000205182e+03 1.446143070005548870e+00
8.423200000000204454e+03 1.380331117295396481e+00
8.424000000000205546e+03 1.480869950714521321e+00
8.424800000000206637e+03 1.643136502023234691e+00
8.425600000000205910e+03 1.759766705338259740e+00
8.426400000000205182e+03 1.824546954312479485e+00
8.427200000000206273e+03 1.778644574324162342e+00
8.428000000000207365e+03 1.592841107822271063e+00
8.428800000000206637e+03 1.552998331143650379e+00
8.429600000000205910e+03 1.646996521542348546e+00
8.430400000000207001e+03 1.722793271475958399e+00
8.431200000000208092e+03 1.913255571568440949e+00
8.432000000000207365e+03 1.938444688493076828e+00
8.432800000000206637e+03 1.820544969861729978e+00
8.433600000000207729e+03 1.801899691106241930e+00
8.434400000000208820e+03 1.594279539748153063e+00
8.435200000000208092e+03 1.563233014793639963e+00
8.436000000000207365e+03 1.632953960809237826e+00
8.436800000000208456e+03 1.627778326853357438e+00
8.437600000000209548e+03 1.548875529580840738e+00
8.438400000000208820e+03 1.481333631073935120e+00
8.439200000000208092e+03 1.486578649094788762e+00
8.440000000000209184e+03 1.553928321087471032e+00
8.440800000000210275e+03 1.596659057624248312e+00
8.441600000000209548e+03 1.565256233929430252e+00
8.442400000000208820e+03 1.578097407790938878e+00
8.443200000000209911e+03 1.676866288356894330e+00
8.444000000000211003e+03 1.674111488349342203e+00
8.444800000000210275e+03 1.622501942563805866e+00
8.445600000000209548e+03 1.620483233962286107e+00
8.446400000000210639e+03 1.703174711233132133e+00
8.447200000000211730e+03 1.860059270035124168e+00
8.448000000000211003e+03 1.866145268783462541e+00
8.448800000000210275e+03 1.782963055835367516e+00
8.449600000000211367e+03 1.730972149241053915e+00
8.450400000000212458e+03 1.689408886380463048e+00
8.451200000000211730e+03 1.701195344717987945e+00
8.452000000000211003e+03 1.674932785068409258e+00
8.452800000000212094e+03 1.567258161725809229e+00
8.453600000000213186e+03 1.537157477098784142e+00
8.454400000000212458e+03 1.638409245955313009e+00
8.455200000000211730e+03 1.650610868755495453e+00
8.456000000000212822e+03 1.603719227284012394e+00
8.456800000000213913e+03 1.608868149096814637e+00
8.457600000000213186e+03 1.657221796388027801e+00
8.458400000000212458e+03 1.700402714175055063e+00
8.459200000000213549e+03 1.668027070068212492e+00
8.460000000000214641e+03 1.592793029847320074e+00
8.460800000000213913e+03 1.553332046833505231e+00
8.461600000000213186e+03 1.570827760948130258e+00
8.462400000000214277e+03 1.640103233126559923e+00
8.463200000000215368e+03 1.825925557380578379e+00
8.464000000000214641e+03 1.947780480985829232e+00
8.464800000000213913e+03 1.888421961685186279e+00
8.465600000000215005e+03 1.805095789308986731e+00
8.466400000000216096e+03 1.750218809996822333e+00
8.467200000000215368e+03 1.755353110361915103e+00
8.468000000000214641e+03 1.890685190004796512e+00
8.468800000000215732e+03 1.929147540080288881e+00
8.469600000000216824e+03 1.823390462795706934e+00
8.470400000000216096e+03 1.712836089182366628e+00
8.471200000000215368e+03 1.741291741227794843e+00
8.472000000000216460e+03 1.837540030042044137e+00
8.472800000000217551e+03 1.903303840224510601e+00
8.473600000000216824e+03 1.808301443038426770e+00
8.474400000000216096e+03 1.680115880146823226e+00
8.475200000000217187e+03 1.781749512574579919e+00
8.476000000000218279e+03 1.876965435140569571e+00
8.476800000000217551e+03 1.797528807950805163e+00
8.477600000000216824e+03 1.753534517961457428e+00
8.478400000000217915e+03 1.760666359557132798e+00
8.479200000000219006e+03 1.732295884777865780e+00
8.480000000000218279e+03 1.764508828085461056e+00
8.480800000000217551e+03 1.835488979526956221e+00
8.481600000000218643e+03 1.806355598335076973e+00
8.482400000000219734e+03 1.726096394276328549e+00
8.483200000000219006e+03 1.664353047882966452e+00
8.484000000000218279e+03 1.574517886607636807e+00
8.484800000000219370e+03 1.555800222829907931e+00
8.485600000000220462e+03 1.617936104245154993e+00
8.486400000000219734e+03 1.640405187491152939e+00
8.487200000000219006e+03 1.646413338854545216e+00
8.488000000000220098e+03 1.718196989796631602e+00
8.488800000000221189e+03 1.760957494701153259e+00
8.489600000000220462e+03 1.679420024340130713e+00
8.490400000000219734e+03 1.580490245547730765e+00
8.491200000000220825e+03 1.588083138185506726e+00
8.492000000000221917e+03 1.604105195684700558e+00
8.492800000000221189e+03 1.602055887141434098e+00
8.493600000000220462e+03 1.660903243585792222e+00
8.494400000000221553e+03 1.666510366268064036e+00
8.495200000000222644e+03 1.577588991050759226e+00
8.496000000000221917e+03 1.570551604392213640e+00
8.496800000000221189e+03 1.558867031489637123e+00
8.497600000000222281e+03 1.443402504302947253e+00
8.498400000000223372e+03 1.398075930034222036e+00
8.499200000000222644e+03 1.461054673444907248e+00
8.500000000000221917e+03 1.490985341847079981e+00
8.500800000000223008e+03 1.513287919943181903e+00
8.501600000000224099e+03 1.522751888992353919e+00
8.502400000000223372e+03 1.515513963875838144e+00
8.503200000000222644e+03 1.563126721413268916e+00
8.504000000000223736e+03 1.619820083333012306e+00
8.504800000000224827e+03 1.600133109976117796e+00
8.505600000000224099e+03 1.762900945273470965e+00
8.506400000000223372e+03 1.884636836981927299e+00
8.507200000000224463e+03 1.542304795229203496e+00
8.508000000000225555e+03 1.275724407842411035e+00
8.508800000000224827e+03 1.435163307783864806e+00
8.509600000000224099e+03 1.576227899618103834e+00
8.510400000000225191e+03 1.657123895897552490e+00
8.511200000000226282e+03 1.749019596135074073e+00
8.512000000000225555e+03 1.782549684895843090e+00
8.512800000000224827e+03 1.729579325300599102e+00
8.513600000000225918e+03 1.725470338463828135e+00
8.514400000000227010e+03 1.801343908409201777e+00
8.515200000000226282e+03 1.922879602920555042e+00
8.516000000000225555e+03 1.944112595947830924e+00
8.516800000000226646e+03 1.797507095372213648e+00
8.517600000000227737e+03 1.649671252299042212e+00
8.518400000000227010e+03 1.616458425123724840e+00
8.519200000000226282e+03 1.674349558405928251e+00
8.520000000000227374e+03 1.706972078119792791e+00
8.520800000000228465e+03 1.653129556537527689e+00
8.521600000000227737e+03 1.693538389701908731e+00
8.522400000000227010e+03 1.810080045291915241e+00
8.523200000000228101e+03 1.775551616676799505e+00
8.524000000000229193e+03 1.600556282130120467e+00
8.524800000000228465e+03 1.544240578808372177e+00
8.525600000000227737e+03 1.727290097747126829e+00
8.526400000000228829e+03 1.868194113236377740e+00
8.527200000000229920e+03 1.837505120663414093e+00
8.528000000000229193e+03 1.784201017201007211e+00
8.528800000000228465e+03 1.736856521116136420e+00
8.529600000000229556e+03 1.678009939605675571e+00
8.530400000000230648e+03 1.657871406746825427e+00
8.531200000000229920e+03 1.608223179919834767e+00
8.532000000000229193e+03 1.608629258348823532e+00
8.532800000000230284e+03 1.697802856279492900e+00
8.533600000000231375e+03 1.710139073123644105e+00
8.534400000000230648e+03 1.680110940084824644e+00
8.535200000000229920e+03 1.685905048155426078e+00
8.536000000000231012e+03 1.755239395319672324e+00
8.536800000000232103e+03 1.817044662998085647e+00
8.537600000000231375e+03 1.821857753996053653e+00
8.538400000000230648e+03 1.778407110527658208e+00
8.539200000000231739e+03 1.785782400248023816e+00
8.540000000000232831e+03 1.848431817972875368e+00
8.540800000000232103e+03 1.870651192116759454e+00
8.541600000000231375e+03 1.835613903408896963e+00
8.542400000000232467e+03 1.827925561595707293e+00
8.543200000000233558e+03 1.944891914242980580e+00
8.544000000000232831e+03 2.102218862699260171e+00
8.544800000000232103e+03 2.211500804557426036e+00
8.545600000000233194e+03 2.203978425390471507e+00
8.546400000000234286e+03 2.014451778408941962e+00
8.547200000000233558e+03 1.855886838579392517e+00
8.548000000000232831e+03 1.880123069425073457e+00
8.548800000000233922e+03 1.954033910482141145e+00
8.549600000000235013e+03 1.926194057218368672e+00
8.550400000000234286e+03 1.748985886565686432e+00
8.551200000000233558e+03 1.712445001377956855e+00
8.552000000000234650e+03 1.889216013404879435e+00
8.552800000000235741e+03 1.814017913360223888e+00
8.553600000000235013e+03 1.607033300226995642e+00
8.554400000000234286e+03 1.549874374837372448e+00
8.555200000000235377e+03 1.594898127674022614e+00
8.556000000000236469e+03 1.626535722156624342e+00
8.556800000000235741e+03 1.668425309142455681e+00
8.557600000000235013e+03 1.766892051290409160e+00
8.558400000000236105e+03 1.827401076447445316e+00
8.559200000000237196e+03 1.743172998415058350e+00
8.560000000000236469e+03 1.610564949058781004e+00
8.560800000000235741e+03 1.553622452735891279e+00
8.561600000000236832e+03 1.607362705924992863e+00
8.562400000000237924e+03 1.667424581422755292e+00
8.563200000000237196e+03 1.663670292491318037e+00
8.564000000000236469e+03 1.612210111906852372e+00
8.564800000000237560e+03 1.581004252447227421e+00
8.565600000000238651e+03 1.588190384266593647e+00
8.566400000000237924e+03 1.672183641061208537e+00
8.567200000000237196e+03 1.753714969580745242e+00
8.568000000000238288e+03 1.801309296920653003e+00
8.568800000000239379e+03 1.734159844408380113e+00
8.569600000000238651e+03 1.676315961470325799e+00
8.570400000000237924e+03 1.724623295730673078e+00
8.571200000000239015e+03 1.771794248722689424e+00
8.572000000000240107e+03 1.796305898780407695e+00
8.572800000000239379e+03 1.811274522667334352e+00
8.573600000000238651e+03 1.793753809069533300e+00
8.574400000000239743e+03 1.781793370483642391e+00
8.575200000000240834e+03 1.800475706489677474e+00
8.576000000000240107e+03 1.786935156092478882e+00
8.576800000000239379e+03 1.700937595891955922e+00
8.577600000000240470e+03 1.647172549029640276e+00
8.578400000000241562e+03 1.636595759707390130e+00
8.579200000000240834e+03 1.658655376656560154e+00
8.580000000000240107e+03 1.725575818712488996e+00
8.580800000000241198e+03 1.731477113836683568e+00
8.581600000000242289e+03 1.727887441452328421e+00
8.582400000000241562e+03 1.749178480408236425e+00
8.583200000000240834e+03 1.748339208145775814e+00
8.584000000000241926e+03 1.769091142794773308e+00
8.584800000000243017e+03 1.842561609239080855e+00
8.585600000000242289e+03 1.987002706094678661e+00
8.586400000000241562e+03 2.030233227760029902e+00
8.587200000000242653e+03 1.912966349656210152e+00
8.588000000000243745e+03 1.774664256206551549e+00
8.588800000000243017e+03 1.740972584686684588e+00
8.589600000000242289e+03 1.789174813726602142e+00
8.590400000000243381e+03 1.689704376489673532e+00
8.591200000000244472e+03 1.524562321268617682e+00
8.592000000000243745e+03 1.524305040275967249e+00
8.592800000000243017e+03 1.641304789279680598e+00
8.593600000000244108e+03 1.735306224369239203e+00
8.594400000000245200e+03 1.779185793150302342e+00
8.595200000000244472e+03 1.776363331337002638e+00
8.596000000000243745e+03 1.760565221739978536e+00
8.596800000000244836e+03 1.685042934662552394e+00
8.597600000000245927e+03 1.558846332827308556e+00
8.598400000000245200e+03 1.514142012399851467e+00
8.599200000000244472e+03 1.555190568330895751e+00
8.600000000000245564e+03 1.591747716489401832e+00
8.600800000000246655e+03 1.598911023357381334e+00
8.601600000000245927e+03 1.615498153882284127e+00
8.602400000000245200e+03 1.641462924151432246e+00
8.603200000000246291e+03 1.619243674364226893e+00
8.604000000000247383e+03 1.536907691423889055e+00
8.604800000000246655e+03 1.524092363091403612e+00
8.605600000000245927e+03 1.575997840641979453e+00
8.606400000000247019e+03 1.564962942250606615e+00
8.607200000000248110e+03 1.542339713439228488e+00
8.608000000000247383e+03 1.586900597468379637e+00
8.608800000000246655e+03 1.626248318736139842e+00
8.609600000000247746e+03 1.595049617329719949e+00
8.610400000000248838e+03 1.521823676808006898e+00
8.611200000000248110e+03 1.436617662924611238e+00
8.612000000000247383e+03 1.403308905230089998e+00
8.612800000000248474e+03 1.466950743488955045e+00
8.613600000000249565e+03 1.651312085224740489e+00
8.614400000000248838e+03 1.878089219975248803e+00
8.615200000000248110e+03 1.880529435264033822e+00
8.616000000000249202e+03 1.726299271777347100e+00
8.616800000000250293e+03 1.655192651697718897e+00
8.617600000000249565e+03 1.645107099021311914e+00
8.618400000000248838e+03 1.582718277718698108e+00
8.619200000000249929e+03 1.538389794448750347e+00
8.620000000000251021e+03 1.485821484664384906e+00
8.620800000000250293e+03 1.488052418439181457e+00
8.621600000000249565e+03 1.628350498534099078e+00
8.622400000000250657e+03 1.702665920085023377e+00
8.623200000000251748e+03 1.522702185859715396e+00
8.624000000000251021e+03 1.302244656793861699e+00
8.624800000000250293e+03 1.323836365460587139e+00
8.625600000000251384e+03 1.557933255616244850e+00
8.626400000000252476e+03 1.625884585507674673e+00
8.627200000000251748e+03 1.454508846593600691e+00
8.628000000000251021e+03 1.595938185349548455e+00
8.628800000000252112e+03 1.989442343661260715e+00
8.629600000000253203e+03 1.962309901575568505e+00
8.630400000000252476e+03 1.785702849073312670e+00
8.631200000000251748e+03 1.678812088179960194e+00
8.632000000000252840e+03 1.680881661276712791e+00
8.632800000000253931e+03 1.801790648464859368e+00
8.633600000000253203e+03 1.726942107206300481e+00
8.634400000000252476e+03 1.500219672758162037e+00
8.635200000000253567e+03 1.245206266244782034e+00
8.636000000000254659e+03 1.214033224051801252e+00
8.636800000000253931e+03 1.489061815345757989e+00
8.637600000000253203e+03 1.649608782949160801e+00
8.638400000000254295e+03 1.733029077694516973e+00
8.639200000000255386e+03 1.890169712647312927e+00
8.640000000000254659e+03 2.040349962353755320e+00
8.640800000000253931e+03 2.072674835325353904e+00
8.641600000000255022e+03 1.994675910356838777e+00
8.642400000000256114e+03 1.854883145702112213e+00
8.643200000000255386e+03 1.755098970525315494e+00
8.644000000000254659e+03 1.659522706244503265e+00
8.644800000000255750e+03 1.634748270105987888e+00
8.645600000000256841e+03 1.643960258026440524e+00
8.646400000000256114e+03 1.670763019712839803e+00
8.647200000000255386e+03 1.712241155324577768e+00
8.648000000000256478e+03 1.664534385376527315e+00
8.648800000000257569e+03 1.564854702944760589e+00
8.649600000000256841e+03 1.557664205582110384e+00
8.650400000000256114e+03 1.693458670628428475e+00
8.651200000000257205e+03 1.811977529970389966e+00
8.652000000000258296e+03 1.817213092034988042e+00
8.652800000000257569e+03 1.726816579031288379e+00
8.653600000000256841e+03 1.715420654460365846e+00
8.654400000000257933e+03 1.776645719399328804e+00
8.655200000000259024e+03 1.774425947674997506e+00
8.656000000000258296e+03 1.695648832434482056e+00
8.656800000000257569e+03 1.621391734429231679e+00
8.657600000000258660e+03 1.549457413819474549e+00
8.658400000000259752e+03 1.485166588187941894e+00
8.659200000000259024e+03 1.462598842942815835e+00
8.660000000000258296e+03 1.573773058085848664e+00
8.660800000000259388e+03 1.554477542496057518e+00
8.661600000000260479e+03 1.453302396308241207e+00
8.662400000000259752e+03 1.605192311850124121e+00
8.663200000000259024e+03 1.968885762250327520e+00
8.664000000000260115e+03 2.026219870515086008e+00
8.664800000000261207e+03 1.924113192325007882e+00
8.665600000000260479e+03 1.996937388128691149e+00
8.666400000000259752e+03 2.098038873850578412e+00
8.667200000000260843e+03 1.801487259053100587e+00
8.668000000000261934e+03 1.214554875616629115e+00
8.668800000000261207e+03 8.393601531406920113e-01
8.669600000000260479e+03 1.048326923176746472e+00
8.670400000000261571e+03 1.601642099688423304e+00
8.671200000000262662e+03 1.941557908989990366e+00
8.672000000000261934e+03 1.942090473587804622e+00
8.672800000000261207e+03 1.739051560544656372e+00
8.673600000000262298e+03 1.589622084842374772e+00
8.674400000000263390e+03 1.572045620338524685e+00
8.675200000000262662e+03 1.620224873670496279e+00
8.676000000000261934e+03 1.601428303595359370e+00
8.676800000000263026e+03 1.634819766353476478e+00
8.677600000000264117e+03 1.758204686734606170e+00
8.678400000000263390e+03 1.725457453074191516e+00
8.679200000000262662e+03 1.552614404281874805e+00
8.680000000000263753e+03 1.509954236078324463e+00
8.680800000000264845e+03 1.649652980552400283e+00
8.681600000000264117e+03 1.849853832329729553e+00
8.682400000000263390e+03 1.971939816537083612e+00
8.683200000000264481e+03 1.975574901161432528e+00
8.684000000000265572e+03 1.861409248150345697e+00
8.684800000000264845e+03 1.777925077386715014e+00
8.685600000000264117e+03 1.720708673153291901e+00
8.686400000000265209e+03 1.746682588787360713e+00
8.687200000000266300e+03 1.750845351951631601e+00
8.688000000000265572e+03 1.697318712204076263e+00
8.688800000000264845e+03 1.711389714987409105e+00
8.689600000000265936e+03 1.824004372340137792e+00
8.690400000000267028e+03 1.809098533791299923e+00
8.691200000000266300e+03 1.674504821100198049e+00
8.692000000000265572e+03 1.683347128456315955e+00
8.692800000000266664e+03 1.811817647430595146e+00
8.693600000000267755e+03 1.861689982246741870e+00
8.694400000000267028e+03 1.810787683626885913e+00
8.695200000000266300e+03 1.674680967423821887e+00
8.696000000000267391e+03 1.605593933520584660e+00
8.696800000000268483e+03 1.609445572621871712e+00
8.697600000000267755e+03 1.671406788193718462e+00
8.698400000000267028e+03 1.746829249408716533e+00
8.699200000000268119e+03 1.745589156717814117e+00
8.700000000000269210e+03 1.780098629735591409e+00
8.700800000000268483e+03 1.816059324644983430e+00
8.701600000000267755e+03 1.798191427715348567e+00
8.702400000000268847e+03 1.656705081455884132e+00
8.703200000000269938e+03 1.534149667613570411e+00
8.704000000000269210e+03 1.651768641747146660e+00
8.704800000000268483e+03 1.769686996163057024e+00
8.705600000000269574e+03 1.701728281463366965e+00
8.706400000000270666e+03 1.653758904378567651e+00
8.707200000000269938e+03 1.676743899398193349e+00
8.708000000000269210e+03 1.646978038895840379e+00
8.708800000000270302e+03 1.607708265844709716e+00
8.709600000000271393e+03 1.688727019587992428e+00
8.710400000000270666e+03 1.786258213119987559e+00
8.711200000000269938e+03 1.814240467416078140e+00
8.712000000000271029e+03 1.791455816885665353e+00
8.712800000000272121e+03 1.722793866076503200e+00
8.713600000000271393e+03 1.672215927173203109e+00
8.714400000000270666e+03 1.628256199519508396e+00
8.715200000000271757e+03 1.583105947751228371e+00
8.716000000000272848e+03 1.579553285125027795e+00
8.716800000000272121e+03 1.611280311355605566e+00
8.717600000000271393e+03 1.600975656633140787e+00
8.718400000000272485e+03 1.673496135443992339e+00
8.719200000000273576e+03 1.796817967909861924e+00
8.720000000000272848e+03 1.792770335022430217e+00
8.720800000000272121e+03 1.750360324179627725e+00
8.721600000000273212e+03 1.783585703671192846e+00
8.722400000000274304e+03 1.876979847461467177e+00
8.723200000000273576e+03 1.892608490082632322e+00
8.724000000000272848e+03 1.773301188394350802e+00
8.724800000000273940e+03 1.657299253380417614e+00
8.725600000000275031e+03 1.670641063425512218e+00
8.726400000000274304e+03 1.743439886973393804e+00
8.727200000000273576e+03 1.734932731817478535e+00
8.728000000000274667e+03 1.769901765680185424e+00
8.728800000000275759e+03 1.899149888540198283e+00
8.729600000000275031e+03 1.927278255359608172e+00
8.730400000000274304e+03 1.876197869485040748e+00
8.731200000000275395e+03 1.886276469487159879e+00
8.732000000000276486e+03 1.835469148463113820e+00
8.732800000000275759e+03 1.738898914214076274e+00
8.733600000000275031e+03 1.677920446956642664e+00
8.734400000000276123e+03 1.717061853086021772e+00
8.735200000000277214e+03 1.842258995172055602e+00
8.736000000000276486e+03 1.850905632850950777e+00
8.736800000000275759e+03 1.685120910246612924e+00
8.737600000000276850e+03 1.585459745627185946e+00
8.738400000000277942e+03 1.631676193969154642e+00
8.739200000000277214e+03 1.662917646582324327e+00
8.740000000000276486e+03 1.622302736886076957e+00
8.740800000000277578e+03 1.582505961095711289e+00
8.741600000000278669e+03 1.684645696763967138e+00
8.742400000000277942e+03 1.864817520279120178e+00
8.743200000000277214e+03 1.827169485240768054e+00
8.744000000000278305e+03 1.655976908034615391e+00
8.744800000000279397e+03 1.592517259537914232e+00
8.745600000000278669e+03 1.546369199393870852e+00
8.746400000000277942e+03 1.481316480283973780e+00
8.747200000000279033e+03 1.496062811044672980e+00
8.748000000000280124e+03 1.545735464770324974e+00
8.748800000000279397e+03 1.686889616873029851e+00
8.749600000000278669e+03 1.831023065533393002e+00
8.750400000000279761e+03 1.822896528574359909e+00
8.751200000000280852e+03 1.727938633900365728e+00
8.752000000000280124e+03 1.574867273193476525e+00
8.752800000000279397e+03 1.486739261647315846e+00
8.753600000000280488e+03 1.536432385991643113e+00
8.754400000000281580e+03 1.638205182790320569e+00
8.755200000000280852e+03 1.667714232527372165e+00
8.756000000000280124e+03 1.574728599465534895e+00
8.756800000000281216e+03 1.596171400897297143e+00
8.757600000000282307e+03 1.752732351981998171e+00
8.758400000000281580e+03 1.861156824752832950e+00
8.759200000000280852e+03 1.876387751170106810e+00
8.760000000000281943e+03 1.905743898720602125e+00
8.760800000000283035e+03 1.934473845101324363e+00
8.761600000000282307e+03 1.924934374714586394e+00
8.762400000000281580e+03 1.830132425550202280e+00
8.763200000000282671e+03 1.549304922486089975e+00
8.764000000000283762e+03 1.212678714245094103e+00
8.764800000000283035e+03 1.276372753215273992e+00
8.765600000000282307e+03 1.526278483222042404e+00
8.766400000000283399e+03 1.613008675518206037e+00
8.767200000000284490e+03 1.716238421855812879e+00
8.768000000000283762e+03 1.824555566311515609e+00
8.768800000000283035e+03 1.933702555452372351e+00
8.769600000000284126e+03 2.030858736096575079e+00
8.770400000000285218e+03 1.800463602266184848e+00
8.771200000000284490e+03 1.551541146625134093e+00
8.772000000000283762e+03 1.591840857058274494e+00
8.772800000000284854e+03 1.852265118175248304e+00
8.773600000000285945e+03 1.938232091571111315e+00
8.774400000000285218e+03 1.817416631569267915e+00
8.775200000000284490e+03 1.657389564009358551e+00
8.776000000000285581e+03 1.562298558740546017e+00
8.776800000000286673e+03 1.558648696022932434e+00
8.777600000000285945e+03 1.519821089188677865e+00
8.778400000000285218e+03 1.514338354955991006e+00
8.779200000000286309e+03 1.694719631059778298e+00
8.780000000000287400e+03 1.693660820030343572e+00
8.780800000000286673e+03 1.412008868118082461e+00
8.781600000000285945e+03 1.264975292793204975e+00
8.782400000000287037e+03 1.196568812283371086e+00
8.783200000000288128e+03 1.165714765010223086e+00
8.784000000000287400e+03 1.352578655958678322e+00
8.784800000000286673e+03 1.613680072907605734e+00
8.785600000000287764e+03 1.714354509621931699e+00
8.786400000000288856e+03 1.642326567224841272e+00
8.787200000000288128e+03 1.573152393591018328e+00
8.788000000000287400e+03 1.672428140931188079e+00
8.788800000000288492e+03 1.754303852439810907e+00
8.789600000000289583e+03 1.675127289098643946e+00
8.790400000000288856e+03 1.539451746053727810e+00
8.791200000000288128e+03 1.539419868578316031e+00
8.792000000000289219e+03 1.683770308450921016e+00
8.792800000000290311e+03 1.856224520383640719e+00
8.793600000000289583e+03 1.995817116454237317e+00
8.794400000000288856e+03 2.006743540099469314e+00
8.795200000000289947e+03 1.811469797212664101e+00
8.796000000000291038e+03 1.700949399846513943e+00
8.796800000000290311e+03 1.738852991332367814e+00
8.797600000000289583e+03 1.778708107877606803e+00
8.798400000000290675e+03 1.818432249246563881e+00
8.799200000000291766e+03 1.816755285995923508e+00
8.800000000000291038e+03 1.794568992819864262e+00
8.800800000000290311e+03 1.788740099688817198e+00
8.801600000000291402e+03 1.819292905114253456e+00
8.802400000000292493e+03 1.830086337751188452e+00
8.803200000000291766e+03 1.771126862205070429e+00
8.804000000000291038e+03 1.694700252562731935e+00
8.804800000000292130e+03 1.701357743164094938e+00
8.805600000000293221e+03 1.776970402845952313e+00
8.806400000000292493e+03 1.864810005195454146e+00
8.807200000000291766e+03 1.912513177188426061e+00
8.808000000000292857e+03 1.951872125746954678e+00
8.808800000000293949e+03 1.968395573194448023e+00
8.809600000000293221e+03 1.840708945248311412e+00
8.810400000000292493e+03 1.764395484659458502e+00
8.811200000000293585e+03 1.847653675541004015e+00
8.812000000000294676e+03 1.865439936346958261e+00
8.812800000000293949e+03 1.836070609082431471e+00
8.813600000000293221e+03 1.816899190168582479e+00
8.814400000000294312e+03 1.803213949211077916e+00
8.815200000000295404e+03 1.761060281571543484e+00
8.816000000000294676e+03 1.728415652894889520e+00
8.816800000000293949e+03 1.753432700753598805e+00
8.817600000000295040e+03 1.813706757204549325e+00
8.818400000000296131e+03 1.798144866820375665e+00
8.819200000000295404e+03 1.746793505330183738e+00
8.820000000000294676e+03 1.777280934842470295e+00
8.820800000000295768e+03 1.798143167418249977e+00
8.821600000000296859e+03 1.707465175108402899e+00
8.822400000000296131e+03 1.646766875947970554e+00
8.823200000000295404e+03 1.713444450523504248e+00
8.824000000000296495e+03 1.814382823419752544e+00
8.824800000000297587e+03 1.893055473485448559e+00
8.825600000000296859e+03 1.885081210577059352e+00
8.826400000000296131e+03 1.893976721450143508e+00
8.827200000000297223e+03 1.948667972103319768e+00
8.828000000000298314e+03 1.911326085866342783e+00
8.828800000000297587e+03 1.628652687146323608e+00
8.829600000000296859e+03 1.201039306290703657e+00
8.830400000000297950e+03 1.088342528430866540e+00
8.831200000000299042e+03 1.223264917954942854e+00
8.832000000000298314e+03 1.228565540427312364e+00
8.832800000000297587e+03 1.314399765646390161e+00
8.833600000000298678e+03 1.374122606623029874e+00
8.834400000000299769e+03 1.391180793079659805e+00
8.835200000000299042e+03 1.474118172315563413e+00
8.836000000000298314e+03 1.686302092113376672e+00
8.836800000000299406e+03 1.737976301695819625e+00
8.837600000000300497e+03 1.576407171984361977e+00
8.838400000000299769e+03 1.536808162357779395e+00
8.839200000000299042e+03 1.733523895168092910e+00
8.840000000000300133e+03 1.764569308154065652e+00
8.840800000000301225e+03 1.664437219552790115e+00
8.841600000000300497e+03 1.565354792719771737e+00
8.842400000000299769e+03 1.574432280575902343e+00
8.843200000000300861e+03 1.696036809939304835e+00
8.844000000000301952e+03 1.826782351354713008e+00
8.844800000000301225e+03 1.839485993119713836e+00
8.845600000000300497e+03 1.772940276823269823e+00
8.846400000000301588e+03 1.784227584584380910e+00
8.847200000000302680e+03 1.948298477073047597e+00
8.848000000000301952e+03 2.001371994294512291e+00
8.848800000000301225e+03 1.868098759306725976e+00
8.849600000000302316e+03 1.860711269055461248e+00
8.850400000000303407e+03 1.995979398015290673e+00
8.851200000000302680e+03 1.867117601332000110e+00
8.852000000000301952e+03 1.360714588772425904e+00
8.852800000000303044e+03 1.020665973328078069e+00
8.853600000000304135e+03 1.150256324384806517e+00
8.854400000000303407e+03 1.437869434707039318e+00
8.855200000000302680e+03 1.714343990880800472e+00
8.856000000000303771e+03 1.889786400760696150e+00
8.856800000000304863e+03 1.871819536758159375e+00
8.857600000000304135e+03 1.764067337868703511e+00
8.858400000000303407e+03 1.680116943267845775e+00
8.859200000000304499e+03 1.662404056717077250e+00
8.860000000000305590e+03 1.694510321559698829e+00
8.860800000000304863e+03 1.747347040923450390e+00
8.861600000000304135e+03 1.778974639456906814e+00
8.862400000000305226e+03 1.786298643004326836e+00
8.863200000000306318e+03 1.774892266952057707e+00
8.864000000000305590e+03 1.704974045885233824e+00
8.864800000000304863e+03 1.610756979233778363e+00
8.865600000000305954e+03 1.648730716975530530e+00
8.866400000000307045e+03 1.789048897202086152e+00
8.867200000000306318e+03 1.801475057238358435e+00
8.868000000000305590e+03 1.669750667632813101e+00
8.868800000000306682e+03 1.465642031479430729e+00
8.869600000000307773e+03 1.347932992121915419e+00
8.870400000000307045e+03 1.450919019865467341e+00
8.871200000000306318e+03 1.704458430022428583e+00
8.872000000000307409e+03 1.887037841984268161e+00
8.872800000000308501e+03 1.779552456284481110e+00
8.873600000000307773e+03 1.653607218652743516e+00
8.874400000000307045e+03 1.624889442149633823e+00
8.875200000000308137e+03 1.674238801378954644e+00
8.876000000000309228e+03 1.711744327511039110e+00
8.876800000000308501e+03 1.671213921534956626e+00
8.877600000000307773e+03 1.627311513372343255e+00
8.878400000000308864e+03 1.589386216201956081e+00
8.879200000000309956e+03 1.531496837320592830e+00
8.880000000000309228e+03 1.517737976454964777e+00
8.880800000000308501e+03 1.600412874914745931e+00
8.881600000000309592e+03 1.671986584751697702e+00
8.882400000000310683e+03 1.724330368407753555e+00
8.883200000000309956e+03 1.727986972195417970e+00
8.884000000000309228e+03 1.733679888820311543e+00
8.884800000000310320e+03 1.762351865488453795e+00
8.885600000000311411e+03 1.754178155121854488e+00
8.886400000000310683e+03 1.871206472891181249e+00
8.887200000000309956e+03 1.965836135400946594e+00
8.888000000000311047e+03 1.872269696190234534e+00
8.888800000000312139e+03 1.740768717194831616e+00
8.889600000000311411e+03 1.717161836937346253e+00
8.890400000000310683e+03 1.740699313760587064e+00
8.891200000000311775e+03 1.606628747733304330e+00
8.892000000000312866e+03 1.568304575470785833e+00
8.892800000000312139e+03 1.737389910013523053e+00
8.893600000000311411e+03 1.794555753810890941e+00
8.894400000000312502e+03 1.687575581386210555e+00
8.895200000000313594e+03 1.599031084755756726e+00
8.896000000000312866e+03 1.615926291240237900e+00
8.896800000000312139e+03 1.610288875625463190e+00
8.897600000000313230e+03 1.620147539812109905e+00
8.898400000000314321e+03 1.764855691000549065e+00
8.899200000000313594e+03 1.929729125269572743e+00
8.900000000000312866e+03 1.917629948592439737e+00
8.900800000000313958e+03 1.788159331187254564e+00
8.901600000000315049e+03 1.721066391207220825e+00
8.902400000000314321e+03 1.736174369365973913e+00
8.903200000000313594e+03 1.757256616730215271e+00
8.904000000000314685e+03 1.716951824442974228e+00
8.904800000000315777e+03 1.641344098177424771e+00
8.905600000000315049e+03 1.581207818888740402e+00
8.906400000000314321e+03 1.807652250303035668e+00
8.907200000000315413e+03 2.157373776753874761e+00
8.908000000000316504e+03 2.006497092450167941e+00
8.908800000000315777e+03 1.777219051621322654e+00
8.909600000000315049e+03 1.656014199114195007e+00
8.910400000000316140e+03 1.507156900472007788e+00
8.911200000000317232e+03 1.455341090520846148e+00
8.912000000000316504e+03 1.507188390139745593e+00
8.912800000000315777e+03 1.581689285756486152e+00
8.913600000000316868e+03 1.614523166642748198e+00
8.914400000000317959e+03 1.663658503246961295e+00
8.915200000000317232e+03 1.702372413116268079e+00
8.916000000000316504e+03 1.675943600372042930e+00
8.916800000000317596e+03 1.662512000090119901e+00
8.917600000000318687e+03 1.621645349948540371e+00
8.918400000000317959e+03 1.523293139136687291e+00
8.919200000000317232e+03 1.521975729189557036e+00
8.920000000000318323e+03 1.641836242590847261e+00
8.920800000000319415e+03 1.741188819838733526e+00
8.921600000000318687e+03 1.707941614706029121e+00
8.922400000000317959e+03 1.915193780892421760e+00
8.923200000000319051e+03 2.346281181532635429e+00
8.924000000000320142e+03 2.133699484457571405e+00
8.924800000000319415e+03 1.792278969848720260e+00
8.925600000000318687e+03 1.765773602464550729e+00
8.926400000000319778e+03 1.764558606529171625e+00
8.927200000000320870e+03 1.681430686077233450e+00
8.928000000000320142e+03 1.555302393395804117e+00
8.928800000000319415e+03 1.529217187342203799e+00
8.929600000000320506e+03 1.637166519104552354e+00
8.930400000000321597e+03 1.702112748658741515e+00
8.931200000000320870e+03 1.642319604268415167e+00
8.932000000000320142e+03 1.630860104325458693e+00
8.932800000000321234e+03 1.630235058111784152e+00
8.933600000000322325e+03 1.497678491825938707e+00
8.934400000000321597e+03 1.359627623711696653e+00
8.935200000000320870e+03 1.343735030055740687e+00
8.936000000000321961e+03 1.468008743780920611e+00
8.936800000000323053e+03 1.604700469149877629e+00
8.937600000000322325e+03 1.652804064134269613e+00
8.938400000000321597e+03 1.686769819627188749e+00
8.939200000000322689e+03 1.757847388984950188e+00
8.940000000000323780e+03 1.824110786685135821e+00
8.940800000000323053e+03 1.851392628487370740e+00
8.941600000000322325e+03 1.772551109596474106e+00
8.942400000000323416e+03 1.717002792785368825e+00
8.943200000000324508e+03 1.750643690545855335e+00
8.944000000000323780e+03 1.806605480265500052e+00
8.944800000000323053e+03 1.996928117751325615e+00
8.945600000000324144e+03 2.241192839805527637e+00
8.946400000000325235e+03 2.221857744963411818e+00
8.947200000000324508e+03 1.861424272167803817e+00
8.948000000000323780e+03 1.802873829460590605e+00
8.948800000000324872e+03 1.841960076669689528e+00
8.949600000000325963e+03 1.793541584696928481e+00
8.950400000000325235e+03 1.817930706254183626e+00
8.951200000000324508e+03 1.861058100402610993e+00
8.952000000000325599e+03 1.924944576572651833e+00
8.952800000000326690e+03 1.896509883327293089e+00
8.953600000000325963e+03 1.725834864743496233e+00
8.954400000000325235e+03 1.662483898236018387e+00
8.955200000000326327e+03 1.608739392071845131e+00
8.956000000000327418e+03 1.521243221307293503e+00
8.956800000000326690e+03 1.518334586213874182e+00
8.957600000000325963e+03 1.631330029852942953e+00
8.958400000000327054e+03 1.790550784247518346e+00
8.959200000000328146e+03 1.813791905324877440e+00
8.960000000000327418e+03 1.714052727357821881e+00
8.960800000000326690e+03 1.659748448828699985e+00
8.961600000000327782e+03 1.599791173839978597e+00
8.962400000000328873e+03 1.561455013812997672e+00
8.963200000000328146e+03 1.629458218844072492e+00
8.964000000000327418e+03 1.731481843643025265e+00
8.964800000000328509e+03 1.694616761732167909e+00
8.965600000000329601e+03 1.604205459215994889e+00
8.966400000000328873e+03 1.524388905066603295e+00
8.967200000000328146e+03 1.456976014307619582e+00
8.968000000000329237e+03 1.447246002740687487e+00
8.968800000000330328e+03 1.470229322492115465e+00
8.969600000000329601e+03 1.510351959015139744e+00
8.970400000000328873e+03 1.503390034273184961e+00
8.971200000000329965e+03 1.463959092779906435e+00
8.972000000000331056e+03 1.534509485746708757e+00
8.972800000000330328e+03 1.699114905113337404e+00
8.973600000000329601e+03 1.808078314239135009e+00
8.974400000000330692e+03 1.885416982067639635e+00
8.975200000000331784e+03 1.846638337719816558e+00
8.976000000000331056e+03 1.668973962291077306e+00
8.976800000000330328e+03 1.519503111533704987e+00
8.977600000000331420e+03 1.446067175993977383e+00
8.978400000000332511e+03 1.470872031046323913e+00
8.979200000000331784e+03 1.641933813339796266e+00
8.980000000000331056e+03 1.803913399067125667e+00
8.980800000000332147e+03 1.781318235605932720e+00
8.981600000000333239e+03 1.707319502358859209e+00
8.982400000000332511e+03 1.752457712411253699e+00
8.983200000000331784e+03 1.807544368006483548e+00
8.984000000000332875e+03 1.942243183057398292e+00
8.984800000000333966e+03 2.007564155033025877e+00
8.985600000000333239e+03 1.871238564864648346e+00
8.986400000000332511e+03 1.720485524915172260e+00
8.987200000000333603e+03 1.681293435573143480e+00
8.988000000000334694e+03 1.697921795011993362e+00
8.988800000000333966e+03 1.679293368218442772e+00
8.989600000000333239e+03 1.534792689987106495e+00
8.990400000000334330e+03 1.369057438289325468e+00
8.991200000000335422e+03 1.374956872550750830e+00
8.992000000000334694e+03 1.386461637579873063e+00
8.992800000000333966e+03 1.438911167003452229e+00
8.993600000000335058e+03 1.571208718167231400e+00
8.994400000000336149e+03 1.624434327491856900e+00
8.995200000000335422e+03 1.663428625909947112e+00
8.996000000000334694e+03 1.605250763944026993e+00
8.996800000000335785e+03 1.584293734468383175e+00
8.997600000000336877e+03 1.629171085854963064e+00
8.998400000000336149e+03 1.660654103114307611e+00
8.999200000000335422e+03 1.639543374196656078e+00
9.000000000000336513e+03 1.656007837765273827e+00
9.000800000000337604e+03 1.773138911490645730e+00
9.001600000000336877e+03 1.767785101185838759e+00
9.002400000000336149e+03 1.610207942210016396e+00
9.003200000000337241e+03 1.509196948351941847e+00
9.004000000000338332e+03 1.858991992489485545e+00
9.004800000000337604e+03 2.270331577165316528e+00
9.005600000000336877e+03 1.966082594079371582e+00
9.006400000000337968e+03 1.620230982448202184e+00
9.007200000000339060e+03 1.592976309745686603e+00
9.008000000000338332e+03 1.649122516662623550e+00
9.008800000000337604e+03 1.683496120142901065e+00
9.009600000000338696e+03 1.692332285769449385e+00
9.010400000000339787e+03 1.710472380706048678e+00
9.011200000000339060e+03 1.685339382369675842e+00
9.012000000000338332e+03 1.715219813442820707e+00
9.012800000000339423e+03 1.777241282639488107e+00
9.013600000000340515e+03 1.758999244754329006e+00
9.014400000000339787e+03 1.710011289295280790e+00
9.015200000000339060e+03 1.696945797408363488e+00
9.016000000000340151e+03 1.728104826483187084e+00
9.016800000000341242e+03 1.765665324578203688e+00
9.017600000000340515e+03 1.759740325747269685e+00
9.018400000000339787e+03 1.743570224858800977e+00
9.019200000000340879e+03 1.807082772294324791e+00
9.020000000000341970e+03 1.824890763213431466e+00
9.020800000000341242e+03 1.729100786834310455e+00
9.021600000000340515e+03 1.714706434235619081e+00
9.022400000000341606e+03 1.853269130811779020e+00
9.023200000000342698e+03 1.921113811968902407e+00
9.024000000000341970e+03 1.762221378771183122e+00
9.024800000000341242e+03 1.588205754472373998e+00
9.025600000000342334e+03 1.492636926083368731e+00
9.026400000000343425e+03 1.449933183360619493e+00
9.027200000000342698e+03 1.581222523439548722e+00
9.028000000000341970e+03 1.730483671622812913e+00
9.028800000000343061e+03 1.705476287167696281e+00
9.029600000000344153e+03 1.596603461497531740e+00
9.030400000000343425e+03 1.510097122468663677e+00
9.031200000000342698e+03 1.516915402894118969e+00
9.032000000000343789e+03 1.634017590653398910e+00
9.032800000000344880e+03 1.692822490910592892e+00
9.033600000000344153e+03 1.605171997249689841e+00
9.034400000000343425e+03 1.569551172079639789e+00
9.035200000000344517e+03 1.614239510755669293e+00
9.036000000000345608e+03 1.668145108069229554e+00
9.036800000000344880e+03 1.763294601357270786e+00
9.037600000000344153e+03 1.810483027375592302e+00
9.038400000000345244e+03 1.669934016072805116e+00
9.039200000000346336e+03 1.504290411580918363e+00
9.040000000000345608e+03 1.423100983760636318e+00
9.040800000000344880e+03 1.431137098159612542e+00
9.041600000000345972e+03 1.537476327528267461e+00
9.042400000000347063e+03 1.509676817933897741e+00
9.043200000000346336e+03 1.501028826170843988e+00
9.044000000000345608e+03 1.695834268586200455e+00
9.044800000000346699e+03 1.857624089263486544e+00
9.045600000000347791e+03 1.822433644868694191e+00
9.046400000000347063e+03 1.733097429230803233e+00
9.047200000000346336e+03 1.765398239363678901e+00
9.048000000000347427e+03 1.855216915383214538e+00
9.048800000000348518e+03 1.860390412516581105e+00
9.049600000000347791e+03 1.808277410277228991e+00
9.050400000000347063e+03 1.757073627137299532e+00
9.051200000000348155e+03 1.802283305956587034e+00
9.052000000000349246e+03 1.993417544622366311e+00
9.052800000000348518e+03 2.007058095986152146e+00
9.053600000000347791e+03 1.606265686924225555e+00
9.054400000000348882e+03 1.407582247745972293e+00
9.055200000000349974e+03 1.542887804011404684e+00
9.056000000000349246e+03 1.684907200695362040e+00
9.056800000000348518e+03 1.806520274196603548e+00
9.057600000000349610e+03 1.815647246614382482e+00
9.058400000000350701e+03 1.710352934570642969e+00
9.059200000000349974e+03 1.633754270706201606e+00
9.060000000000349246e+03 1.657148722590124246e+00
9.060800000000350337e+03 1.714854136945646701e+00
9.061600000000351429e+03 1.735638487677677366e+00
9.062400000000350701e+03 1.667118547628646308e+00
9.063200000000349974e+03 1.678874811191158001e+00
9.064000000000351065e+03 1.797796015427266525e+00
9.064800000000352156e+03 1.818541762682885254e+00
9.065600000000351429e+03 1.674433941704578377e+00
9.066400000000350701e+03 1.584872382663892187e+00
9.067200000000351793e+03 1.698350530325606567e+00
9.068000000000352884e+03 1.820229870448126785e+00
9.068800000000352156e+03 1.814959992346924400e+00
9.069600000000351429e+03 1.677260810223031751e+00
9.070400000000352520e+03 1.531390760732726175e+00
9.071200000000353612e+03 1.503673465356151873e+00
9.072000000000352884e+03 1.518390634311834742e+00
9.072800000000352156e+03 1.411903443333553998e+00
9.073600000000353248e+03 1.424041924615917498e+00
9.074400000000354339e+03 1.547130404548840321e+00
9.075200000000353612e+03 1.620191410622135120e+00
9.076000000000352884e+03 1.658740123350885609e+00
9.076800000000353975e+03 1.656506878126484672e+00
9.077600000000355067e+03 1.598504947777533713e+00
9.078400000000354339e+03 1.675776076062046815e+00
9.079200000000353612e+03 1.806577859761560934e+00
9.080000000000354703e+03 1.845929545527287052e+00
9.080800000000355794e+03 1.807757620762804329e+00
9.081600000000355067e+03 1.843613702831130130e+00
9.082400000000354339e+03 2.043925330844221566e+00
9.083200000000355431e+03 2.099921696808394245e+00
9.084000000000356522e+03 1.948672167981496228e+00
9.084800000000355794e+03 1.810456937272160616e+00
9.085600000000355067e+03 1.836477372030064892e+00
9.086400000000356158e+03 1.838314141323673212e+00
9.087200000000357250e+03 1.734521504101149247e+00
9.088000000000356522e+03 1.691694474946082938e+00
9.088800000000355794e+03 1.704432368856594548e+00
9.089600000000356886e+03 1.724769665192133816e+00
9.090400000000357977e+03 1.747770020999092289e+00
9.091200000000357250e+03 1.701865055388020576e+00
9.092000000000356522e+03 1.590189937673922360e+00
9.092800000000357613e+03 1.665588785399654714e+00
9.093600000000358705e+03 1.789927908412612290e+00
9.094400000000357977e+03 1.872416671547350031e+00
9.095200000000357250e+03 1.857594887569952391e+00
9.096000000000358341e+03 1.731130069454944964e+00
9.096800000000359432e+03 1.702485102216943158e+00
9.097600000000358705e+03 1.659993911256423926e+00
9.098400000000357977e+03 1.609690810958949836e+00
9.099200000000359069e+03 1.635444374073748541e+00
9.100000000000360160e+03 1.683454783696673562e+00
9.100800000000359432e+03 1.719214386358993707e+00
9.101600000000358705e+03 1.711706455755593881e+00
9.102400000000359796e+03 1.650449061960366670e+00
9.103200000000360887e+03 1.646810232577834210e+00
9.104000000000360160e+03 1.664218471137480559e+00
9.104800000000359432e+03 1.580473907996175154e+00
9.105600000000360524e+03 1.597148627713692814e+00
9.106400000000361615e+03 1.738829492811166055e+00
9.107200000000360887e+03 1.790159566546305925e+00
9.108000000000360160e+03 1.629120424942941403e+00
9.108800000000361251e+03 1.609890216720671230e+00
9.109600000000362343e+03 1.713354167835584363e+00
9.110400000000361615e+03 1.689533775508827107e+00
9.111200000000360887e+03 1.659853606525015568e+00
9.112000000000361979e+03 1.672907925164288212e+00
9.112800000000363070e+03 1.705262809793195000e+00
9.113600000000362343e+03 1.736614371285948977e+00
9.114400000000361615e+03 1.791297611970236847e+00
9.115200000000362706e+03 1.779983507726105696e+00
9.116000000000363798e+03 1.790719717150546675e+00
9.116800000000363070e+03 1.876467488547786777e+00
9.117600000000362343e+03 1.862931132194757922e+00
9.118400000000363434e+03 1.816029978181993521e+00
9.119200000000364525e+03 1.773672556625704999e+00
9.120000000000363798e+03 1.770651749313392642e+00
9.120800000000363070e+03 1.880386782886937613e+00
9.121600000000364162e+03 1.948918937786686900e+00
9.122400000000365253e+03 1.829615373853853866e+00
9.123200000000364525e+03 1.696218832795342468e+00
9.124000000000363798e+03 1.576282478330587988e+00
9.124800000000364889e+03 1.546048016891484078e+00
9.125600000000365981e+03 1.682516545098112326e+00
9.126400000000365253e+03 1.742880219443759149e+00
9.127200000000364525e+03 1.742985333151213512e+00
9.128000000000365617e+03 1.826500022518109390e+00
9.128800000000366708e+03 1.880328184617541254e+00
9.129600000000365981e+03 1.853094988142202304e+00
9.130400000000365253e+03 1.788714769373931368e+00
9.131200000000366344e+03 1.761952623478897140e+00
9.132000000000367436e+03 1.754862631450469834e+00
9.132800000000366708e+03 1.766107444180206265e+00
9.133600000000365981e+03 1.789593051236941790e+00
9.134400000000367072e+03 1.758405378969626121e+00
9.135200000000368163e+03 1.673703015781791148e+00
9.136000000000367436e+03 1.613973088157250046e+00
9.136800000000366708e+03 1.633035560561597155e+00
9.137600000000367800e+03 1.717120170850019889e+00
9.138400000000368891e+03 1.844940689262360323e+00
9.139200000000368163e+03 1.904810607983515425e+00
9.140000000000367436e+03 1.849165185526688848e+00
9.140800000000368527e+03 1.796458811735163419e+00
9.141600000000369619e+03 1.785468572125609832e+00
9.142400000000368891e+03 1.820273603298114384e+00
9.143200000000368163e+03 1.728880965004873760e+00
9.144000000000369255e+03 1.558034277041306481e+00
9.144800000000370346e+03 1.603656986450944899e+00
9.145600000000369619e+03 1.805710158343733385e+00
9.146400000000368891e+03 1.955920103631225482e+00
9.147200000000369982e+03 1.975162537573542876e+00
9.148000000000371074e+03 1.953356056618433811e+00
9.148800000000370346e+03 1.974283841683005747e+00
9.149600000000369619e+03 2.031408758325885522e+00
9.150400000000370710e+03 1.962289749185432308e+00
9.151200000000371801e+03 1.756584180887105440e+00
9.152000000000371074e+03 1.571287723801300329e+00
9.152800000000370346e+03 1.584107878144743520e+00
9.153600000000371438e+03 1.815584333065800804e+00
9.154400000000372529e+03 2.000697644609425119e+00
9.155200000000371801e+03 2.066236913948991116e+00
9.156000000000371074e+03 2.116946551293794609e+00
9.156800000000372165e+03 1.950808296678993248e+00
9.157600000000373257e+03 1.757113379588180813e+00
9.158400000000372529e+03 1.805220204581985843e+00
9.159200000000371801e+03 1.904207819275121061e+00
9.160000000000372893e+03 1.924890342669888454e+00
9.160800000000373984e+03 1.861312541798057385e+00
9.161600000000373257e+03 1.859725964960438738e+00
9.162400000000372529e+03 1.924988985955085941e+00
9.163200000000373620e+03 1.990592966032729727e+00
9.164000000000374712e+03 2.022643029596387532e+00
9.164800000000373984e+03 1.860479393360082945e+00
9.165600000000373257e+03 1.726117829469182574e+00
9.166400000000374348e+03 1.734241298189654668e+00
9.167200000000375439e+03 1.822578340880491421e+00
9.168000000000374712e+03 1.919109042304835366e+00
9.168800000000373984e+03 1.964152161831982157e+00
9.169600000000375076e+03 1.909569234589927778e+00
9.170400000000376167e+03 1.885615216888774537e+00
9.171200000000375439e+03 1.932989749660678491e+00
9.172000000000374712e+03 1.874990287587924076e+00
9.172800000000375803e+03 1.795875870466363766e+00
9.173600000000376895e+03 1.830007876232893071e+00
9.174400000000376167e+03 1.923877271856036630e+00
9.175200000000375439e+03 1.927418238285655061e+00
9.176000000000376531e+03 1.814907728107083340e+00
9.176800000000377622e+03 1.743682519313209056e+00
9.177600000000376895e+03 1.790097904423564756e+00
9.178400000000376167e+03 1.817010713218466300e+00
9.179200000000377258e+03 1.797517763093626542e+00
9.180000000000378350e+03 1.791059687220247554e+00
9.180800000000377622e+03 1.698348421816941567e+00
9.181600000000376895e+03 1.602512825429491805e+00
9.182400000000377986e+03 1.623544130502845739e+00
9.183200000000379077e+03 1.667941832418193382e+00
9.184000000000378350e+03 1.660149955491546869e+00
9.184800000000377622e+03 1.686525841834737083e+00
9.185600000000378714e+03 1.798709443202921365e+00
9.186400000000379805e+03 1.884531095487272268e+00
9.187200000000379077e+03 1.901534048535564514e+00
9.188000000000378350e+03 1.846982966136460735e+00
9.188800000000379441e+03 1.809032623380588234e+00
9.189600000000380533e+03 1.792396892615795156e+00
9.190400000000379805e+03 1.780873642648284516e+00
9.191200000000379077e+03 1.838629430743288662e+00
9.192000000000380169e+03 1.897489303355801571e+00
9.192800000000381260e+03 1.944777647031094681e+00
9.193600000000380533e+03 1.925215834657996616e+00
9.194400000000379805e+03 1.875976195288828530e+00
9.195200000000380896e+03 1.974747923996554189e+00
9.196000000000381988e+03 2.049985402094675724e+00
9.196800000000381260e+03 1.875749658440177825e+00
9.197600000000380533e+03 1.695693084966164221e+00
9.198400000000381624e+03 1.649640519259754967e+00
9.199200000000382715e+03 1.672816126105026280e+00
9.200000000000381988e+03 1.641293294435150818e+00
9.200800000000381260e+03 1.663116432796085231e+00
9.201600000000382352e+03 1.729952709264108490e+00
9.202400000000383443e+03 1.741714495365302096e+00
9.203200000000382715e+03 1.732031865696567419e+00
9.204000000000381988e+03 1.763839282655083496e+00
9.204800000000383079e+03 1.825935970705003797e+00
9.205600000000384171e+03 1.833299824005352630e+00
9.206400000000383443e+03 1.831290577278183562e+00
9.207200000000382715e+03 1.814247692350394736e+00
9.208000000000383807e+03 1.798382779575951051e+00
9.208800000000384898e+03 1.782793828519857460e+00
9.209600000000384171e+03 1.730315652540316496e+00
9.210400000000383443e+03 1.655487229352936129e+00
9.211200000000384534e+03 1.709477837333732930e+00
9.212000000000385626e+03 1.810776964197729599e+00
9.212800000000384898e+03 1.861922122230085463e+00
9.213600000000384171e+03 1.906339544536600483e+00
9.214400000000385262e+03 1.915226048582602036e+00
9.215200000000386353e+03 1.893865831488511287e+00
9.216000000000385626e+03 1.868623730294558971e+00
9.216800000000384898e+03 1.912179176884253096e+00
9.217600000000385990e+03 1.874815830594471322e+00
9.218400000000387081e+03 1.713063808697569357e+00
9.219200000000386353e+03 1.691421095904408922e+00
9.220000000000385626e+03 1.815512284122456688e+00
9.220800000000386717e+03 1.862690117190045180e+00
9.221600000000387809e+03 1.847089024508348221e+00
9.222400000000387081e+03 1.862733052280212576e+00
9.223200000000386353e+03 1.794541010416822235e+00
9.224000000000387445e+03 1.715459106866616290e+00
9.224800000000388536e+03 1.763089649854060470e+00
9.225600000000387809e+03 1.797668325876603745e+00
9.226400000000387081e+03 1.694798335373912224e+00
9.227200000000388172e+03 1.626156717593661760e+00
9.228000000000389264e+03 1.614263546668409877e+00
9.228800000000388536e+03 1.662174322862393083e+00
9.229600000000387809e+03 1.730870139236675431e+00
9.230400000000388900e+03 1.734626030539125008e+00
9.231200000000389991e+03 1.699299188169538732e+00
9.232000000000389264e+03 1.635067048896285957e+00
9.232800000000388536e+03 1.617147822480566877e+00
9.233600000000389628e+03 1.622517659502498377e+00
9.234400000000390719e+03 1.684517240389046489e+00
9.235200000000389991e+03 1.792107645613060019e+00
9.236000000000389264e+03 1.776664399417057894e+00
9.236800000000390355e+03 1.684013193576870737e+00
9.237600000000391447e+03 1.640129089553240771e+00
9.238400000000390719e+03 1.715174840475396589e+00
9.239200000000389991e+03 1.825792248848634447e+00
9.240000000000391083e+03 1.815766412123247964e+00
9.240800000000392174e+03 1.741129653838042302e+00
9.241600000000391447e+03 1.709472152286303892e+00
9.242400000000390719e+03 1.711188619891179208e+00
9.243200000000391810e+03 1.732340259855509990e+00
9.244000000000392902e+03 1.808212686120858503e+00
9.244800000000392174e+03 1.785350569789170061e+00
9.245600000000391447e+03 1.669624073678098064e+00
9.246400000000392538e+03 1.700110928298462110e+00
9.247200000000393629e+03 1.877797822633570313e+00
9.248000000000392902e+03 1.981366392171340696e+00
9.248800000000392174e+03 1.904342476234629711e+00
9.249600000000393266e+03 1.822029325902664532e+00
9.250400000000394357e+03 1.883894727448125472e+00
9.251200000000393629e+03 1.962978284789367756e+00
9.252000000000392902e+03 1.922525028435517314e+00
9.252800000000393993e+03 1.841617605216093523e+00
9.253600000000395084e+03 1.805898069090938751e+00
9.254400000000394357e+03 1.842125401085952685e+00
9.255200000000393629e+03 1.854005678986725414e+00
9.256000000000394721e+03 1.834205413142328212e+00
9.256800000000395812e+03 1.848962907365661712e+00
9.257600000000395084e+03 1.812751092982559653e+00
9.258400000000394357e+03 1.796581683223563930e+00
9.259200000000395448e+03 1.828326304743758568e+00
9.260000000000396540e+03 1.947549093153916333e+00
9.260800000000395812e+03 2.098897404565243097e+00
9.261600000000395084e+03 2.149773531750403421e+00
9.262400000000396176e+03 2.112540701051897951e+00
9.263200000000397267e+03 2.034038228798310310e+00
9.264000000000396540e+03 1.907818115285693228e+00
9.264800000000395812e+03 1.865025021505267944e+00
9.265600000000396903e+03 1.952440178145835592e+00
9.266400000000397995e+03 2.045327363831797918e+00
9.267200000000397267e+03 1.951331845488659011e+00
9.268000000000396540e+03 1.762284841662656198e+00
9.268800000000397631e+03 1.667548296377596051e+00
9.269600000000398722e+03 1.753842659797238746e+00
9.270400000000397995e+03 1.905494891512551803e+00
9.271200000000397267e+03 1.960006646280815445e+00
9.272000000000398359e+03 1.911354300362715808e+00
9.272800000000399450e+03 1.871435205008183722e+00
9.273600000000398722e+03 1.879281609139668907e+00
9.274400000000397995e+03 1.843441221642977634e+00
9.275200000000399086e+03 1.814283012930490102e+00
9.276000000000400178e+03 1.833800424211380342e+00
9.276800000000399450e+03 1.883454301399833275e+00
9.277600000000398722e+03 1.925430431358013728e+00
9.278400000000399814e+03 1.859117148192456659e+00
9.279200000000400905e+03 1.780118437563086520e+00
9.280000000000400178e+03 1.807743078517231261e+00
9.280800000000399450e+03 1.883420562428839151e+00
9.281600000000400541e+03 1.880526333655853310e+00
9.282400000000401633e+03 1.889228463078370668e+00
9.283200000000400905e+03 1.926026742034284478e+00
9.284000000000400178e+03 1.875536242322984659e+00
9.284800000000401269e+03 1.835633186879908063e+00
9.285600000000402360e+03 1.865844358764568778e+00
9.286400000000401633e+03 1.898652789499716942e+00
9.287200000000400905e+03 1.926724076455327506e+00
9.288000000000401997e+03 1.971599220756317772e+00
9.288800000000403088e+03 1.961634410629391478e+00
9.289600000000402360e+03 1.936574158109860555e+00
9.290400000000401633e+03 1.971885635763765077e+00
9.291200000000402724e+03 1.992903224359925840e+00
9.292000000000403816e+03 1.935922148732815318e+00
9.292800000000403088e+03 1.844253402881032899e+00
9.293600000000402360e+03 1.771744060410194166e+00
9.294400000000403452e+03 1.754539597568117060e+00
9.295200000000404543e+03 1.838099478562120304e+00
9.296000000000403816e+03 1.868128736953722058e+00
9.296800000000403088e+03 1.874599592410064464e+00
9.297600000000404179e+03 1.931174366327626402e+00
9.298400000000405271e+03 1.955992915333747417e+00
9.299200000000404543e+03 1.994664667169582239e+00
9.300000000000403816e+03 2.006157882024395711e+00
9.300800000000404907e+03 1.978981424935511546e+00
9.301600000000405998e+03 2.013990026943805134e+00
9.302400000000405271e+03 1.939448180148790613e+00
9.303200000000404543e+03 1.789235939035670242e+00
9.304000000000405635e+03 1.754978433208823851e+00
9.304800000000406726e+03 1.808885484280549516e+00
9.305600000000405998e+03 1.877532055430132907e+00
9.306400000000405271e+03 1.782504424616760730e+00
9.307200000000406362e+03 1.618323535509536448e+00
9.308000000000407454e+03 1.835152262735414652e+00
9.308800000000406726e+03 2.296730989999978156e+00
9.309600000000405998e+03 2.656164471338281263e+00
9.310400000000407090e+03 3.020307039449928066e+00
9.311200000000408181e+03 2.483183198121107882e+00
9.312000000000407454e+03 1.671442320750706756e+00
9.312800000000406726e+03 1.839522184582305098e+00
9.313600000000407817e+03 2.192473306660411847e+00
9.314400000000408909e+03 2.122663578023988862e+00
9.315200000000408181e+03 2.063022183894957173e+00
9.316000000000407454e+03 2.041234190695226047e+00
9.316800000000408545e+03 1.809886220531961243e+00
9.317600000000409636e+03 1.384277196267850840e+00
9.318400000000408909e+03 1.170358069777097665e+00
9.319200000000408181e+03 1.416180712732648006e+00
9.320000000000409273e+03 1.474843783612685311e+00
9.320800000000410364e+03 1.416196485164016305e+00
9.321600000000409636e+03 1.452242107937134374e+00
9.322400000000408909e+03 1.400673431322453588e+00
9.323200000000410000e+03 1.449570399816841437e+00
9.324000000000411092e+03 1.606220818045679843e+00
9.324800000000410364e+03 1.625012434580277665e+00
9.325600000000409636e+03 1.715669249388187989e+00
9.326400000000410728e+03 2.338338216817049897e+00
9.327200000000411819e+03 2.558168382423811948e+00
9.328000000000411092e+03 1.404456517836927043e+00
9.328800000000410364e+03 8.835135238274594016e-01
9.329600000000411455e+03 1.444654330018029009e+00
9.330400000000412547e+03 1.884051688847805828e+00
9.331200000000411819e+03 2.004327733452320626e+00
9.332000000000411092e+03 2.026981425023271832e+00
9.332800000000412183e+03 1.984095125466454057e+00
9.333600000000413274e+03 2.009103021372000253e+00
9.334400000000412547e+03 2.228297773182126740e+00
9.335200000000411819e+03 2.299012995818341842e+00
9.336000000000412911e+03 2.010016071559884043e+00
9.336800000000414002e+03 1.700460780318620690e+00
9.337600000000413274e+03 1.664859979779734100e+00
9.338400000000412547e+03 1.730063804095005153e+00
9.339200000000413638e+03 1.733181812309995795e+00
9.340000000000414730e+03 1.918711639749381970e+00
9.340800000000414002e+03 2.333827519395674344e+00
9.341600000000413274e+03 2.363415124612097351e+00
9.342400000000414366e+03 1.945878321849182857e+00
9.343200000000415457e+03 1.638046587592927539e+00
9.344000000000414730e+03 1.606652288678948715e+00
9.344800000000414002e+03 1.706787982993072994e+00
9.345600000000415093e+03 1.863212042303262317e+00
9.346400000000416185e+03 1.862359785260432776e+00
9.347200000000415457e+03 1.792701583069162385e+00
9.348000000000414730e+03 1.785272585332564832e+00
9.348800000000415821e+03 1.760245201470360232e+00
9.349600000000416912e+03 1.808894014472159917e+00
9.350400000000416185e+03 1.897555226168101239e+00
9.351200000000415457e+03 1.869683197754200998e+00
9.352000000000416549e+03 1.648015645151404529e+00
9.352800000000417640e+03 1.466317967253004007e+00
9.353600000000416912e+03 1.528703864736283613e+00
9.354400000000416185e+03 1.677574275893009670e+00
9.355200000000417276e+03 1.813829087389101868e+00
9.356000000000418368e+03 2.112933804630245493e+00
9.356800000000417640e+03 2.472375039690589027e+00
9.357600000000416912e+03 2.494720973867402325e+00
9.358400000000418004e+03 2.161091956020641636e+00
9.359200000000419095e+03 1.876455768859322415e+00
9.360000000000418368e+03 1.700987989217948915e+00
9.360800000000417640e+03 1.726822468581812320e+00
9.361600000000418731e+03 1.977109551865364967e+00
9.362400000000419823e+03 2.059968830124061956e+00
9.363200000000419095e+03 1.962753262063974713e+00
9.364000000000418368e+03 1.920354188089583802e+00
9.364800000000419459e+03 1.954791904101773392e+00
9.365600000000420550e+03 2.020945740977913019e+00
9.366400000000419823e+03 1.946412525315335262e+00
9.367200000000419095e+03 1.828998388937638886e+00
9.368000000000420187e+03 1.776125826172172406e+00
9.368800000000421278e+03 1.720768438565618785e+00
9.369600000000420550e+03 1.644003945696768998e+00
9.370400000000419823e+03 1.526959356512239463e+00
9.371200000000420914e+03 1.534572991424308475e+00
9.372000000000422006e+03 1.522724623984744063e+00
9.372800000000421278e+03 1.384319636490582761e+00
9.373600000000420550e+03 1.428905929025054089e+00
9.374400000000421642e+03 1.644380896459495478e+00
9.375200000000422733e+03 1.615432251727124680e+00
9.376000000000422006e+03 1.433892927043768140e+00
9.376800000000421278e+03 1.325308711917882576e+00
9.377600000000422369e+03 8.469158355710939556e-01
9.378400000000423461e+03 5.437892666179986456e-01
9.379200000000422733e+03 1.719597257836846804e+00
9.380000000000422006e+03 2.152692964203745341e+00
9.380800000000423097e+03 7.172888681747897621e-01
9.381600000000424188e+03 4.575563062961395810e-01
9.382400000000423461e+03 1.333997426505363348e+00
9.383200000000422733e+03 1.899175303205629106e+00
9.384000000000423825e+03 2.136027710378971989e+00
9.384800000000424916e+03 2.307963575603018569e+00
9.385600000000424188e+03 2.184743651931404518e+00
9.386400000000423461e+03 1.885374471034007238e+00
9.387200000000424552e+03 1.692575394201847772e+00
9.388000000000425644e+03 1.615031714137804997e+00
9.388800000000424916e+03 1.548551201519221099e+00
9.389600000000424188e+03 1.527273440310856323e+00
9.390400000000425280e+03 1.486613034321572213e+00
9.391200000000426371e+03 1.363060988396559869e+00
9.392000000000425644e+03 1.368933767506441468e+00
9.392800000000424916e+03 1.444685095336514902e+00
9.393600000000426007e+03 1.458151026187997523e+00
9.394400000000427099e+03 1.484440693883456230e+00
9.395200000000426371e+03 1.514844820945330905e+00
9.396000000000425644e+03 1.495355947862607504e+00
9.396800000000426735e+03 1.529456024715168283e+00
9.397600000000427826e+03 1.607183783677720301e+00
9.398400000000427099e+03 1.570095517210514879e+00
9.399200000000426371e+03 1.459820575006905985e+00
9.400000000000427463e+03 1.425359786517200078e+00
9.400800000000428554e+03 1.425473526611281905e+00
9.401600000000427826e+03 1.356488402251662784e+00
9.402400000000427099e+03 1.324501844513855442e+00
9.403200000000428190e+03 1.386188853870061077e+00
9.404000000000429281e+03 1.619934840470500514e+00
9.404800000000428554e+03 1.931667899650613140e+00
9.405600000000427826e+03 1.893161731434774175e+00
9.406400000000428918e+03 1.622519797900036309e+00
9.407200000000430009e+03 1.509562609129740718e+00
9.408000000000429281e+03 1.611797528012635539e+00
9.408800000000428554e+03 1.717584251996719047e+00
9.409600000000429645e+03 1.711886714123159514e+00
9.410400000000430737e+03 1.718047931605509948e+00
9.411200000000430009e+03 1.734522035801379980e+00
9.412000000000429281e+03 1.696238364299735180e+00
9.412800000000430373e+03 1.694032001281070787e+00
9.413600000000431464e+03 1.703155347776160067e+00
9.414400000000430737e+03 1.622447048935357738e+00
9.415200000000430009e+03 1.520412459127160165e+00
9.416000000000431100e+03 1.486143977684106776e+00
9.416800000000432192e+03 1.529254573576792620e+00
9.417600000000431464e+03 1.562838068081282117e+00
9.418400000000430737e+03 1.600056835822508461e+00
9.419200000000431828e+03 1.767086088688021750e+00
9.420000000000432919e+03 1.810904084757083199e+00
9.420800000000432192e+03 1.601925323345986474e+00
9.421600000000431464e+03 1.497645611798385623e+00
9.422400000000432556e+03 1.945317889752746110e+00
9.423200000000433647e+03 2.522444693143723882e+00
9.424000000000432919e+03 2.270416689077404016e+00
9.424800000000432192e+03 1.899909532863508277e+00
9.425600000000433283e+03 1.984049395474329014e+00
9.426400000000434375e+03 2.119523054815968699e+00
9.427200000000433647e+03 2.114780253812616806e+00
9.428000000000432919e+03 1.866465595485205853e+00
9.428800000000434011e+03 1.614855355416943805e+00
9.429600000000435102e+03 1.578837822487349163e+00
9.430400000000434375e+03 1.726654813852000370e+00
9.431200000000433647e+03 1.813899169919556131e+00
9.432000000000434738e+03 1.760676067287972657e+00
9.432800000000435830e+03 1.717978834832431412e+00
9.433600000000435102e+03 1.647994538248231944e+00
9.434400000000434375e+03 1.509432793038544496e+00
9.435200000000435466e+03 1.506073844644114423e+00
9.436000000000436557e+03 1.611444981157232004e+00
9.436800000000435830e+03 1.674950749374332304e+00
9.437600000000435102e+03 1.612264642681198179e+00
9.438400000000436194e+03 1.468040601604758022e+00
9.439200000000437285e+03 1.374244354865493900e+00
9.440000000000436557e+03 1.283334359495769572e+00
9.440800000000435830e+03 1.058169273594381954e+00
9.441600000000436921e+03 1.067733665165514045e+00
9.442400000000438013e+03 1.931939893369835515e+00
9.443200000000437285e+03 1.858749038556347655e+00
9.444000000000436557e+03 2.943122381382914377e-01
9.444800000000437649e+03 2.419185631533173897e-01
9.445600000000438740e+03 1.264311071877876280e+00
9.446400000000438013e+03 1.720695179467223834e+00
9.447200000000437285e+03 1.801912025870159084e+00
9.448000000000438376e+03 1.897414704352204939e+00
9.448800000000439468e+03 2.001473321541725969e+00
9.449600000000438740e+03 2.051015568091455243e+00
9.450400000000438013e+03 2.049027130587633305e+00
9.451200000000439104e+03 2.092527220203707294e+00
9.452000000000440195e+03 2.068228133835769533e+00
9.452800000000439468e+03 1.864472310884500494e+00
9.453600000000438740e+03 1.739965592007160611e+00
9.454400000000439832e+03 1.747631443914682947e+00
9.455200000000440923e+03 1.812348945281767154e+00
9.456000000000440195e+03 1.934379775000466317e+00
9.456800000000439468e+03 1.949320917168076761e+00
9.457600000000440559e+03 1.835824447948359417e+00
9.458400000000441651e+03 1.710768982969764096e+00
9.459200000000440923e+03 1.497583930903438443e+00
9.460000000000440195e+03 1.381707425305277903e+00
9.460800000000441287e+03 2.045561585694346096e+00
9.461600000000442378e+03 3.125840212101723470e+00
9.462400000000441651e+03 2.423756618786527373e+00
9.463200000000440923e+03 1.068005928276647198e+00
9.464000000000442014e+03 1.078013938379033254e+00
9.464800000000443106e+03 1.538720754769473453e+00
9.465600000000442378e+03 1.632234750311018834e+00
9.466400000000441651e+03 1.664192603002253357e+00
9.467200000000442742e+03 1.714935909887945309e+00
9.468000000000443833e+03 1.693844337900357599e+00
9.468800000000443106e+03 1.722772550079807452e+00
9.469600000000442378e+03 1.820173192274498142e+00
9.470400000000443470e+03 1.858820437427475047e+00
9.471200000000444561e+03 1.831153898455629703e+00
9.472000000000443833e+03 1.757360025108011259e+00
9.472800000000443106e+03 1.764119306860416847e+00
9.473600000000444197e+03 1.864339982969723808e+00
9.474400000000445289e+03 1.881919150104266691e+00
9.475200000000444561e+03 1.823353771231821741e+00
9.476000000000443833e+03 1.927189618521077064e+00
9.476800000000444925e+03 2.113488222286380669e+00
9.477600000000446016e+03 2.000360936849301829e+00
9.478400000000445289e+03 8.234484175858345356e-01
9.479200000000444561e+03 -5.773991676387255634e-01
9.480000000000445652e+03 7.466975968856758294e-01
9.480800000000446744e+03 2.877935082886267093e+00
9.481600000000446016e+03 2.282716021938782092e+00
9.482400000000445289e+03 1.524795960676891271e+00
9.483200000000446380e+03 1.740799069793028231e+00
9.484000000000447471e+03 1.871624939458682579e+00
9.484800000000446744e+03 1.740183630304551698e+00
9.485600000000446016e+03 1.731349113983318588e+00
9.486400000000447108e+03 1.818365969725859621e+00
9.487200000000448199e+03 1.994616966530956326e+00
9.488000000000447471e+03 2.114178298824615165e+00
9.488800000000446744e+03 2.047853612111973476e+00
9.489600000000447835e+03 1.905470866624907167e+00
9.490400000000448927e+03 1.744388247752904686e+00
9.491200000000448199e+03 1.638907029344756072e+00
9.492000000000447471e+03 1.724210721285661219e+00
9.492800000000448563e+03 2.004176303537354542e+00
9.493600000000449654e+03 2.187295698632387708e+00
9.494400000000448927e+03 2.088837301065002539e+00
9.495200000000448199e+03 1.986913823568631665e+00
9.496000000000449290e+03 2.038466262584161193e+00
9.496800000000450382e+03 2.224252657996664162e+00
9.497600000000449654e+03 2.225583157744272622e+00
9.498400000000448927e+03 1.981575270390985022e+00
9.499200000000450018e+03 1.798903938570945771e+00
9.500000000000451109e+03 1.716686474271114538e+00
9.500800000000450382e+03 1.723127404983221478e+00
9.501600000000449654e+03 1.781359510811614033e+00
9.502400000000450746e+03 1.797981562816393541e+00
9.503200000000451837e+03 1.748415508628907711e+00
9.504000000000451109e+03 1.424014749879049857e+00
9.504800000000450382e+03 7.047592376658892155e-01
9.505600000000451473e+03 6.020331548455876147e-01
9.506400000000452565e+03 1.350118275568466641e+00
9.507200000000451837e+03 1.441688201840323424e+00
9.508000000000451109e+03 1.404104115775831607e+00
9.508800000000452201e+03 1.520388800734502777e+00
9.509600000000453292e+03 1.591401659160323501e+00
9.510400000000452565e+03 1.719292495589042069e+00
9.511200000000451837e+03 1.849166294499071661e+00
9.512000000000452928e+03 1.853632860059863940e+00
9.512800000000454020e+03 1.839563665333134423e+00
9.513600000000453292e+03 1.839385424738814168e+00
9.514400000000452565e+03 1.837910621325704597e+00
9.515200000000453656e+03 1.830197146111476103e+00
9.516000000000454747e+03 1.792034295485435802e+00
9.516800000000454020e+03 1.782662610731396757e+00
9.517600000000453292e+03 1.858451820365524698e+00
9.518400000000454384e+03 2.005684543898146543e+00
9.519200000000455475e+03 2.079095475096510270e+00
9.520000000000454747e+03 2.168789978801818119e+00
9.520800000000454020e+03 2.147227786247099424e+00
9.521600000000455111e+03 2.204767786881530078e+00
9.522400000000456203e+03 2.706196291719594083e+00
9.523200000000455475e+03 2.625084776486640514e+00
9.524000000000454747e+03 1.794085304527465841e+00
9.524800000000455839e+03 1.268865597684411428e+00
9.525600000000456930e+03 1.430377129155438354e+00
9.526400000000456203e+03 1.738301296539829677e+00
9.527200000000455475e+03 1.881735047906744729e+00
9.528000000000456566e+03 1.917017603127393999e+00
9.528800000000457658e+03 1.908410621775788796e+00
9.529600000000456930e+03 1.862272862263423701e+00
9.530400000000456203e+03 1.847759869188618786e+00
9.531200000000457294e+03 1.891671567737026383e+00
9.532000000000458385e+03 1.860387836854956678e+00
9.532800000000457658e+03 1.720618607774220266e+00
9.533600000000456930e+03 1.686300318050840019e+00
9.534400000000458022e+03 1.689307250133928129e+00
9.535200000000459113e+03 1.620771880845582213e+00
9.536000000000458385e+03 1.525794014557773082e+00
9.536800000000457658e+03 1.507079033474794993e+00
9.537600000000458749e+03 1.727971963035303649e+00
9.538400000000459841e+03 2.013028949475165419e+00
9.539200000000459113e+03 1.963659904709891268e+00
9.540000000000458385e+03 1.866419246077262173e+00
9.540800000000459477e+03 2.039817936795507602e+00
9.541600000000460568e+03 2.112497136622415006e+00
9.542400000000459841e+03 1.991937539832107085e+00
9.543200000000459113e+03 1.863499705842557752e+00
9.544000000000460204e+03 1.777305215139329153e+00
9.544800000000461296e+03 1.753683263168887674e+00
9.545600000000460568e+03 1.635963653521513628e+00
9.546400000000459841e+03 1.552311803341281493e+00
9.547200000000460932e+03 1.667376081960344925e+00
9.548000000000462023e+03 1.721112618452703691e+00
9.548800000000461296e+03 1.760085893726510253e+00
9.549600000000460568e+03 1.868609129176177941e+00
9.550400000000461660e+03 1.885245582491827498e+00
9.551200000000462751e+03 1.735460759020913901e+00
9.552000000000462023e+03 1.675033636193799413e+00
9.552800000000461296e+03 1.780865772394651270e+00
9.553600000000462387e+03 1.844581795427664428e+00
9.554400000000463479e+03 1.841954380565193894e+00
9.555200000000462751e+03 2.049672974911243450e+00
9.556000000000462023e+03 2.208768306655180425e+00
9.556800000000463115e+03 1.909717851210191553e+00
9.557600000000464206e+03 1.899879436140395228e+00
9.558400000000463479e+03 1.957484583164412095e+00
9.559200000000462751e+03 1.872742789829380916e+00
9.560000000000463842e+03 1.923966398387545684e+00
9.560800000000464934e+03 1.961167753682557358e+00
9.561600000000464206e+03 1.966309684103573208e+00
9.562400000000463479e+03 2.086336848772308183e+00
9.563200000000464570e+03 2.061291667680937856e+00
9.564000000000465661e+03 1.789309751731414266e+00
9.564800000000464934e+03 1.578706128252326479e+00
9.565600000000464206e+03 1.545780171126852842e+00
9.566400000000465297e+03 1.564513563006847408e+00
9.567200000000466389e+03 1.611757506692329089e+00
9.568000000000465661e+03 1.645641898754389487e+00
9.568800000000464934e+03 1.831824718042367461e+00
9.569600000000466025e+03 2.414494617763033535e+00
9.570400000000467116e+03 2.705789871244480338e+00
9.571200000000466389e+03 1.905072501072597513e+00
9.572000000000465661e+03 1.246594897425463699e+00
9.572800000000466753e+03 1.361865279465729550e+00
9.573600000000467844e+03 1.786553408152983691e+00
9.574400000000467116e+03 1.954846254649097226e+00
9.575200000000466389e+03 1.842532660744546691e+00
9.576000000000467480e+03 1.700292421415379840e+00
9.576800000000468572e+03 1.753867191439544282e+00
9.577600000000467844e+03 1.819994797779240780e+00
9.578400000000467116e+03 1.851945042813117226e+00
9.579200000000468208e+03 1.898082391027957172e+00
9.580000000000469299e+03 1.872684248695136500e+00
9.580800000000468572e+03 1.827194713107544111e+00
9.581600000000467844e+03 1.787159063277385940e+00
9.582400000000468935e+03 1.701322570964145964e+00
9.583200000000470027e+03 1.617348946527293219e+00
9.584000000000469299e+03 1.637655421028130220e+00
9.584800000000468572e+03 1.727213792458760722e+00
9.585600000000469663e+03 1.772678596316973998e+00
9.586400000000470754e+03 1.700632237495209642e+00
9.587200000000470027e+03 1.554167984872324215e+00
9.588000000000469299e+03 1.475389897666306904e+00
9.588800000000470391e+03 1.483575452126562944e+00
9.589600000000471482e+03 1.527474978811724338e+00
9.590400000000470754e+03 1.603941143150611204e+00
9.591200000000470027e+03 1.674282595377037275e+00
9.592000000000471118e+03 1.687823537162840282e+00
9.592800000000472210e+03 1.683005517915568294e+00
9.593600000000471482e+03 1.726014548960413952e+00
9.594400000000470754e+03 1.766502520365423656e+00
9.595200000000471846e+03 1.781036748436936490e+00
9.596000000000472937e+03 1.818681454644832218e+00
9.596800000000472210e+03 1.900265819430854375e+00
9.597600000000471482e+03 1.837924997547574435e+00
9.598400000000472573e+03 1.740015272146854919e+00
9.599200000000473665e+03 1.696686414686353395e+00
9.600000000000472937e+03 1.756544360485691847e+00
9.600800000000472210e+03 1.958953222194737886e+00
9.601600000000473301e+03 2.099140224642502606e+00
9.602400000000474392e+03 1.982932604427149581e+00
9.603200000000473665e+03 1.783864192332876186e+00
9.604000000000472937e+03 1.744455690342519016e+00
9.604800000000474029e+03 1.710654817105294878e+00
9.605600000000475120e+03 1.543320284755453908e+00
9.606400000000474392e+03 1.502577638947841354e+00
9.607200000000473665e+03 1.676022477064258442e+00
9.608000000000474756e+03 1.813257947119064184e+00
9.608800000000475848e+03 1.899541438541580085e+00
9.609600000000475120e+03 2.097966349450434365e+00
9.610400000000474392e+03 2.304633689073433800e+00
9.611200000000475484e+03 2.400260253964218826e+00
9.612000000000476575e+03 2.339108690209203090e+00
9.612800000000475848e+03 2.218311466775494623e+00
9.613600000000475120e+03 2.135879332638565220e+00
9.614400000000476211e+03 1.961827559989420822e+00
9.615200000000477303e+03 1.788707676506011035e+00
9.616000000000476575e+03 1.758721484760546350e+00
9.616800000000475848e+03 1.920392407853170891e+00
9.617600000000476939e+03 2.021392385101385081e+00
9.618400000000478030e+03 1.892577856317492202e+00
9.619200000000477303e+03 1.732984866115399925e+00
9.620000000000476575e+03 1.728847648952814620e+00
9.620800000000477667e+03 1.770105465423690738e+00
9.621600000000478758e+03 1.668850173969189443e+00
9.622400000000478030e+03 1.504739831823524998e+00
9.623200000000477303e+03 1.228375362275917038e+00
9.624000000000478394e+03 1.093723515094322973e+00
9.624800000000479486e+03 1.403271512716581793e+00
9.625600000000478758e+03 1.801874384551459762e+00
9.626400000000478030e+03 2.016687322927552373e+00
9.627200000000479122e+03 2.073914382649645560e+00
9.628000000000480213e+03 2.026914146222330348e+00
9.628800000000479486e+03 2.036329884571440374e+00
9.629600000000478758e+03 2.140683483301994983e+00
9.630400000000479849e+03 2.198135183187361452e+00
9.631200000000480941e+03 2.101150064524200722e+00
9.632000000000480213e+03 2.045462780346307241e+00
9.632800000000479486e+03 1.960647257879799099e+00
9.633600000000480577e+03 1.891794368004199089e+00
9.634400000000481668e+03 1.984011711795708344e+00
9.635200000000480941e+03 2.104735404223410544e+00
9.636000000000480213e+03 2.056346265748576485e+00
9.636800000000481305e+03 1.830585601363840187e+00
9.637600000000482396e+03 1.726242902042417704e+00
9.638400000000481668e+03 1.744462335212098925e+00
9.639200000000480941e+03 1.815209439798832314e+00
9.640000000000482032e+03 2.003515765313655717e+00
9.640800000000483124e+03 2.199494437839239147e+00
9.641600000000482396e+03 2.203535641820238755e+00
9.642400000000481668e+03 2.089112239092993928e+00
9.643200000000482760e+03 2.001770233252853082e+00
9.644000000000483851e+03 1.951440575103453146e+00
9.644800000000483124e+03 1.873577520527621942e+00
9.645600000000482396e+03 1.911470184720214682e+00
9.646400000000483487e+03 1.954449784832509529e+00
9.647200000000484579e+03 1.787442538273607440e+00
9.648000000000483851e+03 1.634034678054598899e+00
9.648800000000483124e+03 1.758607192101547589e+00
9.649600000000484215e+03 1.976818141912237259e+00
9.650400000000485306e+03 1.975375730275684916e+00
9.651200000000484579e+03 1.840042671367474014e+00
9.652000000000483851e+03 1.843726630087482388e+00
9.652800000000484943e+03 1.893106424774261498e+00
9.653600000000486034e+03 1.947401551086664684e+00
9.654400000000485306e+03 2.112960622736927530e+00
9.655200000000484579e+03 2.217895550775013991e+00
9.656000000000485670e+03 2.191770113781335461e+00
9.656800000000486762e+03 2.101355686694922120e+00
9.657600000000486034e+03 1.999231064252747547e+00
9.658400000000485306e+03 1.933794372701854059e+00
9.659200000000486398e+03 1.896813122281206132e+00
9.660000000000487489e+03 1.875001853972348753e+00
9.660800000000486762e+03 1.878172215531565215e+00
9.661600000000486034e+03 1.988541964375301507e+00
9.662400000000487125e+03 2.099152595081719586e+00
9.663200000000488217e+03 1.959725425629030848e+00
9.664000000000487489e+03 1.876713706308709817e+00
9.664800000000486762e+03 1.965443492965495142e+00
9.665600000000487853e+03 2.095256244043441018e+00
9.666400000000488944e+03 2.253895248215893599e+00
9.667200000000488217e+03 2.277113493902229280e+00
9.668000000000487489e+03 2.181737732558906462e+00
9.668800000000488581e+03 2.000844224025934093e+00
9.669600000000489672e+03 1.695639174467198362e+00
9.670400000000488944e+03 1.327422551629004133e+00
9.671200000000488217e+03 1.098496202076134409e+00
9.672000000000489308e+03 9.489077609257275947e-01
9.672800000000490400e+03 6.910093705801833019e-01
9.673600000000489672e+03 8.515234405023366371e-01
9.674400000000488944e+03 1.338490198677982246e+00
9.675200000000490036e+03 1.621615919800914352e+00
9.676000000000491127e+03 1.736540597194369706e+00
9.676800000000490400e+03 1.719864579774695201e+00
9.677600000000489672e+03 1.660491263317145361e+00
9.678400000000490763e+03 1.684265942379996606e+00
9.679200000000491855e+03 1.836288594717666367e+00
9.680000000000491127e+03 1.922458462345044694e+00
9.680800000000490400e+03 1.780835437378095243e+00
9.681600000000491491e+03 1.681146028025140460e+00
9.682400000000492582e+03 1.938448935002896611e+00
9.683200000000491855e+03 2.230502681639326745e+00
9.684000000000491127e+03 2.196376194620638600e+00
9.684800000000492219e+03 1.890448749228774039e+00
9.685600000000493310e+03 1.607790907264454949e+00
9.686400000000492582e+03 1.500129701464818499e+00
9.687200000000491855e+03 1.644430970823212768e+00
9.688000000000492946e+03 1.983381426093912880e+00
9.688800000000494038e+03 2.150010432024733298e+00
9.689600000000493310e+03 2.132278200169454685e+00
9.690400000000492582e+03 2.017331179943148811e+00
9.691200000000493674e+03 1.938424304525548703e+00
9.692000000000494765e+03 1.876928281395124909e+00
9.692800000000494038e+03 1.670175541418722709e+00
9.693600000000493310e+03 1.402277368344162056e+00
9.694400000000494401e+03 1.274270881249272236e+00
9.695200000000495493e+03 1.401860504487275616e+00
9.696000000000494765e+03 1.652499047488912076e+00
9.696800000000494038e+03 1.934735322334568242e+00
9.697600000000495129e+03 2.064405703061884978e+00
9.698400000000496220e+03 1.998314197324385866e+00
9.699200000000495493e+03 1.960716322682171331e+00
9.700000000000494765e+03 2.024966792057140363e+00
9.700800000000495857e+03 2.330527646913151507e+00
9.701600000000496948e+03 2.783773678759192904e+00
9.702400000000496220e+03 2.789701020730258385e+00
9.703200000000495493e+03 2.113646828384806664e+00
9.704000000000496584e+03 1.661997122620487932e+00
9.704800000000497676e+03 1.762350733416618631e+00
9.705600000000496948e+03 1.975543029002664319e+00
9.706400000000496220e+03 2.106298815270870595e+00
9.707200000000497312e+03 1.967467829435946891e+00
9.708000000000498403e+03 1.692018335044546795e+00
9.708800000000497676e+03 1.654846167270027868e+00
9.709600000000496948e+03 1.797435871920278760e+00
9.710400000000498039e+03 1.859112206523865440e+00
9.711200000000499131e+03 1.825208442348649207e+00
9.712000000000498403e+03 1.852016702625645328e+00
9.712800000000497676e+03 1.865067849450064319e+00
9.713600000000498767e+03 1.762767881922062019e+00
9.714400000000499858e+03 1.641924876831125868e+00
9.715200000000499131e+03 1.749233041285455759e+00
9.716000000000498403e+03 2.063696012967765725e+00
9.716800000000499494e+03 2.128369980129895200e+00
9.717600000000500586e+03 1.967747307317404326e+00
9.718400000000499858e+03 1.802091568617568917e+00
9.719200000000499131e+03 1.753225001269637762e+00
9.720000000000500222e+03 1.841932823756235349e+00
9.720800000000501313e+03 1.990774328084656597e+00
9.721600000000500586e+03 2.093559903262433686e+00
9.722400000000499858e+03 1.776156754382020253e+00
9.723200000000500950e+03 1.165579399200913358e+00
9.724000000000502041e+03 1.061535641701428112e+00
9.724800000000501313e+03 1.649158286009369867e+00
9.725600000000500586e+03 2.049743149264333653e+00
9.726400000000501677e+03 2.083132233428831803e+00
9.727200000000502769e+03 2.060837664726617113e+00
9.728000000000502041e+03 1.949925069822258550e+00
9.728800000000501313e+03 1.776730403865017571e+00
9.729600000000502405e+03 1.783355186152407068e+00
9.730400000000503496e+03 1.939932133072412856e+00
9.731200000000502769e+03 1.848382386344549655e+00
9.732000000000502041e+03 1.817059935738519316e+00
9.732800000000503132e+03 2.041673865153537548e+00
9.733600000000504224e+03 2.065504702428661687e+00
9.734400000000503496e+03 1.837282169165661783e+00
9.735200000000502769e+03 1.649313520155435420e+00
9.736000000000503860e+03 1.734284432046894642e+00
9.736800000000504951e+03 1.931848865794265180e+00
9.737600000000504224e+03 1.932639391264228790e+00
9.738400000000503496e+03 1.872691107291554857e+00
9.739200000000504588e+03 2.066265584796126653e+00
9.740000000000505679e+03 2.135769740923754600e+00
9.740800000000504951e+03 1.907820260355169495e+00
9.741600000000504224e+03 1.817226961249821748e+00
9.742400000000505315e+03 1.877133781416276737e+00
9.743200000000506407e+03 1.901349778102104038e+00
9.744000000000505679e+03 1.966018112620336211e+00
9.744800000000504951e+03 2.001711574796294357e+00
9.745600000000506043e+03 2.027435569564827844e+00
9.746400000000507134e+03 1.991791132234309813e+00
9.747200000000506407e+03 1.853208093098324571e+00
9.748000000000505679e+03 1.748573893671101720e+00
9.748800000000506770e+03 1.658520816960205480e+00
9.749600000000507862e+03 1.549822338678190192e+00
9.750400000000507134e+03 1.550769313428304486e+00
9.751200000000506407e+03 1.725616818981001277e+00
9.752000000000507498e+03 1.870327388648568512e+00
9.752800000000508589e+03 1.928734282090354801e+00
9.753600000000507862e+03 1.910607216588235735e+00
9.754400000000507134e+03 1.854107712103954864e+00
9.755200000000508226e+03 1.773554806147923379e+00
9.756000000000509317e+03 1.776040211634314137e+00
9.756800000000508589e+03 1.933575749319757620e+00
9.757600000000507862e+03 2.109079453257196590e+00
9.758400000000508953e+03 2.181440703813475768e+00
9.759200000000510045e+03 2.203852046492231764e+00
9.760000000000509317e+03 2.164635329025665023e+00
9.760800000000508589e+03 2.074927280449444744e+00
9.761600000000509681e+03 2.001604313792024747e+00
9.762400000000510772e+03 1.915840773237021955e+00
9.763200000000510045e+03 1.864662435321392087e+00
9.764000000000509317e+03 1.911097667087163998e+00
9.764800000000510408e+03 1.836693254128354935e+00
9.765600000000511500e+03 1.794538783459510345e+00
9.766400000000510772e+03 1.912071920549740289e+00
9.767200000000510045e+03 1.983536104549564527e+00
9.768000000000511136e+03 2.057169707286629290e+00
9.768800000000512227e+03 2.047190722722089795e+00
9.769600000000511500e+03 2.089432395863359826e+00
9.770400000000510772e+03 2.175084830095224575e+00
9.771200000000511864e+03 2.042228424345998938e+00
9.772000000000512955e+03 1.800686120909608334e+00
9.772800000000512227e+03 1.645096287472862517e+00
9.773600000000511500e+03 1.590334940470203184e+00
9.774400000000512591e+03 1.664597818807337148e+00
9.775200000000513683e+03 1.903486381417783591e+00
9.776000000000512955e+03 2.081256954895303490e+00
9.776800000000512227e+03 1.970708075486046873e+00
9.777600000000513319e+03 1.732520219847706322e+00
9.778400000000514410e+03 1.613582177019471819e+00
9.779200000000513683e+03 1.559746176627712977e+00
9.780000000000512955e+03 1.533564773614688015e+00
9.780800000000514046e+03 1.634131112625538229e+00
9.781600000000515138e+03 1.647648808422776501e+00
9.782400000000514410e+03 1.500005842928855415e+00
9.783200000000513683e+03 1.513699345092065052e+00
9.784000000000514774e+03 1.760750562884374704e+00
9.784800000000515865e+03 1.800770476228744421e+00
9.785600000000515138e+03 1.643827946590878941e+00
9.786400000000514410e+03 1.634213549245536079e+00
9.787200000000515502e+03 1.707092648275605473e+00
9.788000000000516593e+03 1.735105300041933862e+00
9.788800000000515865e+03 1.711614388411728083e+00
9.789600000000515138e+03 1.614992061040381621e+00
9.790400000000516229e+03 1.528283831442310170e+00
9.791200000000517321e+03 1.722012244129218050e+00
9.792000000000516593e+03 2.557597421863724296e+00
9.792800000000515865e+03 3.526655391009454021e+00
9.793600000000516957e+03 3.425003213138090974e+00
9.794400000000518048e+03 2.992575453554242593e+00
9.795200000000517321e+03 2.959124982169431206e+00
9.796000000000516593e+03 2.001646746491082762e+00
9.796800000000517684e+03 1.357169651140972988e+00
9.797600000000518776e+03 1.505826727546533572e+00
9.798400000000518048e+03 1.789585110516971778e+00
9.799200000000517321e+03 1.863937482743852847e+00
9.800000000000518412e+03 1.638125703357827589e+00
9.800800000000519503e+03 1.429438066015885411e+00
9.801600000000518776e+03 1.730542982636087856e+00
9.802400000000518048e+03 2.321696787204521772e+00
9.803200000000519140e+03 2.544643429619066310e+00
9.804000000000520231e+03 2.152853884676197094e+00
9.804800000000519503e+03 1.678549164694777662e+00
9.805600000000518776e+03 1.765206572520471084e+00
9.806400000000519867e+03 2.001054139381552410e+00
9.807200000000520959e+03 1.943698739409735143e+00
9.808000000000520231e+03 1.794057803584914179e+00
9.808800000000519503e+03 1.784300583767208348e+00
9.809600000000520595e+03 1.794453991166730100e+00
9.810400000000521686e+03 1.922382975840925878e+00
9.811200000000520959e+03 2.196479366156374624e+00
9.812000000000520231e+03 2.234719175746666231e+00
9.812800000000521322e+03 2.007835280550882562e+00
9.813600000000522414e+03 1.920274537594665265e+00
9.814400000000521686e+03 2.016710195222675583e+00
9.815200000000520959e+03 2.140835333007267138e+00
9.816000000000522050e+03 2.060164859012155070e+00
9.816800000000523141e+03 1.752135903281117013e+00
9.817600000000522414e+03 1.726710440962181847e+00
9.818400000000521686e+03 1.910456349924983144e+00
9.819200000000522778e+03 1.963159264154441752e+00
9.820000000000523869e+03 1.955324542336970506e+00
9.820800000000523141e+03 1.983589767668923587e+00
9.821600000000522414e+03 2.091101602355725397e+00
9.822400000000523505e+03 2.064320862360416786e+00
9.823200000000524597e+03 1.942540328121668214e+00
9.824000000000523869e+03 1.964079103214012578e+00
